0.0000 3.16430
10.0000 3.19614
20.0000 2.96557
30.0000 3.02044
40.0000 3.01734
50.0000 2.88198
60.0000 3.07338
70.0000 2.47791
80.0000 2.89727
90.0000 2.90497
100.0000 2.74675
110.0000 2.53857
120.0000 2.02628
130.0000 1.58254
140.0000 2.00077
150.0000 2.16486
160.0000 2.62612
170.0000 2.76554
180.0000 2.67183
190.0000 3.13436
200.0000 3.31260
210.0000 3.52364
220.0000 3.30639
230.0000 3.68221
240.0000 3.85115
250.0000 3.86703
260.0000 4.10111
270.0000 4.21205
280.0000 4.06193
290.0000 4.14706
300.0000 4.07786
310.0000 3.93086
320.0000 3.87869
330.0000 3.42695
340.0000 3.85810
350.0000 4.00851
360.0000 3.91399
370.0000 3.82152
380.0000 4.06848
390.0000 4.08829
400.0000 4.33900
410.0000 4.85170
420.0000 5.19273
430.0000 5.87670
440.0000 5.77244
450.0000 5.77489
460.0000 5.90603
470.0000 5.61242
480.0000 5.71175
490.0000 5.34294
500.0000 5.48156
510.0000 5.57485
520.0000 5.53821
530.0000 6.19074
540.0000 6.14306
550.0000 6.39256
560.0000 6.66833
570.0000 6.49076
580.0000 6.19126
590.0000 5.91200
600.0000 5.89126
610.0000 5.60262
620.0000 5.84002
630.0000 4.96446
640.0000 4.61472
650.0000 4.38748
660.0000 4.73730
670.0000 4.79699
680.0000 4.32155
690.0000 3.89544
700.0000 3.87785
710.0000 4.32700
720.0000 4.71633
730.0000 4.71715
740.0000 4.55162
750.0000 4.79358
760.0000 4.76654
770.0000 4.37064
780.0000 3.82263
790.0000 4.03621
800.0000 4.14781
810.0000 4.34002
820.0000 4.14283
830.0000 4.41873
840.0000 3.98824
850.0000 4.04875
860.0000 3.45078
870.0000 3.83770
880.0000 3.65551
890.0000 3.36054
900.0000 3.38293
910.0000 3.69872
920.0000 3.52281
930.0000 4.04295
940.0000 3.93027
950.0000 4.40767
960.0000 3.96008
970.0000 3.99722
980.0000 3.90650
990.0000 3.83183
1000.0000 3.67930
1010.0000 4.42076
1020.0000 4.25011
1030.0000 4.27803
1040.0000 4.23708
1050.0000 4.12998
1060.0000 4.45054
1070.0000 4.45581
1080.0000 4.38559
1090.0000 4.65702
1100.0000 4.67454
1110.0000 4.33956
1120.0000 4.42787
1130.0000 4.56131
1140.0000 4.32262
1150.0000 4.20959
1160.0000 4.53795
1170.0000 4.56830
1180.0000 4.08807
1190.0000 4.19113
1200.0000 4.11931
1210.0000 4.59674
1220.0000 4.24408
1230.0000 3.67235
1240.0000 3.60808
1250.0000 3.81352
1260.0000 3.74312
1270.0000 3.28582
1280.0000 3.45288
1290.0000 3.74637
1300.0000 3.41213
1310.0000 3.46165
1320.0000 4.26977
1330.0000 4.14941
1340.0000 3.78275
1350.0000 3.99098
1360.0000 3.90592
1370.0000 3.85399
1380.0000 3.85140
1390.0000 3.87432
1400.0000 3.86027
1410.0000 3.90721
1420.0000 4.20610
1430.0000 4.01780
1440.0000 4.14974
1450.0000 4.53989
1460.0000 4.51053
1470.0000 4.77636
1480.0000 5.34113
1490.0000 5.01095
1500.0000 5.71187
1510.0000 5.76939
1520.0000 6.32273
1530.0000 6.06685
1540.0000 6.38304
1550.0000 6.53189
1560.0000 6.27626
1570.0000 5.85427
1580.0000 5.53874
1590.0000 5.50109
1600.0000 6.21996
1610.0000 6.91771
1620.0000 6.74987
1630.0000 6.04849
1640.0000 5.68115
1650.0000 5.39442
1660.0000 5.37537
1670.0000 5.72714
1680.0000 5.26765
1690.0000 5.12404
1700.0000 4.98495
1710.0000 5.23351
1720.0000 5.39711
1730.0000 5.08144
1740.0000 4.58680
1750.0000 4.29770
1760.0000 4.58633
1770.0000 4.41573
1780.0000 3.66795
1790.0000 3.61346
1800.0000 3.97770
1810.0000 3.62405
1820.0000 4.00175
1830.0000 4.44472
1840.0000 4.37416
1850.0000 4.23708
1860.0000 4.00730
1870.0000 4.28992
1880.0000 4.49054
1890.0000 4.36392
1900.0000 4.55737
1910.0000 4.63063
1920.0000 4.47859
1930.0000 4.66437
1940.0000 5.19542
1950.0000 5.34270
1960.0000 5.58626
1970.0000 5.63633
1980.0000 5.67808
1990.0000 5.32231
2000.0000 4.61224
2010.0000 4.46034
2020.0000 4.86792
2030.0000 4.55979
2040.0000 4.67792
2050.0000 4.14648
2060.0000 3.77834
2070.0000 3.79154
2080.0000 3.70788
2090.0000 3.87293
2100.0000 4.21097
2110.0000 4.59524
2120.0000 4.49517
2130.0000 4.67671
2140.0000 4.67262
2150.0000 4.44518
2160.0000 4.90867
2170.0000 4.92596
2180.0000 4.19946
2190.0000 3.49078
2200.0000 3.11976
2210.0000 3.32611
2220.0000 3.20009
2230.0000 3.70809
2240.0000 3.81958
2250.0000 4.02632
2260.0000 3.74732
2270.0000 3.79875
2280.0000 3.47664
2290.0000 3.59744
2300.0000 3.59172
2310.0000 3.28303
2320.0000 3.53272
2330.0000 3.44576
2340.0000 3.35773
2350.0000 3.17685
2360.0000 2.86182
2370.0000 2.50852
2380.0000 2.10147
2390.0000 1.55866
2400.0000 1.97491
2410.0000 1.87956
2420.0000 1.81920
2430.0000 2.07683
2440.0000 2.26110
2450.0000 2.65245
2460.0000 2.79051
2470.0000 2.79070
2480.0000 3.07716
2490.0000 3.25956
2500.0000 3.27658
2510.0000 3.03503
2520.0000 2.98105
2530.0000 2.98945
2540.0000 2.98798
2550.0000 3.76043
2560.0000 3.86901
2570.0000 4.07043
2580.0000 4.17104
2590.0000 4.53038
2600.0000 4.63879
2610.0000 4.77986
2620.0000 4.36194
2630.0000 4.32030
2640.0000 3.96792
2650.0000 3.45983
2660.0000 3.34737
2670.0000 2.80240
2680.0000 3.16857
2690.0000 2.47588
2700.0000 2.61634
2710.0000 2.70467
2720.0000 2.41028
2730.0000 2.59000
2740.0000 2.62574
2750.0000 2.11641
2760.0000 2.16644
2770.0000 2.14142
2780.0000 2.09909
2790.0000 1.91582
2800.0000 2.38251
2810.0000 2.47786
2820.0000 2.52153
2830.0000 2.44619
2840.0000 2.47106
2850.0000 2.41575
2860.0000 2.41264
2870.0000 1.99993
2880.0000 1.49955
2890.0000 1.18581
2900.0000 0.52185
2910.0000 0.20759
2920.0000 -0.00960
2930.0000 0.30967
2940.0000 0.26681
2950.0000 0.89279
2960.0000 0.67823
2970.0000 0.42627
2980.0000 0.59061
2990.0000 0.99103
3000.0000 0.89149
3010.0000 0.78065
3020.0000 0.44210
3030.0000 0.20262
3040.0000 -0.00286
3050.0000 0.41262
3060.0000 -0.06736
3070.0000 -0.74271
3080.0000 -1.38441
3090.0000 -1.18860
3100.0000 -1.33607
3110.0000 -1.12122
3120.0000 -1.43675
3130.0000 -1.30874
3140.0000 -1.66562
3150.0000 -1.99900
3160.0000 -1.76134
3170.0000 -1.36652
3180.0000 -1.97108
3190.0000 -2.77942
3200.0000 -2.71431
3210.0000 -3.22846
3220.0000 -2.88776
3230.0000 -2.97084
3240.0000 -2.54250
3250.0000 -2.59832
3260.0000 -2.60958
3270.0000 -2.63705
3280.0000 -2.40661
3290.0000 -2.74198
3300.0000 -3.37837
3310.0000 -3.46626
3320.0000 -3.21173
3330.0000 -3.14521
3340.0000 -3.62990
3350.0000 -3.56842
3360.0000 -3.85521
3370.0000 -3.34964
3380.0000 -3.73604
3390.0000 -4.22186
3400.0000 -4.02964
3410.0000 -3.95135
3420.0000 -3.85375
3430.0000 -3.49490
3440.0000 -2.96661
3450.0000 -2.11381
3460.0000 -2.11361
3470.0000 -2.66383
3480.0000 -2.78557
3490.0000 -3.22976
3500.0000 -3.05309
3510.0000 -2.60650
3520.0000 -2.32397
3530.0000 -2.46826
3540.0000 -2.39991
3550.0000 -2.40037
3560.0000 -1.81081
3570.0000 -1.43959
3580.0000 -1.13321
3590.0000 -0.97273
3600.0000 -0.60973
3610.0000 -0.97858
3620.0000 -1.20011
3630.0000 -1.56941
3640.0000 -0.86708
3650.0000 -1.10319
3660.0000 -0.88746
3670.0000 -0.62813
3680.0000 -0.39648
3690.0000 -0.78167
3700.0000 -1.70078
3710.0000 -1.20942
3720.0000 -1.04479
3730.0000 -0.95996
3740.0000 -1.21910
3750.0000 -1.67562
3760.0000 -2.04064
3770.0000 -2.31514
3780.0000 -2.44273
3790.0000 -2.76066
3800.0000 -2.44285
3810.0000 -2.96131
3820.0000 -3.20857
3830.0000 -2.98971
3840.0000 -2.94456
3850.0000 -2.24892
3860.0000 -2.09169
3870.0000 -2.16645
3880.0000 -2.33906
3890.0000 -2.68138
3900.0000 -2.75701
3910.0000 -2.96404
3920.0000 -3.30178
3930.0000 -3.46717
3940.0000 -3.41557
3950.0000 -3.43902
3960.0000 -3.60721
3970.0000 -3.57938
3980.0000 -2.85825
3990.0000 -2.77788
4000.0000 -2.12746
4010.0000 -2.23727
4020.0000 -2.49774
4030.0000 -2.21548
4040.0000 -1.95194
4050.0000 -2.01658
4060.0000 -2.57026
4070.0000 -2.41328
4080.0000 -2.36070
4090.0000 -2.37236
4100.0000 -2.35828
4110.0000 -2.41339
4120.0000 -2.29926
4130.0000 -2.35735
4140.0000 -2.18691
4150.0000 -2.80192
4160.0000 -2.84323
4170.0000 -2.60589
4180.0000 -2.56374
4190.0000 -2.05038
4200.0000 -2.15415
4210.0000 -1.78271
4220.0000 -2.03547
4230.0000 -2.11731
4240.0000 -2.33612
4250.0000 -1.95399
4260.0000 -1.55819
4270.0000 -1.45972
4280.0000 -1.15655
4290.0000 -0.74042
4300.0000 -0.84040
4310.0000 -0.91874
4320.0000 -0.50103
4330.0000 -0.09366
4340.0000 0.22195
4350.0000 -0.06738
4360.0000 0.18599
4370.0000 0.13327
4380.0000 0.08010
4390.0000 0.05844
4400.0000 -0.06186
4410.0000 -0.40243
4420.0000 -0.27015
4430.0000 -0.41007
4440.0000 -0.50504
4450.0000 -0.15233
4460.0000 -0.24165
4470.0000 -0.19599
4480.0000 -0.00398
4490.0000 0.12123
4500.0000 -0.20068
4510.0000 -0.22982
4520.0000 0.09500
4530.0000 0.64418
4540.0000 0.40653
4550.0000 -0.01621
4560.0000 -0.48464
4570.0000 -0.75734
4580.0000 -1.00124
4590.0000 -0.77778
4600.0000 -0.56742
4610.0000 -0.96511
4620.0000 -1.55511
4630.0000 -1.44897
4640.0000 -1.29977
4650.0000 -1.28907
4660.0000 -1.68171
4670.0000 -1.91930
4680.0000 -1.85300
4690.0000 -1.70590
4700.0000 -1.95284
4710.0000 -2.23827
4720.0000 -2.10872
4730.0000 -2.07485
4740.0000 -2.44618
4750.0000 -2.44513
4760.0000 -2.26326
4770.0000 -1.89394
4780.0000 -1.93370
4790.0000 -2.15394
4800.0000 -1.88968
4810.0000 -2.23101
4820.0000 -2.40149
4830.0000 -2.10381
4840.0000 -2.10448
4850.0000 -2.42804
4860.0000 -2.64973
4870.0000 -2.80611
4880.0000 -3.32158
4890.0000 -3.94872
4900.0000 -4.07233
4910.0000 -3.83919
4920.0000 -3.44434
4930.0000 -2.99335
4940.0000 -2.43315
4950.0000 -2.29274
4960.0000 -2.20671
4970.0000 -2.50877
4980.0000 -2.68827
4990.0000 -1.88725
5000.0000 -1.77291
5010.0000 -1.55324
5020.0000 -2.45364
5030.0000 -2.73532
5040.0000 -2.85028
5050.0000 -3.02151
5060.0000 -2.45312
5070.0000 -2.11256
5080.0000 -2.49795
5090.0000 -2.66797
5100.0000 -3.24526
5110.0000 -2.97066
5120.0000 -2.28513
5130.0000 -2.12320
5140.0000 -1.40277
5150.0000 -1.37558
5160.0000 -1.74117
5170.0000 -1.79740
5180.0000 -1.76543
5190.0000 -1.48783
5200.0000 -1.64140
5210.0000 -1.49775
5220.0000 -1.89774
5230.0000 -1.70090
5240.0000 -1.05396
5250.0000 -1.00541
5260.0000 -0.89205
5270.0000 -1.17754
5280.0000 -1.46691
5290.0000 -1.34602
5300.0000 -1.75356
5310.0000 -2.04084
5320.0000 -2.51652
5330.0000 -2.23132
5340.0000 -2.24065
5350.0000 -2.52661
5360.0000 -2.73572
5370.0000 -3.09129
5380.0000 -3.57323
5390.0000 -3.23973
5400.0000 -3.02100
5410.0000 -2.82266
5420.0000 -3.06866
5430.0000 -2.65088
5440.0000 -1.89683
5450.0000 -2.14033
5460.0000 -2.54233
5470.0000 -2.77278
5480.0000 -3.00717
5490.0000 -3.15804
5500.0000 -3.67843
5510.0000 -3.30839
5520.0000 -3.70308
5530.0000 -3.54520
5540.0000 -2.88554
5550.0000 -2.62531
5560.0000 -2.48073
5570.0000 -3.00852
5580.0000 -2.87520
5590.0000 -3.10075
5600.0000 -3.08389
5610.0000 -2.68870
5620.0000 -2.49400
5630.0000 -2.93562
5640.0000 -3.40989
5650.0000 -3.46529
5660.0000 -3.63023
5670.0000 -3.79173
5680.0000 -3.90974
5690.0000 -4.00510
5700.0000 -3.66235
5710.0000 -3.58894
5720.0000 -3.88992
5730.0000 -3.90063
5740.0000 -3.93253
5750.0000 -4.01341
5760.0000 -4.22356
5770.0000 -3.33168
5780.0000 -2.91021
5790.0000 -3.13813
5800.0000 -2.92658
5810.0000 -3.30750
5820.0000 -3.06928
5830.0000 -2.77724
5840.0000 -3.33075
5850.0000 -3.44783
5860.0000 -2.94381
5870.0000 -2.59229
5880.0000 -3.11750
5890.0000 -3.64254
5900.0000 -3.50473
5910.0000 -2.96445
5920.0000 -2.61539
5930.0000 -2.20291
5940.0000 -1.98705
5950.0000 -2.07433
5960.0000 -2.34658
5970.0000 -2.06547
5980.0000 -1.87946
5990.0000 -1.61205
6000.0000 -1.54996
6010.0000 -1.80788
6020.0000 -1.86491
6030.0000 -1.69209
6040.0000 -2.05346
6050.0000 -2.08150
6060.0000 -2.04982
6070.0000 -1.67134
6080.0000 -1.68633
6090.0000 -1.61841
6100.0000 -1.89648
6110.0000 -1.34717
6120.0000 -1.14865
6130.0000 -2.12457
6140.0000 -2.38290
6150.0000 -2.75781
6160.0000 -2.99303
6170.0000 -3.24919
6180.0000 -3.25444
6190.0000 -3.28403
6200.0000 -3.58751
6210.0000 -3.85741
6220.0000 -3.71185
6230.0000 -4.16276
6240.0000 -3.98163
6250.0000 -4.68299
6260.0000 -5.14062
6270.0000 -5.11385
6280.0000 -5.03269
6290.0000 -4.90733
6300.0000 -4.58588
6310.0000 -4.28889
6320.0000 -4.34173
6330.0000 -5.00528
6340.0000 -5.05220
6350.0000 -4.96572
6360.0000 -5.24232
6370.0000 -4.89363
6380.0000 -5.01141
6390.0000 -4.76216
6400.0000 -5.02265
6410.0000 -5.27023
6420.0000 -5.45389
6430.0000 -5.53773
6440.0000 -5.34944
6450.0000 -5.27130
6460.0000 -5.00993
6470.0000 -5.51514
6480.0000 -5.85138
6490.0000 -5.73953
6500.0000 -6.16245
6510.0000 -5.65675
6520.0000 -5.86030
6530.0000 -6.18230
6540.0000 -6.12008
6550.0000 -5.70367
6560.0000 -5.63253
6570.0000 -5.22556
6580.0000 -5.75816
6590.0000 -5.88517
6600.0000 -6.19183
6610.0000 -6.18263
6620.0000 -6.66575
6630.0000 -6.43351
6640.0000 -6.43491
6650.0000 -6.33220
6660.0000 -6.23484
6670.0000 -5.72140
6680.0000 -5.57518
6690.0000 -5.37962
6700.0000 -5.66902
6710.0000 -6.40752
6720.0000 -6.64198
6730.0000 -7.09957
6740.0000 -6.87109
6750.0000 -6.84477
6760.0000 -6.75219
6770.0000 -6.32426
6780.0000 -6.13038
6790.0000 -6.35378
6800.0000 -6.00949
6810.0000 -6.34988
6820.0000 -5.99289
6830.0000 -5.89251
6840.0000 -6.31066
6850.0000 -6.46039
6860.0000 -6.34223
6870.0000 -6.45839
6880.0000 -6.31082
6890.0000 -6.06614
6900.0000 -5.72274
6910.0000 -4.99654
6920.0000 -5.34539
6930.0000 -4.97486
6940.0000 -4.98111
6950.0000 -5.31144
6960.0000 -5.59383
6970.0000 -5.79500
6980.0000 -6.03177
6990.0000 -5.94325
7000.0000 -5.67843
7010.0000 -5.81790
7020.0000 -5.80059
7030.0000 -5.84215
7040.0000 -5.49874
7050.0000 -5.67203
7060.0000 -5.93769
7070.0000 -5.79965
7080.0000 -5.89848
7090.0000 -5.65576
7100.0000 -5.70188
7110.0000 -5.48886
7120.0000 -6.02778
7130.0000 -5.55299
7140.0000 -5.58134
7150.0000 -5.58569
7160.0000 -5.66464
7170.0000 -5.45206
7180.0000 -5.43503
7190.0000 -5.61986
7200.0000 -5.90140
7210.0000 -5.56859
7220.0000 -5.47688
7230.0000 -5.03350
7240.0000 -4.74267
7250.0000 -4.38146
7260.0000 -4.90513
7270.0000 -4.69808
7280.0000 -4.42990
7290.0000 -4.95948
7300.0000 -4.88121
7310.0000 -4.60191
7320.0000 -4.96348
7330.0000 -5.54338
7340.0000 -5.47139
7350.0000 -5.32485
7360.0000 -5.00370
7370.0000 -4.96524
7380.0000 -5.12881
7390.0000 -5.06537
7400.0000 -5.48423
7410.0000 -5.33368
7420.0000 -5.45163
7430.0000 -5.81171
7440.0000 -5.54364
7450.0000 -5.69704
7460.0000 -5.55377
7470.0000 -5.22771
7480.0000 -5.21483
7490.0000 -5.13207
7500.0000 -5.07420
7510.0000 -5.09902
7520.0000 -5.39611
7530.0000 -6.05535
7540.0000 -5.76157
7550.0000 -6.17413
7560.0000 -6.49611
7570.0000 -6.28573
7580.0000 -6.84843
7590.0000 -6.84748
7600.0000 -6.97225
7610.0000 -7.26571
7620.0000 -7.85540
7630.0000 -8.44071
7640.0000 -8.56345
7650.0000 -8.15928
7660.0000 -8.02951
7670.0000 -7.63385
7680.0000 -7.25475
7690.0000 -7.56315
7700.0000 -7.23989
7710.0000 -7.25972
7720.0000 -7.04882
7730.0000 -7.05655
7740.0000 -7.12536
7750.0000 -6.90521
7760.0000 -7.37019
7770.0000 -7.98571
7780.0000 -8.44641
7790.0000 -8.41194
7800.0000 -8.30818
7810.0000 -8.09708
7820.0000 -8.04121
7830.0000 -7.82046
7840.0000 -7.89882
7850.0000 -7.98934
7860.0000 -8.36038
7870.0000 -7.84477
7880.0000 -8.11533
7890.0000 -7.95344
7900.0000 -8.31572
7910.0000 -8.09460
7920.0000 -8.35126
7930.0000 -8.64819
7940.0000 -8.76007
7950.0000 -8.83881
7960.0000 -8.90276
7970.0000 -9.00478
7980.0000 -8.81065
7990.0000 -8.71677
8000.0000 -8.71198
8010.0000 -8.46790
8020.0000 -8.55727
8030.0000 -8.48977
8040.0000 -8.89557
8050.0000 -9.22801
8060.0000 -9.20341
8070.0000 -9.56563
8080.0000 -9.77566
8090.0000 -10.13038
8100.0000 -10.54726
8110.0000 -10.28728
8120.0000 -10.76470
8130.0000 -10.18279
8140.0000 -10.66269
8150.0000 -10.67091
8160.0000 -10.32087
8170.0000 -10.14238
8180.0000 -9.98986
8190.0000 -9.47971
8200.0000 -9.76063
8210.0000 -9.12855
8220.0000 -8.60084
8230.0000 -8.19503
8240.0000 -8.03821
8250.0000 -8.29597
8260.0000 -8.54821
8270.0000 -9.03936
8280.0000 -9.17380
8290.0000 -9.10857
8300.0000 -9.21930
8310.0000 -8.85519
8320.0000 -8.67729
8330.0000 -8.66045
8340.0000 -8.72453
8350.0000 -8.88704
8360.0000 -9.35171
8370.0000 -9.31013
8380.0000 -9.16565
8390.0000 -8.92164
8400.0000 -9.27706
8410.0000 -9.26977
8420.0000 -9.16718
8430.0000 -9.09925
8440.0000 -10.14535
8450.0000 -10.20202
8460.0000 -10.48747
8470.0000 -10.31096
8480.0000 -10.75227
8490.0000 -10.55500
8500.0000 -10.64784
8510.0000 -11.07481
8520.0000 -11.21124
8530.0000 -11.43952
8540.0000 -11.83325
8550.0000 -11.84636
8560.0000 -12.27360
8570.0000 -12.88439
8580.0000 -12.91385
8590.0000 -13.28217
8600.0000 -13.01430
8610.0000 -12.47121
8620.0000 -12.23789
8630.0000 -12.37249
8640.0000 -12.65169
8650.0000 -12.75537
8660.0000 -11.88354
8670.0000 -11.73234
8680.0000 -11.65081
8690.0000 -11.23883
8700.0000 -11.47516
8710.0000 -11.99474
8720.0000 -12.20722
8730.0000 -12.90779
8740.0000 -12.77462
8750.0000 -12.81278
8760.0000 -12.92501
8770.0000 -12.98292
8780.0000 -12.80969
8790.0000 -13.26683
8800.0000 -12.67360
8810.0000 -12.32975
8820.0000 -12.38644
8830.0000 -12.21459
8840.0000 -12.36903
8850.0000 -12.42449
8860.0000 -12.89062
8870.0000 -12.88491
8880.0000 -13.41013
8890.0000 -13.21176
8900.0000 -13.19796
8910.0000 -13.08351
8920.0000 -13.35403
8930.0000 -12.94625
8940.0000 -12.51737
8950.0000 -12.85261
8960.0000 -13.49723
8970.0000 -13.56963
8980.0000 -13.46449
8990.0000 -13.68048
9000.0000 -13.25443
9010.0000 -13.49657
9020.0000 -13.35668
9030.0000 -13.44731
9040.0000 -13.50529
9050.0000 -13.59056
9060.0000 -13.34921
9070.0000 -13.18908
9080.0000 -12.51194
9090.0000 -12.40094
9100.0000 -12.54550
9110.0000 -12.71309
9120.0000 -13.09656
9130.0000 -13.18098
9140.0000 -13.53117
9150.0000 -13.96884
9160.0000 -14.17328
9170.0000 -14.23565
9180.0000 -14.22087
9190.0000 -13.95697
9200.0000 -13.59437
9210.0000 -13.93845
9220.0000 -14.21320
9230.0000 -14.49955
9240.0000 -14.43030
9250.0000 -14.25503
9260.0000 -14.52655
9270.0000 -15.04544
9280.0000 -15.08744
9290.0000 -15.39458
9300.0000 -15.91989
9310.0000 -16.21126
9320.0000 -15.81968
9330.0000 -15.83438
9340.0000 -15.77937
9350.0000 -15.78923
9360.0000 -15.12323
9370.0000 -14.86168
9380.0000 -14.61642
9390.0000 -14.40338
9400.0000 -14.78086
9410.0000 -14.11538
9420.0000 -14.37879
9430.0000 -13.83514
9440.0000 -14.41961
9450.0000 -14.67488
9460.0000 -14.61160
9470.0000 -14.23695
9480.0000 -14.66838
9490.0000 -14.87334
9500.0000 -14.63689
9510.0000 -14.70742
9520.0000 -15.13195
9530.0000 -15.22037
9540.0000 -15.27753
9550.0000 -15.30935
9560.0000 -14.94901
9570.0000 -15.31607
9580.0000 -14.69863
9590.0000 -14.35284
9600.0000 -14.78556
9610.0000 -15.14914
9620.0000 -14.90376
9630.0000 -15.30102
9640.0000 -15.07675
9650.0000 -15.13853
9660.0000 -14.87813
9670.0000 -14.98018
9680.0000 -14.93464
9690.0000 -14.56888
9700.0000 -14.64745
9710.0000 -14.76959
9720.0000 -14.69288
9730.0000 -14.65338
9740.0000 -14.78252
9750.0000 -14.83995
9760.0000 -14.64715
9770.0000 -14.23949
9780.0000 -14.53537
9790.0000 -14.37363
9800.0000 -13.94239
9810.0000 -14.28554
9820.0000 -14.24893
9830.0000 -14.54448
9840.0000 -14.63020
9850.0000 -14.76590
9860.0000 -14.36735
9870.0000 -14.69954
9880.0000 -14.68965
9890.0000 -15.10270
9900.0000 -14.99206
9910.0000 -14.47013
9920.0000 -14.59297
9930.0000 -14.40489
9940.0000 -14.22942
9950.0000 -14.35462
9960.0000 -15.07341
9970.0000 -14.69998
9980.0000 -14.64853
9990.0000 -14.54766
10000.0000 -14.66012
10010.0000 -14.35180
10020.0000 -14.62611
10030.0000 -14.75916
10040.0000 -14.57119
10050.0000 -15.13361
10060.0000 -15.29847
10070.0000 -15.07478
10080.0000 -15.77698
10090.0000 -15.39776
10100.0000 -15.54091
10110.0000 -15.68646
10120.0000 -15.93975
10130.0000 -15.85894
10140.0000 -15.75040
10150.0000 -15.71282
10160.0000 -15.75496
10170.0000 -15.46767
10180.0000 -15.28002
10190.0000 -15.52079
10200.0000 -16.18792
10210.0000 -16.35203
10220.0000 -16.21377
10230.0000 -16.33323
10240.0000 -16.58050
10250.0000 -15.65307
10260.0000 -15.78708
10270.0000 -15.97903
10280.0000 -16.55039
10290.0000 -17.05270
10300.0000 -16.86467
10310.0000 -17.04226
10320.0000 -16.84245
10330.0000 -16.71606
10340.0000 -16.50142
10350.0000 -16.54420
10360.0000 -16.58050
10370.0000 -16.21730
10380.0000 -16.60548
10390.0000 -16.57549
10400.0000 -16.68925
10410.0000 -16.62331
10420.0000 -16.74377
10430.0000 -16.09079
10440.0000 -16.20391
10450.0000 -16.58036
10460.0000 -16.15057
10470.0000 -15.86651
10480.0000 -16.10098
10490.0000 -16.52543
10500.0000 -16.41128
10510.0000 -16.14951
10520.0000 -15.64504
10530.0000 -15.46160
10540.0000 -14.95616
10550.0000 -14.89506
10560.0000 -15.01153
10570.0000 -14.99142
10580.0000 -15.12607
10590.0000 -15.15187
10600.0000 -14.58917
10610.0000 -14.37097
10620.0000 -13.59397
10630.0000 -13.23553
10640.0000 -13.10294
10650.0000 -13.81769
10660.0000 -14.42343
10670.0000 -15.13759
10680.0000 -14.70883
10690.0000 -14.53165
10700.0000 -14.60224
10710.0000 -14.24272
10720.0000 -13.89276
10730.0000 -13.69317
10740.0000 -13.63037
10750.0000 -13.41352
10760.0000 -13.64856
10770.0000 -13.78238
10780.0000 -13.76047
10790.0000 -13.63537
10800.0000 -13.72961
10810.0000 -13.47419
10820.0000 -13.00843
10830.0000 -13.18711
10840.0000 -13.25792
10850.0000 -13.09612
10860.0000 -13.61171
10870.0000 -13.20405
10880.0000 -12.97874
10890.0000 -12.82455
10900.0000 -12.71972
10910.0000 -12.77505
10920.0000 -13.25786
10930.0000 -13.81927
10940.0000 -14.00150
10950.0000 -14.08636
10960.0000 -14.04846
10970.0000 -13.76561
10980.0000 -14.76882
10990.0000 -14.69648
11000.0000 -14.91311
11010.0000 -14.33276
11020.0000 -13.67828
11030.0000 -13.94792
11040.0000 -13.91176
11050.0000 -14.37924
11060.0000 -13.75113
11070.0000 -14.29268
11080.0000 -14.37208
11090.0000 -14.35958
11100.0000 -14.45789
11110.0000 -14.76530
11120.0000 -15.22156
11130.0000 -15.41828
11140.0000 -15.53872
11150.0000 -16.11383
11160.0000 -15.27606
11170.0000 -14.21414
11180.0000 -14.65236
11190.0000 -14.90477
11200.0000 -14.67844
11210.0000 -14.61704
11220.0000 -14.99108
11230.0000 -15.18820
11240.0000 -15.02732
11250.0000 -14.91372
11260.0000 -15.27259
11270.0000 -15.24896
11280.0000 -14.75154
11290.0000 -14.42378
11300.0000 -14.07741
11310.0000 -14.24564
11320.0000 -14.20525
11330.0000 -13.84619
11340.0000 -14.05594
11350.0000 -14.18470
11360.0000 -14.33625
11370.0000 -14.22268
11380.0000 -14.38161
11390.0000 -14.59799
11400.0000 -14.06740
11410.0000 -13.85262
11420.0000 -14.02372
11430.0000 -14.09019
11440.0000 -13.80982
11450.0000 -13.83068
11460.0000 -13.93398
11470.0000 -14.64482
11480.0000 -14.63496
11490.0000 -14.77682
11500.0000 -14.70054
11510.0000 -14.71149
11520.0000 -14.34333
11530.0000 -13.96160
11540.0000 -14.33706
11550.0000 -14.62349
11560.0000 -14.81327
11570.0000 -15.40796
11580.0000 -15.69010
11590.0000 -15.90782
11600.0000 -15.52809
11610.0000 -15.35357
11620.0000 -16.58450
11630.0000 -16.78460
11640.0000 -16.50015
11650.0000 -15.95571
11660.0000 -16.21888
11670.0000 -16.41464
11680.0000 -16.28893
11690.0000 -16.72819
11700.0000 -16.20983
11710.0000 -16.92485
11720.0000 -17.02666
11730.0000 -16.70005
11740.0000 -16.57066
11750.0000 -16.92841
11760.0000 -17.03805
11770.0000 -17.33418
11780.0000 -17.33897
11790.0000 -17.46775
11800.0000 -17.61943
11810.0000 -17.79643
11820.0000 -17.05110
11830.0000 -16.32229
11840.0000 -16.45312
11850.0000 -16.54813
11860.0000 -16.60777
11870.0000 -16.30380
11880.0000 -16.66467
11890.0000 -17.00669
11900.0000 -16.97117
11910.0000 -17.14266
11920.0000 -17.15870
11930.0000 -17.29685
11940.0000 -17.19218
11950.0000 -16.93005
11960.0000 -17.19400
11970.0000 -17.68682
11980.0000 -17.71829
11990.0000 -17.81255
12000.0000 -17.91657
12010.0000 -17.80585
12020.0000 -17.28795
12030.0000 -17.31685
12040.0000 -17.24463
12050.0000 -16.82178
12060.0000 -16.52776
12070.0000 -16.53118
12080.0000 -16.15026
12090.0000 -15.64204
12100.0000 -15.77226
12110.0000 -15.53306
12120.0000 -15.75582
12130.0000 -15.82962
12140.0000 -15.40898
12150.0000 -15.50711
12160.0000 -15.15476
12170.0000 -14.73030
12180.0000 -14.82236
12190.0000 -15.38560
12200.0000 -15.72048
12210.0000 -15.43939
12220.0000 -15.58501
12230.0000 -16.03479
12240.0000 -15.96164
12250.0000 -16.14444
12260.0000 -16.18152
12270.0000 -16.83550
12280.0000 -16.99971
12290.0000 -16.97227
12300.0000 -17.12484
12310.0000 -17.18282
12320.0000 -17.15815
12330.0000 -16.96652
12340.0000 -17.24990
12350.0000 -17.47358
12360.0000 -18.05592
12370.0000 -18.32209
12380.0000 -18.24237
12390.0000 -17.99399
12400.0000 -18.08479
12410.0000 -18.39427
12420.0000 -18.81560
12430.0000 -18.74886
12440.0000 -18.43298
12450.0000 -18.25564
12460.0000 -18.10851
12470.0000 -17.84243
12480.0000 -18.35656
12490.0000 -17.73889
12500.0000 -18.11645
12510.0000 -17.47801
12520.0000 -17.04419
12530.0000 -16.35509
12540.0000 -16.07037
12550.0000 -16.22013
12560.0000 -16.11593
12570.0000 -15.82145
12580.0000 -15.85445
12590.0000 -15.67174
12600.0000 -15.36594
12610.0000 -15.14892
12620.0000 -15.08931
12630.0000 -15.05851
12640.0000 -15.37056
12650.0000 -14.88397
12660.0000 -15.31890
12670.0000 -15.24143
12680.0000 -15.43869
12690.0000 -15.46076
12700.0000 -15.30711
12710.0000 -15.00101
12720.0000 -14.86724
12730.0000 -14.94746
12740.0000 -15.23066
12750.0000 -14.91030
12760.0000 -14.72754
12770.0000 -14.50763
12780.0000 -14.07448
12790.0000 -14.56585
12800.0000 -14.26275
12810.0000 -14.67521
12820.0000 -14.62915
12830.0000 -15.70814
12840.0000 -16.04465
12850.0000 -16.05643
12860.0000 -16.94353
12870.0000 -16.46269
12880.0000 -16.07652
12890.0000 -16.10315
12900.0000 -16.41928
12910.0000 -16.60342
12920.0000 -16.67066
12930.0000 -16.67644
12940.0000 -16.44391
12950.0000 -17.15667
12960.0000 -17.29634
12970.0000 -17.05649
12980.0000 -16.51205
12990.0000 -17.13656
13000.0000 -16.79618
13010.0000 -16.47490
13020.0000 -16.20892
13030.0000 -16.15691
13040.0000 -15.07880
13050.0000 -14.48539
13060.0000 -14.67510
13070.0000 -14.38872
13080.0000 -14.35043
13090.0000 -14.44681
13100.0000 -14.23951
13110.0000 -14.52107
13120.0000 -14.04287
13130.0000 -13.59565
13140.0000 -14.04326
13150.0000 -13.55667
13160.0000 -13.21731
13170.0000 -13.66744
13180.0000 -14.01128
13190.0000 -14.20655
13200.0000 -14.17219
13210.0000 -14.15533
13220.0000 -15.07408
13230.0000 -14.70005
13240.0000 -14.69357
13250.0000 -14.48520
13260.0000 -14.32162
13270.0000 -14.55840
13280.0000 -14.53988
13290.0000 -14.55149
13300.0000 -14.48452
13310.0000 -14.21985
13320.0000 -14.45297
13330.0000 -15.03619
13340.0000 -14.89384
13350.0000 -14.75454
13360.0000 -15.21832
13370.0000 -15.60018
13380.0000 -15.73718
13390.0000 -15.65186
13400.0000 -15.52981
13410.0000 -15.53237
13420.0000 -15.50448
13430.0000 -15.56996
13440.0000 -15.30782
13450.0000 -15.67936
13460.0000 -15.54105
13470.0000 -15.60105
13480.0000 -15.90694
13490.0000 -15.99209
13500.0000 -15.91035
13510.0000 -15.74656
13520.0000 -16.38455
13530.0000 -16.03361
13540.0000 -16.16927
13550.0000 -16.14973
13560.0000 -16.16302
13570.0000 -15.88751
13580.0000 -15.91262
13590.0000 -16.10645
13600.0000 -15.81224
13610.0000 -16.19894
13620.0000 -16.34095
13630.0000 -16.54750
13640.0000 -16.73264
13650.0000 -16.68860
13660.0000 -16.83099
13670.0000 -16.80559
13680.0000 -16.38641
13690.0000 -16.53829
13700.0000 -16.70770
13710.0000 -16.34753
13720.0000 -16.36730
13730.0000 -15.88999
13740.0000 -15.41800
13750.0000 -15.59466
13760.0000 -15.66678
13770.0000 -15.22020
13780.0000 -15.50806
13790.0000 -15.69456
13800.0000 -15.06851
13810.0000 -14.97381
13820.0000 -14.97834
13830.0000 -14.67634
13840.0000 -15.55413
13850.0000 -16.19449
13860.0000 -16.19826
13870.0000 -16.30432
13880.0000 -16.57417
13890.0000 -16.81061
13900.0000 -17.14931
13910.0000 -16.88657
13920.0000 -17.28804
13930.0000 -17.24944
13940.0000 -17.47341
13950.0000 -17.69532
13960.0000 -18.12374
13970.0000 -18.43115
13980.0000 -18.18583
13990.0000 -18.25732
14000.0000 -18.35421
14010.0000 -18.46152
14020.0000 -18.19752
14030.0000 -18.17106
14040.0000 -18.15649
14050.0000 -18.43235
14060.0000 -18.23705
14070.0000 -18.16700
14080.0000 -17.54458
14090.0000 -16.95549
14100.0000 -17.19409
14110.0000 -17.09986
14120.0000 -17.13468
14130.0000 -17.10395
14140.0000 -17.38402
14150.0000 -17.55792
14160.0000 -17.18526
14170.0000 -17.48194
14180.0000 -17.43802
14190.0000 -17.30700
14200.0000 -16.83791
14210.0000 -17.02381
14220.0000 -16.95234
14230.0000 -16.95163
14240.0000 -17.09179
14250.0000 -17.42999
14260.0000 -17.12702
14270.0000 -16.99474
14280.0000 -16.83351
14290.0000 -16.84286
14300.0000 -16.83579
14310.0000 -17.00614
14320.0000 -16.49744
14330.0000 -16.04648
14340.0000 -16.04765
14350.0000 -15.78063
14360.0000 -16.11124
14370.0000 -16.15808
14380.0000 -16.54997
14390.0000 -16.68060
14400.0000 -16.69928
14410.0000 -16.39546
14420.0000 -16.60746
14430.0000 -16.29961
14440.0000 -16.05005
14450.0000 -16.52941
14460.0000 -16.46512
14470.0000 -16.12317
14480.0000 -16.06695
14490.0000 -16.87509
14500.0000 -16.91336
14510.0000 -17.17905
14520.0000 -16.63041
14530.0000 -16.51017
14540.0000 -16.99083
14550.0000 -17.18274
14560.0000 -16.94909
14570.0000 -17.05079
14580.0000 -17.25882
14590.0000 -16.90205
14600.0000 -16.91807
14610.0000 -16.80158
14620.0000 -16.68801
14630.0000 -16.59883
14640.0000 -16.59916
14650.0000 -16.79871
14660.0000 -16.82838
14670.0000 -16.95324
14680.0000 -16.47925
14690.0000 -17.28811
14700.0000 -16.99256
14710.0000 -17.10290
14720.0000 -17.53683
14730.0000 -17.54960
14740.0000 -16.63218
14750.0000 -16.72816
14760.0000 -16.75941
14770.0000 -16.91192
14780.0000 -16.73194
14790.0000 -16.80193
14800.0000 -16.32287
14810.0000 -16.72513
14820.0000 -16.95796
14830.0000 -16.75805
14840.0000 -17.30062
14850.0000 -16.78262
14860.0000 -16.47511
14870.0000 -16.99470
14880.0000 -16.90247
14890.0000 -16.89457
14900.0000 -17.14034
14910.0000 -16.67976
14920.0000 -17.01224
14930.0000 -17.14991
14940.0000 -17.19976
14950.0000 -17.28586
14960.0000 -17.22888
14970.0000 -16.96924
14980.0000 -17.31770
14990.0000 -17.49641
15000.0000 -18.04783
15010.0000 -18.25934
15020.0000 -18.50699
15030.0000 -19.08294
15040.0000 -19.19536
15050.0000 -19.06262
15060.0000 -19.00044
15070.0000 -18.93968
15080.0000 -19.32371
15090.0000 -19.41721
15100.0000 -19.01501
15110.0000 -19.09288
15120.0000 -19.00225
15130.0000 -18.35549
15140.0000 -17.72310
15150.0000 -17.10270
15160.0000 -17.05798
15170.0000 -17.04329
15180.0000 -17.24599
15190.0000 -16.99215
15200.0000 -16.21540
15210.0000 -16.00433
15220.0000 -15.97742
15230.0000 -16.32185
15240.0000 -16.63339
15250.0000 -15.88824
15260.0000 -15.54907
15270.0000 -15.25780
15280.0000 -15.40857
15290.0000 -16.15337
15300.0000 -16.33977
15310.0000 -16.02627
15320.0000 -15.86982
15330.0000 -15.77021
15340.0000 -16.31264
15350.0000 -16.06355
15360.0000 -16.02139
15370.0000 -15.85829
15380.0000 -16.02577
15390.0000 -15.71147
15400.0000 -15.29823
15410.0000 -15.58933
15420.0000 -15.41659
15430.0000 -15.56920
15440.0000 -14.93915
15450.0000 -14.50514
15460.0000 -14.58433
15470.0000 -14.56356
15480.0000 -14.81261
15490.0000 -14.73130
15500.0000 -14.96528
15510.0000 -14.48225
15520.0000 -14.65477
15530.0000 -14.15087
15540.0000 -13.76459
15550.0000 -13.88604
15560.0000 -13.51898
15570.0000 -13.19249
15580.0000 -13.41306
15590.0000 -14.49403
15600.0000 -14.91163
15610.0000 -14.64528
15620.0000 -16.00539
15630.0000 -16.41940
15640.0000 -16.17693
15650.0000 -16.75769
15660.0000 -16.49558
15670.0000 -16.40005
15680.0000 -16.48795
15690.0000 -16.44695
15700.0000 -15.80769
15710.0000 -15.71508
15720.0000 -16.22741
15730.0000 -16.62691
15740.0000 -16.39991
15750.0000 -16.06706
15760.0000 -14.00116
15770.0000 -14.49090
15780.0000 -14.11503
15790.0000 -16.62122
15800.0000 -17.56136
15810.0000 -16.87856
15820.0000 -16.65096
15830.0000 -16.96977
15840.0000 -17.43489
15850.0000 -17.75404
15860.0000 -17.43648
15870.0000 -17.78570
15880.0000 -17.92423
15890.0000 -17.83727
15900.0000 -18.04473
15910.0000 -18.30962
15920.0000 -17.92902
15930.0000 -18.10662
15940.0000 -18.16175
15950.0000 -18.65209
15960.0000 -18.57538
15970.0000 -18.28081
15980.0000 -17.64695
15990.0000 -17.75764
16000.0000 -17.90016
16010.0000 -18.14387
16020.0000 -18.18639
16030.0000 -18.40083
16040.0000 -18.57755
16050.0000 -18.56093
16060.0000 -18.14995
16070.0000 -17.32047
16080.0000 -17.58382
16090.0000 -17.51571
16100.0000 -17.67652
16110.0000 -17.21468
16120.0000 -16.54472
16130.0000 -16.53824
16140.0000 -16.72690
16150.0000 -16.35121
16160.0000 -15.96386
16170.0000 -16.07088
16180.0000 -15.48941
16190.0000 -15.68724
16200.0000 -15.44795
16210.0000 -15.55347
16220.0000 -16.03148
16230.0000 -15.76241
16240.0000 -16.13643
16250.0000 -16.05306
16260.0000 -16.17043
16270.0000 -16.00187
16280.0000 -16.34666
16290.0000 -16.39017
16300.0000 -16.33276
16310.0000 -16.18488
16320.0000 -16.15401
16330.0000 -15.84344
16340.0000 -15.59604
16350.0000 -15.27187
16360.0000 -15.28254
16370.0000 -15.90498
16380.0000 -15.52930
16390.0000 -15.62592
16400.0000 -15.09869
16410.0000 -15.26977
16420.0000 -15.21794
16430.0000 -14.95651
16440.0000 -15.01294
16450.0000 -15.19810
16460.0000 -15.37512
16470.0000 -14.38805
16480.0000 -14.46061
16490.0000 -14.90549
16500.0000 -15.45377
16510.0000 -15.20441
16520.0000 -15.23086
16530.0000 -15.37139
16540.0000 -15.36187
16550.0000 -15.67249
16560.0000 -15.20251
16570.0000 -14.93525
16580.0000 -15.01872
16590.0000 -15.60325
16600.0000 -15.21914
16610.0000 -15.14441
16620.0000 -15.51747
16630.0000 -14.74442
16640.0000 -14.73714
16650.0000 -14.38157
16660.0000 -14.68169
16670.0000 -14.51790
16680.0000 -14.76321
16690.0000 -14.46608
16700.0000 -14.52896
16710.0000 -14.75945
16720.0000 -14.83496
16730.0000 -14.57810
16740.0000 -14.27674
16750.0000 -14.48740
16760.0000 -14.20917
16770.0000 -14.06707
16780.0000 -13.67861
16790.0000 -13.45910
16800.0000 -13.06945
16810.0000 -12.85403
16820.0000 -13.09910
16830.0000 -13.03879
16840.0000 -13.35703
16850.0000 -13.72629
16860.0000 -13.48912
16870.0000 -13.58836
16880.0000 -13.12591
16890.0000 -13.60349
16900.0000 -13.71753
16910.0000 -13.19379
16920.0000 -13.16769
16930.0000 -12.64106
16940.0000 -12.76772
16950.0000 -13.19592
16960.0000 -13.07123
16970.0000 -13.23738
16980.0000 -13.05437
16990.0000 -13.08442
17000.0000 -13.11569
17010.0000 -13.07892
17020.0000 -13.48214
17030.0000 -12.85778
17040.0000 -12.38215
17050.0000 -12.26177
17060.0000 -12.17522
17070.0000 -12.54361
17080.0000 -12.72253
17090.0000 -12.65812
17100.0000 -12.58536
17110.0000 -12.70710
17120.0000 -12.78568
17130.0000 -12.85693
17140.0000 -12.94842
17150.0000 -13.03088
17160.0000 -12.77023
17170.0000 -12.81542
17180.0000 -12.85533
17190.0000 -12.74195
17200.0000 -13.22805
17210.0000 -13.09470
17220.0000 -14.01547
17230.0000 -13.96716
17240.0000 -14.33094
17250.0000 -14.34524
17260.0000 -13.99662
17270.0000 -14.26966
17280.0000 -13.83972
17290.0000 -13.99633
17300.0000 -14.23004
17310.0000 -14.34715
17320.0000 -14.44589
17330.0000 -14.46174
17340.0000 -14.33686
17350.0000 -14.01516
17360.0000 -13.87487
17370.0000 -13.75883
17380.0000 -13.41661
17390.0000 -13.59470
17400.0000 -13.30841
17410.0000 -13.27252
17420.0000 -13.13544
17430.0000 -13.68197
17440.0000 -13.64113
17450.0000 -13.43889
17460.0000 -13.80480
17470.0000 -14.05790
17480.0000 -14.08334
17490.0000 -14.17607
17500.0000 -13.69117
17510.0000 -12.86855
17520.0000 -12.59062
17530.0000 -12.49479
17540.0000 -12.57134
17550.0000 -12.57863
17560.0000 -12.57450
17570.0000 -12.69445
17580.0000 -12.85937
17590.0000 -13.09408
17600.0000 -12.75964
17610.0000 -12.56463
17620.0000 -13.12244
17630.0000 -12.68857
17640.0000 -12.61069
17650.0000 -12.43760
17660.0000 -12.65043
17670.0000 -12.85812
17680.0000 -12.96390
17690.0000 -12.69003
17700.0000 -13.02735
17710.0000 -13.30408
17720.0000 -13.31536
17730.0000 -12.85825
17740.0000 -12.99649
17750.0000 -13.33874
17760.0000 -13.06860
17770.0000 -12.97837
17780.0000 -12.55138
17790.0000 -12.72211
17800.0000 -12.66981
17810.0000 -12.45103
17820.0000 -12.43896
17830.0000 -12.09926
17840.0000 -12.25545
17850.0000 -12.33407
17860.0000 -12.31299
17870.0000 -12.40513
17880.0000 -12.68173
17890.0000 -12.54238
17900.0000 -12.80289
17910.0000 -12.95928
17920.0000 -13.62112
17930.0000 -13.17177
17940.0000 -13.26212
17950.0000 -13.47876
17960.0000 -13.89052
17970.0000 -14.27952
17980.0000 -14.09675
17990.0000 -13.30215
18000.0000 -13.43574
18010.0000 -13.06671
18020.0000 -12.80313
18030.0000 -13.08941
18040.0000 -13.25825
18050.0000 -12.68147
18060.0000 -12.20645
18070.0000 -12.39244
18080.0000 -12.57500
18090.0000 -12.48139
18100.0000 -12.68350
18110.0000 -12.79809
18120.0000 -13.07894
18130.0000 -13.18240
18140.0000 -13.25249
18150.0000 -13.11045
18160.0000 -12.98528
18170.0000 -13.08151
18180.0000 -12.91179
18190.0000 -12.97781
18200.0000 -12.84868
18210.0000 -13.03922
18220.0000 -13.18411
18230.0000 -12.82063
18240.0000 -12.62377
18250.0000 -12.56444
18260.0000 -12.65919
18270.0000 -12.35033
18280.0000 -12.27846
18290.0000 -11.88602
18300.0000 -11.85345
18310.0000 -11.56810
18320.0000 -10.99269
18330.0000 -11.36407
18340.0000 -11.56019
18350.0000 -11.67348
18360.0000 -11.64023
18370.0000 -11.76102
18380.0000 -11.62017
18390.0000 -11.53006
18400.0000 -11.85549
18410.0000 -12.14113
18420.0000 -11.98459
18430.0000 -11.84306
18440.0000 -12.21708
18450.0000 -12.28587
18460.0000 -12.68465
18470.0000 -12.50996
18480.0000 -12.70268
18490.0000 -12.41686
18500.0000 -12.34981
18510.0000 -12.88024
18520.0000 -12.88012
18530.0000 -12.75183
18540.0000 -12.61045
18550.0000 -12.20703
18560.0000 -12.22575
18570.0000 -12.27176
18580.0000 -12.39902
18590.0000 -12.42815
18600.0000 -12.50874
18610.0000 -12.27456
18620.0000 -11.94856
18630.0000 -11.97427
18640.0000 -11.80285
18650.0000 -12.09965
18660.0000 -12.46574
18670.0000 -12.15311
18680.0000 -11.65593
18690.0000 -12.07818
18700.0000 -12.13142
18710.0000 -12.59365
18720.0000 -12.70224
18730.0000 -12.68868
18740.0000 -12.79654
18750.0000 -12.81254
18760.0000 -12.91024
18770.0000 -12.89098
18780.0000 -13.00617
18790.0000 -12.83607
18800.0000 -12.38071
18810.0000 -11.86259
18820.0000 -11.67420
18830.0000 -12.09386
18840.0000 -12.29873
18850.0000 -12.80078
18860.0000 -12.76898
18870.0000 -12.14659
18880.0000 -11.67710
18890.0000 -11.58876
18900.0000 -11.38756
18910.0000 -11.15309
18920.0000 -10.68079
18930.0000 -11.00277
18940.0000 -11.16488
18950.0000 -11.30139
18960.0000 -10.93096
18970.0000 -10.80312
18980.0000 -10.68146
18990.0000 -10.76009
19000.0000 -10.21163
19010.0000 -10.14912
19020.0000 -9.90502
19030.0000 -10.12248
19040.0000 -9.91683
19050.0000 -9.81158
19060.0000 -9.41649
19070.0000 -9.38656
19080.0000 -9.72174
19090.0000 -10.07404
19100.0000 -10.34053
19110.0000 -10.83843
19120.0000 -10.98300
19130.0000 -11.57597
19140.0000 -11.54030
19150.0000 -12.17202
19160.0000 -11.85160
19170.0000 -11.60335
19180.0000 -11.31142
19190.0000 -11.49000
19200.0000 -11.43193
19210.0000 -11.13169
19220.0000 -10.51982
19230.0000 -10.01268
19240.0000 -9.97157
19250.0000 -10.24180
19260.0000 -9.59822
19270.0000 -9.83942
19280.0000 -9.51883
19290.0000 -9.27066
19300.0000 -9.28394
19310.0000 -9.17879
19320.0000 -8.93619
19330.0000 -8.76874
19340.0000 -8.95217
19350.0000 -8.59838
19360.0000 -8.46375
19370.0000 -8.44081
19380.0000 -8.10640
19390.0000 -7.48192
19400.0000 -7.41424
19410.0000 -7.12794
19420.0000 -7.87043
19430.0000 -7.70489
19440.0000 -7.70473
19450.0000 -7.55085
19460.0000 -7.24358
19470.0000 -7.21124
19480.0000 -6.99449
19490.0000 -6.73255
19500.0000 -6.64406
19510.0000 -6.47049
19520.0000 -6.88831
19530.0000 -7.10112
19540.0000 -7.09799
19550.0000 -7.48654
19560.0000 -7.10464
19570.0000 -7.23482
19580.0000 -7.44354
19590.0000 -6.84921
19600.0000 -6.69571
19610.0000 -7.09383
19620.0000 -6.91171
19630.0000 -6.46286
19640.0000 -6.91443
19650.0000 -6.83177
19660.0000 -7.10927
19670.0000 -7.24967
19680.0000 -6.80876
19690.0000 -7.22288
19700.0000 -6.95383
19710.0000 -6.49060
19720.0000 -6.25787
19730.0000 -5.95977
19740.0000 -5.66772
19750.0000 -5.28345
19760.0000 -5.09925
19770.0000 -5.41687
19780.0000 -5.10983
19790.0000 -5.45819
19800.0000 -5.39045
19810.0000 -4.98566
19820.0000 -4.76639
19830.0000 -4.62873
19840.0000 -4.70247
19850.0000 -4.73227
19860.0000 -4.86853
19870.0000 -4.57024
19880.0000 -4.99419
19890.0000 -5.44043
19900.0000 -5.97415
19910.0000 -6.07906
19920.0000 -6.06905
19930.0000 -6.26732
19940.0000 -6.59345
19950.0000 -6.45269
19960.0000 -7.20988
19970.0000 -7.28141
19980.0000 -7.21450
19990.0000 -7.10038
20000.0000 -6.94438
20010.0000 -7.08046
20020.0000 -7.27399
20030.0000 -6.92068
20040.0000 -6.10952
20050.0000 -6.19759
20060.0000 -6.21117
20070.0000 -6.31946
20080.0000 -6.38601
20090.0000 -6.32134
20100.0000 -6.19620
20110.0000 -6.27467
20120.0000 -6.35800
20130.0000 -6.61022
20140.0000 -6.74165
20150.0000 -6.42338
20160.0000 -5.93307
20170.0000 -6.28041
20180.0000 -6.40262
20190.0000 -6.36052
20200.0000 -6.24021
20210.0000 -6.73279
20220.0000 -6.80251
20230.0000 -7.08760
20240.0000 -6.82222
20250.0000 -7.13888
20260.0000 -7.32360
20270.0000 -6.96879
20280.0000 -6.32026
20290.0000 -6.21543
20300.0000 -6.45846
20310.0000 -6.73531
20320.0000 -6.90327
20330.0000 -7.10223
20340.0000 -6.87605
20350.0000 -6.66013
20360.0000 -6.31231
20370.0000 -6.28587
20380.0000 -6.61231
20390.0000 -6.41449
20400.0000 -6.76702
20410.0000 -6.86265
20420.0000 -7.14715
20430.0000 -7.33054
20440.0000 -7.70102
20450.0000 -7.75320
20460.0000 -7.77688
20470.0000 -7.25771
20480.0000 -7.34677
20490.0000 -6.80166
20500.0000 -6.74317
20510.0000 -6.36640
20520.0000 -6.61571
20530.0000 -6.60916
20540.0000 -6.72927
20550.0000 -6.34635
20560.0000 -6.71740
20570.0000 -6.64814
20580.0000 -6.15970
20590.0000 -6.74031
20600.0000 -6.65400
20610.0000 -6.52479
20620.0000 -6.51332
20630.0000 -6.82997
20640.0000 -6.81690
20650.0000 -7.61770
20660.0000 -7.34994
20670.0000 -7.61307
20680.0000 -7.73955
20690.0000 -7.95142
20700.0000 -8.17239
20710.0000 -8.67271
20720.0000 -8.46184
20730.0000 -8.58499
20740.0000 -8.26860
20750.0000 -8.46581
20760.0000 -8.15161
20770.0000 -7.77260
20780.0000 -7.62131
20790.0000 -7.98401
20800.0000 -7.93366
20810.0000 -7.89802
20820.0000 -7.67314
20830.0000 -7.83504
20840.0000 -8.39668
20850.0000 -8.31950
20860.0000 -8.44748
20870.0000 -8.26046
20880.0000 -8.70365
20890.0000 -8.47775
20900.0000 -8.19605
20910.0000 -8.64649
20920.0000 -8.61655
20930.0000 -9.00276
20940.0000 -9.17508
20950.0000 -8.83287
20960.0000 -8.58769
20970.0000 -8.59750
20980.0000 -8.59665
20990.0000 -8.87505
21000.0000 -8.56459
21010.0000 -8.70988
21020.0000 -8.83550
21030.0000 -8.30233
21040.0000 -8.98180
21050.0000 -8.73161
21060.0000 -8.68751
21070.0000 -8.83038
21080.0000 -8.63752
21090.0000 -8.55089
21100.0000 -9.18778
21110.0000 -9.41506
21120.0000 -9.29375
21130.0000 -9.23513
21140.0000 -9.76421
21150.0000 -10.23486
21160.0000 -9.79001
21170.0000 -9.63829
21180.0000 -9.46392
21190.0000 -8.90852
21200.0000 -8.96515
21210.0000 -8.90713
21220.0000 -9.31199
21230.0000 -9.12136
21240.0000 -8.44590
21250.0000 -8.82887
21260.0000 -8.99771
21270.0000 -8.71729
21280.0000 -8.58062
21290.0000 -8.06761
21300.0000 -8.42390
21310.0000 -8.18044
21320.0000 -8.56625
21330.0000 -8.48888
21340.0000 -8.55439
21350.0000 -9.22780
21360.0000 -9.58784
21370.0000 -9.47049
21380.0000 -9.17983
21390.0000 -8.75577
21400.0000 -8.95156
21410.0000 -9.12059
21420.0000 -9.72760
21430.0000 -9.60143
21440.0000 -9.73212
21450.0000 -9.97462
21460.0000 -9.85477
21470.0000 -9.66540
21480.0000 -9.79293
21490.0000 -9.78144
21500.0000 -9.61281
21510.0000 -9.61489
21520.0000 -10.06359
21530.0000 -10.20276
21540.0000 -10.16688
21550.0000 -10.39825
21560.0000 -10.28764
21570.0000 -10.16812
21580.0000 -10.69831
21590.0000 -10.52247
21600.0000 -10.69807
21610.0000 -10.47341
21620.0000 -10.60371
21630.0000 -10.88192
21640.0000 -11.15504
21650.0000 -10.94170
21660.0000 -10.51476
21670.0000 -9.94236
21680.0000 -10.30412
21690.0000 -10.02312
21700.0000 -10.27103
21710.0000 -10.61365
21720.0000 -10.49224
21730.0000 -10.33490
21740.0000 -10.77501
21750.0000 -10.83593
21760.0000 -10.75879
21770.0000 -11.33191
21780.0000 -11.36206
21790.0000 -10.96424
21800.0000 -11.09677
21810.0000 -10.97876
21820.0000 -11.34154
21830.0000 -11.02487
21840.0000 -11.52094
21850.0000 -11.92280
21860.0000 -12.48393
21870.0000 -12.87113
21880.0000 -12.69929
21890.0000 -13.33028
21900.0000 -13.72021
21910.0000 -13.76475
21920.0000 -13.44478
21930.0000 -13.51132
21940.0000 -13.74039
21950.0000 -13.95924
21960.0000 -13.78536
21970.0000 -13.86897
21980.0000 -13.67177
21990.0000 -13.83036
22000.0000 -13.78858
22010.0000 -13.85992
22020.0000 -13.78532
22030.0000 -14.03090
22040.0000 -14.36411
22050.0000 -14.16656
22060.0000 -14.31631
22070.0000 -14.39083
22080.0000 -13.90970
22090.0000 -13.99153
22100.0000 -13.50986
22110.0000 -13.89894
22120.0000 -13.72222
22130.0000 -13.44040
22140.0000 -13.79041
22150.0000 -13.86395
22160.0000 -13.92606
22170.0000 -14.03789
22180.0000 -13.61271
22190.0000 -13.06433
22200.0000 -12.96987
22210.0000 -13.12998
22220.0000 -12.75892
22230.0000 -12.67322
22240.0000 -12.93404
22250.0000 -12.52352
22260.0000 -12.41250
22270.0000 -13.13432
22280.0000 -13.72697
22290.0000 -13.80255
22300.0000 -13.72027
22310.0000 -13.20391
22320.0000 -13.64751
22330.0000 -13.33092
22340.0000 -13.24655
22350.0000 -13.34388
22360.0000 -13.35706
22370.0000 -13.07655
22380.0000 -12.75040
22390.0000 -12.08177
22400.0000 -11.38537
22410.0000 -11.27590
22420.0000 -11.56948
22430.0000 -11.41972
22440.0000 -11.41238
22450.0000 -11.46428
22460.0000 -11.61083
22470.0000 -11.47999
22480.0000 -11.66214
22490.0000 -11.65295
22500.0000 -11.82209
22510.0000 -11.45504
22520.0000 -11.90589
22530.0000 -11.52976
22540.0000 -11.98647
22550.0000 -12.64214
22560.0000 -12.67218
22570.0000 -12.51654
22580.0000 -13.17502
22590.0000 -13.31376
22600.0000 -13.05602
22610.0000 -12.93155
22620.0000 -12.96518
22630.0000 -12.18175
22640.0000 -11.48949
22650.0000 -11.07729
22660.0000 -10.84964
22670.0000 -10.29001
22680.0000 -10.08965
22690.0000 -9.66607
22700.0000 -9.17311
22710.0000 -9.13735
22720.0000 -9.32028
22730.0000 -9.42655
22740.0000 -9.58029
22750.0000 -9.87880
22760.0000 -9.74997
22770.0000 -9.85426
22780.0000 -10.35676
22790.0000 -9.76934
22800.0000 -9.53239
22810.0000 -9.73504
22820.0000 -9.99227
22830.0000 -9.75047
22840.0000 -9.38167
22850.0000 -9.54072
22860.0000 -9.61493
22870.0000 -9.27578
22880.0000 -9.00120
22890.0000 -9.71032
22900.0000 -9.64958
22910.0000 -9.18434
22920.0000 -9.62849
22930.0000 -9.98474
22940.0000 -9.97304
22950.0000 -9.99469
22960.0000 -10.38291
22970.0000 -10.18838
22980.0000 -10.77238
22990.0000 -10.99979
23000.0000 -10.94186
23010.0000 -10.65941
23020.0000 -10.59347
23030.0000 -10.56929
23040.0000 -11.14452
23050.0000 -11.31584
23060.0000 -11.18577
23070.0000 -10.64568
23080.0000 -10.43638
23090.0000 -10.01296
23100.0000 -9.13568
23110.0000 -8.78722
23120.0000 -8.67599
23130.0000 -8.64550
23140.0000 -8.45490
23150.0000 -8.06628
23160.0000 -8.17951
23170.0000 -8.20943
23180.0000 -8.07399
23190.0000 -7.91682
23200.0000 -7.73447
23210.0000 -7.52348
23220.0000 -7.76350
23230.0000 -7.83584
23240.0000 -7.33393
23250.0000 -7.02136
23260.0000 -6.95083
23270.0000 -6.64080
23280.0000 -6.34127
23290.0000 -6.18211
23300.0000 -6.57197
23310.0000 -7.00662
23320.0000 -6.51754
23330.0000 -6.12892
23340.0000 -5.76616
23350.0000 -6.05102
23360.0000 -6.07341
23370.0000 -6.22255
23380.0000 -6.74600
23390.0000 -6.92103
23400.0000 -6.47410
23410.0000 -6.57008
23420.0000 -6.90087
23430.0000 -7.10079
23440.0000 -7.12936
23450.0000 -6.45495
23460.0000 -6.45188
23470.0000 -6.31990
23480.0000 -5.83178
23490.0000 -6.16767
23500.0000 -6.41210
23510.0000 -6.52137
23520.0000 -7.12374
23530.0000 -7.25786
23540.0000 -7.49839
23550.0000 -7.92266
23560.0000 -8.12413
23570.0000 -8.27936
23580.0000 -8.22097
23590.0000 -8.14635
23600.0000 -8.06571
23610.0000 -8.24955
23620.0000 -8.30619
23630.0000 -8.23032
23640.0000 -8.07773
23650.0000 -7.82151
23660.0000 -7.82252
23670.0000 -7.58377
23680.0000 -7.41322
23690.0000 -6.86018
23700.0000 -6.62115
23710.0000 -6.56489
23720.0000 -6.26182
23730.0000 -6.57716
23740.0000 -6.21374
23750.0000 -6.48676
23760.0000 -6.71459
23770.0000 -6.64013
23780.0000 -6.65615
23790.0000 -6.97991
23800.0000 -7.82010
23810.0000 -7.34268
23820.0000 -7.79885
23830.0000 -8.15895
23840.0000 -8.23692
23850.0000 -8.06729
23860.0000 -8.10589
23870.0000 -8.38758
23880.0000 -8.53322
23890.0000 -8.37595
23900.0000 -8.07013
23910.0000 -7.84900
23920.0000 -8.58396
23930.0000 -8.12380
23940.0000 -8.35854
23950.0000 -8.43956
23960.0000 -8.90161
23970.0000 -8.78260
23980.0000 -8.02517
23990.0000 -8.30622
24000.0000 -8.55116
24010.0000 -8.85427
24020.0000 -9.15642
24030.0000 -8.98929
24040.0000 -8.98415
24050.0000 -9.29091
24060.0000 -10.41792
24070.0000 -10.65595
24080.0000 -10.89241
24090.0000 -10.56992
24100.0000 -10.58428
24110.0000 -10.23931
24120.0000 -10.28727
24130.0000 -10.43611
24140.0000 -10.51851
24150.0000 -10.44624
24160.0000 -10.49946
24170.0000 -10.62302
24180.0000 -10.81588
24190.0000 -11.11979
24200.0000 -10.76567
24210.0000 -10.96488
24220.0000 -11.36025
24230.0000 -11.51530
24240.0000 -11.72891
24250.0000 -11.22333
24260.0000 -10.93500
24270.0000 -11.09773
24280.0000 -11.17182
24290.0000 -11.52401
24300.0000 -11.94730
24310.0000 -11.10771
24320.0000 -10.82613
24330.0000 -10.86072
24340.0000 -10.75830
24350.0000 -11.05971
24360.0000 -11.42723
24370.0000 -11.29275
24380.0000 -11.86614
24390.0000 -12.18518
24400.0000 -12.11080
24410.0000 -11.69368
24420.0000 -12.01734
24430.0000 -12.06500
24440.0000 -12.44843
24450.0000 -12.44494
24460.0000 -12.42256
24470.0000 -12.47344
24480.0000 -12.38511
24490.0000 -12.11211
24500.0000 -12.44927
24510.0000 -12.47221
24520.0000 -12.74114
24530.0000 -12.58301
24540.0000 -12.48764
24550.0000 -12.35032
24560.0000 -12.38742
24570.0000 -12.64800
24580.0000 -12.26531
24590.0000 -12.76489
24600.0000 -13.10320
24610.0000 -13.04370
24620.0000 -13.34091
24630.0000 -13.36996
24640.0000 -13.08581
24650.0000 -12.65574
24660.0000 -12.43152
24670.0000 -11.92008
24680.0000 -11.92187
24690.0000 -11.98575
24700.0000 -12.35379
24710.0000 -12.68216
24720.0000 -12.54165
24730.0000 -12.59475
24740.0000 -12.89758
24750.0000 -12.72958
24760.0000 -12.81909
24770.0000 -12.58742
24780.0000 -13.19357
24790.0000 -13.16789
24800.0000 -13.35782
24810.0000 -13.26009
24820.0000 -13.41762
24830.0000 -13.40825
24840.0000 -13.75469
24850.0000 -13.34723
24860.0000 -12.81981
24870.0000 -12.56972
24880.0000 -12.18801
24890.0000 -13.02709
24900.0000 -12.68867
24910.0000 -13.08204
24920.0000 -12.46556
24930.0000 -12.57051
24940.0000 -12.92113
24950.0000 -13.48796
24960.0000 -13.17257
24970.0000 -13.23487
24980.0000 -13.87566
24990.0000 -13.86851
25000.0000 -13.63615
25010.0000 -13.85202
25020.0000 -14.12416
25030.0000 -14.25919
25040.0000 -14.36409
25050.0000 -14.34799
25060.0000 -14.47510
25070.0000 -15.04317
25080.0000 -15.02552
25090.0000 -15.32329
25100.0000 -15.22161
25110.0000 -15.33267
25120.0000 -15.34803
25130.0000 -15.14565
25140.0000 -15.51723
25150.0000 -15.89217
25160.0000 -15.58882
25170.0000 -15.39238
25180.0000 -15.42448
25190.0000 -15.34072
25200.0000 -15.68974
25210.0000 -16.45787
25220.0000 -16.53922
25230.0000 -16.58618
25240.0000 -16.47923
25250.0000 -16.98050
25260.0000 -17.09892
25270.0000 -16.99685
25280.0000 -16.51238
25290.0000 -16.65980
25300.0000 -16.76253
25310.0000 -17.06193
25320.0000 -16.91864
25330.0000 -16.51706
25340.0000 -16.28681
25350.0000 -16.01121
25360.0000 -16.29685
25370.0000 -16.31607
25380.0000 -16.62447
25390.0000 -16.06585
25400.0000 -15.78035
25410.0000 -16.32122
25420.0000 -16.25099
25430.0000 -16.17620
25440.0000 -15.53163
25450.0000 -14.90574
25460.0000 -13.98978
25470.0000 -14.17191
25480.0000 -14.35407
25490.0000 -14.86399
25500.0000 -14.76641
25510.0000 -14.79185
25520.0000 -14.72417
25530.0000 -14.55664
25540.0000 -14.52104
25550.0000 -14.49187
25560.0000 -14.17325
25570.0000 -14.09704
25580.0000 -13.83201
25590.0000 -14.13138
25600.0000 -14.74225
25610.0000 -15.11610
25620.0000 -15.50671
25630.0000 -15.42090
25640.0000 -15.70083
25650.0000 -15.79096
25660.0000 -16.15807
25670.0000 -16.23767
25680.0000 -16.30606
25690.0000 -16.29887
25700.0000 -15.44898
25710.0000 -15.63274
25720.0000 -15.62918
25730.0000 -15.72909
25740.0000 -15.36747
25750.0000 -15.30419
25760.0000 -15.54408
25770.0000 -15.85476
25780.0000 -15.43615
25790.0000 -15.56492
25800.0000 -16.33355
25810.0000 -16.28418
25820.0000 -16.41974
25830.0000 -15.96573
25840.0000 -15.73478
25850.0000 -15.94262
25860.0000 -16.31156
25870.0000 -16.78441
25880.0000 -17.08801
25890.0000 -16.61897
25900.0000 -17.02187
25910.0000 -17.45348
25920.0000 -17.37978
25930.0000 -17.10931
25940.0000 -17.00477
25950.0000 -16.58850
25960.0000 -16.31977
25970.0000 -16.38659
25980.0000 -16.42676
25990.0000 -16.00424
26000.0000 -15.70376
26010.0000 -16.15902
26020.0000 -16.42016
26030.0000 -16.89471
26040.0000 -16.71977
26050.0000 -17.37800
26060.0000 -17.17245
26070.0000 -17.67627
26080.0000 -17.57188
26090.0000 -17.43811
26100.0000 -17.28193
26110.0000 -16.84724
26120.0000 -16.86135
26130.0000 -17.21454
26140.0000 -16.48420
26150.0000 -16.39702
26160.0000 -16.32676
26170.0000 -16.81598
26180.0000 -16.82557
26190.0000 -16.64540
26200.0000 -16.25299
26210.0000 -16.54761
26220.0000 -16.62070
26230.0000 -17.30351
26240.0000 -17.34147
26250.0000 -17.47989
26260.0000 -17.69202
26270.0000 -17.12377
26280.0000 -17.26919
26290.0000 -17.00687
26300.0000 -16.83144
26310.0000 -16.55512
26320.0000 -16.26110
26330.0000 -15.81910
26340.0000 -15.95522
26350.0000 -15.78116
26360.0000 -15.73480
26370.0000 -15.79922
26380.0000 -15.66390
26390.0000 -15.25724
26400.0000 -15.52125
26410.0000 -15.52760
26420.0000 -15.39859
26430.0000 -15.62777
26440.0000 -15.82543
26450.0000 -15.74936
26460.0000 -15.83077
26470.0000 -15.44176
26480.0000 -15.57987
26490.0000 -15.39821
26500.0000 -16.03992
26510.0000 -16.83995
26520.0000 -16.51221
26530.0000 -16.46358
26540.0000 -16.07266
26550.0000 -16.06105
26560.0000 -16.75867
26570.0000 -16.79836
26580.0000 -16.75784
26590.0000 -17.08846
26600.0000 -16.65155
26610.0000 -15.78658
26620.0000 -15.43287
26630.0000 -15.26031
26640.0000 -15.72073
26650.0000 -15.23575
26660.0000 -15.46951
26670.0000 -15.97913
26680.0000 -16.02050
26690.0000 -16.13705
26700.0000 -16.48946
26710.0000 -16.81717
26720.0000 -16.72812
26730.0000 -16.93867
26740.0000 -17.23310
26750.0000 -17.60332
26760.0000 -17.81436
26770.0000 -17.79256
26780.0000 -17.68720
26790.0000 -17.40814
26800.0000 -17.63756
26810.0000 -17.41918
26820.0000 -16.76042
26830.0000 -16.57819
26840.0000 -15.68493
26850.0000 -15.66838
26860.0000 -15.54598
26870.0000 -15.70598
26880.0000 -15.58549
26890.0000 -15.51240
26900.0000 -15.51529
26910.0000 -16.25240
26920.0000 -16.39283
26930.0000 -16.47006
26940.0000 -16.37685
26950.0000 -16.05473
26960.0000 -16.63516
26970.0000 -16.89080
26980.0000 -16.68235
26990.0000 -16.61032
27000.0000 -16.79071
27010.0000 -17.31054
27020.0000 -17.51308
27030.0000 -17.70408
27040.0000 -17.62812
27050.0000 -17.66721
27060.0000 -18.13408
27070.0000 -18.31352
27080.0000 -18.18995
27090.0000 -17.99392
27100.0000 -17.87792
27110.0000 -18.10827
27120.0000 -18.20476
27130.0000 -17.89503
27140.0000 -17.09933
27150.0000 -17.36886
27160.0000 -18.01930
27170.0000 -17.43812
27180.0000 -17.15777
27190.0000 -16.52282
27200.0000 -16.48149
27210.0000 -16.71605
27220.0000 -17.05233
27230.0000 -17.26087
27240.0000 -18.20114
27250.0000 -18.66670
27260.0000 -18.44180
27270.0000 -18.26723
27280.0000 -18.16985
27290.0000 -17.86215
27300.0000 -17.61175
27310.0000 -18.18511
27320.0000 -18.01352
27330.0000 -17.71382
27340.0000 -17.23393
27350.0000 -17.10140
27360.0000 -17.27506
27370.0000 -17.76124
27380.0000 -17.87852
27390.0000 -17.87632
27400.0000 -18.16229
27410.0000 -18.13362
27420.0000 -18.17294
27430.0000 -18.46255
27440.0000 -18.94875
27450.0000 -18.82183
27460.0000 -18.92456
27470.0000 -18.73429
27480.0000 -19.03144
27490.0000 -19.33382
27500.0000 -19.15119
27510.0000 -19.50686
27520.0000 -19.56617
27530.0000 -19.39903
27540.0000 -19.26777
27550.0000 -19.27697
27560.0000 -19.69396
27570.0000 -19.85986
27580.0000 -19.50142
27590.0000 -19.98920
27600.0000 -20.04320
27610.0000 -19.70748
27620.0000 -20.22913
27630.0000 -20.21554
27640.0000 -19.71846
27650.0000 -19.47507
27660.0000 -19.17421
27670.0000 -18.68365
27680.0000 -18.86534
27690.0000 -18.50671
27700.0000 -18.45707
27710.0000 -18.68779
27720.0000 -18.13865
27730.0000 -18.59308
27740.0000 -18.55413
27750.0000 -18.76971
27760.0000 -18.79819
27770.0000 -19.18152
27780.0000 -19.05682
27790.0000 -19.43018
27800.0000 -18.87528
27810.0000 -18.46216
27820.0000 -18.23190
27830.0000 -18.07572
27840.0000 -18.47907
27850.0000 -18.00968
27860.0000 -17.89572
27870.0000 -17.15748
27880.0000 -16.92757
27890.0000 -16.49009
27900.0000 -16.67708
27910.0000 -16.97928
27920.0000 -16.57088
27930.0000 -16.74650
27940.0000 -16.62530
27950.0000 -16.30905
27960.0000 -16.04390
27970.0000 -15.79772
27980.0000 -16.05829
27990.0000 -16.09579
28000.0000 -16.05840
28010.0000 -16.39577
28020.0000 -16.71840
28030.0000 -16.91230
28040.0000 -16.62868
28050.0000 -16.61472
28060.0000 -16.72469
28070.0000 -16.96069
28080.0000 -16.62365
28090.0000 -16.96788
28100.0000 -17.01891
28110.0000 -16.95442
28120.0000 -16.91418
28130.0000 -16.79266
28140.0000 -17.07012
28150.0000 -17.09097
28160.0000 -17.18903
28170.0000 -17.00131
28180.0000 -17.50995
28190.0000 -17.75796
28200.0000 -17.97305
28210.0000 -17.77777
28220.0000 -17.91148
28230.0000 -18.13198
28240.0000 -18.16141
28250.0000 -17.60991
28260.0000 -17.60011
28270.0000 -17.81158
28280.0000 -17.63099
28290.0000 -17.28611
28300.0000 -17.65393
28310.0000 -17.21000
28320.0000 -16.69407
28330.0000 -16.18124
28340.0000 -16.19548
28350.0000 -16.45583
28360.0000 -16.61448
28370.0000 -16.48093
28380.0000 -16.51190
28390.0000 -16.77719
28400.0000 -16.76824
28410.0000 -16.90593
28420.0000 -16.99060
28430.0000 -17.19954
28440.0000 -16.62538
28450.0000 -16.71419
28460.0000 -16.47963
28470.0000 -16.71061
28480.0000 -16.83326
28490.0000 -16.60329
28500.0000 -16.42265
28510.0000 -16.13061
28520.0000 -16.74976
28530.0000 -16.79658
28540.0000 -17.21905
28550.0000 -17.43161
28560.0000 -16.94743
28570.0000 -16.97778
28580.0000 -16.71875
28590.0000 -16.51836
28600.0000 -16.61019
28610.0000 -16.81459
28620.0000 -17.12575
28630.0000 -17.27213
28640.0000 -17.26179
28650.0000 -17.60042
28660.0000 -17.31946
28670.0000 -17.16854
28680.0000 -17.16148
28690.0000 -17.98629
28700.0000 -17.96277
28710.0000 -17.93116
28720.0000 -17.96921
28730.0000 -18.00866
28740.0000 -18.23177
28750.0000 -18.27076
28760.0000 -18.28692
28770.0000 -18.13824
28780.0000 -17.92061
28790.0000 -17.56685
28800.0000 -17.70809
28810.0000 -17.73618
28820.0000 -17.44912
28830.0000 -17.56230
28840.0000 -17.47630
28850.0000 -17.29645
28860.0000 -16.89271
28870.0000 -16.90475
28880.0000 -17.31264
28890.0000 -17.17133
28900.0000 -16.92635
28910.0000 -16.50352
28920.0000 -16.90355
28930.0000 -16.99211
28940.0000 -17.08137
28950.0000 -16.85203
28960.0000 -17.06578
28970.0000 -17.43331
28980.0000 -17.41321
28990.0000 -17.38750
29000.0000 -17.51914
29010.0000 -17.47454
29020.0000 -17.57897
29030.0000 -17.26867
29040.0000 -17.80033
29050.0000 -17.78598
29060.0000 -18.03316
29070.0000 -17.75243
29080.0000 -17.76012
29090.0000 -17.52158
29100.0000 -17.59304
29110.0000 -17.12523
29120.0000 -16.91006
29130.0000 -17.03868
29140.0000 -16.73318
29150.0000 -16.67727
29160.0000 -16.72185
29170.0000 -17.23452
29180.0000 -17.47703
29190.0000 -17.34518
29200.0000 -17.28218
29210.0000 -17.32699
29220.0000 -17.17037
29230.0000 -17.12198
29240.0000 -16.97960
29250.0000 -16.71367
29260.0000 -16.95547
29270.0000 -17.03710
29280.0000 -17.30753
29290.0000 -17.41217
29300.0000 -17.33380
29310.0000 -17.62413
29320.0000 -17.29530
29330.0000 -17.38414
29340.0000 -17.03060
29350.0000 -17.11623
29360.0000 -17.43421
29370.0000 -17.76812
29380.0000 -18.16169
29390.0000 -18.60759
29400.0000 -18.88231
29410.0000 -18.26756
29420.0000 -18.21820
29430.0000 -18.37136
29440.0000 -18.62738
29450.0000 -18.92495
29460.0000 -18.53618
29470.0000 -18.55698
29480.0000 -18.81596
29490.0000 -18.88072
29500.0000 -18.80614
29510.0000 -18.78076
29520.0000 -19.16191
29530.0000 -19.05589
29540.0000 -18.69891
29550.0000 -18.35347
29560.0000 -18.48557
29570.0000 -18.26018
29580.0000 -18.09926
29590.0000 -18.12120
29600.0000 -18.24462
29610.0000 -18.09508
29620.0000 -17.74852
29630.0000 -17.42053
29640.0000 -17.37658
29650.0000 -17.69819
29660.0000 -17.38798
29670.0000 -17.50479
29680.0000 -18.01717
29690.0000 -18.31682
29700.0000 -18.79688
29710.0000 -18.95392
29720.0000 -18.66835
29730.0000 -18.75939
29740.0000 -19.24760
29750.0000 -19.16025
29760.0000 -19.44765
29770.0000 -19.34728
29780.0000 -19.44666
29790.0000 -19.86539
29800.0000 -20.10093
29810.0000 -19.71806
29820.0000 -20.12208
29830.0000 -20.20012
29840.0000 -20.14608
29850.0000 -19.88564
29860.0000 -19.96328
29870.0000 -20.25134
29880.0000 -20.14339
29890.0000 -20.16130
29900.0000 -20.50389
29910.0000 -20.16458
29920.0000 -20.31188
29930.0000 -20.37179
29940.0000 -20.42675
29950.0000 -20.52325
29960.0000 -20.38775
29970.0000 -20.11153
29980.0000 -20.30293
29990.0000 -20.31840
30000.0000 -20.47489
30010.0000 -20.64336
30020.0000 -20.78955
30030.0000 -21.00424
30040.0000 -20.93139
30050.0000 -21.16409
30060.0000 -20.74633
30070.0000 -20.67188
30080.0000 -20.39915
30090.0000 -20.35655
30100.0000 -20.74610
30110.0000 -21.08802
30120.0000 -21.19327
30130.0000 -21.23032
30140.0000 -21.15087
30150.0000 -21.16431
30160.0000 -21.13318
30170.0000 -21.21910
30180.0000 -21.02801
30190.0000 -21.07951
30200.0000 -21.12192
30210.0000 -21.19573
30220.0000 -20.86767
30230.0000 -20.87044
30240.0000 -20.72072
30250.0000 -20.56877
30260.0000 -20.31509
30270.0000 -20.42500
30280.0000 -20.45157
30290.0000 -21.18780
30300.0000 -21.47839
30310.0000 -21.96053
30320.0000 -22.03625
30330.0000 -22.10933
30340.0000 -22.06601
30350.0000 -22.20149
30360.0000 -22.56751
30370.0000 -22.45045
30380.0000 -22.28918
30390.0000 -22.43490
30400.0000 -22.47519
30410.0000 -22.32837
30420.0000 -22.64383
30430.0000 -23.12725
30440.0000 -23.17103
30450.0000 -23.50911
30460.0000 -23.31776
30470.0000 -23.52289
30480.0000 -24.06160
30490.0000 -24.40165
30500.0000 -24.58247
30510.0000 -24.02840
30520.0000 -23.77614
30530.0000 -23.85778
30540.0000 -23.47442
30550.0000 -23.60146
30560.0000 -23.18918
30570.0000 -23.62630
30580.0000 -23.46717
30590.0000 -23.63006
30600.0000 -23.64550
30610.0000 -23.24209
30620.0000 -23.43118
30630.0000 -22.99937
30640.0000 -23.21135
30650.0000 -23.82727
30660.0000 -23.83925
30670.0000 -22.92173
30680.0000 -23.16668
30690.0000 -22.62402
30700.0000 -22.70754
30710.0000 -23.07342
30720.0000 -23.02328
30730.0000 -22.65471
30740.0000 -22.32360
30750.0000 -22.45719
30760.0000 -22.41307
30770.0000 -21.99750
30780.0000 -22.13872
30790.0000 -22.09627
30800.0000 -21.94267
30810.0000 -21.93625
30820.0000 -21.66150
30830.0000 -22.15876
30840.0000 -22.63432
30850.0000 -22.13096
30860.0000 -22.53120
30870.0000 -22.58743
30880.0000 -22.91515
30890.0000 -22.90249
30900.0000 -23.01022
30910.0000 -22.74241
30920.0000 -22.74561
30930.0000 -22.67317
30940.0000 -22.53450
30950.0000 -22.10459
30960.0000 -22.36462
30970.0000 -22.30396
30980.0000 -22.50898
30990.0000 -22.24109
31000.0000 -21.99066
31010.0000 -21.92135
31020.0000 -21.47799
31030.0000 -21.76657
31040.0000 -21.54094
31050.0000 -21.46475
31060.0000 -21.74614
31070.0000 -22.06242
31080.0000 -22.06903
31090.0000 -22.64843
31100.0000 -22.89259
31110.0000 -22.79380
31120.0000 -22.97558
31130.0000 -23.13819
31140.0000 -22.60037
31150.0000 -22.27648
31160.0000 -22.70123
31170.0000 -22.86896
31180.0000 -22.98684
31190.0000 -22.92470
31200.0000 -22.49012
31210.0000 -22.10523
31220.0000 -21.80040
31230.0000 -21.69844
31240.0000 -21.83885
31250.0000 -21.76453
31260.0000 -21.66072
31270.0000 -22.06313
31280.0000 -22.14904
31290.0000 -22.46669
31300.0000 -22.09886
31310.0000 -22.62877
31320.0000 -22.83329
31330.0000 -22.27958
31340.0000 -21.88650
31350.0000 -22.10236
31360.0000 -21.99963
31370.0000 -21.61464
31380.0000 -21.19229
31390.0000 -21.39331
31400.0000 -21.03397
31410.0000 -20.95374
31420.0000 -20.60608
31430.0000 -20.18363
31440.0000 -19.92395
31450.0000 -20.35909
31460.0000 -20.73625
31470.0000 -21.47727
31480.0000 -21.67974
31490.0000 -21.65143
31500.0000 -21.57961
31510.0000 -21.80078
31520.0000 -21.39669
31530.0000 -21.94684
31540.0000 -21.67558
31550.0000 -21.70441
31560.0000 -21.30772
31570.0000 -21.63266
31580.0000 -22.08998
31590.0000 -22.14902
31600.0000 -22.24330
31610.0000 -22.74169
31620.0000 -22.94989
31630.0000 -22.66608
31640.0000 -22.13375
31650.0000 -22.16147
31660.0000 -22.42568
31670.0000 -22.45522
31680.0000 -22.23464
31690.0000 -22.25758
31700.0000 -22.41816
31710.0000 -21.90431
31720.0000 -21.82980
31730.0000 -21.65983
31740.0000 -21.65188
31750.0000 -21.23345
31760.0000 -21.19856
31770.0000 -21.62383
31780.0000 -21.39795
31790.0000 -21.17833
31800.0000 -20.73866
31810.0000 -20.56696
31820.0000 -20.75967
31830.0000 -20.33188
31840.0000 -20.20028
31850.0000 -20.27208
31860.0000 -20.46191
31870.0000 -20.28582
31880.0000 -20.04452
31890.0000 -19.68734
31900.0000 -18.98197
31910.0000 -18.29709
31920.0000 -18.25795
31930.0000 -18.52018
31940.0000 -17.27408
31950.0000 -17.91688
31960.0000 -17.55389
31970.0000 -17.44874
31980.0000 -16.89698
31990.0000 -16.47421
32000.0000 -17.12455
32010.0000 -16.64812
32020.0000 -16.32666
32030.0000 -16.64098
32040.0000 -16.96684
32050.0000 -16.76206
32060.0000 -16.81045
32070.0000 -16.99424
32080.0000 -17.40816
32090.0000 -17.53515
32100.0000 -17.59830
32110.0000 -17.60526
32120.0000 -18.35579
32130.0000 -18.44267
32140.0000 -18.77215
32150.0000 -18.48698
32160.0000 -18.50918
32170.0000 -18.74104
32180.0000 -18.71012
32190.0000 -18.30128
32200.0000 -18.28618
32210.0000 -18.50158
32220.0000 -18.07543
32230.0000 -18.23870
32240.0000 -18.02146
32250.0000 -18.09370
32260.0000 -17.98296
32270.0000 -18.53976
32280.0000 -18.08383
32290.0000 -17.77591
32300.0000 -17.85080
32310.0000 -18.20227
32320.0000 -17.92851
32330.0000 -17.68135
32340.0000 -17.82068
32350.0000 -17.81669
32360.0000 -18.01051
32370.0000 -17.82452
32380.0000 -18.10441
32390.0000 -18.01397
32400.0000 -17.77886
32410.0000 -17.71023
32420.0000 -17.10174
32430.0000 -17.46441
32440.0000 -17.45031
32450.0000 -18.49633
32460.0000 -18.61445
32470.0000 -18.82074
32480.0000 -18.18683
32490.0000 -18.56956
32500.0000 -18.99304
32510.0000 -19.50776
32520.0000 -18.78700
32530.0000 -18.75639
32540.0000 -18.97537
32550.0000 -18.98191
32560.0000 -19.54398
32570.0000 -19.28885
32580.0000 -18.97559
32590.0000 -18.60902
32600.0000 -18.50489
32610.0000 -18.23721
32620.0000 -18.01636
32630.0000 -18.16134
32640.0000 -17.67604
32650.0000 -17.62529
32660.0000 -17.03825
32670.0000 -17.29941
32680.0000 -17.11012
32690.0000 -16.86772
32700.0000 -17.23149
32710.0000 -17.76999
32720.0000 -18.25384
32730.0000 -18.64694
32740.0000 -18.82589
32750.0000 -18.36380
32760.0000 -18.24496
32770.0000 -18.59822
32780.0000 -18.82056
32790.0000 -18.95259
32800.0000 -19.24898
32810.0000 -18.94113
32820.0000 -18.60694
32830.0000 -18.61837
32840.0000 -19.01237
32850.0000 -19.11872
32860.0000 -19.02237
32870.0000 -18.40435
32880.0000 -18.66191
32890.0000 -19.08685
32900.0000 -18.84515
32910.0000 -19.18009
32920.0000 -19.26494
32930.0000 -19.05016
32940.0000 -18.72377
32950.0000 -19.05411
32960.0000 -19.40536
32970.0000 -18.98164
32980.0000 -19.57425
32990.0000 -20.11916
33000.0000 -19.71202
33010.0000 -20.15009
33020.0000 -20.41429
33030.0000 -19.84717
33040.0000 -19.46499
33050.0000 -19.23367
33060.0000 -19.62766
33070.0000 -19.49151
33080.0000 -19.04524
33090.0000 -18.91645
33100.0000 -18.66194
33110.0000 -18.65482
33120.0000 -18.56541
33130.0000 -18.62039
33140.0000 -18.31317
33150.0000 -18.13126
33160.0000 -18.03104
33170.0000 -17.34073
33180.0000 -17.52370
33190.0000 -17.96449
33200.0000 -17.64454
33210.0000 -17.32249
33220.0000 -17.10329
33230.0000 -17.09176
33240.0000 -17.64919
33250.0000 -18.32090
33260.0000 -18.45096
33270.0000 -18.14553
33280.0000 -17.71507
33290.0000 -17.97456
33300.0000 -17.77394
33310.0000 -17.99980
33320.0000 -17.58174
33330.0000 -17.59281
33340.0000 -18.00648
33350.0000 -17.73493
33360.0000 -18.03893
33370.0000 -18.53432
33380.0000 -18.41403
33390.0000 -18.13491
33400.0000 -17.99384
33410.0000 -17.77192
33420.0000 -17.77350
33430.0000 -17.84871
33440.0000 -17.72311
33450.0000 -17.25677
33460.0000 -17.01414
33470.0000 -17.17725
33480.0000 -16.40182
33490.0000 -16.38852
33500.0000 -17.01819
33510.0000 -17.04831
33520.0000 -17.26243
33530.0000 -17.66702
33540.0000 -17.98351
33550.0000 -18.53779
33560.0000 -17.93753
33570.0000 -17.84575
33580.0000 -17.29726
33590.0000 -17.25264
33600.0000 -17.31946
33610.0000 -16.88632
33620.0000 -16.82809
33630.0000 -16.66676
33640.0000 -16.54042
33650.0000 -16.16082
33660.0000 -15.95849
33670.0000 -15.68535
33680.0000 -15.99357
33690.0000 -16.40119
33700.0000 -16.78407
33710.0000 -16.52268
33720.0000 -17.03599
33730.0000 -17.31496
33740.0000 -17.27840
33750.0000 -17.48050
33760.0000 -17.30526
33770.0000 -16.97000
33780.0000 -17.05636
33790.0000 -17.17942
33800.0000 -17.06977
33810.0000 -17.11128
33820.0000 -17.47019
33830.0000 -17.55170
33840.0000 -17.17207
33850.0000 -17.05884
33860.0000 -17.44025
33870.0000 -17.61987
33880.0000 -17.90709
33890.0000 -18.21823
33900.0000 -18.10846
33910.0000 -18.25515
33920.0000 -18.21341
33930.0000 -17.76841
33940.0000 -17.54836
33950.0000 -17.57783
33960.0000 -16.88989
33970.0000 -16.75247
33980.0000 -16.61832
33990.0000 -16.97733
34000.0000 -17.44754
34010.0000 -17.22824
34020.0000 -17.14097
34030.0000 -17.17677
34040.0000 -16.84239
34050.0000 -16.27618
34060.0000 -16.09387
34070.0000 -16.20364
34080.0000 -16.20260
34090.0000 -16.04521
34100.0000 -15.52360
34110.0000 -15.99522
34120.0000 -16.15379
34130.0000 -16.24103
34140.0000 -16.70898
34150.0000 -17.65399
34160.0000 -18.20500
34170.0000 -18.52603
34180.0000 -18.18412
34190.0000 -18.02007
34200.0000 -18.57962
34210.0000 -19.02097
34220.0000 -18.77567
34230.0000 -18.72711
34240.0000 -18.59029
34250.0000 -18.34139
34260.0000 -17.99397
34270.0000 -18.38686
34280.0000 -18.22050
34290.0000 -17.55238
34300.0000 -17.48850
34310.0000 -17.66662
34320.0000 -18.02078
34330.0000 -18.61711
34340.0000 -17.99223
34350.0000 -17.70346
34360.0000 -17.74899
34370.0000 -17.20009
34380.0000 -17.33487
34390.0000 -16.99511
34400.0000 -16.98128
34410.0000 -16.69422
34420.0000 -16.68295
34430.0000 -16.55590
34440.0000 -16.48245
34450.0000 -16.16158
34460.0000 -16.61488
34470.0000 -16.44465
34480.0000 -16.61801
34490.0000 -16.88697
34500.0000 -17.82129
34510.0000 -18.48305
34520.0000 -18.22112
34530.0000 -18.25825
34540.0000 -18.07943
34550.0000 -18.46234
34560.0000 -18.80006
34570.0000 -18.69814
34580.0000 -18.58862
34590.0000 -18.15185
34600.0000 -18.49902
34610.0000 -18.47451
34620.0000 -18.18013
34630.0000 -17.89622
34640.0000 -17.52967
34650.0000 -17.75193
34660.0000 -17.80352
34670.0000 -17.90661
34680.0000 -18.05527
34690.0000 -17.94882
34700.0000 -18.21341
34710.0000 -18.18801
34720.0000 -18.12109
34730.0000 -18.13388
34740.0000 -17.89466
34750.0000 -18.26188
34760.0000 -17.73807
34770.0000 -17.67341
34780.0000 -17.39091
34790.0000 -17.35791
34800.0000 -17.13424
34810.0000 -16.85864
34820.0000 -16.75779
34830.0000 -16.65117
34840.0000 -16.25547
34850.0000 -16.21000
34860.0000 -16.03270
34870.0000 -15.85525
34880.0000 -15.92004
34890.0000 -16.01699
34900.0000 -15.89182
34910.0000 -16.24367
34920.0000 -16.30058
34930.0000 -16.18949
34940.0000 -15.93828
34950.0000 -15.70779
34960.0000 -15.99907
34970.0000 -15.93085
34980.0000 -15.27661
34990.0000 -15.28980
35000.0000 -15.22574
35010.0000 -15.29260
35020.0000 -15.79193
35030.0000 -15.81929
35040.0000 -15.97974
35050.0000 -15.77690
35060.0000 -15.37680
35070.0000 -15.41303
35080.0000 -15.54599
35090.0000 -15.60050
35100.0000 -15.70452
35110.0000 -15.55510
35120.0000 -15.20134
35130.0000 -15.30690
35140.0000 -15.47796
35150.0000 -15.31145
35160.0000 -15.05609
35170.0000 -15.18964
35180.0000 -14.75164
35190.0000 -14.47307
35200.0000 -14.75347
35210.0000 -15.30270
35220.0000 -15.74333
35230.0000 -16.10850
35240.0000 -15.51777
35250.0000 -15.68832
35260.0000 -16.07815
35270.0000 -15.98267
35280.0000 -15.91500
35290.0000 -16.78141
35300.0000 -16.89776
35310.0000 -17.12475
35320.0000 -17.04506
35330.0000 -16.59903
35340.0000 -16.47000
35350.0000 -16.43037
35360.0000 -16.10245
35370.0000 -15.61156
35380.0000 -15.49249
35390.0000 -15.26060
35400.0000 -14.81346
35410.0000 -14.55107
35420.0000 -14.83902
35430.0000 -15.18369
35440.0000 -15.32014
35450.0000 -15.11232
35460.0000 -14.95089
35470.0000 -15.11552
35480.0000 -15.38712
35490.0000 -15.62739
35500.0000 -15.45023
35510.0000 -15.97593
35520.0000 -15.97931
35530.0000 -15.85481
35540.0000 -16.01247
35550.0000 -15.99489
35560.0000 -16.26245
35570.0000 -16.78125
35580.0000 -17.55544
35590.0000 -17.38426
35600.0000 -16.95695
35610.0000 -17.14562
35620.0000 -16.85589
35630.0000 -16.80295
35640.0000 -16.82651
35650.0000 -16.91805
35660.0000 -16.78602
35670.0000 -16.89228
35680.0000 -17.32319
35690.0000 -17.51805
35700.0000 -17.16110
35710.0000 -17.23357
35720.0000 -17.19480
35730.0000 -17.31108
35740.0000 -17.13046
35750.0000 -16.78017
35760.0000 -16.74081
35770.0000 -17.30972
35780.0000 -16.78552
35790.0000 -16.63346
35800.0000 -16.89531
35810.0000 -16.88720
35820.0000 -16.67827
35830.0000 -17.13536
35840.0000 -17.56877
35850.0000 -17.37648
35860.0000 -16.91421
35870.0000 -17.08494
35880.0000 -16.65053
35890.0000 -16.63351
35900.0000 -17.05581
35910.0000 -16.55936
35920.0000 -16.32738
35930.0000 -16.33164
35940.0000 -16.49288
35950.0000 -16.61461
35960.0000 -16.65647
35970.0000 -16.92899
35980.0000 -16.57172
35990.0000 -16.91488
36000.0000 -16.51685
36010.0000 -16.22558
36020.0000 -16.06924
36030.0000 -15.65458
36040.0000 -16.08128
36050.0000 -16.40160
36060.0000 -16.27804
36070.0000 -16.10185
36080.0000 -15.98230
36090.0000 -15.67379
36100.0000 -15.56608
36110.0000 -15.23901
36120.0000 -14.99890
36130.0000 -14.85731
36140.0000 -14.38373
36150.0000 -14.35954
36160.0000 -15.40202
36170.0000 -15.43131
36180.0000 -15.54426
36190.0000 -15.34230
36200.0000 -15.01055
36210.0000 -14.75139
36220.0000 -14.76315
36230.0000 -14.62559
36240.0000 -14.71452
36250.0000 -14.74387
36260.0000 -14.62397
36270.0000 -14.22281
36280.0000 -14.12534
36290.0000 -13.77512
36300.0000 -13.45679
36310.0000 -13.66527
36320.0000 -14.09193
36330.0000 -14.44802
36340.0000 -14.90797
36350.0000 -15.42762
36360.0000 -14.90547
36370.0000 -15.60542
36380.0000 -16.07339
36390.0000 -16.09561
36400.0000 -16.02890
36410.0000 -16.54292
36420.0000 -16.93483
36430.0000 -16.78653
36440.0000 -17.02868
36450.0000 -17.06909
36460.0000 -17.33122
36470.0000 -17.21194
36480.0000 -17.52332
36490.0000 -17.16109
36500.0000 -16.78413
36510.0000 -16.35207
36520.0000 -16.35404
36530.0000 -16.37073
36540.0000 -16.23971
36550.0000 -15.84667
36560.0000 -16.00333
36570.0000 -15.88247
36580.0000 -16.06876
36590.0000 -16.52087
36600.0000 -16.30946
36610.0000 -15.85857
36620.0000 -16.01350
36630.0000 -15.67752
36640.0000 -15.67568
36650.0000 -15.72207
36660.0000 -16.11794
36670.0000 -16.40763
36680.0000 -16.65234
36690.0000 -17.01999
36700.0000 -16.73831
36710.0000 -16.65897
36720.0000 -16.94461
36730.0000 -17.06725
36740.0000 -17.24765
36750.0000 -17.24319
36760.0000 -17.37275
36770.0000 -17.00055
36780.0000 -16.99519
36790.0000 -16.53504
36800.0000 -16.74519
36810.0000 -16.53798
36820.0000 -16.54276
36830.0000 -16.79825
36840.0000 -16.87712
36850.0000 -16.97203
36860.0000 -16.62200
36870.0000 -16.32972
36880.0000 -15.56519
36890.0000 -15.97840
36900.0000 -15.84562
36910.0000 -15.49044
36920.0000 -15.82879
36930.0000 -15.63148
36940.0000 -15.86093
36950.0000 -16.43989
36960.0000 -16.48774
36970.0000 -16.36852
36980.0000 -16.60755
36990.0000 -16.33148
37000.0000 -16.63690
37010.0000 -16.82944
37020.0000 -16.71069
37030.0000 -16.54544
37040.0000 -16.32360
37050.0000 -16.11795
37060.0000 -15.98609
37070.0000 -16.12648
37080.0000 -16.37599
37090.0000 -16.29256
37100.0000 -16.71163
37110.0000 -16.79174
37120.0000 -16.43981
37130.0000 -16.64371
37140.0000 -16.22099
37150.0000 -15.87135
37160.0000 -15.87910
37170.0000 -15.57631
37180.0000 -15.40175
37190.0000 -15.23264
37200.0000 -15.06907
37210.0000 -15.16332
37220.0000 -15.14877
37230.0000 -15.11632
37240.0000 -15.12230
37250.0000 -14.78197
37260.0000 -14.64625
37270.0000 -14.33616
37280.0000 -14.42936
37290.0000 -14.38762
37300.0000 -14.45765
37310.0000 -14.07892
37320.0000 -13.67179
37330.0000 -13.83581
37340.0000 -13.60093
37350.0000 -13.55388
37360.0000 -13.89451
37370.0000 -14.08774
37380.0000 -14.35240
37390.0000 -14.36524
37400.0000 -14.86380
37410.0000 -15.02682
37420.0000 -14.05682
37430.0000 -14.17027
37440.0000 -13.76957
37450.0000 -14.19991
37460.0000 -14.84395
37470.0000 -15.26726
37480.0000 -16.04859
37490.0000 -15.31758
37500.0000 -15.14408
37510.0000 -14.88333
37520.0000 -14.83767
37530.0000 -15.68086
37540.0000 -15.56870
37550.0000 -15.72912
37560.0000 -15.78274
37570.0000 -15.83286
37580.0000 -16.23248
37590.0000 -15.97829
37600.0000 -16.36883
37610.0000 -16.98212
37620.0000 -16.88429
37630.0000 -17.19542
37640.0000 -17.21935
37650.0000 -16.87601
37660.0000 -16.63243
37670.0000 -16.45505
37680.0000 -16.38711
37690.0000 -16.20254
37700.0000 -16.29817
37710.0000 -15.95352
37720.0000 -16.25007
37730.0000 -16.28100
37740.0000 -16.41207
37750.0000 -16.18286
37760.0000 -16.52391
37770.0000 -16.25329
37780.0000 -16.33877
37790.0000 -16.80924
37800.0000 -16.49384
37810.0000 -16.40096
37820.0000 -16.81945
37830.0000 -17.50513
37840.0000 -17.26524
37850.0000 -17.59631
37860.0000 -17.49471
37870.0000 -17.59817
37880.0000 -17.39861
37890.0000 -17.01105
37900.0000 -17.16943
37910.0000 -17.48676
37920.0000 -16.93952
37930.0000 -17.22870
37940.0000 -16.87916
37950.0000 -16.55301
37960.0000 -16.31577
37970.0000 -16.96575
37980.0000 -16.61362
37990.0000 -16.35402
38000.0000 -16.54963
38010.0000 -16.54315
38020.0000 -16.36594
38030.0000 -16.67097
38040.0000 -17.08146
38050.0000 -17.56194
38060.0000 -17.88967
38070.0000 -18.06728
38080.0000 -18.29536
38090.0000 -18.76360
38100.0000 -18.41302
38110.0000 -18.57063
38120.0000 -18.66514
38130.0000 -18.66345
38140.0000 -18.72087
38150.0000 -19.06178
38160.0000 -19.36801
38170.0000 -19.13995
38180.0000 -19.37401
38190.0000 -19.53555
38200.0000 -19.75630
38210.0000 -19.47556
38220.0000 -19.32684
38230.0000 -18.76036
38240.0000 -18.54713
38250.0000 -18.80683
38260.0000 -18.60299
38270.0000 -18.87252
38280.0000 -18.37607
38290.0000 -18.28906
38300.0000 -18.84624
38310.0000 -18.55846
38320.0000 -18.62230
38330.0000 -19.22467
38340.0000 -19.14872
38350.0000 -19.39581
38360.0000 -19.21064
38370.0000 -19.22410
38380.0000 -19.57355
38390.0000 -20.01179
38400.0000 -19.52979
38410.0000 -19.51615
38420.0000 -19.39652
38430.0000 -19.38878
38440.0000 -19.32161
38450.0000 -19.66240
38460.0000 -19.88825
38470.0000 -19.51919
38480.0000 -19.31653
38490.0000 -19.71318
38500.0000 -19.93654
38510.0000 -20.00156
38520.0000 -20.22185
38530.0000 -20.08437
38540.0000 -19.96135
38550.0000 -20.08950
38560.0000 -20.23257
38570.0000 -20.09366
38580.0000 -20.32626
38590.0000 -20.48093
38600.0000 -20.72695
38610.0000 -20.41811
38620.0000 -20.31123
38630.0000 -20.52789
38640.0000 -20.70588
38650.0000 -20.69104
38660.0000 -20.77995
38670.0000 -20.46417
38680.0000 -20.55947
38690.0000 -20.45214
38700.0000 -20.37310
38710.0000 -20.18074
38720.0000 -20.61430
38730.0000 -20.71753
38740.0000 -20.90249
38750.0000 -21.15929
38760.0000 -20.80080
38770.0000 -20.66554
38780.0000 -20.69719
38790.0000 -20.66823
38800.0000 -20.42761
38810.0000 -20.18813
38820.0000 -19.91522
38830.0000 -19.97927
38840.0000 -19.78724
38850.0000 -20.26903
38860.0000 -20.19183
38870.0000 -19.98188
38880.0000 -20.00376
38890.0000 -20.00835
38900.0000 -20.30787
38910.0000 -20.30238
38920.0000 -20.06624
38930.0000 -20.27440
38940.0000 -20.22639
38950.0000 -19.94573
38960.0000 -19.84270
38970.0000 -19.74342
38980.0000 -19.68562
38990.0000 -19.39464
39000.0000 -19.48786
39010.0000 -19.56937
39020.0000 -19.94046
39030.0000 -20.30158
39040.0000 -20.37807
39050.0000 -20.37365
39060.0000 -20.68370
39070.0000 -20.79962
39080.0000 -20.37291
39090.0000 -20.36150
39100.0000 -20.42850
39110.0000 -20.33716
39120.0000 -20.10311
39130.0000 -20.19845
39140.0000 -20.47327
39150.0000 -20.71617
39160.0000 -20.70265
39170.0000 -20.03862
39180.0000 -20.07915
39190.0000 -19.88290
39200.0000 -19.47879
39210.0000 -19.42300
39220.0000 -19.40071
39230.0000 -19.62631
39240.0000 -20.01347
39250.0000 -19.65064
39260.0000 -19.67193
39270.0000 -19.49895
39280.0000 -19.52389
39290.0000 -19.57745
39300.0000 -19.32590
39310.0000 -19.52182
39320.0000 -19.18252
39330.0000 -19.48422
39340.0000 -19.32710
39350.0000 -18.84743
39360.0000 -18.57710
39370.0000 -18.00370
39380.0000 -17.94501
39390.0000 -17.54158
39400.0000 -17.51391
39410.0000 -17.87002
39420.0000 -17.73025
39430.0000 -17.80974
39440.0000 -17.92779
39450.0000 -17.89109
39460.0000 -17.05672
39470.0000 -16.86471
39480.0000 -16.58631
39490.0000 -16.50438
39500.0000 -16.91783
39510.0000 -16.74685
39520.0000 -17.00678
39530.0000 -16.64102
39540.0000 -16.28198
39550.0000 -16.35520
39560.0000 -16.38334
39570.0000 -16.22889
39580.0000 -16.15249
39590.0000 -16.19990
39600.0000 -16.11599
39610.0000 -16.04041
39620.0000 -16.25521
39630.0000 -16.22417
39640.0000 -16.37856
39650.0000 -16.64574
39660.0000 -16.13769
39670.0000 -16.04407
39680.0000 -16.27670
39690.0000 -16.49994
39700.0000 -16.73978
39710.0000 -16.42725
39720.0000 -15.90757
39730.0000 -15.74907
39740.0000 -16.21427
39750.0000 -15.60640
39760.0000 -15.37011
39770.0000 -15.97005
39780.0000 -16.58919
39790.0000 -16.22695
39800.0000 -16.28011
39810.0000 -16.85882
39820.0000 -16.83966
39830.0000 -17.24314
39840.0000 -17.15068
39850.0000 -17.02435
39860.0000 -17.11998
39870.0000 -16.75760
39880.0000 -16.96046
39890.0000 -17.28849
39900.0000 -17.20421
39910.0000 -17.36936
39920.0000 -17.24972
39930.0000 -17.55487
39940.0000 -17.45852
39950.0000 -17.03811
39960.0000 -17.22686
39970.0000 -16.96358
39980.0000 -16.54656
39990.0000 -17.00416
40000.0000 -16.84077
40010.0000 -16.65518
40020.0000 -16.50793
40030.0000 -16.68553
40040.0000 -16.83010
40050.0000 -16.53340
40060.0000 -16.15041
40070.0000 -16.23700
40080.0000 -15.56272
40090.0000 -14.99261
40100.0000 -15.26800
40110.0000 -15.46225
40120.0000 -14.75705
40130.0000 -14.07504
40140.0000 -14.07822
40150.0000 -14.14314
40160.0000 -14.84939
40170.0000 -15.03695
40180.0000 -15.10447
40190.0000 -14.53446
40200.0000 -14.64607
40210.0000 -14.01681
40220.0000 -13.82779
40230.0000 -13.41258
40240.0000 -13.55882
40250.0000 -13.75178
40260.0000 -13.35568
40270.0000 -13.48778
40280.0000 -13.43865
40290.0000 -13.59626
40300.0000 -13.37019
40310.0000 -13.00325
40320.0000 -13.00235
40330.0000 -12.99896
40340.0000 -12.94423
40350.0000 -13.55090
40360.0000 -13.75404
40370.0000 -13.91122
40380.0000 -13.78594
40390.0000 -13.94592
40400.0000 -13.74884
40410.0000 -14.43603
40420.0000 -13.90741
40430.0000 -13.94342
40440.0000 -13.95937
40450.0000 -14.06423
40460.0000 -14.44867
40470.0000 -13.67090
40480.0000 -13.25325
40490.0000 -13.31839
40500.0000 -14.04193
40510.0000 -14.30357
40520.0000 -13.52933
40530.0000 -13.23493
40540.0000 -13.08983
40550.0000 -13.30024
40560.0000 -13.74080
40570.0000 -13.79371
40580.0000 -13.34050
40590.0000 -13.52581
40600.0000 -12.89581
40610.0000 -12.28054
40620.0000 -11.77827
40630.0000 -11.82332
40640.0000 -11.98747
40650.0000 -11.93370
40660.0000 -12.39918
40670.0000 -12.83490
40680.0000 -12.65505
40690.0000 -12.34014
40700.0000 -12.20730
40710.0000 -11.45962
40720.0000 -11.20523
40730.0000 -11.10662
40740.0000 -11.30559
40750.0000 -11.02610
40760.0000 -10.85695
40770.0000 -11.44692
40780.0000 -11.60356
40790.0000 -11.44576
40800.0000 -11.72341
40810.0000 -12.14642
40820.0000 -12.39389
40830.0000 -12.55612
40840.0000 -12.61598
40850.0000 -12.35366
40860.0000 -12.51443
40870.0000 -12.77408
40880.0000 -12.75933
40890.0000 -12.53219
40900.0000 -12.22842
40910.0000 -12.03193
40920.0000 -11.96160
40930.0000 -12.09633
40940.0000 -11.89382
40950.0000 -12.12936
40960.0000 -12.08324
40970.0000 -11.73491
40980.0000 -11.88275
40990.0000 -11.90307
41000.0000 -12.19718
41010.0000 -12.79847
41020.0000 -12.45840
41030.0000 -12.39821
41040.0000 -12.50854
41050.0000 -12.05742
41060.0000 -11.86300
41070.0000 -11.97616
41080.0000 -11.52791
41090.0000 -11.50748
41100.0000 -11.47672
41110.0000 -11.50119
41120.0000 -11.49625
41130.0000 -11.54329
41140.0000 -11.92825
41150.0000 -12.32964
41160.0000 -12.28077
41170.0000 -12.30310
41180.0000 -11.97731
41190.0000 -11.70250
41200.0000 -12.18866
41210.0000 -11.98642
41220.0000 -11.95076
41230.0000 -12.10046
41240.0000 -11.49468
41250.0000 -11.54792
41260.0000 -12.08464
41270.0000 -12.70299
41280.0000 -12.74873
41290.0000 -12.48911
41300.0000 -12.30378
41310.0000 -12.33181
41320.0000 -12.50069
41330.0000 -12.19907
41340.0000 -11.78676
41350.0000 -11.78982
41360.0000 -11.85677
41370.0000 -11.55938
41380.0000 -11.65478
41390.0000 -11.61997
41400.0000 -11.41997
41410.0000 -11.91945
41420.0000 -11.55482
41430.0000 -12.08688
41440.0000 -11.27278
41450.0000 -11.14289
41460.0000 -10.89782
41470.0000 -11.04128
41480.0000 -11.21094
41490.0000 -12.03561
41500.0000 -11.96782
41510.0000 -11.53932
41520.0000 -11.65783
41530.0000 -11.57113
41540.0000 -11.77624
41550.0000 -12.05148
41560.0000 -11.71027
41570.0000 -11.29984
41580.0000 -11.14878
41590.0000 -10.74396
41600.0000 -10.58694
41610.0000 -11.01064
41620.0000 -11.19561
41630.0000 -12.08238
41640.0000 -12.84808
41650.0000 -13.25952
41660.0000 -12.95167
41670.0000 -12.53026
41680.0000 -12.44227
41690.0000 -12.76711
41700.0000 -12.92284
41710.0000 -13.48059
41720.0000 -13.32489
41730.0000 -12.98148
41740.0000 -12.57948
41750.0000 -12.60577
41760.0000 -11.95352
41770.0000 -11.70285
41780.0000 -11.55322
41790.0000 -11.48365
41800.0000 -11.13414
41810.0000 -11.17472
41820.0000 -11.04522
41830.0000 -11.10398
41840.0000 -11.02297
41850.0000 -11.31363
41860.0000 -11.29710
41870.0000 -11.15292
41880.0000 -11.43030
41890.0000 -11.12837
41900.0000 -11.17992
41910.0000 -10.65405
41920.0000 -10.39948
41930.0000 -10.19438
41940.0000 -10.11494
41950.0000 -10.35198
41960.0000 -10.45257
41970.0000 -9.80801
41980.0000 -10.11195
41990.0000 -10.61415
42000.0000 -9.74474
42010.0000 -9.82727
42020.0000 -10.00008
42030.0000 -9.56769
42040.0000 -9.45381
42050.0000 -9.31614
42060.0000 -9.35341
42070.0000 -9.31510
42080.0000 -9.68289
42090.0000 -10.00171
42100.0000 -10.35307
42110.0000 -10.35317
42120.0000 -10.44372
42130.0000 -10.39285
42140.0000 -10.19007
42150.0000 -10.73930
42160.0000 -10.55735
42170.0000 -10.06929
42180.0000 -10.15985
42190.0000 -9.91753
42200.0000 -9.72114
42210.0000 -10.69739
42220.0000 -10.80983
42230.0000 -10.49417
42240.0000 -10.37893
42250.0000 -10.51330
42260.0000 -10.39451
42270.0000 -10.66084
42280.0000 -10.12187
42290.0000 -9.44009
42300.0000 -9.21990
42310.0000 -9.00632
42320.0000 -9.72356
42330.0000 -9.32226
42340.0000 -9.20345
42350.0000 -9.11083
42360.0000 -8.90117
42370.0000 -8.95660
42380.0000 -8.60515
42390.0000 -8.18077
42400.0000 -8.30342
42410.0000 -8.24663
42420.0000 -8.66648
42430.0000 -8.84554
42440.0000 -8.51807
42450.0000 -8.50473
42460.0000 -8.21980
42470.0000 -8.41796
42480.0000 -7.87449
42490.0000 -8.43857
42500.0000 -8.49915
42510.0000 -8.65191
42520.0000 -9.05907
42530.0000 -9.18867
42540.0000 -9.44914
42550.0000 -9.52976
42560.0000 -9.25450
42570.0000 -9.07482
42580.0000 -9.34790
42590.0000 -8.90797
42600.0000 -8.85866
42610.0000 -9.16938
42620.0000 -8.71732
42630.0000 -8.77308
42640.0000 -8.81338
42650.0000 -9.41637
42660.0000 -8.95350
42670.0000 -9.13628
42680.0000 -9.57050
42690.0000 -9.44528
42700.0000 -9.56318
42710.0000 -9.38361
42720.0000 -8.93492
42730.0000 -8.62791
42740.0000 -8.20128
42750.0000 -8.01401
42760.0000 -7.66949
42770.0000 -7.91127
42780.0000 -7.97234
42790.0000 -7.97842
42800.0000 -7.63728
42810.0000 -8.18073
42820.0000 -8.33711
42830.0000 -8.08898
42840.0000 -8.51027
42850.0000 -8.86891
42860.0000 -8.82353
42870.0000 -8.69573
42880.0000 -7.90346
42890.0000 -7.79924
42900.0000 -7.87155
42910.0000 -7.91344
42920.0000 -8.14947
42930.0000 -8.01417
42940.0000 -7.94254
42950.0000 -8.19725
42960.0000 -8.37081
42970.0000 -7.97895
42980.0000 -8.26417
42990.0000 -9.03346
43000.0000 -9.14751
43010.0000 -8.70653
43020.0000 -8.35950
43030.0000 -8.11083
43040.0000 -7.85629
43050.0000 -7.77559
43060.0000 -8.11598
43070.0000 -8.17363
43080.0000 -7.61242
43090.0000 -8.19982
43100.0000 -8.17747
43110.0000 -8.86624
43120.0000 -9.05158
43130.0000 -9.33008
43140.0000 -9.47267
43150.0000 -9.45163
43160.0000 -9.32703
43170.0000 -9.64907
43180.0000 -8.97478
43190.0000 -8.76145
43200.0000 -8.98729
43210.0000 -9.29597
43220.0000 -9.37753
43230.0000 -9.39463
43240.0000 -9.18772
43250.0000 -9.31487
43260.0000 -9.52051
43270.0000 -9.27980
43280.0000 -9.44951
43290.0000 -9.46970
43300.0000 -9.53246
43310.0000 -9.15316
43320.0000 -9.32627
43330.0000 -9.52469
43340.0000 -9.40171
43350.0000 -9.60587
43360.0000 -10.02704
43370.0000 -10.15736
43380.0000 -9.78813
43390.0000 -9.48848
43400.0000 -9.37671
43410.0000 -9.10444
43420.0000 -9.85146
43430.0000 -9.02143
43440.0000 -9.02681
43450.0000 -8.87073
43460.0000 -8.89496
43470.0000 -8.69123
43480.0000 -8.65269
43490.0000 -8.76518
43500.0000 -8.81097
43510.0000 -8.67990
43520.0000 -8.67895
43530.0000 -8.43848
43540.0000 -8.22384
43550.0000 -9.06588
43560.0000 -10.02924
43570.0000 -10.54616
43580.0000 -10.34575
43590.0000 -10.04801
43600.0000 -9.28058
43610.0000 -10.03195
43620.0000 -10.12395
43630.0000 -10.27522
43640.0000 -10.13635
43650.0000 -10.47317
43660.0000 -10.47971
43670.0000 -10.64625
43680.0000 -11.11341
43690.0000 -11.28597
43700.0000 -11.19590
43710.0000 -11.04420
43720.0000 -11.00845
43730.0000 -10.74000
43740.0000 -10.70903
43750.0000 -10.80582
43760.0000 -11.08819
43770.0000 -10.97444
43780.0000 -10.94197
43790.0000 -11.02371
43800.0000 -10.26354
43810.0000 -10.39129
43820.0000 -9.32719
43830.0000 -8.82221
43840.0000 -8.57393
43850.0000 -8.70173
43860.0000 -8.59146
43870.0000 -8.76633
43880.0000 -9.37201
43890.0000 -9.31629
43900.0000 -9.39161
43910.0000 -9.67124
43920.0000 -9.57979
43930.0000 -9.47680
43940.0000 -9.98265
43950.0000 -9.91584
43960.0000 -9.77627
43970.0000 -9.88641
43980.0000 -10.58760
43990.0000 -10.08884
44000.0000 -9.94744
44010.0000 -9.92460
44020.0000 -10.34501
44030.0000 -10.15160
44040.0000 -10.19720
44050.0000 -10.51756
44060.0000 -9.58937
44070.0000 -9.72205
44080.0000 -10.00301
44090.0000 -9.76314
44100.0000 -9.99693
44110.0000 -9.87625
44120.0000 -9.37057
44130.0000 -9.57897
44140.0000 -9.18112
44150.0000 -9.03014
44160.0000 -9.67373
44170.0000 -9.68565
44180.0000 -9.36232
44190.0000 -9.18455
44200.0000 -9.11911
44210.0000 -9.25912
44220.0000 -9.37777
44230.0000 -9.75989
44240.0000 -9.18963
44250.0000 -8.82038
44260.0000 -9.01803
44270.0000 -8.69421
44280.0000 -9.11318
44290.0000 -9.33048
44300.0000 -9.49836
44310.0000 -9.78635
44320.0000 -9.59143
44330.0000 -9.17685
44340.0000 -8.98020
44350.0000 -8.82662
44360.0000 -8.57826
44370.0000 -8.15252
44380.0000 -8.49402
44390.0000 -8.47937
44400.0000 -8.92822
44410.0000 -8.27135
44420.0000 -7.99787
44430.0000 -8.12551
44440.0000 -7.91898
44450.0000 -8.32010
44460.0000 -8.80041
44470.0000 -8.16555
44480.0000 -8.28739
44490.0000 -8.58264
44500.0000 -8.50784
44510.0000 -8.35066
44520.0000 -9.00788
44530.0000 -9.60273
44540.0000 -9.83945
44550.0000 -9.73077
44560.0000 -8.83264
44570.0000 -8.94815
44580.0000 -9.58246
44590.0000 -9.38449
44600.0000 -9.02919
44610.0000 -8.76113
44620.0000 -8.40631
44630.0000 -8.42494
44640.0000 -8.98521
44650.0000 -9.01089
44660.0000 -8.75374
44670.0000 -8.74901
44680.0000 -8.62379
44690.0000 -8.99520
44700.0000 -8.83864
44710.0000 -8.28409
44720.0000 -8.30650
44730.0000 -8.26158
44740.0000 -8.63735
44750.0000 -7.67177
44760.0000 -7.54324
44770.0000 -8.00898
44780.0000 -7.39014
44790.0000 -7.19668
44800.0000 -7.12366
44810.0000 -7.93398
44820.0000 -8.65577
44830.0000 -8.82345
44840.0000 -8.35799
44850.0000 -8.55599
44860.0000 -8.22610
44870.0000 -7.29670
44880.0000 -7.53973
44890.0000 -7.86341
44900.0000 -7.94356
44910.0000 -7.93080
44920.0000 -8.42866
44930.0000 -8.25674
44940.0000 -8.10855
44950.0000 -8.40907
44960.0000 -7.73089
44970.0000 -7.87155
44980.0000 -8.29176
44990.0000 -8.29692
45000.0000 -8.44047
45010.0000 -8.82639
45020.0000 -8.81025
45030.0000 -8.78882
45040.0000 -8.80758
45050.0000 -8.81720
45060.0000 -9.34509
45070.0000 -8.96972
45080.0000 -9.31274
45090.0000 -9.46149
45100.0000 -9.34732
45110.0000 -9.37535
45120.0000 -9.29295
45130.0000 -9.42216
45140.0000 -8.99388
45150.0000 -8.85573
45160.0000 -9.23403
45170.0000 -9.69114
45180.0000 -9.88937
45190.0000 -9.76647
45200.0000 -9.15985
45210.0000 -9.45835
45220.0000 -10.11390
45230.0000 -10.54815
45240.0000 -10.84607
45250.0000 -11.14057
45260.0000 -10.69898
45270.0000 -10.47685
45280.0000 -10.25568
45290.0000 -10.38726
45300.0000 -10.00572
45310.0000 -10.01959
45320.0000 -9.23461
45330.0000 -8.91377
45340.0000 -9.43155
45350.0000 -9.09425
45360.0000 -9.31155
45370.0000 -9.06270
45380.0000 -9.30437
45390.0000 -9.45265
45400.0000 -9.15985
45410.0000 -9.64995
45420.0000 -9.21227
45430.0000 -9.10220
45440.0000 -9.08678
45450.0000 -9.08339
45460.0000 -9.01111
45470.0000 -9.12967
45480.0000 -9.08603
45490.0000 -9.19396
45500.0000 -9.09440
45510.0000 -9.02713
45520.0000 -9.14624
45530.0000 -9.72268
45540.0000 -9.82627
45550.0000 -9.93869
45560.0000 -10.06186
45570.0000 -9.86690
45580.0000 -9.03310
45590.0000 -9.62750
45600.0000 -9.13373
45610.0000 -8.94168
45620.0000 -8.72446
45630.0000 -9.14827
45640.0000 -8.94563
45650.0000 -9.32692
45660.0000 -9.50460
45670.0000 -9.17208
45680.0000 -9.84699
45690.0000 -9.80137
45700.0000 -9.97640
45710.0000 -9.60661
45720.0000 -9.95422
45730.0000 -10.26911
45740.0000 -10.50115
45750.0000 -10.00887
45760.0000 -10.06398
45770.0000 -10.56923
45780.0000 -10.10944
45790.0000 -10.14415
45800.0000 -10.21564
45810.0000 -10.38380
45820.0000 -10.43521
45830.0000 -11.13048
45840.0000 -10.80538
45850.0000 -10.80715
45860.0000 -10.64904
45870.0000 -11.18532
45880.0000 -10.96798
45890.0000 -11.33581
45900.0000 -11.23258
45910.0000 -10.70460
45920.0000 -10.94846
45930.0000 -10.41373
45940.0000 -10.57159
45950.0000 -11.10254
45960.0000 -10.46000
45970.0000 -10.60016
45980.0000 -10.54274
45990.0000 -10.27089
46000.0000 -10.70870
46010.0000 -11.57602
46020.0000 -11.25168
46030.0000 -11.54158
46040.0000 -11.16876
46050.0000 -11.48878
46060.0000 -11.59156
46070.0000 -11.77810
46080.0000 -11.70215
46090.0000 -11.85156
46100.0000 -11.71739
46110.0000 -11.96490
46120.0000 -11.71297
46130.0000 -11.56578
46140.0000 -11.23843
46150.0000 -10.96716
46160.0000 -11.04121
46170.0000 -11.17330
46180.0000 -11.55771
46190.0000 -12.03135
46200.0000 -11.77627
46210.0000 -12.02797
46220.0000 -12.15401
46230.0000 -11.92942
46240.0000 -11.65586
46250.0000 -11.71091
46260.0000 -12.00919
46270.0000 -11.89394
46280.0000 -12.46093
46290.0000 -11.84855
46300.0000 -11.96996
46310.0000 -12.05861
46320.0000 -11.93801
46330.0000 -11.68753
46340.0000 -11.18616
46350.0000 -10.83453
46360.0000 -10.75005
46370.0000 -10.90773
46380.0000 -10.98949
46390.0000 -11.04349
46400.0000 -10.70068
46410.0000 -10.20212
46420.0000 -9.82128
46430.0000 -10.05764
46440.0000 -10.59177
46450.0000 -10.80275
46460.0000 -10.81311
46470.0000 -10.14842
46480.0000 -9.92331
46490.0000 -9.77945
46500.0000 -10.04362
46510.0000 -9.66686
46520.0000 -8.87899
46530.0000 -9.54156
46540.0000 -9.89075
46550.0000 -9.56148
46560.0000 -10.12327
46570.0000 -10.14301
46580.0000 -10.43045
46590.0000 -10.41777
46600.0000 -10.19977
46610.0000 -10.14352
46620.0000 -10.13656
46630.0000 -9.74031
46640.0000 -9.83181
46650.0000 -10.45813
46660.0000 -10.03100
46670.0000 -9.36511
46680.0000 -8.78593
46690.0000 -8.76024
46700.0000 -8.45679
46710.0000 -8.33169
46720.0000 -8.68575
46730.0000 -8.67293
46740.0000 -8.70253
46750.0000 -8.89159
46760.0000 -8.71473
46770.0000 -9.10681
46780.0000 -8.55564
46790.0000 -8.32090
46800.0000 -7.47627
46810.0000 -6.97321
46820.0000 -7.20707
46830.0000 -6.82713
46840.0000 -7.09724
46850.0000 -7.08900
46860.0000 -7.65414
46870.0000 -8.08928
46880.0000 -7.98356
46890.0000 -7.78291
46900.0000 -7.76899
46910.0000 -7.52179
46920.0000 -7.12304
46930.0000 -7.16077
46940.0000 -6.63410
46950.0000 -6.59241
46960.0000 -6.20981
46970.0000 -5.81022
46980.0000 -5.19673
46990.0000 -5.20652
47000.0000 -5.67714
47010.0000 -5.32904
47020.0000 -5.34225
47030.0000 -5.20621
47040.0000 -5.69128
47050.0000 -5.69112
47060.0000 -6.19079
47070.0000 -6.12713
47080.0000 -5.95817
47090.0000 -6.32419
47100.0000 -6.15334
47110.0000 -6.06078
47120.0000 -5.80589
47130.0000 -4.98078
47140.0000 -4.54872
47150.0000 -4.07978
47160.0000 -4.07996
47170.0000 -4.45890
47180.0000 -4.32323
47190.0000 -4.30598
47200.0000 -4.37132
47210.0000 -4.31074
47220.0000 -4.44685
47230.0000 -4.62788
47240.0000 -4.78537
47250.0000 -4.64384
47260.0000 -4.77435
47270.0000 -4.60259
47280.0000 -4.89013
47290.0000 -5.46441
47300.0000 -5.21077
47310.0000 -5.38928
47320.0000 -6.10581
47330.0000 -6.01454
47340.0000 -5.71350
47350.0000 -5.65388
47360.0000 -5.53970
47370.0000 -5.55344
47380.0000 -5.61674
47390.0000 -5.73007
47400.0000 -5.74836
47410.0000 -5.45810
47420.0000 -5.52643
47430.0000 -5.63145
47440.0000 -5.69317
47450.0000 -6.37131
47460.0000 -6.04384
47470.0000 -6.41563
47480.0000 -6.45397
47490.0000 -6.44705
47500.0000 -6.18928
47510.0000 -5.96934
47520.0000 -5.68748
47530.0000 -6.22004
47540.0000 -5.86647
47550.0000 -5.87891
47560.0000 -5.82584
47570.0000 -5.59842
47580.0000 -4.95967
47590.0000 -4.47883
47600.0000 -4.60628
47610.0000 -4.81813
47620.0000 -6.00955
47630.0000 -6.33746
47640.0000 -6.35852
47650.0000 -5.89795
47660.0000 -5.88870
47670.0000 -6.32370
47680.0000 -6.53023
47690.0000 -6.56186
47700.0000 -6.64433
47710.0000 -6.58722
47720.0000 -6.18182
47730.0000 -5.98773
47740.0000 -6.56789
47750.0000 -6.31742
47760.0000 -6.84325
47770.0000 -6.45248
47780.0000 -6.42188
47790.0000 -6.48002
47800.0000 -6.94936
47810.0000 -6.84936
47820.0000 -6.71066
47830.0000 -6.80658
47840.0000 -6.45112
47850.0000 -6.02580
47860.0000 -6.48283
47870.0000 -6.30271
47880.0000 -6.76272
47890.0000 -6.73237
47900.0000 -6.62016
47910.0000 -6.17406
47920.0000 -6.50848
47930.0000 -6.80965
47940.0000 -7.25125
47950.0000 -7.35201
47960.0000 -6.91562
47970.0000 -6.45298
47980.0000 -6.35568
47990.0000 -6.21517
48000.0000 -6.68929
48010.0000 -6.67070
48020.0000 -6.43716
48030.0000 -6.51924
48040.0000 -7.21352
48050.0000 -8.00827
48060.0000 -8.00857
48070.0000 -8.50324
48080.0000 -8.28134
48090.0000 -8.48289
48100.0000 -8.53865
48110.0000 -8.03259
48120.0000 -7.96988
48130.0000 -7.89023
48140.0000 -8.20890
48150.0000 -8.03595
48160.0000 -8.17669
48170.0000 -7.93544
48180.0000 -7.83034
48190.0000 -7.82749
48200.0000 -8.22639
48210.0000 -7.70845
48220.0000 -8.03893
48230.0000 -8.69442
48240.0000 -8.54368
48250.0000 -8.89724
48260.0000 -9.12320
48270.0000 -9.00010
48280.0000 -9.26433
48290.0000 -9.25653
48300.0000 -9.42485
48310.0000 -9.30257
48320.0000 -9.04143
48330.0000 -9.07288
48340.0000 -9.13373
48350.0000 -9.06682
48360.0000 -9.10784
48370.0000 -9.36935
48380.0000 -9.48883
48390.0000 -9.41763
48400.0000 -8.60420
48410.0000 -8.25487
48420.0000 -8.23289
48430.0000 -8.69926
48440.0000 -8.35391
48450.0000 -8.66777
48460.0000 -8.31538
48470.0000 -8.24066
48480.0000 -7.94878
48490.0000 -8.32474
48500.0000 -8.52119
48510.0000 -8.90318
48520.0000 -9.37670
48530.0000 -9.05954
48540.0000 -9.66256
48550.0000 -9.15768
48560.0000 -8.93445
48570.0000 -8.55650
48580.0000 -8.61904
48590.0000 -8.41835
48600.0000 -8.59851
48610.0000 -8.53548
48620.0000 -8.17645
48630.0000 -7.66736
48640.0000 -7.27086
48650.0000 -7.44013
48660.0000 -7.30715
48670.0000 -8.28207
48680.0000 -8.22307
48690.0000 -8.44620
48700.0000 -8.28726
48710.0000 -7.99804
48720.0000 -7.63744
48730.0000 -7.48321
48740.0000 -7.42161
48750.0000 -7.00832
48760.0000 -6.85457
48770.0000 -6.76053
48780.0000 -7.40875
48790.0000 -6.85682
48800.0000 -6.17844
48810.0000 -6.25426
48820.0000 -6.29588
48830.0000 -6.77631
48840.0000 -6.77371
48850.0000 -6.55630
48860.0000 -6.08854
48870.0000 -5.71244
48880.0000 -6.11541
48890.0000 -6.50009
48900.0000 -6.46357
48910.0000 -6.39781
48920.0000 -6.51963
48930.0000 -7.01652
48940.0000 -7.00593
48950.0000 -7.70313
48960.0000 -7.47943
48970.0000 -7.40928
48980.0000 -7.67345
48990.0000 -7.62497
49000.0000 -7.81672
49010.0000 -8.08008
49020.0000 -8.70809
49030.0000 -8.84832
49040.0000 -9.20447
49050.0000 -9.75698
49060.0000 -10.54640
49070.0000 -10.42857
49080.0000 -11.09653
49090.0000 -11.19087
49100.0000 -11.29201
49110.0000 -10.89754
49120.0000 -11.40056
49130.0000 -11.70479
49140.0000 -11.81421
49150.0000 -11.49645
49160.0000 -11.84023
49170.0000 -11.71401
49180.0000 -11.64922
49190.0000 -11.85473
49200.0000 -11.83183
49210.0000 -11.99716
49220.0000 -12.01120
49230.0000 -11.73919
49240.0000 -11.88064
49250.0000 -12.30888
49260.0000 -12.95375
49270.0000 -12.82678
49280.0000 -12.94154
49290.0000 -12.56837
49300.0000 -12.51427
49310.0000 -12.83414
49320.0000 -13.07652
49330.0000 -12.88077
49340.0000 -12.76067
49350.0000 -13.22841
49360.0000 -13.12977
49370.0000 -12.79683
49380.0000 -13.08199
49390.0000 -13.23790
49400.0000 -13.32018
49410.0000 -13.00437
49420.0000 -12.34205
49430.0000 -12.58810
49440.0000 -12.32355
49450.0000 -12.32377
49460.0000 -12.26335
49470.0000 -12.24271
49480.0000 -12.17656
49490.0000 -12.25547
49500.0000 -12.54913
49510.0000 -12.53842
49520.0000 -12.86942
49530.0000 -12.73088
49540.0000 -12.42821
49550.0000 -12.67854
49560.0000 -12.63952
49570.0000 -12.84690
49580.0000 -12.92893
49590.0000 -13.23832
49600.0000 -12.72771
49610.0000 -12.80638
49620.0000 -12.43220
49630.0000 -13.21371
49640.0000 -13.04970
49650.0000 -13.20323
49660.0000 -13.89913
49670.0000 -13.87707
49680.0000 -14.30991
49690.0000 -14.22070
49700.0000 -13.93161
49710.0000 -14.03592
49720.0000 -14.03191
49730.0000 -14.43391
49740.0000 -14.25611
49750.0000 -14.20947
49760.0000 -13.88208
49770.0000 -13.97057
49780.0000 -13.96444
49790.0000 -13.78403
49800.0000 -13.92509
49810.0000 -13.80511
49820.0000 -14.08501
49830.0000 -13.68448
49840.0000 -13.43819
49850.0000 -13.76718
49860.0000 -13.98288
49870.0000 -14.22631
49880.0000 -13.92036
49890.0000 -13.76566
49900.0000 -13.41317
49910.0000 -13.38284
49920.0000 -13.56289
49930.0000 -13.44019
49940.0000 -13.69769
49950.0000 -14.06889
49960.0000 -14.63426
49970.0000 -14.68851
49980.0000 -14.46708
49990.0000 -14.24893
50000.0000 -14.45952
50010.0000 -14.40581
50020.0000 -14.58118
50030.0000 -14.06384
50040.0000 -14.40792
50050.0000 -14.13441
50060.0000 -13.97407
50070.0000 -13.84804
50080.0000 -13.56144
50090.0000 -13.53972
50100.0000 -14.43612
50110.0000 -14.14869
50120.0000 -14.05469
50130.0000 -13.29261
50140.0000 -12.91593
50150.0000 -12.45864
50160.0000 -12.80445
50170.0000 -13.14658
50180.0000 -12.96741
50190.0000 -12.45996
50200.0000 -12.79237
50210.0000 -12.59154
50220.0000 -12.74621
50230.0000 -12.67293
50240.0000 -13.12159
50250.0000 -13.18157
50260.0000 -13.57983
50270.0000 -13.91673
50280.0000 -14.10969
50290.0000 -13.30164
50300.0000 -12.83081
50310.0000 -13.17350
50320.0000 -12.65899
50330.0000 -12.98165
50340.0000 -13.38690
50350.0000 -13.76319
50360.0000 -13.51681
50370.0000 -12.84979
50380.0000 -13.32466
50390.0000 -13.13719
50400.0000 -13.60795
50410.0000 -12.91116
50420.0000 -13.52492
50430.0000 -13.93176
50440.0000 -13.15186
50450.0000 -12.96268
50460.0000 -12.79129
50470.0000 -12.66945
50480.0000 -12.69390
50490.0000 -12.90051
50500.0000 -12.97607
50510.0000 -12.35861
50520.0000 -13.01194
50530.0000 -13.19570
50540.0000 -13.57711
50550.0000 -13.14431
50560.0000 -12.86574
50570.0000 -12.81918
50580.0000 -12.54086
50590.0000 -12.13829
50600.0000 -12.31992
50610.0000 -12.15958
50620.0000 -12.34828
50630.0000 -12.44898
50640.0000 -13.30850
50650.0000 -13.09576
50660.0000 -12.84271
50670.0000 -12.87843
50680.0000 -13.15462
50690.0000 -13.30019
50700.0000 -13.84202
50710.0000 -12.81656
50720.0000 -12.81075
50730.0000 -12.29596
50740.0000 -12.40499
50750.0000 -12.46474
50760.0000 -12.40266
50770.0000 -12.59699
50780.0000 -13.17283
50790.0000 -13.41943
50800.0000 -13.35335
50810.0000 -12.85049
50820.0000 -12.78837
50830.0000 -12.42214
50840.0000 -12.74768
50850.0000 -12.65244
50860.0000 -12.38216
50870.0000 -12.21842
50880.0000 -11.91179
50890.0000 -11.62452
50900.0000 -12.17539
50910.0000 -12.55076
50920.0000 -12.75657
50930.0000 -12.62663
50940.0000 -12.21846
50950.0000 -11.93437
50960.0000 -12.33916
50970.0000 -12.16187
50980.0000 -12.69983
50990.0000 -12.72991
51000.0000 -12.44533
51010.0000 -12.61954
51020.0000 -12.79966
51030.0000 -12.01410
51040.0000 -11.73115
51050.0000 -11.91930
51060.0000 -11.82645
51070.0000 -11.12807
51080.0000 -11.16250
51090.0000 -11.41320
51100.0000 -10.69970
51110.0000 -10.60124
51120.0000 -11.10439
51130.0000 -11.20019
51140.0000 -11.16779
51150.0000 -11.65116
51160.0000 -11.75868
51170.0000 -12.01764
51180.0000 -11.56717
51190.0000 -11.10700
51200.0000 -11.28187
51210.0000 -11.59808
51220.0000 -11.37200
51230.0000 -11.57704
51240.0000 -11.44634
51250.0000 -11.07192
51260.0000 -11.05256
51270.0000 -10.45123
51280.0000 -9.82518
51290.0000 -9.36055
51300.0000 -9.58475
51310.0000 -10.24980
51320.0000 -10.79176
51330.0000 -10.35610
51340.0000 -10.96591
51350.0000 -11.36843
51360.0000 -11.60537
51370.0000 -11.92622
51380.0000 -11.74831
51390.0000 -11.96292
51400.0000 -12.00327
51410.0000 -12.72526
51420.0000 -12.73335
51430.0000 -13.08086
51440.0000 -13.23121
51450.0000 -13.79695
51460.0000 -14.35163
51470.0000 -14.40160
51480.0000 -13.74539
51490.0000 -13.77949
51500.0000 -13.21312
51510.0000 -13.28946
51520.0000 -12.93177
51530.0000 -12.87018
51540.0000 -13.35276
51550.0000 -13.15445
51560.0000 -13.15020
51570.0000 -13.10145
51580.0000 -13.31002
51590.0000 -13.14624
51600.0000 -13.16928
51610.0000 -12.82752
51620.0000 -13.62713
51630.0000 -13.06921
51640.0000 -13.86760
51650.0000 -14.07776
51660.0000 -14.19644
51670.0000 -14.53139
51680.0000 -14.09326
51690.0000 -14.18632
51700.0000 -13.92245
51710.0000 -13.90913
51720.0000 -13.34922
51730.0000 -13.46748
51740.0000 -13.79518
51750.0000 -13.83170
51760.0000 -13.50796
51770.0000 -13.50434
51780.0000 -13.57627
51790.0000 -13.45736
51800.0000 -13.83867
51810.0000 -13.81008
51820.0000 -13.79590
51830.0000 -13.85067
51840.0000 -13.62346
51850.0000 -13.34973
51860.0000 -13.47993
51870.0000 -13.39610
51880.0000 -13.88203
51890.0000 -13.39843
51900.0000 -13.33796
51910.0000 -13.19024
51920.0000 -12.94195
51930.0000 -12.98864
51940.0000 -13.07430
51950.0000 -13.87825
51960.0000 -14.07519
51970.0000 -14.19112
51980.0000 -13.68112
51990.0000 -13.70814
52000.0000 -14.01189
52010.0000 -13.57897
52020.0000 -13.37554
52030.0000 -13.55595
52040.0000 -13.55995
52050.0000 -13.51563
52060.0000 -13.78567
52070.0000 -13.40291
52080.0000 -13.61102
52090.0000 -13.98991
52100.0000 -13.83602
52110.0000 -13.72979
52120.0000 -13.54581
52130.0000 -13.86085
52140.0000 -13.51469
52150.0000 -12.86837
52160.0000 -12.50076
52170.0000 -12.45509
52180.0000 -12.25772
52190.0000 -12.08208
52200.0000 -12.27575
52210.0000 -12.83823
52220.0000 -12.82316
52230.0000 -13.08803
52240.0000 -13.54448
52250.0000 -14.12034
52260.0000 -14.10156
52270.0000 -14.15880
52280.0000 -14.02320
52290.0000 -13.97849
52300.0000 -14.45661
52310.0000 -14.79055
52320.0000 -14.89961
52330.0000 -14.77796
52340.0000 -14.84698
52350.0000 -15.30435
52360.0000 -15.50769
52370.0000 -15.63036
52380.0000 -15.42919
52390.0000 -15.50237
52400.0000 -15.21680
52410.0000 -15.40994
52420.0000 -15.59048
52430.0000 -14.97902
52440.0000 -15.23103
52450.0000 -15.24390
52460.0000 -15.49458
52470.0000 -15.06330
52480.0000 -14.98459
52490.0000 -14.97656
52500.0000 -14.88410
52510.0000 -15.41787
52520.0000 -14.80951
52530.0000 -14.69427
52540.0000 -14.77513
52550.0000 -14.44562
52560.0000 -14.81670
52570.0000 -14.80331
52580.0000 -14.69784
52590.0000 -14.99657
52600.0000 -14.81429
52610.0000 -14.90068
52620.0000 -14.54581
52630.0000 -14.56878
52640.0000 -14.77814
52650.0000 -14.86654
52660.0000 -15.07438
52670.0000 -15.05189
52680.0000 -15.07966
52690.0000 -15.09762
52700.0000 -14.88579
52710.0000 -14.96607
52720.0000 -15.31000
52730.0000 -15.44896
52740.0000 -15.19505
52750.0000 -15.27681
52760.0000 -15.18497
52770.0000 -14.72699
52780.0000 -14.64350
52790.0000 -14.04213
52800.0000 -13.84346
52810.0000 -14.12254
52820.0000 -14.09913
52830.0000 -13.88332
52840.0000 -13.68639
52850.0000 -13.23475
52860.0000 -13.29269
52870.0000 -13.76413
52880.0000 -13.85763
52890.0000 -14.11744
52900.0000 -14.25305
52910.0000 -14.29196
52920.0000 -14.42720
52930.0000 -14.73724
52940.0000 -14.92332
52950.0000 -14.49871
52960.0000 -14.48602
52970.0000 -14.35448
52980.0000 -14.54997
52990.0000 -14.74656
53000.0000 -14.64392
53010.0000 -14.22098
53020.0000 -14.03442
53030.0000 -13.55323
53040.0000 -13.72747
53050.0000 -14.15496
53060.0000 -14.33544
53070.0000 -13.86865
53080.0000 -13.84282
53090.0000 -13.46929
53100.0000 -13.56495
53110.0000 -13.61879
53120.0000 -13.73973
53130.0000 -13.54878
53140.0000 -13.05257
53150.0000 -13.26351
53160.0000 -12.97010
53170.0000 -12.89495
53180.0000 -12.75640
53190.0000 -12.92595
53200.0000 -13.30710
53210.0000 -12.95010
53220.0000 -12.94784
53230.0000 -13.16955
53240.0000 -13.30905
53250.0000 -12.60861
53260.0000 -12.05298
53270.0000 -12.00720
53280.0000 -11.88719
53290.0000 -11.81811
53300.0000 -12.21293
53310.0000 -11.96889
53320.0000 -12.24044
53330.0000 -12.97990
53340.0000 -12.49186
53350.0000 -12.74287
53360.0000 -12.46675
53370.0000 -12.01246
53380.0000 -12.31797
53390.0000 -12.87318
53400.0000 -12.40827
53410.0000 -12.49204
53420.0000 -12.44078
53430.0000 -12.47695
53440.0000 -12.57185
53450.0000 -12.76928
53460.0000 -13.35318
53470.0000 -13.47049
53480.0000 -13.53910
53490.0000 -13.57307
53500.0000 -13.35620
53510.0000 -14.37387
53520.0000 -14.35868
53530.0000 -13.99985
53540.0000 -12.99601
53550.0000 -12.80068
53560.0000 -13.06090
53570.0000 -12.41936
53580.0000 -12.33488
53590.0000 -12.27661
53600.0000 -12.16165
53610.0000 -12.54506
53620.0000 -12.31958
53630.0000 -12.28782
53640.0000 -12.40343
53650.0000 -12.42386
53660.0000 -12.25555
53670.0000 -11.87038
53680.0000 -11.47646
53690.0000 -11.10490
53700.0000 -11.32939
53710.0000 -11.46266
53720.0000 -11.53691
53730.0000 -11.47069
53740.0000 -11.74464
53750.0000 -11.79645
53760.0000 -12.43625
53770.0000 -12.27019
53780.0000 -12.30797
53790.0000 -12.26443
53800.0000 -12.30578
53810.0000 -12.72125
53820.0000 -12.53240
53830.0000 -12.72520
53840.0000 -12.48055
53850.0000 -12.42291
53860.0000 -12.79250
53870.0000 -12.40870
53880.0000 -12.34744
53890.0000 -12.11855
53900.0000 -12.14925
53910.0000 -12.29345
53920.0000 -12.39833
53930.0000 -11.85883
53940.0000 -11.81650
53950.0000 -11.80598
53960.0000 -11.83991
53970.0000 -11.83752
53980.0000 -12.15420
53990.0000 -12.08257
54000.0000 -11.88478
54010.0000 -12.06371
54020.0000 -12.69753
54030.0000 -12.03985
54040.0000 -11.39124
54050.0000 -11.88590
54060.0000 -12.14176
54070.0000 -12.08850
54080.0000 -12.24902
54090.0000 -12.98371
54100.0000 -12.94412
54110.0000 -13.33425
54120.0000 -12.64920
54130.0000 -12.70846
54140.0000 -12.47204
54150.0000 -12.75428
54160.0000 -12.96953
54170.0000 -12.78166
54180.0000 -13.04014
54190.0000 -12.90338
54200.0000 -13.05619
54210.0000 -12.93166
54220.0000 -12.43309
54230.0000 -12.73461
54240.0000 -12.80602
54250.0000 -12.62947
54260.0000 -12.12641
54270.0000 -11.82648
54280.0000 -11.84372
54290.0000 -11.65771
54300.0000 -12.16601
54310.0000 -11.66523
54320.0000 -11.58631
54330.0000 -11.84426
54340.0000 -11.58820
54350.0000 -11.26294
54360.0000 -11.18549
54370.0000 -11.44851
54380.0000 -11.32866
54390.0000 -11.86262
54400.0000 -11.61383
54410.0000 -12.31420
54420.0000 -12.66010
54430.0000 -12.96331
54440.0000 -12.80977
54450.0000 -12.61206
54460.0000 -12.57640
54470.0000 -12.37347
54480.0000 -12.10519
54490.0000 -12.40067
54500.0000 -12.32325
54510.0000 -12.19663
54520.0000 -11.79829
54530.0000 -11.51117
54540.0000 -12.27302
54550.0000 -12.03623
54560.0000 -11.92074
54570.0000 -12.31830
54580.0000 -12.26769
54590.0000 -12.39758
54600.0000 -12.34378
54610.0000 -12.49984
54620.0000 -12.64064
54630.0000 -12.40418
54640.0000 -12.90704
54650.0000 -12.94081
54660.0000 -12.69180
54670.0000 -13.12524
54680.0000 -13.01730
54690.0000 -13.60811
54700.0000 -13.22968
54710.0000 -13.13153
54720.0000 -13.24903
54730.0000 -13.35086
54740.0000 -13.34889
54750.0000 -13.47865
54760.0000 -13.34155
54770.0000 -13.46799
54780.0000 -13.57882
54790.0000 -14.19597
54800.0000 -14.31237
54810.0000 -13.84875
54820.0000 -13.94587
54830.0000 -13.66428
54840.0000 -12.97818
54850.0000 -12.81681
54860.0000 -12.82051
54870.0000 -13.24720
54880.0000 -13.32386
54890.0000 -13.61653
54900.0000 -13.65880
54910.0000 -13.69031
54920.0000 -13.18476
54930.0000 -13.72454
54940.0000 -13.49672
54950.0000 -13.14851
54960.0000 -13.06491
54970.0000 -12.36555
54980.0000 -12.60851
54990.0000 -12.57096
55000.0000 -13.06339
55010.0000 -12.93790
55020.0000 -13.19572
55030.0000 -12.97742
55040.0000 -12.59050
55050.0000 -12.83916
55060.0000 -12.74591
55070.0000 -12.46112
55080.0000 -12.58275
55090.0000 -12.34576
55100.0000 -12.28127
55110.0000 -12.35222
55120.0000 -12.75350
55130.0000 -12.73365
55140.0000 -12.69447
55150.0000 -12.75742
55160.0000 -12.83943
55170.0000 -12.96881
55180.0000 -13.02259
55190.0000 -12.65354
55200.0000 -12.43429
55210.0000 -12.84693
55220.0000 -12.78539
55230.0000 -12.47211
55240.0000 -12.67671
55250.0000 -12.55962
55260.0000 -12.76066
55270.0000 -12.47164
55280.0000 -12.43551
55290.0000 -12.21393
55300.0000 -12.12595
55310.0000 -12.39930
55320.0000 -12.18954
55330.0000 -12.30835
55340.0000 -12.82905
55350.0000 -13.22942
55360.0000 -13.11542
55370.0000 -12.93648
55380.0000 -12.54001
55390.0000 -12.90292
55400.0000 -12.46558
55410.0000 -12.51473
55420.0000 -12.64775
55430.0000 -12.86218
55440.0000 -12.83400
55450.0000 -13.10200
55460.0000 -13.28323
55470.0000 -13.74172
55480.0000 -13.83603
55490.0000 -14.03622
55500.0000 -13.80329
55510.0000 -14.16000
55520.0000 -14.18872
55530.0000 -13.71379
55540.0000 -13.34588
55550.0000 -13.52139
55560.0000 -13.44830
55570.0000 -14.06854
55580.0000 -13.98373
55590.0000 -13.89887
55600.0000 -14.16439
55610.0000 -13.86343
55620.0000 -13.66325
55630.0000 -13.43446
55640.0000 -13.60365
55650.0000 -13.26871
55660.0000 -13.07550
55670.0000 -13.65768
55680.0000 -13.85451
55690.0000 -13.93573
55700.0000 -13.81900
55710.0000 -13.50371
55720.0000 -13.79749
55730.0000 -14.01868
55740.0000 -13.79616
55750.0000 -13.38699
55760.0000 -13.51296
55770.0000 -13.50837
55780.0000 -13.68097
55790.0000 -13.60470
55800.0000 -13.35631
55810.0000 -13.19722
55820.0000 -13.39048
55830.0000 -14.14176
55840.0000 -14.24930
55850.0000 -13.77248
55860.0000 -14.00214
55870.0000 -14.04410
55880.0000 -13.80418
55890.0000 -13.77003
55900.0000 -13.18907
55910.0000 -12.94135
55920.0000 -12.66354
55930.0000 -12.49205
55940.0000 -12.71779
55950.0000 -12.15244
55960.0000 -11.75765
55970.0000 -11.78130
55980.0000 -11.93308
55990.0000 -12.05754
56000.0000 -11.99289
56010.0000 -11.51208
56020.0000 -11.39047
56030.0000 -11.93237
56040.0000 -11.55065
56050.0000 -12.09166
56060.0000 -11.71629
56070.0000 -11.77479
56080.0000 -11.96790
56090.0000 -11.63077
56100.0000 -11.49535
56110.0000 -11.38377
56120.0000 -11.19081
56130.0000 -10.96105
56140.0000 -11.12664
56150.0000 -11.05540
56160.0000 -10.90824
56170.0000 -11.30892
56180.0000 -10.77294
56190.0000 -10.59052
56200.0000 -10.76698
56210.0000 -10.88786
56220.0000 -11.02601
56230.0000 -11.20202
56240.0000 -11.51280
56250.0000 -12.15283
56260.0000 -12.16909
56270.0000 -12.22696
56280.0000 -12.37843
56290.0000 -11.90331
56300.0000 -12.18700
56310.0000 -12.36586
56320.0000 -12.66728
56330.0000 -12.32361
56340.0000 -12.51012
56350.0000 -12.11659
56360.0000 -11.94870
56370.0000 -11.73942
56380.0000 -11.79564
56390.0000 -12.17149
56400.0000 -11.89428
56410.0000 -11.81473
56420.0000 -11.73225
56430.0000 -11.46584
56440.0000 -11.81893
56450.0000 -11.49700
56460.0000 -11.49391
56470.0000 -11.39907
56480.0000 -11.66825
56490.0000 -11.99749
56500.0000 -12.27608
56510.0000 -12.38198
56520.0000 -12.58269
56530.0000 -12.28156
56540.0000 -12.50913
56550.0000 -12.58140
56560.0000 -12.76914
56570.0000 -12.27145
56580.0000 -13.13490
56590.0000 -13.01056
56600.0000 -13.08677
56610.0000 -12.79135
56620.0000 -12.46953
56630.0000 -12.55784
56640.0000 -12.96845
56650.0000 -13.12735
56660.0000 -13.20656
56670.0000 -13.39564
56680.0000 -13.34289
56690.0000 -12.94533
56700.0000 -13.18131
56710.0000 -13.22882
56720.0000 -13.33453
56730.0000 -13.37123
56740.0000 -12.66389
56750.0000 -12.70004
56760.0000 -12.47325
56770.0000 -12.65543
56780.0000 -12.17841
56790.0000 -12.43997
56800.0000 -12.45084
56810.0000 -12.66198
56820.0000 -12.53874
56830.0000 -12.88441
56840.0000 -13.45527
56850.0000 -13.08764
56860.0000 -12.29870
56870.0000 -11.95507
56880.0000 -11.93185
56890.0000 -12.21544
56900.0000 -12.42961
56910.0000 -12.25631
56920.0000 -11.88307
56930.0000 -12.44558
56940.0000 -12.40404
56950.0000 -12.24508
56960.0000 -12.08956
56970.0000 -12.57847
56980.0000 -12.16374
56990.0000 -11.45665
57000.0000 -11.69656
57010.0000 -11.35774
57020.0000 -11.91664
57030.0000 -11.88018
57040.0000 -11.39525
57050.0000 -11.53767
57060.0000 -11.55565
57070.0000 -11.19777
57080.0000 -11.91625
57090.0000 -11.92543
57100.0000 -12.28117
57110.0000 -12.38800
57120.0000 -12.69150
57130.0000 -12.57149
57140.0000 -12.85335
57150.0000 -13.21581
57160.0000 -13.67938
57170.0000 -13.97209
57180.0000 -13.53814
57190.0000 -13.31787
57200.0000 -12.92918
57210.0000 -13.33702
57220.0000 -12.82193
57230.0000 -12.66882
57240.0000 -12.80376
57250.0000 -12.36519
57260.0000 -11.54563
57270.0000 -11.40006
57280.0000 -11.02238
57290.0000 -11.73266
57300.0000 -12.01823
57310.0000 -11.22095
57320.0000 -11.66895
57330.0000 -11.54671
57340.0000 -12.20084
57350.0000 -12.45360
57360.0000 -12.14456
57370.0000 -11.44501
57380.0000 -12.02353
57390.0000 -11.02105
57400.0000 -10.77551
57410.0000 -11.26340
57420.0000 -11.56307
57430.0000 -11.42028
57440.0000 -11.32886
57450.0000 -11.71553
57460.0000 -11.82788
57470.0000 -11.75686
57480.0000 -11.91044
57490.0000 -11.99611
57500.0000 -11.59235
57510.0000 -11.78089
57520.0000 -11.45924
57530.0000 -11.01619
57540.0000 -11.12312
57550.0000 -11.00357
57560.0000 -10.65426
57570.0000 -10.55820
57580.0000 -10.44255
57590.0000 -11.34468
57600.0000 -11.09625
57610.0000 -11.66901
57620.0000 -11.99140
57630.0000 -12.11901
57640.0000 -13.16439
57650.0000 -13.08826
57660.0000 -12.83654
57670.0000 -13.04028
57680.0000 -12.86094
57690.0000 -13.28683
57700.0000 -13.06546
57710.0000 -12.59314
57720.0000 -12.26250
57730.0000 -12.82560
57740.0000 -12.55738
57750.0000 -12.32500
57760.0000 -12.33328
57770.0000 -12.30963
57780.0000 -12.84920
57790.0000 -12.85368
57800.0000 -12.98755
57810.0000 -12.93688
57820.0000 -12.79458
57830.0000 -12.44918
57840.0000 -12.75723
57850.0000 -12.63648
57860.0000 -12.47593
57870.0000 -13.11094
57880.0000 -13.31382
57890.0000 -13.41311
57900.0000 -13.43590
57910.0000 -13.61226
57920.0000 -13.49579
57930.0000 -13.46743
57940.0000 -13.39810
57950.0000 -13.63707
57960.0000 -13.33165
57970.0000 -13.48062
57980.0000 -13.76832
57990.0000 -13.24987
58000.0000 -12.95465
58010.0000 -13.19578
58020.0000 -13.19118
58030.0000 -12.79899
58040.0000 -12.95126
58050.0000 -12.85688
58060.0000 -13.18656
58070.0000 -13.57265
58080.0000 -13.85030
58090.0000 -13.85118
58100.0000 -14.21018
58110.0000 -14.23686
58120.0000 -14.37123
58130.0000 -14.21559
58140.0000 -14.17414
58150.0000 -14.44791
58160.0000 -13.94851
58170.0000 -13.92038
58180.0000 -13.92901
58190.0000 -13.83454
58200.0000 -13.44363
58210.0000 -12.95360
58220.0000 -13.15478
58230.0000 -13.10379
58240.0000 -13.54321
58250.0000 -13.39110
58260.0000 -13.69419
58270.0000 -13.57124
58280.0000 -13.81757
58290.0000 -13.78330
58300.0000 -13.78062
58310.0000 -13.26582
58320.0000 -13.28718
58330.0000 -13.19758
58340.0000 -13.21799
58350.0000 -13.21901
58360.0000 -13.21897
58370.0000 -13.04052
58380.0000 -13.07379
58390.0000 -13.42782
58400.0000 -13.55512
58410.0000 -13.53468
58420.0000 -13.22018
58430.0000 -13.17306
58440.0000 -13.35436
58450.0000 -12.72377
58460.0000 -12.78034
58470.0000 -12.40467
58480.0000 -12.90284
58490.0000 -13.11503
58500.0000 -13.06495
58510.0000 -12.58963
58520.0000 -12.57960
58530.0000 -12.65093
58540.0000 -12.64820
58550.0000 -12.82660
58560.0000 -12.35943
58570.0000 -12.66557
58580.0000 -12.57410
58590.0000 -13.13013
58600.0000 -13.85573
58610.0000 -13.46177
58620.0000 -12.87013
58630.0000 -12.36732
58640.0000 -11.89819
58650.0000 -12.04747
58660.0000 -12.00006
58670.0000 -12.46803
58680.0000 -12.37016
58690.0000 -12.14932
58700.0000 -12.09254
58710.0000 -11.85751
58720.0000 -11.46971
58730.0000 -11.65935
58740.0000 -11.26773
58750.0000 -10.97506
58760.0000 -11.29379
58770.0000 -11.38620
58780.0000 -11.78293
58790.0000 -11.78360
58800.0000 -12.06835
58810.0000 -11.95140
58820.0000 -12.30090
58830.0000 -12.74531
58840.0000 -12.23577
58850.0000 -12.53509
58860.0000 -12.17101
58870.0000 -11.92120
58880.0000 -12.11332
58890.0000 -11.68025
58900.0000 -11.55131
58910.0000 -11.37382
58920.0000 -11.24621
58930.0000 -11.36450
58940.0000 -11.06735
58950.0000 -11.39185
58960.0000 -11.36890
58970.0000 -11.14333
58980.0000 -11.06586
58990.0000 -10.81677
59000.0000 -10.85084
59010.0000 -11.06769
59020.0000 -11.22089
59030.0000 -11.47095
59040.0000 -11.40285
59050.0000 -11.66610
59060.0000 -11.46340
59070.0000 -11.16499
59080.0000 -11.50130
59090.0000 -11.54901
59100.0000 -10.97909
59110.0000 -10.78551
59120.0000 -10.67910
59130.0000 -10.54486
59140.0000 -10.62840
59150.0000 -11.07377
59160.0000 -11.07319
59170.0000 -11.12106
59180.0000 -11.10489
59190.0000 -10.88074
59200.0000 -10.86264
59210.0000 -10.44500
59220.0000 -10.04361
59230.0000 -9.79797
59240.0000 -10.46334
59250.0000 -10.82584
59260.0000 -10.91498
59270.0000 -11.21199
59280.0000 -11.44228
59290.0000 -11.30185
59300.0000 -11.37604
59310.0000 -11.90207
59320.0000 -12.06178
59330.0000 -12.12444
59340.0000 -11.86272
59350.0000 -12.41134
59360.0000 -12.79965
59370.0000 -12.39119
59380.0000 -12.42730
59390.0000 -11.88175
59400.0000 -11.47492
59410.0000 -11.29096
59420.0000 -11.75300
59430.0000 -11.54168
59440.0000 -10.97961
59450.0000 -10.73308
59460.0000 -10.98565
59470.0000 -10.89257
59480.0000 -10.64042
59490.0000 -10.67777
59500.0000 -10.37451
59510.0000 -9.70275
59520.0000 -9.65124
59530.0000 -10.08795
59540.0000 -10.23695
59550.0000 -9.73134
59560.0000 -10.20056
59570.0000 -10.59001
59580.0000 -10.96022
59590.0000 -10.36488
59600.0000 -9.90727
59610.0000 -10.23351
59620.0000 -10.98971
59630.0000 -11.11254
59640.0000 -11.36084
59650.0000 -11.95240
59660.0000 -11.72718
59670.0000 -12.26836
59680.0000 -12.29101
59690.0000 -12.44023
59700.0000 -12.67213
59710.0000 -12.60889
59720.0000 -11.99080
59730.0000 -11.49206
59740.0000 -11.62051
59750.0000 -11.55967
59760.0000 -11.18001
59770.0000 -10.59478
59780.0000 -10.46149
59790.0000 -9.96572
59800.0000 -10.14989
59810.0000 -10.16004
59820.0000 -9.51244
59830.0000 -9.43062
59840.0000 -9.52302
59850.0000 -9.77963
59860.0000 -9.64053
59870.0000 -10.33587
59880.0000 -10.62545
59890.0000 -10.68872
59900.0000 -10.46516
59910.0000 -10.57187
59920.0000 -10.74019
59930.0000 -11.00384
59940.0000 -10.49422
59950.0000 -10.99511
59960.0000 -10.55884
59970.0000 -10.56501
59980.0000 -10.43130
59990.0000 -11.07111
60000.0000 -11.50946
60010.0000 -11.40472
60020.0000 -10.98762
60030.0000 -10.82598
60040.0000 -10.47087
60050.0000 -11.23933
60060.0000 -11.56009
60070.0000 -11.11523
60080.0000 -11.45110
60090.0000 -11.44025
60100.0000 -11.42826
60110.0000 -11.18370
60120.0000 -11.62522
60130.0000 -11.54869
60140.0000 -11.73610
60150.0000 -12.59927
60160.0000 -12.40710
60170.0000 -12.41880
60180.0000 -12.70356
60190.0000 -12.89495
60200.0000 -12.73675
60210.0000 -12.30668
60220.0000 -12.32309
60230.0000 -12.47278
60240.0000 -12.66112
60250.0000 -12.74386
60260.0000 -12.65627
60270.0000 -12.53614
60280.0000 -12.18255
60290.0000 -12.04602
60300.0000 -12.03026
60310.0000 -12.07477
60320.0000 -11.88277
60330.0000 -11.22844
60340.0000 -11.38300
60350.0000 -11.54657
60360.0000 -11.76499
60370.0000 -12.27341
60380.0000 -12.46756
60390.0000 -12.49781
60400.0000 -11.58512
60410.0000 -11.93239
60420.0000 -11.43106
60430.0000 -11.27910
60440.0000 -10.82520
60450.0000 -10.98695
60460.0000 -10.80259
60470.0000 -10.86188
60480.0000 -10.62648
60490.0000 -10.43510
60500.0000 -10.18810
60510.0000 -9.89573
60520.0000 -10.39629
60530.0000 -10.78593
60540.0000 -10.50124
60550.0000 -10.88080
60560.0000 -10.89869
60570.0000 -10.76296
60580.0000 -10.69963
60590.0000 -10.79063
60600.0000 -11.03365
60610.0000 -11.04121
60620.0000 -10.83353
60630.0000 -11.14858
60640.0000 -11.41665
60650.0000 -11.80753
60660.0000 -11.91461
60670.0000 -11.82857
60680.0000 -12.21184
60690.0000 -12.13040
60700.0000 -12.11814
60710.0000 -12.13857
60720.0000 -12.27706
60730.0000 -12.50398
60740.0000 -12.47563
60750.0000 -12.36059
60760.0000 -12.84891
60770.0000 -12.73972
60780.0000 -12.74575
60790.0000 -12.80164
60800.0000 -13.25730
60810.0000 -13.17293
60820.0000 -13.10243
60830.0000 -12.96061
60840.0000 -12.82281
60850.0000 -12.98804
60860.0000 -12.52811
60870.0000 -12.62239
60880.0000 -12.87706
60890.0000 -13.16922
60900.0000 -13.20052
60910.0000 -12.39731
60920.0000 -12.67587
60930.0000 -12.72058
60940.0000 -12.40090
60950.0000 -12.46187
60960.0000 -12.46862
60970.0000 -12.27113
60980.0000 -12.28769
60990.0000 -11.84776
61000.0000 -12.29253
61010.0000 -12.44417
61020.0000 -12.46428
61030.0000 -12.73830
61040.0000 -12.76006
61050.0000 -13.33823
61060.0000 -13.42444
61070.0000 -13.90310
61080.0000 -13.69085
61090.0000 -13.64922
61100.0000 -14.10429
61110.0000 -13.40697
61120.0000 -12.95084
61130.0000 -13.11145
61140.0000 -12.82943
61150.0000 -12.99224
61160.0000 -13.11950
61170.0000 -13.67322
61180.0000 -13.26160
61190.0000 -13.78239
61200.0000 -13.91269
61210.0000 -14.19852
61220.0000 -14.44426
61230.0000 -14.15254
61240.0000 -14.35607
61250.0000 -14.66655
61260.0000 -14.31906
61270.0000 -14.52890
61280.0000 -15.25377
61290.0000 -15.89797
61300.0000 -16.16424
61310.0000 -15.60063
61320.0000 -15.69393
61330.0000 -16.47080
61340.0000 -16.32322
61350.0000 -15.91058
61360.0000 -15.60056
61370.0000 -15.80811
61380.0000 -15.96378
61390.0000 -16.63043
61400.0000 -16.84075
61410.0000 -16.99928
61420.0000 -16.93561
61430.0000 -17.14053
61440.0000 -17.02089
61450.0000 -17.19315
61460.0000 -16.97246
61470.0000 -16.92689
61480.0000 -17.08718
61490.0000 -17.22736
61500.0000 -17.39444
61510.0000 -17.21897
61520.0000 -17.48767
61530.0000 -17.69799
61540.0000 -17.21660
61550.0000 -17.10091
61560.0000 -17.11232
61570.0000 -17.21266
61580.0000 -17.49659
61590.0000 -17.22733
61600.0000 -17.37796
61610.0000 -17.37345
61620.0000 -17.32382
61630.0000 -17.11110
61640.0000 -17.15319
61650.0000 -17.34393
61660.0000 -17.23496
61670.0000 -16.69503
61680.0000 -16.70217
61690.0000 -16.57710
61700.0000 -15.86248
61710.0000 -15.54503
61720.0000 -15.45652
61730.0000 -15.71960
61740.0000 -16.06345
61750.0000 -15.75699
61760.0000 -15.48914
61770.0000 -15.34781
61780.0000 -15.16086
61790.0000 -14.70163
61800.0000 -14.46176
61810.0000 -14.25394
61820.0000 -14.11413
61830.0000 -13.84068
61840.0000 -13.87453
61850.0000 -13.49514
61860.0000 -13.62622
61870.0000 -14.24262
61880.0000 -13.80327
61890.0000 -13.71987
61900.0000 -13.74354
61910.0000 -13.69745
61920.0000 -13.81724
61930.0000 -13.72073
61940.0000 -13.52357
61950.0000 -13.36525
61960.0000 -13.49894
61970.0000 -13.38514
61980.0000 -13.45726
61990.0000 -13.62272
62000.0000 -13.45203
62010.0000 -13.77994
62020.0000 -13.71207
62030.0000 -13.66233
62040.0000 -14.01453
62050.0000 -14.59025
62060.0000 -14.56263
62070.0000 -14.35323
62080.0000 -14.38068
62090.0000 -14.76877
62100.0000 -14.37735
62110.0000 -14.77042
62120.0000 -14.27840
62130.0000 -13.88321
62140.0000 -13.45351
62150.0000 -13.20615
62160.0000 -13.07206
62170.0000 -13.20018
62180.0000 -12.76821
62190.0000 -13.03909
62200.0000 -13.41090
62210.0000 -13.38496
62220.0000 -13.33571
62230.0000 -13.37853
62240.0000 -13.38155
62250.0000 -13.42382
62260.0000 -13.41442
62270.0000 -13.52339
62280.0000 -13.69669
62290.0000 -13.91906
62300.0000 -14.14613
62310.0000 -13.88891
62320.0000 -14.33096
62330.0000 -14.05082
62340.0000 -14.49533
62350.0000 -13.98046
62360.0000 -14.19554
62370.0000 -14.63788
62380.0000 -14.74934
62390.0000 -14.34202
62400.0000 -13.90551
62410.0000 -13.89887
62420.0000 -14.26084
62430.0000 -14.09474
62440.0000 -13.97075
62450.0000 -14.37753
62460.0000 -14.26026
62470.0000 -14.18987
62480.0000 -14.08749
62490.0000 -14.06338
62500.0000 -13.47821
62510.0000 -13.51401
62520.0000 -13.75059
62530.0000 -13.98811
62540.0000 -13.89732
62550.0000 -13.79156
62560.0000 -14.09706
62570.0000 -13.81998
62580.0000 -14.12337
62590.0000 -14.43286
62600.0000 -14.82950
62610.0000 -14.56367
62620.0000 -14.41299
62630.0000 -14.70708
62640.0000 -14.56802
62650.0000 -14.46781
62660.0000 -14.19500
62670.0000 -14.14307
62680.0000 -14.38583
62690.0000 -14.12706
62700.0000 -13.91327
62710.0000 -13.88767
62720.0000 -13.67003
62730.0000 -13.27436
62740.0000 -13.45924
62750.0000 -13.52617
62760.0000 -13.61016
62770.0000 -13.31070
62780.0000 -13.11368
62790.0000 -13.13379
62800.0000 -12.90475
62810.0000 -12.92932
62820.0000 -12.78847
62830.0000 -13.06960
62840.0000 -13.01074
62850.0000 -12.92747
62860.0000 -12.65333
62870.0000 -12.53854
62880.0000 -12.57152
62890.0000 -12.58345
62900.0000 -12.63741
62910.0000 -12.80745
62920.0000 -12.69728
62930.0000 -12.92604
62940.0000 -12.63144
62950.0000 -12.61407
62960.0000 -12.63359
62970.0000 -12.92119
62980.0000 -12.95137
62990.0000 -13.34788
63000.0000 -13.47501
63010.0000 -13.78295
63020.0000 -13.62322
63030.0000 -13.59909
63040.0000 -14.08982
63050.0000 -14.10358
63060.0000 -13.99123
63070.0000 -14.03682
63080.0000 -13.92374
63090.0000 -13.86724
63100.0000 -13.49979
63110.0000 -13.64805
63120.0000 -13.44882
63130.0000 -13.50654
63140.0000 -13.45221
63150.0000 -12.81927
63160.0000 -12.73267
63170.0000 -13.03600
63180.0000 -12.88979
63190.0000 -13.48424
63200.0000 -13.37909
63210.0000 -13.23092
63220.0000 -13.35176
63230.0000 -13.14739
63240.0000 -12.77623
63250.0000 -12.72810
63260.0000 -12.71998
63270.0000 -12.48463
63280.0000 -12.20414
63290.0000 -12.43607
63300.0000 -12.17471
63310.0000 -12.19427
63320.0000 -12.08521
63330.0000 -12.13363
63340.0000 -12.12196
63350.0000 -12.12117
63360.0000 -11.52529
63370.0000 -11.51163
63380.0000 -11.13840
63390.0000 -11.68733
63400.0000 -11.60872
63410.0000 -11.11627
63420.0000 -11.20545
63430.0000 -10.73692
63440.0000 -10.57509
63450.0000 -10.63984
63460.0000 -10.50270
63470.0000 -10.62025
63480.0000 -10.17115
63490.0000 -10.02987
63500.0000 -9.65861
63510.0000 -9.53839
63520.0000 -9.42878
63530.0000 -9.09161
63540.0000 -8.98551
63550.0000 -8.68119
63560.0000 -8.37983
63570.0000 -8.79276
63580.0000 -8.61435
63590.0000 -8.26833
63600.0000 -8.35221
63610.0000 -8.05224
63620.0000 -8.17087
63630.0000 -7.96698
63640.0000 -8.08829
63650.0000 -8.07284
63660.0000 -8.24756
63670.0000 -8.42592
63680.0000 -7.78708
63690.0000 -8.61759
63700.0000 -9.03063
63710.0000 -9.22652
63720.0000 -8.87184
63730.0000 -8.76473
63740.0000 -8.65580
63750.0000 -8.85948
63760.0000 -9.03318
63770.0000 -9.01679
63780.0000 -9.41398
63790.0000 -9.33726
63800.0000 -9.08261
63810.0000 -8.75790
63820.0000 -9.09054
63830.0000 -9.25897
63840.0000 -9.71684
63850.0000 -9.96555
63860.0000 -10.13974
63870.0000 -9.98083
63880.0000 -9.97282
63890.0000 -10.09795
63900.0000 -10.27690
63910.0000 -10.07647
63920.0000 -10.06552
63930.0000 -10.11196
63940.0000 -9.92363
63950.0000 -9.86110
63960.0000 -10.23071
63970.0000 -10.01381
63980.0000 -10.38931
63990.0000 -10.43173
64000.0000 -10.37541
64010.0000 -10.13993
64020.0000 -10.41520
64030.0000 -10.46953
64040.0000 -10.34628
64050.0000 -10.26263
64060.0000 -9.97470
64070.0000 -10.01438
64080.0000 -10.09162
64090.0000 -9.36997
64100.0000 -9.15556
64110.0000 -9.24023
64120.0000 -9.58052
64130.0000 -9.73463
64140.0000 -8.88387
64150.0000 -9.18642
64160.0000 -8.81567
64170.0000 -8.69426
64180.0000 -8.97492
64190.0000 -9.00088
64200.0000 -9.35666
64210.0000 -9.20256
64220.0000 -9.21455
64230.0000 -9.72705
64240.0000 -9.89480
64250.0000 -9.82745
64260.0000 -9.82569
64270.0000 -10.10553
64280.0000 -10.53888
64290.0000 -10.85826
64300.0000 -10.63795
64310.0000 -11.04258
64320.0000 -10.71184
64330.0000 -10.79526
64340.0000 -10.90637
64350.0000 -10.93101
64360.0000 -10.69896
64370.0000 -10.97999
64380.0000 -10.55345
64390.0000 -9.94258
64400.0000 -10.36276
64410.0000 -10.25476
64420.0000 -10.43372
64430.0000 -10.93790
64440.0000 -11.52746
64450.0000 -12.44050
64460.0000 -12.44850
64470.0000 -12.48656
64480.0000 -12.46334
64490.0000 -12.21564
64500.0000 -12.19325
64510.0000 -12.15779
64520.0000 -12.26245
64530.0000 -12.30556
64540.0000 -12.29728
64550.0000 -12.49102
64560.0000 -12.36375
64570.0000 -12.43355
64580.0000 -12.37578
64590.0000 -12.30136
64600.0000 -12.12171
64610.0000 -11.98389
64620.0000 -11.97603
64630.0000 -11.90400
64640.0000 -11.44895
64650.0000 -11.62756
64660.0000 -11.69029
64670.0000 -11.81507
64680.0000 -11.42864
64690.0000 -11.60262
64700.0000 -11.76189
64710.0000 -12.25757
64720.0000 -11.87499
64730.0000 -11.83924
64740.0000 -11.77700
64750.0000 -11.16882
64760.0000 -11.58510
64770.0000 -11.32063
64780.0000 -11.82910
64790.0000 -11.18582
64800.0000 -11.78169
64810.0000 -11.98254
64820.0000 -11.50981
64830.0000 -11.95141
64840.0000 -12.00467
64850.0000 -12.50464
64860.0000 -12.31876
64870.0000 -12.15640
64880.0000 -12.27935
64890.0000 -12.17494
64900.0000 -12.21423
64910.0000 -12.13169
64920.0000 -12.51315
64930.0000 -12.49060
64940.0000 -12.46932
64950.0000 -12.67519
64960.0000 -13.56734
64970.0000 -13.47339
64980.0000 -13.72646
64990.0000 -14.03545
65000.0000 -14.22292
65010.0000 -13.86107
65020.0000 -13.91389
65030.0000 -13.83495
65040.0000 -14.13027
65050.0000 -14.27589
65060.0000 -14.20451
65070.0000 -13.93508
65080.0000 -13.54758
65090.0000 -13.48285
65100.0000 -13.70197
65110.0000 -13.32278
65120.0000 -13.53295
65130.0000 -13.47726
65140.0000 -13.50009
65150.0000 -13.73094
65160.0000 -13.19188
65170.0000 -12.64479
65180.0000 -13.11340
65190.0000 -12.60958
65200.0000 -12.86371
65210.0000 -12.80507
65220.0000 -13.23561
65230.0000 -12.92975
65240.0000 -12.78511
65250.0000 -12.74913
65260.0000 -13.02025
65270.0000 -12.61892
65280.0000 -13.23782
65290.0000 -12.85778
65300.0000 -13.21975
65310.0000 -13.15766
65320.0000 -13.52315
65330.0000 -13.67445
65340.0000 -13.48785
65350.0000 -13.36203
65360.0000 -13.55827
65370.0000 -13.55268
65380.0000 -12.75653
65390.0000 -12.67898
65400.0000 -12.18895
65410.0000 -12.22949
65420.0000 -11.91334
65430.0000 -12.32102
65440.0000 -12.12129
65450.0000 -11.72810
65460.0000 -11.70401
65470.0000 -11.39083
65480.0000 -11.70539
65490.0000 -11.79700
65500.0000 -11.69915
65510.0000 -11.59534
65520.0000 -11.55814
65530.0000 -11.43706
65540.0000 -11.18832
65550.0000 -10.81801
65560.0000 -11.44435
65570.0000 -11.44141
65580.0000 -11.76903
65590.0000 -11.83599
65600.0000 -11.97885
65610.0000 -11.69620
65620.0000 -11.39393
65630.0000 -11.14414
65640.0000 -11.25025
65650.0000 -11.74075
65660.0000 -11.43970
65670.0000 -11.62452
65680.0000 -11.36607
65690.0000 -11.40596
65700.0000 -11.18607
65710.0000 -10.94769
65720.0000 -11.76960
65730.0000 -11.80806
65740.0000 -11.76548
65750.0000 -11.67027
65760.0000 -11.26056
65770.0000 -11.43347
65780.0000 -11.22378
65790.0000 -11.37330
65800.0000 -11.19049
65810.0000 -10.71771
65820.0000 -10.45456
65830.0000 -10.40518
65840.0000 -10.18703
65850.0000 -10.42670
65860.0000 -10.48203
65870.0000 -10.79565
65880.0000 -10.69213
65890.0000 -10.60110
65900.0000 -10.82622
65910.0000 -11.00271
65920.0000 -11.07338
65930.0000 -11.13723
65940.0000 -11.07131
65950.0000 -10.54520
65960.0000 -10.40258
65970.0000 -10.05280
65980.0000 -9.78190
65990.0000 -10.12754
66000.0000 -9.91700
66010.0000 -9.90861
66020.0000 -10.05750
66030.0000 -9.77607
66040.0000 -10.62679
66050.0000 -9.77068
66060.0000 -9.66580
66070.0000 -10.42708
66080.0000 -10.66201
66090.0000 -10.75739
66100.0000 -10.92191
66110.0000 -10.62299
66120.0000 -10.34496
66130.0000 -9.94591
66140.0000 -10.33337
66150.0000 -10.49304
66160.0000 -10.18464
66170.0000 -10.58385
66180.0000 -10.84093
66190.0000 -10.41878
66200.0000 -10.83266
66210.0000 -10.60822
66220.0000 -10.74174
66230.0000 -10.62298
66240.0000 -10.58179
66250.0000 -10.80421
66260.0000 -10.90758
66270.0000 -11.20790
66280.0000 -10.92137
66290.0000 -10.75581
66300.0000 -10.64586
66310.0000 -10.29335
66320.0000 -10.70343
66330.0000 -10.66322
66340.0000 -10.50342
66350.0000 -10.52317
66360.0000 -10.42316
66370.0000 -10.76894
66380.0000 -10.43489
66390.0000 -10.54132
66400.0000 -10.61064
66410.0000 -11.01951
66420.0000 -10.51711
66430.0000 -10.09606
66440.0000 -10.10168
66450.0000 -10.19267
66460.0000 -9.93704
66470.0000 -9.98075
66480.0000 -9.65879
66490.0000 -9.70798
66500.0000 -9.37909
66510.0000 -9.49698
66520.0000 -9.20688
66530.0000 -8.91386
66540.0000 -9.39852
66550.0000 -9.30604
66560.0000 -9.25226
66570.0000 -8.70319
66580.0000 -8.22666
66590.0000 -8.04756
66600.0000 -8.17795
66610.0000 -8.95608
66620.0000 -8.50648
66630.0000 -8.73339
66640.0000 -8.31528
66650.0000 -8.30740
66660.0000 -9.03895
66670.0000 -8.60386
66680.0000 -8.65309
66690.0000 -8.68339
66700.0000 -8.94330
66710.0000 -9.46383
66720.0000 -9.75770
66730.0000 -10.06171
66740.0000 -10.11868
66750.0000 -10.32353
66760.0000 -10.10662
66770.0000 -10.03601
66780.0000 -10.21001
66790.0000 -10.05001
66800.0000 -10.22494
66810.0000 -9.97518
66820.0000 -10.53577
66830.0000 -10.60498
66840.0000 -10.94090
66850.0000 -10.65706
66860.0000 -10.88328
66870.0000 -10.85683
66880.0000 -11.00277
66890.0000 -11.33307
66900.0000 -11.29952
66910.0000 -11.61351
66920.0000 -11.85744
66930.0000 -12.35421
66940.0000 -12.83152
66950.0000 -13.64071
66960.0000 -12.96656
66970.0000 -13.21364
66980.0000 -13.18004
66990.0000 -13.00763
67000.0000 -12.73459
67010.0000 -12.55849
67020.0000 -12.70445
67030.0000 -12.40067
67040.0000 -12.41936
67050.0000 -12.70517
67060.0000 -12.18663
67070.0000 -11.60564
67080.0000 -11.37896
67090.0000 -10.53680
67100.0000 -9.91008
67110.0000 -9.94258
67120.0000 -9.89646
67130.0000 -9.67794
67140.0000 -9.43011
67150.0000 -9.46489
67160.0000 -8.96150
67170.0000 -7.74744
67180.0000 -7.69887
67190.0000 -7.53980
67200.0000 -7.14956
67210.0000 -6.84241
67220.0000 -6.42517
67230.0000 -6.86795
67240.0000 -7.15858
67250.0000 -6.63582
67260.0000 -6.87302
67270.0000 -7.15795
67280.0000 -7.34711
67290.0000 -7.41687
67300.0000 -7.23937
67310.0000 -7.21098
67320.0000 -7.27096
67330.0000 -7.09046
67340.0000 -7.29027
67350.0000 -7.38202
67360.0000 -8.03830
67370.0000 -8.21435
67380.0000 -8.12774
67390.0000 -8.16906
67400.0000 -7.98140
67410.0000 -8.40673
67420.0000 -8.17157
67430.0000 -8.12917
67440.0000 -7.90022
67450.0000 -7.69004
67460.0000 -7.72715
67470.0000 -8.07408
67480.0000 -7.57842
67490.0000 -7.56552
67500.0000 -8.01499
67510.0000 -8.13617
67520.0000 -7.62953
67530.0000 -7.22893
67540.0000 -7.38191
67550.0000 -7.37491
67560.0000 -7.80453
67570.0000 -7.59136
67580.0000 -7.97371
67590.0000 -8.10089
67600.0000 -8.22164
67610.0000 -8.86121
67620.0000 -8.58139
67630.0000 -8.42515
67640.0000 -8.37997
67650.0000 -9.00398
67660.0000 -9.18194
67670.0000 -9.26495
67680.0000 -9.31698
67690.0000 -9.24980
67700.0000 -9.15461
67710.0000 -10.16065
67720.0000 -10.05169
67730.0000 -9.74681
67740.0000 -8.97259
67750.0000 -8.74240
67760.0000 -9.01085
67770.0000 -8.57544
67780.0000 -8.48195
67790.0000 -8.58655
67800.0000 -8.56623
67810.0000 -8.27633
67820.0000 -7.65791
67830.0000 -8.35626
67840.0000 -8.19870
67850.0000 -8.58421
67860.0000 -8.77269
67870.0000 -8.65210
67880.0000 -8.80092
67890.0000 -8.17482
67900.0000 -8.17519
67910.0000 -7.91479
67920.0000 -8.29926
67930.0000 -8.73212
67940.0000 -8.41511
67950.0000 -8.00274
67960.0000 -8.19217
67970.0000 -7.90587
67980.0000 -7.78118
67990.0000 -7.81351
68000.0000 -7.86674
68010.0000 -8.19141
68020.0000 -7.96411
68030.0000 -8.19170
68040.0000 -8.11787
68050.0000 -8.12608
68060.0000 -8.25288
68070.0000 -8.51422
68080.0000 -8.57592
68090.0000 -8.82315
68100.0000 -9.26408
68110.0000 -9.22202
68120.0000 -9.18976
68130.0000 -9.11788
68140.0000 -8.91479
68150.0000 -9.20391
68160.0000 -9.31027
68170.0000 -9.18985
68180.0000 -9.37001
68190.0000 -9.22158
68200.0000 -9.29419
68210.0000 -9.57195
68220.0000 -9.83869
68230.0000 -10.22927
68240.0000 -10.41622
68250.0000 -10.68729
68260.0000 -10.71774
68270.0000 -10.73516
68280.0000 -10.63340
68290.0000 -10.53939
68300.0000 -10.62060
68310.0000 -10.35255
68320.0000 -10.42868
68330.0000 -10.53277
68340.0000 -10.41324
68350.0000 -10.67660
68360.0000 -10.72743
68370.0000 -10.88152
68380.0000 -10.38130
68390.0000 -10.99556
68400.0000 -11.29822
68410.0000 -11.54677
68420.0000 -11.84670
68430.0000 -11.31675
68440.0000 -11.34493
68450.0000 -10.69888
68460.0000 -10.94711
68470.0000 -10.92274
68480.0000 -10.89706
68490.0000 -11.03369
68500.0000 -11.62928
68510.0000 -11.74915
68520.0000 -12.19110
68530.0000 -12.72032
68540.0000 -12.53364
68550.0000 -12.32336
68560.0000 -13.03147
68570.0000 -13.22762
68580.0000 -12.93372
68590.0000 -13.19385
68600.0000 -13.17230
68610.0000 -13.31697
68620.0000 -13.64426
68630.0000 -13.47663
68640.0000 -13.53305
68650.0000 -13.95533
68660.0000 -13.61766
68670.0000 -13.63552
68680.0000 -13.30730
68690.0000 -13.20576
68700.0000 -13.06894
68710.0000 -13.34205
68720.0000 -13.64535
68730.0000 -13.24517
68740.0000 -13.53684
68750.0000 -14.57434
68760.0000 -14.59823
68770.0000 -14.15162
68780.0000 -13.99682
68790.0000 -13.82124
68800.0000 -13.81471
68810.0000 -13.68270
68820.0000 -13.71804
68830.0000 -13.34462
68840.0000 -13.19569
68850.0000 -13.42750
68860.0000 -13.28898
68870.0000 -13.26086
68880.0000 -12.91639
68890.0000 -13.64304
68900.0000 -13.68148
68910.0000 -13.61007
68920.0000 -13.19623
68930.0000 -12.89869
68940.0000 -13.21733
68950.0000 -13.01200
68960.0000 -13.12656
68970.0000 -13.35083
68980.0000 -12.91731
68990.0000 -12.95000
69000.0000 -13.06774
69010.0000 -13.11319
69020.0000 -13.01368
69030.0000 -13.24654
69040.0000 -13.64498
69050.0000 -13.38362
69060.0000 -13.09662
69070.0000 -13.16025
69080.0000 -13.18931
69090.0000 -13.52609
69100.0000 -12.86116
69110.0000 -13.05873
69120.0000 -13.26191
69130.0000 -13.30773
69140.0000 -13.55678
69150.0000 -13.78714
69160.0000 -13.21073
69170.0000 -12.78786
69180.0000 -12.50978
69190.0000 -12.83630
69200.0000 -12.98288
69210.0000 -13.61544
69220.0000 -13.69339
69230.0000 -14.19742
69240.0000 -14.07179
69250.0000 -14.06415
69260.0000 -14.01346
69270.0000 -13.92029
69280.0000 -13.47366
69290.0000 -13.34491
69300.0000 -13.08536
69310.0000 -13.15324
69320.0000 -13.09648
69330.0000 -12.71602
69340.0000 -13.11592
69350.0000 -13.20861
69360.0000 -13.23882
69370.0000 -13.29789
69380.0000 -13.29884
69390.0000 -13.00164
69400.0000 -13.15526
69410.0000 -13.06604
69420.0000 -13.09179
69430.0000 -13.59756
69440.0000 -13.75153
69450.0000 -13.75583
69460.0000 -13.34167
69470.0000 -13.10445
69480.0000 -13.71603
69490.0000 -13.77020
69500.0000 -13.18968
69510.0000 -13.24860
69520.0000 -13.05840
69530.0000 -12.86744
69540.0000 -12.88413
69550.0000 -12.71317
69560.0000 -12.99530
69570.0000 -13.12567
69580.0000 -13.27591
69590.0000 -13.71462
69600.0000 -13.16900
69610.0000 -12.86510
69620.0000 -13.24026
69630.0000 -12.74705
69640.0000 -13.24815
69650.0000 -13.62682
69660.0000 -13.69399
69670.0000 -13.74435
69680.0000 -14.48763
69690.0000 -14.39390
69700.0000 -14.73929
69710.0000 -15.30474
69720.0000 -15.49012
69730.0000 -15.08000
69740.0000 -15.49934
69750.0000 -15.69433
69760.0000 -15.91197
69770.0000 -16.22675
69780.0000 -15.79167
69790.0000 -15.50531
69800.0000 -15.17555
69810.0000 -15.14919
69820.0000 -14.97620
69830.0000 -14.80005
69840.0000 -14.79544
69850.0000 -14.46466
69860.0000 -13.96940
69870.0000 -13.86565
69880.0000 -13.58329
69890.0000 -13.28098
69900.0000 -13.48106
69910.0000 -13.79841
69920.0000 -13.76108
69930.0000 -13.49003
69940.0000 -13.24944
69950.0000 -13.45905
69960.0000 -13.61994
69970.0000 -13.01874
69980.0000 -13.13510
69990.0000 -13.01497
70000.0000 -12.24187
70010.0000 -12.19279
70020.0000 -11.99429
70030.0000 -12.38783
70040.0000 -12.48929
70050.0000 -12.78861
70060.0000 -13.44063
70070.0000 -13.48824
70080.0000 -13.41431
70090.0000 -13.49757
70100.0000 -13.59266
70110.0000 -13.80012
70120.0000 -13.25597
70130.0000 -13.30774
70140.0000 -13.34266
70150.0000 -12.53059
70160.0000 -12.07601
70170.0000 -12.07849
70180.0000 -12.03651
70190.0000 -11.90402
70200.0000 -12.72480
70210.0000 -12.47053
70220.0000 -12.56486
70230.0000 -13.00776
70240.0000 -12.66970
70250.0000 -12.32306
70260.0000 -12.24366
70270.0000 -11.30359
70280.0000 -10.34153
70290.0000 -9.93233
70300.0000 -10.12262
70310.0000 -10.46123
70320.0000 -10.56864
70330.0000 -10.25171
70340.0000 -10.42280
70350.0000 -10.28692
70360.0000 -10.09597
70370.0000 -10.01507
70380.0000 -10.25763
70390.0000 -10.38177
70400.0000 -10.69607
70410.0000 -10.87780
70420.0000 -11.19089
70430.0000 -11.29229
70440.0000 -10.90161
70450.0000 -10.43983
70460.0000 -10.80263
70470.0000 -10.56950
70480.0000 -10.77263
70490.0000 -10.94809
70500.0000 -10.56488
70510.0000 -10.64593
70520.0000 -10.53704
70530.0000 -11.00151
70540.0000 -10.92998
70550.0000 -10.47489
70560.0000 -10.56553
70570.0000 -10.72684
70580.0000 -10.73290
70590.0000 -10.54630
70600.0000 -10.15035
70610.0000 -10.09525
70620.0000 -9.60020
70630.0000 -9.25936
70640.0000 -9.24229
70650.0000 -8.75083
70660.0000 -8.86783
70670.0000 -8.99840
70680.0000 -8.45521
70690.0000 -8.26216
70700.0000 -8.13542
70710.0000 -8.00953
70720.0000 -8.15201
70730.0000 -8.00783
70740.0000 -7.60645
70750.0000 -7.47436
70760.0000 -6.94912
70770.0000 -7.21472
70780.0000 -7.16199
70790.0000 -6.95897
70800.0000 -6.90786
70810.0000 -7.00516
70820.0000 -7.58362
70830.0000 -7.62467
70840.0000 -7.73352
70850.0000 -7.61801
70860.0000 -7.46230
70870.0000 -7.37305
70880.0000 -7.20098
70890.0000 -7.03973
70900.0000 -7.01225
70910.0000 -6.95341
70920.0000 -7.33588
70930.0000 -6.93441
70940.0000 -7.00486
70950.0000 -6.53391
70960.0000 -6.53864
70970.0000 -6.67184
70980.0000 -7.03815
70990.0000 -6.60843
71000.0000 -7.07260
71010.0000 -7.15482
71020.0000 -7.08231
71030.0000 -7.82933
71040.0000 -8.37151
71050.0000 -8.40656
71060.0000 -9.03348
71070.0000 -8.99157
71080.0000 -9.84567
71090.0000 -10.10112
71100.0000 -10.32272
71110.0000 -10.41343
71120.0000 -10.74419
71130.0000 -11.16139
71140.0000 -10.99319
71150.0000 -10.62471
71160.0000 -10.83174
71170.0000 -11.12505
71180.0000 -11.24016
71190.0000 -11.65833
71200.0000 -11.65224
71210.0000 -12.00881
71220.0000 -11.56961
71230.0000 -11.89911
71240.0000 -11.63881
71250.0000 -11.66506
71260.0000 -11.64501
71270.0000 -11.49128
71280.0000 -11.85177
71290.0000 -12.07395
71300.0000 -12.07048
71310.0000 -11.85959
71320.0000 -11.98570
71330.0000 -12.01301
71340.0000 -12.21045
71350.0000 -12.11442
71360.0000 -11.51090
71370.0000 -11.27491
71380.0000 -11.82122
71390.0000 -11.72858
71400.0000 -11.88199
71410.0000 -12.02130
71420.0000 -11.81830
71430.0000 -11.95778
71440.0000 -11.72762
71450.0000 -11.59122
71460.0000 -11.54782
71470.0000 -12.06407
71480.0000 -12.11637
71490.0000 -12.15845
71500.0000 -12.34689
71510.0000 -12.27106
71520.0000 -12.25653
71530.0000 -12.38798
71540.0000 -12.56094
71550.0000 -12.50256
71560.0000 -13.08337
71570.0000 -12.77460
71580.0000 -12.67614
71590.0000 -12.17411
71600.0000 -12.88781
71610.0000 -12.77437
71620.0000 -12.40802
71630.0000 -12.83732
71640.0000 -13.12902
71650.0000 -13.33509
71660.0000 -12.91702
71670.0000 -13.05563
71680.0000 -13.00377
71690.0000 -12.69789
71700.0000 -12.37596
71710.0000 -11.89658
71720.0000 -11.78416
71730.0000 -11.89416
71740.0000 -12.40353
71750.0000 -12.05425
71760.0000 -12.10669
71770.0000 -12.15697
71780.0000 -11.58982
71790.0000 -12.20038
71800.0000 -12.09003
71810.0000 -11.98596
71820.0000 -11.69740
71830.0000 -12.58127
71840.0000 -13.20182
71850.0000 -12.85314
71860.0000 -12.41351
71870.0000 -12.56410
71880.0000 -12.23004
71890.0000 -12.25378
71900.0000 -12.84394
71910.0000 -12.73628
71920.0000 -12.47648
71930.0000 -12.31805
71940.0000 -12.10439
71950.0000 -12.17136
71960.0000 -12.21756
71970.0000 -11.87562
71980.0000 -11.59655
71990.0000 -11.68392
72000.0000 -11.35711
72010.0000 -11.26607
72020.0000 -11.15013
72030.0000 -10.34215
72040.0000 -10.71001
72050.0000 -10.87595
72060.0000 -11.34176
72070.0000 -11.46517
72080.0000 -10.93985
72090.0000 -10.82575
72100.0000 -10.85941
72110.0000 -11.65105
72120.0000 -11.35452
72130.0000 -11.70396
72140.0000 -11.74225
72150.0000 -12.11223
72160.0000 -12.48415
72170.0000 -12.37614
72180.0000 -13.07178
72190.0000 -12.65101
72200.0000 -12.07954
72210.0000 -11.65852
72220.0000 -11.66088
72230.0000 -11.46599
72240.0000 -11.94482
72250.0000 -12.20319
72260.0000 -12.08552
72270.0000 -11.86250
72280.0000 -11.94988
72290.0000 -11.78424
72300.0000 -11.94391
72310.0000 -12.12394
72320.0000 -11.82880
72330.0000 -11.36020
72340.0000 -11.15504
72350.0000 -11.16883
72360.0000 -10.70138
72370.0000 -10.46922
72380.0000 -10.51211
72390.0000 -10.10985
72400.0000 -10.58624
72410.0000 -11.10323
72420.0000 -11.61470
72430.0000 -10.95132
72440.0000 -11.27317
72450.0000 -11.05479
72460.0000 -11.06094
72470.0000 -10.28284
72480.0000 -9.67647
72490.0000 -10.04371
72500.0000 -9.98832
72510.0000 -10.13090
72520.0000 -9.77001
72530.0000 -10.13941
72540.0000 -10.03681
72550.0000 -10.03727
72560.0000 -9.90416
72570.0000 -9.92396
72580.0000 -9.54653
72590.0000 -9.59182
72600.0000 -9.55263
72610.0000 -9.57723
72620.0000 -9.41338
72630.0000 -9.80414
72640.0000 -10.24421
72650.0000 -9.93254
72660.0000 -10.22907
72670.0000 -10.45425
72680.0000 -10.48055
72690.0000 -10.22910
72700.0000 -10.71943
72710.0000 -10.57619
72720.0000 -10.30962
72730.0000 -9.97301
72740.0000 -9.81580
72750.0000 -9.73322
72760.0000 -9.58359
72770.0000 -9.76806
72780.0000 -9.16959
72790.0000 -8.48482
72800.0000 -7.96830
72810.0000 -7.66206
72820.0000 -7.46651
72830.0000 -7.41132
72840.0000 -7.73180
72850.0000 -8.02279
72860.0000 -8.09547
72870.0000 -8.97031
72880.0000 -8.65238
72890.0000 -8.55982
72900.0000 -9.10462
72910.0000 -9.01226
72920.0000 -9.05582
72930.0000 -8.67544
72940.0000 -8.14433
72950.0000 -8.30364
72960.0000 -8.81354
72970.0000 -8.72068
72980.0000 -8.62645
72990.0000 -8.34764
73000.0000 -8.07535
73010.0000 -8.77555
73020.0000 -8.85336
73030.0000 -8.70288
73040.0000 -8.12333
73050.0000 -8.29184
73060.0000 -8.42934
73070.0000 -8.32395
73080.0000 -7.79979
73090.0000 -8.55433
73100.0000 -8.30581
73110.0000 -8.78602
73120.0000 -9.19407
73130.0000 -9.51969
73140.0000 -9.66233
73150.0000 -9.81797
73160.0000 -9.98749
73170.0000 -10.75877
73180.0000 -10.54956
73190.0000 -10.83403
73200.0000 -11.17262
73210.0000 -10.90831
73220.0000 -11.02937
73230.0000 -11.81958
73240.0000 -11.99939
73250.0000 -12.54957
73260.0000 -13.12484
73270.0000 -12.76018
73280.0000 -12.93318
73290.0000 -12.97470
73300.0000 -13.28785
73310.0000 -13.71604
73320.0000 -13.09333
73330.0000 -13.12432
73340.0000 -13.12499
73350.0000 -12.96467
73360.0000 -12.75119
73370.0000 -12.17433
73380.0000 -11.76649
73390.0000 -11.17612
73400.0000 -11.37229
73410.0000 -11.96349
73420.0000 -11.87314
73430.0000 -11.85382
73440.0000 -11.77806
73450.0000 -11.82913
73460.0000 -11.81038
73470.0000 -12.42910
73480.0000 -12.43649
73490.0000 -12.36529
73500.0000 -12.07473
73510.0000 -11.88552
73520.0000 -11.82679
73530.0000 -11.58540
73540.0000 -11.62738
73550.0000 -11.67575
73560.0000 -11.78524
73570.0000 -11.47661
73580.0000 -11.37812
73590.0000 -10.97322
73600.0000 -10.72906
73610.0000 -10.77099
73620.0000 -10.93221
73630.0000 -10.95455
73640.0000 -10.36666
73650.0000 -9.80583
73660.0000 -10.06693
73670.0000 -10.50244
73680.0000 -10.66212
73690.0000 -10.63905
73700.0000 -11.10186
73710.0000 -11.16473
73720.0000 -11.13612
73730.0000 -11.13894
73740.0000 -11.56593
73750.0000 -11.68621
73760.0000 -11.46078
73770.0000 -11.52200
73780.0000 -11.37617
73790.0000 -10.97552
73800.0000 -10.48892
73810.0000 -10.74876
73820.0000 -10.22767
73830.0000 -10.08508
73840.0000 -9.69977
73850.0000 -9.64603
73860.0000 -9.35327
73870.0000 -9.29110
73880.0000 -9.11917
73890.0000 -9.10417
73900.0000 -9.18843
73910.0000 -8.69014
73920.0000 -8.69323
73930.0000 -8.64610
73940.0000 -9.21536
73950.0000 -9.20033
73960.0000 -9.27121
73970.0000 -9.06186
73980.0000 -8.29869
73990.0000 -7.51798
74000.0000 -7.67020
74010.0000 -7.69376
74020.0000 -8.01828
74030.0000 -7.90813
74040.0000 -8.07150
74050.0000 -8.11460
74060.0000 -7.34251
74070.0000 -7.05216
74080.0000 -7.11214
74090.0000 -7.33246
74100.0000 -7.88403
74110.0000 -7.15269
74120.0000 -6.78813
74130.0000 -7.09985
74140.0000 -7.42179
74150.0000 -6.83771
74160.0000 -7.47037
74170.0000 -7.92382
74180.0000 -7.87917
74190.0000 -7.39564
74200.0000 -7.40998
74210.0000 -7.91203
74220.0000 -8.14527
74230.0000 -8.46907
74240.0000 -8.80355
74250.0000 -8.10547
74260.0000 -7.90913
74270.0000 -8.67858
74280.0000 -8.82176
74290.0000 -8.33200
74300.0000 -7.51653
74310.0000 -7.72303
74320.0000 -7.82297
74330.0000 -8.25566
74340.0000 -8.14631
74350.0000 -7.97506
74360.0000 -8.21778
74370.0000 -7.94486
74380.0000 -7.77286
74390.0000 -7.97533
74400.0000 -8.54739
74410.0000 -8.19245
74420.0000 -8.42550
74430.0000 -8.14535
74440.0000 -8.55780
74450.0000 -8.45891
74460.0000 -8.38067
74470.0000 -7.60524
74480.0000 -7.13284
74490.0000 -7.08290
74500.0000 -6.84062
74510.0000 -6.78438
74520.0000 -6.80487
74530.0000 -5.96249
74540.0000 -5.93573
74550.0000 -5.56918
74560.0000 -5.19598
74570.0000 -4.70520
74580.0000 -4.53613
74590.0000 -4.54756
74600.0000 -4.25914
74610.0000 -4.66149
74620.0000 -4.87267
74630.0000 -4.76401
74640.0000 -4.62818
74650.0000 -4.89092
74660.0000 -4.24427
74670.0000 -4.05666
74680.0000 -4.06576
74690.0000 -4.44696
74700.0000 -5.07740
74710.0000 -5.49424
74720.0000 -5.86980
74730.0000 -5.43059
74740.0000 -6.08142
74750.0000 -6.19502
74760.0000 -6.39550
74770.0000 -6.26433
74780.0000 -6.27878
74790.0000 -6.42662
74800.0000 -6.63580
74810.0000 -7.02083
74820.0000 -7.08134
74830.0000 -6.33724
74840.0000 -6.63202
74850.0000 -6.48737
74860.0000 -6.03237
74870.0000 -6.09835
74880.0000 -6.42546
74890.0000 -6.71248
74900.0000 -7.12534
74910.0000 -7.49521
74920.0000 -6.98037
74930.0000 -6.76915
74940.0000 -6.79053
74950.0000 -6.49502
74960.0000 -6.79287
74970.0000 -6.84563
74980.0000 -7.13266
74990.0000 -7.46915
75000.0000 -7.58626
75010.0000 -7.42374
75020.0000 -8.35284
75030.0000 -8.42278
75040.0000 -8.57289
75050.0000 -8.33068
75060.0000 -7.94361
75070.0000 -7.92529
75080.0000 -8.36744
75090.0000 -8.05379
75100.0000 -6.92564
75110.0000 -6.68004
75120.0000 -6.99692
75130.0000 -6.98983
75140.0000 -7.06268
75150.0000 -6.86490
75160.0000 -6.77876
75170.0000 -7.18947
75180.0000 -7.08592
75190.0000 -6.81857
75200.0000 -6.56239
75210.0000 -6.62361
75220.0000 -6.69612
75230.0000 -6.57674
75240.0000 -6.83492
75250.0000 -6.70614
75260.0000 -6.37300
75270.0000 -6.08574
75280.0000 -6.39313
75290.0000 -6.81184
75300.0000 -6.37639
75310.0000 -5.86184
75320.0000 -5.53981
75330.0000 -5.11318
75340.0000 -4.71541
75350.0000 -5.14787
75360.0000 -5.47429
75370.0000 -5.41036
75380.0000 -5.42493
75390.0000 -5.75605
75400.0000 -5.93072
75410.0000 -5.76905
75420.0000 -5.83569
75430.0000 -5.62425
75440.0000 -5.97429
75450.0000 -6.14722
75460.0000 -5.15720
75470.0000 -4.80388
75480.0000 -3.94938
75490.0000 -4.14437
75500.0000 -4.66116
75510.0000 -5.11478
75520.0000 -5.00993
75530.0000 -4.36291
75540.0000 -3.77429
75550.0000 -4.14728
75560.0000 -4.11358
75570.0000 -4.43093
75580.0000 -4.05989
75590.0000 -3.87474
75600.0000 -3.72102
75610.0000 -3.53779
75620.0000 -2.85748
75630.0000 -1.87483
75640.0000 -1.83276
75650.0000 -1.65690
75660.0000 -1.31985
75670.0000 -0.37229
75680.0000 -0.21149
75690.0000 0.05833
75700.0000 0.40496
75710.0000 -0.37602
75720.0000 -0.75382
75730.0000 -0.40776
75740.0000 -0.86965
75750.0000 -1.73926
75760.0000 -1.82332
75770.0000 -1.97365
75780.0000 -2.52993
75790.0000 -2.52099
75800.0000 -2.39165
75810.0000 -2.01582
75820.0000 -1.72964
75830.0000 -1.29087
75840.0000 -1.10418
75850.0000 -0.41766
75860.0000 -0.54039
75870.0000 -0.61085
75880.0000 -0.60507
75890.0000 -0.49859
75900.0000 -1.03175
75910.0000 -0.87566
75920.0000 -0.50215
75930.0000 -0.58294
75940.0000 -0.35872
75950.0000 0.19283
75960.0000 -0.63522
75970.0000 -0.49462
75980.0000 -0.36588
75990.0000 -0.38533
76000.0000 -1.17886
76010.0000 -1.33918
76020.0000 -1.35213
76030.0000 -0.64774
76040.0000 -0.55542
76050.0000 -0.12967
76060.0000 -0.05468
76070.0000 0.46655
76080.0000 0.55094
76090.0000 1.14292
76100.0000 1.78375
76110.0000 1.93365
76120.0000 1.69058
76130.0000 2.32418
76140.0000 2.49151
76150.0000 2.84187
76160.0000 3.12859
76170.0000 3.06995
76180.0000 2.84593
76190.0000 2.40970
76200.0000 2.70776
76210.0000 2.86735
76220.0000 2.94121
76230.0000 2.87588
76240.0000 2.62958
76250.0000 2.41258
76260.0000 2.30317
76270.0000 2.29372
76280.0000 2.07995
76290.0000 1.95014
76300.0000 2.25499
76310.0000 2.87879
76320.0000 2.58454
76330.0000 2.84240
76340.0000 2.64128
76350.0000 2.62238
76360.0000 2.70844
76370.0000 3.02051
76380.0000 3.22657
76390.0000 3.10754
76400.0000 2.73989
76410.0000 3.05242
76420.0000 2.71922
76430.0000 3.15788
76440.0000 3.01587
76450.0000 2.83744
76460.0000 2.79721
76470.0000 2.89614
76480.0000 2.78182
76490.0000 2.62109
76500.0000 3.02926
76510.0000 3.32621
76520.0000 3.06390
76530.0000 3.03880
76540.0000 2.78174
76550.0000 2.60628
76560.0000 2.95589
76570.0000 3.55660
76580.0000 3.01983
76590.0000 2.99994
76600.0000 3.20465
76610.0000 3.21364
76620.0000 3.66266
76630.0000 3.83377
76640.0000 3.88995
76650.0000 4.02484
76660.0000 4.05948
76670.0000 3.97841
76680.0000 3.77703
76690.0000 3.49963
76700.0000 3.72043
76710.0000 3.48612
76720.0000 3.64742
76730.0000 4.15884
76740.0000 3.89283
76750.0000 3.57479
76760.0000 3.39236
76770.0000 2.77012
76780.0000 2.48567
76790.0000 2.71864
76800.0000 2.59100
76810.0000 2.78498
76820.0000 2.93183
76830.0000 3.22767
76840.0000 3.30494
76850.0000 3.10972
76860.0000 3.17223
76870.0000 3.31089
76880.0000 3.26740
76890.0000 3.22414
76900.0000 3.16672
76910.0000 2.74712
76920.0000 2.69817
76930.0000 2.68288
76940.0000 2.42333
76950.0000 2.24571
76960.0000 3.03954
76970.0000 2.99518
76980.0000 2.98381
76990.0000 3.04688
77000.0000 3.31498
77010.0000 3.48207
77020.0000 2.87069
77030.0000 2.45224
77040.0000 2.44274
77050.0000 2.03422
77060.0000 1.77416
77070.0000 2.27418
77080.0000 2.02982
77090.0000 1.64098
77100.0000 1.98923
77110.0000 1.75893
77120.0000 2.10317
77130.0000 2.41318
77140.0000 2.10318
77150.0000 2.25780
77160.0000 1.97992
77170.0000 1.59089
77180.0000 1.74306
77190.0000 1.50575
77200.0000 1.54231
77210.0000 1.07390
77220.0000 0.89929
77230.0000 0.93086
77240.0000 1.49858
77250.0000 2.06053
77260.0000 1.60507
77270.0000 0.75583
77280.0000 0.74364
77290.0000 0.68582
77300.0000 1.08184
77310.0000 1.18191
77320.0000 1.47190
77330.0000 1.47994
77340.0000 1.65772
77350.0000 1.66815
77360.0000 1.79225
77370.0000 1.28358
77380.0000 1.72364
77390.0000 1.56184
77400.0000 2.05058
77410.0000 2.75041
77420.0000 2.81357
77430.0000 3.03373
77440.0000 2.65727
77450.0000 2.50481
77460.0000 2.28113
77470.0000 2.59687
77480.0000 3.39272
77490.0000 3.92328
77500.0000 4.42679
77510.0000 4.13710
77520.0000 3.79296
77530.0000 4.35873
77540.0000 4.43286
77550.0000 4.75502
77560.0000 4.51986
77570.0000 4.44952
77580.0000 4.66220
77590.0000 4.58740
77600.0000 4.36129
77610.0000 3.67075
77620.0000 3.64853
77630.0000 3.08493
77640.0000 3.28532
77650.0000 3.04133
77660.0000 2.67246
77670.0000 2.68814
77680.0000 2.52869
77690.0000 2.31193
77700.0000 2.29504
77710.0000 2.54374
77720.0000 2.32236
77730.0000 1.61992
77740.0000 0.86333
77750.0000 0.84540
77760.0000 1.01286
77770.0000 0.66510
77780.0000 0.65945
77790.0000 0.30501
77800.0000 0.05841
77810.0000 0.21413
77820.0000 -0.32323
77830.0000 -0.34159
77840.0000 -0.03276
77850.0000 -0.15496
77860.0000 0.17597
77870.0000 0.25447
77880.0000 0.75989
77890.0000 1.30774
77900.0000 0.98702
77910.0000 0.88943
77920.0000 1.29907
77930.0000 1.73634
77940.0000 1.54388
77950.0000 1.96729
77960.0000 2.19667
77970.0000 2.40573
77980.0000 2.61646
77990.0000 2.69192
78000.0000 2.97077
78010.0000 2.98626
78020.0000 2.68186
78030.0000 2.64659
78040.0000 2.57059
78050.0000 3.36736
78060.0000 3.26813
78070.0000 3.23198
78080.0000 3.29548
78090.0000 3.47497
78100.0000 3.21979
78110.0000 3.14708
78120.0000 2.97860
78130.0000 3.12441
78140.0000 3.56190
78150.0000 3.19558
78160.0000 2.77166
78170.0000 2.63347
78180.0000 2.32059
78190.0000 2.17931
78200.0000 1.92002
78210.0000 2.46268
78220.0000 2.07328
78230.0000 2.60181
78240.0000 2.46430
78250.0000 2.04028
78260.0000 2.25577
78270.0000 2.86217
78280.0000 2.67810
78290.0000 3.15954
78300.0000 4.02341
78310.0000 4.42105
78320.0000 3.95744
78330.0000 3.46134
78340.0000 3.83576
78350.0000 3.81152
78360.0000 3.70843
78370.0000 4.27050
78380.0000 4.25345
78390.0000 4.29320
78400.0000 4.46588
78410.0000 4.86246
78420.0000 4.40621
78430.0000 4.24946
78440.0000 4.45625
78450.0000 4.61772
78460.0000 5.02448
78470.0000 4.92023
78480.0000 4.56956
78490.0000 4.46013
78500.0000 4.11573
78510.0000 4.16850
78520.0000 4.28799
78530.0000 4.36348
78540.0000 4.50915
78550.0000 4.41851
78560.0000 3.75811
78570.0000 2.95602
78580.0000 3.02668
78590.0000 3.42991
78600.0000 2.66903
78610.0000 3.00497
78620.0000 2.90263
78630.0000 2.42215
78640.0000 2.23719
78650.0000 2.43366
78660.0000 2.31662
78670.0000 1.83448
78680.0000 1.28148
78690.0000 1.55323
78700.0000 1.95689
78710.0000 1.44528
78720.0000 0.87854
78730.0000 0.85587
78740.0000 0.83554
78750.0000 0.57673
78760.0000 0.26538
78770.0000 0.14633
78780.0000 -0.11435
78790.0000 -0.18349
78800.0000 -0.68032
78810.0000 -0.57969
78820.0000 0.06663
78830.0000 -0.01592
78840.0000 0.23206
78850.0000 0.08856
78860.0000 0.01777
78870.0000 -0.24603
78880.0000 0.13997
78890.0000 0.40008
78900.0000 0.53930
78910.0000 0.56671
78920.0000 0.31205
78930.0000 0.14238
78940.0000 -0.39385
78950.0000 -0.60406
78960.0000 -0.83262
78970.0000 -0.74059
78980.0000 0.02213
78990.0000 0.35704
79000.0000 1.06502
79010.0000 0.87625
79020.0000 0.37669
79030.0000 0.08520
79040.0000 0.19213
79050.0000 0.20932
79060.0000 0.53028
79070.0000 0.29816
79080.0000 -0.48374
79090.0000 -0.98912
79100.0000 -1.55494
79110.0000 -2.00544
79120.0000 -2.08884
79130.0000 -1.96286
79140.0000 -1.81332
79150.0000 -1.83081
79160.0000 -1.68158
79170.0000 -2.01935
79180.0000 -1.78915
79190.0000 -1.37708
79200.0000 -0.63057
79210.0000 -0.77893
79220.0000 -0.66531
79230.0000 -0.34621
79240.0000 0.54069
79250.0000 0.72284
79260.0000 0.92559
79270.0000 1.68975
79280.0000 1.95789
79290.0000 1.58297
79300.0000 1.62733
79310.0000 2.41746
79320.0000 2.66673
79330.0000 2.27886
79340.0000 2.65131
79350.0000 2.47241
79360.0000 2.72043
79370.0000 2.91984
79380.0000 2.54518
79390.0000 2.49596
79400.0000 1.92400
79410.0000 2.44251
79420.0000 2.52659
79430.0000 2.09529
79440.0000 2.16303
79450.0000 2.36705
79460.0000 2.53516
79470.0000 2.27735
79480.0000 2.42925
79490.0000 2.81985
79500.0000 2.97345
79510.0000 2.65855
79520.0000 3.02194
79530.0000 3.27246
79540.0000 3.04836
79550.0000 3.27665
79560.0000 3.17847
79570.0000 3.23504
79580.0000 2.81580
79590.0000 3.22699
79600.0000 3.22530
79610.0000 3.04803
79620.0000 2.93129
79630.0000 3.11596
79640.0000 2.48047
79650.0000 2.29758
79660.0000 1.87963
79670.0000 1.98995
79680.0000 2.11320
79690.0000 1.82543
79700.0000 1.74960
79710.0000 1.14554
79720.0000 0.59571
79730.0000 0.03385
79740.0000 0.26385
79750.0000 0.58344
79760.0000 0.26168
79770.0000 -0.02183
79780.0000 0.35383
79790.0000 0.64802
79800.0000 1.03972
79810.0000 1.10031
79820.0000 1.17564
79830.0000 1.16868
79840.0000 1.02813
79850.0000 0.56453
79860.0000 0.97158
79870.0000 1.31528
79880.0000 1.22893
79890.0000 1.41770
79900.0000 1.57256
79910.0000 1.37131
79920.0000 0.73198
79930.0000 0.41959
79940.0000 0.67892
79950.0000 1.50741
79960.0000 1.41517
79970.0000 0.95589
79980.0000 0.40167
79990.0000 0.27612
80000.0000 -0.00066
80010.0000 -0.31462
80020.0000 0.03598
80030.0000 0.27168
80040.0000 0.30951
80050.0000 0.18124
80060.0000 0.07014
80070.0000 0.22138
80080.0000 0.13174
80090.0000 0.59711
80100.0000 0.61283
80110.0000 0.38291
80120.0000 0.56510
80130.0000 0.51381
80140.0000 0.22123
80150.0000 0.27765
80160.0000 0.57985
80170.0000 0.67186
80180.0000 0.81760
80190.0000 0.70353
80200.0000 1.02392
80210.0000 0.56650
80220.0000 0.95298
80230.0000 0.47934
80240.0000 0.80262
80250.0000 0.87813
80260.0000 0.53894
80270.0000 1.02768
80280.0000 0.65343
80290.0000 0.26691
80300.0000 0.04240
80310.0000 0.31992
80320.0000 -0.00594
80330.0000 0.31027
80340.0000 0.24356
80350.0000 -0.06780
80360.0000 -0.38735
80370.0000 -0.44012
80380.0000 -0.59760
80390.0000 -0.74921
80400.0000 -0.63778
80410.0000 -0.79444
80420.0000 -1.29487
80430.0000 -1.33962
80440.0000 -1.78367
80450.0000 -1.50403
80460.0000 -2.13894
80470.0000 -2.00743
80480.0000 -2.50914
80490.0000 -2.76684
80500.0000 -3.10595
80510.0000 -3.59075
80520.0000 -3.40616
80530.0000 -3.36411
80540.0000 -3.91744
80550.0000 -4.21301
80560.0000 -3.63322
80570.0000 -3.90470
80580.0000 -3.94085
80590.0000 -3.55249
80600.0000 -3.79925
80610.0000 -3.56068
80620.0000 -3.65293
80630.0000 -4.29012
80640.0000 -4.02641
80650.0000 -3.79242
80660.0000 -4.02326
80670.0000 -4.02614
80680.0000 -4.06472
80690.0000 -3.49407
80700.0000 -3.40704
80710.0000 -3.42289
80720.0000 -3.42163
80730.0000 -3.23171
80740.0000 -3.74099
80750.0000 -3.68836
80760.0000 -3.75709
80770.0000 -3.71787
80780.0000 -3.34863
80790.0000 -3.70811
80800.0000 -3.43218
80810.0000 -3.44836
80820.0000 -3.84641
80830.0000 -3.95878
80840.0000 -4.00947
80850.0000 -4.27974
80860.0000 -4.53922
80870.0000 -5.24096
80880.0000 -5.29986
80890.0000 -5.57527
80900.0000 -5.77829
80910.0000 -5.70986
80920.0000 -5.96918
80930.0000 -5.70368
80940.0000 -5.65899
80950.0000 -5.90688
80960.0000 -5.90327
80970.0000 -6.02434
80980.0000 -5.62262
80990.0000 -5.54903
81000.0000 -5.06428
81010.0000 -4.69553
81020.0000 -4.98964
81030.0000 -4.71668
81040.0000 -4.98790
81050.0000 -5.18806
81060.0000 -6.18121
81070.0000 -5.86566
81080.0000 -5.63818
81090.0000 -5.32007
81100.0000 -5.07025
81110.0000 -4.69269
81120.0000 -4.71764
81130.0000 -5.06936
81140.0000 -4.81089
81150.0000 -4.81011
81160.0000 -5.15299
81170.0000 -5.29535
81180.0000 -5.93438
81190.0000 -6.23874
81200.0000 -6.38576
81210.0000 -6.36240
81220.0000 -6.19091
81230.0000 -6.18666
81240.0000 -6.12609
81250.0000 -6.09542
81260.0000 -5.54674
81270.0000 -5.22610
81280.0000 -5.59796
81290.0000 -5.39390
81300.0000 -5.45042
81310.0000 -5.40380
81320.0000 -5.51615
81330.0000 -5.41558
81340.0000 -5.60855
81350.0000 -5.85594
81360.0000 -5.94446
81370.0000 -5.80089
81380.0000 -5.92475
81390.0000 -5.46467
81400.0000 -5.33235
81410.0000 -5.20830
81420.0000 -5.39065
81430.0000 -5.41839
81440.0000 -5.63211
81450.0000 -5.72456
81460.0000 -6.12221
81470.0000 -5.71304
81480.0000 -5.56781
81490.0000 -5.34123
81500.0000 -5.38381
81510.0000 -4.99016
81520.0000 -4.51153
81530.0000 -4.51097
81540.0000 -4.19888
81550.0000 -4.31748
81560.0000 -3.89023
81570.0000 -3.99151
81580.0000 -3.67046
81590.0000 -3.56598
81600.0000 -3.48371
81610.0000 -3.23114
81620.0000 -3.01185
81630.0000 -3.00999
81640.0000 -3.35449
81650.0000 -2.86635
81660.0000 -2.79487
81670.0000 -2.75236
81680.0000 -3.27080
81690.0000 -3.52872
81700.0000 -3.68512
81710.0000 -4.20669
81720.0000 -4.34769
81730.0000 -4.60291
81740.0000 -4.87299
81750.0000 -4.77724
81760.0000 -4.43201
81770.0000 -4.41824
81780.0000 -4.24926
81790.0000 -4.44539
81800.0000 -5.12459
81810.0000 -4.99279
81820.0000 -4.90904
81830.0000 -4.27486
81840.0000 -4.20536
81850.0000 -4.13242
81860.0000 -3.75693
81870.0000 -3.40046
81880.0000 -3.28265
81890.0000 -3.19115
81900.0000 -3.49328
81910.0000 -3.15291
81920.0000 -2.69203
81930.0000 -2.85318
81940.0000 -3.04239
81950.0000 -3.13689
81960.0000 -2.82580
81970.0000 -2.93923
81980.0000 -2.96600
81990.0000 -3.18781
82000.0000 -2.28493
82010.0000 -2.30805
82020.0000 -2.18120
82030.0000 -2.47486
82040.0000 -2.17746
82050.0000 -2.20666
82060.0000 -2.01080
82070.0000 -1.53855
82080.0000 -1.76683
82090.0000 -2.05323
82100.0000 -1.83627
82110.0000 -1.66446
82120.0000 -1.61400
82130.0000 -1.68234
82140.0000 -1.97123
82150.0000 -1.93041
82160.0000 -2.10031
82170.0000 -2.39374
82180.0000 -2.34734
82190.0000 -2.42601
82200.0000 -2.76651
82210.0000 -2.99299
82220.0000 -2.89616
82230.0000 -2.64647
82240.0000 -2.31307
82250.0000 -2.30263
82260.0000 -2.05940
82270.0000 -2.64750
82280.0000 -3.04433
82290.0000 -3.45694
82300.0000 -3.28363
82310.0000 -3.25344
82320.0000 -3.65906
82330.0000 -3.98169
82340.0000 -3.54198
82350.0000 -3.27231
82360.0000 -3.69083
82370.0000 -3.59897
82380.0000 -3.89631
82390.0000 -3.81118
82400.0000 -3.04007
82410.0000 -3.28312
82420.0000 -3.08882
82430.0000 -3.02450
82440.0000 -3.55431
82450.0000 -3.46158
82460.0000 -3.53716
82470.0000 -3.38143
82480.0000 -3.95059
82490.0000 -4.35742
82500.0000 -4.04160
82510.0000 -4.13031
82520.0000 -3.32337
82530.0000 -3.48707
82540.0000 -3.67715
82550.0000 -3.32179
82560.0000 -3.10071
82570.0000 -3.00220
82580.0000 -3.22866
82590.0000 -3.04322
82600.0000 -2.65808
82610.0000 -2.31925
82620.0000 -2.61536
82630.0000 -2.21856
82640.0000 -2.70833
82650.0000 -2.90364
82660.0000 -2.98415
82670.0000 -3.09659
82680.0000 -2.61963
82690.0000 -2.27689
82700.0000 -2.59967
82710.0000 -2.50996
82720.0000 -2.26060
82730.0000 -1.74302
82740.0000 -1.65820
82750.0000 -1.78205
82760.0000 -1.85075
82770.0000 -2.20474
82780.0000 -2.36459
82790.0000 -2.22968
82800.0000 -2.50531
82810.0000 -2.66798
82820.0000 -2.43574
82830.0000 -2.64894
82840.0000 -2.99511
82850.0000 -3.22480
82860.0000 -2.94936
82870.0000 -3.16355
82880.0000 -3.11705
82890.0000 -2.74026
82900.0000 -2.75761
82910.0000 -2.97102
82920.0000 -2.33092
82930.0000 -2.22179
82940.0000 -2.21774
82950.0000 -2.38286
82960.0000 -2.42875
82970.0000 -2.32057
82980.0000 -2.45253
82990.0000 -2.81839
83000.0000 -2.96162
83010.0000 -3.13690
83020.0000 -3.09114
83030.0000 -3.39244
83040.0000 -3.57857
83050.0000 -3.95839
83060.0000 -3.72095
83070.0000 -4.18014
83080.0000 -4.56226
83090.0000 -4.44200
83100.0000 -4.07151
83110.0000 -4.42026
83120.0000 -4.82258
83130.0000 -4.91654
83140.0000 -4.87008
83150.0000 -5.02608
83160.0000 -4.93830
83170.0000 -4.20772
83180.0000 -4.16303
83190.0000 -4.07458
83200.0000 -3.63891
83210.0000 -3.59317
83220.0000 -3.04253
83230.0000 -3.03229
83240.0000 -3.26578
83250.0000 -2.86273
83260.0000 -2.26135
83270.0000 -2.25007
83280.0000 -2.31316
83290.0000 -2.17425
83300.0000 -2.85260
83310.0000 -3.10130
83320.0000 -2.85911
83330.0000 -2.52760
83340.0000 -2.71618
83350.0000 -2.68387
83360.0000 -2.74338
83370.0000 -2.79061
83380.0000 -2.92684
83390.0000 -2.93907
83400.0000 -3.72745
83410.0000 -3.68913
83420.0000 -3.47890
83430.0000 -3.91183
83440.0000 -4.32005
83450.0000 -4.84018
83460.0000 -4.67026
83470.0000 -5.31917
83480.0000 -5.39290
83490.0000 -5.31304
83500.0000 -5.31375
83510.0000 -5.23619
83520.0000 -5.02017
83530.0000 -5.09031
83540.0000 -5.02923
83550.0000 -5.71344
83560.0000 -5.76024
83570.0000 -5.42103
83580.0000 -5.45032
83590.0000 -4.96851
83600.0000 -5.13626
83610.0000 -5.46955
83620.0000 -5.13487
83630.0000 -5.62504
83640.0000 -5.18459
83650.0000 -4.66146
83660.0000 -4.62797
83670.0000 -3.97401
83680.0000 -3.77859
83690.0000 -4.74646
83700.0000 -5.12603
83710.0000 -4.75539
83720.0000 -5.17620
83730.0000 -4.84708
83740.0000 -4.75151
83750.0000 -4.39568
83760.0000 -4.80500
83770.0000 -4.87170
83780.0000 -4.76083
83790.0000 -4.70404
83800.0000 -4.62461
83810.0000 -4.47672
83820.0000 -4.60890
83830.0000 -5.21902
83840.0000 -4.77285
83850.0000 -5.24878
83860.0000 -5.70285
83870.0000 -6.10135
83880.0000 -6.42327
83890.0000 -6.44424
83900.0000 -5.99265
83910.0000 -5.80159
83920.0000 -5.53170
83930.0000 -5.32180
83940.0000 -4.81626
83950.0000 -5.03396
83960.0000 -5.08075
83970.0000 -4.25176
83980.0000 -3.83228
83990.0000 -4.02428
84000.0000 -4.46591
84010.0000 -4.59004
84020.0000 -4.37276
84030.0000 -4.24953
84040.0000 -4.60907
84050.0000 -4.48976
84060.0000 -5.04105
84070.0000 -4.92703
84080.0000 -5.29157
84090.0000 -5.15219
84100.0000 -5.01592
84110.0000 -4.29158
84120.0000 -4.03522
84130.0000 -3.89330
84140.0000 -4.00840
84150.0000 -4.60513
84160.0000 -4.47619
84170.0000 -4.40149
84180.0000 -4.66574
84190.0000 -4.99750
84200.0000 -5.54565
84210.0000 -6.06436
84220.0000 -5.53000
84230.0000 -5.86426
84240.0000 -5.27814
84250.0000 -4.87693
84260.0000 -5.28935
84270.0000 -5.29120
84280.0000 -5.28636
84290.0000 -5.37057
84300.0000 -5.84969
84310.0000 -5.12414
84320.0000 -5.71407
84330.0000 -5.44643
84340.0000 -5.43768
84350.0000 -5.49070
84360.0000 -5.05679
84370.0000 -5.76009
84380.0000 -5.27408
84390.0000 -5.07557
84400.0000 -4.88710
84410.0000 -4.83736
84420.0000 -4.76183
84430.0000 -4.40656
84440.0000 -4.28902
84450.0000 -4.13105
84460.0000 -4.53766
84470.0000 -4.45073
84480.0000 -4.14990
84490.0000 -3.57099
84500.0000 -3.65493
84510.0000 -3.17487
84520.0000 -2.94216
84530.0000 -2.85087
84540.0000 -3.06184
84550.0000 -3.04923
84560.0000 -3.41478
84570.0000 -3.14150
84580.0000 -3.38322
84590.0000 -3.27796
84600.0000 -3.05729
84610.0000 -3.50509
84620.0000 -4.02492
84630.0000 -4.69861
84640.0000 -5.02150
84650.0000 -4.70267
84660.0000 -4.62458
84670.0000 -4.89462
84680.0000 -5.27247
84690.0000 -5.46551
84700.0000 -5.68319
84710.0000 -5.41088
84720.0000 -5.46350
84730.0000 -5.02941
84740.0000 -4.83386
84750.0000 -5.08267
84760.0000 -4.92024
84770.0000 -5.08131
84780.0000 -5.00436
84790.0000 -5.19155
84800.0000 -5.54429
84810.0000 -5.37641
84820.0000 -5.41160
84830.0000 -5.48640
84840.0000 -5.21246
84850.0000 -4.27129
84860.0000 -3.92627
84870.0000 -3.45976
84880.0000 -3.17224
84890.0000 -2.50759
84900.0000 -2.57296
84910.0000 -2.51351
84920.0000 -2.29138
84930.0000 -2.31921
84940.0000 -1.88430
84950.0000 -1.60805
84960.0000 -1.73487
84970.0000 -1.48868
84980.0000 -0.98557
84990.0000 -1.90304
85000.0000 -2.39531
85010.0000 -2.69213
85020.0000 -2.84897
85030.0000 -3.17147
85040.0000 -3.26192
85050.0000 -3.22797
85060.0000 -3.65410
85070.0000 -3.16423
85080.0000 -2.96436
85090.0000 -3.11109
85100.0000 -3.26254
85110.0000 -2.98710
85120.0000 -2.87844
85130.0000 -2.72179
85140.0000 -2.93785
85150.0000 -2.40460
85160.0000 -2.04616
85170.0000 -2.07879
85180.0000 -1.91442
85190.0000 -1.67177
85200.0000 -1.09124
85210.0000 -0.42383
85220.0000 -0.17282
85230.0000 -0.15439
85240.0000 -0.17699
85250.0000 -0.24615
85260.0000 -0.44972
85270.0000 -0.55315
85280.0000 -0.61947
85290.0000 -0.82245
85300.0000 -1.28855
85310.0000 -1.20554
85320.0000 -1.25087
85330.0000 -0.85528
85340.0000 -0.77808
85350.0000 -0.71687
85360.0000 -0.07578
85370.0000 0.40117
85380.0000 0.98754
85390.0000 0.94777
85400.0000 1.45795
85410.0000 1.91777
85420.0000 1.69802
85430.0000 1.66044
85440.0000 1.86596
85450.0000 2.06436
85460.0000 1.55416
85470.0000 1.77141
85480.0000 2.20197
85490.0000 2.09593
85500.0000 2.04170
85510.0000 1.97103
85520.0000 1.98232
85530.0000 2.37212
85540.0000 2.61925
85550.0000 2.64936
85560.0000 2.32762
85570.0000 1.97473
85580.0000 2.09026
85590.0000 1.79169
85600.0000 1.64376
85610.0000 1.45490
85620.0000 1.64691
85630.0000 1.73546
85640.0000 1.45316
85650.0000 0.93491
85660.0000 0.70035
85670.0000 0.70318
85680.0000 0.43777
85690.0000 -0.03887
85700.0000 0.10647
85710.0000 0.26467
85720.0000 0.26228
85730.0000 0.03574
85740.0000 0.32595
85750.0000 0.35443
85760.0000 0.36356
85770.0000 0.63420
85780.0000 0.80814
85790.0000 0.32699
85800.0000 -0.26756
85810.0000 -0.14805
85820.0000 -0.05516
85830.0000 -0.21242
85840.0000 -0.22131
85850.0000 0.22874
85860.0000 0.33922
85870.0000 0.52943
85880.0000 -0.00919
85890.0000 -0.06157
85900.0000 0.14838
85910.0000 -0.12967
85920.0000 -0.43311
85930.0000 -0.87503
85940.0000 -1.27809
85950.0000 -1.48622
85960.0000 -1.33367
85970.0000 -1.51647
85980.0000 -1.86251
85990.0000 -1.98532
86000.0000 -2.31477
86010.0000 -2.60389
86020.0000 -2.87908
86030.0000 -2.96649
86040.0000 -2.55423
86050.0000 -1.90408
86060.0000 -1.34509
86070.0000 -1.51769
86080.0000 -1.56420
86090.0000 -1.52350
86100.0000 -1.80172
86110.0000 -1.95528
86120.0000 -2.46488
86130.0000 -2.73856
86140.0000 -2.68090
86150.0000 -2.82074
86160.0000 -2.92374
86170.0000 -2.74338
86180.0000 -1.99587
86190.0000 -1.78856
86200.0000 -2.32698
86210.0000 -2.64197
86220.0000 -2.77043
86230.0000 -3.03787
86240.0000 -3.32416
86250.0000 -3.64971
86260.0000 -3.47158
86270.0000 -3.29822
86280.0000 -3.14376
86290.0000 -3.16672
86300.0000 -2.77394
86310.0000 -3.32699
86320.0000 -3.44181
86330.0000 -3.12187
86340.0000 -2.64554
86350.0000 -2.46959
86360.0000 -2.50034
86370.0000 -2.25989
86380.0000 -1.94602
86390.0000 -2.25145
86400.0000 -1.68476
86410.0000 -1.88655
86420.0000 -1.90863
86430.0000 -1.55144
86440.0000 -1.45819
86450.0000 -1.80974
86460.0000 -1.62813
86470.0000 -1.61094
86480.0000 -1.41541
86490.0000 -1.84163
86500.0000 -1.67178
86510.0000 -0.73518
86520.0000 -0.71257
86530.0000 -1.41950
86540.0000 -1.65708
86550.0000 -1.75497
86560.0000 -1.03183
86570.0000 -1.04939
86580.0000 -1.03953
86590.0000 -0.34008
86600.0000 0.44744
86610.0000 0.87804
86620.0000 0.45708
86630.0000 0.50459
86640.0000 1.04341
86650.0000 1.08442
86660.0000 0.97194
86670.0000 0.80622
86680.0000 0.32804
86690.0000 0.27633
86700.0000 0.43412
86710.0000 0.66862
86720.0000 1.15740
86730.0000 1.10787
86740.0000 0.68132
86750.0000 0.35652
86760.0000 -0.13573
86770.0000 0.32195
86780.0000 -0.24289
86790.0000 -0.58899
86800.0000 -0.65234
86810.0000 -0.90181
86820.0000 -1.01732
86830.0000 -0.77764
86840.0000 -0.55883
86850.0000 -0.01626
86860.0000 0.01885
86870.0000 -0.20112
86880.0000 -0.42685
86890.0000 -0.12584
86900.0000 -0.07092
86910.0000 -0.60704
86920.0000 -0.59241
86930.0000 -0.76409
86940.0000 -1.19445
86950.0000 -1.39406
86960.0000 -0.95820
86970.0000 0.19507
86980.0000 -0.02449
86990.0000 -0.21325
87000.0000 -0.25830
87010.0000 -0.13018
87020.0000 -0.68140
87030.0000 0.02804
87040.0000 0.41390
87050.0000 0.45710
87060.0000 0.24963
87070.0000 0.32389
87080.0000 0.43683
87090.0000 0.43882
87100.0000 0.31291
87110.0000 0.16112
87120.0000 0.00847
87130.0000 -0.14725
87140.0000 -0.49787
87150.0000 -0.09465
87160.0000 -0.36554
87170.0000 -0.82641
87180.0000 -0.73476
87190.0000 -1.42547
87200.0000 -1.46621
87210.0000 -1.19080
87220.0000 -1.34454
87230.0000 -1.44825
87240.0000 -1.06133
87250.0000 -1.50721
87260.0000 -1.54131
87270.0000 -1.51840
87280.0000 -1.93600
87290.0000 -1.99257
87300.0000 -1.66046
87310.0000 -1.23697
87320.0000 -1.15123
87330.0000 -0.66710
87340.0000 -1.16004
87350.0000 -1.35409
87360.0000 -1.87084
87370.0000 -1.71670
87380.0000 -1.96375
87390.0000 -1.88584
87400.0000 -1.74128
87410.0000 -1.44772
87420.0000 -1.12587
87430.0000 -1.54196
87440.0000 -1.60424
87450.0000 -2.03942
87460.0000 -2.11727
87470.0000 -1.57587
87480.0000 -1.39694
87490.0000 -1.55184
87500.0000 -1.68580
87510.0000 -2.33746
87520.0000 -2.82383
87530.0000 -2.23791
87540.0000 -2.79274
87550.0000 -2.79396
87560.0000 -2.13277
87570.0000 -2.06502
87580.0000 -2.41423
87590.0000 -2.33770
87600.0000 -2.51252
87610.0000 -1.96135
87620.0000 -1.85400
87630.0000 -1.34109
87640.0000 -0.56977
87650.0000 -0.47694
87660.0000 -0.25479
87670.0000 -0.56088
87680.0000 -0.60950
87690.0000 -0.83842
87700.0000 -0.72755
87710.0000 -0.55108
87720.0000 -0.18129
87730.0000 -0.22862
87740.0000 -0.18003
87750.0000 -0.09558
87760.0000 -0.14547
87770.0000 -0.81628
87780.0000 -0.64963
87790.0000 -0.79061
87800.0000 -0.96386
87810.0000 -0.98065
87820.0000 -0.71464
87830.0000 -0.43671
87840.0000 -0.20281
87850.0000 -0.35801
87860.0000 -0.11908
87870.0000 -0.13166
87880.0000 -0.13547
87890.0000 -0.34269
87900.0000 -0.30007
87910.0000 -0.50858
87920.0000 -0.15581
87930.0000 -0.70859
87940.0000 -0.35121
87950.0000 -0.77123
87960.0000 -0.81257
87970.0000 -1.36186
87980.0000 -1.77592
87990.0000 -2.02774
88000.0000 -1.97045
88010.0000 -2.06837
88020.0000 -3.01410
88030.0000 -3.26276
88040.0000 -3.43973
88050.0000 -2.84696
88060.0000 -2.67989
88070.0000 -2.63068
88080.0000 -2.37806
88090.0000 -2.24694
88100.0000 -1.74790
88110.0000 -1.91955
88120.0000 -1.85178
88130.0000 -1.84336
88140.0000 -1.29295
88150.0000 -1.10729
88160.0000 -1.29311
88170.0000 -1.31240
88180.0000 -1.45471
88190.0000 -0.98165
88200.0000 -0.69320
88210.0000 -0.50923
88220.0000 -0.26952
88230.0000 -0.36992
88240.0000 -0.38391
88250.0000 -0.68417
88260.0000 -0.59195
88270.0000 -0.38807
88280.0000 -0.75451
88290.0000 -1.15406
88300.0000 -0.61332
88310.0000 -0.98431
88320.0000 -0.98234
88330.0000 -1.18892
88340.0000 -1.27071
88350.0000 -1.51285
88360.0000 -1.34394
88370.0000 -1.67714
88380.0000 -2.00985
88390.0000 -2.05713
88400.0000 -2.46251
88410.0000 -2.01591
88420.0000 -1.45071
88430.0000 -1.81053
88440.0000 -1.93722
88450.0000 -1.62990
88460.0000 -1.95426
88470.0000 -2.37197
88480.0000 -2.85188
88490.0000 -2.86596
88500.0000 -3.00717
88510.0000 -3.47251
88520.0000 -3.50353
88530.0000 -3.70370
88540.0000 -3.84693
88550.0000 -4.04431
88560.0000 -3.79946
88570.0000 -3.70445
88580.0000 -3.73074
88590.0000 -3.70512
88600.0000 -3.44895
88610.0000 -4.10112
88620.0000 -4.35096
88630.0000 -4.71322
88640.0000 -4.64182
88650.0000 -5.03906
88660.0000 -4.89911
88670.0000 -4.89641
88680.0000 -5.18196
88690.0000 -5.38789
88700.0000 -5.12633
88710.0000 -4.85355
88720.0000 -4.83605
88730.0000 -5.35691
88740.0000 -5.81833
88750.0000 -6.19410
88760.0000 -6.01688
88770.0000 -6.20085
88780.0000 -6.03807
88790.0000 -6.23243
88800.0000 -5.95470
88810.0000 -6.15978
88820.0000 -6.23589
88830.0000 -6.11429
88840.0000 -5.97585
88850.0000 -5.39346
88860.0000 -5.85523
88870.0000 -6.24284
88880.0000 -6.24213
88890.0000 -6.58857
88900.0000 -6.39978
88910.0000 -6.05519
88920.0000 -6.57361
88930.0000 -7.09926
88940.0000 -7.56060
88950.0000 -7.07890
88960.0000 -7.13884
88970.0000 -7.18986
88980.0000 -6.99362
88990.0000 -6.77977
89000.0000 -5.70528
89010.0000 -5.31693
89020.0000 -5.26269
89030.0000 -5.41163
89040.0000 -5.88342
89050.0000 -6.54548
89060.0000 -6.34902
89070.0000 -6.24586
89080.0000 -6.33523
89090.0000 -5.93584
89100.0000 -5.89092
89110.0000 -6.03130
89120.0000 -6.03835
89130.0000 -6.54611
89140.0000 -6.37026
89150.0000 -6.70176
89160.0000 -6.44390
89170.0000 -6.28215
89180.0000 -6.26123
89190.0000 -6.64879
89200.0000 -6.58079
89210.0000 -6.61488
89220.0000 -6.39038
89230.0000 -6.67169
89240.0000 -6.05923
89250.0000 -6.10900
89260.0000 -6.51642
89270.0000 -6.56794
89280.0000 -7.16195
89290.0000 -7.11181
89300.0000 -7.51420
89310.0000 -7.39419
89320.0000 -6.99271
89330.0000 -7.05408
89340.0000 -7.10755
89350.0000 -6.76633
89360.0000 -7.14331
89370.0000 -6.80977
89380.0000 -6.80066
89390.0000 -7.03647
89400.0000 -7.48927
89410.0000 -7.32874
89420.0000 -6.90607
89430.0000 -7.17212
89440.0000 -6.76505
89450.0000 -7.04413
89460.0000 -7.03822
89470.0000 -6.84945
89480.0000 -6.76764
89490.0000 -6.75286
89500.0000 -5.97698
89510.0000 -6.22234
89520.0000 -6.48995
89530.0000 -6.63249
89540.0000 -5.82458
89550.0000 -5.39919
89560.0000 -5.43977
89570.0000 -5.95685
89580.0000 -5.48950
89590.0000 -5.24644
89600.0000 -5.65466
89610.0000 -6.12318
89620.0000 -5.96114
89630.0000 -5.68863
89640.0000 -6.02479
89650.0000 -5.98312
89660.0000 -5.96869
89670.0000 -5.53939
89680.0000 -5.48241
89690.0000 -5.59319
89700.0000 -5.89952
89710.0000 -6.06939
89720.0000 -6.25080
89730.0000 -6.09165
89740.0000 -5.99145
89750.0000 -5.85180
89760.0000 -6.27097
89770.0000 -6.07770
89780.0000 -6.00582
89790.0000 -5.69812
89800.0000 -5.58192
89810.0000 -5.64619
89820.0000 -5.71793
89830.0000 -5.77570
89840.0000 -5.60703
89850.0000 -5.58905
89860.0000 -5.49099
89870.0000 -5.56098
89880.0000 -5.63521
89890.0000 -5.52137
89900.0000 -5.96325
89910.0000 -5.95407
89920.0000 -5.91686
89930.0000 -5.97310
89940.0000 -6.11140
89950.0000 -5.90960
89960.0000 -5.56088
89970.0000 -5.50239
89980.0000 -5.17032
89990.0000 -5.20378
90000.0000 -5.23207
90010.0000 -4.75444
90020.0000 -5.23913
90030.0000 -5.69887
90040.0000 -5.18533
90050.0000 -5.51778
90060.0000 -5.42668
90070.0000 -4.91443
90080.0000 -5.10111
90090.0000 -5.16002
90100.0000 -4.83003
90110.0000 -5.07201
90120.0000 -4.81188
90130.0000 -4.51313
90140.0000 -4.59556
90150.0000 -4.64945
90160.0000 -4.21432
90170.0000 -4.42591
90180.0000 -4.48185
90190.0000 -4.21170
90200.0000 -4.11382
90210.0000 -4.30581
90220.0000 -4.51844
90230.0000 -5.11689
90240.0000 -4.99493
90250.0000 -5.11266
90260.0000 -4.83896
90270.0000 -5.08886
90280.0000 -5.20859
90290.0000 -5.35417
90300.0000 -5.33071
90310.0000 -5.09432
90320.0000 -5.09774
90330.0000 -5.29477
90340.0000 -5.18900
90350.0000 -4.97562
90360.0000 -5.05701
90370.0000 -5.67890
90380.0000 -6.06189
90390.0000 -5.74409
90400.0000 -5.32714
90410.0000 -4.99442
90420.0000 -4.76954
90430.0000 -4.28601
90440.0000 -4.44461
90450.0000 -4.58604
90460.0000 -4.43350
90470.0000 -4.43131
90480.0000 -4.58142
90490.0000 -4.95699
90500.0000 -4.95617
90510.0000 -5.16504
90520.0000 -5.99658
90530.0000 -5.52901
90540.0000 -5.84876
90550.0000 -6.08867
90560.0000 -5.79009
90570.0000 -5.65814
90580.0000 -5.39848
90590.0000 -5.43025
90600.0000 -5.30537
90610.0000 -5.00525
90620.0000 -4.72116
90630.0000 -4.82355
90640.0000 -5.32591
90650.0000 -5.41871
90660.0000 -5.39140
90670.0000 -5.06710
90680.0000 -5.42367
90690.0000 -5.50014
90700.0000 -5.96187
90710.0000 -6.14744
90720.0000 -6.02646
90730.0000 -5.93604
90740.0000 -5.98721
90750.0000 -5.54485
90760.0000 -5.92477
90770.0000 -5.46255
90780.0000 -5.01262
90790.0000 -4.89064
90800.0000 -4.79303
90810.0000 -4.64449
90820.0000 -5.06183
90830.0000 -4.94141
90840.0000 -4.18072
90850.0000 -4.35071
90860.0000 -3.78249
90870.0000 -3.83217
90880.0000 -4.04898
90890.0000 -4.78687
90900.0000 -4.80379
90910.0000 -4.59907
90920.0000 -4.44238
90930.0000 -3.81449
90940.0000 -3.78449
90950.0000 -4.13960
90960.0000 -4.35830
90970.0000 -4.16015
90980.0000 -4.53127
90990.0000 -4.49745
91000.0000 -4.74208
91010.0000 -4.98513
91020.0000 -5.09609
91030.0000 -5.37893
91040.0000 -5.60185
91050.0000 -5.98202
91060.0000 -6.32774
91070.0000 -6.26043
91080.0000 -6.57211
91090.0000 -6.43547
91100.0000 -6.60116
91110.0000 -6.78177
91120.0000 -6.06533
91130.0000 -5.96600
91140.0000 -6.29232
91150.0000 -6.33970
91160.0000 -6.08708
91170.0000 -6.04573
91180.0000 -6.62543
91190.0000 -6.33850
91200.0000 -5.91174
91210.0000 -6.20331
91220.0000 -6.33939
91230.0000 -6.20149
91240.0000 -6.43880
91250.0000 -6.66499
91260.0000 -6.69706
91270.0000 -6.27724
91280.0000 -6.06196
91290.0000 -5.91635
91300.0000 -5.39805
91310.0000 -5.07976
91320.0000 -4.54246
91330.0000 -4.11616
91340.0000 -3.87364
91350.0000 -4.48836
91360.0000 -4.65560
91370.0000 -4.90346
91380.0000 -4.43927
91390.0000 -4.52743
91400.0000 -4.07360
91410.0000 -4.07698
91420.0000 -3.73944
91430.0000 -4.29054
91440.0000 -4.71888
91450.0000 -4.70071
91460.0000 -5.06577
91470.0000 -5.28880
91480.0000 -4.89652
91490.0000 -4.63897
91500.0000 -4.52684
91510.0000 -4.39258
91520.0000 -4.59294
91530.0000 -4.65211
91540.0000 -4.94378
91550.0000 -5.03235
91560.0000 -4.93429
91570.0000 -4.76559
91580.0000 -4.84728
91590.0000 -4.87374
91600.0000 -5.28683
91610.0000 -5.42637
91620.0000 -5.43726
91630.0000 -5.32486
91640.0000 -5.06260
91650.0000 -4.97445
91660.0000 -4.65082
91670.0000 -4.40672
91680.0000 -4.42624
91690.0000 -4.64090
91700.0000 -4.59873
91710.0000 -4.74074
91720.0000 -5.02476
91730.0000 -5.13557
91740.0000 -4.97293
91750.0000 -5.07881
91760.0000 -5.13220
91770.0000 -5.27763
91780.0000 -4.95263
91790.0000 -4.97324
91800.0000 -5.01881
91810.0000 -5.01990
91820.0000 -4.90014
91830.0000 -5.17970
91840.0000 -4.88737
91850.0000 -5.23105
91860.0000 -4.69081
91870.0000 -4.45096
91880.0000 -5.16410
91890.0000 -5.07552
91900.0000 -5.07591
91910.0000 -4.81635
91920.0000 -4.82494
91930.0000 -5.00690
91940.0000 -5.41340
91950.0000 -5.40513
91960.0000 -5.58805
91970.0000 -5.87068
91980.0000 -5.66051
91990.0000 -5.14148
92000.0000 -5.20276
92010.0000 -4.56656
92020.0000 -4.51301
92030.0000 -4.44260
92040.0000 -4.58802
92050.0000 -4.89579
92060.0000 -4.99015
92070.0000 -4.55073
92080.0000 -4.66866
92090.0000 -4.45109
92100.0000 -4.42006
92110.0000 -3.67546
92120.0000 -3.89283
92130.0000 -4.14822
92140.0000 -4.10711
92150.0000 -4.18698
92160.0000 -4.14323
92170.0000 -4.24952
92180.0000 -4.18659
92190.0000 -4.67921
92200.0000 -4.55419
92210.0000 -4.47762
92220.0000 -4.21025
92230.0000 -4.30666
92240.0000 -4.38709
92250.0000 -4.05938
92260.0000 -4.06280
92270.0000 -4.09900
92280.0000 -3.62951
92290.0000 -3.42250
92300.0000 -3.21724
92310.0000 -3.55992
92320.0000 -3.63663
92330.0000 -3.20267
92340.0000 -3.87343
92350.0000 -3.63969
92360.0000 -3.13182
92370.0000 -3.40643
92380.0000 -3.97190
92390.0000 -3.76189
92400.0000 -3.84004
92410.0000 -3.70825
92420.0000 -3.34098
92430.0000 -3.73219
92440.0000 -3.43993
92450.0000 -3.29564
92460.0000 -3.86622
92470.0000 -3.75167
92480.0000 -3.88642
92490.0000 -3.57194
92500.0000 -3.74050
92510.0000 -3.54718
92520.0000 -3.58230
92530.0000 -3.32351
92540.0000 -3.43738
92550.0000 -3.58116
92560.0000 -3.75619
92570.0000 -3.47791
92580.0000 -3.32751
92590.0000 -3.29936
92600.0000 -3.27429
92610.0000 -2.74444
92620.0000 -2.61448
92630.0000 -2.17465
92640.0000 -2.07975
92650.0000 -2.29427
92660.0000 -2.07219
92670.0000 -1.83771
92680.0000 -0.88241
92690.0000 -1.01948
92700.0000 -0.33118
92710.0000 -0.65721
92720.0000 -0.81514
92730.0000 -0.63390
92740.0000 -0.42989
92750.0000 -0.81407
92760.0000 -0.90273
92770.0000 -0.91621
92780.0000 -1.49048
92790.0000 -1.79541
92800.0000 -1.73776
92810.0000 -1.90392
92820.0000 -1.89879
92830.0000 -1.35506
92840.0000 -1.13720
92850.0000 -1.78115
92860.0000 -1.82194
92870.0000 -1.59794
92880.0000 -1.65098
92890.0000 -1.40083
92900.0000 -1.33886
92910.0000 -1.74451
92920.0000 -1.77540
92930.0000 -1.73022
92940.0000 -2.27726
92950.0000 -1.94196
92960.0000 -2.11398
92970.0000 -2.23496
92980.0000 -2.10061
92990.0000 -2.27519
93000.0000 -2.62503
93010.0000 -2.42084
93020.0000 -2.37837
93030.0000 -2.42565
93040.0000 -2.79865
93050.0000 -2.65272
93060.0000 -1.96785
93070.0000 -1.76496
93080.0000 -2.02331
93090.0000 -1.63120
93100.0000 -1.55952
93110.0000 -0.93864
93120.0000 -0.93648
93130.0000 -0.99579
93140.0000 -1.19537
93150.0000 -1.16187
93160.0000 -1.15137
93170.0000 -1.07676
93180.0000 -0.95164
93190.0000 -1.06595
93200.0000 -1.31731
93210.0000 -1.46524
93220.0000 -0.95431
93230.0000 -1.49627
93240.0000 -1.70648
93250.0000 -1.42423
93260.0000 -1.44726
93270.0000 -1.57802
93280.0000 -1.74277
93290.0000 -1.37560
93300.0000 -1.24215
93310.0000 -1.43691
93320.0000 -1.34310
93330.0000 -1.34251
93340.0000 -1.05404
93350.0000 -1.29014
93360.0000 -1.20054
93370.0000 -1.06814
93380.0000 -0.68313
93390.0000 -0.87380
93400.0000 -0.91703
93410.0000 -0.96237
93420.0000 -1.06988
93430.0000 -1.19491
93440.0000 -1.84738
93450.0000 -1.63707
93460.0000 -1.69433
93470.0000 -2.45717
93480.0000 -2.91232
93490.0000 -3.02769
93500.0000 -3.28793
93510.0000 -2.97739
93520.0000 -2.81521
93530.0000 -2.90251
93540.0000 -2.90173
93550.0000 -3.05269
93560.0000 -3.35297
93570.0000 -3.19905
93580.0000 -2.69138
93590.0000 -2.80687
93600.0000 -2.57188
93610.0000 -2.95477
93620.0000 -2.30771
93630.0000 -2.30262
93640.0000 -2.39049
93650.0000 -2.47649
93660.0000 -2.22832
93670.0000 -2.08099
93680.0000 -1.80739
93690.0000 -2.37088
93700.0000 -2.50346
93710.0000 -2.64459
93720.0000 -2.45582
93730.0000 -2.90457
93740.0000 -3.01486
93750.0000 -3.01801
93760.0000 -3.18379
93770.0000 -2.53038
93780.0000 -3.03257
93790.0000 -3.82349
93800.0000 -4.18377
93810.0000 -3.94571
93820.0000 -3.25495
93830.0000 -3.37158
93840.0000 -2.85481
93850.0000 -3.45054
93860.0000 -3.42401
93870.0000 -3.80308
93880.0000 -3.78820
93890.0000 -4.17343
93900.0000 -4.30621
93910.0000 -4.06911
93920.0000 -3.92211
93930.0000 -3.87468
93940.0000 -3.57641
93950.0000 -3.67681
93960.0000 -3.73564
93970.0000 -3.92242
93980.0000 -3.91460
93990.0000 -3.79477
94000.0000 -3.52843
94010.0000 -3.59469
94020.0000 -3.69773
94030.0000 -3.52736
94040.0000 -3.77064
94050.0000 -3.38989
94060.0000 -3.51451
94070.0000 -4.02775
94080.0000 -4.22421
94090.0000 -4.44951
94100.0000 -4.95256
94110.0000 -4.76635
94120.0000 -4.62321
94130.0000 -4.54413
94140.0000 -4.26476
94150.0000 -4.64398
94160.0000 -4.66961
94170.0000 -4.64299
94180.0000 -4.61717
94190.0000 -4.38511
94200.0000 -4.51300
94210.0000 -4.19961
94220.0000 -3.98408
94230.0000 -3.50424
94240.0000 -4.07193
94250.0000 -3.90241
94260.0000 -3.70243
94270.0000 -3.55979
94280.0000 -3.36322
94290.0000 -3.43699
94300.0000 -3.18019
94310.0000 -2.99796
94320.0000 -3.29888
94330.0000 -3.52742
94340.0000 -2.95115
94350.0000 -2.56996
94360.0000 -2.76796
94370.0000 -2.78039
94380.0000 -2.63885
94390.0000 -2.45179
94400.0000 -2.58610
94410.0000 -2.61461
94420.0000 -2.53689
94430.0000 -2.73150
94440.0000 -2.24799
94450.0000 -2.07937
94460.0000 -2.04752
94470.0000 -2.60652
94480.0000 -2.46751
94490.0000 -2.58094
94500.0000 -2.68612
94510.0000 -3.09370
94520.0000 -2.67610
94530.0000 -2.70181
94540.0000 -2.36126
94550.0000 -2.16763
94560.0000 -2.04850
94570.0000 -1.69523
94580.0000 -1.59948
94590.0000 -1.75661
94600.0000 -1.96883
94610.0000 -2.21340
94620.0000 -2.17785
94630.0000 -2.83300
94640.0000 -2.75915
94650.0000 -3.06854
94660.0000 -3.14016
94670.0000 -3.23594
94680.0000 -3.17373
94690.0000 -2.87317
94700.0000 -2.20746
94710.0000 -2.49073
94720.0000 -1.79429
94730.0000 -1.39654
94740.0000 -1.56727
94750.0000 -1.54705
94760.0000 -1.41972
94770.0000 -2.01945
94780.0000 -2.69780
94790.0000 -2.50022
94800.0000 -2.25661
94810.0000 -1.74664
94820.0000 -1.56467
94830.0000 -1.50745
94840.0000 -1.57325
94850.0000 -1.51742
94860.0000 -1.53301
94870.0000 -1.30261
94880.0000 -1.46482
94890.0000 -2.11292
94900.0000 -2.22768
94910.0000 -2.10488
94920.0000 -2.16667
94930.0000 -2.37836
94940.0000 -2.55775
94950.0000 -1.99891
94960.0000 -1.53923
94970.0000 -1.89471
94980.0000 -2.11034
94990.0000 -1.54578
95000.0000 -1.55916
95010.0000 -1.64512
95020.0000 -1.96504
95030.0000 -2.49412
95040.0000 -1.80201
95050.0000 -1.88418
95060.0000 -1.98887
95070.0000 -1.90111
95080.0000 -1.98562
95090.0000 -1.92317
95100.0000 -2.00823
95110.0000 -2.01701
95120.0000 -1.69208
95130.0000 -1.56077
95140.0000 -1.70970
95150.0000 -1.97956
95160.0000 -2.38662
95170.0000 -2.22728
95180.0000 -2.07034
95190.0000 -1.57143
95200.0000 -1.76589
95210.0000 -2.22015
95220.0000 -2.45692
95230.0000 -2.56314
95240.0000 -2.58161
95250.0000 -2.70016
95260.0000 -3.02124
95270.0000 -3.26602
95280.0000 -3.26448
95290.0000 -3.35092
95300.0000 -4.17955
95310.0000 -4.48822
95320.0000 -4.55803
95330.0000 -4.05805
95340.0000 -4.33850
95350.0000 -4.19872
95360.0000 -4.46812
95370.0000 -4.58644
95380.0000 -4.89364
95390.0000 -4.51586
95400.0000 -4.54359
95410.0000 -4.70647
95420.0000 -4.81682
95430.0000 -4.99279
95440.0000 -5.39201
95450.0000 -5.54818
95460.0000 -5.65627
95470.0000 -5.56385
95480.0000 -5.61087
95490.0000 -5.07496
95500.0000 -5.25101
95510.0000 -5.31106
95520.0000 -5.70628
95530.0000 -5.78920
95540.0000 -5.32432
95550.0000 -5.05108
95560.0000 -5.31675
95570.0000 -5.36506
95580.0000 -5.72153
95590.0000 -6.15544
95600.0000 -5.96607
95610.0000 -6.21348
95620.0000 -5.89939
95630.0000 -5.60071
95640.0000 -5.52554
95650.0000 -5.57686
95660.0000 -5.47150
95670.0000 -5.50998
95680.0000 -5.56603
95690.0000 -5.56745
95700.0000 -5.79644
95710.0000 -5.72610
95720.0000 -6.25270
95730.0000 -5.85182
95740.0000 -5.75663
95750.0000 -6.09291
95760.0000 -5.99745
95770.0000 -6.02210
95780.0000 -5.57221
95790.0000 -5.74087
95800.0000 -5.81791
95810.0000 -5.58626
95820.0000 -5.69085
95830.0000 -5.56855
95840.0000 -5.28898
95850.0000 -5.60340
95860.0000 -5.79744
95870.0000 -5.81750
95880.0000 -5.38886
95890.0000 -5.41526
95900.0000 -5.56866
95910.0000 -5.97465
95920.0000 -5.78011
95930.0000 -5.85671
95940.0000 -6.01222
95950.0000 -5.58159
95960.0000 -6.08858
95970.0000 -6.37204
95980.0000 -6.12422
95990.0000 -6.13751
96000.0000 -5.95275
96010.0000 -5.98021
96020.0000 -6.46267
96030.0000 -7.24582
96040.0000 -7.11723
96050.0000 -7.25052
96060.0000 -7.17942
96070.0000 -6.92166
96080.0000 -6.92307
96090.0000 -6.21771
96100.0000 -6.80551
96110.0000 -6.55513
96120.0000 -6.29894
96130.0000 -6.71907
96140.0000 -6.65198
96150.0000 -6.28363
96160.0000 -5.66601
96170.0000 -5.45157
96180.0000 -5.47367
96190.0000 -5.78969
96200.0000 -5.54150
96210.0000 -5.58030
96220.0000 -5.44051
96230.0000 -5.53608
96240.0000 -4.98446
96250.0000 -5.26917
96260.0000 -5.60073
96270.0000 -5.90990
96280.0000 -6.03948
96290.0000 -5.58117
96300.0000 -6.18127
96310.0000 -6.61609
96320.0000 -6.50007
96330.0000 -6.38999
96340.0000 -6.43353
96350.0000 -6.28330
96360.0000 -6.09576
96370.0000 -6.26935
96380.0000 -5.93756
96390.0000 -6.05891
96400.0000 -5.98915
96410.0000 -6.11417
96420.0000 -6.37219
96430.0000 -6.11962
96440.0000 -6.43720
96450.0000 -6.14704
96460.0000 -6.30047
96470.0000 -6.74024
96480.0000 -6.94534
96490.0000 -7.00145
96500.0000 -6.74183
96510.0000 -6.02206
96520.0000 -6.17905
96530.0000 -6.21894
96540.0000 -6.01877
96550.0000 -5.87509
96560.0000 -6.19139
96570.0000 -6.10564
96580.0000 -5.92814
96590.0000 -6.24107
96600.0000 -6.26157
96610.0000 -6.39954
96620.0000 -6.45653
96630.0000 -6.48066
96640.0000 -6.49189
96650.0000 -6.35446
96660.0000 -6.72346
96670.0000 -7.09299
96680.0000 -7.04456
96690.0000 -6.95918
96700.0000 -6.84219
96710.0000 -6.16373
96720.0000 -6.48716
96730.0000 -6.34338
96740.0000 -6.49592
96750.0000 -6.52088
96760.0000 -5.98956
96770.0000 -6.43186
96780.0000 -6.44461
96790.0000 -6.41984
96800.0000 -5.98518
96810.0000 -6.10415
96820.0000 -6.12408
96830.0000 -6.41624
96840.0000 -6.22707
96850.0000 -6.38882
96860.0000 -6.45056
96870.0000 -6.28956
96880.0000 -6.02810
96890.0000 -5.99503
96900.0000 -5.80274
96910.0000 -6.14810
96920.0000 -5.94465
96930.0000 -6.09641
96940.0000 -6.42907
96950.0000 -5.97520
96960.0000 -5.69871
96970.0000 -6.21525
96980.0000 -6.26488
96990.0000 -5.88174
97000.0000 -6.10941
97010.0000 -6.05924
97020.0000 -5.92831
97030.0000 -6.37277
97040.0000 -6.21303
97050.0000 -6.06498
97060.0000 -6.15272
97070.0000 -6.22547
97080.0000 -5.29897
97090.0000 -5.09862
97100.0000 -5.11961
97110.0000 -5.47387
97120.0000 -5.14540
97130.0000 -4.97635
97140.0000 -4.41150
97150.0000 -4.67463
97160.0000 -4.60255
97170.0000 -4.91624
97180.0000 -5.03808
97190.0000 -4.82936
97200.0000 -4.77370
97210.0000 -4.24553
97220.0000 -4.44305
97230.0000 -4.09860
97240.0000 -3.70122
97250.0000 -3.85675
97260.0000 -3.77310
97270.0000 -4.20240
97280.0000 -3.68805
97290.0000 -3.77496
97300.0000 -3.26010
97310.0000 -3.12370
97320.0000 -2.86115
97330.0000 -3.32576
97340.0000 -3.42408
97350.0000 -2.99292
97360.0000 -2.96543
97370.0000 -2.87688
97380.0000 -2.85784
97390.0000 -3.24334
97400.0000 -2.94371
97410.0000 -2.58110
97420.0000 -2.57861
97430.0000 -2.19534
97440.0000 -2.47274
97450.0000 -2.18189
97460.0000 -2.42811
97470.0000 -2.04661
97480.0000 -2.17663
97490.0000 -2.09812
97500.0000 -2.42109
97510.0000 -2.28402
97520.0000 -2.23836
97530.0000 -1.98659
97540.0000 -1.65906
97550.0000 -2.31541
97560.0000 -2.41978
97570.0000 -2.89542
97580.0000 -2.50147
97590.0000 -2.42234
97600.0000 -2.00729
97610.0000 -2.84104
97620.0000 -2.60395
97630.0000 -3.42869
97640.0000 -3.58422
97650.0000 -3.41096
97660.0000 -3.77506
97670.0000 -4.03418
97680.0000 -4.41226
97690.0000 -4.42677
97700.0000 -3.92061
97710.0000 -4.54578
97720.0000 -4.43696
97730.0000 -4.92399
97740.0000 -5.05292
97750.0000 -5.05615
97760.0000 -5.35603
97770.0000 -5.58539
97780.0000 -5.65878
97790.0000 -5.70973
97800.0000 -5.98914
97810.0000 -5.93429
97820.0000 -6.43795
97830.0000 -6.68639
97840.0000 -6.90658
97850.0000 -6.39096
97860.0000 -6.43398
97870.0000 -6.57585
97880.0000 -6.16728
97890.0000 -5.76380
97900.0000 -6.09647
97910.0000 -6.18497
97920.0000 -6.51488
97930.0000 -6.49841
97940.0000 -6.50046
97950.0000 -6.76396
97960.0000 -6.48455
97970.0000 -6.58971
97980.0000 -6.76951
97990.0000 -6.46710
98000.0000 -6.37302
98010.0000 -6.29535
98020.0000 -6.41968
98030.0000 -6.67607
98040.0000 -6.79068
98050.0000 -6.84589
98060.0000 -7.30352
98070.0000 -7.61176
98080.0000 -7.42363
98090.0000 -7.24370
98100.0000 -7.09857
98110.0000 -6.68261
98120.0000 -7.09671
98130.0000 -7.39345
98140.0000 -6.98657
98150.0000 -6.49844
98160.0000 -6.09568
98170.0000 -6.16788
98180.0000 -5.86292
98190.0000 -6.17389
98200.0000 -6.15526
98210.0000 -6.40120
98220.0000 -6.89244
98230.0000 -6.90803
98240.0000 -7.05388
98250.0000 -6.96269
98260.0000 -6.85507
98270.0000 -6.50475
98280.0000 -6.36591
98290.0000 -6.15761
98300.0000 -5.81565
98310.0000 -5.95348
98320.0000 -6.35993
98330.0000 -6.25183
98340.0000 -6.20380
98350.0000 -6.26138
98360.0000 -6.24924
98370.0000 -6.18274
98380.0000 -6.25267
98390.0000 -6.15319
98400.0000 -5.79604
98410.0000 -5.81866
98420.0000 -6.00238
98430.0000 -5.71486
98440.0000 -5.40218
98450.0000 -5.46465
98460.0000 -5.18179
98470.0000 -5.53045
98480.0000 -5.58352
98490.0000 -5.36392
98500.0000 -5.58270
98510.0000 -5.70750
98520.0000 -5.60234
98530.0000 -5.74292
98540.0000 -6.54729
98550.0000 -6.38178
98560.0000 -6.43102
98570.0000 -6.37301
98580.0000 -6.45777
98590.0000 -6.74131
98600.0000 -6.59308
98610.0000 -6.57656
98620.0000 -6.70769
98630.0000 -6.93731
98640.0000 -6.89561
98650.0000 -6.99072
98660.0000 -7.00578
98670.0000 -7.90925
98680.0000 -7.65303
98690.0000 -7.46311
98700.0000 -7.85133
98710.0000 -7.88967
98720.0000 -7.90160
98730.0000 -7.92668
98740.0000 -7.72687
98750.0000 -8.04968
98760.0000 -8.39702
98770.0000 -8.28345
98780.0000 -7.88556
98790.0000 -7.55870
98800.0000 -7.96154
98810.0000 -8.27432
98820.0000 -8.31343
98830.0000 -8.57322
98840.0000 -8.41082
98850.0000 -8.15410
98860.0000 -8.13895
98870.0000 -8.40410
98880.0000 -8.61834
98890.0000 -8.41455
98900.0000 -8.40046
98910.0000 -8.21270
98920.0000 -7.44441
98930.0000 -7.70473
98940.0000 -7.76493
98950.0000 -7.44967
98960.0000 -7.75110
98970.0000 -7.90701
98980.0000 -7.82571
98990.0000 -7.72011
99000.0000 -7.88840
99010.0000 -8.51721
99020.0000 -8.12073
99030.0000 -8.18860
99040.0000 -8.52599
99050.0000 -8.38247
99060.0000 -8.08443
99070.0000 -7.93891
99080.0000 -8.02677
99090.0000 -7.87235
99100.0000 -7.56200
99110.0000 -8.14312
99120.0000 -7.81913
99130.0000 -7.55625
99140.0000 -7.56514
99150.0000 -7.12559
99160.0000 -7.26640
99170.0000 -7.49386
99180.0000 -7.22981
99190.0000 -7.11394
99200.0000 -6.89471
99210.0000 -7.31759
99220.0000 -7.40691
99230.0000 -7.62872
99240.0000 -7.48930
99250.0000 -7.78233
99260.0000 -7.58706
99270.0000 -7.86280
99280.0000 -7.93474
99290.0000 -8.12856
99300.0000 -7.75982
99310.0000 -7.54936
99320.0000 -6.93998
99330.0000 -6.75769
99340.0000 -6.54505
99350.0000 -6.61186
99360.0000 -5.88721
99370.0000 -6.24960
99380.0000 -6.37396
99390.0000 -5.92403
99400.0000 -5.03347
99410.0000 -5.25825
99420.0000 -6.02296
99430.0000 -6.13428
99440.0000 -5.89018
99450.0000 -6.51706
99460.0000 -6.70267
99470.0000 -6.61251
99480.0000 -6.41531
99490.0000 -6.43984
99500.0000 -6.82787
99510.0000 -6.68386
99520.0000 -5.69969
99530.0000 -5.58590
99540.0000 -6.00228
99550.0000 -6.22791
99560.0000 -6.28782
99570.0000 -6.10655
99580.0000 -6.26112
99590.0000 -6.37486
99600.0000 -6.54897
99610.0000 -6.44129
99620.0000 -6.73268
99630.0000 -6.61866
99640.0000 -7.03302
99650.0000 -7.15101
99660.0000 -7.04826
99670.0000 -7.08619
99680.0000 -7.16698
99690.0000 -7.17487
99700.0000 -7.23799
99710.0000 -7.48345
99720.0000 -7.42782
99730.0000 -7.10446
99740.0000 -7.02997
99750.0000 -7.05364
99760.0000 -7.12441
99770.0000 -7.51168
99780.0000 -7.44743
99790.0000 -7.70147
99800.0000 -7.56031
99810.0000 -7.76648
99820.0000 -7.67832
99830.0000 -8.16719
99840.0000 -8.16809
99850.0000 -8.23294
99860.0000 -8.21646
99870.0000 -8.69543
99880.0000 -8.78295
99890.0000 -8.87951
99900.0000 -8.68820
99910.0000 -8.57116
99920.0000 -8.85659
99930.0000 -8.71767
99940.0000 -8.47762
99950.0000 -8.59792
99960.0000 -8.92278
99970.0000 -9.07547
99980.0000 -8.62935
99990.0000 -8.87647
100000.0000 -9.00239
100010.0000 -9.35006
100020.0000 -8.90076
100030.0000 -9.39032
100040.0000 -9.34387
100050.0000 -9.37175
100060.0000 -9.65710
100070.0000 -9.50992
100080.0000 -9.19136
100090.0000 -9.40737
100100.0000 -9.55190
100110.0000 -9.76195
100120.0000 -9.75703
100130.0000 -9.79494
100140.0000 -9.57370
100150.0000 -9.80004
100160.0000 -10.17283
100170.0000 -10.28672
100180.0000 -10.29908
100190.0000 -9.97095
100200.0000 -10.13779
100210.0000 -10.00311
100220.0000 -9.96848
100230.0000 -9.84577
100240.0000 -9.38072
100250.0000 -9.58692
100260.0000 -9.13363
100270.0000 -8.98978
100280.0000 -9.06656
100290.0000 -9.45242
100300.0000 -9.84248
100310.0000 -9.70291
100320.0000 -9.93388
100330.0000 -9.52629
100340.0000 -9.99376
100350.0000 -9.97258
100360.0000 -9.61699
100370.0000 -9.36919
100380.0000 -9.38423
100390.0000 -9.50070
100400.0000 -9.53243
100410.0000 -8.92010
100420.0000 -9.37140
100430.0000 -9.18069
100440.0000 -9.11096
100450.0000 -9.26709
100460.0000 -9.12743
100470.0000 -9.38203
100480.0000 -9.68066
100490.0000 -9.82581
100500.0000 -9.74845
100510.0000 -9.89283
100520.0000 -9.65741
100530.0000 -9.61965
100540.0000 -9.72696
100550.0000 -9.68292
100560.0000 -9.44224
100570.0000 -9.44254
100580.0000 -8.72851
100590.0000 -7.96899
100600.0000 -8.29541
100610.0000 -8.53894
100620.0000 -9.08466
100630.0000 -9.35715
100640.0000 -9.48446
100650.0000 -9.44023
100660.0000 -9.47681
100670.0000 -9.37868
100680.0000 -9.26902
100690.0000 -9.52173
100700.0000 -9.31890
100710.0000 -9.62188
100720.0000 -9.39190
100730.0000 -9.03157
100740.0000 -9.36940
100750.0000 -9.52178
100760.0000 -9.71743
100770.0000 -9.46753
100780.0000 -8.98103
100790.0000 -9.49056
100800.0000 -9.23702
100810.0000 -8.48201
100820.0000 -8.65754
100830.0000 -8.39572
100840.0000 -8.55300
100850.0000 -8.75376
100860.0000 -8.56033
100870.0000 -8.58746
100880.0000 -8.33333
100890.0000 -8.65239
100900.0000 -8.73004
100910.0000 -8.77915
100920.0000 -8.88156
100930.0000 -9.07954
100940.0000 -8.77410
100950.0000 -8.79477
100960.0000 -8.52579
100970.0000 -8.28080
100980.0000 -8.76076
100990.0000 -8.16506
101000.0000 -8.40832
101010.0000 -8.40005
101020.0000 -8.55434
101030.0000 -8.66354
101040.0000 -8.42530
101050.0000 -8.49805
101060.0000 -8.79319
101070.0000 -8.05568
101080.0000 -8.12955
101090.0000 -7.89967
101100.0000 -7.11011
101110.0000 -7.11581
101120.0000 -6.86085
101130.0000 -6.56318
101140.0000 -6.77072
101150.0000 -6.93491
101160.0000 -7.06049
101170.0000 -6.96665
101180.0000 -6.39851
101190.0000 -6.54334
101200.0000 -6.43976
101210.0000 -6.39197
101220.0000 -6.33857
101230.0000 -6.28770
101240.0000 -6.95925
101250.0000 -7.05771
101260.0000 -6.88636
101270.0000 -6.64248
101280.0000 -6.31457
101290.0000 -6.08040
101300.0000 -6.06675
101310.0000 -5.76493
101320.0000 -5.72351
101330.0000 -5.78901
101340.0000 -5.92480
101350.0000 -5.93885
101360.0000 -5.83110
101370.0000 -5.66163
101380.0000 -5.84324
101390.0000 -5.77372
101400.0000 -5.80418
101410.0000 -5.16217
101420.0000 -5.41464
101430.0000 -5.67940
101440.0000 -5.79375
101450.0000 -5.75374
101460.0000 -6.50140
101470.0000 -6.91337
101480.0000 -6.58451
101490.0000 -6.43215
101500.0000 -6.36950
101510.0000 -6.67866
101520.0000 -6.43305
101530.0000 -6.77284
101540.0000 -6.63909
101550.0000 -6.64055
101560.0000 -6.39874
101570.0000 -5.82348
101580.0000 -5.45659
101590.0000 -5.33258
101600.0000 -5.65547
101610.0000 -6.28612
101620.0000 -5.82274
101630.0000 -5.81266
101640.0000 -6.03582
101650.0000 -6.12993
101660.0000 -5.73190
101670.0000 -5.76890
101680.0000 -6.00443
101690.0000 -5.74770
101700.0000 -5.44397
101710.0000 -5.36132
101720.0000 -5.36236
101730.0000 -5.20899
101740.0000 -4.94578
101750.0000 -4.66312
101760.0000 -5.04837
101770.0000 -5.67199
101780.0000 -6.12111
101790.0000 -6.16861
101800.0000 -6.48522
101810.0000 -6.35174
101820.0000 -6.47399
101830.0000 -6.37101
101840.0000 -6.45730
101850.0000 -6.46686
101860.0000 -6.60605
101870.0000 -6.49857
101880.0000 -5.93614
101890.0000 -6.16137
101900.0000 -6.02155
101910.0000 -6.17858
101920.0000 -6.20648
101930.0000 -5.66412
101940.0000 -5.92039
101950.0000 -5.75664
101960.0000 -6.11191
101970.0000 -6.29806
101980.0000 -6.25204
101990.0000 -6.13913
102000.0000 -6.61599
102010.0000 -6.15394
102020.0000 -6.32724
102030.0000 -6.68527
102040.0000 -6.70204
102050.0000 -7.06871
102060.0000 -6.62447
102070.0000 -6.17733
102080.0000 -5.69313
102090.0000 -5.32913
102100.0000 -5.37507
102110.0000 -5.47780
102120.0000 -5.17826
102130.0000 -5.72240
102140.0000 -6.33553
102150.0000 -5.93925
102160.0000 -6.12322
102170.0000 -6.01599
102180.0000 -5.98033
102190.0000 -6.49004
102200.0000 -6.29199
102210.0000 -6.36838
102220.0000 -5.95398
102230.0000 -5.56388
102240.0000 -5.29376
102250.0000 -5.43954
102260.0000 -5.38006
102270.0000 -5.81806
102280.0000 -5.51327
102290.0000 -5.49040
102300.0000 -5.99260
102310.0000 -6.30093
102320.0000 -6.39892
102330.0000 -5.88209
102340.0000 -5.36721
102350.0000 -5.16712
102360.0000 -5.50508
102370.0000 -5.23404
102380.0000 -4.90596
102390.0000 -5.06611
102400.0000 -4.81944
102410.0000 -5.28821
102420.0000 -5.05227
102430.0000 -5.05727
102440.0000 -5.11600
102450.0000 -4.84635
102460.0000 -5.10522
102470.0000 -4.75231
102480.0000 -4.85145
102490.0000 -5.04992
102500.0000 -4.62098
102510.0000 -4.82402
102520.0000 -4.83358
102530.0000 -4.94246
102540.0000 -4.95235
102550.0000 -4.80466
102560.0000 -3.90885
102570.0000 -4.31253
102580.0000 -4.76893
102590.0000 -4.36561
102600.0000 -4.89413
102610.0000 -4.98947
102620.0000 -4.99761
102630.0000 -4.94709
102640.0000 -4.55972
102650.0000 -4.85331
102660.0000 -4.51761
102670.0000 -4.30399
102680.0000 -4.33582
102690.0000 -4.49480
102700.0000 -4.45632
102710.0000 -5.22564
102720.0000 -5.44591
102730.0000 -5.41080
102740.0000 -6.35840
102750.0000 -6.20515
102760.0000 -6.55279
102770.0000 -6.59161
102780.0000 -6.28850
102790.0000 -6.25417
102800.0000 -5.87377
102810.0000 -6.43312
102820.0000 -6.92402
102830.0000 -7.20460
102840.0000 -7.19006
102850.0000 -7.21058
102860.0000 -7.19664
102870.0000 -7.11293
102880.0000 -7.11028
102890.0000 -7.58129
102900.0000 -7.55199
102910.0000 -7.86445
102920.0000 -8.05853
102930.0000 -8.07177
102940.0000 -8.00948
102950.0000 -8.38706
102960.0000 -8.94931
102970.0000 -8.82560
102980.0000 -9.13032
102990.0000 -8.96587
103000.0000 -8.47410
103010.0000 -8.79583
103020.0000 -8.65818
103030.0000 -8.91338
103040.0000 -9.01199
103050.0000 -9.54503
103060.0000 -9.88729
103070.0000 -9.31571
103080.0000 -9.09103
103090.0000 -9.08051
103100.0000 -9.47574
103110.0000 -9.30161
103120.0000 -8.99607
103130.0000 -8.92122
103140.0000 -8.77290
103150.0000 -8.46016
103160.0000 -8.35351
103170.0000 -8.47315
103180.0000 -8.46173
103190.0000 -8.26684
103200.0000 -8.59433
103210.0000 -8.79279
103220.0000 -8.35524
103230.0000 -8.20030
103240.0000 -8.03819
103250.0000 -8.84004
103260.0000 -8.84969
103270.0000 -9.05890
103280.0000 -8.96141
103290.0000 -8.59361
103300.0000 -8.18121
103310.0000 -7.74558
103320.0000 -7.99757
103330.0000 -7.99750
103340.0000 -7.51469
103350.0000 -7.47311
103360.0000 -7.10463
103370.0000 -7.01039
103380.0000 -6.88685
103390.0000 -6.65854
103400.0000 -6.97685
103410.0000 -6.31077
103420.0000 -6.29919
103430.0000 -6.59084
103440.0000 -6.84083
103450.0000 -6.56295
103460.0000 -6.07122
103470.0000 -6.37592
103480.0000 -6.53435
103490.0000 -6.07794
103500.0000 -5.89330
103510.0000 -6.09829
103520.0000 -6.60909
103530.0000 -6.67180
103540.0000 -6.50855
103550.0000 -6.99238
103560.0000 -7.32426
103570.0000 -6.21456
103580.0000 -5.95094
103590.0000 -6.22541
103600.0000 -5.89705
103610.0000 -5.87378
103620.0000 -6.25495
103630.0000 -5.69876
103640.0000 -6.16104
103650.0000 -6.11247
103660.0000 -6.46354
103670.0000 -6.62912
103680.0000 -6.80443
103690.0000 -6.59736
103700.0000 -6.47849
103710.0000 -6.44298
103720.0000 -5.91889
103730.0000 -5.58101
103740.0000 -5.81658
103750.0000 -5.13010
103760.0000 -5.06565
103770.0000 -4.41336
103780.0000 -4.42681
103790.0000 -4.66304
103800.0000 -4.59353
103810.0000 -4.84392
103820.0000 -4.50977
103830.0000 -4.72775
103840.0000 -5.19479
103850.0000 -4.97703
103860.0000 -5.10904
103870.0000 -4.84143
103880.0000 -5.13566
103890.0000 -5.42497
103900.0000 -5.13883
103910.0000 -4.31859
103920.0000 -4.51470
103930.0000 -4.13407
103940.0000 -4.06601
103950.0000 -4.28125
103960.0000 -4.66690
103970.0000 -4.74979
103980.0000 -4.46515
103990.0000 -4.12937
104000.0000 -4.52833
104010.0000 -4.58733
104020.0000 -4.61478
104030.0000 -4.55304
104040.0000 -4.79463
104050.0000 -4.31339
104060.0000 -4.92015
104070.0000 -5.05443
104080.0000 -5.40641
104090.0000 -5.11770
104100.0000 -5.13200
104110.0000 -5.43447
104120.0000 -5.63648
104130.0000 -5.76413
104140.0000 -5.68568
104150.0000 -5.63131
104160.0000 -5.49218
104170.0000 -5.39030
104180.0000 -5.58424
104190.0000 -5.54817
104200.0000 -5.66500
104210.0000 -5.76541
104220.0000 -6.51463
104230.0000 -7.02076
104240.0000 -6.91468
104250.0000 -6.80621
104260.0000 -6.43728
104270.0000 -6.25220
104280.0000 -6.30289
104290.0000 -6.25939
104300.0000 -6.16220
104310.0000 -6.45359
104320.0000 -6.41101
104330.0000 -6.26286
104340.0000 -6.09524
104350.0000 -5.78707
104360.0000 -6.52784
104370.0000 -6.25200
104380.0000 -6.21551
104390.0000 -6.52633
104400.0000 -6.65854
104410.0000 -6.70091
104420.0000 -6.44907
104430.0000 -6.90820
104440.0000 -7.11466
104450.0000 -6.94479
104460.0000 -6.71009
104470.0000 -6.49847
104480.0000 -6.36733
104490.0000 -5.82959
104500.0000 -5.88869
104510.0000 -5.81941
104520.0000 -5.89752
104530.0000 -5.80608
104540.0000 -6.11392
104550.0000 -6.02526
104560.0000 -5.88778
104570.0000 -5.93419
104580.0000 -6.22759
104590.0000 -6.12730
104600.0000 -5.79757
104610.0000 -6.03890
104620.0000 -5.72933
104630.0000 -5.56427
104640.0000 -5.51827
104650.0000 -5.47262
104660.0000 -5.35933
104670.0000 -5.46141
104680.0000 -5.21486
104690.0000 -5.00500
104700.0000 -4.78463
104710.0000 -4.88361
104720.0000 -5.03522
104730.0000 -5.21932
104740.0000 -5.19235
104750.0000 -5.27128
104760.0000 -5.28652
104770.0000 -5.75949
104780.0000 -5.21042
104790.0000 -5.08488
104800.0000 -5.37434
104810.0000 -5.54271
104820.0000 -5.56238
104830.0000 -5.99998
104840.0000 -6.80816
104850.0000 -6.98514
104860.0000 -6.70442
104870.0000 -6.30762
104880.0000 -6.54018
104890.0000 -6.67803
104900.0000 -6.68156
104910.0000 -6.07830
104920.0000 -5.45887
104930.0000 -5.77645
104940.0000 -5.55821
104950.0000 -5.80868
104960.0000 -5.67370
104970.0000 -5.53177
104980.0000 -5.24445
104990.0000 -5.50924
105000.0000 -5.43028
105010.0000 -5.08901
105020.0000 -5.53889
105030.0000 -5.56751
105040.0000 -5.14185
105050.0000 -4.82548
105060.0000 -5.40208
105070.0000 -5.32544
105080.0000 -5.74365
105090.0000 -5.16476
105100.0000 -4.47144
105110.0000 -4.28818
105120.0000 -4.17538
105130.0000 -4.29260
105140.0000 -3.59080
105150.0000 -3.55324
105160.0000 -3.34889
105170.0000 -3.36204
105180.0000 -3.33845
105190.0000 -3.60908
105200.0000 -4.07087
105210.0000 -4.07794
105220.0000 -3.45713
105230.0000 -3.31508
105240.0000 -2.76738
105250.0000 -2.83824
105260.0000 -2.76835
105270.0000 -2.43004
105280.0000 -1.83200
105290.0000 -1.62701
105300.0000 -1.22439
105310.0000 -1.54278
105320.0000 -1.90467
105330.0000 -1.49807
105340.0000 -1.66580
105350.0000 -2.03156
105360.0000 -1.89702
105370.0000 -1.69145
105380.0000 -1.79553
105390.0000 -1.88335
105400.0000 -2.05760
105410.0000 -2.28568
105420.0000 -2.46104
105430.0000 -2.79048
105440.0000 -2.37851
105450.0000 -1.63520
105460.0000 -1.33190
105470.0000 -1.44517
105480.0000 -1.62912
105490.0000 -1.62536
105500.0000 -1.16350
105510.0000 -1.12554
105520.0000 -0.89031
105530.0000 -0.91044
105540.0000 -0.72520
105550.0000 -1.16537
105560.0000 -1.11983
105570.0000 -0.95392
105580.0000 -0.87825
105590.0000 -0.94404
105600.0000 -0.78286
105610.0000 -0.69519
105620.0000 -0.44250
105630.0000 -0.86388
105640.0000 -0.74359
105650.0000 -0.47993
105660.0000 -0.59215
105670.0000 -0.90921
105680.0000 -0.83984
105690.0000 -0.90134
105700.0000 -1.49423
105710.0000 -1.55739
105720.0000 -1.77038
105730.0000 -1.18892
105740.0000 -1.76091
105750.0000 -2.11927
105760.0000 -2.31543
105770.0000 -2.62070
105780.0000 -2.35198
105790.0000 -3.06996
105800.0000 -2.92752
105810.0000 -2.76258
105820.0000 -2.27300
105830.0000 -2.80277
105840.0000 -3.06354
105850.0000 -2.97286
105860.0000 -3.18266
105870.0000 -3.33640
105880.0000 -3.35725
105890.0000 -3.17092
105900.0000 -3.16642
105910.0000 -3.20206
105920.0000 -2.96194
105930.0000 -3.28499
105940.0000 -3.54506
105950.0000 -3.91359
105960.0000 -3.55860
105970.0000 -3.14763
105980.0000 -2.65299
105990.0000 -2.48445
106000.0000 -2.37739
106010.0000 -2.81088
106020.0000 -3.16436
106030.0000 -3.89805
106040.0000 -3.97055
106050.0000 -4.16900
106060.0000 -4.00357
106070.0000 -3.75506
106080.0000 -4.09008
106090.0000 -4.14472
106100.0000 -4.72238
106110.0000 -4.88780
106120.0000 -5.03551
106130.0000 -5.52897
106140.0000 -5.66899
106150.0000 -5.26256
106160.0000 -4.93831
106170.0000 -5.01735
106180.0000 -4.56894
106190.0000 -4.44471
106200.0000 -4.62771
106210.0000 -4.80401
106220.0000 -5.06496
106230.0000 -4.77535
106240.0000 -4.93689
106250.0000 -5.05676
106260.0000 -5.12861
106270.0000 -4.92099
106280.0000 -5.08100
106290.0000 -5.31681
106300.0000 -5.25819
106310.0000 -5.16226
106320.0000 -5.49717
106330.0000 -5.77738
106340.0000 -5.48283
106350.0000 -5.63413
106360.0000 -5.52716
106370.0000 -4.78137
106380.0000 -4.34815
106390.0000 -3.99083
106400.0000 -3.32002
106410.0000 -3.18567
106420.0000 -2.97076
106430.0000 -2.91149
106440.0000 -2.83646
106450.0000 -2.50066
106460.0000 -2.71286
106470.0000 -2.76980
106480.0000 -2.59815
106490.0000 -2.13486
106500.0000 -2.22486
106510.0000 -2.28685
106520.0000 -1.85416
106530.0000 -1.27058
106540.0000 -1.33524
106550.0000 -1.72196
106560.0000 -1.37901
106570.0000 -1.58040
106580.0000 -2.08813
106590.0000 -2.05768
106600.0000 -2.53053
106610.0000 -2.78400
106620.0000 -2.86219
106630.0000 -3.64731
106640.0000 -3.33362
106650.0000 -3.37390
106660.0000 -3.43073
106670.0000 -4.10081
106680.0000 -3.70296
106690.0000 -4.51208
106700.0000 -4.72596
106710.0000 -4.72005
106720.0000 -5.03746
106730.0000 -4.21944
106740.0000 -3.86711
106750.0000 -3.78590
106760.0000 -4.52790
106770.0000 -4.45597
106780.0000 -5.05918
106790.0000 -4.98428
106800.0000 -5.36740
106810.0000 -5.39195
106820.0000 -5.36436
106830.0000 -5.47750
106840.0000 -4.91763
106850.0000 -5.24326
106860.0000 -4.72308
106870.0000 -4.23465
106880.0000 -4.74876
106890.0000 -4.64018
106900.0000 -4.36142
106910.0000 -4.12191
106920.0000 -4.25107
106930.0000 -4.40358
106940.0000 -4.70426
106950.0000 -4.57621
106960.0000 -4.54596
106970.0000 -4.28098
106980.0000 -4.22390
106990.0000 -3.62981
107000.0000 -3.72828
107010.0000 -2.94584
107020.0000 -3.28960
107030.0000 -3.32305
107040.0000 -3.39133
107050.0000 -3.54139
107060.0000 -3.30082
107070.0000 -3.10468
107080.0000 -3.14884
107090.0000 -3.12978
107100.0000 -3.32785
107110.0000 -3.28308
107120.0000 -3.91822
107130.0000 -4.09608
107140.0000 -4.58144
107150.0000 -4.39236
107160.0000 -5.15031
107170.0000 -5.05194
107180.0000 -5.43387
107190.0000 -5.05824
107200.0000 -5.30598
107210.0000 -5.22269
107220.0000 -4.91418
107230.0000 -4.70252
107240.0000 -4.74924
107250.0000 -4.57433
107260.0000 -4.21686
107270.0000 -4.25793
107280.0000 -4.00726
107290.0000 -3.75085
107300.0000 -3.74574
107310.0000 -3.92182
107320.0000 -3.96754
107330.0000 -3.23911
107340.0000 -3.24534
107350.0000 -3.62651
107360.0000 -3.78645
107370.0000 -3.10007
107380.0000 -3.48276
107390.0000 -3.91312
107400.0000 -3.63657
107410.0000 -3.72892
107420.0000 -3.55131
107430.0000 -3.63621
107440.0000 -4.02812
107450.0000 -3.86214
107460.0000 -4.24117
107470.0000 -4.09275
107480.0000 -4.16298
107490.0000 -4.17817
107500.0000 -4.28830
107510.0000 -4.19299
107520.0000 -4.05343
107530.0000 -3.91867
107540.0000 -4.34103
107550.0000 -4.68278
107560.0000 -4.94828
107570.0000 -4.82875
107580.0000 -4.66031
107590.0000 -4.97643
107600.0000 -4.74187
107610.0000 -4.41354
107620.0000 -4.76013
107630.0000 -4.71580
107640.0000 -4.68718
107650.0000 -4.75454
107660.0000 -4.87921
107670.0000 -4.34490
107680.0000 -4.47354
107690.0000 -4.24209
107700.0000 -4.45759
107710.0000 -4.78351
107720.0000 -4.61928
107730.0000 -4.33560
107740.0000 -4.62579
107750.0000 -3.73910
107760.0000 -3.72652
107770.0000 -4.20438
107780.0000 -4.61064
107790.0000 -4.81044
107800.0000 -4.55981
107810.0000 -4.39639
107820.0000 -4.17574
107830.0000 -4.10599
107840.0000 -3.64294
107850.0000 -3.90249
107860.0000 -4.13243
107870.0000 -4.08642
107880.0000 -4.21610
107890.0000 -4.51507
107900.0000 -4.24834
107910.0000 -4.39566
107920.0000 -4.23561
107930.0000 -4.56049
107940.0000 -4.66075
107950.0000 -4.12882
107960.0000 -4.68867
107970.0000 -5.12030
107980.0000 -4.66818
107990.0000 -4.91784
108000.0000 -4.84122
108010.0000 -5.24641
108020.0000 -5.48839
108030.0000 -5.95271
108040.0000 -6.26651
108050.0000 -5.83956
108060.0000 -6.12213
108070.0000 -6.15182
108080.0000 -6.27895
108090.0000 -6.59865
108100.0000 -7.18433
108110.0000 -8.01187
108120.0000 -7.86075
108130.0000 -8.16843
108140.0000 -8.02593
108150.0000 -7.86555
108160.0000 -8.57969
108170.0000 -8.17506
108180.0000 -8.70419
108190.0000 -8.40647
108200.0000 -8.54155
108210.0000 -7.62787
108220.0000 -7.74171
108230.0000 -8.01985
108240.0000 -7.80656
108250.0000 -8.31152
108260.0000 -8.42277
108270.0000 -8.79963
108280.0000 -8.65707
108290.0000 -9.01297
108300.0000 -8.73612
108310.0000 -8.17656
108320.0000 -7.77125
108330.0000 -7.54320
108340.0000 -7.83518
108350.0000 -8.06240
108360.0000 -7.71267
108370.0000 -7.61693
108380.0000 -7.36398
108390.0000 -7.53701
108400.0000 -7.24421
108410.0000 -7.21842
108420.0000 -7.19692
108430.0000 -6.75070
108440.0000 -6.85884
108450.0000 -6.58015
108460.0000 -6.46487
108470.0000 -6.13025
108480.0000 -6.44835
108490.0000 -6.66743
108500.0000 -6.88903
108510.0000 -6.80175
108520.0000 -6.62652
108530.0000 -6.23573
108540.0000 -6.55827
108550.0000 -6.60290
108560.0000 -7.12534
108570.0000 -6.98819
108580.0000 -7.09929
108590.0000 -7.51723
108600.0000 -7.51953
108610.0000 -8.11345
108620.0000 -7.74356
108630.0000 -7.73546
108640.0000 -7.55793
108650.0000 -7.66949
108660.0000 -7.44733
108670.0000 -7.47861
108680.0000 -7.10313
108690.0000 -7.16097
108700.0000 -6.85148
108710.0000 -6.67646
108720.0000 -6.45610
108730.0000 -6.67436
108740.0000 -6.42909
108750.0000 -6.44418
108760.0000 -6.41578
108770.0000 -6.08596
108780.0000 -6.44023
108790.0000 -6.50167
108800.0000 -6.43506
108810.0000 -6.23143
108820.0000 -5.80258
108830.0000 -6.14452
108840.0000 -6.34800
108850.0000 -6.83807
108860.0000 -6.75534
108870.0000 -6.49440
108880.0000 -6.39917
108890.0000 -6.40087
108900.0000 -6.16337
108910.0000 -6.25202
108920.0000 -6.37038
108930.0000 -6.58463
108940.0000 -6.67362
108950.0000 -6.58402
108960.0000 -6.20444
108970.0000 -5.81102
108980.0000 -6.29671
108990.0000 -6.22205
109000.0000 -5.75554
109010.0000 -4.91395
109020.0000 -4.41783
109030.0000 -4.18586
109040.0000 -4.09841
109050.0000 -4.08389
109060.0000 -3.76261
109070.0000 -3.74596
109080.0000 -3.85672
109090.0000 -3.30012
109100.0000 -3.36017
109110.0000 -3.66302
109120.0000 -3.47725
109130.0000 -3.90186
109140.0000 -3.77604
109150.0000 -3.99516
109160.0000 -4.17508
109170.0000 -3.62030
109180.0000 -3.67168
109190.0000 -3.27316
109200.0000 -3.32725
109210.0000 -3.49805
109220.0000 -2.90425
109230.0000 -3.02842
109240.0000 -3.57562
109250.0000 -4.28821
109260.0000 -4.21119
109270.0000 -4.06833
109280.0000 -4.09362
109290.0000 -4.25904
109300.0000 -4.11085
109310.0000 -3.70067
109320.0000 -3.45583
109330.0000 -3.60064
109340.0000 -4.15123
109350.0000 -4.08496
109360.0000 -4.55817
109370.0000 -4.33226
109380.0000 -4.50054
109390.0000 -4.58101
109400.0000 -5.02068
109410.0000 -4.58890
109420.0000 -4.61934
109430.0000 -5.08499
109440.0000 -5.01514
109450.0000 -5.07714
109460.0000 -4.62405
109470.0000 -4.93782
109480.0000 -5.01813
109490.0000 -5.34198
109500.0000 -6.16867
109510.0000 -6.10173
109520.0000 -6.07112
109530.0000 -5.40588
109540.0000 -5.28894
109550.0000 -5.46679
109560.0000 -5.97886
109570.0000 -6.08328
109580.0000 -5.84280
109590.0000 -6.12664
109600.0000 -5.90580
109610.0000 -5.81720
109620.0000 -6.03102
109630.0000 -6.74376
109640.0000 -6.51300
109650.0000 -5.99209
109660.0000 -5.81616
109670.0000 -5.67040
109680.0000 -5.86353
109690.0000 -6.04766
109700.0000 -5.82320
109710.0000 -5.98021
109720.0000 -6.06688
109730.0000 -6.64695
109740.0000 -7.12790
109750.0000 -5.44975
109760.0000 -4.87998
109770.0000 -4.60253
109780.0000 -5.17441
109790.0000 -4.98581
109800.0000 -4.95813
109810.0000 -4.27237
109820.0000 -3.75448
109830.0000 -3.60417
109840.0000 -3.93299
109850.0000 -3.78180
109860.0000 -3.94673
109870.0000 -3.93832
109880.0000 -3.91884
109890.0000 -4.36669
109900.0000 -4.04691
109910.0000 -3.87913
109920.0000 -4.16110
109930.0000 -4.35399
109940.0000 -4.44686
109950.0000 -4.31154
109960.0000 -3.93477
109970.0000 -4.37187
109980.0000 -4.41372
109990.0000 -4.42921
110000.0000 -4.75591
110010.0000 -5.20555
110020.0000 -5.09791
110030.0000 -4.55606
110040.0000 -4.55741
110050.0000 -5.24032
110060.0000 -5.13582
110070.0000 -4.60127
110080.0000 -4.31234
110090.0000 -4.27307
110100.0000 -4.25562
110110.0000 -4.41027
110120.0000 -4.56434
110130.0000 -4.61933
110140.0000 -4.48248
110150.0000 -4.29877
110160.0000 -4.28218
110170.0000 -4.04398
110180.0000 -4.64668
110190.0000 -4.71749
110200.0000 -5.33710
110210.0000 -5.29418
110220.0000 -5.44805
110230.0000 -4.79442
110240.0000 -5.06455
110250.0000 -5.09325
110260.0000 -5.10649
110270.0000 -4.90299
110280.0000 -5.39431
110290.0000 -5.25389
110300.0000 -5.45088
110310.0000 -5.21751
110320.0000 -5.36493
110330.0000 -5.34723
110340.0000 -5.36668
110350.0000 -5.74229
110360.0000 -5.94181
110370.0000 -5.66709
110380.0000 -6.10150
110390.0000 -6.48468
110400.0000 -6.33356
110410.0000 -5.96456
110420.0000 -5.91261
110430.0000 -5.45855
110440.0000 -5.67165
110450.0000 -5.56063
110460.0000 -5.85725
110470.0000 -5.86735
110480.0000 -6.20572
110490.0000 -6.37560
110500.0000 -6.11127
110510.0000 -6.19289
110520.0000 -5.80616
110530.0000 -5.71730
110540.0000 -5.34028
110550.0000 -5.48329
110560.0000 -5.57628
110570.0000 -5.96312
110580.0000 -6.19709
110590.0000 -6.28672
110600.0000 -6.29907
110610.0000 -6.06027
110620.0000 -6.08525
110630.0000 -6.26481
110640.0000 -6.04563
110650.0000 -6.18873
110660.0000 -6.28046
110670.0000 -6.34664
110680.0000 -6.21794
110690.0000 -6.19361
110700.0000 -6.25688
110710.0000 -6.15161
110720.0000 -6.39239
110730.0000 -6.14924
110740.0000 -5.92084
110750.0000 -6.31694
110760.0000 -6.78258
110770.0000 -6.93459
110780.0000 -6.77221
110790.0000 -7.08990
110800.0000 -6.95524
110810.0000 -6.91280
110820.0000 -7.36192
110830.0000 -7.06652
110840.0000 -7.08891
110850.0000 -7.16634
110860.0000 -7.19405
110870.0000 -7.26926
110880.0000 -7.27995
110890.0000 -6.67051
110900.0000 -6.64044
110910.0000 -6.78193
110920.0000 -6.66825
110930.0000 -6.76030
110940.0000 -6.44875
110950.0000 -6.27891
110960.0000 -6.29750
110970.0000 -6.30443
110980.0000 -6.56264
110990.0000 -6.69497
111000.0000 -7.11789
111010.0000 -7.12421
111020.0000 -7.07166
111030.0000 -7.29505
111040.0000 -6.83977
111050.0000 -6.68832
111060.0000 -6.39171
111070.0000 -6.59401
111080.0000 -6.69986
111090.0000 -6.87612
111100.0000 -6.76615
111110.0000 -7.31253
111120.0000 -7.01967
111130.0000 -6.58512
111140.0000 -6.63606
111150.0000 -6.64376
111160.0000 -7.33026
111170.0000 -6.93218
111180.0000 -7.21805
111190.0000 -6.66552
111200.0000 -6.39500
111210.0000 -6.41330
111220.0000 -6.36610
111230.0000 -7.09081
111240.0000 -7.09284
111250.0000 -6.81899
111260.0000 -7.23665
111270.0000 -7.40793
111280.0000 -8.22339
111290.0000 -8.30450
111300.0000 -8.07523
111310.0000 -7.63350
111320.0000 -7.97798
111330.0000 -7.70558
111340.0000 -7.63956
111350.0000 -7.84800
111360.0000 -8.03038
111370.0000 -7.82175
111380.0000 -7.64069
111390.0000 -6.84494
111400.0000 -6.89530
111410.0000 -6.78392
111420.0000 -6.80084
111430.0000 -6.79304
111440.0000 -6.60448
111450.0000 -6.13669
111460.0000 -6.34982
111470.0000 -6.16205
111480.0000 -6.21587
111490.0000 -5.80311
111500.0000 -5.52189
111510.0000 -4.91532
111520.0000 -4.75670
111530.0000 -4.05102
111540.0000 -4.04425
111550.0000 -3.86747
111560.0000 -4.22450
111570.0000 -3.72367
111580.0000 -3.28623
111590.0000 -3.44491
111600.0000 -3.78826
111610.0000 -3.94448
111620.0000 -4.13516
111630.0000 -4.26033
111640.0000 -3.91937
111650.0000 -3.21687
111660.0000 -3.12663
111670.0000 -3.04220
111680.0000 -3.05862
111690.0000 -2.97345
111700.0000 -3.26165
111710.0000 -2.67599
111720.0000 -2.51258
111730.0000 -2.61125
111740.0000 -2.50896
111750.0000 -2.38302
111760.0000 -2.29459
111770.0000 -2.37367
111780.0000 -2.22154
111790.0000 -2.50956
111800.0000 -2.23332
111810.0000 -2.34639
111820.0000 -2.45853
111830.0000 -2.70112
111840.0000 -2.67097
111850.0000 -3.03597
111860.0000 -2.71455
111870.0000 -2.40585
111880.0000 -2.24044
111890.0000 -2.08718
111900.0000 -2.21462
111910.0000 -2.14645
111920.0000 -2.76343
111930.0000 -3.01186
111940.0000 -2.91041
111950.0000 -2.82427
111960.0000 -2.36781
111970.0000 -2.35933
111980.0000 -2.45445
111990.0000 -2.29298
112000.0000 -2.24021
112010.0000 -2.65765
112020.0000 -2.70884
112030.0000 -2.49268
112040.0000 -2.13345
112050.0000 -1.83561
112060.0000 -1.66440
112070.0000 -1.70382
112080.0000 -1.48176
112090.0000 -1.30408
112100.0000 -1.54571
112110.0000 -1.34966
112120.0000 -1.63699
112130.0000 -1.87465
112140.0000 -1.14390
112150.0000 -1.44417
112160.0000 -0.74596
112170.0000 -0.40581
112180.0000 -0.68415
112190.0000 -0.31660
112200.0000 -0.86530
112210.0000 -0.77965
112220.0000 -0.11702
112230.0000 -0.37638
112240.0000 -0.24413
112250.0000 -0.89910
112260.0000 -0.85518
112270.0000 -0.94469
112280.0000 -0.59026
112290.0000 -0.43451
112300.0000 -0.27032
112310.0000 -0.46687
112320.0000 -0.92050
112330.0000 -1.01504
112340.0000 -1.34781
112350.0000 -1.37880
112360.0000 -1.07807
112370.0000 -1.08262
112380.0000 -1.03267
112390.0000 -0.83821
112400.0000 -0.58877
112410.0000 -0.70261
112420.0000 -1.20450
112430.0000 -0.94063
112440.0000 -1.18069
112450.0000 -0.89137
112460.0000 -0.96107
112470.0000 -1.64941
112480.0000 -2.06469
112490.0000 -2.09476
112500.0000 -1.94792
112510.0000 -1.61043
112520.0000 -1.71217
112530.0000 -1.96096
112540.0000 -2.15807
112550.0000 -1.80233
112560.0000 -1.37947
112570.0000 -1.11761
112580.0000 -0.84495
112590.0000 -0.69317
112600.0000 -0.66811
112610.0000 -0.28769
112620.0000 -0.25253
112630.0000 -0.46910
112640.0000 -0.36183
112650.0000 0.21195
112660.0000 -0.12364
112670.0000 -0.16506
112680.0000 -0.45158
112690.0000 -0.32235
112700.0000 -0.55033
112710.0000 -0.01882
112720.0000 -0.04225
112730.0000 -0.03162
112740.0000 0.38674
112750.0000 0.27957
112760.0000 0.50386
112770.0000 0.82518
112780.0000 0.77152
112790.0000 1.18926
112800.0000 1.85637
112810.0000 2.07198
112820.0000 2.49602
112830.0000 1.88637
112840.0000 1.97550
112850.0000 1.87959
112860.0000 2.15676
112870.0000 2.19433
112880.0000 2.10354
112890.0000 2.11200
112900.0000 1.48867
112910.0000 1.56391
112920.0000 1.51090
112930.0000 1.82460
112940.0000 1.14379
112950.0000 1.18869
112960.0000 1.63728
112970.0000 1.54748
112980.0000 1.47994
112990.0000 1.60872
113000.0000 1.93641
113010.0000 1.88431
113020.0000 1.40266
113030.0000 1.06075
113040.0000 1.71614
113050.0000 1.98093
113060.0000 2.21212
113070.0000 2.22660
113080.0000 2.61057
113090.0000 2.35394
113100.0000 2.60227
113110.0000 2.29762
113120.0000 2.15681
113130.0000 1.99294
113140.0000 2.35804
113150.0000 2.20093
113160.0000 1.71314
113170.0000 1.05954
113180.0000 1.33503
113190.0000 1.40546
113200.0000 0.89328
113210.0000 0.85035
113220.0000 0.99047
113230.0000 0.05628
113240.0000 0.18381
113250.0000 0.10474
113260.0000 0.45274
113270.0000 0.82588
113280.0000 1.23596
113290.0000 1.77392
113300.0000 1.83444
113310.0000 2.02064
113320.0000 2.02780
113330.0000 2.14323
113340.0000 2.40019
113350.0000 2.63667
113360.0000 3.06952
113370.0000 3.47442
113380.0000 3.00811
113390.0000 2.98026
113400.0000 2.80707
113410.0000 2.70794
113420.0000 2.45879
113430.0000 2.54551
113440.0000 2.62285
113450.0000 1.92267
113460.0000 1.64583
113470.0000 1.36083
113480.0000 1.68751
113490.0000 1.58236
113500.0000 1.83428
113510.0000 1.94986
113520.0000 1.99951
113530.0000 1.59271
113540.0000 1.75264
113550.0000 2.32579
113560.0000 2.25128
113570.0000 2.88091
113580.0000 3.02991
113590.0000 3.07808
113600.0000 2.83409
113610.0000 3.00420
113620.0000 2.85150
113630.0000 2.51330
113640.0000 2.31855
113650.0000 2.86402
113660.0000 3.40357
113670.0000 3.67388
113680.0000 3.81830
113690.0000 3.36707
113700.0000 3.15801
113710.0000 3.31583
113720.0000 2.93960
113730.0000 2.67958
113740.0000 2.36922
113750.0000 2.12712
113760.0000 1.92261
113770.0000 1.56623
113780.0000 1.47093
113790.0000 0.95023
113800.0000 1.32825
113810.0000 1.44402
113820.0000 1.06732
113830.0000 0.50041
113840.0000 0.43066
113850.0000 0.59027
113860.0000 0.63278
113870.0000 0.22081
113880.0000 -0.24670
113890.0000 -0.09952
113900.0000 -0.41135
113910.0000 -0.93235
113920.0000 -0.94746
113930.0000 -0.88667
113940.0000 -0.94915
113950.0000 -1.16162
113960.0000 -1.45548
113970.0000 -1.21687
113980.0000 -1.31701
113990.0000 -1.38574
114000.0000 -1.79871
114010.0000 -1.95683
114020.0000 -2.53872
114030.0000 -3.06365
114040.0000 -2.59865
114050.0000 -2.76571
114060.0000 -3.43417
114070.0000 -2.81295
114080.0000 -3.11370
114090.0000 -3.22036
114100.0000 -3.56684
114110.0000 -3.58718
114120.0000 -3.53825
114130.0000 -3.64931
114140.0000 -3.84684
114150.0000 -4.27688
114160.0000 -4.18652
114170.0000 -3.81797
114180.0000 -3.49366
114190.0000 -3.56044
114200.0000 -3.80117
114210.0000 -3.28855
114220.0000 -2.72423
114230.0000 -2.77665
114240.0000 -2.83846
114250.0000 -2.54467
114260.0000 -2.91214
114270.0000 -3.19042
114280.0000 -3.40764
114290.0000 -4.00448
114300.0000 -3.84447
114310.0000 -3.77353
114320.0000 -3.08732
114330.0000 -3.29896
114340.0000 -2.66959
114350.0000 -2.59777
114360.0000 -2.68630
114370.0000 -2.38060
114380.0000 -2.78678
114390.0000 -2.45006
114400.0000 -2.46495
114410.0000 -2.14256
114420.0000 -2.66310
114430.0000 -2.33461
114440.0000 -2.66591
114450.0000 -2.79156
114460.0000 -2.53328
114470.0000 -2.17912
114480.0000 -2.08248
114490.0000 -1.94902
114500.0000 -1.40323
114510.0000 -2.00764
114520.0000 -2.19838
114530.0000 -1.83776
114540.0000 -1.54351
114550.0000 -1.62484
114560.0000 -1.24521
114570.0000 -1.18887
114580.0000 -0.75235
114590.0000 -0.73838
114600.0000 -0.93408
114610.0000 -0.77494
114620.0000 -1.00040
114630.0000 -1.40100
114640.0000 -1.54913
114650.0000 -1.19361
114660.0000 -0.89560
114670.0000 -1.38305
114680.0000 -1.14375
114690.0000 -1.15186
114700.0000 -0.73877
114710.0000 -0.65227
114720.0000 -0.99662
114730.0000 -1.05072
114740.0000 -1.50436
114750.0000 -2.02292
114760.0000 -2.45423
114770.0000 -2.62735
114780.0000 -2.98327
114790.0000 -3.30270
114800.0000 -3.82874
114810.0000 -3.79893
114820.0000 -3.47799
114830.0000 -3.64059
114840.0000 -2.96013
114850.0000 -3.51978
114860.0000 -3.43141
114870.0000 -3.30012
114880.0000 -3.10480
114890.0000 -2.77084
114900.0000 -2.60816
114910.0000 -2.79260
114920.0000 -3.37536
114930.0000 -3.82215
114940.0000 -4.20282
114950.0000 -4.01723
114960.0000 -3.75121
114970.0000 -3.76390
114980.0000 -3.61664
114990.0000 -3.55787
115000.0000 -3.54448
115010.0000 -3.45142
115020.0000 -3.81696
115030.0000 -4.15448
115040.0000 -3.88655
115050.0000 -4.23456
115060.0000 -4.18830
115070.0000 -4.28319
115080.0000 -4.35445
115090.0000 -4.50916
115100.0000 -4.62600
115110.0000 -4.74790
115120.0000 -4.88791
115130.0000 -5.19802
115140.0000 -4.63469
115150.0000 -4.61392
115160.0000 -4.95333
115170.0000 -4.98705
115180.0000 -5.17450
115190.0000 -5.35901
115200.0000 -5.68286
115210.0000 -5.78377
115220.0000 -5.97527
115230.0000 -5.96944
115240.0000 -5.75512
115250.0000 -5.54640
115260.0000 -5.56288
115270.0000 -5.70062
115280.0000 -5.92276
115290.0000 -6.25578
115300.0000 -6.65762
115310.0000 -7.18954
115320.0000 -6.60592
115330.0000 -6.92380
115340.0000 -6.66752
115350.0000 -6.14874
115360.0000 -6.09087
115370.0000 -5.84632
115380.0000 -6.23673
115390.0000 -6.33127
115400.0000 -5.66469
115410.0000 -5.15830
115420.0000 -5.53979
115430.0000 -5.17408
115440.0000 -5.27695
115450.0000 -5.14364
115460.0000 -5.63384
115470.0000 -5.61430
115480.0000 -5.09404
115490.0000 -4.93557
115500.0000 -4.84797
115510.0000 -4.52855
115520.0000 -4.08162
115530.0000 -3.92498
115540.0000 -4.02639
115550.0000 -3.52469
115560.0000 -3.42105
115570.0000 -2.90482
115580.0000 -2.70035
115590.0000 -2.34945
115600.0000 -1.86996
115610.0000 -2.17050
115620.0000 -2.11975
115630.0000 -1.71994
115640.0000 -1.63418
115650.0000 -1.90120
115660.0000 -1.95937
115670.0000 -1.79598
115680.0000 -1.62229
115690.0000 -2.27514
115700.0000 -2.62651
115710.0000 -2.78756
115720.0000 -2.53721
115730.0000 -2.48718
115740.0000 -1.94278
115750.0000 -1.49649
115760.0000 -1.36205
115770.0000 -1.01664
115780.0000 -0.59000
115790.0000 -0.14463
115800.0000 0.33518
115810.0000 0.65791
115820.0000 0.77383
115830.0000 0.72838
115840.0000 0.09333
115850.0000 -0.05564
115860.0000 0.21224
115870.0000 0.06373
115880.0000 -0.27319
115890.0000 -0.43848
115900.0000 0.27838
115910.0000 0.36501
115920.0000 0.45413
115930.0000 0.26094
115940.0000 0.64557
115950.0000 0.53047
115960.0000 1.10903
115970.0000 1.48606
115980.0000 1.23184
115990.0000 0.97586
116000.0000 1.20756
116010.0000 1.11893
116020.0000 0.84452
116030.0000 0.55976
116040.0000 0.01586
116050.0000 -0.34485
116060.0000 -0.50653
116070.0000 -0.26919
116080.0000 -0.30280
116090.0000 0.24812
116100.0000 0.26833
116110.0000 0.10883
116120.0000 0.23395
116130.0000 0.16689
116140.0000 -0.32469
116150.0000 -0.34929
116160.0000 -0.10218
116170.0000 -0.22080
116180.0000 -0.07251
116190.0000 -0.02575
116200.0000 0.48276
116210.0000 0.63476
116220.0000 0.10655
116230.0000 -0.02352
116240.0000 0.14746
116250.0000 0.46748
116260.0000 0.82448
116270.0000 1.06852
116280.0000 1.35847
116290.0000 0.90248
116300.0000 1.07638
116310.0000 1.64594
116320.0000 2.01926
116330.0000 2.18105
116340.0000 2.59800
116350.0000 2.89084
116360.0000 2.75778
116370.0000 3.62411
116380.0000 3.81420
116390.0000 3.56379
116400.0000 3.47536
116410.0000 3.90200
116420.0000 4.03561
116430.0000 3.51543
116440.0000 3.11919
116450.0000 2.53945
116460.0000 2.63094
116470.0000 2.88414
116480.0000 2.85349
116490.0000 2.88577
116500.0000 3.00731
116510.0000 2.90284
116520.0000 3.12755
116530.0000 2.57447
116540.0000 2.83081
116550.0000 2.02687
116560.0000 1.76233
116570.0000 1.35605
116580.0000 1.12552
116590.0000 1.33700
116600.0000 1.50398
116610.0000 1.84798
116620.0000 2.07537
116630.0000 1.94497
116640.0000 1.97968
116650.0000 1.80111
116660.0000 2.18559
116670.0000 1.82581
116680.0000 1.73016
116690.0000 1.30602
116700.0000 1.12357
116710.0000 0.76790
116720.0000 0.22087
116730.0000 -0.43838
116740.0000 -0.34784
116750.0000 0.10714
116760.0000 0.40314
116770.0000 0.28150
116780.0000 0.59863
116790.0000 1.25976
116800.0000 1.56453
116810.0000 1.84735
116820.0000 1.76018
116830.0000 1.90974
116840.0000 2.29085
116850.0000 2.49422
116860.0000 2.39425
116870.0000 2.79623
116880.0000 3.06960
116890.0000 3.03326
116900.0000 2.80371
116910.0000 2.05934
116920.0000 1.83874
116930.0000 1.36395
116940.0000 1.58226
116950.0000 1.06138
116960.0000 0.76649
116970.0000 1.14944
116980.0000 1.46485
116990.0000 1.50585
117000.0000 1.37003
117010.0000 1.45399
117020.0000 2.03826
117030.0000 2.31664
117040.0000 2.69513
117050.0000 2.73598
117060.0000 2.16138
117070.0000 1.97400
117080.0000 1.27109
117090.0000 1.58062
117100.0000 1.61297
117110.0000 1.60231
117120.0000 1.00024
117130.0000 1.05251
117140.0000 1.17666
117150.0000 0.89304
117160.0000 0.98980
117170.0000 1.26680
117180.0000 0.99231
117190.0000 1.52128
117200.0000 1.76035
117210.0000 2.37023
117220.0000 2.85103
117230.0000 2.39096
117240.0000 2.85050
117250.0000 2.00654
117260.0000 2.10318
117270.0000 2.02403
117280.0000 1.68335
117290.0000 1.51384
117300.0000 0.89338
117310.0000 0.75865
117320.0000 1.37458
117330.0000 1.37677
117340.0000 1.26721
117350.0000 1.66205
117360.0000 1.73549
117370.0000 1.29501
117380.0000 0.88978
117390.0000 0.45861
117400.0000 0.66445
117410.0000 0.33870
117420.0000 -0.50583
117430.0000 -0.65889
117440.0000 -0.79097
117450.0000 -1.22093
117460.0000 -1.76565
117470.0000 -1.88896
117480.0000 -2.20844
117490.0000 -1.58558
117500.0000 -1.66862
117510.0000 -2.04861
117520.0000 -1.96741
117530.0000 -2.62015
117540.0000 -3.05827
117550.0000 -2.67848
117560.0000 -3.02880
117570.0000 -3.41847
117580.0000 -3.13250
117590.0000 -2.48558
117600.0000 -1.70954
117610.0000 -1.49432
117620.0000 -1.44206
117630.0000 -1.19692
117640.0000 -0.82457
117650.0000 -1.16790
117660.0000 -1.44388
117670.0000 -1.36912
117680.0000 -1.53137
117690.0000 -1.07740
117700.0000 -1.08838
117710.0000 -1.25401
117720.0000 -1.00301
117730.0000 -0.90406
117740.0000 -1.32564
117750.0000 -0.97528
117760.0000 -1.06793
117770.0000 -0.58591
117780.0000 -0.39784
117790.0000 -0.61319
117800.0000 -1.06644
117810.0000 -1.12443
117820.0000 -0.87110
117830.0000 -1.13843
117840.0000 -1.88154
117850.0000 -2.45010
117860.0000 -2.76841
117870.0000 -3.34082
117880.0000 -2.95122
117890.0000 -3.30967
117900.0000 -3.88186
117910.0000 -4.64020
117920.0000 -5.39194
117930.0000 -5.32250
117940.0000 -5.56107
117950.0000 -5.47556
117960.0000 -5.02119
117970.0000 -4.02109
117980.0000 -4.76607
117990.0000 -4.23460
118000.0000 -3.71719
118010.0000 -4.00869
118020.0000 -4.24341
118030.0000 -4.14057
118040.0000 -4.12530
118050.0000 -4.12935
118060.0000 -4.25842
118070.0000 -3.91314
118080.0000 -3.94461
118090.0000 -3.89463
118100.0000 -4.58773
118110.0000 -4.62768
118120.0000 -5.00319
118130.0000 -5.31402
118140.0000 -5.59455
118150.0000 -5.36996
118160.0000 -4.59535
118170.0000 -4.45204
118180.0000 -4.92875
118190.0000 -4.82141
118200.0000 -4.94016
118210.0000 -5.20188
118220.0000 -5.20791
118230.0000 -5.61498
118240.0000 -5.33207
118250.0000 -4.93964
118260.0000 -5.01096
118270.0000 -5.07784
118280.0000 -5.65123
118290.0000 -5.90497
118300.0000 -5.60368
118310.0000 -5.86315
118320.0000 -5.63414
118330.0000 -5.26510
118340.0000 -5.28892
118350.0000 -5.10210
118360.0000 -4.40521
118370.0000 -4.64082
118380.0000 -5.05202
118390.0000 -5.05474
118400.0000 -5.35302
118410.0000 -5.71701
118420.0000 -5.84488
118430.0000 -6.01000
118440.0000 -5.97316
118450.0000 -5.59513
118460.0000 -5.46128
118470.0000 -5.44752
118480.0000 -5.22515
118490.0000 -5.23498
118500.0000 -5.48885
118510.0000 -5.31081
118520.0000 -5.55767
118530.0000 -4.97585
118540.0000 -4.71512
118550.0000 -4.03946
118560.0000 -3.33232
118570.0000 -3.59371
118580.0000 -4.07803
118590.0000 -4.47972
118600.0000 -3.96595
118610.0000 -4.03074
118620.0000 -4.00090
118630.0000 -4.44859
118640.0000 -4.62811
118650.0000 -4.95807
118660.0000 -5.42409
118670.0000 -5.77494
118680.0000 -5.99731
118690.0000 -5.85415
118700.0000 -5.56288
118710.0000 -6.16291
118720.0000 -6.23443
118730.0000 -6.25189
118740.0000 -6.46071
118750.0000 -6.18748
118760.0000 -6.11811
118770.0000 -5.99859
118780.0000 -6.18415
118790.0000 -6.14924
118800.0000 -6.47090
118810.0000 -7.16344
118820.0000 -7.11227
118830.0000 -7.49804
118840.0000 -7.62701
118850.0000 -8.02583
118860.0000 -7.63710
118870.0000 -7.72426
118880.0000 -7.35757
118890.0000 -7.23446
118900.0000 -7.31550
118910.0000 -7.36503
118920.0000 -6.78148
118930.0000 -7.11198
118940.0000 -6.87776
118950.0000 -7.27023
118960.0000 -7.26852
118970.0000 -7.54020
118980.0000 -7.60001
118990.0000 -7.97620
119000.0000 -7.71801
119010.0000 -7.94078
119020.0000 -8.03354
119030.0000 -8.46235
119040.0000 -7.80563
119050.0000 -7.46145
119060.0000 -7.55046
119070.0000 -8.08646
119080.0000 -8.24005
119090.0000 -8.73565
119100.0000 -8.70596
119110.0000 -8.08419
119120.0000 -8.26230
119130.0000 -8.04727
119140.0000 -8.01033
119150.0000 -8.29259
119160.0000 -8.21109
119170.0000 -7.99693
119180.0000 -7.96523
119190.0000 -7.52194
119200.0000 -7.15403
119210.0000 -7.01996
119220.0000 -6.67536
119230.0000 -6.75646
119240.0000 -6.58537
119250.0000 -6.21966
119260.0000 -6.36091
119270.0000 -5.90174
119280.0000 -5.85756
119290.0000 -5.68026
119300.0000 -5.59994
119310.0000 -5.77159
119320.0000 -6.02701
119330.0000 -6.18482
119340.0000 -6.05253
119350.0000 -6.17329
119360.0000 -5.98327
119370.0000 -5.68964
119380.0000 -5.63042
119390.0000 -6.02558
119400.0000 -5.56549
119410.0000 -5.81858
119420.0000 -5.37123
119430.0000 -5.65540
119440.0000 -5.53889
119450.0000 -5.51510
119460.0000 -5.78006
119470.0000 -6.01446
119480.0000 -6.72675
119490.0000 -7.05751
119500.0000 -7.06633
119510.0000 -6.94884
119520.0000 -6.95322
119530.0000 -6.91832
119540.0000 -6.80754
119550.0000 -7.29918
119560.0000 -6.66943
119570.0000 -7.12525
119580.0000 -6.77768
119590.0000 -6.70274
119600.0000 -6.97054
119610.0000 -6.90991
119620.0000 -6.90679
119630.0000 -7.26763
119640.0000 -7.21198
119650.0000 -7.37713
119660.0000 -7.43132
119670.0000 -6.90579
119680.0000 -7.01396
119690.0000 -7.17669
119700.0000 -7.73639
119710.0000 -8.00830
119720.0000 -8.04027
119730.0000 -7.94013
119740.0000 -7.48653
119750.0000 -7.39338
119760.0000 -6.83391
119770.0000 -7.24417
119780.0000 -6.50641
119790.0000 -7.20640
119800.0000 -6.83903
119810.0000 -6.54801
119820.0000 -6.45349
119830.0000 -6.50745
119840.0000 -6.77354
119850.0000 -7.16371
119860.0000 -8.10800
119870.0000 -7.71147
119880.0000 -7.61571
119890.0000 -7.37138
119900.0000 -7.42221
119910.0000 -7.08405
119920.0000 -7.28533
119930.0000 -7.46890
119940.0000 -7.40663
119950.0000 -7.50048
119960.0000 -7.50600
119970.0000 -7.76258
119980.0000 -7.62295
119990.0000 -7.30745
120000.0000 -7.59795
120010.0000 -7.81316
120020.0000 -8.12852
120030.0000 -7.45782
120040.0000 -7.02316
120050.0000 -6.61109
120060.0000 -6.19765
120070.0000 -6.64012
120080.0000 -6.73718
120090.0000 -6.26856
120100.0000 -6.03846
120110.0000 -6.10730
120120.0000 -5.99989
120130.0000 -6.16522
120140.0000 -6.39194
120150.0000 -6.54991
120160.0000 -6.45481
120170.0000 -6.63851
120180.0000 -6.36860
120190.0000 -7.04719
120200.0000 -7.43097
120210.0000 -6.69076
120220.0000 -6.30674
120230.0000 -6.55352
120240.0000 -6.77926
120250.0000 -6.88112
120260.0000 -6.90093
120270.0000 -6.38335
120280.0000 -6.04104
120290.0000 -5.96049
120300.0000 -6.31444
120310.0000 -6.07416
120320.0000 -5.96419
120330.0000 -5.93086
120340.0000 -5.89115
120350.0000 -6.15785
120360.0000 -6.23485
120370.0000 -5.83427
120380.0000 -6.10854
120390.0000 -5.92223
120400.0000 -5.85350
120410.0000 -5.71765
120420.0000 -5.76880
120430.0000 -5.57587
120440.0000 -5.29669
120450.0000 -5.06327
120460.0000 -4.85519
120470.0000 -4.90335
120480.0000 -5.24986
120490.0000 -5.79080
120500.0000 -6.23368
120510.0000 -6.10724
120520.0000 -6.13136
120530.0000 -6.37962
120540.0000 -6.06555
120550.0000 -6.28857
120560.0000 -6.16082
120570.0000 -6.36172
120580.0000 -6.46159
120590.0000 -6.56504
120600.0000 -6.43976
120610.0000 -6.36034
120620.0000 -6.60166
120630.0000 -6.26881
120640.0000 -5.94142
120650.0000 -6.13517
120660.0000 -5.54682
120670.0000 -5.08907
120680.0000 -5.16299
120690.0000 -4.91054
120700.0000 -4.90084
120710.0000 -4.69716
120720.0000 -4.67625
120730.0000 -4.59621
120740.0000 -4.97394
120750.0000 -5.37577
120760.0000 -5.52355
120770.0000 -5.50405
120780.0000 -5.09336
120790.0000 -5.50674
120800.0000 -4.82845
120810.0000 -4.76148
120820.0000 -4.58340
120830.0000 -4.41165
120840.0000 -4.29825
120850.0000 -4.56057
120860.0000 -4.42529
120870.0000 -4.48585
120880.0000 -4.34393
120890.0000 -4.16908
120900.0000 -4.60773
120910.0000 -4.86671
120920.0000 -4.74237
120930.0000 -4.93970
120940.0000 -5.03354
120950.0000 -4.55570
120960.0000 -4.10473
120970.0000 -4.07233
120980.0000 -4.39245
120990.0000 -5.05816
121000.0000 -5.25487
121010.0000 -5.08102
121020.0000 -4.69717
121030.0000 -4.75852
121040.0000 -4.98557
121050.0000 -4.98857
121060.0000 -4.95007
121070.0000 -5.33705
121080.0000 -5.44722
121090.0000 -4.82661
121100.0000 -3.99638
121110.0000 -4.31865
121120.0000 -4.37757
121130.0000 -4.19709
121140.0000 -4.17875
121150.0000 -4.68179
121160.0000 -4.59666
121170.0000 -4.39244
121180.0000 -4.40978
121190.0000 -4.09478
121200.0000 -4.16384
121210.0000 -4.26863
121220.0000 -4.41152
121230.0000 -4.49447
121240.0000 -4.80810
121250.0000 -4.56205
121260.0000 -4.93652
121270.0000 -4.68539
121280.0000 -4.48559
121290.0000 -4.03214
121300.0000 -3.99390
121310.0000 -3.74093
121320.0000 -3.93342
121330.0000 -4.03178
121340.0000 -3.29618
121350.0000 -3.80220
121360.0000 -4.04399
121370.0000 -3.78183
121380.0000 -3.62621
121390.0000 -4.48087
121400.0000 -4.54106
121410.0000 -4.23597
121420.0000 -4.27855
121430.0000 -4.56425
121440.0000 -4.21054
121450.0000 -3.87977
121460.0000 -4.39856
121470.0000 -4.32167
121480.0000 -4.36546
121490.0000 -4.64593
121500.0000 -4.60714
121510.0000 -4.89273
121520.0000 -4.98009
121530.0000 -4.79418
121540.0000 -4.71600
121550.0000 -3.91835
121560.0000 -4.04878
121570.0000 -3.70094
121580.0000 -3.99805
121590.0000 -4.50297
121600.0000 -4.00703
121610.0000 -4.14128
121620.0000 -4.07546
121630.0000 -4.22227
121640.0000 -4.23686
121650.0000 -4.25791
121660.0000 -4.86520
121670.0000 -5.03269
121680.0000 -5.26945
121690.0000 -5.49108
121700.0000 -5.08802
121710.0000 -5.14107
121720.0000 -5.13335
121730.0000 -4.86133
121740.0000 -4.64707
121750.0000 -4.86081
121760.0000 -5.03991
121770.0000 -4.69735
121780.0000 -4.30492
121790.0000 -4.57632
121800.0000 -4.21084
121810.0000 -4.17936
121820.0000 -3.53730
121830.0000 -3.90071
121840.0000 -3.44345
121850.0000 -4.17487
121860.0000 -4.24799
121870.0000 -4.62968
121880.0000 -4.35563
121890.0000 -4.63072
121900.0000 -4.73870
121910.0000 -4.55370
121920.0000 -4.77123
121930.0000 -4.78516
121940.0000 -5.08614
121950.0000 -4.95294
121960.0000 -4.85925
121970.0000 -5.30142
121980.0000 -5.31927
121990.0000 -5.54912
122000.0000 -6.12622
122010.0000 -6.01701
122020.0000 -5.86631
122030.0000 -5.69679
122040.0000 -5.61572
122050.0000 -6.00825
122060.0000 -5.83040
122070.0000 -5.46382
122080.0000 -5.33897
122090.0000 -5.32460
122100.0000 -5.40752
122110.0000 -5.44557
122120.0000 -5.29281
122130.0000 -5.58039
122140.0000 -5.32380
122150.0000 -5.38480
122160.0000 -5.24892
122170.0000 -5.00511
122180.0000 -5.23415
122190.0000 -4.75212
122200.0000 -4.58485
122210.0000 -5.14008
122220.0000 -5.08964
122230.0000 -5.02650
122240.0000 -4.90954
122250.0000 -5.12078
122260.0000 -5.18446
122270.0000 -5.58283
122280.0000 -6.01226
122290.0000 -6.13007
122300.0000 -6.20085
122310.0000 -5.33526
122320.0000 -5.02148
122330.0000 -4.37528
122340.0000 -4.23892
122350.0000 -4.20310
122360.0000 -5.07390
122370.0000 -5.50266
122380.0000 -5.68023
122390.0000 -5.85503
122400.0000 -6.32636
122410.0000 -6.06030
122420.0000 -6.70533
122430.0000 -6.52924
122440.0000 -6.67906
122450.0000 -6.96963
122460.0000 -6.84352
122470.0000 -6.67634
122480.0000 -6.75093
122490.0000 -6.62273
122500.0000 -6.61353
122510.0000 -6.36463
122520.0000 -6.15617
122530.0000 -6.30013
122540.0000 -6.62907
122550.0000 -6.70080
122560.0000 -6.45362
122570.0000 -6.13672
122580.0000 -5.59984
122590.0000 -5.92019
122600.0000 -6.14558
122610.0000 -5.66699
122620.0000 -5.63205
122630.0000 -5.67792
122640.0000 -5.73575
122650.0000 -5.77510
122660.0000 -5.93252
122670.0000 -5.68193
122680.0000 -6.04642
122690.0000 -5.67408
122700.0000 -5.59796
122710.0000 -4.98329
122720.0000 -5.10074
122730.0000 -4.85483
122740.0000 -4.28500
122750.0000 -4.17123
122760.0000 -4.00206
122770.0000 -4.13941
122780.0000 -3.73913
122790.0000 -3.43181
122800.0000 -3.57184
122810.0000 -3.77402
122820.0000 -3.89592
122830.0000 -3.62614
122840.0000 -3.55007
122850.0000 -3.14677
122860.0000 -3.55096
122870.0000 -3.16389
122880.0000 -3.59300
122890.0000 -3.43602
122900.0000 -3.19185
122910.0000 -3.55725
122920.0000 -3.59863
122930.0000 -4.22231
122940.0000 -3.96955
122950.0000 -3.32031
122960.0000 -2.86060
122970.0000 -2.76384
122980.0000 -2.76766
122990.0000 -3.30516
123000.0000 -3.50695
123010.0000 -3.52045
123020.0000 -3.75146
123030.0000 -4.22198
123040.0000 -4.27866
123050.0000 -3.39348
123060.0000 -3.40785
123070.0000 -3.53851
123080.0000 -4.01175
123090.0000 -4.44940
123100.0000 -4.31468
123110.0000 -4.64763
123120.0000 -4.41389
123130.0000 -4.99300
123140.0000 -5.50993
123150.0000 -5.70622
123160.0000 -5.50841
123170.0000 -5.89933
123180.0000 -5.65614
123190.0000 -5.66082
123200.0000 -5.69604
123210.0000 -6.32801
123220.0000 -6.20673
123230.0000 -6.28610
123240.0000 -6.44303
123250.0000 -6.19101
123260.0000 -6.27482
123270.0000 -5.96597
123280.0000 -6.00425
123290.0000 -6.47798
123300.0000 -6.28878
123310.0000 -5.89932
123320.0000 -6.06685
123330.0000 -5.32173
123340.0000 -5.00185
123350.0000 -4.56155
123360.0000 -4.35256
123370.0000 -4.90087
123380.0000 -5.47439
123390.0000 -5.22334
123400.0000 -5.75978
123410.0000 -5.97772
123420.0000 -5.44579
123430.0000 -4.97853
123440.0000 -4.21913
123450.0000 -3.55447
123460.0000 -3.64261
123470.0000 -3.76955
123480.0000 -3.30892
123490.0000 -3.30479
123500.0000 -2.82507
123510.0000 -3.19066
123520.0000 -2.48833
123530.0000 -2.59297
123540.0000 -3.02027
123550.0000 -2.90816
123560.0000 -2.85580
123570.0000 -2.49866
123580.0000 -3.06366
123590.0000 -3.42976
123600.0000 -3.65557
123610.0000 -3.44896
123620.0000 -3.36660
123630.0000 -3.44130
123640.0000 -3.41076
123650.0000 -3.69624
123660.0000 -4.02412
123670.0000 -3.94180
123680.0000 -4.13094
123690.0000 -4.44414
123700.0000 -4.96985
123710.0000 -5.25714
123720.0000 -5.24235
123730.0000 -5.41976
123740.0000 -5.65282
123750.0000 -6.01786
123760.0000 -5.41329
123770.0000 -5.67170
123780.0000 -5.75837
123790.0000 -5.78745
123800.0000 -5.96313
123810.0000 -6.16220
123820.0000 -5.94015
123830.0000 -5.72459
123840.0000 -5.68768
123850.0000 -5.84619
123860.0000 -5.64999
123870.0000 -5.68738
123880.0000 -5.68185
123890.0000 -5.98029
123900.0000 -5.76037
123910.0000 -5.09281
123920.0000 -5.43478
123930.0000 -5.62553
123940.0000 -5.92750
123950.0000 -5.55540
123960.0000 -5.31592
123970.0000 -5.21485
123980.0000 -5.16573
123990.0000 -4.86033
124000.0000 -4.74865
124010.0000 -4.77019
124020.0000 -4.76830
124030.0000 -4.66673
124040.0000 -4.49368
124050.0000 -4.39575
124060.0000 -3.94435
124070.0000 -4.33498
124080.0000 -4.40392
124090.0000 -4.03446
124100.0000 -3.93434
124110.0000 -4.07271
124120.0000 -4.13374
124130.0000 -3.97955
124140.0000 -3.66657
124150.0000 -3.54816
124160.0000 -3.08210
124170.0000 -3.45680
124180.0000 -3.69436
124190.0000 -3.21806
124200.0000 -3.35350
124210.0000 -3.36771
124220.0000 -3.64512
124230.0000 -3.33316
124240.0000 -2.81715
124250.0000 -3.30828
124260.0000 -2.94156
124270.0000 -3.09896
124280.0000 -2.73431
124290.0000 -3.07120
124300.0000 -3.57017
124310.0000 -4.12312
124320.0000 -3.63985
124330.0000 -4.07603
124340.0000 -3.91708
124350.0000 -4.03401
124360.0000 -4.01954
124370.0000 -4.18721
124380.0000 -4.33058
124390.0000 -4.53782
124400.0000 -5.02328
124410.0000 -5.26949
124420.0000 -5.22098
124430.0000 -5.28982
124440.0000 -5.28647
124450.0000 -5.69127
124460.0000 -5.70798
124470.0000 -6.02205
124480.0000 -6.32019
124490.0000 -6.24553
124500.0000 -5.94273
124510.0000 -6.02336
124520.0000 -5.72750
124530.0000 -5.86774
124540.0000 -5.97747
124550.0000 -5.86297
124560.0000 -5.96641
124570.0000 -5.99092
124580.0000 -6.59754
124590.0000 -6.50025
124600.0000 -6.46253
124610.0000 -6.76591
124620.0000 -6.92738
124630.0000 -7.00989
124640.0000 -7.35149
124650.0000 -7.13880
124660.0000 -7.10749
124670.0000 -6.68679
124680.0000 -6.19084
124690.0000 -6.82834
124700.0000 -6.92934
124710.0000 -7.02243
124720.0000 -7.15620
124730.0000 -6.79278
124740.0000 -7.05297
124750.0000 -7.38999
124760.0000 -7.49618
124770.0000 -7.44345
124780.0000 -7.18891
124790.0000 -7.52581
124800.0000 -7.10490
124810.0000 -7.19319
124820.0000 -6.93793
124830.0000 -7.00628
124840.0000 -7.04633
124850.0000 -7.21868
124860.0000 -6.78818
124870.0000 -6.99657
124880.0000 -7.45671
124890.0000 -8.00732
124900.0000 -8.09678
124910.0000 -8.26399
124920.0000 -8.28793
124930.0000 -7.79605
124940.0000 -7.65551
124950.0000 -7.51876
124960.0000 -7.10457
124970.0000 -7.44646
124980.0000 -6.71304
124990.0000 -6.70257
125000.0000 -7.09905
125010.0000 -7.41201
125020.0000 -6.74410
125030.0000 -7.16871
125040.0000 -6.84377
125050.0000 -7.23954
125060.0000 -7.25405
125070.0000 -7.49649
125080.0000 -7.95351
125090.0000 -7.97757
125100.0000 -7.97096
125110.0000 -8.22531
125120.0000 -8.66144
125130.0000 -8.68825
125140.0000 -8.92121
125150.0000 -9.29967
125160.0000 -9.16008
125170.0000 -9.21276
125180.0000 -9.48262
125190.0000 -9.40607
125200.0000 -9.55376
125210.0000 -9.23102
125220.0000 -9.08119
125230.0000 -9.04196
125240.0000 -9.14722
125250.0000 -9.27211
125260.0000 -9.10750
125270.0000 -9.23201
125280.0000 -9.75868
125290.0000 -9.74879
125300.0000 -10.38100
125310.0000 -10.30845
125320.0000 -10.34353
125330.0000 -10.23786
125340.0000 -10.01382
125350.0000 -10.39431
125360.0000 -10.49837
125370.0000 -10.21171
125380.0000 -10.41853
125390.0000 -10.00623
125400.0000 -9.94381
125410.0000 -10.09683
125420.0000 -10.22899
125430.0000 -10.30896
125440.0000 -10.23251
125450.0000 -9.83198
125460.0000 -10.03777
125470.0000 -10.12756
125480.0000 -10.37783
125490.0000 -10.39550
125500.0000 -10.80860
125510.0000 -10.85427
125520.0000 -10.59268
125530.0000 -10.82296
125540.0000 -10.95790
125550.0000 -11.12071
125560.0000 -11.24173
125570.0000 -11.20554
125580.0000 -11.08941
125590.0000 -11.52334
125600.0000 -11.20635
125610.0000 -10.89429
125620.0000 -10.81215
125630.0000 -10.24091
125640.0000 -10.56147
125650.0000 -10.95601
125660.0000 -11.01406
125670.0000 -10.92337
125680.0000 -10.60144
125690.0000 -10.49637
125700.0000 -10.57415
125710.0000 -10.56574
125720.0000 -10.84992
125730.0000 -10.47215
125740.0000 -10.57068
125750.0000 -10.69715
125760.0000 -10.55226
125770.0000 -10.31206
125780.0000 -10.67365
125790.0000 -10.59002
125800.0000 -10.91764
125810.0000 -11.28658
125820.0000 -11.14741
125830.0000 -11.18814
125840.0000 -11.37076
125850.0000 -11.15502
125860.0000 -11.03552
125870.0000 -11.05952
125880.0000 -10.90633
125890.0000 -10.82180
125900.0000 -11.02061
125910.0000 -10.92004
125920.0000 -11.28660
125930.0000 -11.41538
125940.0000 -11.54115
125950.0000 -11.44676
125960.0000 -11.16605
125970.0000 -10.77733
125980.0000 -10.74293
125990.0000 -10.62493
126000.0000 -10.64681
126010.0000 -10.94426
126020.0000 -11.05942
126030.0000 -10.81493
126040.0000 -10.86356
126050.0000 -10.75767
126060.0000 -10.50058
126070.0000 -10.46669
126080.0000 -10.53052
126090.0000 -10.48517
126100.0000 -10.67120
126110.0000 -10.66967
126120.0000 -10.58441
126130.0000 -10.48653
126140.0000 -10.32214
126150.0000 -10.31815
126160.0000 -10.38924
126170.0000 -10.63533
126180.0000 -10.41673
126190.0000 -10.15786
126200.0000 -10.15332
126210.0000 -10.10559
126220.0000 -10.12542
126230.0000 -10.11607
126240.0000 -10.25045
126250.0000 -9.93948
126260.0000 -9.94189
126270.0000 -9.83514
126280.0000 -9.59684
126290.0000 -9.34840
126300.0000 -9.02130
126310.0000 -9.09823
126320.0000 -9.05667
126330.0000 -8.93434
126340.0000 -9.13172
126350.0000 -8.93757
126360.0000 -9.30371
126370.0000 -9.28306
126380.0000 -9.34206
126390.0000 -9.53837
126400.0000 -9.73992
126410.0000 -9.46056
126420.0000 -9.67710
126430.0000 -9.56309
126440.0000 -9.75628
126450.0000 -9.48932
126460.0000 -9.37490
126470.0000 -9.63538
126480.0000 -9.90123
126490.0000 -9.62918
126500.0000 -10.03279
126510.0000 -9.93754
126520.0000 -10.01531
126530.0000 -10.19852
126540.0000 -10.07279
126550.0000 -9.48450
126560.0000 -9.82395
126570.0000 -9.39593
126580.0000 -9.68811
126590.0000 -9.88274
126600.0000 -10.05469
126610.0000 -9.70649
126620.0000 -9.60032
126630.0000 -10.11782
126640.0000 -9.92810
126650.0000 -10.01447
126660.0000 -10.14433
126670.0000 -10.40221
126680.0000 -10.64683
126690.0000 -10.43997
126700.0000 -10.12013
126710.0000 -9.71044
126720.0000 -9.90519
126730.0000 -10.28745
126740.0000 -10.20287
126750.0000 -9.94102
126760.0000 -9.87222
126770.0000 -10.19185
126780.0000 -10.09924
126790.0000 -10.07098
126800.0000 -10.02376
126810.0000 -10.25198
126820.0000 -10.30262
126830.0000 -10.48260
126840.0000 -10.78257
126850.0000 -10.98452
126860.0000 -11.36233
126870.0000 -11.25220
126880.0000 -11.52840
126890.0000 -11.72765
126900.0000 -11.56513
126910.0000 -11.46348
126920.0000 -11.46233
126930.0000 -11.41104
126940.0000 -11.65735
126950.0000 -11.67241
126960.0000 -11.80429
126970.0000 -11.45714
126980.0000 -11.60327
126990.0000 -11.63025
127000.0000 -11.75646
127010.0000 -12.01021
127020.0000 -12.08958
127030.0000 -12.15848
127040.0000 -11.85748
127050.0000 -12.14111
127060.0000 -11.66746
127070.0000 -11.87212
127080.0000 -12.07738
127090.0000 -12.28283
127100.0000 -12.18633
127110.0000 -12.02760
127120.0000 -11.77472
127130.0000 -11.66604
127140.0000 -11.88552
127150.0000 -11.80714
127160.0000 -11.87781
127170.0000 -12.13276
127180.0000 -12.32339
127190.0000 -12.12562
127200.0000 -11.80933
127210.0000 -11.97311
127220.0000 -11.99228
127230.0000 -12.12050
127240.0000 -11.71006
127250.0000 -11.97170
127260.0000 -11.67323
127270.0000 -11.72250
127280.0000 -12.02062
127290.0000 -11.96650
127300.0000 -11.71396
127310.0000 -11.93603
127320.0000 -11.44510
127330.0000 -11.27871
127340.0000 -11.33673
127350.0000 -11.31792
127360.0000 -11.47323
127370.0000 -11.70730
127380.0000 -11.78951
127390.0000 -11.40904
127400.0000 -11.67613
127410.0000 -11.69649
127420.0000 -11.54421
127430.0000 -11.68118
127440.0000 -11.56628
127450.0000 -11.79360
127460.0000 -11.68304
127470.0000 -11.91286
127480.0000 -11.71107
127490.0000 -11.60703
127500.0000 -11.98610
127510.0000 -11.69439
127520.0000 -11.52075
127530.0000 -11.23837
127540.0000 -11.43341
127550.0000 -11.47146
127560.0000 -11.51824
127570.0000 -11.24390
127580.0000 -11.43257
127590.0000 -11.43623
127600.0000 -11.30612
127610.0000 -11.22306
127620.0000 -11.04762
127630.0000 -11.12448
127640.0000 -10.87831
127650.0000 -11.07533
127660.0000 -11.52548
127670.0000 -11.24664
127680.0000 -11.60294
127690.0000 -11.55488
127700.0000 -11.95221
127710.0000 -11.78911
127720.0000 -11.62086
127730.0000 -11.40233
127740.0000 -11.47985
127750.0000 -11.54421
127760.0000 -10.94526
127770.0000 -11.24835
127780.0000 -11.19333
127790.0000 -11.37626
127800.0000 -11.42392
127810.0000 -11.50904
127820.0000 -11.52310
127830.0000 -11.57504
127840.0000 -11.44256
127850.0000 -11.31398
127860.0000 -11.57692
127870.0000 -11.73865
127880.0000 -11.66763
127890.0000 -11.63868
127900.0000 -11.66674
127910.0000 -11.80649
127920.0000 -11.50902
127930.0000 -11.48397
127940.0000 -11.14455
127950.0000 -11.13230
127960.0000 -11.55831
127970.0000 -11.40606
127980.0000 -11.53730
127990.0000 -11.64069
128000.0000 -11.68585
128010.0000 -11.47351
128020.0000 -11.04433
128030.0000 -11.08568
128040.0000 -10.99193
128050.0000 -11.12055
128060.0000 -11.46254
128070.0000 -11.68343
128080.0000 -11.73963
128090.0000 -11.56727
128100.0000 -11.50285
128110.0000 -11.62318
128120.0000 -11.29580
128130.0000 -11.36175
128140.0000 -10.98307
128150.0000 -11.24131
128160.0000 -10.89346
128170.0000 -10.93600
128180.0000 -10.97639
128190.0000 -10.93956
128200.0000 -10.71621
128210.0000 -11.30312
128220.0000 -11.51968
128230.0000 -11.26044
128240.0000 -11.15797
128250.0000 -11.11667
128260.0000 -11.60505
128270.0000 -11.18340
128280.0000 -11.45546
128290.0000 -11.19623
128300.0000 -11.69506
128310.0000 -11.62530
128320.0000 -11.54747
128330.0000 -12.04774
128340.0000 -12.06627
128350.0000 -11.90061
128360.0000 -11.81848
128370.0000 -11.98652
128380.0000 -11.66561
128390.0000 -11.57769
128400.0000 -11.61577
128410.0000 -11.64400
128420.0000 -11.47986
128430.0000 -11.53286
128440.0000 -11.71984
128450.0000 -11.62330
128460.0000 -11.66813
128470.0000 -11.58907
128480.0000 -11.66345
128490.0000 -11.52636
128500.0000 -11.54690
128510.0000 -11.57982
128520.0000 -11.42591
128530.0000 -11.35688
128540.0000 -11.26639
128550.0000 -11.51432
128560.0000 -11.62749
128570.0000 -11.17466
128580.0000 -11.40772
128590.0000 -11.21927
128600.0000 -11.23124
128610.0000 -11.20718
128620.0000 -11.16467
128630.0000 -11.22761
128640.0000 -11.30456
128650.0000 -11.72681
128660.0000 -11.40341
128670.0000 -11.51614
128680.0000 -11.37363
128690.0000 -11.47703
128700.0000 -11.23007
128710.0000 -11.33572
128720.0000 -11.70383
128730.0000 -11.74685
128740.0000 -11.91742
128750.0000 -11.98658
128760.0000 -11.92622
128770.0000 -11.83722
128780.0000 -12.12147
128790.0000 -12.37012
128800.0000 -12.18338
128810.0000 -12.06577
128820.0000 -12.19083
128830.0000 -12.05232
128840.0000 -12.34504
128850.0000 -11.83358
128860.0000 -12.11811
128870.0000 -11.90789
128880.0000 -12.00282
128890.0000 -12.31888
128900.0000 -12.22731
128910.0000 -12.16702
128920.0000 -11.87511
128930.0000 -11.99385
128940.0000 -12.03253
128950.0000 -11.80748
128960.0000 -11.84364
128970.0000 -11.64136
128980.0000 -11.80967
128990.0000 -11.89014
129000.0000 -11.97846
129010.0000 -11.92627
129020.0000 -11.58986
129030.0000 -11.97725
129040.0000 -11.62368
129050.0000 -11.57964
129060.0000 -11.47850
129070.0000 -11.68091
129080.0000 -11.53607
129090.0000 -11.81524
129100.0000 -11.60946
129110.0000 -11.97754
129120.0000 -12.26193
129130.0000 -12.16043
129140.0000 -11.85213
129150.0000 -11.82617
129160.0000 -11.76980
129170.0000 -11.82704
129180.0000 -11.65520
129190.0000 -11.95758
129200.0000 -11.42597
129210.0000 -12.04599
129220.0000 -11.96758
129230.0000 -11.90999
129240.0000 -12.00539
129250.0000 -12.18274
129260.0000 -12.11572
129270.0000 -12.20284
129280.0000 -12.43553
129290.0000 -12.18956
129300.0000 -11.66788
129310.0000 -11.74855
129320.0000 -12.00059
129330.0000 -12.04955
129340.0000 -11.96563
129350.0000 -11.72441
129360.0000 -11.64607
129370.0000 -11.34603
129380.0000 -11.56287
129390.0000 -11.62282
129400.0000 -11.70091
129410.0000 -11.40776
129420.0000 -11.25510
129430.0000 -10.70396
129440.0000 -10.87613
129450.0000 -11.15769
129460.0000 -11.21158
129470.0000 -10.96883
129480.0000 -11.14559
129490.0000 -10.81200
129500.0000 -10.93826
129510.0000 -10.70275
129520.0000 -11.02539
129530.0000 -10.69836
129540.0000 -10.86521
129550.0000 -11.15875
129560.0000 -11.09651
129570.0000 -10.95509
129580.0000 -11.17437
129590.0000 -11.15341
129600.0000 -11.31729
129610.0000 -10.82494
129620.0000 -11.05749
129630.0000 -11.46603
129640.0000 -11.90199
129650.0000 -11.21984
129660.0000 -11.55702
129670.0000 -11.50025
129680.0000 -11.60322
129690.0000 -11.71578
129700.0000 -11.59431
129710.0000 -11.60432
129720.0000 -11.52998
129730.0000 -11.84711
129740.0000 -11.76270
129750.0000 -11.88136
129760.0000 -11.48460
129770.0000 -11.74940
129780.0000 -11.37269
129790.0000 -11.60887
129800.0000 -11.92708
129810.0000 -12.23496
129820.0000 -12.23072
129830.0000 -12.13897
129840.0000 -11.81490
129850.0000 -12.02182
129860.0000 -12.18282
129870.0000 -12.37056
129880.0000 -12.57563
129890.0000 -12.26565
129900.0000 -12.49313
129910.0000 -12.47711
129920.0000 -12.80136
129930.0000 -12.46393
129940.0000 -12.51721
129950.0000 -12.31744
129960.0000 -11.98604
129970.0000 -11.48354
129980.0000 -11.21246
129990.0000 -11.91906
130000.0000 -11.43417
130010.0000 -11.33678
130020.0000 -11.15496
130030.0000 -10.94982
130040.0000 -11.41898
130050.0000 -11.46390
130060.0000 -11.78971
130070.0000 -11.53517
130080.0000 -10.85838
130090.0000 -10.82032
130100.0000 -11.04880
130110.0000 -11.25590
130120.0000 -11.03483
130130.0000 -11.06694
130140.0000 -10.84325
130150.0000 -10.48470
130160.0000 -10.98292
130170.0000 -10.89527
130180.0000 -11.11749
130190.0000 -11.12703
130200.0000 -10.92681
130210.0000 -10.80573
130220.0000 -10.79243
130230.0000 -10.35453
130240.0000 -10.59302
130250.0000 -10.30661
130260.0000 -10.59502
130270.0000 -10.70941
130280.0000 -10.58905
130290.0000 -10.26691
130300.0000 -10.42980
130310.0000 -9.97766
130320.0000 -10.43624
130330.0000 -10.55456
130340.0000 -10.90565
130350.0000 -10.93338
130360.0000 -10.64313
130370.0000 -10.55565
130380.0000 -10.54519
130390.0000 -10.77463
130400.0000 -10.42397
130410.0000 -10.68424
130420.0000 -10.86084
130430.0000 -10.80346
130440.0000 -10.33189
130450.0000 -10.46044
130460.0000 -10.56955
130470.0000 -10.71696
130480.0000 -10.96709
130490.0000 -10.63416
130500.0000 -10.34089
130510.0000 -10.32143
130520.0000 -10.35506
130530.0000 -10.58668
130540.0000 -10.16639
130550.0000 -10.10100
130560.0000 -10.26204
130570.0000 -10.57758
130580.0000 -10.31915
130590.0000 -9.91080
130600.0000 -9.24309
130610.0000 -9.82176
130620.0000 -9.94786
130630.0000 -9.62682
130640.0000 -9.95443
130650.0000 -10.17352
130660.0000 -10.13229
130670.0000 -10.40116
130680.0000 -10.23722
130690.0000 -10.35824
130700.0000 -10.31294
130710.0000 -10.48832
130720.0000 -10.49551
130730.0000 -10.36151
130740.0000 -10.29237
130750.0000 -10.31917
130760.0000 -10.00018
130770.0000 -10.06179
130780.0000 -9.99015
130790.0000 -10.16780
130800.0000 -9.85788
130810.0000 -10.06041
130820.0000 -10.29879
130830.0000 -10.38941
130840.0000 -10.67321
130850.0000 -10.77053
130860.0000 -10.45955
130870.0000 -10.85174
130880.0000 -10.82474
130890.0000 -11.11057
130900.0000 -10.90229
130910.0000 -10.98473
130920.0000 -10.71119
130930.0000 -10.71717
130940.0000 -10.65680
130950.0000 -10.62493
130960.0000 -10.96017
130970.0000 -10.58849
130980.0000 -10.88832
130990.0000 -11.26509
131000.0000 -11.25571
131010.0000 -10.91274
131020.0000 -10.51200
131030.0000 -10.84184
131040.0000 -11.03369
131050.0000 -10.96174
131060.0000 -10.91054
131070.0000 -10.90688
131080.0000 -10.76396
131090.0000 -10.90209
131100.0000 -11.04897
131110.0000 -10.43405
131120.0000 -10.67059
131130.0000 -10.43652
131140.0000 -10.50795
131150.0000 -10.26091
131160.0000 -10.11903
131170.0000 -9.64460
131180.0000 -9.92908
131190.0000 -10.23907
131200.0000 -10.03062
131210.0000 -10.18451
131220.0000 -9.74751
131230.0000 -9.87248
131240.0000 -9.67544
131250.0000 -9.75438
131260.0000 -9.83311
131270.0000 -9.52084
131280.0000 -9.35378
131290.0000 -9.23897
131300.0000 -9.56075
131310.0000 -9.52670
131320.0000 -9.59447
131330.0000 -9.59656
131340.0000 -8.90670
131350.0000 -9.17819
131360.0000 -9.15193
131370.0000 -9.36741
131380.0000 -9.40484
131390.0000 -9.52934
131400.0000 -9.60459
131410.0000 -9.68886
131420.0000 -9.79192
131430.0000 -9.32665
131440.0000 -9.20550
131450.0000 -9.51170
131460.0000 -9.40517
131470.0000 -9.47196
131480.0000 -9.68419
131490.0000 -10.18566
131500.0000 -10.37031
131510.0000 -10.30918
131520.0000 -9.90331
131530.0000 -9.47298
131540.0000 -9.34634
131550.0000 -9.26554
131560.0000 -9.13629
131570.0000 -9.29509
131580.0000 -9.34563
131590.0000 -9.28733
131600.0000 -9.14573
131610.0000 -9.27695
131620.0000 -9.15020
131630.0000 -8.89211
131640.0000 -8.88996
131650.0000 -8.67532
131660.0000 -8.84930
131670.0000 -9.13237
131680.0000 -8.89333
131690.0000 -9.28430
131700.0000 -9.46569
131710.0000 -9.77959
131720.0000 -9.47085
131730.0000 -9.04717
131740.0000 -8.97707
131750.0000 -9.02074
131760.0000 -9.54633
131770.0000 -9.50377
131780.0000 -9.23974
131790.0000 -8.83382
131800.0000 -9.10153
131810.0000 -9.04945
131820.0000 -8.95218
131830.0000 -8.65276
131840.0000 -8.79285
131850.0000 -8.64055
131860.0000 -9.14679
131870.0000 -9.26152
131880.0000 -9.39481
131890.0000 -9.29754
131900.0000 -9.33112
131910.0000 -9.46902
131920.0000 -9.91132
131930.0000 -9.43940
131940.0000 -9.04777
131950.0000 -9.34564
131960.0000 -9.20103
131970.0000 -9.15467
131980.0000 -9.55461
131990.0000 -9.06339
132000.0000 -8.94971
132010.0000 -9.21960
132020.0000 -9.34115
132030.0000 -9.51004
132040.0000 -9.21856
132050.0000 -9.28050
132060.0000 -9.27236
132070.0000 -9.03324
132080.0000 -8.99186
132090.0000 -9.03538
132100.0000 -8.47941
132110.0000 -8.79610
132120.0000 -8.77843
132130.0000 -8.33853
132140.0000 -8.51908
132150.0000 -8.70253
132160.0000 -7.77707
132170.0000 -8.02397
132180.0000 -7.93292
132190.0000 -8.02432
132200.0000 -8.09447
132210.0000 -8.09907
132220.0000 -8.36510
132230.0000 -8.49834
132240.0000 -8.08077
132250.0000 -8.40912
132260.0000 -8.22549
132270.0000 -7.97279
132280.0000 -8.45420
132290.0000 -9.12793
132300.0000 -8.79353
132310.0000 -8.36373
132320.0000 -8.24761
132330.0000 -8.58705
132340.0000 -8.46958
132350.0000 -8.14459
132360.0000 -7.79183
132370.0000 -7.76961
132380.0000 -8.29522
132390.0000 -8.35041
132400.0000 -8.10560
132410.0000 -8.05038
132420.0000 -8.07851
132430.0000 -7.77685
132440.0000 -7.68836
132450.0000 -7.22683
132460.0000 -7.14944
132470.0000 -6.99927
132480.0000 -7.17849
132490.0000 -7.31121
132500.0000 -7.31758
132510.0000 -7.22437
132520.0000 -7.02814
132530.0000 -6.95723
132540.0000 -7.39332
132550.0000 -7.29266
132560.0000 -7.73483
132570.0000 -7.67386
132580.0000 -7.90259
132590.0000 -7.67858
132600.0000 -7.76281
132610.0000 -7.60844
132620.0000 -7.58813
132630.0000 -7.28109
132640.0000 -6.93394
132650.0000 -7.36018
132660.0000 -7.58209
132670.0000 -7.59285
132680.0000 -7.56371
132690.0000 -7.10405
132700.0000 -6.98412
132710.0000 -7.19590
132720.0000 -7.30472
132730.0000 -7.30839
132740.0000 -7.49051
132750.0000 -7.18314
132760.0000 -6.80047
132770.0000 -6.72469
132780.0000 -7.00564
132790.0000 -7.07995
132800.0000 -7.12013
132810.0000 -7.31002
132820.0000 -6.25365
132830.0000 -6.58421
132840.0000 -6.87048
132850.0000 -7.27003
132860.0000 -7.30238
132870.0000 -6.96791
132880.0000 -6.37713
132890.0000 -5.78289
132900.0000 -6.18553
132910.0000 -6.66796
132920.0000 -6.67449
132930.0000 -6.08303
132940.0000 -6.46022
132950.0000 -6.55228
132960.0000 -6.81698
132970.0000 -7.11939
132980.0000 -7.12858
132990.0000 -7.44867
133000.0000 -7.28219
133010.0000 -7.67926
133020.0000 -7.68059
133030.0000 -8.00051
133040.0000 -7.64725
133050.0000 -6.98709
133060.0000 -6.96273
133070.0000 -6.83903
133080.0000 -7.12238
133090.0000 -7.04592
133100.0000 -6.81276
133110.0000 -6.85594
133120.0000 -6.97533
133130.0000 -6.79033
133140.0000 -6.26627
133150.0000 -6.64377
133160.0000 -6.82747
133170.0000 -6.72186
133180.0000 -7.06468
133190.0000 -6.85471
133200.0000 -6.74186
133210.0000 -6.36823
133220.0000 -6.60474
133230.0000 -6.89494
133240.0000 -6.85955
133250.0000 -6.98109
133260.0000 -7.06005
133270.0000 -6.63019
133280.0000 -6.35536
133290.0000 -6.91268
133300.0000 -6.29851
133310.0000 -6.60381
133320.0000 -6.52656
133330.0000 -7.05087
133340.0000 -7.46832
133350.0000 -7.23903
133360.0000 -7.09876
133370.0000 -6.45198
133380.0000 -6.17088
133390.0000 -6.25647
133400.0000 -6.38004
133410.0000 -6.25525
133420.0000 -6.28956
133430.0000 -6.24808
133440.0000 -6.61740
133450.0000 -6.25713
133460.0000 -6.11925
133470.0000 -5.73841
133480.0000 -5.79355
133490.0000 -5.60289
133500.0000 -5.77758
133510.0000 -5.47229
133520.0000 -5.99539
133530.0000 -6.07365
133540.0000 -6.07779
133550.0000 -5.49614
133560.0000 -5.81447
133570.0000 -5.55520
133580.0000 -5.63166
133590.0000 -4.89851
133600.0000 -5.21549
133610.0000 -4.89952
133620.0000 -4.68661
133630.0000 -5.15960
133640.0000 -5.29263
133650.0000 -5.55300
133660.0000 -5.34621
133670.0000 -5.62627
133680.0000 -6.04399
133690.0000 -6.16404
133700.0000 -6.07419
133710.0000 -6.20202
133720.0000 -5.93630
133730.0000 -5.64288
133740.0000 -5.53995
133750.0000 -5.89293
133760.0000 -6.23506
133770.0000 -6.82968
133780.0000 -6.98948
133790.0000 -6.80244
133800.0000 -7.13340
133810.0000 -7.69336
133820.0000 -7.47013
133830.0000 -7.58764
133840.0000 -7.71203
133850.0000 -7.75720
133860.0000 -7.63910
133870.0000 -7.19542
133880.0000 -6.89198
133890.0000 -7.13971
133900.0000 -7.60400
133910.0000 -7.71120
133920.0000 -7.15261
133930.0000 -7.18509
133940.0000 -6.61766
133950.0000 -6.82630
133960.0000 -7.25218
133970.0000 -7.27662
133980.0000 -6.84615
133990.0000 -6.59291
134000.0000 -6.63424
134010.0000 -7.03438
134020.0000 -7.42673
134030.0000 -7.63726
134040.0000 -7.92376
134050.0000 -7.45063
134060.0000 -7.71990
134070.0000 -7.85983
134080.0000 -7.65646
134090.0000 -6.97939
134100.0000 -6.70756
134110.0000 -6.52656
134120.0000 -6.59910
134130.0000 -6.21725
134140.0000 -6.06346
134150.0000 -6.28082
134160.0000 -6.61667
134170.0000 -6.76582
134180.0000 -6.69780
134190.0000 -7.01278
134200.0000 -6.81294
134210.0000 -7.31704
134220.0000 -7.44143
134230.0000 -7.33766
134240.0000 -7.37757
134250.0000 -7.36401
134260.0000 -7.50497
134270.0000 -7.37536
134280.0000 -7.48399
134290.0000 -7.54372
134300.0000 -7.37566
134310.0000 -7.93038
134320.0000 -8.30701
134330.0000 -8.42349
134340.0000 -8.56716
134350.0000 -8.67886
134360.0000 -8.92601
134370.0000 -8.85198
134380.0000 -8.64258
134390.0000 -8.73894
134400.0000 -8.72598
134410.0000 -8.73256
134420.0000 -8.42061
134430.0000 -8.68086
134440.0000 -9.33847
134450.0000 -9.59973
134460.0000 -9.65539
134470.0000 -9.82479
134480.0000 -9.68453
134490.0000 -9.38102
134500.0000 -9.54214
134510.0000 -9.12289
134520.0000 -8.85301
134530.0000 -8.78119
134540.0000 -8.51090
134550.0000 -8.18894
134560.0000 -8.23031
134570.0000 -8.43834
134580.0000 -8.58560
134590.0000 -8.51293
134600.0000 -8.67162
134610.0000 -8.56672
134620.0000 -8.50306
134630.0000 -8.66551
134640.0000 -9.07796
134650.0000 -8.97926
134660.0000 -8.92099
134670.0000 -9.26039
134680.0000 -9.50920
134690.0000 -9.60985
134700.0000 -9.89605
134710.0000 -9.87408
134720.0000 -9.83121
134730.0000 -9.89289
134740.0000 -10.15950
134750.0000 -9.83013
134760.0000 -10.23593
134770.0000 -9.61097
134780.0000 -9.83791
134790.0000 -9.71086
134800.0000 -9.70886
134810.0000 -9.36405
134820.0000 -9.42422
134830.0000 -9.66933
134840.0000 -9.76126
134850.0000 -9.94493
134860.0000 -10.08948
134870.0000 -10.57875
134880.0000 -10.34326
134890.0000 -10.14299
134900.0000 -9.60597
134910.0000 -9.74851
134920.0000 -10.09917
134930.0000 -9.60818
134940.0000 -9.59082
134950.0000 -9.42021
134960.0000 -9.77731
134970.0000 -9.49133
134980.0000 -10.06650
134990.0000 -9.82387
135000.0000 -9.56690
135010.0000 -9.50101
135020.0000 -9.54048
135030.0000 -9.64977
135040.0000 -9.51006
135050.0000 -9.71745
135060.0000 -9.47006
135070.0000 -9.81813
135080.0000 -9.32799
135090.0000 -9.56684
135100.0000 -9.45079
135110.0000 -9.96682
135120.0000 -10.42176
135130.0000 -10.18412
135140.0000 -10.62395
135150.0000 -11.05693
135160.0000 -11.36891
135170.0000 -11.27770
135180.0000 -11.20865
135190.0000 -11.33769
135200.0000 -12.20898
135210.0000 -11.92382
135220.0000 -12.25696
135230.0000 -12.45805
135240.0000 -12.39761
135250.0000 -11.68440
135260.0000 -12.07122
135270.0000 -12.15010
135280.0000 -12.00082
135290.0000 -12.50042
135300.0000 -12.41398
135310.0000 -12.40194
135320.0000 -12.27892
135330.0000 -12.49706
135340.0000 -12.54824
135350.0000 -12.51551
135360.0000 -12.45795
135370.0000 -12.72453
135380.0000 -12.16343
135390.0000 -12.35146
135400.0000 -11.84661
135410.0000 -12.12784
135420.0000 -12.47051
135430.0000 -12.12314
135440.0000 -12.16403
135450.0000 -12.08900
135460.0000 -12.08861
135470.0000 -11.65317
135480.0000 -11.47233
135490.0000 -11.72004
135500.0000 -11.37627
135510.0000 -11.57489
135520.0000 -12.08222
135530.0000 -11.83672
135540.0000 -12.15157
135550.0000 -12.11537
135560.0000 -11.50539
135570.0000 -11.32213
135580.0000 -11.65855
135590.0000 -11.96511
135600.0000 -11.46934
135610.0000 -11.66919
135620.0000 -11.68906
135630.0000 -11.91577
135640.0000 -11.85473
135650.0000 -12.19944
135660.0000 -12.06244
135670.0000 -11.46454
135680.0000 -11.32099
135690.0000 -10.66398
135700.0000 -10.95217
135710.0000 -10.75151
135720.0000 -10.95273
135730.0000 -10.59665
135740.0000 -11.13452
135750.0000 -11.44510
135760.0000 -11.64971
135770.0000 -11.30983
135780.0000 -11.37248
135790.0000 -10.71156
135800.0000 -10.39229
135810.0000 -10.19769
135820.0000 -10.22759
135830.0000 -10.45083
135840.0000 -10.68578
135850.0000 -10.74971
135860.0000 -10.14217
135870.0000 -10.46183
135880.0000 -10.55259
135890.0000 -10.12002
135900.0000 -10.50904
135910.0000 -10.81122
135920.0000 -10.96802
135930.0000 -11.35109
135940.0000 -11.53767
135950.0000 -11.39908
135960.0000 -11.65639
135970.0000 -11.91282
135980.0000 -12.66102
135990.0000 -12.53501
136000.0000 -12.32383
136010.0000 -12.42801
136020.0000 -10.88476
136030.0000 -10.73459
136040.0000 -10.81367
136050.0000 -10.77140
136060.0000 -10.85303
136070.0000 -10.74396
136080.0000 -9.87431
136090.0000 -9.87612
136100.0000 -10.41002
136110.0000 -10.54278
136120.0000 -11.11066
136130.0000 -11.26791
136140.0000 -11.01326
136150.0000 -10.63939
136160.0000 -10.63357
136170.0000 -10.63078
136180.0000 -10.28366
136190.0000 -10.46516
136200.0000 -10.22909
136210.0000 -10.09187
136220.0000 -10.14420
136230.0000 -11.01752
136240.0000 -10.79571
136250.0000 -10.46984
136260.0000 -11.11235
136270.0000 -11.09811
136280.0000 -10.96380
136290.0000 -10.36691
136300.0000 -10.52413
136310.0000 -10.54272
136320.0000 -10.76325
136330.0000 -10.79634
136340.0000 -11.10218
136350.0000 -11.70316
136360.0000 -11.46921
136370.0000 -11.27592
136380.0000 -11.41312
136390.0000 -11.85597
136400.0000 -11.13147
136410.0000 -10.66594
136420.0000 -10.93845
136430.0000 -11.17673
136440.0000 -11.44885
136450.0000 -11.56177
136460.0000 -11.22256
136470.0000 -11.91354
136480.0000 -11.34144
136490.0000 -11.43265
136500.0000 -11.54273
136510.0000 -11.78050
136520.0000 -11.20017
136530.0000 -11.35406
136540.0000 -11.40970
136550.0000 -12.20717
136560.0000 -11.78741
136570.0000 -11.81324
136580.0000 -11.88188
136590.0000 -11.13225
136600.0000 -10.85915
136610.0000 -10.35034
136620.0000 -9.89149
136630.0000 -9.77162
136640.0000 -9.65832
136650.0000 -8.98605
136660.0000 -8.30594
136670.0000 -7.91437
136680.0000 -8.00343
136690.0000 -7.46634
136700.0000 -7.16933
136710.0000 -7.53475
136720.0000 -7.73130
136730.0000 -7.84017
136740.0000 -7.43919
136750.0000 -7.97875
136760.0000 -8.18702
136770.0000 -7.91800
136780.0000 -7.92476
136790.0000 -7.37101
136800.0000 -7.24650
136810.0000 -7.13787
136820.0000 -7.84607
136830.0000 -7.42040
136840.0000 -7.07177
136850.0000 -7.41294
136860.0000 -7.86688
136870.0000 -7.73727
136880.0000 -7.99975
136890.0000 -7.82027
136900.0000 -8.08846
136910.0000 -7.51364
136920.0000 -7.68455
136930.0000 -7.45771
136940.0000 -7.10966
136950.0000 -7.28087
136960.0000 -7.42234
136970.0000 -7.60995
136980.0000 -7.58461
136990.0000 -7.06071
137000.0000 -7.30607
137010.0000 -7.28574
137020.0000 -7.71995
137030.0000 -7.18575
137040.0000 -7.20925
137050.0000 -6.90234
137060.0000 -7.29871
137070.0000 -7.99917
137080.0000 -8.27727
137090.0000 -8.33448
137100.0000 -8.53901
137110.0000 -9.09997
137120.0000 -9.12255
137130.0000 -8.90621
137140.0000 -9.08921
137150.0000 -8.89462
137160.0000 -9.04067
137170.0000 -9.14277
137180.0000 -8.99893
137190.0000 -8.54278
137200.0000 -8.64362
137210.0000 -8.06090
137220.0000 -8.39552
137230.0000 -7.96847
137240.0000 -8.34674
137250.0000 -8.86852
137260.0000 -8.56999
137270.0000 -9.04862
137280.0000 -9.12606
137290.0000 -8.98312
137300.0000 -8.77501
137310.0000 -8.31434
137320.0000 -8.25741
137330.0000 -8.90266
137340.0000 -8.99792
137350.0000 -9.12299
137360.0000 -8.90131
137370.0000 -8.77796
137380.0000 -8.45088
137390.0000 -8.11633
137400.0000 -7.96301
137410.0000 -8.24629
137420.0000 -8.34595
137430.0000 -8.30711
137440.0000 -8.44235
137450.0000 -8.44180
137460.0000 -8.72986
137470.0000 -8.25774
137480.0000 -8.14164
137490.0000 -8.61792
137500.0000 -8.26269
137510.0000 -7.76970
137520.0000 -7.68418
137530.0000 -7.49215
137540.0000 -7.27793
137550.0000 -7.44343
137560.0000 -7.22774
137570.0000 -7.21206
137580.0000 -7.49039
137590.0000 -7.35448
137600.0000 -7.09295
137610.0000 -6.85204
137620.0000 -7.03667
137630.0000 -7.32292
137640.0000 -7.64624
137650.0000 -7.48389
137660.0000 -7.75779
137670.0000 -7.55111
137680.0000 -7.61819
137690.0000 -7.32389
137700.0000 -7.26914
137710.0000 -7.32559
137720.0000 -7.20083
137730.0000 -7.11656
137740.0000 -7.35082
137750.0000 -7.47639
137760.0000 -7.49229
137770.0000 -7.90949
137780.0000 -8.10427
137790.0000 -7.92387
137800.0000 -7.67257
137810.0000 -7.70831
137820.0000 -7.56964
137830.0000 -7.70548
137840.0000 -7.61944
137850.0000 -7.90783
137860.0000 -7.81428
137870.0000 -7.69317
137880.0000 -7.74041
137890.0000 -7.53018
137900.0000 -7.62587
137910.0000 -7.31376
137920.0000 -7.12292
137930.0000 -6.75486
137940.0000 -6.71883
137950.0000 -6.61423
137960.0000 -6.68834
137970.0000 -6.54319
137980.0000 -6.78927
137990.0000 -6.81325
138000.0000 -6.88426
138010.0000 -6.94190
138020.0000 -6.97351
138030.0000 -7.49952
138040.0000 -7.39219
138050.0000 -7.81761
138060.0000 -7.72382
138070.0000 -7.32093
138080.0000 -7.04347
138090.0000 -7.02714
138100.0000 -7.10651
138110.0000 -7.01907
138120.0000 -6.71140
138130.0000 -6.65199
138140.0000 -6.78335
138150.0000 -6.53434
138160.0000 -6.24928
138170.0000 -6.30262
138180.0000 -6.37786
138190.0000 -6.66910
138200.0000 -6.49093
138210.0000 -6.51673
138220.0000 -6.79258
138230.0000 -7.34086
138240.0000 -6.84172
138250.0000 -6.57257
138260.0000 -6.47425
138270.0000 -6.40261
138280.0000 -6.54703
138290.0000 -6.15071
138300.0000 -6.11369
138310.0000 -6.06172
138320.0000 -5.97446
138330.0000 -6.04417
138340.0000 -5.66133
138350.0000 -6.02197
138360.0000 -6.11887
138370.0000 -6.50653
138380.0000 -6.60542
138390.0000 -6.45334
138400.0000 -6.57783
138410.0000 -6.61620
138420.0000 -6.77608
138430.0000 -6.18217
138440.0000 -6.17962
138450.0000 -5.91493
138460.0000 -6.26149
138470.0000 -6.31191
138480.0000 -6.26628
138490.0000 -6.45305
138500.0000 -6.38340
138510.0000 -6.59925
138520.0000 -6.10653
138530.0000 -5.89438
138540.0000 -5.72697
138550.0000 -5.83126
138560.0000 -5.24908
138570.0000 -4.87417
138580.0000 -5.43966
138590.0000 -5.48988
138600.0000 -5.20119
138610.0000 -5.05771
138620.0000 -5.00354
138630.0000 -5.39696
138640.0000 -5.52295
138650.0000 -5.01639
138660.0000 -5.06486
138670.0000 -4.84828
138680.0000 -4.77204
138690.0000 -5.08922
138700.0000 -4.93753
138710.0000 -6.16440
138720.0000 -6.09171
138730.0000 -6.26128
138740.0000 -5.98679
138750.0000 -5.31788
138760.0000 -5.86309
138770.0000 -5.68125
138780.0000 -5.31675
138790.0000 -5.58187
138800.0000 -5.48697
138810.0000 -6.02977
138820.0000 -5.73700
138830.0000 -6.01725
138840.0000 -6.16545
138850.0000 -6.03143
138860.0000 -6.34127
138870.0000 -6.45390
138880.0000 -6.15405
138890.0000 -6.54302
138900.0000 -7.05204
138910.0000 -6.73197
138920.0000 -6.61570
138930.0000 -7.11466
138940.0000 -7.09318
138950.0000 -7.49239
138960.0000 -7.09676
138970.0000 -7.29477
138980.0000 -7.65297
138990.0000 -7.97718
139000.0000 -8.48197
139010.0000 -8.83976
139020.0000 -8.72077
139030.0000 -8.59937
139040.0000 -8.55511
139050.0000 -9.10171
139060.0000 -9.48535
139070.0000 -9.28088
139080.0000 -8.64809
139090.0000 -8.28367
139100.0000 -8.07241
139110.0000 -8.21685
139120.0000 -8.35621
139130.0000 -8.03374
139140.0000 -7.73786
139150.0000 -7.68621
139160.0000 -7.85039
139170.0000 -7.93478
139180.0000 -7.86791
139190.0000 -7.97057
139200.0000 -8.01010
139210.0000 -7.95561
139220.0000 -7.82881
139230.0000 -7.76218
139240.0000 -7.95070
139250.0000 -7.48484
139260.0000 -7.64359
139270.0000 -7.55678
139280.0000 -7.33588
139290.0000 -7.30228
139300.0000 -8.28017
139310.0000 -7.98233
139320.0000 -7.40874
139330.0000 -7.53988
139340.0000 -7.76442
139350.0000 -7.95538
139360.0000 -8.55563
139370.0000 -8.83058
139380.0000 -8.44452
139390.0000 -8.69047
139400.0000 -9.07659
139410.0000 -8.79387
139420.0000 -9.61979
139430.0000 -9.68847
139440.0000 -9.61953
139450.0000 -9.79044
139460.0000 -9.81433
139470.0000 -9.69012
139480.0000 -8.75031
139490.0000 -9.07735
139500.0000 -8.96361
139510.0000 -9.01296
139520.0000 -8.68521
139530.0000 -8.83651
139540.0000 -8.32109
139550.0000 -8.19983
139560.0000 -8.29067
139570.0000 -8.46528
139580.0000 -8.41781
139590.0000 -8.25152
139600.0000 -8.33525
139610.0000 -8.26124
139620.0000 -8.52231
139630.0000 -8.57994
139640.0000 -8.44208
139650.0000 -8.30861
139660.0000 -8.33235
139670.0000 -8.10642
139680.0000 -8.07281
139690.0000 -7.99386
139700.0000 -8.27125
139710.0000 -8.31151
139720.0000 -8.45229
139730.0000 -8.59471
139740.0000 -9.00355
139750.0000 -8.74313
139760.0000 -8.74874
139770.0000 -8.92219
139780.0000 -8.79535
139790.0000 -8.87838
139800.0000 -9.13290
139810.0000 -9.28370
139820.0000 -9.77411
139830.0000 -9.46863
139840.0000 -9.72261
139850.0000 -9.84808
139860.0000 -9.30162
139870.0000 -9.72198
139880.0000 -9.86941
139890.0000 -9.69414
139900.0000 -9.62712
139910.0000 -9.68853
139920.0000 -9.78697
139930.0000 -9.63306
139940.0000 -9.63942
139950.0000 -9.80582
139960.0000 -9.82018
139970.0000 -9.57667
139980.0000 -9.80682
139990.0000 -9.54743
140000.0000 -9.26915
140010.0000 -9.76236
140020.0000 -10.21370
140030.0000 -10.13537
140040.0000 -9.72115
140050.0000 -9.67091
140060.0000 -9.07792
140070.0000 -8.80239
140080.0000 -8.65935
140090.0000 -9.23795
140100.0000 -9.54941
140110.0000 -9.09219
140120.0000 -8.93432
140130.0000 -9.21720
140140.0000 -8.80023
140150.0000 -8.73728
140160.0000 -8.98133
140170.0000 -9.46011
140180.0000 -9.34104
140190.0000 -9.38241
140200.0000 -9.17257
140210.0000 -8.39244
140220.0000 -8.39174
140230.0000 -7.98196
140240.0000 -8.09972
140250.0000 -8.11131
140260.0000 -8.54029
140270.0000 -8.69153
140280.0000 -8.34172
140290.0000 -8.10316
140300.0000 -8.27653
140310.0000 -8.04973
140320.0000 -8.23555
140330.0000 -8.08278
140340.0000 -7.62651
140350.0000 -7.23097
140360.0000 -7.13849
140370.0000 -7.06019
140380.0000 -6.72633
140390.0000 -6.61793
140400.0000 -6.66735
140410.0000 -6.64981
140420.0000 -6.52032
140430.0000 -6.69638
140440.0000 -6.61713
140450.0000 -6.17153
140460.0000 -5.93563
140470.0000 -5.66962
140480.0000 -5.92764
140490.0000 -6.02692
140500.0000 -6.09222
140510.0000 -6.18137
140520.0000 -6.43194
140530.0000 -6.44409
140540.0000 -6.27269
140550.0000 -5.69634
140560.0000 -5.73237
140570.0000 -6.49503
140580.0000 -6.44322
140590.0000 -6.60653
140600.0000 -6.58386
140610.0000 -6.79383
140620.0000 -6.65376
140630.0000 -6.58438
140640.0000 -6.48103
140650.0000 -6.25524
140660.0000 -6.09370
140670.0000 -6.20681
140680.0000 -5.83358
140690.0000 -5.87096
140700.0000 -5.78169
140710.0000 -5.42448
140720.0000 -5.62552
140730.0000 -5.92348
140740.0000 -5.98490
140750.0000 -5.96144
140760.0000 -6.00539
140770.0000 -6.21819
140780.0000 -6.16652
140790.0000 -6.30744
140800.0000 -5.89830
140810.0000 -6.09098
140820.0000 -6.24525
140830.0000 -6.86030
140840.0000 -7.08772
140850.0000 -7.39893
140860.0000 -6.87199
140870.0000 -6.52864
140880.0000 -6.55863
140890.0000 -5.78796
140900.0000 -5.74432
140910.0000 -5.81835
140920.0000 -5.95236
140930.0000 -5.94704
140940.0000 -5.77165
140950.0000 -6.03248
140960.0000 -6.53719
140970.0000 -6.56943
140980.0000 -6.61832
140990.0000 -6.76762
141000.0000 -6.55305
141010.0000 -6.98965
141020.0000 -7.16149
141030.0000 -6.93209
141040.0000 -7.33008
141050.0000 -7.19445
141060.0000 -7.35458
141070.0000 -7.39805
141080.0000 -7.35980
141090.0000 -7.76060
141100.0000 -7.48217
141110.0000 -7.35858
141120.0000 -7.55152
141130.0000 -7.47904
141140.0000 -6.82656
141150.0000 -6.98130
141160.0000 -7.12557
141170.0000 -6.75722
141180.0000 -6.64273
141190.0000 -6.32274
141200.0000 -6.37235
141210.0000 -6.36082
141220.0000 -6.23156
141230.0000 -6.52756
141240.0000 -6.31562
141250.0000 -5.71204
141260.0000 -5.29446
141270.0000 -5.15709
141280.0000 -5.20825
141290.0000 -5.84678
141300.0000 -5.70806
141310.0000 -6.15237
141320.0000 -6.03545
141330.0000 -6.30202
141340.0000 -6.61641
141350.0000 -6.34772
141360.0000 -6.72937
141370.0000 -6.32650
141380.0000 -6.27312
141390.0000 -6.03398
141400.0000 -6.44832
141410.0000 -6.23695
141420.0000 -6.84998
141430.0000 -6.95832
141440.0000 -6.90895
141450.0000 -7.02424
141460.0000 -6.97837
141470.0000 -6.83659
141480.0000 -6.42594
141490.0000 -6.08003
141500.0000 -5.94635
141510.0000 -6.12189
141520.0000 -6.13534
141530.0000 -5.49197
141540.0000 -5.40039
141550.0000 -4.76292
141560.0000 -4.85671
141570.0000 -5.12995
141580.0000 -5.12566
141590.0000 -5.19292
141600.0000 -4.78961
141610.0000 -5.51149
141620.0000 -5.22347
141630.0000 -5.05404
141640.0000 -5.36332
141650.0000 -4.75213
141660.0000 -4.63671
141670.0000 -4.47497
141680.0000 -4.35089
141690.0000 -4.18073
141700.0000 -4.05242
141710.0000 -3.29777
141720.0000 -3.37606
141730.0000 -3.21489
141740.0000 -3.06989
141750.0000 -3.09787
141760.0000 -3.60342
141770.0000 -3.14745
141780.0000 -2.86880
141790.0000 -3.22913
141800.0000 -3.23660
141810.0000 -2.96102
141820.0000 -3.20444
141830.0000 -3.25440
141840.0000 -3.27465
141850.0000 -3.43239
141860.0000 -3.64776
141870.0000 -3.80501
141880.0000 -4.01560
141890.0000 -4.01047
141900.0000 -4.01486
141910.0000 -4.20032
141920.0000 -4.06276
141930.0000 -3.65295
141940.0000 -3.54310
141950.0000 -3.75414
141960.0000 -3.49496
141970.0000 -4.09511
141980.0000 -3.91364
141990.0000 -4.53732
142000.0000 -5.11267
142010.0000 -4.91061
142020.0000 -5.72755
142030.0000 -5.41888
142040.0000 -5.46844
142050.0000 -5.47756
142060.0000 -5.40611
142070.0000 -5.06802
142080.0000 -5.01405
142090.0000 -4.53746
142100.0000 -4.15421
142110.0000 -4.47607
142120.0000 -4.63223
142130.0000 -4.54140
142140.0000 -4.35720
142150.0000 -4.71601
142160.0000 -4.73392
142170.0000 -5.24060
142180.0000 -5.30301
142190.0000 -5.31820
142200.0000 -5.08915
142210.0000 -5.57760
142220.0000 -5.20915
142230.0000 -5.74986
142240.0000 -6.12483
142250.0000 -5.89693
142260.0000 -6.38107
142270.0000 -5.98483
142280.0000 -5.56778
142290.0000 -5.53020
142300.0000 -6.09124
142310.0000 -6.65450
142320.0000 -6.68184
142330.0000 -6.42255
142340.0000 -6.67569
142350.0000 -6.95986
142360.0000 -6.83314
142370.0000 -6.73323
142380.0000 -7.11278
142390.0000 -6.91494
142400.0000 -6.21317
142410.0000 -5.72725
142420.0000 -5.61852
142430.0000 -6.10200
142440.0000 -5.67717
142450.0000 -5.36810
142460.0000 -5.47940
142470.0000 -5.92531
142480.0000 -5.84618
142490.0000 -5.92471
142500.0000 -5.79149
142510.0000 -5.74568
142520.0000 -5.94097
142530.0000 -5.99198
142540.0000 -5.65872
142550.0000 -5.47369
142560.0000 -4.84196
142570.0000 -4.63456
142580.0000 -4.17993
142590.0000 -4.30110
142600.0000 -4.90743
142610.0000 -5.24287
142620.0000 -4.99011
142630.0000 -4.64758
142640.0000 -5.06243
142650.0000 -4.92949
142660.0000 -4.67619
142670.0000 -4.59469
142680.0000 -4.46498
142690.0000 -4.96131
142700.0000 -5.58376
142710.0000 -5.80031
142720.0000 -6.28186
142730.0000 -6.46248
142740.0000 -5.94444
142750.0000 -5.65787
142760.0000 -5.12985
142770.0000 -5.83035
142780.0000 -5.76784
142790.0000 -5.62589
142800.0000 -5.44306
142810.0000 -5.76064
142820.0000 -5.75137
142830.0000 -5.77524
142840.0000 -5.72699
142850.0000 -5.56265
142860.0000 -6.22602
142870.0000 -6.61697
142880.0000 -6.05938
142890.0000 -6.27915
142900.0000 -6.58207
142910.0000 -6.59070
142920.0000 -6.66253
142930.0000 -6.48193
142940.0000 -6.87902
142950.0000 -7.04025
142960.0000 -7.00732
142970.0000 -6.81370
142980.0000 -6.86654
142990.0000 -6.78920
143000.0000 -6.49620
143010.0000 -6.91501
143020.0000 -7.16976
143030.0000 -7.00157
143040.0000 -7.75361
143050.0000 -7.58630
143060.0000 -7.27211
143070.0000 -7.58624
143080.0000 -7.31168
143090.0000 -7.25712
143100.0000 -7.20939
143110.0000 -7.15918
143120.0000 -6.35652
143130.0000 -6.64284
143140.0000 -6.59854
143150.0000 -6.59691
143160.0000 -6.25809
143170.0000 -6.28126
143180.0000 -6.68952
143190.0000 -6.52389
143200.0000 -6.50697
143210.0000 -7.03881
143220.0000 -6.41830
143230.0000 -5.91919
143240.0000 -5.79540
143250.0000 -5.96540
143260.0000 -6.65564
143270.0000 -6.37967
143280.0000 -5.90020
143290.0000 -6.17948
143300.0000 -6.37854
143310.0000 -6.43398
143320.0000 -6.87438
143330.0000 -6.83312
143340.0000 -6.76532
143350.0000 -6.75420
143360.0000 -6.02079
143370.0000 -6.02107
143380.0000 -6.03716
143390.0000 -5.43604
143400.0000 -5.49054
143410.0000 -5.28581
143420.0000 -5.58059
143430.0000 -5.39848
143440.0000 -5.26646
143450.0000 -5.04597
143460.0000 -5.10298
143470.0000 -5.10798
143480.0000 -4.95785
143490.0000 -5.26756
143500.0000 -4.62220
143510.0000 -4.28996
143520.0000 -3.93419
143530.0000 -4.02651
143540.0000 -4.12367
143550.0000 -4.70511
143560.0000 -4.61080
143570.0000 -4.12153
143580.0000 -4.40016
143590.0000 -4.52359
143600.0000 -4.75597
143610.0000 -4.15002
143620.0000 -3.89114
143630.0000 -3.90495
143640.0000 -4.36824
143650.0000 -3.86470
143660.0000 -3.72287
143670.0000 -3.71882
143680.0000 -3.74348
143690.0000 -4.63804
143700.0000 -4.88271
143710.0000 -5.04081
143720.0000 -5.06670
143730.0000 -4.81681
143740.0000 -4.74444
143750.0000 -4.61539
143760.0000 -5.06748
143770.0000 -5.60113
143780.0000 -5.08391
143790.0000 -4.90513
143800.0000 -5.30895
143810.0000 -4.90288
143820.0000 -4.43451
143830.0000 -4.56872
143840.0000 -4.59506
143850.0000 -4.49718
143860.0000 -3.65288
143870.0000 -3.74923
143880.0000 -3.28236
143890.0000 -3.17222
143900.0000 -2.99510
143910.0000 -3.04523
143920.0000 -3.59136
143930.0000 -3.29234
143940.0000 -3.35101
143950.0000 -3.05623
143960.0000 -2.57285
143970.0000 -1.72581
143980.0000 -2.09378
143990.0000 -2.06527
144000.0000 -2.09051
144010.0000 -2.29066
144020.0000 -2.83378
144030.0000 -3.24320
144040.0000 -3.65136
144050.0000 -3.45316
144060.0000 -3.69017
144070.0000 -3.98769
144080.0000 -3.81491
144090.0000 -4.39975
144100.0000 -4.39057
144110.0000 -4.40272
144120.0000 -4.35022
144130.0000 -4.88629
144140.0000 -4.91419
144150.0000 -5.02072
144160.0000 -5.21351
144170.0000 -5.27190
144180.0000 -5.04356
144190.0000 -5.06532
144200.0000 -5.49671
144210.0000 -5.99932
144220.0000 -5.73649
144230.0000 -4.92532
144240.0000 -4.80401
144250.0000 -5.45563
144260.0000 -5.39510
144270.0000 -5.90176
144280.0000 -6.08161
144290.0000 -5.63022
144300.0000 -5.08157
144310.0000 -5.76995
144320.0000 -5.69826
144330.0000 -6.21884
144340.0000 -5.76066
144350.0000 -5.99579
144360.0000 -5.37721
144370.0000 -5.12857
144380.0000 -5.27125
144390.0000 -4.54193
144400.0000 -4.83514
144410.0000 -4.22787
144420.0000 -4.52755
144430.0000 -4.17668
144440.0000 -4.23570
144450.0000 -3.53430
144460.0000 -3.69684
144470.0000 -3.83388
144480.0000 -3.81993
144490.0000 -3.92612
144500.0000 -3.57736
144510.0000 -3.54159
144520.0000 -3.50238
144530.0000 -3.79603
144540.0000 -4.19400
144550.0000 -4.53704
144560.0000 -4.14662
144570.0000 -4.50504
144580.0000 -4.40658
144590.0000 -3.85539
144600.0000 -3.09922
144610.0000 -3.68956
144620.0000 -3.29250
144630.0000 -3.14716
144640.0000 -3.79380
144650.0000 -4.45191
144660.0000 -4.64746
144670.0000 -4.65781
144680.0000 -4.53251
144690.0000 -4.29837
144700.0000 -4.80502
144710.0000 -4.59493
144720.0000 -4.85997
144730.0000 -5.01315
144740.0000 -3.79491
144750.0000 -2.55867
144760.0000 -2.41947
144770.0000 -2.35827
144780.0000 -2.45677
144790.0000 -2.33097
144800.0000 -2.76006
144810.0000 -2.78794
144820.0000 -2.94340
144830.0000 -2.35883
144840.0000 -2.05043
144850.0000 -2.29312
144860.0000 -1.91160
144870.0000 -2.05410
144880.0000 -1.84911
144890.0000 -1.92691
144900.0000 -2.06784
144910.0000 -1.69799
144920.0000 -2.40748
144930.0000 -2.16497
144940.0000 -2.83350
144950.0000 -3.30551
144960.0000 -3.06692
144970.0000 -3.25375
144980.0000 -3.16690
144990.0000 -2.86805
145000.0000 -3.11980
145010.0000 -2.98980
145020.0000 -2.65417
145030.0000 -2.81622
145040.0000 -2.60884
145050.0000 -2.43651
145060.0000 -2.13407
145070.0000 -1.98785
145080.0000 -0.62703
145090.0000 -1.04310
145100.0000 -0.74376
145110.0000 -0.78919
145120.0000 -0.74656
145130.0000 0.03497
145140.0000 -0.49034
145150.0000 -0.24916
145160.0000 -0.48118
145170.0000 -0.57983
145180.0000 -0.87056
145190.0000 -0.60972
145200.0000 -0.21570
145210.0000 -0.39847
145220.0000 -0.62356
145230.0000 0.04728
145240.0000 -0.11607
145250.0000 0.08879
145260.0000 -0.11647
145270.0000 -0.50869
145280.0000 -0.95357
145290.0000 -0.85999
145300.0000 -1.27914
145310.0000 -1.10014
145320.0000 -1.57670
145330.0000 -1.15273
145340.0000 -1.15453
145350.0000 -1.23604
145360.0000 -1.32789
145370.0000 -1.23079
145380.0000 -1.79440
145390.0000 -1.75323
145400.0000 -1.61971
145410.0000 -1.85949
145420.0000 -1.85241
145430.0000 -1.56481
145440.0000 -1.57568
145450.0000 -1.58577
145460.0000 -1.36198
145470.0000 -1.60084
145480.0000 -1.44558
145490.0000 -1.47534
145500.0000 -1.72701
145510.0000 -1.61624
145520.0000 -1.85876
145530.0000 -1.67631
145540.0000 -1.74999
145550.0000 -1.19847
145560.0000 -1.35598
145570.0000 -1.72748
145580.0000 -1.46461
145590.0000 -1.38507
145600.0000 -1.25709
145610.0000 -1.34580
145620.0000 -0.90260
145630.0000 -1.16214
145640.0000 -1.66351
145650.0000 -2.31267
145660.0000 -2.17495
145670.0000 -2.26720
145680.0000 -1.84288
145690.0000 -2.25990
145700.0000 -2.11903
145710.0000 -1.62297
145720.0000 -1.87376
145730.0000 -1.40447
145740.0000 -2.20806
145750.0000 -2.51404
145760.0000 -2.31548
145770.0000 -2.28870
145780.0000 -2.09720
145790.0000 -1.86253
145800.0000 -1.86949
145810.0000 -2.06478
145820.0000 -1.28691
145830.0000 -0.93334
145840.0000 -0.98857
145850.0000 -0.77204
145860.0000 -0.28512
145870.0000 -0.19990
145880.0000 -1.03150
145890.0000 -1.21575
145900.0000 -1.57213
145910.0000 -1.33713
145920.0000 -1.48488
145930.0000 -1.53224
145940.0000 -1.50728
145950.0000 -0.68854
145960.0000 -0.87854
145970.0000 -1.26637
145980.0000 -0.79251
145990.0000 -0.82214
146000.0000 -0.86705
146010.0000 -0.69743
146020.0000 -0.67303
146030.0000 -1.08807
146040.0000 -0.51235
146050.0000 -0.06662
146060.0000 0.57980
146070.0000 0.05097
146080.0000 -0.03466
146090.0000 -0.01275
146100.0000 0.39416
146110.0000 0.48307
146120.0000 0.07861
146130.0000 -0.34992
146140.0000 0.03603
146150.0000 -0.00463
146160.0000 0.04189
146170.0000 0.32076
146180.0000 0.45042
146190.0000 0.31663
146200.0000 -0.01930
146210.0000 0.18170
146220.0000 0.10817
146230.0000 0.01569
146240.0000 0.61284
146250.0000 1.04611
146260.0000 1.29355
146270.0000 1.16718
146280.0000 0.77872
146290.0000 0.35417
146300.0000 0.30131
146310.0000 0.29688
146320.0000 0.85266
146330.0000 0.90687
146340.0000 1.08988
146350.0000 0.87728
146360.0000 1.09660
146370.0000 1.34297
146380.0000 1.20631
146390.0000 1.36033
146400.0000 1.17486
146410.0000 0.87948
146420.0000 1.29970
146430.0000 0.35250
146440.0000 0.57678
146450.0000 0.23208
146460.0000 0.37427
146470.0000 -0.07303
146480.0000 -0.10381
146490.0000 -0.25113
146500.0000 -0.34271
146510.0000 -1.01103
146520.0000 -0.66655
146530.0000 -0.60302
146540.0000 -0.81762
146550.0000 -0.74702
146560.0000 -0.36711
146570.0000 -0.30015
146580.0000 -0.08430
146590.0000 -0.00759
146600.0000 0.12031
146610.0000 -0.26037
146620.0000 -0.18833
146630.0000 -0.24718
146640.0000 -0.17220
146650.0000 -0.24183
146660.0000 0.02938
146670.0000 0.30708
146680.0000 0.31403
146690.0000 0.37025
146700.0000 0.21479
146710.0000 0.16456
146720.0000 -0.06251
146730.0000 0.31064
146740.0000 0.97437
146750.0000 0.92132
146760.0000 1.16548
146770.0000 1.39214
146780.0000 1.58152
146790.0000 1.59154
146800.0000 1.74304
146810.0000 1.45860
146820.0000 1.79226
146830.0000 1.67226
146840.0000 1.38362
146850.0000 0.89431
146860.0000 0.82437
146870.0000 1.00989
146880.0000 0.95524
146890.0000 0.88928
146900.0000 0.30430
146910.0000 0.67687
146920.0000 0.59670
146930.0000 0.98000
146940.0000 0.76883
146950.0000 0.46292
146960.0000 0.58936
146970.0000 0.30809
146980.0000 0.99544
146990.0000 1.36310
147000.0000 1.26632
147010.0000 1.30233
147020.0000 1.77200
147030.0000 1.33974
147040.0000 1.99105
147050.0000 1.85068
147060.0000 1.87668
147070.0000 2.13198
147080.0000 2.62691
147090.0000 2.59390
147100.0000 2.82812
147110.0000 2.74593
147120.0000 2.77001
147130.0000 2.86379
147140.0000 3.24931
147150.0000 2.88929
147160.0000 3.18318
147170.0000 3.41401
147180.0000 3.42354
147190.0000 3.75545
147200.0000 4.14740
147210.0000 4.31952
147220.0000 4.59011
147230.0000 4.17807
147240.0000 4.05062
147250.0000 4.53432
147260.0000 5.05271
147270.0000 5.31626
147280.0000 4.41687
147290.0000 4.45015
147300.0000 4.61476
147310.0000 4.55205
147320.0000 4.57663
147330.0000 4.42839
147340.0000 4.36596
147350.0000 4.46400
147360.0000 4.84106
147370.0000 4.33447
147380.0000 4.49339
147390.0000 4.55851
147400.0000 4.79026
147410.0000 5.14037
147420.0000 5.36581
147430.0000 5.05846
147440.0000 5.14097
147450.0000 5.29096
147460.0000 5.59379
147470.0000 5.21434
147480.0000 4.94739
147490.0000 4.92971
147500.0000 5.24751
147510.0000 5.39962
147520.0000 5.80632
147530.0000 5.68665
147540.0000 6.06280
147550.0000 5.78396
147560.0000 5.87982
147570.0000 6.26844
147580.0000 5.89578
147590.0000 5.72384
147600.0000 6.16393
147610.0000 6.23687
147620.0000 6.96256
147630.0000 6.84896
147640.0000 6.94259
147650.0000 6.38636
147660.0000 5.73949
147670.0000 5.90097
147680.0000 6.17503
147690.0000 5.83122
147700.0000 5.86177
147710.0000 5.84355
147720.0000 6.01014
147730.0000 5.77126
147740.0000 5.86913
147750.0000 5.73215
147760.0000 5.29484
147770.0000 5.20024
147780.0000 4.62494
147790.0000 4.29593
147800.0000 4.25320
147810.0000 4.13875
147820.0000 4.27577
147830.0000 4.44014
147840.0000 4.69922
147850.0000 4.87118
147860.0000 4.48471
147870.0000 4.25322
147880.0000 4.22728
147890.0000 4.35113
147900.0000 4.88703
147910.0000 4.83903
147920.0000 4.76355
147930.0000 4.82908
147940.0000 4.91334
147950.0000 4.54554
147960.0000 4.82521
147970.0000 4.53026
147980.0000 4.31505
147990.0000 4.46719
148000.0000 4.45730
148010.0000 4.70297
148020.0000 4.66631
148030.0000 4.71029
148040.0000 4.38581
148050.0000 4.39015
148060.0000 4.32931
148070.0000 4.73213
148080.0000 5.04416
148090.0000 5.17000
148100.0000 5.65656
148110.0000 5.56911
148120.0000 4.82273
148130.0000 4.20240
148140.0000 4.49521
148150.0000 4.15457
148160.0000 3.72934
148170.0000 3.92063
148180.0000 3.99457
148190.0000 3.92746
148200.0000 4.09086
148210.0000 3.76573
148220.0000 3.21990
148230.0000 3.09340
148240.0000 3.05351
148250.0000 3.22373
148260.0000 3.56912
148270.0000 3.61192
148280.0000 3.89700
148290.0000 3.98079
148300.0000 4.25973
148310.0000 4.63803
148320.0000 4.94401
148330.0000 5.32704
148340.0000 5.78559
148350.0000 6.07356
148360.0000 6.17387
148370.0000 5.94460
148380.0000 6.41407
148390.0000 6.90666
148400.0000 7.08607
148410.0000 7.19458
148420.0000 7.17425
148430.0000 7.27202
148440.0000 7.51388
148450.0000 7.20199
148460.0000 6.73617
148470.0000 6.47148
148480.0000 6.39242
148490.0000 5.79954
148500.0000 5.47746
148510.0000 5.55987
148520.0000 5.53623
148530.0000 5.23023
148540.0000 5.53627
148550.0000 5.12149
148560.0000 4.83242
148570.0000 4.46863
148580.0000 3.87902
148590.0000 3.77956
148600.0000 3.47430
148610.0000 3.33595
148620.0000 3.37119
148630.0000 2.93410
148640.0000 2.51273
148650.0000 2.66627
148660.0000 2.99924
148670.0000 2.52611
148680.0000 2.55882
148690.0000 2.22152
148700.0000 1.92741
148710.0000 2.13771
148720.0000 2.36936
148730.0000 2.20250
148740.0000 2.58909
148750.0000 2.91653
148760.0000 3.01060
148770.0000 2.90599
148780.0000 3.25055
148790.0000 3.11253
148800.0000 3.39183
148810.0000 3.26992
148820.0000 3.15342
148830.0000 3.08021
148840.0000 3.30878
148850.0000 4.01377
148860.0000 4.51807
148870.0000 4.58391
148880.0000 4.93728
148890.0000 4.89268
148900.0000 4.93581
148910.0000 4.76287
148920.0000 4.82597
148930.0000 4.26409
148940.0000 4.05146
148950.0000 4.04204
148960.0000 3.99596
148970.0000 4.07084
148980.0000 3.75047
148990.0000 4.12689
149000.0000 4.27418
149010.0000 4.73040
149020.0000 4.91767
149030.0000 4.43157
149040.0000 4.00478
149050.0000 3.81188
149060.0000 3.99699
149070.0000 4.18274
149080.0000 4.13932
149090.0000 4.07057
149100.0000 3.82871
149110.0000 3.96262
149120.0000 3.78497
149130.0000 3.31428
149140.0000 3.20328
149150.0000 3.30572
149160.0000 3.62086
149170.0000 3.72011
149180.0000 3.67487
149190.0000 3.76008
149200.0000 4.02437
149210.0000 4.30141
149220.0000 4.17119
149230.0000 3.72537
149240.0000 3.51336
149250.0000 3.57420
149260.0000 4.24559
149270.0000 4.47551
149280.0000 4.13643
149290.0000 4.12267
149300.0000 3.80032
149310.0000 4.00013
149320.0000 3.68618
149330.0000 3.81248
149340.0000 3.52965
149350.0000 3.53489
149360.0000 3.46026
149370.0000 3.32697
149380.0000 2.73969
149390.0000 2.61217
149400.0000 3.13216
149410.0000 3.07068
149420.0000 2.56416
149430.0000 2.44841
149440.0000 1.69697
149450.0000 1.86032
149460.0000 1.76171
149470.0000 1.33269
149480.0000 1.11274
149490.0000 1.16871
149500.0000 0.85545
149510.0000 0.51722
149520.0000 0.90093
149530.0000 1.44150
149540.0000 1.70907
149550.0000 0.92999
149560.0000 1.03032
149570.0000 1.22451
149580.0000 0.78467
149590.0000 1.20420
149600.0000 0.77368
149610.0000 0.99272
149620.0000 1.52195
149630.0000 1.63960
149640.0000 1.69293
149650.0000 1.39238
149660.0000 1.00436
149670.0000 1.07640
149680.0000 0.62845
149690.0000 0.71793
149700.0000 0.83313
149710.0000 1.21203
149720.0000 1.04257
149730.0000 0.80466
149740.0000 0.84097
149750.0000 0.75866
149760.0000 1.37582
149770.0000 0.96363
149780.0000 1.29921
149790.0000 1.08405
149800.0000 1.23114
149810.0000 1.22533
149820.0000 1.04863
149830.0000 0.75649
149840.0000 0.99673
149850.0000 1.01344
149860.0000 0.75401
149870.0000 0.58144
149880.0000 0.18747
149890.0000 0.29064
149900.0000 0.40006
149910.0000 0.34801
149920.0000 -0.16769
149930.0000 0.41575
149940.0000 0.98803
149950.0000 0.90844
149960.0000 0.88372
149970.0000 0.68453
149980.0000 0.84322
149990.0000 1.24629
150000.0000 0.95464
150010.0000 0.79729
150020.0000 0.95140
150030.0000 0.98579
150040.0000 0.89078
150050.0000 0.59869
150060.0000 0.25790
150070.0000 0.01443
150080.0000 0.23509
150090.0000 0.72698
150100.0000 0.79399
150110.0000 1.05247
150120.0000 1.05319
150130.0000 1.23780
150140.0000 0.90739
150150.0000 0.67417
150160.0000 0.17281
150170.0000 0.39212
150180.0000 -0.20427
150190.0000 -0.38472
150200.0000 -0.03873
150210.0000 -0.06561
150220.0000 -0.26083
150230.0000 -0.54025
150240.0000 -0.52371
150250.0000 -0.30877
150260.0000 -0.34219
150270.0000 -0.33477
150280.0000 -0.52412
150290.0000 -0.72416
150300.0000 -0.45149
150310.0000 -1.18029
150320.0000 -1.25648
150330.0000 -1.08125
150340.0000 -1.02672
150350.0000 -1.31244
150360.0000 -0.77469
150370.0000 -0.77932
150380.0000 -1.32028
150390.0000 -1.40011
150400.0000 -1.42769
150410.0000 -1.16673
150420.0000 -1.17259
150430.0000 -1.90255
150440.0000 -1.86601
150450.0000 -2.02267
150460.0000 -2.00101
150470.0000 -1.65940
150480.0000 -2.08632
150490.0000 -2.04246
150500.0000 -2.49729
150510.0000 -2.89783
150520.0000 -2.64728
150530.0000 -2.68652
150540.0000 -2.84460
150550.0000 -2.96829
150560.0000 -2.80467
150570.0000 -2.70777
150580.0000 -2.79285
150590.0000 -3.10479
150600.0000 -2.31300
150610.0000 -2.40654
150620.0000 -2.43400
150630.0000 -2.19454
150640.0000 -2.50088
150650.0000 -2.69837
150660.0000 -2.50527
150670.0000 -2.57742
150680.0000 -2.13496
150690.0000 -2.65489
150700.0000 -3.07484
150710.0000 -3.23796
150720.0000 -3.29800
150730.0000 -3.37537
150740.0000 -3.21226
150750.0000 -2.76879
150760.0000 -2.87275
150770.0000 -3.16130
150780.0000 -3.57768
150790.0000 -3.88778
150800.0000 -3.79214
150810.0000 -3.64661
150820.0000 -3.47111
150830.0000 -3.10271
150840.0000 -2.72451
150850.0000 -2.84874
150860.0000 -2.57301
150870.0000 -2.13343
150880.0000 -2.42466
150890.0000 -2.62436
150900.0000 -3.06546
150910.0000 -3.36020
150920.0000 -3.35268
150930.0000 -3.57646
150940.0000 -3.26559
150950.0000 -2.75736
150960.0000 -2.73778
150970.0000 -2.63790
150980.0000 -2.38876
150990.0000 -2.36997
151000.0000 -2.22829
151010.0000 -2.01512
151020.0000 -1.94358
151030.0000 -1.79888
151040.0000 -2.13101
151050.0000 -2.50031
151060.0000 -1.96102
151070.0000 -1.98213
151080.0000 -2.18921
151090.0000 -2.73370
151100.0000 -2.82125
151110.0000 -2.38916
151120.0000 -2.80697
151130.0000 -2.36922
151140.0000 -2.89682
151150.0000 -3.27227
151160.0000 -3.19249
151170.0000 -3.03176
151180.0000 -3.05086
151190.0000 -3.07250
151200.0000 -3.39853
151210.0000 -3.55684
151220.0000 -3.36549
151230.0000 -2.96733
151240.0000 -4.07458
151250.0000 -4.09536
151260.0000 -4.48210
151270.0000 -4.78533
151280.0000 -4.18949
151290.0000 -4.59706
151300.0000 -4.37048
151310.0000 -4.49473
151320.0000 -4.77054
151330.0000 -4.61241
151340.0000 -3.95539
151350.0000 -3.97473
151360.0000 -4.33670
151370.0000 -4.32485
151380.0000 -4.13072
151390.0000 -4.35565
151400.0000 -3.97333
151410.0000 -3.82140
151420.0000 -3.99778
151430.0000 -3.98801
151440.0000 -4.24179
151450.0000 -4.25249
151460.0000 -4.51361
151470.0000 -4.70489
151480.0000 -5.16392
151490.0000 -5.26422
151500.0000 -5.14945
151510.0000 -4.74999
151520.0000 -4.72173
151530.0000 -4.90440
151540.0000 -4.10994
151550.0000 -4.31433
151560.0000 -4.07672
151570.0000 -4.35097
151580.0000 -3.98052
151590.0000 -3.60134
151600.0000 -3.12467
151610.0000 -2.58646
151620.0000 -2.39317
151630.0000 -2.80000
151640.0000 -3.37430
151650.0000 -3.31307
151660.0000 -3.48123
151670.0000 -3.58190
151680.0000 -3.73980
151690.0000 -3.93599
151700.0000 -4.25641
151710.0000 -4.41385
151720.0000 -4.15088
151730.0000 -4.11405
151740.0000 -4.04060
151750.0000 -4.04298
151760.0000 -4.40167
151770.0000 -3.96930
151780.0000 -4.14870
151790.0000 -4.37531
151800.0000 -4.45641
151810.0000 -4.52057
151820.0000 -3.66299
151830.0000 -3.42703
151840.0000 -3.57959
151850.0000 -3.20858
151860.0000 -3.40521
151870.0000 -3.56359
151880.0000 -3.57995
151890.0000 -3.85925
151900.0000 -4.00699
151910.0000 -3.58585
151920.0000 -3.95806
151930.0000 -4.63521
151940.0000 -4.81454
151950.0000 -4.97479
151960.0000 -4.50686
151970.0000 -4.10419
151980.0000 -3.90787
151990.0000 -3.79156
152000.0000 -3.24154
152010.0000 -3.64663
152020.0000 -3.56441
152030.0000 -3.52879
152040.0000 -3.71227
152050.0000 -3.34641
152060.0000 -3.42771
152070.0000 -4.06941
152080.0000 -3.64069
152090.0000 -2.89380
152100.0000 -2.55451
152110.0000 -2.97052
152120.0000 -2.76740
152130.0000 -2.29048
152140.0000 -2.45423
152150.0000 -2.31047
152160.0000 -2.88379
152170.0000 -2.49972
152180.0000 -2.35611
152190.0000 -2.53695
152200.0000 -2.51961
152210.0000 -2.38098
152220.0000 -2.03420
152230.0000 -1.96936
152240.0000 -1.76538
152250.0000 -1.52218
152260.0000 -1.76904
152270.0000 -1.54852
152280.0000 -1.41684
152290.0000 -1.11154
152300.0000 -1.30251
152310.0000 -1.21621
152320.0000 -1.35412
152330.0000 -1.49599
152340.0000 -1.49915
152350.0000 -1.47108
152360.0000 -1.54448
152370.0000 -0.96723
152380.0000 -0.42534
152390.0000 -0.83598
152400.0000 -0.92401
152410.0000 -1.13313
152420.0000 -0.98658
152430.0000 -1.31814
152440.0000 -0.97156
152450.0000 -0.99208
152460.0000 -1.41411
152470.0000 -1.67898
152480.0000 -1.62402
152490.0000 -1.91774
152500.0000 -2.08520
152510.0000 -2.44674
152520.0000 -2.54824
152530.0000 -2.75774
152540.0000 -2.97963
152550.0000 -2.91491
152560.0000 -3.40950
152570.0000 -3.16283
152580.0000 -3.33047
152590.0000 -3.29501
152600.0000 -2.99245
152610.0000 -2.67488
152620.0000 -2.55303
152630.0000 -2.49596
152640.0000 -2.41544
152650.0000 -2.59816
152660.0000 -2.73795
152670.0000 -2.91755
152680.0000 -2.92143
152690.0000 -2.65079
152700.0000 -2.53603
152710.0000 -2.48847
152720.0000 -2.51934
152730.0000 -2.76663
152740.0000 -2.42301
152750.0000 -2.24015
152760.0000 -1.87594
152770.0000 -2.18305
152780.0000 -2.64975
152790.0000 -2.97353
152800.0000 -2.22625
152810.0000 -1.76423
152820.0000 -1.82648
152830.0000 -2.07030
152840.0000 -1.65507
152850.0000 -1.95293
152860.0000 -1.98339
152870.0000 -2.00095
152880.0000 -1.79153
152890.0000 -1.95299
152900.0000 -2.91542
152910.0000 -3.07742
152920.0000 -2.93065
152930.0000 -2.79383
152940.0000 -2.69087
152950.0000 -2.58444
152960.0000 -2.01190
152970.0000 -1.80290
152980.0000 -1.75995
152990.0000 -1.94023
153000.0000 -1.48863
153010.0000 -1.26663
153020.0000 -1.41533
153030.0000 -1.50819
153040.0000 -2.03508
153050.0000 -1.60941
153060.0000 -1.32823
153070.0000 -0.67999
153080.0000 -0.54605
153090.0000 -0.33823
153100.0000 -0.26238
153110.0000 0.06583
153120.0000 -0.27794
153130.0000 0.04497
153140.0000 0.11433
153150.0000 0.47637
153160.0000 -0.02963
153170.0000 0.34728
153180.0000 0.38432
153190.0000 0.66865
153200.0000 1.50950
153210.0000 1.15298
153220.0000 1.29729
153230.0000 1.10271
153240.0000 1.18340
153250.0000 1.21369
153260.0000 1.14879
153270.0000 0.78547
153280.0000 0.72474
153290.0000 0.76173
153300.0000 0.65114
153310.0000 0.23941
153320.0000 0.05240
153330.0000 -0.22769
153340.0000 -0.40093
153350.0000 -0.54414
153360.0000 -0.47602
153370.0000 -0.28142
153380.0000 -0.30037
153390.0000 0.41192
153400.0000 0.34328
153410.0000 0.43622
153420.0000 0.32489
153430.0000 0.49086
153440.0000 0.08932
153450.0000 0.64107
153460.0000 0.51628
153470.0000 1.11443
153480.0000 0.83697
153490.0000 1.16346
153500.0000 1.57504
153510.0000 1.74405
153520.0000 1.82490
153530.0000 1.84066
153540.0000 2.32227
153550.0000 3.14603
153560.0000 3.57960
153570.0000 3.35664
153580.0000 3.57159
153590.0000 3.92218
153600.0000 4.07948
153610.0000 4.19973
153620.0000 4.17219
153630.0000 4.28471
153640.0000 4.34751
153650.0000 4.68700
153660.0000 4.58532
153670.0000 4.75929
153680.0000 4.78168
153690.0000 4.80957
153700.0000 4.50969
153710.0000 4.09133
153720.0000 4.51487
153730.0000 4.26300
153740.0000 4.28686
153750.0000 4.46177
153760.0000 4.65282
153770.0000 4.66475
153780.0000 4.52684
153790.0000 4.50343
153800.0000 4.74117
153810.0000 4.62924
153820.0000 4.46994
153830.0000 4.61923
153840.0000 4.48737
153850.0000 4.70788
153860.0000 4.27780
153870.0000 4.54777
153880.0000 4.06578
153890.0000 4.11379
153900.0000 3.73328
153910.0000 3.86956
153920.0000 3.95006
153930.0000 4.38726
153940.0000 4.46594
153950.0000 5.03417
153960.0000 5.49554
153970.0000 6.25841
153980.0000 6.22274
153990.0000 6.19955
154000.0000 5.86173
154010.0000 5.45907
154020.0000 5.89904
154030.0000 6.00295
154040.0000 6.13652
154050.0000 5.84721
154060.0000 5.65931
154070.0000 5.43877
154080.0000 5.53006
154090.0000 5.58715
154100.0000 5.41364
154110.0000 5.18633
154120.0000 4.73152
154130.0000 5.27516
154140.0000 5.12676
154150.0000 4.40403
154160.0000 3.99347
154170.0000 4.20691
154180.0000 4.13966
154190.0000 4.19810
154200.0000 4.45924
154210.0000 4.57513
154220.0000 4.51151
154230.0000 4.57798
154240.0000 4.30934
154250.0000 4.83513
154260.0000 4.57105
154270.0000 4.17777
154280.0000 3.87515
154290.0000 4.00055
154300.0000 4.22525
154310.0000 4.24259
154320.0000 4.52083
154330.0000 4.49482
154340.0000 4.65672
154350.0000 5.05926
154360.0000 5.00626
154370.0000 5.05868
154380.0000 5.10024
154390.0000 4.90689
154400.0000 4.37491
154410.0000 3.98360
154420.0000 4.08201
154430.0000 4.11953
154440.0000 3.69754
154450.0000 3.39071
154460.0000 3.50295
154470.0000 3.53616
154480.0000 3.32297
154490.0000 3.82881
154500.0000 3.77477
154510.0000 3.85879
154520.0000 4.20824
154530.0000 4.04735
154540.0000 4.71079
154550.0000 4.29051
154560.0000 4.40214
154570.0000 4.60648
154580.0000 4.76864
154590.0000 4.89807
154600.0000 4.93336
154610.0000 4.87564
154620.0000 4.78116
154630.0000 5.09794
154640.0000 4.94017
154650.0000 4.54837
154660.0000 4.43157
154670.0000 4.25183
154680.0000 4.55889
154690.0000 4.66423
154700.0000 4.88804
154710.0000 4.61453
154720.0000 4.48696
154730.0000 4.86209
154740.0000 4.63215
154750.0000 4.71319
154760.0000 4.93888
154770.0000 5.13385
154780.0000 5.53033
154790.0000 5.27085
154800.0000 5.46672
154810.0000 5.64998
154820.0000 5.87532
154830.0000 5.70277
154840.0000 5.97837
154850.0000 5.95465
154860.0000 5.63016
154870.0000 5.63802
154880.0000 5.62704
154890.0000 5.55940
154900.0000 5.73580
154910.0000 5.69851
154920.0000 5.59203
154930.0000 5.19246
154940.0000 5.29425
154950.0000 4.98144
154960.0000 4.83463
154970.0000 5.13263
154980.0000 4.87868
154990.0000 4.97194
155000.0000 5.32374
155010.0000 5.65423
155020.0000 5.41444
155030.0000 5.58490
155040.0000 5.62758
155050.0000 5.86064
155060.0000 5.80037
155070.0000 6.10428
155080.0000 6.12079
155090.0000 6.54835
155100.0000 7.17284
155110.0000 6.76440
155120.0000 7.03702
155130.0000 7.36081
155140.0000 6.98925
155150.0000 6.77597
155160.0000 6.73446
155170.0000 6.31099
155180.0000 6.24801
155190.0000 6.16994
155200.0000 6.56496
155210.0000 6.71062
155220.0000 6.79272
155230.0000 6.68627
155240.0000 6.82995
155250.0000 7.05957
155260.0000 7.34544
155270.0000 7.26890
155280.0000 7.62687
155290.0000 7.50046
155300.0000 7.81045
155310.0000 7.65480
155320.0000 7.72130
155330.0000 7.75028
155340.0000 7.95287
155350.0000 7.82315
155360.0000 7.36424
155370.0000 7.51903
155380.0000 7.39299
155390.0000 7.34296
155400.0000 7.44312
155410.0000 7.03955
155420.0000 7.18228
155430.0000 6.81873
155440.0000 7.22779
155450.0000 7.46762
155460.0000 7.10496
155470.0000 6.95572
155480.0000 6.93808
155490.0000 7.10615
155500.0000 6.91669
155510.0000 7.15508
155520.0000 7.39702
155530.0000 7.68499
155540.0000 8.08560
155550.0000 8.31983
155560.0000 8.25295
155570.0000 8.47162
155580.0000 8.73156
155590.0000 8.64329
155600.0000 8.58544
155610.0000 8.98835
155620.0000 8.98265
155630.0000 8.76411
155640.0000 8.76266
155650.0000 8.94181
155660.0000 8.83873
155670.0000 8.72776
155680.0000 8.77691
155690.0000 8.85959
155700.0000 8.67795
155710.0000 8.77497
155720.0000 8.71067
155730.0000 8.49074
155740.0000 9.21622
155750.0000 9.10814
155760.0000 8.80934
155770.0000 8.52841
155780.0000 8.63782
155790.0000 8.60607
155800.0000 8.88063
155810.0000 9.33386
155820.0000 9.12696
155830.0000 9.07347
155840.0000 8.64800
155850.0000 8.86572
155860.0000 8.75650
155870.0000 8.80790
155880.0000 8.86816
155890.0000 8.67445
155900.0000 8.98195
155910.0000 9.49933
155920.0000 9.38103
155930.0000 9.19819
155940.0000 8.99257
155950.0000 9.69437
155960.0000 9.62697
155970.0000 9.42056
155980.0000 9.59128
155990.0000 9.91147
156000.0000 9.87014
156010.0000 9.70620
156020.0000 9.81692
156030.0000 9.98357
156040.0000 9.70194
156050.0000 9.29106
156060.0000 8.75769
156070.0000 8.87821
156080.0000 9.32290
156090.0000 9.60202
156100.0000 10.02170
156110.0000 9.82902
156120.0000 10.32709
156130.0000 10.63365
156140.0000 10.76651
156150.0000 10.57997
156160.0000 10.73106
156170.0000 10.85700
156180.0000 11.03609
156190.0000 10.84122
156200.0000 11.23707
156210.0000 11.00248
156220.0000 11.45285
156230.0000 11.39234
156240.0000 11.91410
156250.0000 11.55272
156260.0000 11.78093
156270.0000 11.22658
156280.0000 11.23441
156290.0000 11.21953
156300.0000 11.47608
156310.0000 11.86116
156320.0000 11.92987
156330.0000 11.93031
156340.0000 11.40109
156350.0000 11.39062
156360.0000 11.57436
156370.0000 11.63426
156380.0000 11.84874
156390.0000 11.92789
156400.0000 12.07547
156410.0000 12.41384
156420.0000 12.19573
156430.0000 12.42194
156440.0000 12.47662
156450.0000 12.92841
156460.0000 13.01382
156470.0000 12.76866
156480.0000 12.95524
156490.0000 13.31260
156500.0000 13.66525
156510.0000 13.33511
156520.0000 13.46613
156530.0000 13.33484
156540.0000 13.20079
156550.0000 13.43225
156560.0000 13.64976
156570.0000 13.24023
156580.0000 13.17440
156590.0000 13.05149
156600.0000 13.15850
156610.0000 13.12300
156620.0000 13.33239
156630.0000 13.11477
156640.0000 12.92952
156650.0000 13.24553
156660.0000 12.71490
156670.0000 12.37873
156680.0000 12.66341
156690.0000 12.88857
156700.0000 12.62424
156710.0000 12.55961
156720.0000 12.79492
156730.0000 12.63540
156740.0000 12.55785
156750.0000 12.70712
156760.0000 12.77637
156770.0000 12.84270
156780.0000 12.97345
156790.0000 12.92346
156800.0000 12.98614
156810.0000 13.09139
156820.0000 12.78646
156830.0000 12.84006
156840.0000 12.55326
156850.0000 12.19648
156860.0000 12.07723
156870.0000 12.14431
156880.0000 11.75831
156890.0000 11.29593
156900.0000 10.89121
156910.0000 10.64533
156920.0000 10.71850
156930.0000 11.10229
156940.0000 11.14612
156950.0000 11.21563
156960.0000 11.67118
156970.0000 11.41419
156980.0000 10.96552
156990.0000 10.91327
157000.0000 11.20947
157010.0000 11.93254
157020.0000 12.06726
157030.0000 12.00302
157040.0000 11.92708
157050.0000 11.77144
157060.0000 11.58551
157070.0000 11.86368
157080.0000 11.81757
157090.0000 11.42102
157100.0000 11.62330
157110.0000 11.48367
157120.0000 11.34677
157130.0000 11.17414
157140.0000 11.39314
157150.0000 10.97149
157160.0000 10.87327
157170.0000 11.36899
157180.0000 11.08127
157190.0000 11.03103
157200.0000 10.92728
157210.0000 11.48800
157220.0000 11.33611
157230.0000 11.44595
157240.0000 11.72519
157250.0000 11.58376
157260.0000 11.22756
157270.0000 11.31910
157280.0000 11.14680
157290.0000 11.19560
157300.0000 11.48796
157310.0000 11.53112
157320.0000 11.89573
157330.0000 12.33526
157340.0000 12.45710
157350.0000 12.18698
157360.0000 12.48231
157370.0000 12.38445
157380.0000 11.98959
157390.0000 12.09694
157400.0000 12.01600
157410.0000 12.31862
157420.0000 12.19840
157430.0000 12.07172
157440.0000 11.90907
157450.0000 11.43223
157460.0000 11.32549
157470.0000 11.76582
157480.0000 11.52503
157490.0000 11.62090
157500.0000 11.41791
157510.0000 11.44447
157520.0000 11.43156
157530.0000 11.55011
157540.0000 11.87485
157550.0000 12.24575
157560.0000 12.40294
157570.0000 12.40154
157580.0000 12.39515
157590.0000 12.47154
157600.0000 12.71940
157610.0000 12.64305
157620.0000 12.45912
157630.0000 12.87282
157640.0000 12.64363
157650.0000 12.86386
157660.0000 12.99508
157670.0000 12.95466
157680.0000 12.93359
157690.0000 12.95454
157700.0000 12.90926
157710.0000 12.80296
157720.0000 12.67633
157730.0000 12.84700
157740.0000 12.95113
157750.0000 13.11047
157760.0000 13.29637
157770.0000 13.65752
157780.0000 13.71483
157790.0000 13.80335
157800.0000 14.04498
157810.0000 13.95584
157820.0000 13.94487
157830.0000 13.81713
157840.0000 13.87634
157850.0000 14.05184
157860.0000 14.05340
157870.0000 14.19725
157880.0000 13.91855
157890.0000 14.01376
157900.0000 14.48179
157910.0000 14.32237
157920.0000 14.59808
157930.0000 14.30736
157940.0000 14.38664
157950.0000 14.24301
157960.0000 14.13220
157970.0000 14.16882
157980.0000 14.40327
157990.0000 14.29732
158000.0000 13.93176
158010.0000 13.90391
158020.0000 13.83146
158030.0000 13.68115
158040.0000 13.52514
158050.0000 13.31571
158060.0000 13.27210
158070.0000 13.12677
158080.0000 12.75330
158090.0000 12.84101
158100.0000 13.25098
158110.0000 13.22808
158120.0000 13.18205
158130.0000 13.04665
158140.0000 12.95990
158150.0000 12.81975
158160.0000 13.26820
158170.0000 13.20067
158180.0000 13.31956
158190.0000 12.92854
158200.0000 12.69200
158210.0000 12.46739
158220.0000 12.74113
158230.0000 12.63443
158240.0000 12.53678
158250.0000 12.22534
158260.0000 12.29593
158270.0000 12.08474
158280.0000 11.95153
158290.0000 12.19827
158300.0000 12.48221
158310.0000 12.53361
158320.0000 12.45421
158330.0000 12.80136
158340.0000 13.25586
158350.0000 12.94145
158360.0000 12.99293
158370.0000 12.76498
158380.0000 13.08852
158390.0000 13.03287
158400.0000 13.12876
158410.0000 13.36026
158420.0000 13.35592
158430.0000 12.64183
158440.0000 12.59401
158450.0000 12.64309
158460.0000 12.92404
158470.0000 12.96812
158480.0000 12.63122
158490.0000 12.41815
158500.0000 12.28695
158510.0000 12.38805
158520.0000 12.38237
158530.0000 12.54715
158540.0000 13.07737
158550.0000 13.12337
158560.0000 13.38559
158570.0000 13.36217
158580.0000 13.45289
158590.0000 13.40570
158600.0000 13.09283
158610.0000 13.22064
158620.0000 13.42224
158630.0000 13.46457
158640.0000 12.96369
158650.0000 13.15296
158660.0000 12.78654
158670.0000 12.43152
158680.0000 12.09685
158690.0000 12.55253
158700.0000 12.51100
158710.0000 12.94781
158720.0000 12.86298
158730.0000 13.01124
158740.0000 12.83379
158750.0000 12.69433
158760.0000 12.33595
158770.0000 12.36509
158780.0000 12.51772
158790.0000 12.14245
158800.0000 12.06132
158810.0000 12.14721
158820.0000 12.21666
158830.0000 12.90738
158840.0000 13.02279
158850.0000 12.58454
158860.0000 12.47172
158870.0000 12.47523
158880.0000 12.49450
158890.0000 12.37331
158900.0000 12.20048
158910.0000 11.88927
158920.0000 11.61174
158930.0000 11.62411
158940.0000 11.68291
158950.0000 11.64614
158960.0000 11.70877
158970.0000 11.66561
158980.0000 11.42224
158990.0000 11.56418
159000.0000 11.09465
159010.0000 11.05728
159020.0000 10.65705
159030.0000 11.22314
159040.0000 11.27354
159050.0000 11.25099
159060.0000 10.63086
159070.0000 10.37417
159080.0000 10.38952
159090.0000 10.58276
159100.0000 10.54892
159110.0000 10.73141
159120.0000 10.62582
159130.0000 10.24537
159140.0000 10.05383
159150.0000 9.79175
159160.0000 9.65144
159170.0000 9.81449
159180.0000 9.79177
159190.0000 10.29757
159200.0000 10.32979
159210.0000 10.18978
159220.0000 10.43703
159230.0000 10.60400
159240.0000 10.74393
159250.0000 10.51924
159260.0000 10.35056
159270.0000 10.51122
159280.0000 10.99341
159290.0000 11.01676
159300.0000 11.12789
159310.0000 11.28398
159320.0000 11.21357
159330.0000 11.16505
159340.0000 11.86210
159350.0000 11.71751
159360.0000 11.70313
159370.0000 11.45482
159380.0000 11.45868
159390.0000 11.17655
159400.0000 10.75136
159410.0000 10.64543
159420.0000 10.55143
159430.0000 11.12055
159440.0000 11.65972
159450.0000 11.19695
159460.0000 10.84183
159470.0000 10.68549
159480.0000 10.38218
159490.0000 10.54671
159500.0000 10.59308
159510.0000 10.43751
159520.0000 10.10904
159530.0000 9.96223
159540.0000 10.29577
159550.0000 10.42037
159560.0000 10.26100
159570.0000 10.19546
159580.0000 10.40226
159590.0000 10.33599
159600.0000 10.17439
159610.0000 10.25584
159620.0000 10.04243
159630.0000 10.29089
159640.0000 10.26934
159650.0000 9.84861
159660.0000 9.38578
159670.0000 9.05676
159680.0000 8.97959
159690.0000 9.01765
159700.0000 9.07273
159710.0000 9.20964
159720.0000 8.96525
159730.0000 8.76350
159740.0000 8.84665
159750.0000 8.89076
159760.0000 9.05189
159770.0000 9.12721
159780.0000 9.75003
159790.0000 10.15446
159800.0000 10.49464
159810.0000 10.74137
159820.0000 10.75220
159830.0000 10.47092
159840.0000 10.28433
159850.0000 10.23915
159860.0000 10.17934
159870.0000 10.27643
159880.0000 9.94923
159890.0000 9.96182
159900.0000 10.43285
159910.0000 10.56205
159920.0000 10.53925
159930.0000 10.14278
159940.0000 10.43724
159950.0000 10.62778
159960.0000 10.70518
159970.0000 11.32847
159980.0000 11.01857
159990.0000 10.64381
160000.0000 10.63088
160010.0000 10.65678
160020.0000 10.96085
160030.0000 10.97641
160040.0000 10.70243
160050.0000 10.77145
160060.0000 10.39251
160070.0000 10.39454
160080.0000 10.10244
160090.0000 10.30682
160100.0000 9.96303
160110.0000 9.91919
160120.0000 9.84723
160130.0000 10.09319
160140.0000 10.04687
160150.0000 9.05806
160160.0000 8.82391
160170.0000 9.01791
160180.0000 9.07165
160190.0000 9.19034
160200.0000 9.37564
160210.0000 9.11003
160220.0000 9.13016
160230.0000 9.18590
160240.0000 8.60935
160250.0000 8.35328
160260.0000 8.11480
160270.0000 8.07323
160280.0000 7.95899
160290.0000 7.69358
160300.0000 7.85269
160310.0000 8.32951
160320.0000 7.78218
160330.0000 7.52403
160340.0000 7.00542
160350.0000 7.22832
160360.0000 6.91319
160370.0000 7.14727
160380.0000 7.28040
160390.0000 7.74656
160400.0000 7.71400
160410.0000 7.54840
160420.0000 7.48648
160430.0000 7.36969
160440.0000 7.74042
160450.0000 7.69644
160460.0000 8.07666
160470.0000 7.60599
160480.0000 7.66287
160490.0000 7.87234
160500.0000 7.62656
160510.0000 7.26271
160520.0000 7.62397
160530.0000 8.11384
160540.0000 7.82477
160550.0000 7.69762
160560.0000 7.58235
160570.0000 7.87768
160580.0000 7.76818
160590.0000 7.85457
160600.0000 7.49222
160610.0000 7.15309
160620.0000 7.06056
160630.0000 6.77259
160640.0000 6.65545
160650.0000 6.87954
160660.0000 6.93999
160670.0000 6.95770
160680.0000 7.13466
160690.0000 7.46463
160700.0000 7.48308
160710.0000 7.59173
160720.0000 7.88013
160730.0000 8.11565
160740.0000 8.24928
160750.0000 8.58522
160760.0000 8.56086
160770.0000 8.32381
160780.0000 8.26662
160790.0000 8.64252
160800.0000 8.83310
160810.0000 8.55668
160820.0000 8.67212
160830.0000 8.01653
160840.0000 7.26762
160850.0000 7.16426
160860.0000 7.31761
160870.0000 7.54201
160880.0000 7.89433
160890.0000 7.86111
160900.0000 8.40826
160910.0000 8.60389
160920.0000 8.81313
160930.0000 8.92259
160940.0000 8.50503
160950.0000 8.73303
160960.0000 8.83055
160970.0000 8.80892
160980.0000 8.54441
160990.0000 8.33419
161000.0000 8.47905
161010.0000 8.66103
161020.0000 8.61401
161030.0000 8.11542
161040.0000 8.11399
161050.0000 8.19393
161060.0000 8.47106
161070.0000 8.45237
161080.0000 8.88086
161090.0000 8.84219
161100.0000 8.76992
161110.0000 8.87339
161120.0000 8.59009
161130.0000 8.58560
161140.0000 8.43863
161150.0000 8.19587
161160.0000 8.54415
161170.0000 8.69827
161180.0000 8.53370
161190.0000 8.13198
161200.0000 8.12437
161210.0000 8.09184
161220.0000 7.96700
161230.0000 7.99098
161240.0000 8.09116
161250.0000 8.20441
161260.0000 8.28768
161270.0000 8.75305
161280.0000 8.96449
161290.0000 9.10550
161300.0000 9.43329
161310.0000 9.44738
161320.0000 9.70654
161330.0000 9.58257
161340.0000 9.70092
161350.0000 9.14215
161360.0000 8.84459
161370.0000 9.21330
161380.0000 9.62793
161390.0000 9.30207
161400.0000 9.24105
161410.0000 9.03284
161420.0000 9.16790
161430.0000 9.07134
161440.0000 9.47756
161450.0000 9.59890
161460.0000 9.96189
161470.0000 9.84444
161480.0000 9.70151
161490.0000 9.79996
161500.0000 9.67447
161510.0000 10.07642
161520.0000 10.06916
161530.0000 9.98486
161540.0000 9.65762
161550.0000 9.54244
161560.0000 9.45191
161570.0000 9.27357
161580.0000 9.32133
161590.0000 9.43258
161600.0000 9.60535
161610.0000 9.57687
161620.0000 9.80200
161630.0000 9.84913
161640.0000 9.98426
161650.0000 10.20257
161660.0000 10.18759
161670.0000 10.56566
161680.0000 10.58813
161690.0000 10.26512
161700.0000 10.05192
161710.0000 9.91765
161720.0000 9.95771
161730.0000 10.06226
161740.0000 10.29352
161750.0000 10.30263
161760.0000 10.14537
161770.0000 10.28373
161780.0000 10.41617
161790.0000 9.93856
161800.0000 9.81333
161810.0000 10.28810
161820.0000 10.37535
161830.0000 10.41489
161840.0000 10.38836
161850.0000 10.41437
161860.0000 10.56882
161870.0000 10.50975
161880.0000 10.31873
161890.0000 10.36208
161900.0000 10.23744
161910.0000 10.39872
161920.0000 10.11232
161930.0000 10.01715
161940.0000 10.00119
161950.0000 9.86468
161960.0000 10.34394
161970.0000 9.95248
161980.0000 9.92614
161990.0000 10.26062
162000.0000 10.04470
162010.0000 10.33049
162020.0000 10.20386
162030.0000 10.43716
162040.0000 10.51606
162050.0000 10.22298
162060.0000 10.17626
162070.0000 10.18061
162080.0000 10.34093
162090.0000 10.61503
162100.0000 10.47277
162110.0000 10.29595
162120.0000 10.69174
162130.0000 10.60849
162140.0000 10.76311
162150.0000 10.66901
162160.0000 10.79371
162170.0000 11.23788
162180.0000 11.17165
162190.0000 11.04992
162200.0000 11.05589
162210.0000 10.86461
162220.0000 10.77642
162230.0000 11.16636
162240.0000 11.28812
162250.0000 11.12115
162260.0000 11.13613
162270.0000 11.24375
162280.0000 10.56505
162290.0000 10.60304
162300.0000 10.75921
162310.0000 10.17043
162320.0000 10.36052
162330.0000 9.91658
162340.0000 10.02135
162350.0000 9.94499
162360.0000 10.28370
162370.0000 10.38535
162380.0000 10.13803
162390.0000 10.08773
162400.0000 10.29397
162410.0000 10.31568
162420.0000 10.10838
162430.0000 9.71190
162440.0000 9.79436
162450.0000 9.59365
162460.0000 9.29235
162470.0000 9.40536
162480.0000 9.63433
162490.0000 9.44762
162500.0000 9.49882
162510.0000 9.56763
162520.0000 9.39304
162530.0000 9.33341
162540.0000 9.46256
162550.0000 9.10491
162560.0000 8.99075
162570.0000 8.87579
162580.0000 8.49096
162590.0000 8.09646
162600.0000 8.54556
162610.0000 8.61267
162620.0000 8.88639
162630.0000 9.11119
162640.0000 9.45554
162650.0000 9.69208
162660.0000 9.67995
162670.0000 10.01661
162680.0000 10.10648
162690.0000 9.95329
162700.0000 9.45266
162710.0000 9.39481
162720.0000 9.50928
162730.0000 9.63203
162740.0000 9.58162
162750.0000 9.30815
162760.0000 9.73494
162770.0000 9.65446
162780.0000 9.63176
162790.0000 9.30322
162800.0000 9.05923
162810.0000 9.39404
162820.0000 9.75063
162830.0000 9.21983
162840.0000 8.95530
162850.0000 9.03456
162860.0000 9.28989
162870.0000 9.45389
162880.0000 9.78598
162890.0000 9.84798
162900.0000 9.53074
162910.0000 9.28463
162920.0000 9.31800
162930.0000 9.40744
162940.0000 9.29362
162950.0000 9.79560
162960.0000 9.56957
162970.0000 9.45205
162980.0000 9.10910
162990.0000 8.78478
163000.0000 8.85427
163010.0000 8.97714
163020.0000 8.93232
163030.0000 8.96554
163040.0000 9.09716
163050.0000 9.02072
163060.0000 9.14653
163070.0000 9.45237
163080.0000 9.64726
163090.0000 10.10673
163100.0000 10.14711
163110.0000 10.07933
163120.0000 9.70582
163130.0000 9.66666
163140.0000 9.26998
163150.0000 9.52135
163160.0000 9.45418
163170.0000 8.99248
163180.0000 9.20820
163190.0000 9.50500
163200.0000 9.25721
163210.0000 9.87723
163220.0000 9.95791
163230.0000 9.95111
163240.0000 9.77379
163250.0000 9.87511
163260.0000 9.67263
163270.0000 10.09955
163280.0000 9.79436
163290.0000 10.03065
163300.0000 10.24215
163310.0000 10.31552
163320.0000 10.56988
163330.0000 10.66768
163340.0000 10.60321
163350.0000 10.57168
163360.0000 10.48916
163370.0000 10.49958
163380.0000 10.75422
163390.0000 10.45133
163400.0000 10.84784
163410.0000 10.89649
163420.0000 11.05910
163430.0000 11.23520
163440.0000 11.08384
163450.0000 10.76417
163460.0000 10.66361
163470.0000 10.40445
163480.0000 10.05693
163490.0000 9.93057
163500.0000 9.73652
163510.0000 9.71290
163520.0000 9.55558
163530.0000 9.91277
163540.0000 10.01598
163550.0000 10.26890
163560.0000 9.95693
163570.0000 10.15451
163580.0000 10.12531
163590.0000 10.40930
163600.0000 10.60963
163610.0000 10.91454
163620.0000 10.79527
163630.0000 10.04346
163640.0000 10.21031
163650.0000 10.15543
163660.0000 10.16692
163670.0000 10.55457
163680.0000 10.33013
163690.0000 9.73870
163700.0000 9.86857
163710.0000 10.40981
163720.0000 10.22320
163730.0000 10.40056
163740.0000 10.39671
163750.0000 10.23263
163760.0000 10.03128
163770.0000 9.52306
163780.0000 9.56796
163790.0000 9.69819
163800.0000 9.88272
163810.0000 9.65177
163820.0000 9.86381
163830.0000 9.96703
163840.0000 10.08651
163850.0000 10.58966
163860.0000 10.02077
163870.0000 10.31397
163880.0000 10.22007
163890.0000 9.81086
163900.0000 9.54469
163910.0000 9.34267
163920.0000 9.60708
163930.0000 9.85230
163940.0000 9.94027
163950.0000 10.20708
163960.0000 10.21912
163970.0000 10.05464
163980.0000 9.78617
163990.0000 9.69117
164000.0000 10.27460
164010.0000 10.03428
164020.0000 10.15128
164030.0000 10.13628
164040.0000 9.71713
164050.0000 9.73716
164060.0000 9.40999
164070.0000 9.22416
164080.0000 9.07345
164090.0000 8.79341
164100.0000 8.64066
164110.0000 8.22203
164120.0000 8.07676
164130.0000 8.09648
164140.0000 8.30632
164150.0000 8.33875
164160.0000 8.41077
164170.0000 8.59259
164180.0000 8.72138
164190.0000 8.56194
164200.0000 8.50143
164210.0000 8.61565
164220.0000 8.91892
164230.0000 9.01456
164240.0000 9.24658
164250.0000 9.12286
164260.0000 9.16672
164270.0000 9.51893
164280.0000 9.58716
164290.0000 9.46861
164300.0000 9.30527
164310.0000 9.72159
164320.0000 9.60739
164330.0000 9.48362
164340.0000 8.92616
164350.0000 8.60993
164360.0000 8.99765
164370.0000 9.36136
164380.0000 9.34289
164390.0000 9.25359
164400.0000 9.45177
164410.0000 9.09397
164420.0000 9.02143
164430.0000 8.47611
164440.0000 8.27796
164450.0000 7.98104
164460.0000 8.19095
164470.0000 8.32023
164480.0000 8.53827
164490.0000 8.91679
164500.0000 8.96789
164510.0000 8.64395
164520.0000 8.07399
164530.0000 8.66294
164540.0000 8.24328
164550.0000 8.25947
164560.0000 8.44016
164570.0000 8.41236
164580.0000 8.54920
164590.0000 8.45564
164600.0000 8.79700
164610.0000 8.71331
164620.0000 8.43954
164630.0000 8.58014
164640.0000 8.43372
164650.0000 8.29025
164660.0000 8.08229
164670.0000 8.06662
164680.0000 8.11994
164690.0000 7.79818
164700.0000 7.96722
164710.0000 7.97423
164720.0000 8.11351
164730.0000 7.74924
164740.0000 8.22606
164750.0000 7.32470
164760.0000 7.58241
164770.0000 7.60838
164780.0000 7.19377
164790.0000 7.23722
164800.0000 7.25678
164810.0000 7.51985
164820.0000 7.68983
164830.0000 7.90237
164840.0000 7.62555
164850.0000 7.76678
164860.0000 7.96710
164870.0000 7.65691
164880.0000 7.42904
164890.0000 6.83107
164900.0000 7.23239
164910.0000 7.23520
164920.0000 6.64016
164930.0000 7.19586
164940.0000 7.44285
164950.0000 7.39307
164960.0000 7.33057
164970.0000 7.33739
164980.0000 7.02689
164990.0000 7.11140
165000.0000 6.46741
165010.0000 6.64721
165020.0000 7.09195
165030.0000 6.46639
165040.0000 6.88684
165050.0000 6.98283
165060.0000 6.74585
165070.0000 6.81901
165080.0000 7.16373
165090.0000 7.16921
165100.0000 7.07998
165110.0000 6.88642
165120.0000 7.31800
165130.0000 7.08286
165140.0000 7.15218
165150.0000 7.10971
165160.0000 7.32577
165170.0000 7.66300
165180.0000 8.02643
165190.0000 8.14373
165200.0000 7.88768
165210.0000 7.73552
165220.0000 7.34426
165230.0000 7.52426
165240.0000 7.55206
165250.0000 7.56522
165260.0000 7.32440
165270.0000 6.93945
165280.0000 6.95311
165290.0000 6.99217
165300.0000 6.56717
165310.0000 6.56104
165320.0000 6.89218
165330.0000 6.43785
165340.0000 6.56423
165350.0000 6.53565
165360.0000 6.20952
165370.0000 6.24978
165380.0000 6.00927
165390.0000 5.82802
165400.0000 5.84992
165410.0000 5.80563
165420.0000 5.50715
165430.0000 5.95968
165440.0000 6.04137
165450.0000 5.90243
165460.0000 5.84459
165470.0000 5.77333
165480.0000 5.86175
165490.0000 6.20510
165500.0000 6.07236
165510.0000 5.79698
165520.0000 6.00112
165530.0000 6.38019
165540.0000 6.10425
165550.0000 6.03592
165560.0000 6.26769
165570.0000 6.59848
165580.0000 6.57528
165590.0000 6.58596
165600.0000 6.53977
165610.0000 6.84268
165620.0000 7.00145
165630.0000 7.03175
165640.0000 6.89594
165650.0000 6.61515
165660.0000 6.61119
165670.0000 6.99014
165680.0000 6.76011
165690.0000 7.08533
165700.0000 7.67046
165710.0000 8.07715
165720.0000 7.97892
165730.0000 7.45745
165740.0000 7.33436
165750.0000 7.40719
165760.0000 7.49722
165770.0000 7.47704
165780.0000 7.38555
165790.0000 7.64889
165800.0000 7.59102
165810.0000 8.01350
165820.0000 8.18351
165830.0000 8.59656
165840.0000 7.88915
165850.0000 8.05634
165860.0000 7.92714
165870.0000 7.90471
165880.0000 7.96374
165890.0000 7.68906
165900.0000 8.07780
165910.0000 8.29795
165920.0000 8.33804
165930.0000 8.20272
165940.0000 8.22922
165950.0000 8.57266
165960.0000 9.33127
165970.0000 8.79793
165980.0000 8.78281
165990.0000 8.54530
166000.0000 8.89649
166010.0000 8.72430
166020.0000 8.22946
166030.0000 7.87121
166040.0000 7.58075
166050.0000 7.60010
166060.0000 7.27347
166070.0000 7.38760
166080.0000 7.75802
166090.0000 7.48106
166100.0000 7.93355
166110.0000 7.65226
166120.0000 7.81802
166130.0000 7.75719
166140.0000 7.74257
166150.0000 7.91805
166160.0000 8.20744
166170.0000 8.28801
166180.0000 8.08594
166190.0000 7.94605
166200.0000 7.97866
166210.0000 7.73846
166220.0000 7.70202
166230.0000 7.82822
166240.0000 7.56351
166250.0000 7.54897
166260.0000 7.08024
166270.0000 7.19752
166280.0000 6.98294
166290.0000 6.60783
166300.0000 6.25490
166310.0000 6.31516
166320.0000 6.33402
166330.0000 6.20633
166340.0000 6.46828
166350.0000 6.65914
166360.0000 6.63147
166370.0000 6.28580
166380.0000 5.91390
166390.0000 5.86269
166400.0000 6.07769
166410.0000 6.17666
166420.0000 6.10391
166430.0000 6.49914
166440.0000 6.35445
166450.0000 6.44948
166460.0000 6.86918
166470.0000 7.08545
166480.0000 7.57670
166490.0000 7.21704
166500.0000 7.65818
166510.0000 7.96856
166520.0000 7.44617
166530.0000 7.48131
166540.0000 7.36723
166550.0000 7.34747
166560.0000 7.55525
166570.0000 7.58266
166580.0000 7.48776
166590.0000 7.57272
166600.0000 7.66505
166610.0000 7.15770
166620.0000 7.05889
166630.0000 7.11082
166640.0000 6.94308
166650.0000 6.65602
166660.0000 6.83715
166670.0000 7.36577
166680.0000 6.69138
166690.0000 6.62978
166700.0000 6.39908
166710.0000 6.87967
166720.0000 6.84218
166730.0000 6.50909
166740.0000 6.49878
166750.0000 6.98280
166760.0000 7.00468
166770.0000 6.94975
166780.0000 7.00616
166790.0000 6.96691
166800.0000 6.94844
166810.0000 6.73665
166820.0000 6.68442
166830.0000 6.56884
166840.0000 6.65228
166850.0000 6.33299
166860.0000 5.99106
166870.0000 5.86139
166880.0000 6.35802
166890.0000 6.61660
166900.0000 6.64823
166910.0000 6.85925
166920.0000 6.52522
166930.0000 6.10242
166940.0000 6.38587
166950.0000 6.07607
166960.0000 5.65934
166970.0000 5.84086
166980.0000 5.92673
166990.0000 5.93533
167000.0000 5.96745
167010.0000 5.66016
167020.0000 5.53711
167030.0000 5.31381
167040.0000 5.67614
167050.0000 5.86741
167060.0000 5.61487
167070.0000 5.90350
167080.0000 5.50985
167090.0000 5.64758
167100.0000 5.67757
167110.0000 5.82936
167120.0000 5.56775
167130.0000 5.17454
167140.0000 5.19685
167150.0000 5.01493
167160.0000 5.07301
167170.0000 5.31656
167180.0000 5.13775
167190.0000 4.83592
167200.0000 4.82439
167210.0000 4.49401
167220.0000 4.72716
167230.0000 5.21550
167240.0000 5.26589
167250.0000 4.76243
167260.0000 4.49985
167270.0000 4.62270
167280.0000 4.60720
167290.0000 4.35221
167300.0000 4.24236
167310.0000 4.62299
167320.0000 4.90633
167330.0000 5.35276
167340.0000 5.58563
167350.0000 5.87677
167360.0000 5.46018
167370.0000 5.66085
167380.0000 5.92259
167390.0000 5.76397
167400.0000 5.45458
167410.0000 5.72076
167420.0000 5.68107
167430.0000 5.64121
167440.0000 5.75675
167450.0000 5.49528
167460.0000 5.30160
167470.0000 5.05047
167480.0000 4.74110
167490.0000 4.51546
167500.0000 4.34505
167510.0000 4.07744
167520.0000 4.49179
167530.0000 4.30540
167540.0000 4.41073
167550.0000 4.45571
167560.0000 4.69467
167570.0000 4.56349
167580.0000 4.93200
167590.0000 4.97526
167600.0000 5.11470
167610.0000 5.28358
167620.0000 4.73725
167630.0000 4.38174
167640.0000 4.61316
167650.0000 4.68922
167660.0000 4.69456
167670.0000 4.54352
167680.0000 3.93657
167690.0000 3.83334
167700.0000 3.67885
167710.0000 3.42626
167720.0000 3.27829
167730.0000 3.45947
167740.0000 3.57063
167750.0000 3.45621
167760.0000 3.37505
167770.0000 3.30895
167780.0000 3.70170
167790.0000 3.93554
167800.0000 4.29393
167810.0000 4.00390
167820.0000 4.19258
167830.0000 4.41116
167840.0000 4.37932
167850.0000 4.75912
167860.0000 5.01471
167870.0000 5.33432
167880.0000 5.13595
167890.0000 5.20075
167900.0000 5.33602
167910.0000 5.36486
167920.0000 5.13089
167930.0000 4.76589
167940.0000 4.93312
167950.0000 5.08924
167960.0000 5.00055
167970.0000 5.00576
167980.0000 5.21694
167990.0000 5.14681
168000.0000 5.41187
168010.0000 4.98903
168020.0000 4.68535
168030.0000 4.56901
168040.0000 4.10242
168050.0000 4.14651
168060.0000 3.64402
168070.0000 3.48619
168080.0000 3.30303
168090.0000 3.17992
168100.0000 2.95378
168110.0000 2.67417
168120.0000 2.79816
168130.0000 2.55770
168140.0000 2.23792
168150.0000 2.35204
168160.0000 2.30536
168170.0000 2.45470
168180.0000 2.68655
168190.0000 3.08962
168200.0000 3.49844
168210.0000 3.34405
168220.0000 3.03869
168230.0000 3.10980
168240.0000 3.01604
168250.0000 2.93999
168260.0000 2.81133
168270.0000 3.26099
168280.0000 2.94227
168290.0000 2.53932
168300.0000 2.85185
168310.0000 3.25311
168320.0000 3.22281
168330.0000 3.19466
168340.0000 3.58205
168350.0000 3.49042
168360.0000 4.28447
168370.0000 4.27702
168380.0000 3.92384
168390.0000 4.16971
168400.0000 3.90282
168410.0000 4.22871
168420.0000 4.23465
168430.0000 4.43313
168440.0000 4.43437
168450.0000 5.03876
168460.0000 4.81378
168470.0000 4.44041
168480.0000 4.01176
168490.0000 3.69938
168500.0000 4.12393
168510.0000 3.73158
168520.0000 4.36059
168530.0000 4.39360
168540.0000 4.38934
168550.0000 4.41118
168560.0000 4.85620
168570.0000 4.98838
168580.0000 4.90383
168590.0000 5.24494
168600.0000 4.77883
168610.0000 4.92597
168620.0000 5.26574
168630.0000 5.70689
168640.0000 5.96438
168650.0000 6.49009
168660.0000 7.14453
168670.0000 7.18487
168680.0000 7.12764
168690.0000 6.65804
168700.0000 6.63495
168710.0000 6.72167
168720.0000 6.91587
168730.0000 6.89699
168740.0000 6.87487
168750.0000 7.04476
168760.0000 6.32571
168770.0000 5.90643
168780.0000 5.67102
168790.0000 5.77359
168800.0000 6.05237
168810.0000 5.98600
168820.0000 6.00237
168830.0000 6.48702
168840.0000 7.01255
168850.0000 7.41221
168860.0000 7.64794
168870.0000 7.77286
168880.0000 7.82542
168890.0000 7.97325
168900.0000 7.61287
168910.0000 7.81131
168920.0000 7.97456
168930.0000 7.84440
168940.0000 7.68818
168950.0000 7.88639
168960.0000 7.96686
168970.0000 7.80279
168980.0000 8.24457
168990.0000 8.04860
169000.0000 8.26747
169010.0000 8.39978
169020.0000 8.69072
169030.0000 8.78718
169040.0000 9.24821
169050.0000 9.65942
169060.0000 9.85091
169070.0000 9.85082
169080.0000 9.78518
169090.0000 9.82224
169100.0000 9.32403
169110.0000 9.39298
169120.0000 9.15924
169130.0000 9.08687
169140.0000 9.21105
169150.0000 9.19107
169160.0000 9.30816
169170.0000 9.47635
169180.0000 9.58230
169190.0000 9.93660
169200.0000 9.82329
169210.0000 9.61965
169220.0000 9.28928
169230.0000 9.60612
169240.0000 9.45177
169250.0000 10.03308
169260.0000 10.15481
169270.0000 10.08319
169280.0000 10.16792
169290.0000 10.47942
169300.0000 10.22550
169310.0000 10.58479
169320.0000 10.63275
169330.0000 10.43711
169340.0000 10.32061
169350.0000 10.76409
169360.0000 10.87418
169370.0000 10.40282
169380.0000 10.28001
169390.0000 10.29092
169400.0000 10.52204
169410.0000 10.55552
169420.0000 11.17613
169430.0000 11.12723
169440.0000 11.05380
169450.0000 10.94653
169460.0000 11.14463
169470.0000 11.37533
169480.0000 11.30886
169490.0000 11.04846
169500.0000 11.36026
169510.0000 11.02842
169520.0000 11.07379
169530.0000 10.95596
169540.0000 10.69765
169550.0000 10.94932
169560.0000 11.12687
169570.0000 11.39017
169580.0000 11.63237
169590.0000 11.36241
169600.0000 11.40528
169610.0000 11.56796
169620.0000 11.55435
169630.0000 11.54118
169640.0000 11.88601
169650.0000 11.37148
169660.0000 11.31012
169670.0000 11.38337
169680.0000 11.36145
169690.0000 10.92002
169700.0000 11.18248
169710.0000 11.42867
169720.0000 11.32694
169730.0000 11.63056
169740.0000 11.34678
169750.0000 11.22903
169760.0000 11.10266
169770.0000 11.49213
169780.0000 11.61525
169790.0000 11.74943
169800.0000 11.44142
169810.0000 11.30435
169820.0000 11.50682
169830.0000 11.71675
169840.0000 11.39025
169850.0000 11.50226
169860.0000 11.52716
169870.0000 11.27944
169880.0000 11.42629
169890.0000 11.51006
169900.0000 11.33945
169910.0000 11.20091
169920.0000 11.12164
169930.0000 11.10373
169940.0000 11.23369
169950.0000 11.39741
169960.0000 11.57041
169970.0000 11.63228
169980.0000 11.68058
169990.0000 11.51634
170000.0000 11.51252
170010.0000 11.49002
170020.0000 11.30086
170030.0000 11.13695
170040.0000 11.48412
170050.0000 11.23870
170060.0000 11.17023
170070.0000 11.07513
170080.0000 11.15082
170090.0000 11.19205
170100.0000 11.02712
170110.0000 11.23002
170120.0000 11.30488
170130.0000 10.78953
170140.0000 10.69222
170150.0000 10.72645
170160.0000 10.66397
170170.0000 10.72112
170180.0000 11.05984
170190.0000 10.75837
170200.0000 11.21560
170210.0000 10.95026
170220.0000 11.15096
170230.0000 11.15269
170240.0000 11.21425
170250.0000 11.12352
170260.0000 11.41759
170270.0000 11.06989
170280.0000 10.97439
170290.0000 10.88025
170300.0000 10.94355
170310.0000 11.01067
170320.0000 11.10931
170330.0000 11.00571
170340.0000 10.96130
170350.0000 10.91315
170360.0000 10.83840
170370.0000 11.15429
170380.0000 11.05341
170390.0000 11.29734
170400.0000 11.30488
170410.0000 11.50757
170420.0000 11.63197
170430.0000 11.47514
170440.0000 11.32192
170450.0000 11.31139
170460.0000 11.27216
170470.0000 11.57798
170480.0000 11.81608
170490.0000 12.17628
170500.0000 12.15383
170510.0000 12.29507
170520.0000 12.26977
170530.0000 12.21871
170540.0000 12.50343
170550.0000 12.32188
170560.0000 12.03551
170570.0000 11.74165
170580.0000 11.48365
170590.0000 11.11152
170600.0000 11.43602
170610.0000 11.45989
170620.0000 11.48721
170630.0000 11.54504
170640.0000 11.10418
170650.0000 10.90042
170660.0000 11.24603
170670.0000 11.13613
170680.0000 10.68998
170690.0000 10.80638
170700.0000 11.30089
170710.0000 11.26335
170720.0000 11.25143
170730.0000 11.33864
170740.0000 11.65386
170750.0000 11.57107
170760.0000 11.29873
170770.0000 11.57816
170780.0000 11.98002
170790.0000 12.06319
170800.0000 11.74086
170810.0000 11.95065
170820.0000 12.00414
170830.0000 11.58804
170840.0000 11.35025
170850.0000 11.08974
170860.0000 11.14168
170870.0000 11.26047
170880.0000 10.94959
170890.0000 10.79196
170900.0000 10.54437
170910.0000 10.43402
170920.0000 10.16063
170930.0000 10.39250
170940.0000 10.19554
170950.0000 10.36916
170960.0000 10.69338
170970.0000 10.53689
170980.0000 10.88025
170990.0000 11.06370
171000.0000 10.88723
171010.0000 10.99060
171020.0000 10.87699
171030.0000 10.97311
171040.0000 10.79408
171050.0000 10.79444
171060.0000 10.96536
171070.0000 10.65869
171080.0000 10.84983
171090.0000 10.81742
171100.0000 11.14189
171110.0000 10.86054
171120.0000 10.82917
171130.0000 11.14499
171140.0000 10.85070
171150.0000 10.68039
171160.0000 10.84883
171170.0000 10.67097
171180.0000 10.65364
171190.0000 10.55163
171200.0000 10.85621
171210.0000 10.80138
171220.0000 10.95691
171230.0000 10.75468
171240.0000 10.66291
171250.0000 11.03971
171260.0000 11.00594
171270.0000 11.08354
171280.0000 11.37940
171290.0000 10.89332
171300.0000 10.97114
171310.0000 11.26510
171320.0000 11.20103
171330.0000 11.35242
171340.0000 11.34663
171350.0000 11.42731
171360.0000 11.26176
171370.0000 11.28113
171380.0000 11.57096
171390.0000 11.89117
171400.0000 11.99950
171410.0000 11.55943
171420.0000 11.36423
171430.0000 11.13264
171440.0000 11.10560
171450.0000 11.40727
171460.0000 11.52906
171470.0000 11.38787
171480.0000 11.36906
171490.0000 11.32745
171500.0000 11.48310
171510.0000 11.65416
171520.0000 11.27483
171530.0000 11.37852
171540.0000 11.31415
171550.0000 11.32314
171560.0000 11.09950
171570.0000 10.93175
171580.0000 10.81744
171590.0000 11.36489
171600.0000 11.43663
171610.0000 11.42864
171620.0000 11.61491
171630.0000 11.51254
171640.0000 11.50867
171650.0000 11.46549
171660.0000 11.28323
171670.0000 11.32733
171680.0000 11.14916
171690.0000 10.96691
171700.0000 10.52606
171710.0000 10.24546
171720.0000 10.45452
171730.0000 10.35184
171740.0000 10.45689
171750.0000 10.07603
171760.0000 9.92015
171770.0000 9.80547
171780.0000 9.78464
171790.0000 9.59157
171800.0000 9.53833
171810.0000 9.96364
171820.0000 9.78453
171830.0000 9.81573
171840.0000 9.75823
171850.0000 10.05446
171860.0000 10.05876
171870.0000 9.96804
171880.0000 9.51284
171890.0000 9.52124
171900.0000 10.06110
171910.0000 10.10066
171920.0000 10.21819
171930.0000 10.37293
171940.0000 10.49563
171950.0000 10.19425
171960.0000 10.46535
171970.0000 10.24583
171980.0000 10.37816
171990.0000 10.57927
172000.0000 10.73157
172010.0000 10.74603
172020.0000 10.52477
172030.0000 10.30826
172040.0000 10.29652
172050.0000 10.44049
172060.0000 10.58751
172070.0000 10.15193
172080.0000 10.06395
172090.0000 9.95934
172100.0000 10.14734
172110.0000 10.36010
172120.0000 10.27390
172130.0000 10.29362
172140.0000 10.22847
172150.0000 10.11987
172160.0000 10.02715
172170.0000 9.81169
172180.0000 9.89930
172190.0000 9.81877
172200.0000 9.95779
172210.0000 10.04915
172220.0000 10.29733
172230.0000 10.13316
172240.0000 10.13077
172250.0000 10.26323
172260.0000 10.13778
172270.0000 10.30706
172280.0000 10.27589
172290.0000 9.89227
172300.0000 9.62511
172310.0000 9.78537
172320.0000 9.97051
172330.0000 9.78730
172340.0000 9.81256
172350.0000 9.43794
172360.0000 9.42405
172370.0000 9.70757
172380.0000 9.66997
172390.0000 9.71342
172400.0000 9.88577
172410.0000 9.77912
172420.0000 9.46002
172430.0000 9.58347
172440.0000 9.66237
172450.0000 9.45712
172460.0000 9.16126
172470.0000 9.01930
172480.0000 9.27106
172490.0000 9.07328
172500.0000 8.81201
172510.0000 9.44770
172520.0000 9.39657
172530.0000 9.41588
172540.0000 9.69030
172550.0000 9.44583
172560.0000 9.36445
172570.0000 8.69561
172580.0000 8.82373
172590.0000 8.52482
172600.0000 8.63703
172610.0000 8.45833
172620.0000 8.94564
172630.0000 9.44419
172640.0000 9.60268
172650.0000 9.49737
172660.0000 9.63548
172670.0000 9.26828
172680.0000 9.33196
172690.0000 9.40342
172700.0000 9.18075
172710.0000 9.07573
172720.0000 9.40116
172730.0000 8.86736
172740.0000 8.81355
172750.0000 8.60308
172760.0000 9.04490
172770.0000 9.51219
172780.0000 9.10981
172790.0000 8.73808
172800.0000 8.38867
172810.0000 8.48288
172820.0000 8.42371
172830.0000 8.46298
172840.0000 8.56278
172850.0000 8.90172
172860.0000 8.70731
172870.0000 8.72275
172880.0000 8.64531
172890.0000 9.09641
172900.0000 8.99539
172910.0000 9.21986
172920.0000 9.36261
172930.0000 9.42774
172940.0000 9.34071
172950.0000 9.23448
172960.0000 9.06832
172970.0000 9.36207
172980.0000 9.41031
172990.0000 9.24515
173000.0000 9.14883
173010.0000 9.13860
173020.0000 8.94514
173030.0000 8.84092
173040.0000 8.48895
173050.0000 8.49879
173060.0000 8.42563
173070.0000 8.19812
173080.0000 8.10718
173090.0000 8.04867
173100.0000 8.24928
173110.0000 8.44241
173120.0000 8.65341
173130.0000 8.75934
173140.0000 8.71284
173150.0000 8.69456
173160.0000 8.93058
173170.0000 8.91365
173180.0000 9.02144
173190.0000 8.67852
173200.0000 8.92669
173210.0000 8.88692
173220.0000 9.00160
173230.0000 8.71256
173240.0000 8.94067
173250.0000 8.69752
173260.0000 8.49894
173270.0000 8.64935
173280.0000 8.63225
173290.0000 8.50080
173300.0000 8.53047
173310.0000 8.33739
173320.0000 8.32660
173330.0000 8.38905
173340.0000 8.55353
173350.0000 8.39875
173360.0000 8.67044
173370.0000 9.15017
173380.0000 8.69320
173390.0000 8.27179
173400.0000 8.65455
173410.0000 8.85215
173420.0000 8.68797
173430.0000 8.81910
173440.0000 8.99085
173450.0000 9.37286
173460.0000 8.75858
173470.0000 9.07335
173480.0000 8.64685
173490.0000 8.55372
173500.0000 8.71806
173510.0000 9.22192
173520.0000 8.96503
173530.0000 8.53866
173540.0000 8.69624
173550.0000 8.32898
173560.0000 8.48125
173570.0000 7.97251
173580.0000 7.94870
173590.0000 7.71047
173600.0000 8.11686
173610.0000 7.96881
173620.0000 8.29552
173630.0000 8.04396
173640.0000 7.93230
173650.0000 7.85951
173660.0000 8.00163
173670.0000 8.28862
173680.0000 8.23581
173690.0000 8.22276
173700.0000 8.62791
173710.0000 8.91300
173720.0000 8.84085
173730.0000 9.20843
173740.0000 8.72531
173750.0000 8.63101
173760.0000 8.46821
173770.0000 8.36085
173780.0000 8.08660
173790.0000 8.52995
173800.0000 8.19138
173810.0000 8.35271
173820.0000 8.35488
173830.0000 8.31760
173840.0000 7.95115
173850.0000 8.04562
173860.0000 7.69529
173870.0000 7.82372
173880.0000 7.54413
173890.0000 7.80816
173900.0000 7.42780
173910.0000 7.00974
173920.0000 7.12754
173930.0000 6.87964
173940.0000 6.86291
173950.0000 7.18140
173960.0000 7.50375
173970.0000 7.59369
173980.0000 7.63574
173990.0000 7.79081
174000.0000 7.52684
174010.0000 7.28206
174020.0000 7.01151
174030.0000 6.96561
174040.0000 7.08187
174050.0000 7.25803
174060.0000 7.15607
174070.0000 7.53053
174080.0000 7.44415
174090.0000 7.55385
174100.0000 7.32935
174110.0000 6.85265
174120.0000 6.91355
174130.0000 6.74781
174140.0000 6.64333
174150.0000 6.62365
174160.0000 6.68416
174170.0000 6.38847
174180.0000 6.54584
174190.0000 6.22968
174200.0000 6.22284
174210.0000 5.97543
174220.0000 5.67486
174230.0000 6.06620
174240.0000 6.19053
174250.0000 6.36982
174260.0000 5.77133
174270.0000 6.06634
174280.0000 6.45990
174290.0000 6.67705
174300.0000 7.48039
174310.0000 7.80894
174320.0000 7.30627
174330.0000 7.36290
174340.0000 7.14957
174350.0000 6.90187
174360.0000 6.35765
174370.0000 6.09495
174380.0000 6.23909
174390.0000 6.23489
174400.0000 6.28802
174410.0000 6.19686
174420.0000 6.18411
174430.0000 6.15969
174440.0000 6.48904
174450.0000 6.50047
174460.0000 6.40272
174470.0000 6.47903
174480.0000 6.22397
174490.0000 6.38065
174500.0000 6.17778
174510.0000 6.10272
174520.0000 6.31879
174530.0000 6.30870
174540.0000 6.15306
174550.0000 5.85837
174560.0000 6.01545
174570.0000 6.17068
174580.0000 6.40135
174590.0000 6.27625
174600.0000 6.25295
174610.0000 6.20202
174620.0000 6.24511
174630.0000 6.29405
174640.0000 6.29045
174650.0000 6.45951
174660.0000 6.55458
174670.0000 6.67245
174680.0000 6.90346
174690.0000 7.02234
174700.0000 7.29240
174710.0000 7.25177
174720.0000 6.90383
174730.0000 7.17040
174740.0000 7.07593
174750.0000 7.60310
174760.0000 7.33739
174770.0000 7.33332
174780.0000 7.32989
174790.0000 7.25077
174800.0000 7.41079
174810.0000 7.48310
174820.0000 7.55166
174830.0000 7.55865
174840.0000 7.17841
174850.0000 6.93612
174860.0000 6.82779
174870.0000 7.04321
174880.0000 7.29177
174890.0000 7.49113
174900.0000 7.58250
174910.0000 8.04025
174920.0000 7.95883
174930.0000 7.72062
174940.0000 7.57473
174950.0000 7.23200
174960.0000 7.18146
174970.0000 7.16425
174980.0000 7.48768
174990.0000 7.47058
175000.0000 7.72827
175010.0000 7.88331
175020.0000 7.84029
175030.0000 7.79883
175040.0000 7.69484
175050.0000 7.43766
175060.0000 7.66864
175070.0000 7.90129
175080.0000 8.13648
175090.0000 8.86632
175100.0000 9.03125
175110.0000 8.87005
175120.0000 8.89795
175130.0000 8.87780
175140.0000 8.88014
175150.0000 9.07867
175160.0000 9.04432
175170.0000 8.89325
175180.0000 9.19329
175190.0000 9.13908
175200.0000 9.64917
175210.0000 10.05496
175220.0000 10.10356
175230.0000 9.97440
175240.0000 9.92087
175250.0000 10.01679
175260.0000 10.16808
175270.0000 10.00815
175280.0000 10.17323
175290.0000 10.33854
175300.0000 10.32440
175310.0000 10.60764
175320.0000 10.80593
175330.0000 10.47081
175340.0000 10.36113
175350.0000 10.26305
175360.0000 10.29817
175370.0000 10.36489
175380.0000 10.24139
175390.0000 10.22812
175400.0000 10.28814
175410.0000 10.22397
175420.0000 10.07652
175430.0000 10.33150
175440.0000 10.54180
175450.0000 10.46774
175460.0000 9.79445
175470.0000 9.98333
175480.0000 9.92240
175490.0000 10.24913
175500.0000 9.89950
175510.0000 9.79684
175520.0000 10.01396
175530.0000 10.39417
175540.0000 10.42116
175550.0000 10.73487
175560.0000 10.51057
175570.0000 10.33841
175580.0000 9.97461
175590.0000 10.05907
175600.0000 9.98676
175610.0000 10.11188
175620.0000 10.13783
175630.0000 10.42745
175640.0000 10.24626
175650.0000 10.15635
175660.0000 10.33312
175670.0000 10.62181
175680.0000 10.28530
175690.0000 10.39365
175700.0000 10.56447
175710.0000 10.99557
175720.0000 11.25572
175730.0000 11.48671
175740.0000 11.90589
175750.0000 12.04020
175760.0000 12.13842
175770.0000 11.84770
175780.0000 11.88636
175790.0000 11.83694
175800.0000 12.04723
175810.0000 11.98772
175820.0000 12.16926
175830.0000 12.25168
175840.0000 12.56032
175850.0000 12.49292
175860.0000 12.57433
175870.0000 12.50213
175880.0000 12.55079
175890.0000 12.30060
175900.0000 12.37730
175910.0000 12.21571
175920.0000 12.27461
175930.0000 12.39757
175940.0000 12.26082
175950.0000 12.43423
175960.0000 12.66073
175970.0000 12.72616
175980.0000 12.65628
175990.0000 12.18094
176000.0000 12.57601
176010.0000 12.22221
176020.0000 12.09626
176030.0000 11.84993
176040.0000 11.54938
176050.0000 11.85588
176060.0000 11.73298
176070.0000 11.61155
176080.0000 11.77457
176090.0000 11.90812
176100.0000 11.55924
176110.0000 11.54387
176120.0000 11.50472
176130.0000 11.71819
176140.0000 11.74250
176150.0000 11.76797
176160.0000 12.03706
176170.0000 12.05389
176180.0000 11.83747
176190.0000 12.13236
176200.0000 11.98715
176210.0000 11.97010
176220.0000 11.94054
176230.0000 11.97711
176240.0000 12.06139
176250.0000 12.04869
176260.0000 12.10023
176270.0000 11.75996
176280.0000 11.74554
176290.0000 11.77716
176300.0000 11.79930
176310.0000 11.71262
176320.0000 11.76226
176330.0000 11.83033
176340.0000 11.97396
176350.0000 11.82102
176360.0000 11.63080
176370.0000 11.38499
176380.0000 11.21136
176390.0000 11.40090
176400.0000 11.46691
176410.0000 11.31181
176420.0000 11.11205
176430.0000 11.21445
176440.0000 11.27666
176450.0000 11.33919
176460.0000 11.56276
176470.0000 11.57741
176480.0000 11.61914
176490.0000 11.54973
176500.0000 11.45578
176510.0000 11.29302
176520.0000 11.21798
176530.0000 11.11135
176540.0000 11.01527
176550.0000 11.10806
176560.0000 11.24992
176570.0000 11.46677
176580.0000 11.16823
176590.0000 11.24865
176600.0000 11.21102
176610.0000 11.45278
176620.0000 11.64006
176630.0000 11.65854
176640.0000 11.56191
176650.0000 11.42776
176660.0000 11.73236
176670.0000 11.69988
176680.0000 11.78050
176690.0000 11.50092
176700.0000 11.39106
176710.0000 10.94819
176720.0000 10.83282
176730.0000 10.72861
176740.0000 10.77210
176750.0000 10.69714
176760.0000 11.20370
176770.0000 11.33558
176780.0000 11.18899
176790.0000 10.98944
176800.0000 11.05901
176810.0000 11.14176
176820.0000 11.28864
176830.0000 11.63590
176840.0000 11.44916
176850.0000 11.30380
176860.0000 11.71979
176870.0000 11.62669
176880.0000 11.22195
176890.0000 10.99222
176900.0000 10.76569
176910.0000 10.88982
176920.0000 10.97358
176930.0000 11.24062
176940.0000 11.45698
176950.0000 11.68939
176960.0000 11.50108
176970.0000 11.14418
176980.0000 11.26785
176990.0000 11.30635
177000.0000 10.98275
177010.0000 11.23948
177020.0000 11.25385
177030.0000 11.62699
177040.0000 12.18326
177050.0000 12.18271
177060.0000 12.22155
177070.0000 12.24410
177080.0000 11.99534
177090.0000 12.34934
177100.0000 12.40437
177110.0000 12.39519
177120.0000 12.34040
177130.0000 12.13629
177140.0000 12.02088
177150.0000 11.80601
177160.0000 11.58699
177170.0000 11.72704
177180.0000 11.75494
177190.0000 11.98925
177200.0000 12.10096
177210.0000 12.21460
177220.0000 12.10176
177230.0000 11.88289
177240.0000 11.69130
177250.0000 11.96464
177260.0000 11.89959
177270.0000 12.03419
177280.0000 12.43750
177290.0000 12.15560
177300.0000 12.20866
177310.0000 12.29738
177320.0000 12.26957
177330.0000 12.34452
177340.0000 12.09556
177350.0000 12.04048
177360.0000 11.91437
177370.0000 11.59871
177380.0000 11.55623
177390.0000 11.36439
177400.0000 11.83949
177410.0000 11.71527
177420.0000 11.31311
177430.0000 11.08291
177440.0000 10.66401
177450.0000 10.76910
177460.0000 10.57876
177470.0000 10.66835
177480.0000 10.81428
177490.0000 10.73124
177500.0000 11.12469
177510.0000 11.14432
177520.0000 11.11468
177530.0000 11.45053
177540.0000 11.36067
177550.0000 11.36708
177560.0000 11.57430
177570.0000 11.78061
177580.0000 11.92414
177590.0000 12.19887
177600.0000 11.88895
177610.0000 11.89686
177620.0000 11.81755
177630.0000 12.00732
177640.0000 12.22028
177650.0000 12.44652
177660.0000 12.82748
177670.0000 12.97571
177680.0000 12.74910
177690.0000 12.68827
177700.0000 12.50786
177710.0000 12.06915
177720.0000 11.89213
177730.0000 11.90240
177740.0000 12.25941
177750.0000 12.22753
177760.0000 12.70920
177770.0000 12.58523
177780.0000 12.31968
177790.0000 12.37008
177800.0000 12.23887
177810.0000 12.59360
177820.0000 13.02976
177830.0000 13.18644
177840.0000 12.98939
177850.0000 13.15967
177860.0000 13.27446
177870.0000 12.99287
177880.0000 13.26352
177890.0000 13.36232
177900.0000 13.24959
177910.0000 13.41350
177920.0000 13.45389
177930.0000 13.57166
177940.0000 13.83760
177950.0000 13.57832
177960.0000 13.53057
177970.0000 13.66639
177980.0000 13.45714
177990.0000 13.28251
178000.0000 13.35215
178010.0000 13.19892
178020.0000 13.25763
178030.0000 13.26839
178040.0000 13.61063
178050.0000 13.52718
178060.0000 13.59582
178070.0000 13.49964
178080.0000 13.39959
178090.0000 12.96627
178100.0000 12.87210
178110.0000 12.58576
178120.0000 12.86483
178130.0000 13.08036
178140.0000 12.98765
178150.0000 12.86762
178160.0000 12.53316
178170.0000 12.62384
178180.0000 12.73126
178190.0000 12.64327
178200.0000 12.45130
178210.0000 12.66051
178220.0000 12.31712
178230.0000 11.98686
178240.0000 12.00080
178250.0000 12.23976
178260.0000 11.88798
178270.0000 11.90657
178280.0000 12.11272
178290.0000 12.16947
178300.0000 12.11891
178310.0000 11.92668
178320.0000 12.28320
178330.0000 12.36127
178340.0000 12.36469
178350.0000 12.63133
178360.0000 12.44979
178370.0000 12.34458
178380.0000 12.13224
178390.0000 12.14990
178400.0000 11.86628
178410.0000 11.85030
178420.0000 11.98981
178430.0000 11.94938
178440.0000 12.49989
178450.0000 12.17016
178460.0000 11.92719
178470.0000 11.76756
178480.0000 11.66849
178490.0000 11.62267
178500.0000 11.69894
178510.0000 11.66052
178520.0000 11.62347
178530.0000 11.30088
178540.0000 11.12781
178550.0000 10.54932
178560.0000 10.48407
178570.0000 10.20021
178580.0000 10.21187
178590.0000 10.29390
178600.0000 10.40440
178610.0000 10.45898
178620.0000 10.93061
178630.0000 10.72416
178640.0000 10.70594
178650.0000 10.57462
178660.0000 10.31049
178670.0000 10.48937
178680.0000 10.62332
178690.0000 10.88289
178700.0000 10.68875
178710.0000 11.35286
178720.0000 11.17342
178730.0000 10.81629
178740.0000 10.99019
178750.0000 11.10800
178760.0000 10.84433
178770.0000 10.78710
178780.0000 10.66829
178790.0000 10.49171
178800.0000 10.54718
178810.0000 10.46260
178820.0000 10.23122
178830.0000 10.46715
178840.0000 10.82005
178850.0000 11.06415
178860.0000 11.14894
178870.0000 11.04866
178880.0000 10.36766
178890.0000 10.34843
178900.0000 10.35068
178910.0000 10.44063
178920.0000 10.23210
178930.0000 10.51336
178940.0000 10.53473
178950.0000 10.96939
178960.0000 11.29247
178970.0000 11.82235
178980.0000 11.95494
178990.0000 11.88958
179000.0000 12.15118
179010.0000 12.64456
179020.0000 12.94385
179030.0000 12.78822
179040.0000 12.93490
179050.0000 12.60352
179060.0000 12.64554
179070.0000 12.89509
179080.0000 13.13938
179090.0000 12.91229
179100.0000 12.57845
179110.0000 12.91462
179120.0000 12.68293
179130.0000 12.87393
179140.0000 13.08056
179150.0000 12.89899
179160.0000 12.77236
179170.0000 12.76390
179180.0000 12.44170
179190.0000 11.87924
179200.0000 11.89841
179210.0000 11.98211
179220.0000 12.04480
179230.0000 11.98938
179240.0000 12.02145
179250.0000 11.85986
179260.0000 11.56575
179270.0000 11.59160
179280.0000 11.15497
179290.0000 11.21937
179300.0000 11.04285
179310.0000 11.06432
179320.0000 10.92747
179330.0000 10.65777
179340.0000 11.21344
179350.0000 10.91032
179360.0000 10.78443
179370.0000 11.17088
179380.0000 10.66103
179390.0000 10.44170
179400.0000 10.67940
179410.0000 10.29549
179420.0000 9.97006
179430.0000 9.97515
179440.0000 10.30853
179450.0000 10.81329
179460.0000 10.75369
179470.0000 10.68047
179480.0000 10.76053
179490.0000 10.61992
179500.0000 10.58249
179510.0000 10.64973
179520.0000 10.58393
179530.0000 10.51726
179540.0000 10.93707
179550.0000 10.91832
179560.0000 10.86952
179570.0000 10.86732
179580.0000 10.46147
179590.0000 10.04710
179600.0000 10.08628
179610.0000 9.98573
179620.0000 10.09595
179630.0000 10.36774
179640.0000 10.38402
179650.0000 10.08415
179660.0000 10.01635
179670.0000 10.10992
179680.0000 9.61983
179690.0000 9.43428
179700.0000 9.30160
179710.0000 9.07964
179720.0000 9.27669
179730.0000 9.42813
179740.0000 9.43819
179750.0000 9.25671
179760.0000 9.65385
179770.0000 9.98190
179780.0000 10.15300
179790.0000 9.98119
179800.0000 9.98325
179810.0000 10.33199
179820.0000 10.35137
179830.0000 10.62502
179840.0000 10.73825
179850.0000 10.82911
179860.0000 10.59671
179870.0000 10.85601
179880.0000 10.83551
179890.0000 10.99372
179900.0000 10.45192
179910.0000 10.41788
179920.0000 10.12915
179930.0000 10.19040
179940.0000 9.68930
179950.0000 9.98687
179960.0000 10.15493
179970.0000 10.06319
179980.0000 9.91182
179990.0000 10.21637
180000.0000 10.26920
180010.0000 10.33969
180020.0000 10.33539
180030.0000 10.19871
180040.0000 10.28986
180050.0000 10.44887
180060.0000 10.51634
180070.0000 10.35351
180080.0000 10.19209
180090.0000 10.02907
180100.0000 10.01356
180110.0000 9.93079
180120.0000 9.71907
180130.0000 9.68817
180140.0000 9.85584
180150.0000 10.28295
180160.0000 10.25671
180170.0000 10.34658
180180.0000 10.39293
180190.0000 10.46644
180200.0000 10.39083
180210.0000 10.15673
180220.0000 10.40814
180230.0000 10.22698
180240.0000 10.29816
180250.0000 10.03388
180260.0000 10.08601
180270.0000 10.54928
180280.0000 10.55133
180290.0000 10.15394
180300.0000 10.54191
180310.0000 10.52524
180320.0000 10.57037
180330.0000 10.87076
180340.0000 10.53030
180350.0000 10.96766
180360.0000 10.99944
180370.0000 11.20776
180380.0000 10.96866
180390.0000 10.63618
180400.0000 10.45186
180410.0000 10.29246
180420.0000 10.00239
180430.0000 10.09006
180440.0000 10.25465
180450.0000 10.49655
180460.0000 10.06611
180470.0000 10.21165
180480.0000 10.42681
180490.0000 10.19056
180500.0000 10.11378
180510.0000 10.32606
180520.0000 10.55914
180530.0000 10.59050
180540.0000 10.53354
180550.0000 10.68705
180560.0000 10.65165
180570.0000 10.56732
180580.0000 10.85034
180590.0000 10.90557
180600.0000 11.08672
180610.0000 11.01781
180620.0000 10.96069
180630.0000 10.98744
180640.0000 11.00654
180650.0000 10.95689
180660.0000 11.25815
180670.0000 10.87237
180680.0000 11.02759
180690.0000 10.77736
180700.0000 11.13064
180710.0000 11.27101
180720.0000 11.52951
180730.0000 11.42209
180740.0000 11.51263
180750.0000 11.35389
180760.0000 11.45145
180770.0000 11.90058
180780.0000 12.00231
180790.0000 11.55634
180800.0000 11.31313
180810.0000 11.12023
180820.0000 10.80638
180830.0000 10.96848
180840.0000 10.86364
180850.0000 10.77656
180860.0000 10.69141
180870.0000 10.72693
180880.0000 11.04823
180890.0000 11.10070
180900.0000 10.95992
180910.0000 11.02233
180920.0000 11.18464
180930.0000 11.30930
180940.0000 11.38970
180950.0000 11.36901
180960.0000 11.25350
180970.0000 11.27357
180980.0000 11.25301
180990.0000 11.22726
181000.0000 10.95621
181010.0000 11.22298
181020.0000 10.90724
181030.0000 10.89264
181040.0000 10.90587
181050.0000 10.50448
181060.0000 10.47270
181070.0000 10.53339
181080.0000 10.56472
181090.0000 10.82010
181100.0000 10.72312
181110.0000 10.45337
181120.0000 10.23778
181130.0000 10.32478
181140.0000 10.53763
181150.0000 10.40479
181160.0000 10.71135
181170.0000 10.91811
181180.0000 10.71760
181190.0000 10.98259
181200.0000 10.92575
181210.0000 11.04583
181220.0000 11.19677
181230.0000 11.38313
181240.0000 11.55410
181250.0000 11.20096
181260.0000 11.08206
181270.0000 11.44070
181280.0000 11.29546
181290.0000 10.96367
181300.0000 11.07714
181310.0000 11.09581
181320.0000 10.68477
181330.0000 10.26169
181340.0000 10.24890
181350.0000 10.11419
181360.0000 10.03412
181370.0000 10.00260
181380.0000 9.75202
181390.0000 9.77351
181400.0000 9.24045
181410.0000 9.62656
181420.0000 9.41340
181430.0000 9.64267
181440.0000 9.72110
181450.0000 9.92944
181460.0000 9.69573
181470.0000 9.48542
181480.0000 9.58766
181490.0000 9.62691
181500.0000 9.48020
181510.0000 9.27484
181520.0000 9.04773
181530.0000 8.88035
181540.0000 8.94218
181550.0000 8.79875
181560.0000 9.07201
181570.0000 9.03690
181580.0000 9.03300
181590.0000 9.04414
181600.0000 9.43162
181610.0000 9.50349
181620.0000 9.65328
181630.0000 9.88494
181640.0000 9.71546
181650.0000 10.01059
181660.0000 9.70310
181670.0000 9.44831
181680.0000 9.61593
181690.0000 9.76611
181700.0000 9.55050
181710.0000 9.61386
181720.0000 9.41641
181730.0000 9.40228
181740.0000 9.80464
181750.0000 10.28223
181760.0000 10.15406
181770.0000 9.90567
181780.0000 9.88554
181790.0000 9.59064
181800.0000 9.80695
181810.0000 10.17675
181820.0000 10.06223
181830.0000 9.66140
181840.0000 9.41557
181850.0000 8.70216
181860.0000 9.00947
181870.0000 9.02237
181880.0000 8.92380
181890.0000 8.97237
181900.0000 8.80878
181910.0000 8.74205
181920.0000 9.21841
181930.0000 9.35647
181940.0000 9.39158
181950.0000 9.67887
181960.0000 10.17067
181970.0000 10.23425
181980.0000 10.07678
181990.0000 10.01682
182000.0000 10.14326
182010.0000 10.01599
182020.0000 9.98784
182030.0000 10.03203
182040.0000 9.57617
182050.0000 9.82374
182060.0000 9.83292
182070.0000 10.01960
182080.0000 9.77440
182090.0000 9.88661
182100.0000 9.85073
182110.0000 9.88750
182120.0000 9.99572
182130.0000 9.76662
182140.0000 9.60161
182150.0000 10.00337
182160.0000 10.11694
182170.0000 9.83156
182180.0000 9.95642
182190.0000 10.22910
182200.0000 10.21440
182210.0000 10.22733
182220.0000 10.49449
182230.0000 10.33108
182240.0000 10.05160
182250.0000 10.07714
182260.0000 9.97869
182270.0000 10.16450
182280.0000 10.37381
182290.0000 10.04117
182300.0000 10.36951
182310.0000 10.00986
182320.0000 10.09032
182330.0000 9.88837
182340.0000 10.06652
182350.0000 10.15439
182360.0000 9.63756
182370.0000 10.04848
182380.0000 10.05313
182390.0000 9.90497
182400.0000 10.12616
182410.0000 9.59602
182420.0000 9.88475
182430.0000 10.03444
182440.0000 9.75158
182450.0000 9.55808
182460.0000 9.88018
182470.0000 9.88563
182480.0000 9.42311
182490.0000 9.36988
182500.0000 9.30072
182510.0000 9.32939
182520.0000 9.27547
182530.0000 9.50370
182540.0000 9.59253
182550.0000 9.67745
182560.0000 9.29136
182570.0000 9.37799
182580.0000 9.32567
182590.0000 9.26404
182600.0000 9.76503
182610.0000 10.05132
182620.0000 10.07354
182630.0000 9.64864
182640.0000 9.89967
182650.0000 9.90668
182660.0000 10.17363
182670.0000 9.75826
182680.0000 9.37395
182690.0000 9.77715
182700.0000 9.60093
182710.0000 9.37859
182720.0000 9.56240
182730.0000 9.93542
182740.0000 10.19262
182750.0000 10.53702
182760.0000 10.14559
182770.0000 10.03765
182780.0000 9.92449
182790.0000 9.73264
182800.0000 9.84530
182810.0000 9.61628
182820.0000 9.95823
182830.0000 10.25509
182840.0000 10.06279
182850.0000 10.08384
182860.0000 10.46384
182870.0000 10.27919
182880.0000 10.20399
182890.0000 10.31939
182900.0000 10.08573
182910.0000 10.19791
182920.0000 10.50078
182930.0000 10.79679
182940.0000 10.71145
182950.0000 10.60233
182960.0000 10.41433
182970.0000 10.28091
182980.0000 10.52893
182990.0000 10.55923
183000.0000 10.47924
183010.0000 10.18509
183020.0000 10.34999
183030.0000 10.42644
183040.0000 10.29882
183050.0000 10.43987
183060.0000 10.83568
183070.0000 10.99309
183080.0000 10.73274
183090.0000 11.04743
183100.0000 11.13256
183110.0000 10.91434
183120.0000 11.02232
183130.0000 11.31351
183140.0000 11.15501
183150.0000 11.41588
183160.0000 11.69509
183170.0000 11.89175
183180.0000 12.22928
183190.0000 12.10987
183200.0000 12.03310
183210.0000 12.20343
183220.0000 12.36976
183230.0000 12.47902
183240.0000 12.51059
183250.0000 12.43313
183260.0000 12.45099
183270.0000 12.24638
183280.0000 11.88214
183290.0000 11.73522
183300.0000 11.96521
183310.0000 12.21206
183320.0000 12.47132
183330.0000 12.43998
183340.0000 12.05070
183350.0000 11.96521
183360.0000 11.93744
183370.0000 11.83353
183380.0000 12.13454
183390.0000 12.19044
183400.0000 12.39634
183410.0000 12.20603
183420.0000 12.66069
183430.0000 12.62511
183440.0000 13.02826
183450.0000 12.89537
183460.0000 13.01334
183470.0000 12.84740
183480.0000 13.00626
183490.0000 12.87882
183500.0000 13.17254
183510.0000 13.47578
183520.0000 13.39231
183530.0000 13.54288
183540.0000 13.37772
183550.0000 13.16327
183560.0000 12.82977
183570.0000 12.84956
183580.0000 12.92111
183590.0000 12.76023
183600.0000 12.95446
183610.0000 12.70616
183620.0000 12.60880
183630.0000 12.59412
183640.0000 12.97852
183650.0000 12.77493
183660.0000 12.61203
183670.0000 12.67334
183680.0000 12.87573
183690.0000 13.34670
183700.0000 12.94621
183710.0000 13.05829
183720.0000 12.99796
183730.0000 12.82801
183740.0000 12.46567
183750.0000 12.35881
183760.0000 12.48335
183770.0000 12.64828
183780.0000 12.38802
183790.0000 12.65329
183800.0000 12.91510
183810.0000 12.86989
183820.0000 12.59211
183830.0000 12.64277
183840.0000 12.78649
183850.0000 13.09578
183860.0000 12.87802
183870.0000 13.18923
183880.0000 13.38510
183890.0000 13.58775
183900.0000 13.45049
183910.0000 13.39811
183920.0000 13.16820
183930.0000 12.72173
183940.0000 12.90319
183950.0000 12.76986
183960.0000 12.61524
183970.0000 12.60421
183980.0000 12.64543
183990.0000 12.69578
184000.0000 12.14379
184010.0000 12.45936
184020.0000 12.58488
184030.0000 12.53154
184040.0000 12.74666
184050.0000 12.98881
184060.0000 12.78878
184070.0000 12.43023
184080.0000 12.50268
184090.0000 12.68394
184100.0000 12.62346
184110.0000 12.63483
184120.0000 12.73590
184130.0000 12.66853
184140.0000 12.76330
184150.0000 12.63719
184160.0000 12.87558
184170.0000 12.74375
184180.0000 12.52600
184190.0000 12.52309
184200.0000 12.68895
184210.0000 12.74596
184220.0000 12.82886
184230.0000 12.68635
184240.0000 12.88897
184250.0000 12.55632
184260.0000 12.37939
184270.0000 12.79453
184280.0000 12.99402
184290.0000 12.79296
184300.0000 12.60463
184310.0000 12.38153
184320.0000 12.20201
184330.0000 12.63252
184340.0000 12.29695
184350.0000 12.03989
184360.0000 12.09845
184370.0000 12.23604
184380.0000 12.17906
184390.0000 12.41642
184400.0000 12.27252
184410.0000 12.65687
184420.0000 12.49251
184430.0000 12.09216
184440.0000 12.48697
184450.0000 12.76192
184460.0000 12.32158
184470.0000 12.22395
184480.0000 12.22026
184490.0000 11.98463
184500.0000 12.37457
184510.0000 12.04434
184520.0000 11.81939
184530.0000 12.00956
184540.0000 11.92043
184550.0000 11.82609
184560.0000 11.83901
184570.0000 11.84127
184580.0000 11.63542
184590.0000 11.64814
184600.0000 11.85048
184610.0000 11.92669
184620.0000 12.06241
184630.0000 11.94636
184640.0000 11.77276
184650.0000 11.92159
184660.0000 11.43834
184670.0000 11.29845
184680.0000 11.39818
184690.0000 11.45218
184700.0000 11.28363
184710.0000 11.43301
184720.0000 11.42699
184730.0000 11.09261
184740.0000 11.05299
184750.0000 10.83929
184760.0000 10.39676
184770.0000 10.58390
184780.0000 10.61540
184790.0000 10.78907
184800.0000 10.25385
184810.0000 10.32743
184820.0000 10.38188
184830.0000 10.39021
184840.0000 9.81845
184850.0000 9.81758
184860.0000 9.86991
184870.0000 9.45369
184880.0000 9.59771
184890.0000 10.13105
184900.0000 9.95909
184910.0000 10.26728
184920.0000 10.52246
184930.0000 10.03611
184940.0000 9.96299
184950.0000 10.05950
184960.0000 10.29400
184970.0000 10.26196
184980.0000 10.17717
184990.0000 10.77261
185000.0000 10.92724
185010.0000 10.49211
185020.0000 10.43553
185030.0000 10.44050
185040.0000 10.46160
185050.0000 10.95833
185060.0000 11.12561
185070.0000 11.14911
185080.0000 11.49801
185090.0000 11.20348
185100.0000 11.51271
185110.0000 11.33894
185120.0000 11.65817
185130.0000 11.84770
185140.0000 11.56299
185150.0000 11.26250
185160.0000 11.08115
185170.0000 11.17183
185180.0000 10.78575
185190.0000 10.61728
185200.0000 10.86513
185210.0000 10.96075
185220.0000 10.86638
185230.0000 11.01431
185240.0000 11.42811
185250.0000 11.08210
185260.0000 11.59497
185270.0000 11.56765
185280.0000 11.75669
185290.0000 11.65330
185300.0000 11.55197
185310.0000 11.73366
185320.0000 11.39506
185330.0000 11.10874
185340.0000 11.04869
185350.0000 11.21466
185360.0000 11.25911
185370.0000 11.57738
185380.0000 11.76905
185390.0000 11.56414
185400.0000 11.32413
185410.0000 11.56437
185420.0000 11.76245
185430.0000 11.89763
185440.0000 11.72222
185450.0000 11.79871
185460.0000 11.53318
185470.0000 11.76976
185480.0000 11.64598
185490.0000 11.16020
185500.0000 11.41640
185510.0000 11.66243
185520.0000 11.89516
185530.0000 12.37831
185540.0000 12.28157
185550.0000 12.34418
185560.0000 12.22860
185570.0000 12.25280
185580.0000 12.37013
185590.0000 12.22885
185600.0000 12.10704
185610.0000 12.07273
185620.0000 11.87791
185630.0000 11.80324
185640.0000 12.01610
185650.0000 12.16873
185660.0000 12.00209
185670.0000 11.78302
185680.0000 11.76207
185690.0000 11.82144
185700.0000 11.88520
185710.0000 11.54740
185720.0000 11.45059
185730.0000 11.16366
185740.0000 11.37257
185750.0000 11.47042
185760.0000 11.34116
185770.0000 11.55816
185780.0000 11.26466
185790.0000 11.19973
185800.0000 11.53154
185810.0000 11.63332
185820.0000 11.62153
185830.0000 11.57951
185840.0000 11.64577
185850.0000 11.72975
185860.0000 11.42961
185870.0000 11.48272
185880.0000 11.39495
185890.0000 11.53190
185900.0000 11.11304
185910.0000 11.41586
185920.0000 11.64860
185930.0000 11.51652
185940.0000 11.71002
185950.0000 11.21471
185960.0000 11.42545
185970.0000 11.38529
185980.0000 11.25920
185990.0000 11.29646
186000.0000 11.63370
186010.0000 11.93512
186020.0000 11.90576
186030.0000 12.21217
186040.0000 12.04333
186050.0000 12.04347
186060.0000 12.10200
186070.0000 11.77374
186080.0000 11.90910
186090.0000 12.11185
186100.0000 11.90044
186110.0000 12.05214
186120.0000 11.47933
186130.0000 11.71385
186140.0000 11.29254
186150.0000 11.81909
186160.0000 11.61086
186170.0000 11.16240
186180.0000 11.03179
186190.0000 11.43145
186200.0000 11.14517
186210.0000 11.26791
186220.0000 11.29531
186230.0000 11.18842
186240.0000 11.52298
186250.0000 11.72188
186260.0000 11.74105
186270.0000 11.17691
186280.0000 10.79783
186290.0000 11.04072
186300.0000 10.81487
186310.0000 10.76159
186320.0000 11.10843
186330.0000 11.67805
186340.0000 11.37508
186350.0000 11.28676
186360.0000 10.93270
186370.0000 11.23640
186380.0000 11.41011
186390.0000 11.21168
186400.0000 11.57710
186410.0000 11.44975
186420.0000 11.26102
186430.0000 11.45816
186440.0000 11.36883
186450.0000 11.06672
186460.0000 11.25086
186470.0000 11.18890
186480.0000 11.33163
186490.0000 11.17011
186500.0000 10.95480
186510.0000 11.06467
186520.0000 10.88332
186530.0000 11.04869
186540.0000 10.65540
186550.0000 10.64040
186560.0000 10.89876
186570.0000 10.91487
186580.0000 10.65817
186590.0000 10.58723
186600.0000 10.32165
186610.0000 10.36469
186620.0000 10.56900
186630.0000 9.96925
186640.0000 9.75531
186650.0000 9.51586
186660.0000 9.97982
186670.0000 10.14857
186680.0000 10.27203
186690.0000 10.21559
186700.0000 10.15317
186710.0000 9.92639
186720.0000 10.00964
186730.0000 10.09178
186740.0000 10.25038
186750.0000 10.04289
186760.0000 10.28497
186770.0000 10.22570
186780.0000 10.60277
186790.0000 10.53472
186800.0000 10.05535
186810.0000 10.29168
186820.0000 10.33427
186830.0000 10.46742
186840.0000 10.43985
186850.0000 10.39475
186860.0000 10.81937
186870.0000 11.55331
186880.0000 11.81727
186890.0000 11.85297
186900.0000 11.42567
186910.0000 11.67105
186920.0000 12.21987
186930.0000 12.56670
186940.0000 12.68321
186950.0000 12.52260
186960.0000 12.82482
186970.0000 12.70802
186980.0000 12.52755
186990.0000 12.60792
187000.0000 12.32995
187010.0000 12.32285
187020.0000 12.21569
187030.0000 12.13405
187040.0000 12.00577
187050.0000 12.46328
187060.0000 12.55536
187070.0000 12.76896
187080.0000 12.79962
187090.0000 12.65626
187100.0000 12.54822
187110.0000 12.37379
187120.0000 12.43262
187130.0000 12.45713
187140.0000 12.46096
187150.0000 12.44515
187160.0000 12.50276
187170.0000 12.44160
187180.0000 12.47428
187190.0000 12.58771
187200.0000 12.23461
187210.0000 11.97291
187220.0000 12.04503
187230.0000 12.25220
187240.0000 12.08597
187250.0000 11.95890
187260.0000 11.68266
187270.0000 11.86906
187280.0000 11.93320
187290.0000 11.85452
187300.0000 12.25125
187310.0000 12.41998
187320.0000 12.82928
187330.0000 12.70388
187340.0000 12.98128
187350.0000 12.82897
187360.0000 12.70497
187370.0000 12.56355
187380.0000 11.69775
187390.0000 11.53581
187400.0000 11.85891
187410.0000 11.71892
187420.0000 12.08859
187430.0000 11.93480
187440.0000 11.66393
187450.0000 11.78882
187460.0000 11.68687
187470.0000 11.90343
187480.0000 11.85743
187490.0000 12.01604
187500.0000 11.67087
187510.0000 11.98026
187520.0000 11.88536
187530.0000 11.93447
187540.0000 12.09169
187550.0000 11.95274
187560.0000 11.63464
187570.0000 11.41693
187580.0000 11.51326
187590.0000 11.05894
187600.0000 10.53768
187610.0000 10.85595
187620.0000 11.07023
187630.0000 10.96474
187640.0000 10.68276
187650.0000 10.45037
187660.0000 10.64752
187670.0000 10.61825
187680.0000 10.59264
187690.0000 10.61240
187700.0000 10.32522
187710.0000 10.60406
187720.0000 11.06030
187730.0000 11.06544
187740.0000 11.16618
187750.0000 11.39050
187760.0000 11.49608
187770.0000 11.35201
187780.0000 11.53892
187790.0000 11.61431
187800.0000 11.29867
187810.0000 11.53385
187820.0000 11.66532
187830.0000 11.48340
187840.0000 11.54230
187850.0000 11.09041
187860.0000 10.92760
187870.0000 11.12704
187880.0000 11.42670
187890.0000 11.23757
187900.0000 11.24693
187910.0000 11.41633
187920.0000 11.52254
187930.0000 11.76034
187940.0000 12.04284
187950.0000 12.32800
187960.0000 12.29032
187970.0000 12.20551
187980.0000 12.05712
187990.0000 12.14516
188000.0000 12.24553
188010.0000 12.21025
188020.0000 11.83663
188030.0000 11.94601
188040.0000 11.66758
188050.0000 11.66789
188060.0000 11.26134
188070.0000 11.20196
188080.0000 11.82832
188090.0000 11.64689
188100.0000 11.50782
188110.0000 10.90404
188120.0000 10.82987
188130.0000 10.71702
188140.0000 10.78967
188150.0000 10.89866
188160.0000 11.39990
188170.0000 10.97197
188180.0000 11.15492
188190.0000 11.48938
188200.0000 11.39985
188210.0000 11.56342
188220.0000 11.89703
188230.0000 12.00447
188240.0000 12.60679
188250.0000 12.86035
188260.0000 12.91290
188270.0000 12.89326
188280.0000 13.33080
188290.0000 12.96602
188300.0000 13.40398
188310.0000 13.28563
188320.0000 13.55052
188330.0000 13.63532
188340.0000 13.32189
188350.0000 13.29645
188360.0000 13.32419
188370.0000 13.63961
188380.0000 13.67643
188390.0000 13.73618
188400.0000 13.89491
188410.0000 14.20853
188420.0000 14.06890
188430.0000 14.01704
188440.0000 13.80653
188450.0000 14.08849
188460.0000 14.26017
188470.0000 13.95251
188480.0000 13.71900
188490.0000 13.74454
188500.0000 13.62498
188510.0000 13.65796
188520.0000 13.46088
188530.0000 13.22123
188540.0000 13.06548
188550.0000 12.65447
188560.0000 12.49578
188570.0000 12.16825
188580.0000 12.26544
188590.0000 11.96125
188600.0000 11.86481
188610.0000 11.92327
188620.0000 11.99768
188630.0000 12.03437
188640.0000 11.41285
188650.0000 11.44013
188660.0000 11.84869
188670.0000 11.90797
188680.0000 12.44549
188690.0000 12.48009
188700.0000 12.30578
188710.0000 12.48205
188720.0000 12.52341
188730.0000 12.66457
188740.0000 13.04875
188750.0000 12.98435
188760.0000 12.82182
188770.0000 12.83159
188780.0000 12.69355
188790.0000 12.50632
188800.0000 12.14561
188810.0000 12.32876
188820.0000 12.43186
188830.0000 12.61082
188840.0000 12.60420
188850.0000 12.64263
188860.0000 12.54915
188870.0000 12.39388
188880.0000 12.54846
188890.0000 12.32512
188900.0000 12.58664
188910.0000 12.31044
188920.0000 12.12411
188930.0000 12.06190
188940.0000 12.43488
188950.0000 12.32189
188960.0000 12.00674
188970.0000 11.97781
188980.0000 12.09732
188990.0000 12.11650
189000.0000 11.83492
189010.0000 11.47886
189020.0000 11.64564
189030.0000 12.17064
189040.0000 12.36224
189050.0000 12.27759
189060.0000 12.02027
189070.0000 12.05949
189080.0000 12.38297
189090.0000 12.48433
189100.0000 12.86747
189110.0000 12.94289
189120.0000 12.74133
189130.0000 12.89738
189140.0000 12.73395
189150.0000 12.76457
189160.0000 13.05974
189170.0000 13.06158
189180.0000 13.06088
189190.0000 12.71473
189200.0000 12.82247
189210.0000 12.90154
189220.0000 13.17850
189230.0000 13.24545
189240.0000 13.30665
189250.0000 13.16506
189260.0000 13.20126
189270.0000 13.20164
189280.0000 13.12337
189290.0000 13.46241
189300.0000 13.54919
189310.0000 13.48126
189320.0000 13.69619
189330.0000 13.65022
189340.0000 13.47597
189350.0000 13.46778
189360.0000 13.32905
189370.0000 13.56599
189380.0000 13.34356
189390.0000 13.23342
189400.0000 12.92512
189410.0000 13.11419
189420.0000 12.86150
189430.0000 12.70739
189440.0000 12.93104
189450.0000 12.71982
189460.0000 12.69041
189470.0000 12.75578
189480.0000 12.90886
189490.0000 12.87029
189500.0000 13.00948
189510.0000 13.22083
189520.0000 13.41225
189530.0000 13.69517
189540.0000 13.85600
189550.0000 13.83951
189560.0000 13.78888
189570.0000 13.73840
189580.0000 13.70646
189590.0000 13.57640
189600.0000 13.84157
189610.0000 13.54149
189620.0000 13.78201
189630.0000 13.50197
189640.0000 13.33908
189650.0000 13.54816
189660.0000 13.69583
189670.0000 14.08297
189680.0000 14.45404
189690.0000 14.43006
189700.0000 15.06354
189710.0000 15.06376
189720.0000 14.85179
189730.0000 14.98265
189740.0000 14.87584
189750.0000 14.94623
189760.0000 15.13815
189770.0000 15.22862
189780.0000 15.17091
189790.0000 14.59810
189800.0000 14.41545
189810.0000 14.47163
189820.0000 14.30495
189830.0000 14.10234
189840.0000 14.13521
189850.0000 14.08568
189860.0000 13.90148
189870.0000 13.76915
189880.0000 13.77594
189890.0000 13.35547
189900.0000 13.06820
189910.0000 13.07537
189920.0000 12.94393
189930.0000 12.98811
189940.0000 12.81426
189950.0000 12.64973
189960.0000 12.28503
189970.0000 12.00899
189980.0000 12.45598
189990.0000 12.74750
190000.0000 12.68218
190010.0000 12.61546
190020.0000 12.74990
190030.0000 12.95561
190040.0000 12.69007
190050.0000 12.50189
190060.0000 12.92709
190070.0000 13.01392
190080.0000 13.19262
190090.0000 13.09037
190100.0000 12.94604
190110.0000 13.19627
190120.0000 13.46822
190130.0000 13.49042
190140.0000 13.41081
190150.0000 13.40146
190160.0000 13.40975
190170.0000 13.45730
190180.0000 13.34442
190190.0000 13.41635
190200.0000 13.32631
190210.0000 12.90509
190220.0000 12.91331
190230.0000 12.58791
190240.0000 12.63765
190250.0000 12.51265
190260.0000 12.55593
190270.0000 12.96131
190280.0000 13.43686
190290.0000 13.44353
190300.0000 13.50283
190310.0000 13.25963
190320.0000 13.37428
190330.0000 12.92212
190340.0000 13.27361
190350.0000 13.01936
190360.0000 12.86639
190370.0000 12.61794
190380.0000 12.62111
190390.0000 12.62125
190400.0000 12.86426
190410.0000 12.57601
190420.0000 12.49222
190430.0000 12.45977
190440.0000 12.68440
190450.0000 12.43605
190460.0000 12.57482
190470.0000 12.33665
190480.0000 12.57169
190490.0000 12.70322
190500.0000 12.45054
190510.0000 12.65871
190520.0000 12.72267
190530.0000 12.98462
190540.0000 12.92863
190550.0000 12.85790
190560.0000 13.11183
190570.0000 13.44619
190580.0000 13.55616
190590.0000 13.74101
190600.0000 13.96759
190610.0000 14.24285
190620.0000 13.92340
190630.0000 13.90036
190640.0000 13.96215
190650.0000 13.70378
190660.0000 13.98090
190670.0000 14.00356
190680.0000 13.67039
190690.0000 13.67951
190700.0000 13.74193
190710.0000 13.55726
190720.0000 13.28794
190730.0000 13.35289
190740.0000 13.49635
190750.0000 13.39862
190760.0000 13.48528
190770.0000 13.17863
190780.0000 13.25662
190790.0000 13.20757
190800.0000 13.07853
190810.0000 13.19070
190820.0000 13.20373
190830.0000 13.37118
190840.0000 13.25865
190850.0000 12.99309
190860.0000 13.38666
190870.0000 13.38059
190880.0000 13.19131
190890.0000 13.11236
190900.0000 13.50972
190910.0000 13.40245
190920.0000 13.68245
190930.0000 13.77998
190940.0000 13.82188
190950.0000 13.80014
190960.0000 13.88324
190970.0000 13.90171
190980.0000 13.96770
190990.0000 14.26430
191000.0000 14.41146
191010.0000 14.15746
191020.0000 14.29203
191030.0000 14.17621
191040.0000 14.15924
191050.0000 14.09094
191060.0000 13.94617
191070.0000 14.07877
191080.0000 14.05188
191090.0000 13.85656
191100.0000 13.99319
191110.0000 13.65228
191120.0000 13.45445
191130.0000 13.35091
191140.0000 13.18720
191150.0000 13.41185
191160.0000 13.37870
191170.0000 13.38195
191180.0000 13.30471
191190.0000 12.91981
191200.0000 12.74903
191210.0000 12.82270
191220.0000 12.49000
191230.0000 12.42458
191240.0000 12.32581
191250.0000 12.23313
191260.0000 12.15587
191270.0000 12.35038
191280.0000 12.28401
191290.0000 12.52179
191300.0000 12.69444
191310.0000 12.49277
191320.0000 12.16670
191330.0000 12.08974
191340.0000 11.85196
191350.0000 11.82930
191360.0000 12.49730
191370.0000 12.57951
191380.0000 12.34478
191390.0000 12.08696
191400.0000 12.00818
191410.0000 11.94971
191420.0000 11.98969
191430.0000 11.83431
191440.0000 11.90435
191450.0000 11.90625
191460.0000 12.30883
191470.0000 12.54259
191480.0000 12.35086
191490.0000 12.31791
191500.0000 12.49514
191510.0000 12.70393
191520.0000 13.03961
191530.0000 13.20410
191540.0000 13.02012
191550.0000 13.33179
191560.0000 13.18559
191570.0000 13.35415
191580.0000 13.35305
191590.0000 13.20276
191600.0000 13.28731
191610.0000 13.35675
191620.0000 13.62950
191630.0000 13.61910
191640.0000 13.41395
191650.0000 13.24130
191660.0000 13.12697
191670.0000 13.11037
191680.0000 13.07829
191690.0000 13.13385
191700.0000 12.83154
191710.0000 12.46832
191720.0000 12.74398
191730.0000 12.68111
191740.0000 12.48877
191750.0000 12.70757
191760.0000 12.94847
191770.0000 13.31244
191780.0000 13.72327
191790.0000 13.66121
191800.0000 13.74527
191810.0000 13.82222
191820.0000 13.65115
191830.0000 13.17777
191840.0000 13.02225
191850.0000 12.79448
191860.0000 12.87894
191870.0000 12.94299
191880.0000 13.03036
191890.0000 12.13130
191900.0000 12.76868
191910.0000 12.93392
191920.0000 12.77933
191930.0000 12.90367
191940.0000 12.84301
191950.0000 13.11434
191960.0000 13.14643
191970.0000 13.35577
191980.0000 13.20785
191990.0000 13.01429
192000.0000 12.79757
192010.0000 12.26440
192020.0000 12.61042
192030.0000 12.73170
192040.0000 12.67909
192050.0000 12.75756
192060.0000 12.83983
192070.0000 12.46950
192080.0000 12.29562
192090.0000 12.38142
192100.0000 12.53121
192110.0000 12.26315
192120.0000 12.48353
192130.0000 12.58980
192140.0000 12.73407
192150.0000 12.86956
192160.0000 12.75782
192170.0000 12.86298
192180.0000 12.69084
192190.0000 12.51329
192200.0000 12.28125
192210.0000 12.27726
192220.0000 12.36535
192230.0000 12.14074
192240.0000 12.59075
192250.0000 12.24336
192260.0000 12.34462
192270.0000 12.26260
192280.0000 12.30970
192290.0000 12.08719
192300.0000 11.70826
192310.0000 11.73190
192320.0000 11.92494
192330.0000 12.06140
192340.0000 12.13167
192350.0000 12.15053
192360.0000 12.29041
192370.0000 12.51598
192380.0000 12.73631
192390.0000 12.97616
192400.0000 12.96443
192410.0000 12.97764
192420.0000 12.98910
192430.0000 13.13481
192440.0000 13.33225
192450.0000 13.18263
192460.0000 13.48311
192470.0000 13.67231
192480.0000 13.92060
192490.0000 13.91229
192500.0000 14.01135
192510.0000 13.55914
192520.0000 13.66161
192530.0000 13.73258
192540.0000 13.56415
192550.0000 13.32415
192560.0000 13.46962
192570.0000 13.40644
192580.0000 13.38547
192590.0000 13.23962
192600.0000 12.93443
192610.0000 12.99205
192620.0000 12.94890
192630.0000 13.52042
192640.0000 13.52420
192650.0000 13.17672
192660.0000 13.54052
192670.0000 13.42310
192680.0000 13.54492
192690.0000 13.53016
192700.0000 13.25457
192710.0000 13.40930
192720.0000 13.12839
192730.0000 12.92649
192740.0000 13.13265
192750.0000 13.16390
192760.0000 13.19056
192770.0000 13.43683
192780.0000 13.51453
192790.0000 13.44002
192800.0000 13.75975
192810.0000 13.47317
192820.0000 13.44459
192830.0000 13.12537
192840.0000 13.06753
192850.0000 12.84944
192860.0000 12.89162
192870.0000 12.53405
192880.0000 12.69631
192890.0000 12.97239
192900.0000 13.01271
192910.0000 12.88650
192920.0000 12.90598
192930.0000 13.11114
192940.0000 12.43043
192950.0000 12.22946
192960.0000 12.36318
192970.0000 12.17140
192980.0000 12.31518
192990.0000 12.11669
193000.0000 12.19578
193010.0000 12.56421
193020.0000 12.38459
193030.0000 12.31745
193040.0000 11.99486
193050.0000 12.19534
193060.0000 12.03220
193070.0000 12.05313
193080.0000 11.93166
193090.0000 12.12506
193100.0000 12.33986
193110.0000 12.39790
193120.0000 12.26151
193130.0000 12.24659
193140.0000 12.02140
193150.0000 11.88975
193160.0000 12.26300
193170.0000 11.87655
193180.0000 12.14131
193190.0000 11.67243
193200.0000 11.28862
193210.0000 11.47360
193220.0000 11.50797
193230.0000 11.35966
193240.0000 11.77582
193250.0000 11.69143
193260.0000 11.48785
193270.0000 11.77467
193280.0000 11.58652
193290.0000 11.65304
193300.0000 11.82595
193310.0000 11.90213
193320.0000 11.75366
193330.0000 11.75090
193340.0000 11.83931
193350.0000 11.84088
193360.0000 11.82642
193370.0000 11.89926
193380.0000 12.25697
193390.0000 12.37159
193400.0000 12.38208
193410.0000 12.67858
193420.0000 12.74109
193430.0000 12.55803
193440.0000 12.41716
193450.0000 12.07165
193460.0000 12.60992
193470.0000 12.41707
193480.0000 12.35279
193490.0000 12.42766
193500.0000 12.09746
193510.0000 11.86024
193520.0000 11.74300
193530.0000 11.74461
193540.0000 11.89760
193550.0000 11.93328
193560.0000 11.63125
193570.0000 11.36977
193580.0000 11.52950
193590.0000 11.98296
193600.0000 11.71830
193610.0000 11.78963
193620.0000 11.79567
193630.0000 11.53589
193640.0000 11.40219
193650.0000 11.19607
193660.0000 11.00605
193670.0000 10.84133
193680.0000 11.22319
193690.0000 11.49320
193700.0000 11.80917
193710.0000 11.64831
193720.0000 11.17858
193730.0000 11.02365
193740.0000 10.79656
193750.0000 10.22418
193760.0000 10.06814
193770.0000 9.94633
193780.0000 10.20732
193790.0000 10.17469
193800.0000 9.59909
193810.0000 9.88790
193820.0000 9.76282
193830.0000 9.68412
193840.0000 9.36711
193850.0000 9.60838
193860.0000 9.80317
193870.0000 9.83271
193880.0000 10.35680
193890.0000 10.65619
193900.0000 10.66027
193910.0000 10.49431
193920.0000 10.57308
193930.0000 10.77607
193940.0000 10.63656
193950.0000 10.80013
193960.0000 10.47800
193970.0000 10.78716
193980.0000 10.66980
193990.0000 10.85394
194000.0000 11.56957
194010.0000 11.77686
194020.0000 11.82179
194030.0000 11.81936
194040.0000 12.14318
194050.0000 12.03802
194060.0000 11.93156
194070.0000 12.57381
194080.0000 12.17592
194090.0000 12.21137
194100.0000 12.53431
194110.0000 12.57062
194120.0000 12.20298
194130.0000 12.16152
194140.0000 12.28963
194150.0000 11.93789
194160.0000 11.92328
194170.0000 12.10368
194180.0000 12.18723
194190.0000 12.31847
194200.0000 12.68112
194210.0000 12.63133
194220.0000 12.61291
194230.0000 12.76729
194240.0000 12.73442
194250.0000 12.94710
194260.0000 12.51924
194270.0000 12.72757
194280.0000 12.78941
194290.0000 12.66087
194300.0000 12.48596
194310.0000 12.30364
194320.0000 12.34636
194330.0000 12.23293
194340.0000 12.42040
194350.0000 12.57554
194360.0000 12.92918
194370.0000 13.00677
194380.0000 12.82517
194390.0000 13.11494
194400.0000 13.47050
194410.0000 13.54858
194420.0000 13.69935
194430.0000 13.31040
194440.0000 13.84373
194450.0000 13.92663
194460.0000 14.14946
194470.0000 13.94805
194480.0000 13.55559
194490.0000 13.41823
194500.0000 13.22921
194510.0000 13.45250
194520.0000 13.57796
194530.0000 13.65630
194540.0000 13.42796
194550.0000 13.40857
194560.0000 13.31728
194570.0000 13.61312
194580.0000 13.66678
194590.0000 13.76873
194600.0000 13.42600
194610.0000 13.42808
194620.0000 13.65951
194630.0000 13.11644
194640.0000 13.14268
194650.0000 13.05968
194660.0000 12.99901
194670.0000 13.28648
194680.0000 13.13774
194690.0000 13.29657
194700.0000 12.82219
194710.0000 12.62346
194720.0000 12.51797
194730.0000 12.61167
194740.0000 12.37243
194750.0000 12.65376
194760.0000 12.71072
194770.0000 12.60487
194780.0000 12.84078
194790.0000 13.28218
194800.0000 13.29078
194810.0000 13.06590
194820.0000 13.12666
194830.0000 12.99465
194840.0000 12.78134
194850.0000 12.68591
194860.0000 12.57931
194870.0000 12.27210
194880.0000 12.32421
194890.0000 12.55567
194900.0000 12.37547
194910.0000 12.69435
194920.0000 12.93259
194930.0000 12.63621
194940.0000 12.82026
194950.0000 13.04302
194960.0000 13.09526
194970.0000 13.15563
194980.0000 13.26353
194990.0000 13.48881
195000.0000 13.18960
195010.0000 13.51509
195020.0000 13.66010
195030.0000 13.53550
195040.0000 13.56296
195050.0000 13.53541
195060.0000 13.67726
195070.0000 13.39054
195080.0000 13.32823
195090.0000 13.52953
195100.0000 13.38916
195110.0000 13.42466
195120.0000 13.35911
195130.0000 13.39344
195140.0000 13.07866
195150.0000 13.13628
195160.0000 13.20087
195170.0000 13.33258
195180.0000 13.57281
195190.0000 13.92734
195200.0000 13.92043
195210.0000 14.11287
195220.0000 14.11389
195230.0000 14.00960
195240.0000 13.70850
195250.0000 13.77084
195260.0000 14.14137
195270.0000 14.39152
195280.0000 14.53464
195290.0000 14.47667
195300.0000 14.31947
195310.0000 14.44158
195320.0000 14.32106
195330.0000 14.39794
195340.0000 14.34110
195350.0000 14.27958
195360.0000 14.11707
195370.0000 14.23208
195380.0000 14.51148
195390.0000 14.57619
195400.0000 14.90010
195410.0000 14.94946
195420.0000 15.01534
195430.0000 14.49477
195440.0000 14.64655
195450.0000 14.68294
195460.0000 14.36080
195470.0000 14.39968
195480.0000 14.61070
195490.0000 14.66547
195500.0000 14.77315
195510.0000 14.63776
195520.0000 14.50580
195530.0000 14.59742
195540.0000 14.65042
195550.0000 14.51875
195560.0000 14.39790
195570.0000 14.45036
195580.0000 14.40136
195590.0000 14.65632
195600.0000 14.78765
195610.0000 14.82012
195620.0000 14.95018
195630.0000 15.01665
195640.0000 14.86163
195650.0000 14.78612
195660.0000 14.63577
195670.0000 14.58095
195680.0000 14.75109
195690.0000 14.92088
195700.0000 14.95017
195710.0000 14.86860
195720.0000 15.10136
195730.0000 15.08359
195740.0000 15.14277
195750.0000 15.03709
195760.0000 15.29299
195770.0000 15.47848
195780.0000 15.14196
195790.0000 15.19191
195800.0000 14.88317
195810.0000 15.14243
195820.0000 15.13408
195830.0000 15.30359
195840.0000 15.18312
195850.0000 15.14358
195860.0000 15.15853
195870.0000 15.24689
195880.0000 15.34930
195890.0000 15.08229
195900.0000 15.36967
195910.0000 15.35137
195920.0000 15.44023
195930.0000 15.35110
195940.0000 15.27208
195950.0000 15.14453
195960.0000 15.34670
195970.0000 15.03979
195980.0000 15.15197
195990.0000 15.09708
196000.0000 15.09517
196010.0000 15.16567
196020.0000 15.31704
196030.0000 14.97274
196040.0000 14.86100
196050.0000 15.04694
196060.0000 15.21024
196070.0000 15.29629
196080.0000 14.86934
196090.0000 14.84597
196100.0000 14.68175
196110.0000 14.95774
196120.0000 15.02190
196130.0000 14.80003
196140.0000 14.98776
196150.0000 14.92025
196160.0000 14.93083
196170.0000 14.85807
196180.0000 14.57883
196190.0000 14.39769
196200.0000 14.29803
196210.0000 14.06192
196220.0000 13.92362
196230.0000 14.11030
196240.0000 14.18277
196250.0000 14.16979
196260.0000 14.12867
196270.0000 14.02338
196280.0000 14.29895
196290.0000 14.38648
196300.0000 14.06399
196310.0000 14.41684
196320.0000 14.38871
196330.0000 14.42008
196340.0000 14.49763
196350.0000 14.57730
196360.0000 14.74860
196370.0000 14.81094
196380.0000 14.80122
196390.0000 14.97322
196400.0000 14.84429
196410.0000 14.93076
196420.0000 15.05361
196430.0000 14.82972
196440.0000 14.80997
196450.0000 14.86350
196460.0000 14.97026
196470.0000 15.37196
196480.0000 15.23148
196490.0000 15.13256
196500.0000 15.47506
196510.0000 15.71716
196520.0000 15.91850
196530.0000 15.73671
196540.0000 15.64349
196550.0000 15.50943
196560.0000 15.76930
196570.0000 15.60681
196580.0000 15.70084
196590.0000 15.74300
196600.0000 15.53536
196610.0000 15.67172
196620.0000 15.56793
196630.0000 15.38155
196640.0000 15.57752
196650.0000 15.31581
196660.0000 15.59296
196670.0000 15.66679
196680.0000 15.60544
196690.0000 15.67761
196700.0000 15.49059
196710.0000 15.42532
196720.0000 15.24146
196730.0000 15.14742
196740.0000 15.02510
196750.0000 14.94279
196760.0000 15.23428
196770.0000 15.39173
196780.0000 15.41568
196790.0000 15.25173
196800.0000 15.50394
196810.0000 15.31764
196820.0000 15.28280
196830.0000 15.20615
196840.0000 15.06212
196850.0000 15.46309
196860.0000 15.24208
196870.0000 15.12337
196880.0000 15.38675
196890.0000 15.32285
196900.0000 14.99119
196910.0000 15.27368
196920.0000 15.47880
196930.0000 15.29272
196940.0000 15.19060
196950.0000 15.44123
196960.0000 15.30490
196970.0000 15.40158
196980.0000 15.67739
196990.0000 15.89343
197000.0000 15.62761
197010.0000 15.78557
197020.0000 15.66700
197030.0000 15.65620
197040.0000 15.68182
197050.0000 15.90142
197060.0000 15.72811
197070.0000 15.41047
197080.0000 15.15549
197090.0000 15.52477
197100.0000 15.87805
197110.0000 15.75482
197120.0000 15.63711
197130.0000 15.53499
197140.0000 15.73815
197150.0000 15.56602
197160.0000 15.58945
197170.0000 15.69637
197180.0000 15.88419
197190.0000 15.84084
197200.0000 15.85731
197210.0000 15.62518
197220.0000 15.50350
197230.0000 15.36561
197240.0000 15.36367
197250.0000 15.37422
197260.0000 15.42012
197270.0000 15.35206
197280.0000 15.45689
197290.0000 15.47573
197300.0000 15.62067
197310.0000 15.35504
197320.0000 15.44057
197330.0000 15.68123
197340.0000 15.66798
197350.0000 15.59101
197360.0000 15.63364
197370.0000 15.85432
197380.0000 15.64947
197390.0000 15.76720
197400.0000 15.75086
197410.0000 15.82647
197420.0000 15.64011
197430.0000 15.38440
197440.0000 15.31411
197450.0000 15.58101
197460.0000 15.34301
197470.0000 15.29549
197480.0000 15.22337
197490.0000 15.10832
197500.0000 15.01257
197510.0000 15.00667
197520.0000 14.66490
197530.0000 14.66925
197540.0000 14.60577
197550.0000 14.69298
197560.0000 14.49048
197570.0000 14.64595
197580.0000 14.26678
197590.0000 14.06254
197600.0000 13.97684
197610.0000 13.84764
197620.0000 13.97250
197630.0000 14.24516
197640.0000 14.13859
197650.0000 14.52510
197660.0000 14.64365
197670.0000 14.61360
197680.0000 14.64536
197690.0000 14.54390
197700.0000 14.16306
197710.0000 14.10998
197720.0000 13.93119
197730.0000 14.33969
197740.0000 14.67689
197750.0000 14.67873
197760.0000 14.46477
197770.0000 14.21424
197780.0000 14.33655
197790.0000 14.04973
197800.0000 14.22127
197810.0000 14.07763
197820.0000 13.92149
197830.0000 13.57121
197840.0000 13.55082
197850.0000 13.81919
197860.0000 13.52244
197870.0000 13.57550
197880.0000 13.60897
197890.0000 13.97675
197900.0000 13.71661
197910.0000 13.85237
197920.0000 13.56285
197930.0000 13.96394
197940.0000 13.93746
197950.0000 14.02531
197960.0000 14.21632
197970.0000 14.56522
197980.0000 14.17824
197990.0000 14.41439
198000.0000 14.48205
198010.0000 14.27460
198020.0000 14.42086
198030.0000 14.39134
198040.0000 14.33486
198050.0000 14.56615
198060.0000 14.54688
198070.0000 14.16201
198080.0000 13.89776
198090.0000 14.11621
198100.0000 13.81352
198110.0000 14.06213
198120.0000 14.12442
198130.0000 14.05304
198140.0000 14.00843
198150.0000 13.89863
198160.0000 13.96997
198170.0000 13.76935
198180.0000 13.55209
198190.0000 13.77332
198200.0000 13.89427
198210.0000 13.80059
198220.0000 13.88132
198230.0000 14.04190
198240.0000 13.83702
198250.0000 13.86056
198260.0000 13.72865
198270.0000 13.90924
198280.0000 13.55137
198290.0000 13.82317
198300.0000 13.76472
198310.0000 13.74970
198320.0000 13.73766
198330.0000 13.72481
198340.0000 13.51455
198350.0000 13.79646
198360.0000 13.73394
198370.0000 13.49244
198380.0000 13.53089
198390.0000 13.52273
198400.0000 13.47375
198410.0000 13.54331
198420.0000 13.26511
198430.0000 13.10747
198440.0000 13.12835
198450.0000 13.28181
198460.0000 13.23375
198470.0000 13.16570
198480.0000 13.36273
198490.0000 13.39505
198500.0000 13.13245
198510.0000 13.04448
198520.0000 13.44953
198530.0000 13.51484
198540.0000 13.59303
198550.0000 13.87449
198560.0000 14.05953
198570.0000 14.03175
198580.0000 14.11722
198590.0000 14.26893
198600.0000 14.12809
198610.0000 14.16023
198620.0000 14.19048
198630.0000 14.14758
198640.0000 14.03080
198650.0000 13.89225
198660.0000 13.83969
198670.0000 13.75663
198680.0000 14.07946
198690.0000 14.03579
198700.0000 13.98242
198710.0000 14.02032
198720.0000 14.14270
198730.0000 14.41125
198740.0000 14.35322
198750.0000 14.66894
198760.0000 14.29008
198770.0000 14.24841
198780.0000 14.15439
198790.0000 14.01947
198800.0000 14.01087
198810.0000 13.93452
198820.0000 14.09831
198830.0000 14.25187
198840.0000 14.03886
198850.0000 14.07661
198860.0000 13.85925
198870.0000 13.89261
198880.0000 14.13705
198890.0000 13.84399
198900.0000 13.95316
198910.0000 13.89544
198920.0000 13.61587
198930.0000 13.67527
198940.0000 13.43252
198950.0000 13.29989
198960.0000 12.99418
198970.0000 13.06229
198980.0000 12.98673
198990.0000 12.93421
199000.0000 12.63058
199010.0000 12.46960
199020.0000 12.80217
199030.0000 12.55685
199040.0000 12.71270
199050.0000 12.80340
199060.0000 12.83341
199070.0000 13.04886
199080.0000 13.63952
199090.0000 13.43057
199100.0000 13.18275
199110.0000 13.04881
199120.0000 12.87953
199130.0000 12.91165
199140.0000 13.01290
199150.0000 12.89647
199160.0000 13.06788
199170.0000 13.05821
199180.0000 12.97968
199190.0000 12.76358
199200.0000 12.85520
199210.0000 12.88319
199220.0000 12.87495
199230.0000 12.81262
199240.0000 12.70589
199250.0000 12.79017
199260.0000 12.14748
199270.0000 12.29758
199280.0000 12.21667
199290.0000 12.53478
199300.0000 12.14190
199310.0000 12.40711
199320.0000 12.09094
199330.0000 11.98972
199340.0000 11.77760
199350.0000 11.70154
199360.0000 11.72733
199370.0000 11.48943
199380.0000 11.33631
199390.0000 11.03085
199400.0000 11.20447
199410.0000 11.41135
199420.0000 11.46324
199430.0000 11.14012
199440.0000 11.32320
199450.0000 11.87109
199460.0000 11.62307
199470.0000 11.18829
199480.0000 11.33430
199490.0000 11.24900
199500.0000 10.99716
199510.0000 10.95152
199520.0000 11.38593
199530.0000 11.49263
199540.0000 11.75132
199550.0000 12.17896
199560.0000 12.11076
199570.0000 12.48521
199580.0000 12.83762
199590.0000 12.69604
199600.0000 12.70839
199610.0000 12.58602
199620.0000 12.78235
199630.0000 12.56329
199640.0000 12.61117
199650.0000 12.43958
199660.0000 12.39776
199670.0000 12.36057
199680.0000 12.74595
199690.0000 13.26522
199700.0000 13.02354
199710.0000 12.90372
199720.0000 12.91521
199730.0000 12.48351
199740.0000 12.07324
199750.0000 11.91201
199760.0000 12.50185
199770.0000 12.29586
199780.0000 12.14403
199790.0000 11.61119
199800.0000 11.59979
199810.0000 11.68990
199820.0000 11.69267
199830.0000 11.70163
199840.0000 12.13104
199850.0000 12.08943
199860.0000 12.00270
199870.0000 12.03088
199880.0000 12.00138
199890.0000 12.23188
199900.0000 12.28474
199910.0000 12.12592
199920.0000 12.07433
199930.0000 12.29939
199940.0000 12.04016
199950.0000 12.23628
199960.0000 12.18049
199970.0000 12.16424
199980.0000 12.06449
199990.0000 11.60570
200000.0000 11.28848
200010.0000 10.80200
200020.0000 10.84454
200030.0000 10.72271
200040.0000 10.91729
200050.0000 10.96444
200060.0000 10.95177
200070.0000 10.93562
200080.0000 11.18390
200090.0000 11.34625
200100.0000 11.44684
200110.0000 11.43138
200120.0000 11.20595
200130.0000 11.14054
200140.0000 11.03263
200150.0000 10.98547
200160.0000 10.72743
200170.0000 10.70141
200180.0000 10.88032
200190.0000 10.83949
200200.0000 10.95328
200210.0000 10.96341
200220.0000 11.26248
200230.0000 11.22570
200240.0000 10.99450
200250.0000 10.86771
200260.0000 10.72664
200270.0000 10.72780
200280.0000 10.69556
200290.0000 10.53956
200300.0000 10.25493
200310.0000 10.32707
200320.0000 10.35101
200330.0000 10.73951
200340.0000 10.75114
200350.0000 11.15897
200360.0000 11.14273
200370.0000 11.32372
200380.0000 11.54467
200390.0000 11.52525
200400.0000 11.84858
200410.0000 12.01061
200420.0000 11.92149
200430.0000 11.40565
200440.0000 11.63463
200450.0000 11.66741
200460.0000 11.49793
200470.0000 11.70726
200480.0000 11.34722
200490.0000 11.58583
200500.0000 11.76813
200510.0000 11.46627
200520.0000 11.86702
200530.0000 11.99000
200540.0000 11.66093
200550.0000 11.91598
200560.0000 11.60707
200570.0000 11.56086
200580.0000 12.09606
200590.0000 11.96619
200600.0000 11.98278
200610.0000 11.40219
200620.0000 11.26118
200630.0000 11.49467
200640.0000 11.25870
200650.0000 11.22506
200660.0000 11.32835
200670.0000 11.46503
200680.0000 11.46545
200690.0000 11.58004
200700.0000 11.86857
200710.0000 11.19943
200720.0000 11.15690
200730.0000 11.18348
200740.0000 10.96765
200750.0000 10.86125
200760.0000 10.99012
200770.0000 10.67969
200780.0000 10.70794
200790.0000 10.99283
200800.0000 10.92320
200810.0000 10.76082
200820.0000 10.20320
200830.0000 10.40766
200840.0000 10.51395
200850.0000 10.15577
200860.0000 10.59159
200870.0000 10.25242
200880.0000 10.57188
200890.0000 10.24200
200900.0000 10.59957
200910.0000 10.62359
200920.0000 10.71458
200930.0000 10.74406
200940.0000 10.79326
200950.0000 10.83924
200960.0000 10.99249
200970.0000 11.32378
200980.0000 11.00290
200990.0000 11.51985
201000.0000 11.52821
201010.0000 11.76405
201020.0000 11.81135
201030.0000 11.88795
201040.0000 11.53510
201050.0000 11.22620
201060.0000 11.32788
201070.0000 11.73403
201080.0000 11.44496
201090.0000 11.26482
201100.0000 11.07805
201110.0000 11.23747
201120.0000 11.36073
201130.0000 11.21182
201140.0000 11.20210
201150.0000 10.94952
201160.0000 10.67469
201170.0000 10.48909
201180.0000 10.73729
201190.0000 10.87726
201200.0000 10.92394
201210.0000 10.62576
201220.0000 11.20014
201230.0000 11.23183
201240.0000 11.46372
201250.0000 11.67425
201260.0000 11.62013
201270.0000 11.45740
201280.0000 11.71501
201290.0000 11.82853
201300.0000 11.85521
201310.0000 11.97822
201320.0000 12.01799
201330.0000 11.81947
201340.0000 12.01404
201350.0000 11.95894
201360.0000 11.92102
201370.0000 12.34833
201380.0000 12.41868
201390.0000 12.37455
201400.0000 12.30780
201410.0000 12.86616
201420.0000 12.81555
201430.0000 12.72353
201440.0000 12.81870
201450.0000 12.86066
201460.0000 12.98116
201470.0000 13.10939
201480.0000 13.04934
201490.0000 13.02070
201500.0000 13.00538
201510.0000 13.08629
201520.0000 13.29303
201530.0000 13.15076
201540.0000 13.07726
201550.0000 12.77105
201560.0000 12.64275
201570.0000 12.62351
201580.0000 12.90143
201590.0000 13.28144
201600.0000 13.35367
201610.0000 12.98152
201620.0000 13.61015
201630.0000 13.51356
201640.0000 13.44979
201650.0000 13.23228
201660.0000 12.85225
201670.0000 13.34334
201680.0000 13.42375
201690.0000 13.72326
201700.0000 13.41965
201710.0000 13.18985
201720.0000 13.09486
201730.0000 12.98869
201740.0000 13.36732
201750.0000 13.12536
201760.0000 12.90134
201770.0000 12.94931
201780.0000 12.60457
201790.0000 12.69237
201800.0000 13.09219
201810.0000 13.05972
201820.0000 12.95407
201830.0000 13.32177
201840.0000 13.22594
201850.0000 13.34831
201860.0000 13.34982
201870.0000 13.44271
201880.0000 13.38908
201890.0000 13.68234
201900.0000 13.78106
201910.0000 13.80504
201920.0000 13.57607
201930.0000 13.62726
201940.0000 13.51545
201950.0000 13.34423
201960.0000 13.47276
201970.0000 13.91344
201980.0000 13.67332
201990.0000 13.51137
202000.0000 13.68615
202010.0000 13.67997
202020.0000 13.57851
202030.0000 13.34460
202040.0000 13.72832
202050.0000 13.35684
202060.0000 13.28466
202070.0000 13.51785
202080.0000 13.56363
202090.0000 13.28788
202100.0000 13.50556
202110.0000 13.83590
202120.0000 13.82476
202130.0000 13.88655
202140.0000 13.93950
202150.0000 14.24807
202160.0000 13.72714
202170.0000 14.09021
202180.0000 14.18711
202190.0000 14.11421
202200.0000 14.29237
202210.0000 14.25935
202220.0000 14.61782
202230.0000 14.36325
202240.0000 14.48733
202250.0000 14.43490
202260.0000 14.77318
202270.0000 14.43887
202280.0000 14.62133
202290.0000 14.71097
202300.0000 14.66851
202310.0000 14.80766
202320.0000 14.52938
202330.0000 14.36477
202340.0000 14.36820
202350.0000 14.27332
202360.0000 14.04739
202370.0000 14.05176
202380.0000 14.13584
202390.0000 13.95723
202400.0000 14.06171
202410.0000 14.12250
202420.0000 14.14580
202430.0000 14.34689
202440.0000 14.65147
202450.0000 14.41793
202460.0000 14.57086
202470.0000 14.43843
202480.0000 14.60548
202490.0000 14.21572
202500.0000 14.37797
202510.0000 14.70306
202520.0000 14.37734
202530.0000 14.52423
202540.0000 14.71399
202550.0000 14.46842
202560.0000 14.91107
202570.0000 15.01861
202580.0000 14.76513
202590.0000 14.82311
202600.0000 14.63372
202610.0000 14.79036
202620.0000 14.88120
202630.0000 14.80655
202640.0000 14.56192
202650.0000 14.81971
202660.0000 14.73726
202670.0000 14.88111
202680.0000 14.52621
202690.0000 14.71326
202700.0000 15.01745
202710.0000 14.94519
202720.0000 14.96165
202730.0000 14.75070
202740.0000 14.80349
202750.0000 14.81284
202760.0000 15.02746
202770.0000 14.93734
202780.0000 14.83694
202790.0000 15.22146
202800.0000 14.93520
202810.0000 14.95100
202820.0000 14.84202
202830.0000 15.06863
202840.0000 15.14130
202850.0000 15.22947
202860.0000 15.07194
202870.0000 15.09873
202880.0000 14.94702
202890.0000 15.17794
202900.0000 15.37129
202910.0000 15.35584
202920.0000 15.44649
202930.0000 15.53675
202940.0000 15.09845
202950.0000 14.99695
202960.0000 15.26969
202970.0000 15.33430
202980.0000 15.09795
202990.0000 15.04707
203000.0000 15.00298
203010.0000 15.12360
203020.0000 15.20595
203030.0000 15.35753
203040.0000 15.32006
203050.0000 15.12927
203060.0000 15.02552
203070.0000 15.11567
203080.0000 15.32456
203090.0000 15.29426
203100.0000 15.66066
203110.0000 15.54915
203120.0000 15.53740
203130.0000 15.32023
203140.0000 15.27259
203150.0000 15.21389
203160.0000 15.25548
203170.0000 15.21834
203180.0000 15.02846
203190.0000 15.10152
203200.0000 14.87512
203210.0000 15.09045
203220.0000 15.16358
203230.0000 15.07352
203240.0000 15.07493
203250.0000 14.95591
203260.0000 14.95024
203270.0000 15.06155
203280.0000 15.20226
203290.0000 15.14863
203300.0000 14.95879
203310.0000 14.84757
203320.0000 15.12830
203330.0000 14.88868
203340.0000 14.87475
203350.0000 14.80954
203360.0000 14.95211
203370.0000 14.71047
203380.0000 14.63048
203390.0000 14.69797
203400.0000 14.66731
203410.0000 15.00331
203420.0000 14.90683
203430.0000 15.26969
203440.0000 15.25298
203450.0000 14.96777
203460.0000 15.24860
203470.0000 15.12947
203480.0000 15.09507
203490.0000 15.23675
203500.0000 15.32444
203510.0000 15.12576
203520.0000 15.33402
203530.0000 15.13539
203540.0000 14.80696
203550.0000 14.66943
203560.0000 14.90075
203570.0000 14.81657
203580.0000 15.05809
203590.0000 14.89594
203600.0000 15.22764
203610.0000 14.82271
203620.0000 14.77687
203630.0000 14.90776
203640.0000 15.02754
203650.0000 15.21173
203660.0000 15.02204
203670.0000 15.23363
203680.0000 15.41010
203690.0000 15.51555
203700.0000 15.65972
203710.0000 15.71808
203720.0000 15.70404
203730.0000 16.09453
203740.0000 16.01991
203750.0000 15.80901
203760.0000 15.81979
203770.0000 16.03563
203780.0000 15.76130
203790.0000 15.69286
203800.0000 15.67253
203810.0000 16.25824
203820.0000 15.90745
203830.0000 16.33549
203840.0000 16.58421
203850.0000 16.81327
203860.0000 16.73361
203870.0000 16.84465
203880.0000 16.79907
203890.0000 16.94811
203900.0000 16.62833
203910.0000 17.04651
203920.0000 16.84529
203930.0000 16.72920
203940.0000 16.52585
203950.0000 16.84591
203960.0000 16.46764
203970.0000 16.17407
203980.0000 16.37117
203990.0000 16.60154
204000.0000 16.47478
204010.0000 16.72192
204020.0000 16.79859
204030.0000 16.87386
204040.0000 16.56412
204050.0000 16.86750
204060.0000 16.71515
204070.0000 16.82809
204080.0000 16.64442
204090.0000 16.39439
204100.0000 16.49744
204110.0000 16.59663
204120.0000 16.11044
204130.0000 16.25850
204140.0000 15.82263
204150.0000 15.68919
204160.0000 15.29845
204170.0000 15.71383
204180.0000 15.82652
204190.0000 15.82550
204200.0000 16.07946
204210.0000 16.09394
204220.0000 16.09978
204230.0000 16.12790
204240.0000 15.98097
204250.0000 16.01167
204260.0000 16.13271
204270.0000 16.05264
204280.0000 15.55645
204290.0000 15.29250
204300.0000 15.03046
204310.0000 14.89897
204320.0000 15.11167
204330.0000 14.82609
204340.0000 15.00197
204350.0000 14.92210
204360.0000 14.79601
204370.0000 14.82547
204380.0000 15.09804
204390.0000 15.02392
204400.0000 15.17975
204410.0000 15.07729
204420.0000 15.17400
204430.0000 15.06869
204440.0000 14.86182
204450.0000 15.19615
204460.0000 15.22435
204470.0000 14.99352
204480.0000 15.05717
204490.0000 15.29536
204500.0000 15.11032
204510.0000 15.02551
204520.0000 15.48610
204530.0000 15.52701
204540.0000 15.37503
204550.0000 15.39035
204560.0000 15.49216
204570.0000 15.72172
204580.0000 15.61955
204590.0000 15.55999
204600.0000 15.81755
204610.0000 15.80758
204620.0000 15.64275
204630.0000 15.55437
204640.0000 15.50457
204650.0000 15.56686
204660.0000 15.30490
204670.0000 15.23333
204680.0000 15.23796
204690.0000 15.16403
204700.0000 14.98901
204710.0000 14.71695
204720.0000 14.65583
204730.0000 14.70046
204740.0000 14.66514
204750.0000 14.53733
204760.0000 14.44678
204770.0000 14.59352
204780.0000 14.64612
204790.0000 15.03992
204800.0000 14.91419
204810.0000 15.15118
204820.0000 14.94466
204830.0000 14.66986
204840.0000 14.57157
204850.0000 14.68846
204860.0000 14.99235
204870.0000 15.19867
204880.0000 15.32689
204890.0000 15.42524
204900.0000 15.21043
204910.0000 15.25170
204920.0000 15.02466
204930.0000 15.31599
204940.0000 14.93102
204950.0000 14.59471
204960.0000 14.65597
204970.0000 14.78222
204980.0000 14.34284
204990.0000 14.17149
205000.0000 14.08056
205010.0000 14.00773
205020.0000 14.34443
205030.0000 14.79481
205040.0000 14.62346
205050.0000 14.76051
205060.0000 14.54437
205070.0000 14.66179
205080.0000 14.86962
205090.0000 15.19127
205100.0000 15.11949
205110.0000 15.25336
205120.0000 14.95231
205130.0000 15.16150
205140.0000 15.06465
205150.0000 15.23418
205160.0000 14.89039
205170.0000 14.78522
205180.0000 14.68068
205190.0000 14.76321
205200.0000 14.51057
205210.0000 14.35058
205220.0000 14.27406
205230.0000 14.20982
205240.0000 14.26135
205250.0000 14.36912
205260.0000 14.38318
205270.0000 14.38593
205280.0000 14.44258
205290.0000 14.60934
205300.0000 14.45480
205310.0000 14.35536
205320.0000 14.01556
205330.0000 14.01646
205340.0000 14.07543
205350.0000 14.39196
205360.0000 14.60046
205370.0000 14.69490
205380.0000 14.60599
205390.0000 14.42456
205400.0000 14.44931
205410.0000 14.10206
205420.0000 14.37922
205430.0000 14.41016
205440.0000 14.44189
205450.0000 14.52429
205460.0000 14.49598
205470.0000 14.61567
205480.0000 14.49346
205490.0000 14.71374
205500.0000 14.47017
205510.0000 14.71007
205520.0000 14.91246
205530.0000 14.63995
205540.0000 14.60896
205550.0000 14.48440
205560.0000 14.41344
205570.0000 14.23212
205580.0000 14.11277
205590.0000 14.28026
205600.0000 14.08908
205610.0000 13.86244
205620.0000 13.96396
205630.0000 14.12120
205640.0000 13.68571
205650.0000 13.61189
205660.0000 13.73691
205670.0000 13.71988
205680.0000 13.65288
205690.0000 13.96591
205700.0000 14.26873
205710.0000 14.06629
205720.0000 14.06062
205730.0000 13.71270
205740.0000 13.63550
205750.0000 13.40365
205760.0000 13.76007
205770.0000 13.82300
205780.0000 13.92890
205790.0000 14.05016
205800.0000 13.60856
205810.0000 13.77615
205820.0000 13.52254
205830.0000 13.53800
205840.0000 13.39385
205850.0000 13.39259
205860.0000 13.51208
205870.0000 13.46356
205880.0000 13.40518
205890.0000 13.21247
205900.0000 13.55625
205910.0000 13.53700
205920.0000 13.85406
205930.0000 14.04645
205940.0000 14.16308
205950.0000 14.19254
205960.0000 14.39914
205970.0000 14.42199
205980.0000 13.99742
205990.0000 14.03367
206000.0000 13.64496
206010.0000 13.79763
206020.0000 13.58884
206030.0000 13.53658
206040.0000 13.79075
206050.0000 13.66133
206060.0000 13.55497
206070.0000 13.41752
206080.0000 13.59684
206090.0000 13.63758
206100.0000 13.40349
206110.0000 13.17035
206120.0000 12.88339
206130.0000 13.35248
206140.0000 13.42906
206150.0000 13.44495
206160.0000 13.62200
206170.0000 13.60277
206180.0000 13.43986
206190.0000 13.20216
206200.0000 13.16174
206210.0000 13.22932
206220.0000 13.49826
206230.0000 13.40586
206240.0000 13.36512
206250.0000 13.66851
206260.0000 13.72224
206270.0000 13.89886
206280.0000 13.75701
206290.0000 14.01683
206300.0000 14.15439
206310.0000 13.97693
206320.0000 13.97583
206330.0000 14.00484
206340.0000 13.77542
206350.0000 13.75278
206360.0000 13.82848
206370.0000 13.86861
206380.0000 14.07432
206390.0000 13.89307
206400.0000 13.93523
206410.0000 13.93065
206420.0000 14.01606
206430.0000 14.15744
206440.0000 13.85756
206450.0000 13.54902
206460.0000 13.77862
206470.0000 13.81160
206480.0000 13.89500
206490.0000 13.83385
206500.0000 13.77878
206510.0000 13.60106
206520.0000 13.39527
206530.0000 13.41176
206540.0000 12.83831
206550.0000 12.97183
206560.0000 12.86027
206570.0000 13.05082
206580.0000 13.04238
206590.0000 12.87479
206600.0000 13.17121
206610.0000 12.98654
206620.0000 12.55977
206630.0000 12.72771
206640.0000 12.75148
206650.0000 13.07685
206660.0000 13.25534
206670.0000 13.68554
206680.0000 13.28709
206690.0000 13.37017
206700.0000 13.36524
206710.0000 13.57675
206720.0000 13.67713
206730.0000 13.74401
206740.0000 13.17857
206750.0000 13.40090
206760.0000 13.31269
206770.0000 13.35640
206780.0000 13.32935
206790.0000 13.25852
206800.0000 13.34804
206810.0000 13.32054
206820.0000 13.23374
206830.0000 13.24015
206840.0000 13.28515
206850.0000 13.09032
206860.0000 13.07324
206870.0000 13.36427
206880.0000 13.52172
206890.0000 13.44610
206900.0000 13.37678
206910.0000 13.37673
206920.0000 13.16757
206930.0000 13.41975
206940.0000 13.43857
206950.0000 13.64745
206960.0000 13.83696
206970.0000 13.67381
206980.0000 13.78924
206990.0000 13.62348
207000.0000 13.69893
207010.0000 13.77738
207020.0000 13.84843
207030.0000 13.91580
207040.0000 14.05515
207050.0000 14.07425
207060.0000 14.22783
207070.0000 14.09902
207080.0000 14.28814
207090.0000 13.87408
207100.0000 13.69866
207110.0000 13.99313
207120.0000 13.84740
207130.0000 14.00962
207140.0000 13.91088
207150.0000 13.90691
207160.0000 13.90708
207170.0000 14.15772
207180.0000 13.93999
207190.0000 13.90636
207200.0000 14.23614
207210.0000 14.37590
207220.0000 14.20340
207230.0000 14.33153
207240.0000 14.50647
207250.0000 14.67925
207260.0000 14.32400
207270.0000 14.42703
207280.0000 14.45724
207290.0000 14.82225
207300.0000 14.78476
207310.0000 14.46647
207320.0000 14.62915
207330.0000 14.95999
207340.0000 14.66183
207350.0000 14.64332
207360.0000 14.74508
207370.0000 14.93413
207380.0000 15.09201
207390.0000 15.17439
207400.0000 15.12970
207410.0000 14.68313
207420.0000 14.52051
207430.0000 14.27744
207440.0000 14.04427
207450.0000 13.87570
207460.0000 13.72698
207470.0000 13.93856
207480.0000 13.78196
207490.0000 14.17423
207500.0000 14.31220
207510.0000 14.06306
207520.0000 14.07492
207530.0000 14.11308
207540.0000 14.19583
207550.0000 14.43104
207560.0000 14.50145
207570.0000 14.83262
207580.0000 14.90716
207590.0000 14.87082
207600.0000 14.92787
207610.0000 14.81443
207620.0000 14.95751
207630.0000 14.95034
207640.0000 14.76300
207650.0000 14.69159
207660.0000 14.73342
207670.0000 14.70827
207680.0000 14.74411
207690.0000 15.11547
207700.0000 14.74496
207710.0000 14.80893
207720.0000 14.91417
207730.0000 14.47306
207740.0000 14.69469
207750.0000 14.58521
207760.0000 14.57286
207770.0000 14.62766
207780.0000 14.48861
207790.0000 14.56995
207800.0000 14.41616
207810.0000 14.06317
207820.0000 14.10643
207830.0000 13.97549
207840.0000 14.01737
207850.0000 13.98453
207860.0000 13.96773
207870.0000 14.19816
207880.0000 14.03643
207890.0000 14.09609
207900.0000 14.18607
207910.0000 14.06948
207920.0000 14.35704
207930.0000 14.45455
207940.0000 14.57182
207950.0000 14.23181
207960.0000 14.24857
207970.0000 14.15621
207980.0000 13.97647
207990.0000 13.93317
208000.0000 13.66715
208010.0000 13.66285
208020.0000 13.96396
208030.0000 13.64938
208040.0000 13.48274
208050.0000 12.90352
208060.0000 12.84787
208070.0000 12.92431
208080.0000 12.83449
208090.0000 13.06810
208100.0000 13.26030
208110.0000 13.38882
208120.0000 13.66892
208130.0000 13.76535
208140.0000 13.75967
208150.0000 13.48712
208160.0000 13.30227
208170.0000 13.36367
208180.0000 13.10426
208190.0000 13.05051
208200.0000 13.11916
208210.0000 13.16534
208220.0000 13.22129
208230.0000 13.31453
208240.0000 13.44871
208250.0000 13.71641
208260.0000 13.65817
208270.0000 13.61699
208280.0000 13.59129
208290.0000 13.65811
208300.0000 13.26270
208310.0000 13.33305
208320.0000 13.48127
208330.0000 13.46247
208340.0000 13.53085
208350.0000 13.48432
208360.0000 13.47534
208370.0000 13.14861
208380.0000 13.32482
208390.0000 13.43507
208400.0000 13.24106
208410.0000 13.53475
208420.0000 13.65904
208430.0000 13.57184
208440.0000 13.66154
208450.0000 13.78267
208460.0000 13.51290
208470.0000 13.79411
208480.0000 14.01301
208490.0000 13.90890
208500.0000 14.16812
208510.0000 14.28154
208520.0000 14.63372
208530.0000 14.75749
208540.0000 14.70740
208550.0000 14.45149
208560.0000 14.59734
208570.0000 14.53758
208580.0000 14.78861
208590.0000 14.58327
208600.0000 14.71310
208610.0000 15.11983
208620.0000 15.35973
208630.0000 15.02110
208640.0000 15.11095
208650.0000 14.92185
208660.0000 14.84696
208670.0000 14.54165
208680.0000 14.61310
208690.0000 14.70239
208700.0000 14.51594
208710.0000 14.54462
208720.0000 14.78481
208730.0000 14.49827
208740.0000 14.59843
208750.0000 14.90922
208760.0000 14.96250
208770.0000 15.02538
208780.0000 15.36731
208790.0000 14.94849
208800.0000 15.04657
208810.0000 14.64641
208820.0000 14.95521
208830.0000 15.22748
208840.0000 15.43393
208850.0000 15.67737
208860.0000 16.09673
208870.0000 15.96339
208880.0000 15.71367
208890.0000 15.57499
208900.0000 15.25212
208910.0000 15.11232
208920.0000 15.25992
208930.0000 14.84111
208940.0000 14.95825
208950.0000 14.72771
208960.0000 14.88831
208970.0000 14.95714
208980.0000 14.91955
208990.0000 14.95468
209000.0000 14.97703
209010.0000 15.20804
209020.0000 15.17171
209030.0000 14.98393
209040.0000 14.98520
209050.0000 15.00416
209060.0000 15.29990
209070.0000 15.15141
209080.0000 15.13262
209090.0000 15.06728
209100.0000 15.10391
209110.0000 15.06727
209120.0000 15.38171
209130.0000 15.25835
209140.0000 15.31306
209150.0000 15.00134
209160.0000 15.16169
209170.0000 15.08838
209180.0000 15.22499
209190.0000 14.93913
209200.0000 15.12462
209210.0000 14.89068
209220.0000 15.01756
209230.0000 14.82472
209240.0000 14.76349
209250.0000 14.95855
209260.0000 15.27038
209270.0000 15.53315
209280.0000 15.19274
209290.0000 15.05398
209300.0000 14.66076
209310.0000 14.88385
209320.0000 14.99231
209330.0000 15.17783
209340.0000 15.50440
209350.0000 15.16546
209360.0000 15.33824
209370.0000 15.27527
209380.0000 15.29627
209390.0000 15.26713
209400.0000 15.39037
209410.0000 15.68910
209420.0000 15.70216
209430.0000 15.34370
209440.0000 15.12093
209450.0000 15.01800
209460.0000 15.08687
209470.0000 14.85510
209480.0000 15.09841
209490.0000 15.21391
209500.0000 15.51492
209510.0000 15.41411
209520.0000 15.21835
209530.0000 15.27867
209540.0000 15.28621
209550.0000 15.38981
209560.0000 15.31402
209570.0000 15.48422
209580.0000 15.66626
209590.0000 15.80083
209600.0000 15.96956
209610.0000 15.86228
209620.0000 15.98197
209630.0000 15.94212
209640.0000 15.97327
209650.0000 15.85309
209660.0000 15.73069
209670.0000 15.38049
209680.0000 15.22381
209690.0000 15.39475
209700.0000 15.37377
209710.0000 15.43012
209720.0000 15.12107
209730.0000 15.30701
209740.0000 14.86573
209750.0000 14.86223
209760.0000 15.27496
209770.0000 15.26441
209780.0000 14.81294
209790.0000 14.75779
209800.0000 15.12213
209810.0000 15.20786
209820.0000 15.15114
209830.0000 15.14634
209840.0000 15.36329
209850.0000 15.78219
209860.0000 15.70977
209870.0000 15.42242
209880.0000 15.63695
209890.0000 15.50808
209900.0000 15.79797
209910.0000 15.85948
209920.0000 15.98812
209930.0000 15.64246
209940.0000 15.74646
209950.0000 15.88396
209960.0000 15.86676
209970.0000 15.76827
209980.0000 15.63819
209990.0000 15.74871
210000.0000 15.56136
210010.0000 15.62046
210020.0000 15.85921
210030.0000 15.73958
210040.0000 15.69338
210050.0000 15.82191
210060.0000 15.98409
210070.0000 15.80733
210080.0000 15.83583
210090.0000 15.53416
210100.0000 15.08759
210110.0000 15.44354
210120.0000 15.09605
210130.0000 15.34420
210140.0000 14.82081
210150.0000 14.53208
210160.0000 14.60375
210170.0000 14.57079
210180.0000 15.06491
210190.0000 15.15843
210200.0000 15.19579
210210.0000 15.44775
210220.0000 15.09133
210230.0000 15.26854
210240.0000 15.18511
210250.0000 15.16583
210260.0000 15.18342
210270.0000 15.30892
210280.0000 15.28460
210290.0000 15.12299
210300.0000 15.05226
210310.0000 15.07232
210320.0000 14.78647
210330.0000 15.01627
210340.0000 15.26042
210350.0000 15.49926
210360.0000 15.39078
210370.0000 15.54664
210380.0000 15.51028
210390.0000 15.66604
210400.0000 15.84397
210410.0000 15.73666
210420.0000 15.78188
210430.0000 15.54365
210440.0000 15.69916
210450.0000 15.47530
210460.0000 15.68436
210470.0000 15.60456
210480.0000 16.12186
210490.0000 16.03440
210500.0000 16.11998
210510.0000 15.96573
210520.0000 16.06727
210530.0000 15.61758
210540.0000 15.43899
210550.0000 15.37339
210560.0000 15.45611
210570.0000 15.66490
210580.0000 15.90495
210590.0000 16.17586
210600.0000 15.87358
210610.0000 15.99373
210620.0000 15.73862
210630.0000 16.01836
210640.0000 16.07270
210650.0000 15.97920
210660.0000 15.92140
210670.0000 15.96300
210680.0000 15.90284
210690.0000 16.05395
210700.0000 15.73630
210710.0000 15.67698
210720.0000 15.74621
210730.0000 15.67517
210740.0000 15.32365
210750.0000 15.25978
210760.0000 15.61897
210770.0000 15.47441
210780.0000 15.34044
210790.0000 15.19253
210800.0000 14.99434
210810.0000 14.69633
210820.0000 14.82520
210830.0000 14.67168
210840.0000 14.75365
210850.0000 14.91155
210860.0000 15.01435
210870.0000 15.33035
210880.0000 15.29449
210890.0000 15.46847
210900.0000 15.41083
210910.0000 15.01457
210920.0000 14.72910
210930.0000 15.07629
210940.0000 15.05902
210950.0000 15.03784
210960.0000 15.15193
210970.0000 15.21918
210980.0000 15.12479
210990.0000 14.78867
211000.0000 14.82227
211010.0000 14.47333
211020.0000 14.81952
211030.0000 15.00148
211040.0000 15.17789
211050.0000 15.50531
211060.0000 15.43604
211070.0000 15.44838
211080.0000 15.75421
211090.0000 15.65838
211100.0000 15.66264
211110.0000 16.09155
211120.0000 15.49328
211130.0000 15.53475
211140.0000 15.30394
211150.0000 15.29491
211160.0000 15.32736
211170.0000 15.09225
211180.0000 14.90577
211190.0000 15.01822
211200.0000 14.67027
211210.0000 14.93219
211220.0000 14.95890
211230.0000 14.95711
211240.0000 14.91254
211250.0000 14.97550
211260.0000 14.82440
211270.0000 15.07681
211280.0000 15.10807
211290.0000 15.15209
211300.0000 15.28759
211310.0000 14.90899
211320.0000 14.95422
211330.0000 14.78031
211340.0000 14.64162
211350.0000 14.39958
211360.0000 14.43152
211370.0000 14.35037
211380.0000 14.33171
211390.0000 14.62709
211400.0000 14.79503
211410.0000 15.09112
211420.0000 15.11805
211430.0000 15.13368
211440.0000 15.23356
211450.0000 15.41186
211460.0000 15.28692
211470.0000 14.91115
211480.0000 14.93671
211490.0000 14.89385
211500.0000 15.10357
211510.0000 14.84772
211520.0000 14.85604
211530.0000 15.08929
211540.0000 14.88470
211550.0000 15.08114
211560.0000 14.91340
211570.0000 14.92593
211580.0000 15.06924
211590.0000 15.13865
211600.0000 15.05788
211610.0000 15.00897
211620.0000 14.70414
211630.0000 14.65493
211640.0000 14.54131
211650.0000 14.43586
211660.0000 14.34237
211670.0000 14.40037
211680.0000 14.41737
211690.0000 14.58715
211700.0000 14.18214
211710.0000 14.01164
211720.0000 14.10454
211730.0000 14.08454
211740.0000 14.09283
211750.0000 14.35178
211760.0000 14.47128
211770.0000 14.14779
211780.0000 14.14693
211790.0000 14.14010
211800.0000 14.11281
211810.0000 14.11706
211820.0000 14.45546
211830.0000 14.43096
211840.0000 14.67878
211850.0000 14.78851
211860.0000 14.40837
211870.0000 14.40782
211880.0000 14.38267
211890.0000 14.21996
211900.0000 14.49770
211910.0000 14.49923
211920.0000 14.64753
211930.0000 14.46710
211940.0000 14.26667
211950.0000 14.40461
211960.0000 14.46811
211970.0000 14.39735
211980.0000 14.47640
211990.0000 14.65373
212000.0000 14.64821
212010.0000 14.52437
212020.0000 14.34840
212030.0000 14.36410
212040.0000 13.93021
212050.0000 13.83474
212060.0000 14.10282
212070.0000 13.77181
212080.0000 14.15787
212090.0000 13.96912
212100.0000 13.76112
212110.0000 13.63160
212120.0000 13.88327
212130.0000 13.82172
212140.0000 13.83279
212150.0000 13.77407
212160.0000 13.81911
212170.0000 13.59366
212180.0000 13.55724
212190.0000 13.60513
212200.0000 13.59978
212210.0000 13.77249
212220.0000 14.13258
212230.0000 14.24351
212240.0000 14.50516
212250.0000 14.69309
212260.0000 14.56306
212270.0000 14.39254
212280.0000 14.82901
212290.0000 14.77757
212300.0000 14.39082
212310.0000 14.40566
212320.0000 14.57883
212330.0000 14.52256
212340.0000 14.49925
212350.0000 14.59573
212360.0000 14.65928
212370.0000 15.02997
212380.0000 14.84522
212390.0000 14.78827
212400.0000 14.91109
212410.0000 14.70491
212420.0000 14.77650
212430.0000 14.87484
212440.0000 14.60927
212450.0000 14.64907
212460.0000 14.45788
212470.0000 14.78557
212480.0000 14.36844
212490.0000 14.59389
212500.0000 14.66268
212510.0000 14.81839
212520.0000 14.90407
212530.0000 14.43987
212540.0000 14.38025
212550.0000 14.80415
212560.0000 14.90134
212570.0000 14.99187
212580.0000 14.84185
212590.0000 14.77002
212600.0000 14.53434
212610.0000 14.27090
212620.0000 14.25741
212630.0000 14.37411
212640.0000 14.42696
212650.0000 14.26710
212660.0000 14.42109
212670.0000 14.18956
212680.0000 14.23501
212690.0000 14.58139
212700.0000 14.64804
212710.0000 14.80233
212720.0000 14.77965
212730.0000 14.86865
212740.0000 15.26542
212750.0000 15.41416
212760.0000 15.11923
212770.0000 15.03942
212780.0000 15.01540
212790.0000 14.92141
212800.0000 14.49627
212810.0000 14.64233
212820.0000 14.21967
212830.0000 14.64994
212840.0000 14.50994
212850.0000 15.02657
212860.0000 15.00181
212870.0000 15.21414
212880.0000 15.10025
212890.0000 15.14568
212900.0000 15.13104
212910.0000 15.28061
212920.0000 15.32716
212930.0000 15.48983
212940.0000 15.71619
212950.0000 15.47131
212960.0000 15.78708
212970.0000 15.57037
212980.0000 15.29090
212990.0000 15.00432
213000.0000 15.24710
213010.0000 14.82511
213020.0000 14.77992
213030.0000 14.63022
213040.0000 14.66760
213050.0000 14.39485
213060.0000 14.32955
213070.0000 14.35858
213080.0000 14.20709
213090.0000 14.18682
213100.0000 13.92245
213110.0000 13.93830
213120.0000 13.78635
213130.0000 14.06178
213140.0000 14.01964
213150.0000 13.83782
213160.0000 14.00509
213170.0000 13.94603
213180.0000 13.79887
213190.0000 14.34985
213200.0000 14.57209
213210.0000 14.60977
213220.0000 14.84091
213230.0000 15.00677
213240.0000 14.93827
213250.0000 14.66446
213260.0000 14.72838
213270.0000 14.70231
213280.0000 14.91278
213290.0000 14.69507
213300.0000 14.59826
213310.0000 14.93014
213320.0000 14.85442
213330.0000 14.67323
213340.0000 14.70743
213350.0000 14.76417
213360.0000 14.65460
213370.0000 14.56397
213380.0000 14.48806
213390.0000 14.43784
213400.0000 14.46703
213410.0000 14.49683
213420.0000 14.45900
213430.0000 14.53092
213440.0000 14.43492
213450.0000 14.76954
213460.0000 14.93052
213470.0000 14.86637
213480.0000 15.14838
213490.0000 15.15302
213500.0000 14.99342
213510.0000 14.79538
213520.0000 14.88469
213530.0000 15.14716
213540.0000 15.25872
213550.0000 15.26654
213560.0000 15.13578
213570.0000 15.07344
213580.0000 15.04216
213590.0000 15.27511
213600.0000 15.15381
213610.0000 15.04904
213620.0000 15.13472
213630.0000 15.08043
213640.0000 15.08192
213650.0000 15.00352
213660.0000 15.07573
213670.0000 14.50740
213680.0000 14.51077
213690.0000 14.54400
213700.0000 14.40985
213710.0000 14.48582
213720.0000 14.47930
213730.0000 14.59193
213740.0000 14.59428
213750.0000 14.70120
213760.0000 14.51377
213770.0000 14.80282
213780.0000 14.92658
213790.0000 14.95063
213800.0000 15.13855
213810.0000 15.33049
213820.0000 15.09234
213830.0000 15.10075
213840.0000 15.26560
213850.0000 15.17089
213860.0000 15.45822
213870.0000 15.08066
213880.0000 15.24980
213890.0000 15.46019
213900.0000 15.37614
213910.0000 15.14010
213920.0000 15.28248
213930.0000 15.36386
213940.0000 15.23180
213950.0000 15.12299
213960.0000 14.84317
213970.0000 14.53802
213980.0000 14.57023
213990.0000 14.43409
214000.0000 14.36741
214010.0000 14.06776
214020.0000 13.75368
214030.0000 13.47473
214040.0000 13.74435
214050.0000 13.69845
214060.0000 14.07535
214070.0000 13.83532
214080.0000 13.73258
214090.0000 13.40880
214100.0000 13.51253
214110.0000 13.41215
214120.0000 13.38664
214130.0000 13.09790
214140.0000 12.93483
214150.0000 13.03103
214160.0000 13.17022
214170.0000 13.31906
214180.0000 13.19858
214190.0000 13.20731
214200.0000 13.26545
214210.0000 13.34120
214220.0000 13.60026
214230.0000 13.90938
214240.0000 14.26408
214250.0000 13.90316
214260.0000 14.37837
214270.0000 14.21158
214280.0000 14.34449
214290.0000 14.09240
214300.0000 13.86762
214310.0000 13.67637
214320.0000 13.30561
214330.0000 13.37372
214340.0000 13.29111
214350.0000 13.20325
214360.0000 13.39285
214370.0000 13.12772
214380.0000 13.38029
214390.0000 13.21218
214400.0000 13.05687
214410.0000 13.18287
214420.0000 13.38197
214430.0000 13.37995
214440.0000 13.47450
214450.0000 13.65176
214460.0000 13.45792
214470.0000 13.68566
214480.0000 13.36467
214490.0000 13.60297
214500.0000 13.61330
214510.0000 13.50077
214520.0000 13.24061
214530.0000 13.28527
214540.0000 13.35173
214550.0000 13.38799
214560.0000 12.96032
214570.0000 13.28713
214580.0000 13.02536
214590.0000 13.40341
214600.0000 13.50075
214610.0000 13.60966
214620.0000 13.39949
214630.0000 13.56644
214640.0000 13.93664
214650.0000 13.65209
214660.0000 13.56683
214670.0000 13.44626
214680.0000 13.17991
214690.0000 12.82020
214700.0000 12.47238
214710.0000 12.74535
214720.0000 12.81647
214730.0000 13.06784
214740.0000 12.99944
214750.0000 13.27147
214760.0000 13.22666
214770.0000 13.31792
214780.0000 13.22489
214790.0000 13.32174
214800.0000 13.64783
214810.0000 13.70483
214820.0000 13.95538
214830.0000 13.81107
214840.0000 14.06544
214850.0000 13.80492
214860.0000 13.81776
214870.0000 13.78114
214880.0000 13.86218
214890.0000 13.83955
214900.0000 13.68305
214910.0000 13.28818
214920.0000 13.41173
214930.0000 13.65434
214940.0000 13.18290
214950.0000 13.50957
214960.0000 13.58656
214970.0000 13.39811
214980.0000 13.09334
214990.0000 12.90632
215000.0000 12.86647
215010.0000 12.94728
215020.0000 13.32204
215030.0000 13.32693
215040.0000 13.09469
215050.0000 13.56495
215060.0000 13.48119
215070.0000 13.65765
215080.0000 13.65720
215090.0000 13.90088
215100.0000 14.02691
215110.0000 13.98256
215120.0000 13.93794
215130.0000 14.06668
215140.0000 13.84251
215150.0000 14.10504
215160.0000 14.42750
215170.0000 14.32280
215180.0000 13.83001
215190.0000 14.05349
215200.0000 14.06993
215210.0000 14.50821
215220.0000 14.76714
215230.0000 14.48648
215240.0000 14.53325
215250.0000 14.25739
215260.0000 14.20623
215270.0000 14.37788
215280.0000 14.43153
215290.0000 14.15136
215300.0000 14.28025
215310.0000 13.86626
215320.0000 13.51453
215330.0000 13.80997
215340.0000 13.61759
215350.0000 13.56401
215360.0000 13.63290
215370.0000 13.50658
215380.0000 13.59805
215390.0000 13.56158
215400.0000 13.74096
215410.0000 13.76927
215420.0000 13.55146
215430.0000 13.35172
215440.0000 13.35553
215450.0000 13.43734
215460.0000 13.42036
215470.0000 13.45516
215480.0000 13.75891
215490.0000 13.59488
215500.0000 13.60727
215510.0000 13.49015
215520.0000 13.77896
215530.0000 13.67795
215540.0000 13.76149
215550.0000 13.72529
215560.0000 13.40308
215570.0000 13.50645
215580.0000 13.47185
215590.0000 13.17451
215600.0000 13.10023
215610.0000 12.71970
215620.0000 12.42434
215630.0000 12.40085
215640.0000 12.50258
215650.0000 12.66768
215660.0000 12.75802
215670.0000 12.88132
215680.0000 13.00184
215690.0000 13.22590
215700.0000 13.53123
215710.0000 13.67854
215720.0000 13.44803
215730.0000 13.48972
215740.0000 13.78153
215750.0000 13.81429
215760.0000 13.74036
215770.0000 13.72004
215780.0000 14.17298
215790.0000 14.03715
215800.0000 13.93123
215810.0000 13.40335
215820.0000 13.12184
215830.0000 12.97845
215840.0000 12.68655
215850.0000 12.95892
215860.0000 13.02268
215870.0000 12.90973
215880.0000 12.90259
215890.0000 12.44954
215900.0000 12.89225
215910.0000 13.25853
215920.0000 13.21016
215930.0000 13.20046
215940.0000 13.19746
215950.0000 13.44761
215960.0000 13.19412
215970.0000 13.17411
215980.0000 13.09192
215990.0000 13.09539
216000.0000 13.32148
216010.0000 13.40262
216020.0000 13.18207
216030.0000 13.37578
216040.0000 13.39678
216050.0000 13.27964
216060.0000 12.77354
216070.0000 12.82119
216080.0000 13.11500
216090.0000 13.24626
216100.0000 12.95369
216110.0000 13.63645
216120.0000 13.67390
216130.0000 13.71492
216140.0000 13.50406
216150.0000 13.65561
216160.0000 13.52381
216170.0000 13.69277
216180.0000 13.85811
216190.0000 13.57524
216200.0000 13.62463
216210.0000 13.43809
216220.0000 13.45085
216230.0000 13.60999
216240.0000 13.71096
216250.0000 13.55227
216260.0000 13.21001
216270.0000 13.21351
216280.0000 13.49920
216290.0000 13.61777
216300.0000 13.65926
216310.0000 13.55573
216320.0000 13.33090
216330.0000 13.24531
216340.0000 13.07125
216350.0000 13.22014
216360.0000 13.05117
216370.0000 13.55385
216380.0000 13.33468
216390.0000 13.79095
216400.0000 13.93935
216410.0000 13.80109
216420.0000 13.89670
216430.0000 13.83300
216440.0000 14.22908
216450.0000 14.09358
216460.0000 14.26279
216470.0000 14.57565
216480.0000 14.69566
216490.0000 14.63213
216500.0000 15.17218
216510.0000 15.04323
216520.0000 14.91492
216530.0000 14.83332
216540.0000 14.89169
216550.0000 14.77144
216560.0000 14.76764
216570.0000 14.67032
216580.0000 14.63704
216590.0000 14.65299
216600.0000 14.45147
216610.0000 14.34198
216620.0000 14.41292
216630.0000 14.46877
216640.0000 14.23070
216650.0000 14.11858
216660.0000 14.22499
216670.0000 14.37503
216680.0000 14.12128
216690.0000 14.08192
216700.0000 14.06970
216710.0000 13.97635
216720.0000 14.28788
216730.0000 14.35370
216740.0000 14.44522
216750.0000 14.73280
216760.0000 14.83890
216770.0000 14.81177
216780.0000 14.88568
216790.0000 15.05953
216800.0000 15.15145
216810.0000 15.01158
216820.0000 15.02064
216830.0000 15.08075
216840.0000 14.96637
216850.0000 14.80928
216860.0000 14.89260
216870.0000 14.79768
216880.0000 14.74147
216890.0000 14.79109
216900.0000 14.94845
216910.0000 14.77517
216920.0000 14.74512
216930.0000 14.80593
216940.0000 15.24402
216950.0000 15.19014
216960.0000 15.07492
216970.0000 15.14327
216980.0000 15.33636
216990.0000 15.12140
217000.0000 15.00448
217010.0000 14.99663
217020.0000 14.95786
217030.0000 14.94840
217040.0000 14.83553
217050.0000 14.94702
217060.0000 15.46603
217070.0000 15.23346
217080.0000 15.07956
217090.0000 14.88289
217100.0000 14.99197
217110.0000 14.93143
217120.0000 15.22483
217130.0000 15.35867
217140.0000 15.45838
217150.0000 15.44864
217160.0000 15.33701
217170.0000 14.98352
217180.0000 15.15168
217190.0000 15.23539
217200.0000 14.89142
217210.0000 14.90266
217220.0000 14.60844
217230.0000 14.81753
217240.0000 14.79491
217250.0000 14.46086
217260.0000 14.24550
217270.0000 14.24145
217280.0000 13.79139
217290.0000 13.88836
217300.0000 13.84938
217310.0000 13.87304
217320.0000 13.77000
217330.0000 14.00754
217340.0000 13.99689
217350.0000 14.20456
217360.0000 14.33890
217370.0000 14.18824
217380.0000 14.17859
217390.0000 14.02521
217400.0000 14.00848
217410.0000 14.06854
217420.0000 13.99673
217430.0000 14.24303
217440.0000 14.78289
217450.0000 14.63804
217460.0000 14.73682
217470.0000 14.85601
217480.0000 14.59034
217490.0000 14.79826
217500.0000 15.27087
217510.0000 15.15343
217520.0000 14.88720
217530.0000 14.70958
217540.0000 14.54390
217550.0000 14.51434
217560.0000 14.43214
217570.0000 14.29821
217580.0000 14.53267
217590.0000 14.60227
217600.0000 14.58192
217610.0000 14.83083
217620.0000 15.03651
217630.0000 15.13315
217640.0000 15.17529
217650.0000 15.12139
217660.0000 15.13014
217670.0000 15.21670
217680.0000 15.38073
217690.0000 15.45782
217700.0000 15.44601
217710.0000 15.77365
217720.0000 16.06554
217730.0000 15.93511
217740.0000 15.50320
217750.0000 15.35725
217760.0000 14.98267
217770.0000 14.74198
217780.0000 15.04064
217790.0000 15.02406
217800.0000 15.09049
217810.0000 15.32980
217820.0000 15.34896
217830.0000 15.34934
217840.0000 15.23408
217850.0000 14.73456
217860.0000 14.73440
217870.0000 14.58942
217880.0000 14.65485
217890.0000 14.40613
217900.0000 14.76025
217910.0000 14.81950
217920.0000 15.17303
217930.0000 15.05122
217940.0000 14.74722
217950.0000 14.87637
217960.0000 14.76683
217970.0000 14.29010
217980.0000 14.19842
217990.0000 14.01546
218000.0000 14.20996
218010.0000 14.17867
218020.0000 14.01570
218030.0000 13.77262
218040.0000 13.09949
218050.0000 13.17717
218060.0000 13.41357
218070.0000 13.39940
218080.0000 13.53711
218090.0000 13.19127
218100.0000 12.98306
218110.0000 12.72593
218120.0000 12.80476
218130.0000 12.83556
218140.0000 12.94967
218150.0000 12.77372
218160.0000 13.28419
218170.0000 13.18606
218180.0000 12.80645
218190.0000 12.88127
218200.0000 13.15638
218210.0000 12.94530
218220.0000 12.51015
218230.0000 12.60977
218240.0000 12.58597
218250.0000 12.56911
218260.0000 12.14091
218270.0000 11.89170
218280.0000 12.33460
218290.0000 12.93151
218300.0000 13.54982
218310.0000 13.75451
218320.0000 14.45875
218330.0000 14.35376
218340.0000 14.25201
218350.0000 14.52276
218360.0000 14.11859
218370.0000 14.29815
218380.0000 14.99925
218390.0000 14.67027
218400.0000 14.51787
218410.0000 14.36485
218420.0000 14.56173
218430.0000 14.54219
218440.0000 14.65370
218450.0000 15.31237
218460.0000 15.32619
218470.0000 15.08337
218480.0000 14.91451
218490.0000 14.62125
218500.0000 14.98703
218510.0000 14.98289
218520.0000 14.72078
218530.0000 14.83822
218540.0000 14.63946
218550.0000 14.59620
218560.0000 14.56024
218570.0000 14.65761
218580.0000 14.67105
218590.0000 14.52162
218600.0000 14.84557
218610.0000 15.08510
218620.0000 14.94626
218630.0000 14.83279
218640.0000 15.02043
218650.0000 15.34236
218660.0000 15.64348
218670.0000 15.58850
218680.0000 15.86509
218690.0000 15.70842
218700.0000 16.17281
218710.0000 16.24808
218720.0000 16.15372
218730.0000 16.29880
218740.0000 16.40272
218750.0000 16.79603
218760.0000 16.72283
218770.0000 16.30052
218780.0000 16.35351
218790.0000 16.40321
218800.0000 16.35786
218810.0000 16.10435
218820.0000 16.49214
218830.0000 16.44939
218840.0000 16.40496
218850.0000 16.61766
218860.0000 16.43052
218870.0000 16.66339
218880.0000 16.01321
218890.0000 16.09584
218900.0000 16.14708
218910.0000 15.95898
218920.0000 16.03082
218930.0000 16.00714
218940.0000 15.73795
218950.0000 16.02167
218960.0000 15.35678
218970.0000 15.34230
218980.0000 15.37370
218990.0000 15.34621
219000.0000 15.57333
219010.0000 15.62194
219020.0000 15.48257
219030.0000 15.28949
219040.0000 14.93063
219050.0000 14.90839
219060.0000 14.95389
219070.0000 14.60773
219080.0000 14.60915
219090.0000 14.73608
219100.0000 14.95571
219110.0000 14.62009
219120.0000 14.60799
219130.0000 14.92477
219140.0000 14.91405
219150.0000 15.04283
219160.0000 14.88636
219170.0000 14.36326
219180.0000 14.55551
219190.0000 14.56551
219200.0000 14.52877
219210.0000 14.59498
219220.0000 14.73034
219230.0000 15.00321
219240.0000 14.98755
219250.0000 14.95841
219260.0000 14.99691
219270.0000 15.19661
219280.0000 15.30996
219290.0000 15.33529
219300.0000 14.60536
219310.0000 14.71889
219320.0000 14.94397
219330.0000 14.52459
219340.0000 14.45678
219350.0000 14.01101
219360.0000 14.12098
219370.0000 14.32960
219380.0000 14.46307
219390.0000 14.43039
219400.0000 14.06914
219410.0000 14.19788
219420.0000 14.19159
219430.0000 14.54755
219440.0000 14.92270
219450.0000 15.00659
219460.0000 14.70105
219470.0000 14.59850
219480.0000 14.43996
219490.0000 14.52262
219500.0000 14.73692
219510.0000 14.76237
219520.0000 14.75883
219530.0000 14.88310
219540.0000 14.84103
219550.0000 14.86203
219560.0000 14.83248
219570.0000 14.58860
219580.0000 14.60822
219590.0000 14.69324
219600.0000 14.89239
219610.0000 14.98591
219620.0000 14.92199
219630.0000 15.01360
219640.0000 14.78708
219650.0000 14.61574
219660.0000 14.78996
219670.0000 14.74792
219680.0000 14.87105
219690.0000 15.14831
219700.0000 15.22315
219710.0000 15.28120
219720.0000 15.09759
219730.0000 15.20626
219740.0000 14.99379
219750.0000 14.83801
219760.0000 14.77775
219770.0000 14.78082
219780.0000 15.02173
219790.0000 15.12848
219800.0000 15.13454
219810.0000 15.14247
219820.0000 14.97233
219830.0000 15.33198
219840.0000 15.19532
219850.0000 15.56079
219860.0000 15.39409
219870.0000 15.33108
219880.0000 14.99145
219890.0000 14.96981
219900.0000 14.77098
219910.0000 14.84922
219920.0000 14.86841
219930.0000 14.99018
219940.0000 14.96328
219950.0000 14.77976
219960.0000 14.62165
219970.0000 14.67383
219980.0000 14.40411
219990.0000 14.08276
220000.0000 14.27159
220010.0000 14.30211
220020.0000 14.48666
220030.0000 14.17591
220040.0000 14.18824
220050.0000 14.19422
220060.0000 14.42748
220070.0000 14.36287
220080.0000 14.28771
220090.0000 14.77892
220100.0000 14.73211
220110.0000 14.59752
220120.0000 14.57205
220130.0000 14.29917
220140.0000 14.53507
220150.0000 14.41138
220160.0000 14.63638
220170.0000 14.57577
220180.0000 14.43843
220190.0000 14.28298
220200.0000 14.79371
220210.0000 14.73745
220220.0000 15.03438
220230.0000 14.68350
220240.0000 15.16484
220250.0000 15.36304
220260.0000 15.39574
220270.0000 15.08547
220280.0000 15.18962
220290.0000 14.93952
220300.0000 14.91974
220310.0000 15.05328
220320.0000 15.19391
220330.0000 14.82896
220340.0000 14.68270
220350.0000 14.62087
220360.0000 14.39659
220370.0000 14.32652
220380.0000 14.63802
220390.0000 14.57812
220400.0000 14.91868
220410.0000 14.66166
220420.0000 14.68255
220430.0000 14.50650
220440.0000 14.49220
220450.0000 14.54771
220460.0000 14.48571
220470.0000 14.27314
220480.0000 14.21707
220490.0000 14.13698
220500.0000 14.16148
220510.0000 14.39910
220520.0000 14.32650
220530.0000 14.69587
220540.0000 14.72310
220550.0000 14.70916
220560.0000 14.88270
220570.0000 15.07692
220580.0000 15.12710
220590.0000 15.23704
220600.0000 15.14521
220610.0000 15.09604
220620.0000 15.06292
220630.0000 14.80053
220640.0000 14.86919
220650.0000 15.24370
220660.0000 15.18018
220670.0000 14.95996
220680.0000 14.75131
220690.0000 14.76066
220700.0000 14.58757
220710.0000 14.81900
220720.0000 14.80638
220730.0000 14.85769
220740.0000 14.77072
220750.0000 14.79513
220760.0000 14.62276
220770.0000 14.46127
220780.0000 14.45915
220790.0000 14.65577
220800.0000 14.39644
220810.0000 14.50174
220820.0000 14.11835
220830.0000 14.25122
220840.0000 13.80736
220850.0000 13.88804
220860.0000 13.82642
220870.0000 14.37603
220880.0000 14.31851
220890.0000 14.30551
220900.0000 14.29818
220910.0000 14.60303
220920.0000 14.71055
220930.0000 14.25672
220940.0000 13.86344
220950.0000 13.76570
220960.0000 13.85543
220970.0000 13.78340
220980.0000 13.89377
220990.0000 13.47948
221000.0000 13.59814
221010.0000 13.80552
221020.0000 14.28723
221030.0000 13.88186
221040.0000 13.93775
221050.0000 13.83109
221060.0000 13.42985
221070.0000 13.16881
221080.0000 13.62185
221090.0000 13.12742
221100.0000 12.89598
221110.0000 12.97567
221120.0000 12.84073
221130.0000 12.93358
221140.0000 12.91177
221150.0000 12.94656
221160.0000 12.89894
221170.0000 13.05470
221180.0000 12.84964
221190.0000 12.79371
221200.0000 13.07765
221210.0000 13.33184
221220.0000 13.26223
221230.0000 13.56774
221240.0000 13.03328
221250.0000 12.62157
221260.0000 12.39178
221270.0000 12.54873
221280.0000 12.44572
221290.0000 12.22758
221300.0000 12.15516
221310.0000 12.31594
221320.0000 12.56184
221330.0000 12.44539
221340.0000 12.75654
221350.0000 13.05982
221360.0000 13.29599
221370.0000 13.05170
221380.0000 13.00006
221390.0000 12.77490
221400.0000 12.19740
221410.0000 11.76940
221420.0000 11.42978
221430.0000 11.71479
221440.0000 11.80327
221450.0000 12.19792
221460.0000 12.54397
221470.0000 12.35088
221480.0000 12.76864
221490.0000 12.88492
221500.0000 12.51524
221510.0000 12.59466
221520.0000 12.46640
221530.0000 12.64606
221540.0000 12.71961
221550.0000 12.89525
221560.0000 12.50664
221570.0000 12.85126
221580.0000 13.06633
221590.0000 13.70239
221600.0000 13.41927
221610.0000 13.28142
221620.0000 13.46708
221630.0000 13.45865
221640.0000 13.53794
221650.0000 13.27425
221660.0000 13.20184
221670.0000 13.55400
221680.0000 13.69978
221690.0000 14.07063
221700.0000 13.94561
221710.0000 13.85090
221720.0000 14.57441
221730.0000 14.80535
221740.0000 14.58591
221750.0000 14.55024
221760.0000 14.54374
221770.0000 13.96914
221780.0000 14.19938
221790.0000 14.26682
221800.0000 14.57660
221810.0000 14.92159
221820.0000 15.24872
221830.0000 15.05614
221840.0000 15.50615
221850.0000 15.75016
221860.0000 15.82707
221870.0000 15.82606
221880.0000 15.93485
221890.0000 15.77905
221900.0000 15.76967
221910.0000 15.68618
221920.0000 15.77863
221930.0000 15.58432
221940.0000 15.66756
221950.0000 15.91151
221960.0000 16.12433
221970.0000 16.22115
221980.0000 16.21282
221990.0000 16.11723
222000.0000 16.35569
222010.0000 16.01799
222020.0000 15.93546
222030.0000 16.07017
222040.0000 16.04393
222050.0000 15.91395
222060.0000 16.01038
222070.0000 15.89047
222080.0000 15.99267
222090.0000 15.82158
222100.0000 16.11012
222110.0000 16.10528
222120.0000 15.80587
222130.0000 16.31490
222140.0000 16.01412
222150.0000 16.27021
222160.0000 15.72713
222170.0000 15.80107
222180.0000 15.75581
222190.0000 16.19389
222200.0000 16.01650
222210.0000 16.15549
222220.0000 16.01655
222230.0000 16.21221
222240.0000 16.40770
222250.0000 16.28947
222260.0000 16.26736
222270.0000 16.35713
222280.0000 16.26142
222290.0000 16.18959
222300.0000 16.25064
222310.0000 16.42152
222320.0000 16.40595
222330.0000 16.59262
222340.0000 16.44102
222350.0000 16.25076
222360.0000 16.21203
222370.0000 16.43221
222380.0000 16.43658
222390.0000 16.38674
222400.0000 16.65364
222410.0000 16.57276
222420.0000 16.55207
222430.0000 16.36192
222440.0000 16.83999
222450.0000 16.67213
222460.0000 16.62846
222470.0000 16.36802
222480.0000 16.33646
222490.0000 16.17233
222500.0000 15.83084
222510.0000 15.80254
222520.0000 15.81807
222530.0000 16.07794
222540.0000 16.18674
222550.0000 16.27385
222560.0000 15.95319
222570.0000 15.97420
222580.0000 15.77123
222590.0000 16.15455
222600.0000 16.02542
222610.0000 16.27923
222620.0000 16.25830
222630.0000 16.17229
222640.0000 16.06083
222650.0000 16.03584
222660.0000 15.88357
222670.0000 15.77975
222680.0000 15.69972
222690.0000 16.01192
222700.0000 15.66048
222710.0000 15.80022
222720.0000 15.87010
222730.0000 15.87392
222740.0000 16.01536
222750.0000 15.83650
222760.0000 15.68837
222770.0000 15.59972
222780.0000 15.84352
222790.0000 15.68987
222800.0000 15.78201
222810.0000 15.80802
222820.0000 15.97316
222830.0000 16.22200
222840.0000 16.24408
222850.0000 16.26881
222860.0000 16.51763
222870.0000 16.07002
222880.0000 15.96608
222890.0000 16.37637
222900.0000 16.33752
222910.0000 16.72405
222920.0000 16.42041
222930.0000 16.69024
222940.0000 16.75041
222950.0000 16.53089
222960.0000 16.78925
222970.0000 16.70560
222980.0000 16.71336
222990.0000 16.75640
223000.0000 16.85666
223010.0000 17.03199
223020.0000 16.92533
223030.0000 16.87149
223040.0000 16.65612
223050.0000 16.75147
223060.0000 16.75767
223070.0000 16.68139
223080.0000 16.83856
223090.0000 16.73885
223100.0000 16.83825
223110.0000 16.76253
223120.0000 16.59154
223130.0000 16.61831
223140.0000 16.45667
223150.0000 16.49366
223160.0000 16.32300
223170.0000 16.44757
223180.0000 16.75502
223190.0000 16.69649
223200.0000 16.62757
223210.0000 16.53614
223220.0000 16.52296
223230.0000 16.73120
223240.0000 16.58000
223250.0000 16.82406
223260.0000 16.75139
223270.0000 16.47331
223280.0000 16.62879
223290.0000 16.93396
223300.0000 17.15623
223310.0000 16.97894
223320.0000 16.65040
223330.0000 16.69649
223340.0000 16.54928
223350.0000 16.36562
223360.0000 16.10203
223370.0000 15.81870
223380.0000 15.95908
223390.0000 15.91520
223400.0000 15.89425
223410.0000 16.01800
223420.0000 15.90983
223430.0000 16.00501
223440.0000 16.11923
223450.0000 16.34562
223460.0000 16.38122
223470.0000 16.20152
223480.0000 16.64760
223490.0000 16.40245
223500.0000 16.36833
223510.0000 16.57915
223520.0000 16.21472
223530.0000 16.26891
223540.0000 15.85822
223550.0000 15.87108
223560.0000 15.88435
223570.0000 15.81539
223580.0000 15.51823
223590.0000 15.60972
223600.0000 15.84166
223610.0000 15.91371
223620.0000 16.02309
223630.0000 15.74708
223640.0000 15.90748
223650.0000 15.93471
223660.0000 16.05649
223670.0000 16.01366
223680.0000 16.09035
223690.0000 15.94351
223700.0000 15.52873
223710.0000 15.68861
223720.0000 16.10039
223730.0000 16.11774
223740.0000 16.18954
223750.0000 16.22363
223760.0000 16.15743
223770.0000 16.06464
223780.0000 16.10443
223790.0000 16.38877
223800.0000 16.14368
223810.0000 16.23692
223820.0000 16.11585
223830.0000 16.05039
223840.0000 15.99031
223850.0000 15.79943
223860.0000 16.19711
223870.0000 16.01947
223880.0000 16.47621
223890.0000 16.37897
223900.0000 16.45708
223910.0000 16.44601
223920.0000 16.32828
223930.0000 16.40699
223940.0000 16.60044
223950.0000 16.93181
223960.0000 16.95363
223970.0000 16.77076
223980.0000 16.40501
223990.0000 16.42416
224000.0000 16.42933
224010.0000 16.31386
224020.0000 16.43816
224030.0000 16.38573
224040.0000 16.02115
224050.0000 16.28389
224060.0000 16.29416
224070.0000 16.29155
224080.0000 16.51244
224090.0000 16.43883
224100.0000 16.37185
224110.0000 16.29006
224120.0000 16.70815
224130.0000 16.52768
224140.0000 16.54779
224150.0000 16.31718
224160.0000 16.12817
224170.0000 16.50032
224180.0000 16.44424
224190.0000 16.32144
224200.0000 16.18657
224210.0000 16.09122
224220.0000 16.30868
224230.0000 16.45220
224240.0000 16.27848
224250.0000 16.11588
224260.0000 16.05397
224270.0000 16.30444
224280.0000 15.86689
224290.0000 15.61958
224300.0000 15.80989
224310.0000 15.56408
224320.0000 16.05199
224330.0000 15.95458
224340.0000 16.00917
224350.0000 15.94571
224360.0000 15.78494
224370.0000 15.97739
224380.0000 16.02662
224390.0000 15.77577
224400.0000 15.74343
224410.0000 15.74170
224420.0000 16.06845
224430.0000 16.09212
224440.0000 16.35457
224450.0000 16.03953
224460.0000 16.15269
224470.0000 16.08163
224480.0000 16.05042
224490.0000 16.08741
224500.0000 16.24752
224510.0000 16.05141
224520.0000 16.12086
224530.0000 16.19762
224540.0000 16.14140
224550.0000 16.13796
224560.0000 16.40395
224570.0000 16.20090
224580.0000 16.06895
224590.0000 16.25796
224600.0000 16.32875
224610.0000 16.18256
224620.0000 16.21886
224630.0000 15.82993
224640.0000 15.98447
224650.0000 15.90405
224660.0000 16.02370
224670.0000 15.77775
224680.0000 15.84365
224690.0000 15.89882
224700.0000 15.96214
224710.0000 16.17235
224720.0000 15.96040
224730.0000 15.98122
224740.0000 16.26885
224750.0000 16.08403
224760.0000 16.03161
224770.0000 16.07242
224780.0000 16.05159
224790.0000 16.29629
224800.0000 16.30036
224810.0000 16.01383
224820.0000 15.86314
224830.0000 16.06900
224840.0000 16.18833
224850.0000 16.08952
224860.0000 15.98091
224870.0000 15.82200
224880.0000 15.85746
224890.0000 15.80273
224900.0000 15.79567
224910.0000 15.54357
224920.0000 15.65567
224930.0000 15.61006
224940.0000 15.29699
224950.0000 15.04681
224960.0000 14.51535
224970.0000 14.85487
224980.0000 14.74971
224990.0000 14.88444
225000.0000 15.28249
225010.0000 15.13531
225020.0000 15.15664
225030.0000 15.13537
225040.0000 15.35612
225050.0000 15.17194
225060.0000 15.11467
225070.0000 14.92075
225080.0000 15.25186
225090.0000 15.38032
225100.0000 15.23826
225110.0000 15.36836
225120.0000 15.39565
225130.0000 15.06161
225140.0000 15.24308
225150.0000 14.97622
225160.0000 14.88530
225170.0000 15.16680
225180.0000 15.30061
225190.0000 15.52335
225200.0000 15.33549
225210.0000 15.69591
225220.0000 15.62623
225230.0000 15.82899
225240.0000 15.94316
225250.0000 15.95989
225260.0000 15.95120
225270.0000 16.06083
225280.0000 16.11962
225290.0000 15.63379
225300.0000 15.42213
225310.0000 15.28725
225320.0000 15.43594
225330.0000 15.40420
225340.0000 15.46813
225350.0000 15.58383
225360.0000 15.47094
225370.0000 15.64385
225380.0000 15.40634
225390.0000 14.93832
225400.0000 15.08647
225410.0000 14.82981
225420.0000 14.78039
225430.0000 15.24627
225440.0000 15.24377
225450.0000 15.63552
225460.0000 15.66914
225470.0000 15.58252
225480.0000 15.83198
225490.0000 15.66256
225500.0000 15.49652
225510.0000 15.07262
225520.0000 15.42458
225530.0000 15.52285
225540.0000 15.60802
225550.0000 15.71796
225560.0000 15.43676
225570.0000 15.46453
225580.0000 15.43693
225590.0000 15.21535
225600.0000 15.13269
225610.0000 15.26785
225620.0000 15.47726
225630.0000 15.56556
225640.0000 15.40701
225650.0000 15.75651
225660.0000 15.64837
225670.0000 15.17843
225680.0000 14.92212
225690.0000 14.64834
225700.0000 14.60682
225710.0000 14.79842
225720.0000 14.76976
225730.0000 14.85636
225740.0000 14.64416
225750.0000 14.83206
225760.0000 15.18126
225770.0000 14.89820
225780.0000 14.80651
225790.0000 15.63664
225800.0000 15.14012
225810.0000 14.74416
225820.0000 14.98344
225830.0000 15.06017
225840.0000 15.39659
225850.0000 15.70194
225860.0000 15.89218
225870.0000 15.49635
225880.0000 15.86788
225890.0000 16.26079
225900.0000 16.08728
225910.0000 15.81904
225920.0000 16.03541
225930.0000 15.21353
225940.0000 15.83200
225950.0000 15.86498
225960.0000 15.94648
225970.0000 15.84841
225980.0000 15.92474
225990.0000 15.79675
226000.0000 16.16237
226010.0000 16.24495
226020.0000 15.89474
226030.0000 15.73227
226040.0000 16.08530
226050.0000 16.71217
226060.0000 16.39553
226070.0000 16.74160
226080.0000 15.98944
226090.0000 16.17556
226100.0000 15.47119
226110.0000 15.60975
226120.0000 15.54424
226130.0000 15.01639
226140.0000 14.53144
226150.0000 14.29919
226160.0000 14.06434
226170.0000 13.97737
226180.0000 14.24880
226190.0000 14.68559
226200.0000 14.75261
226210.0000 14.06424
226220.0000 14.05925
226230.0000 13.84990
226240.0000 14.09293
226250.0000 13.91739
226260.0000 13.99698
226270.0000 13.72164
226280.0000 13.58520
226290.0000 13.77929
226300.0000 13.81600
226310.0000 13.78044
226320.0000 13.96916
226330.0000 13.41572
226340.0000 13.48977
226350.0000 13.57276
226360.0000 13.86051
226370.0000 14.18396
226380.0000 14.07772
226390.0000 14.17334
226400.0000 14.18942
226410.0000 14.10171
226420.0000 14.11241
226430.0000 14.47316
226440.0000 14.91871
226450.0000 14.88667
226460.0000 14.67691
226470.0000 14.57827
226480.0000 14.89633
226490.0000 15.27761
226500.0000 15.39562
226510.0000 15.89260
226520.0000 15.68572
226530.0000 15.97202
226540.0000 16.23948
226550.0000 16.15528
226560.0000 15.67478
226570.0000 15.86460
226580.0000 15.96672
226590.0000 15.64901
226600.0000 15.87901
226610.0000 15.84329
226620.0000 15.60801
226630.0000 15.45587
226640.0000 15.30730
226650.0000 15.65986
226660.0000 15.64639
226670.0000 15.80142
226680.0000 15.55931
226690.0000 15.63299
226700.0000 15.53607
226710.0000 15.45142
226720.0000 15.00537
226730.0000 15.16390
226740.0000 15.16694
226750.0000 15.25572
226760.0000 15.19378
226770.0000 15.20424
226780.0000 15.11403
226790.0000 15.38203
226800.0000 15.27249
226810.0000 15.27334
226820.0000 15.22972
226830.0000 14.97404
226840.0000 15.26585
226850.0000 15.34860
226860.0000 15.51306
226870.0000 15.70234
226880.0000 15.27908
226890.0000 15.06448
226900.0000 14.83479
226910.0000 14.51343
226920.0000 14.51918
226930.0000 14.69056
226940.0000 14.84632
226950.0000 15.00981
226960.0000 14.85601
226970.0000 14.91881
226980.0000 15.16020
226990.0000 15.10033
227000.0000 14.92732
227010.0000 15.29259
227020.0000 15.37149
227030.0000 15.38937
227040.0000 15.53558
227050.0000 15.33340
227060.0000 15.71488
227070.0000 15.39945
227080.0000 15.33084
227090.0000 15.04490
227100.0000 14.99135
227110.0000 15.10818
227120.0000 15.16856
227130.0000 14.86534
227140.0000 14.81137
227150.0000 14.72462
227160.0000 14.61734
227170.0000 14.81505
227180.0000 14.89259
227190.0000 15.11388
227200.0000 15.56707
227210.0000 15.80660
227220.0000 15.50936
227230.0000 15.26810
227240.0000 15.44998
227250.0000 15.54665
227260.0000 16.44363
227270.0000 16.80060
227280.0000 17.24550
227290.0000 16.99604
227300.0000 15.60256
227310.0000 16.77860
227320.0000 17.41895
227330.0000 17.25046
227340.0000 16.64666
227350.0000 16.74564
227360.0000 15.59420
227370.0000 15.09021
227380.0000 14.15032
227390.0000 14.45763
227400.0000 15.09647
227410.0000 14.80088
227420.0000 14.69877
227430.0000 14.49209
227440.0000 14.71430
227450.0000 14.83365
227460.0000 14.45074
227470.0000 14.79055
227480.0000 14.61199
227490.0000 14.65844
227500.0000 15.10910
227510.0000 15.23951
227520.0000 15.28392
227530.0000 15.57836
227540.0000 15.58217
227550.0000 15.76116
227560.0000 15.64434
227570.0000 15.25673
227580.0000 15.27243
227590.0000 15.18528
227600.0000 15.57508
227610.0000 15.14272
227620.0000 15.36676
227630.0000 15.36646
227640.0000 15.04822
227650.0000 14.80220
227660.0000 15.11159
227670.0000 15.54097
227680.0000 15.08469
227690.0000 14.98060
227700.0000 14.72585
227710.0000 14.58932
227720.0000 14.81460
227730.0000 14.63801
227740.0000 14.41405
227750.0000 14.28372
227760.0000 14.41341
227770.0000 13.94583
227780.0000 13.97787
227790.0000 13.72344
227800.0000 13.71062
227810.0000 14.19370
227820.0000 13.80495
227830.0000 13.85355
227840.0000 14.07489
227850.0000 14.23008
227860.0000 14.19417
227870.0000 14.40071
227880.0000 14.51611
227890.0000 14.54652
227900.0000 14.20390
227910.0000 14.02654
227920.0000 13.82951
227930.0000 14.02955
227940.0000 14.22480
227950.0000 14.31485
227960.0000 14.18410
227970.0000 14.27913
227980.0000 14.55578
227990.0000 14.71684
228000.0000 14.93796
228010.0000 14.51806
228020.0000 14.34303
228030.0000 14.20638
228040.0000 14.06396
228050.0000 14.12034
228060.0000 13.67203
228070.0000 13.99311
228080.0000 13.96479
228090.0000 13.88170
228100.0000 14.13121
228110.0000 14.33570
228120.0000 14.53381
228130.0000 14.69469
228140.0000 14.80195
228150.0000 14.73749
228160.0000 14.20959
228170.0000 14.19392
228180.0000 14.42047
228190.0000 14.56358
228200.0000 14.15304
228210.0000 13.76833
228220.0000 13.88311
228230.0000 13.95315
228240.0000 13.58676
228250.0000 13.31060
228260.0000 13.02895
228270.0000 12.94597
228280.0000 12.61198
228290.0000 12.47435
228300.0000 12.60179
228310.0000 12.75836
228320.0000 12.56885
228330.0000 12.72960
228340.0000 12.59130
228350.0000 12.61095
228360.0000 12.55586
228370.0000 12.75309
228380.0000 12.89876
228390.0000 13.02494
228400.0000 13.17481
228410.0000 13.21494
228420.0000 13.16556
228430.0000 13.03413
228440.0000 13.03294
228450.0000 13.37194
228460.0000 13.36182
228470.0000 13.53048
228480.0000 13.08046
228490.0000 13.22132
228500.0000 13.43168
228510.0000 13.43561
228520.0000 13.64188
228530.0000 13.68755
228540.0000 13.74816
228550.0000 13.83947
228560.0000 13.47748
228570.0000 13.41401
228580.0000 13.55318
228590.0000 13.73085
228600.0000 13.85489
228610.0000 13.84417
228620.0000 14.14990
228630.0000 13.94723
228640.0000 13.62644
228650.0000 13.85154
228660.0000 13.62794
228670.0000 13.72288
228680.0000 13.82555
228690.0000 13.76746
228700.0000 14.07334
228710.0000 13.91610
228720.0000 13.88532
228730.0000 13.62409
228740.0000 13.81142
228750.0000 13.43520
228760.0000 13.52883
228770.0000 13.53716
228780.0000 13.45873
228790.0000 13.55221
228800.0000 13.52122
228810.0000 13.84187
228820.0000 14.04978
228830.0000 13.62713
228840.0000 13.51400
228850.0000 13.54762
228860.0000 13.69670
228870.0000 13.43223
228880.0000 13.35103
228890.0000 13.73742
228900.0000 13.61372
228910.0000 13.82898
228920.0000 13.71034
228930.0000 13.39746
228940.0000 13.48138
228950.0000 13.57144
228960.0000 13.20711
228970.0000 13.68477
228980.0000 13.78606
228990.0000 14.47109
229000.0000 14.45300
229010.0000 14.01971
229020.0000 14.57844
229030.0000 15.35074
229040.0000 14.67770
229050.0000 14.29560
229060.0000 14.04499
229070.0000 13.91646
229080.0000 13.58791
229090.0000 14.73047
229100.0000 16.49432
229110.0000 16.80306
229120.0000 17.80179
229130.0000 17.79166
229140.0000 17.34062
229150.0000 17.06445
229160.0000 17.23387
229170.0000 17.51657
229180.0000 17.51654
229190.0000 17.44570
229200.0000 17.57262
229210.0000 16.91861
229220.0000 17.03325
229230.0000 17.14149
229240.0000 17.08302
229250.0000 17.32079
229260.0000 17.27732
229270.0000 17.24226
229280.0000 17.48055
229290.0000 17.37183
229300.0000 17.59886
229310.0000 16.97988
229320.0000 17.36311
229330.0000 17.59420
229340.0000 17.59156
229350.0000 17.44352
229360.0000 16.91767
229370.0000 17.42961
229380.0000 17.60472
229390.0000 16.97763
229400.0000 17.64527
229410.0000 17.65386
229420.0000 17.56289
229430.0000 17.16337
229440.0000 16.93272
229450.0000 17.04985
229460.0000 17.73017
229470.0000 17.62921
229480.0000 17.57295
229490.0000 17.66862
229500.0000 17.38197
229510.0000 17.47997
229520.0000 17.72194
229530.0000 17.44783
229540.0000 17.49999
229550.0000 17.57755
229560.0000 17.46292
229570.0000 17.76408
229580.0000 17.56753
229590.0000 17.49293
229600.0000 17.73887
229610.0000 17.66360
229620.0000 17.57344
229630.0000 17.69173
229640.0000 17.33444
229650.0000 17.68227
229660.0000 17.81100
229670.0000 17.51830
229680.0000 17.62341
229690.0000 17.52396
229700.0000 17.36507
229710.0000 17.50977
229720.0000 17.69827
229730.0000 17.57689
229740.0000 17.52994
229750.0000 17.76783
229760.0000 17.71211
229770.0000 17.44344
229780.0000 17.33262
229790.0000 16.82911
229800.0000 16.68569
229810.0000 16.56465
229820.0000 16.78100
229830.0000 16.45797
229840.0000 16.39012
229850.0000 16.31207
229860.0000 16.15710
229870.0000 16.05818
229880.0000 16.06391
229890.0000 15.73436
229900.0000 16.15441
229910.0000 15.96919
229920.0000 15.90101
229930.0000 16.39400
229940.0000 16.87245
229950.0000 16.57430
229960.0000 16.59822
229970.0000 16.71870
229980.0000 16.67182
229990.0000 16.69246
230000.0000 16.51475
230010.0000 16.60746
230020.0000 16.62821
230030.0000 16.33865
230040.0000 16.34619
230050.0000 16.29248
230060.0000 16.08848
230070.0000 16.27184
230080.0000 16.35652
230090.0000 16.01653
230100.0000 16.25944
230110.0000 16.27170
230120.0000 16.32465
230130.0000 16.32043
230140.0000 16.13793
230150.0000 16.23291
230160.0000 16.82135
230170.0000 17.12706
230180.0000 17.17461
230190.0000 17.09883
230200.0000 17.02143
230210.0000 16.94905
230220.0000 17.14814
230230.0000 17.14929
230240.0000 17.42676
230250.0000 17.56104
230260.0000 17.70819
230270.0000 17.59497
230280.0000 17.57040
230290.0000 17.86734
230300.0000 17.63806
230310.0000 17.61993
230320.0000 17.64303
230330.0000 17.33656
230340.0000 17.33092
230350.0000 17.35804
230360.0000 17.13566
230370.0000 17.26376
230380.0000 17.24079
230390.0000 17.48324
230400.0000 17.73327
230410.0000 17.45838
230420.0000 17.58411
230430.0000 17.48975
230440.0000 17.68515
230450.0000 17.73532
230460.0000 17.69511
230470.0000 17.60079
230480.0000 17.76799
230490.0000 17.63292
230500.0000 17.41258
230510.0000 17.17645
230520.0000 17.35232
230530.0000 17.31134
230540.0000 17.26160
230550.0000 17.37424
230560.0000 17.26508
230570.0000 17.54305
230580.0000 17.29742
230590.0000 17.14540
230600.0000 16.87240
230610.0000 16.70712
230620.0000 16.96983
230630.0000 17.17104
230640.0000 17.04203
230650.0000 17.19702
230660.0000 16.97224
230670.0000 17.31786
230680.0000 17.49395
230690.0000 17.51521
230700.0000 17.32154
230710.0000 17.20746
230720.0000 17.20600
230730.0000 17.33854
230740.0000 17.40124
230750.0000 17.55145
230760.0000 17.54250
230770.0000 17.44353
230780.0000 16.96285
230790.0000 17.13951
230800.0000 17.38546
230810.0000 17.14305
230820.0000 17.13554
230830.0000 17.39744
230840.0000 16.95735
230850.0000 17.19101
230860.0000 17.25278
230870.0000 17.34640
230880.0000 17.43310
230890.0000 17.30422
230900.0000 17.11432
230910.0000 17.00542
230920.0000 17.07651
230930.0000 16.90826
230940.0000 17.18207
230950.0000 17.04124
230960.0000 16.93732
230970.0000 16.95721
230980.0000 16.96448
230990.0000 17.03563
231000.0000 17.00822
231010.0000 16.85373
231020.0000 16.96488
231030.0000 17.12898
231040.0000 17.42058
231050.0000 17.52193
231060.0000 17.68222
231070.0000 17.74372
231080.0000 17.67340
231090.0000 17.96308
231100.0000 17.80596
231110.0000 17.58936
231120.0000 17.48451
231130.0000 17.54543
231140.0000 17.40762
231150.0000 17.51956
231160.0000 17.58854
231170.0000 17.45642
231180.0000 17.42926
231190.0000 17.25026
231200.0000 17.02275
231210.0000 17.40799
231220.0000 17.01244
231230.0000 17.26366
231240.0000 17.33482
231250.0000 17.33147
231260.0000 17.31168
231270.0000 17.02590
231280.0000 16.89364
231290.0000 16.70085
231300.0000 16.64957
231310.0000 16.60926
231320.0000 16.63160
231330.0000 16.70774
231340.0000 16.66615
231350.0000 16.50965
231360.0000 16.34211
231370.0000 16.43101
231380.0000 16.34660
231390.0000 16.36816
231400.0000 16.48738
231410.0000 16.38063
231420.0000 16.18761
231430.0000 16.19670
231440.0000 16.04962
231450.0000 16.20744
231460.0000 16.13048
231470.0000 15.94539
231480.0000 15.57115
231490.0000 15.63408
231500.0000 15.26054
231510.0000 15.48211
231520.0000 15.41391
231530.0000 15.09586
231540.0000 14.91239
231550.0000 15.01690
231560.0000 14.95705
231570.0000 15.03660
231580.0000 15.25494
231590.0000 15.07317
231600.0000 15.24939
231610.0000 15.48680
231620.0000 15.57789
231630.0000 15.75748
231640.0000 15.71640
231650.0000 15.74875
231660.0000 15.88910
231670.0000 15.78857
231680.0000 15.91340
231690.0000 15.75695
231700.0000 15.78916
231710.0000 16.46651
231720.0000 16.22512
231730.0000 16.31847
231740.0000 16.39825
231750.0000 16.05207
231760.0000 15.94823
231770.0000 16.08302
231780.0000 15.86120
231790.0000 16.31024
231800.0000 16.27671
231810.0000 16.23544
231820.0000 16.37439
231830.0000 16.41778
231840.0000 16.52657
231850.0000 16.62268
231860.0000 16.91178
231870.0000 16.76449
231880.0000 16.51231
231890.0000 16.28650
231900.0000 16.17152
231910.0000 16.22273
231920.0000 15.77981
231930.0000 15.75498
231940.0000 15.85921
231950.0000 16.02396
231960.0000 15.97628
231970.0000 16.34147
231980.0000 15.98224
231990.0000 16.06468
232000.0000 16.02818
232010.0000 16.03492
232020.0000 16.08278
232030.0000 16.26747
232040.0000 16.03415
232050.0000 16.30754
232060.0000 16.12585
232070.0000 16.21403
232080.0000 16.40413
232090.0000 16.33859
232100.0000 16.15018
232110.0000 16.33875
232120.0000 16.09851
232130.0000 16.14384
232140.0000 15.74245
232150.0000 15.78176
232160.0000 15.66023
232170.0000 15.75152
232180.0000 15.72879
232190.0000 15.85234
232200.0000 15.57485
232210.0000 15.66147
232220.0000 15.43411
232230.0000 15.26256
232240.0000 16.00457
232250.0000 15.54934
232260.0000 15.50904
232270.0000 15.64498
232280.0000 15.62844
232290.0000 15.31057
232300.0000 15.59755
232310.0000 15.73081
232320.0000 15.74743
232330.0000 15.52863
232340.0000 15.64547
232350.0000 15.65767
232360.0000 15.68709
232370.0000 15.88745
232380.0000 15.95298
232390.0000 15.96887
232400.0000 15.89972
232410.0000 16.00188
232420.0000 15.90638
232430.0000 15.88388
232440.0000 16.18203
232450.0000 16.34760
232460.0000 16.53782
232470.0000 16.69540
232480.0000 16.63045
232490.0000 16.79327
232500.0000 16.74908
232510.0000 16.72444
232520.0000 16.61550
232530.0000 16.56433
232540.0000 16.63618
232550.0000 16.52859
232560.0000 16.60837
232570.0000 16.69825
232580.0000 16.58382
232590.0000 16.83601
232600.0000 16.83788
232610.0000 17.05948
232620.0000 17.04484
232630.0000 17.08293
232640.0000 16.98645
232650.0000 16.96926
232660.0000 16.90428
232670.0000 16.45790
232680.0000 16.76861
232690.0000 16.60189
232700.0000 16.70588
232710.0000 16.60800
232720.0000 16.88081
232730.0000 16.86892
232740.0000 17.05309
232750.0000 16.79757
232760.0000 16.97976
232770.0000 16.99382
232780.0000 17.06623
232790.0000 17.05025
232800.0000 17.28422
232810.0000 17.11481
232820.0000 17.34052
232830.0000 17.47404
232840.0000 17.28764
232850.0000 17.18556
232860.0000 16.97364
232870.0000 16.96295
232880.0000 17.01652
232890.0000 16.92113
232900.0000 16.64938
232910.0000 16.50154
232920.0000 16.69329
232930.0000 16.53203
232940.0000 16.42353
232950.0000 16.34212
232960.0000 16.29678
232970.0000 16.30621
232980.0000 16.20758
232990.0000 16.21566
233000.0000 16.24746
233010.0000 16.11733
233020.0000 15.98698
233030.0000 15.87043
233040.0000 15.85188
233050.0000 16.05545
233060.0000 15.63073
233070.0000 15.79136
233080.0000 15.78207
233090.0000 15.69339
233100.0000 15.55585
233110.0000 15.41492
233120.0000 15.25917
233130.0000 15.27067
233140.0000 15.25669
233150.0000 14.78634
233160.0000 14.81279
233170.0000 14.91916
233180.0000 15.03030
233190.0000 15.00313
233200.0000 14.88905
233210.0000 14.91090
233220.0000 14.62474
233230.0000 14.45293
233240.0000 14.70498
233250.0000 14.87479
233260.0000 14.56914
233270.0000 14.58611
233280.0000 14.80155
233290.0000 14.74800
233300.0000 14.66937
233310.0000 14.45613
233320.0000 14.56853
233330.0000 14.68268
233340.0000 14.61894
233350.0000 14.85559
233360.0000 14.88198
233370.0000 14.78101
233380.0000 14.54646
233390.0000 14.33113
233400.0000 14.22740
233410.0000 14.33321
233420.0000 14.18727
233430.0000 14.29403
233440.0000 14.13443
233450.0000 14.39509
233460.0000 14.50615
233470.0000 14.13105
233480.0000 14.30508
233490.0000 14.56851
233500.0000 14.70621
233510.0000 14.93749
233520.0000 14.35679
233530.0000 14.47434
233540.0000 14.77708
233550.0000 15.08912
233560.0000 14.88615
233570.0000 15.11178
233580.0000 15.12165
233590.0000 14.88630
233600.0000 14.62801
233610.0000 14.76719
233620.0000 14.48226
233630.0000 14.66602
233640.0000 14.34196
233650.0000 14.26134
233660.0000 14.33596
233670.0000 14.50179
233680.0000 14.46148
233690.0000 14.74200
233700.0000 14.60289
233710.0000 14.94867
233720.0000 14.99590
233730.0000 14.86459
233740.0000 14.99735
233750.0000 15.26951
233760.0000 14.96544
233770.0000 15.15973
233780.0000 14.84566
233790.0000 14.61315
233800.0000 14.84777
233810.0000 14.82485
233820.0000 14.93610
233830.0000 14.70629
233840.0000 14.84096
233850.0000 14.68130
233860.0000 14.97053
233870.0000 14.97000
233880.0000 15.05340
233890.0000 15.20969
233900.0000 15.11894
233910.0000 14.98740
233920.0000 14.82446
233930.0000 14.95962
233940.0000 14.56934
233950.0000 14.87033
233960.0000 14.53096
233970.0000 14.50409
233980.0000 14.17421
233990.0000 14.45038
234000.0000 14.60824
234010.0000 14.99834
234020.0000 14.76269
234030.0000 14.79848
234040.0000 14.91482
234050.0000 14.93665
234060.0000 14.79989
234070.0000 15.26813
234080.0000 15.14161
234090.0000 15.20102
234100.0000 14.97028
234110.0000 15.19402
234120.0000 15.36395
234130.0000 15.34158
234140.0000 15.21969
234150.0000 15.13231
234160.0000 15.28437
234170.0000 15.09406
234180.0000 15.04539
234190.0000 15.04006
234200.0000 14.78450
234210.0000 14.98953
234220.0000 14.53287
234230.0000 14.79529
234240.0000 14.92417
234250.0000 15.03830
234260.0000 15.00329
234270.0000 15.23088
234280.0000 15.32390
234290.0000 15.26521
234300.0000 15.27332
234310.0000 14.98802
234320.0000 15.07418
234330.0000 15.53948
234340.0000 15.48099
234350.0000 15.52493
234360.0000 15.49194
234370.0000 15.75853
234380.0000 15.71988
234390.0000 15.86449
234400.0000 15.70340
234410.0000 15.73855
234420.0000 15.68799
234430.0000 15.82354
234440.0000 16.01247
234450.0000 15.70794
234460.0000 16.14541
234470.0000 16.05990
234480.0000 16.16494
234490.0000 16.25093
234500.0000 16.47319
234510.0000 16.39227
234520.0000 16.51613
234530.0000 16.42035
234540.0000 16.31118
234550.0000 16.25834
234560.0000 15.99375
234570.0000 16.31209
234580.0000 16.57879
234590.0000 16.60112
234600.0000 16.46091
234610.0000 16.39954
234620.0000 16.58859
234630.0000 16.89083
234640.0000 16.87944
234650.0000 16.61233
234660.0000 16.52730
234670.0000 16.92266
234680.0000 16.55706
234690.0000 16.34708
234700.0000 16.72325
234710.0000 16.98625
234720.0000 17.11250
234730.0000 16.97527
234740.0000 17.18803
234750.0000 17.26677
234760.0000 17.40572
234770.0000 16.96994
234780.0000 17.18457
234790.0000 17.10009
234800.0000 17.30145
234810.0000 17.27712
234820.0000 17.21632
234830.0000 17.12582
234840.0000 16.84709
234850.0000 17.06880
234860.0000 16.98668
234870.0000 16.90535
234880.0000 16.67728
234890.0000 16.83078
234900.0000 16.55662
234910.0000 16.36092
234920.0000 16.29753
234930.0000 16.35695
234940.0000 16.17027
234950.0000 16.19448
234960.0000 16.38039
234970.0000 16.13167
234980.0000 16.23407
234990.0000 16.09225
235000.0000 16.12063
235010.0000 16.04152
235020.0000 15.92268
235030.0000 15.97898
235040.0000 16.06334
235050.0000 15.98877
235060.0000 16.09071
235070.0000 15.70961
235080.0000 15.70863
235090.0000 15.48692
235100.0000 15.48058
235110.0000 15.80458
235120.0000 15.89485
235130.0000 15.71497
235140.0000 15.93937
235150.0000 15.98496
235160.0000 16.09222
235170.0000 16.21965
235180.0000 16.40833
235190.0000 16.50006
235200.0000 16.59109
235210.0000 16.71670
235220.0000 16.57353
235230.0000 16.71444
235240.0000 16.53890
235250.0000 16.69529
235260.0000 16.42238
235270.0000 16.38382
235280.0000 16.44395
235290.0000 15.94000
235300.0000 16.14412
235310.0000 16.31871
235320.0000 15.91368
235330.0000 15.93262
235340.0000 15.68007
235350.0000 15.21811
235360.0000 15.28360
235370.0000 15.41170
235380.0000 15.27794
235390.0000 15.22488
235400.0000 15.15656
235410.0000 15.31960
235420.0000 15.08189
235430.0000 15.29177
235440.0000 15.41456
235450.0000 15.55503
235460.0000 15.46589
235470.0000 15.12360
235480.0000 15.47445
235490.0000 15.19401
235500.0000 14.92894
235510.0000 14.65797
235520.0000 14.20482
235530.0000 14.59564
235540.0000 14.44587
235550.0000 14.22707
235560.0000 14.13360
235570.0000 14.22843
235580.0000 14.07074
235590.0000 13.99944
235600.0000 14.12777
235610.0000 14.39480
235620.0000 14.37323
235630.0000 14.32425
235640.0000 14.30846
235650.0000 14.02798
235660.0000 14.19996
235670.0000 14.15595
235680.0000 14.45247
235690.0000 14.21103
235700.0000 14.10995
235710.0000 14.25137
235720.0000 14.04682
235730.0000 14.32493
235740.0000 14.35108
235750.0000 14.58719
235760.0000 14.40973
235770.0000 14.44178
235780.0000 14.30493
235790.0000 14.80170
235800.0000 14.74313
235810.0000 14.99994
235820.0000 15.15531
235830.0000 15.08004
235840.0000 15.15797
235850.0000 15.37717
235860.0000 15.12747
235870.0000 15.06502
235880.0000 14.97488
235890.0000 15.00490
235900.0000 14.79550
235910.0000 15.10635
235920.0000 15.13403
235930.0000 15.62874
235940.0000 15.47385
235950.0000 15.23554
235960.0000 15.11711
235970.0000 15.05868
235980.0000 14.95871
235990.0000 15.03399
236000.0000 14.92124
236010.0000 14.85936
236020.0000 14.94819
236030.0000 14.71202
236040.0000 14.77670
236050.0000 15.08085
236060.0000 15.09702
236070.0000 14.73857
236080.0000 14.75690
236090.0000 14.57757
236100.0000 14.60785
236110.0000 14.90339
236120.0000 15.00687
236130.0000 14.63713
236140.0000 14.67322
236150.0000 14.13813
236160.0000 14.37331
236170.0000 14.18128
236180.0000 14.11900
236190.0000 13.88879
236200.0000 14.10402
236210.0000 13.88602
236220.0000 14.07498
236230.0000 14.29945
236240.0000 14.55789
236250.0000 14.61779
236260.0000 14.18226
236270.0000 14.16205
236280.0000 14.02304
236290.0000 13.99762
236300.0000 13.98489
236310.0000 14.38982
236320.0000 14.61035
236330.0000 14.60983
236340.0000 14.68543
236350.0000 14.54980
236360.0000 15.01511
236370.0000 14.68222
236380.0000 14.60829
236390.0000 14.76694
236400.0000 14.56922
236410.0000 14.74098
236420.0000 14.52686
236430.0000 14.46925
236440.0000 14.43394
236450.0000 14.47822
236460.0000 14.30322
236470.0000 13.94699
236480.0000 14.34039
236490.0000 14.32181
236500.0000 14.32350
236510.0000 14.68101
236520.0000 14.47665
236530.0000 14.78757
236540.0000 14.86158
236550.0000 14.66794
236560.0000 14.54590
236570.0000 14.53364
236580.0000 14.81534
236590.0000 14.47679
236600.0000 14.32567
236610.0000 14.45599
236620.0000 14.45552
236630.0000 14.61007
236640.0000 14.74430
236650.0000 14.50712
236660.0000 14.72762
236670.0000 14.58027
236680.0000 14.38971
236690.0000 14.48265
236700.0000 14.67085
236710.0000 14.53871
236720.0000 14.69447
236730.0000 15.03066
236740.0000 14.97200
236750.0000 14.57473
236760.0000 14.66724
236770.0000 14.78766
236780.0000 14.84155
236790.0000 14.86373
236800.0000 14.82078
236810.0000 14.96960
236820.0000 15.03435
236830.0000 14.64714
236840.0000 14.54396
236850.0000 14.50323
236860.0000 14.87452
236870.0000 14.95214
236880.0000 14.99831
236890.0000 15.04612
236900.0000 14.93394
236910.0000 15.01925
236920.0000 15.20965
236930.0000 15.28180
236940.0000 15.54943
236950.0000 15.40755
236960.0000 15.67939
236970.0000 15.65793
236980.0000 15.71777
236990.0000 15.38342
237000.0000 15.39618
237010.0000 15.34209
237020.0000 15.35149
237030.0000 15.41269
237040.0000 15.47354
237050.0000 15.16876
237060.0000 15.30115
237070.0000 15.55182
237080.0000 15.44129
237090.0000 15.34971
237100.0000 15.48192
237110.0000 15.56048
237120.0000 15.55833
237130.0000 15.29920
237140.0000 15.28500
237150.0000 15.31618
237160.0000 15.30053
237170.0000 15.26920
237180.0000 15.18697
237190.0000 15.36443
237200.0000 15.70684
237210.0000 15.71099
237220.0000 15.74074
237230.0000 15.81223
237240.0000 15.85270
237250.0000 15.83430
237260.0000 15.61368
237270.0000 15.92940
237280.0000 15.77060
237290.0000 15.77519
237300.0000 15.60043
237310.0000 15.34978
237320.0000 15.00156
237330.0000 15.23956
237340.0000 15.10445
237350.0000 15.36465
237360.0000 15.16260
237370.0000 14.97173
237380.0000 14.81001
237390.0000 15.05742
237400.0000 15.05576
237410.0000 14.96816
237420.0000 15.09021
237430.0000 14.87338
237440.0000 15.18262
237450.0000 14.95348
237460.0000 15.10676
237470.0000 15.07428
237480.0000 15.03524
237490.0000 14.97262
237500.0000 14.76968
237510.0000 14.65205
237520.0000 14.61863
237530.0000 14.51792
237540.0000 14.55784
237550.0000 14.57907
237560.0000 14.74496
237570.0000 14.74444
237580.0000 14.55780
237590.0000 14.86332
237600.0000 14.85122
237610.0000 15.16910
237620.0000 15.19860
237630.0000 15.31849
237640.0000 15.20626
237650.0000 15.30912
237660.0000 15.42126
237670.0000 15.44757
237680.0000 15.21593
237690.0000 14.97963
237700.0000 15.15629
237710.0000 15.20295
237720.0000 14.61437
237730.0000 14.82197
237740.0000 14.69986
237750.0000 14.63105
237760.0000 14.57898
237770.0000 14.52557
237780.0000 14.60162
237790.0000 14.67712
237800.0000 14.57934
237810.0000 14.52564
237820.0000 14.60221
237830.0000 14.52443
237840.0000 14.30468
237850.0000 14.03804
237860.0000 13.89626
237870.0000 14.17395
237880.0000 13.88543
237890.0000 14.07275
237900.0000 14.16364
237910.0000 14.04934
237920.0000 13.51746
237930.0000 13.55448
237940.0000 13.82429
237950.0000 13.45587
237960.0000 13.48881
237970.0000 14.07276
237980.0000 14.04487
237990.0000 13.84348
238000.0000 14.12105
238010.0000 14.27814
238020.0000 14.26728
238030.0000 13.97224
238040.0000 13.80132
238050.0000 14.03676
238060.0000 14.18841
238070.0000 14.35756
238080.0000 14.10668
238090.0000 13.73495
238100.0000 13.56170
238110.0000 13.48978
238120.0000 13.37359
238130.0000 13.52668
238140.0000 13.44201
238150.0000 13.54472
238160.0000 13.28438
238170.0000 13.52072
238180.0000 13.36658
238190.0000 13.27435
238200.0000 13.40775
238210.0000 13.58164
238220.0000 13.23137
238230.0000 13.06777
238240.0000 13.16342
238250.0000 12.98889
238260.0000 12.94451
238270.0000 12.95906
238280.0000 12.79572
238290.0000 12.79982
238300.0000 12.86124
238310.0000 12.82222
238320.0000 12.64165
238330.0000 12.46193
238340.0000 12.63360
238350.0000 12.97322
238360.0000 13.01024
238370.0000 12.84979
238380.0000 12.78204
238390.0000 12.95793
238400.0000 13.22073
238410.0000 13.00494
238420.0000 13.12493
238430.0000 13.07528
238440.0000 13.20029
238450.0000 13.22907
238460.0000 13.15251
238470.0000 13.22389
238480.0000 13.33440
238490.0000 12.92880
238500.0000 12.94190
238510.0000 13.13733
238520.0000 12.98649
238530.0000 12.86258
238540.0000 12.68637
238550.0000 12.50842
238560.0000 12.56422
238570.0000 12.48782
238580.0000 12.44173
238590.0000 12.54219
238600.0000 12.97158
238610.0000 13.11290
238620.0000 12.99655
238630.0000 12.74574
238640.0000 12.71699
238650.0000 12.92957
238660.0000 12.71777
238670.0000 13.08097
238680.0000 13.03337
238690.0000 13.06347
238700.0000 12.79578
238710.0000 12.96194
238720.0000 13.15198
238730.0000 13.53638
238740.0000 13.14729
238750.0000 13.25904
238760.0000 13.65602
238770.0000 13.25487
238780.0000 13.18055
238790.0000 13.20643
238800.0000 13.10075
238810.0000 13.37366
238820.0000 13.42013
238830.0000 13.34477
238840.0000 13.30593
238850.0000 13.14806
238860.0000 13.49657
238870.0000 13.62608
238880.0000 13.84175
238890.0000 13.73438
238900.0000 13.83831
238910.0000 13.86835
238920.0000 13.85487
238930.0000 13.74651
238940.0000 13.72345
238950.0000 13.55704
238960.0000 13.56352
238970.0000 13.35680
238980.0000 13.35974
238990.0000 13.20082
239000.0000 13.38875
239010.0000 13.40252
239020.0000 13.79446
239030.0000 13.65195
239040.0000 13.56354
239050.0000 13.12114
239060.0000 13.16756
239070.0000 13.16279
239080.0000 13.23847
239090.0000 13.06038
239100.0000 13.56380
239110.0000 13.49427
239120.0000 13.47921
239130.0000 13.64870
239140.0000 13.47245
239150.0000 13.49458
239160.0000 13.54844
239170.0000 13.54654
239180.0000 13.37388
239190.0000 13.09511
239200.0000 13.28274
239210.0000 13.11313
239220.0000 13.01575
239230.0000 13.02476
239240.0000 13.19530
239250.0000 13.26606
239260.0000 13.45967
239270.0000 13.53166
239280.0000 13.51856
239290.0000 13.23338
239300.0000 13.12054
239310.0000 12.66742
239320.0000 12.94851
239330.0000 12.88601
239340.0000 13.06893
239350.0000 13.17053
239360.0000 13.17166
239370.0000 12.88988
239380.0000 13.14356
239390.0000 12.97537
239400.0000 13.02484
239410.0000 12.83772
239420.0000 12.68433
239430.0000 12.67631
239440.0000 12.82948
239450.0000 13.10913
239460.0000 13.37738
239470.0000 12.96236
239480.0000 13.37807
239490.0000 13.18054
239500.0000 13.09439
239510.0000 13.20489
239520.0000 13.35893
239530.0000 13.63259
239540.0000 13.94733
239550.0000 13.73639
239560.0000 13.66062
239570.0000 13.99341
239580.0000 13.63804
239590.0000 13.61652
239600.0000 13.35447
239610.0000 13.39446
239620.0000 13.38388
239630.0000 13.34037
239640.0000 13.21167
239650.0000 13.39618
239660.0000 13.56329
239670.0000 13.49287
239680.0000 13.49314
239690.0000 13.57444
239700.0000 13.33911
239710.0000 13.33049
239720.0000 13.03735
239730.0000 12.54221
239740.0000 12.77494
239750.0000 12.98755
239760.0000 13.05588
239770.0000 13.24360
239780.0000 13.05768
239790.0000 13.18907
239800.0000 12.80797
239810.0000 13.33016
239820.0000 13.17640
239830.0000 12.97562
239840.0000 13.08618
239850.0000 13.02386
239860.0000 12.82574
239870.0000 12.89210
239880.0000 13.16865
239890.0000 13.10195
239900.0000 13.17758
239910.0000 13.27978
239920.0000 13.14725
239930.0000 13.31674
239940.0000 13.26933
239950.0000 13.20822
239960.0000 13.18426
239970.0000 12.90169
239980.0000 12.66504
239990.0000 12.74704
240000.0000 12.73263
240010.0000 12.95927
240020.0000 13.13387
240030.0000 13.45102
240040.0000 13.55254
240050.0000 13.52434
240060.0000 13.70146
240070.0000 14.09908
240080.0000 13.92575
240090.0000 14.18719
240100.0000 14.12549
240110.0000 14.03355
240120.0000 13.92277
240130.0000 13.37150
240140.0000 13.66075
240150.0000 13.97776
240160.0000 14.27730
240170.0000 14.49032
240180.0000 14.43922
240190.0000 14.42455
240200.0000 14.01202
240210.0000 14.21688
240220.0000 14.37328
240230.0000 14.50803
240240.0000 14.45713
240250.0000 14.29728
240260.0000 14.15910
240270.0000 14.53815
240280.0000 14.33518
240290.0000 14.51670
240300.0000 14.86227
240310.0000 14.84066
240320.0000 14.77870
240330.0000 14.72098
240340.0000 14.56037
240350.0000 14.18175
240360.0000 14.27199
240370.0000 14.37991
240380.0000 14.35138
240390.0000 14.24689
240400.0000 14.40596
240410.0000 14.03034
240420.0000 14.15608
240430.0000 14.30959
240440.0000 14.25578
240450.0000 14.68105
240460.0000 14.70019
240470.0000 14.93417
240480.0000 15.03852
240490.0000 15.02294
240500.0000 15.28097
240510.0000 15.26013
240520.0000 15.09956
240530.0000 15.33592
240540.0000 15.33987
240550.0000 15.35479
240560.0000 15.40971
240570.0000 15.62567
240580.0000 15.78421
240590.0000 15.33942
240600.0000 15.25917
240610.0000 15.39990
240620.0000 15.44451
240630.0000 15.47417
240640.0000 15.73924
240650.0000 15.44933
240660.0000 15.70247
240670.0000 15.55312
240680.0000 15.79819
240690.0000 15.93226
240700.0000 16.18027
240710.0000 16.08720
240720.0000 15.81595
240730.0000 15.58144
240740.0000 15.68285
240750.0000 15.78990
240760.0000 15.62350
240770.0000 15.11511
240780.0000 15.13384
240790.0000 15.42806
240800.0000 15.51229
240810.0000 15.51212
240820.0000 15.57494
240830.0000 15.76133
240840.0000 15.84596
240850.0000 15.61426
240860.0000 15.92559
240870.0000 16.30671
240880.0000 16.48672
240890.0000 16.74658
240900.0000 16.74654
240910.0000 17.13491
240920.0000 17.07338
240930.0000 16.80479
240940.0000 16.46673
240950.0000 16.57825
240960.0000 16.50753
240970.0000 16.64400
240980.0000 16.72406
240990.0000 16.81550
241000.0000 17.03578
241010.0000 16.92858
241020.0000 16.72473
241030.0000 16.66142
241040.0000 16.75226
241050.0000 16.35633
241060.0000 16.47098
241070.0000 15.97593
241080.0000 16.13281
241090.0000 16.26874
241100.0000 16.34437
241110.0000 16.36793
241120.0000 16.17249
241130.0000 16.29123
241140.0000 16.32804
241150.0000 16.16157
241160.0000 15.76285
241170.0000 16.07944
241180.0000 16.10052
241190.0000 16.23574
241200.0000 16.58300
241210.0000 16.53692
241220.0000 16.67628
241230.0000 16.63591
241240.0000 16.55477
241250.0000 16.41446
241260.0000 16.36632
241270.0000 16.66082
241280.0000 16.39410
241290.0000 16.00484
241300.0000 16.09626
241310.0000 16.12854
241320.0000 16.02808
241330.0000 16.07447
241340.0000 16.02703
241350.0000 16.64380
241360.0000 16.77760
241370.0000 16.61389
241380.0000 16.44526
241390.0000 16.05366
241400.0000 16.00611
241410.0000 15.31391
241420.0000 14.53088
241430.0000 13.62978
241440.0000 12.78401
241450.0000 12.33173
241460.0000 12.62620
241470.0000 12.50810
241480.0000 13.75204
241490.0000 12.66810
241500.0000 15.05999
241510.0000 12.22799
241520.0000 12.53196
241530.0000 18.32602
241540.0000 17.67040
241550.0000 13.17305
241560.0000 13.59749
241570.0000 12.34712
241580.0000 12.50028
241590.0000 12.38598
241600.0000 12.48090
241610.0000 13.38258
241620.0000 15.15405
241630.0000 16.03752
241640.0000 16.54616
241650.0000 15.00982
241660.0000 14.85371
241670.0000 15.80560
241680.0000 17.23543
241690.0000 16.48632
241700.0000 16.94850
241710.0000 13.89533
241720.0000 13.05903
241730.0000 13.81592
241740.0000 14.21284
241750.0000 13.09553
241760.0000 12.60048
241770.0000 13.06550
241780.0000 13.54500
241790.0000 12.99031
241800.0000 14.98589
241810.0000 15.42802
241820.0000 15.67948
241830.0000 15.32668
241840.0000 14.40170
241850.0000 14.19288
241860.0000 13.89087
241870.0000 13.69220
241880.0000 13.94311
241890.0000 13.84372
241900.0000 14.60955
241910.0000 16.17722
241920.0000 15.34685
241930.0000 15.13835
241940.0000 14.90038
241950.0000 15.09454
241960.0000 15.62666
241970.0000 15.55044
241980.0000 14.80987
241990.0000 14.54425
242000.0000 14.98158
242010.0000 14.40871
242020.0000 14.25183
242030.0000 14.44396
242040.0000 13.94267
242050.0000 13.17314
242060.0000 13.07790
242070.0000 12.99995
242080.0000 13.24642
242090.0000 13.38566
242100.0000 13.07419
242110.0000 12.76460
242120.0000 12.73284
242130.0000 12.76253
242140.0000 12.98109
242150.0000 13.26474
242160.0000 13.10811
242170.0000 13.24354
242180.0000 13.19346
242190.0000 13.16156
242200.0000 13.10069
242210.0000 13.46454
242220.0000 13.93328
242230.0000 13.89028
242240.0000 14.28762
242250.0000 13.94119
242260.0000 14.46098
242270.0000 14.71424
242280.0000 14.88020
242290.0000 14.29853
242300.0000 14.56818
242310.0000 14.25707
242320.0000 13.84992
242330.0000 14.00998
242340.0000 13.69289
242350.0000 13.53023
242360.0000 13.84188
242370.0000 14.04287
242380.0000 12.97127
242390.0000 12.78421
242400.0000 12.79556
242410.0000 12.35144
242420.0000 12.48438
242430.0000 12.65181
242440.0000 12.73787
242450.0000 12.80052
242460.0000 14.52716
242470.0000 14.74951
242480.0000 13.32852
242490.0000 13.33247
242500.0000 13.23523
242510.0000 13.14088
242520.0000 12.85173
242530.0000 12.87783
242540.0000 13.39459
242550.0000 15.22997
242560.0000 15.40909
242570.0000 15.74997
242580.0000 17.47885
242590.0000 16.14618
242600.0000 15.28440
242610.0000 14.04970
242620.0000 13.73107
242630.0000 14.23703
242640.0000 12.72302
242650.0000 13.04863
242660.0000 13.20065
242670.0000 12.68013
242680.0000 13.66996
242690.0000 12.26926
242700.0000 12.67396
242710.0000 12.89044
242720.0000 14.90366
242730.0000 12.63756
242740.0000 13.61692
242750.0000 12.86280
242760.0000 12.44454
242770.0000 12.45044
242780.0000 12.43228
242790.0000 12.37936
242800.0000 12.28563
242810.0000 12.09146
242820.0000 12.00191
242830.0000 12.10981
242840.0000 12.27692
242850.0000 12.68688
242860.0000 12.40923
242870.0000 12.89212
242880.0000 13.10955
242890.0000 13.24796
242900.0000 12.96619
242910.0000 12.96165
242920.0000 12.65641
242930.0000 12.60358
242940.0000 12.71079
242950.0000 12.50624
242960.0000 12.65326
242970.0000 12.62495
242980.0000 12.68019
242990.0000 12.31537
243000.0000 12.20359
243010.0000 12.22810
243020.0000 12.42772
243030.0000 12.32843
243040.0000 12.87447
243050.0000 13.71489
243060.0000 13.97839
243070.0000 13.88924
243080.0000 13.55391
243090.0000 14.24660
243100.0000 14.10751
243110.0000 13.55739
243120.0000 13.37160
243130.0000 13.12913
243140.0000 12.17955
243150.0000 11.94847
243160.0000 12.08337
243170.0000 12.25744
243180.0000 12.49633
243190.0000 12.63609
243200.0000 13.02430
243210.0000 13.11586
243220.0000 12.95542
243230.0000 13.14704
243240.0000 12.96963
243250.0000 12.97001
243260.0000 13.14677
243270.0000 13.22326
243280.0000 12.58053
243290.0000 12.56761
243300.0000 12.42928
243310.0000 12.63012
243320.0000 12.12434
243330.0000 12.50403
243340.0000 12.25047
243350.0000 12.25780
243360.0000 12.42729
243370.0000 12.27041
243380.0000 12.47894
243390.0000 12.39290
243400.0000 12.37579
243410.0000 12.68781
243420.0000 12.63806
243430.0000 12.48752
243440.0000 12.77986
243450.0000 12.62066
243460.0000 13.13229
243470.0000 12.64118
243480.0000 12.46136
243490.0000 12.73220
243500.0000 12.34980
243510.0000 14.88406
243520.0000 14.73701
243530.0000 15.81785
243540.0000 15.66415
243550.0000 15.52884
243560.0000 15.30225
243570.0000 15.84132
243580.0000 15.19421
243590.0000 14.91750
243600.0000 15.17961
243610.0000 15.23332
243620.0000 14.82041
243630.0000 14.73931
243640.0000 13.63300
243650.0000 13.89411
243660.0000 13.96401
243670.0000 14.02593
243680.0000 14.17280
243690.0000 13.73023
243700.0000 13.75830
243710.0000 13.78741
243720.0000 14.07465
243730.0000 14.38690
243740.0000 14.65848
243750.0000 14.04395
243760.0000 13.43508
243770.0000 13.57826
243780.0000 13.44915
243790.0000 13.58027
243800.0000 14.02965
243810.0000 13.96107
243820.0000 13.63762
243830.0000 13.10574
243840.0000 12.91078
243850.0000 12.61907
243860.0000 12.69943
243870.0000 12.38071
243880.0000 12.16481
243890.0000 12.51118
243900.0000 12.10820
243910.0000 12.57105
243920.0000 12.81450
243930.0000 13.30693
243940.0000 12.78846
243950.0000 12.73074
243960.0000 12.76396
243970.0000 12.54148
243980.0000 12.10219
243990.0000 12.30800
244000.0000 12.23064
244010.0000 12.05541
244020.0000 12.10540
244030.0000 12.22709
244040.0000 12.50241
244050.0000 13.04039
244060.0000 13.19855
244070.0000 12.78002
244080.0000 12.60294
244090.0000 12.55528
244100.0000 12.32399
244110.0000 12.43637
244120.0000 12.58938
244130.0000 12.81524
244140.0000 13.50561
244150.0000 14.11461
244160.0000 14.59161
244170.0000 14.83398
244180.0000 14.38561
244190.0000 14.01647
244200.0000 14.25514
244210.0000 14.43886
244220.0000 14.46691
244230.0000 14.68673
244240.0000 14.84100
244250.0000 14.65323
244260.0000 14.94896
244270.0000 14.72322
244280.0000 14.18709
244290.0000 14.35922
244300.0000 14.13413
244310.0000 14.37214
244320.0000 15.05847
244330.0000 14.58619
244340.0000 14.54230
244350.0000 14.50934
244360.0000 14.44595
244370.0000 14.61581
244380.0000 14.65130
244390.0000 14.70831
244400.0000 14.85606
244410.0000 14.74720
244420.0000 14.75666
244430.0000 15.00020
244440.0000 14.90785
244450.0000 14.82051
244460.0000 14.57276
244470.0000 14.58003
244480.0000 14.50513
244490.0000 14.46714
244500.0000 14.17104
244510.0000 14.16640
244520.0000 14.43861
244530.0000 14.18459
244540.0000 14.18879
244550.0000 14.36666
244560.0000 14.00628
244570.0000 14.32581
244580.0000 14.02002
244590.0000 14.01882
244600.0000 13.85070
244610.0000 13.91262
244620.0000 13.74928
244630.0000 13.97284
244640.0000 13.67297
244650.0000 13.85514
244660.0000 13.94956
244670.0000 14.00132
244680.0000 14.13839
244690.0000 14.09868
244700.0000 14.10940
244710.0000 14.31659
244720.0000 14.15757
244730.0000 14.29980
244740.0000 14.44053
244750.0000 14.47869
244760.0000 14.65459
244770.0000 14.61650
244780.0000 14.95276
244790.0000 15.35391
244800.0000 15.49640
244810.0000 15.12977
244820.0000 15.22322
244830.0000 15.20006
244840.0000 15.24517
244850.0000 14.84392
244860.0000 13.96898
244870.0000 14.16947
244880.0000 14.12296
244890.0000 14.07653
244900.0000 14.56055
244910.0000 13.95642
244920.0000 13.85054
244930.0000 13.54121
244940.0000 13.96558
244950.0000 14.16485
244960.0000 14.14671
244970.0000 14.11840
244980.0000 14.53155
244990.0000 14.43102
245000.0000 14.28617
245010.0000 14.01899
245020.0000 14.34556
245030.0000 13.91465
245040.0000 13.55652
245050.0000 13.55774
245060.0000 13.31911
245070.0000 13.17998
245080.0000 13.18610
245090.0000 13.34424
245100.0000 13.29730
245110.0000 13.37216
245120.0000 13.29175
245130.0000 13.48171
245140.0000 13.71633
245150.0000 13.72998
245160.0000 14.14254
245170.0000 14.12555
245180.0000 14.38523
245190.0000 14.54217
245200.0000 15.02744
245210.0000 15.37252
245220.0000 15.61154
245230.0000 15.06104
245240.0000 14.79715
245250.0000 14.61405
245260.0000 14.62671
245270.0000 15.22882
245280.0000 15.06903
245290.0000 15.29096
245300.0000 15.09637
245310.0000 15.53505
245320.0000 15.18224
245330.0000 15.06240
245340.0000 14.99215
245350.0000 15.33463
245360.0000 15.67559
245370.0000 15.41207
245380.0000 15.23571
245390.0000 15.56972
245400.0000 15.41754
245410.0000 15.90271
245420.0000 15.76703
245430.0000 15.53968
245440.0000 15.98430
245450.0000 16.03056
245460.0000 15.88312
245470.0000 15.98431
245480.0000 15.64127
245490.0000 15.57138
245500.0000 15.67224
245510.0000 15.82286
245520.0000 15.81369
245530.0000 15.92030
245540.0000 16.10616
245550.0000 15.95224
245560.0000 16.04172
245570.0000 15.74494
245580.0000 15.56600
245590.0000 15.44829
245600.0000 15.32107
245610.0000 15.52749
245620.0000 15.40580
245630.0000 16.11935
245640.0000 16.04927
245650.0000 16.23022
245660.0000 16.24313
245670.0000 16.36795
245680.0000 16.16759
245690.0000 16.08025
245700.0000 15.73041
245710.0000 14.83717
245720.0000 15.08241
245730.0000 15.63784
245740.0000 16.04711
245750.0000 16.25460
245760.0000 16.51414
245770.0000 16.61494
245780.0000 16.55846
245790.0000 16.73352
245800.0000 16.43250
245810.0000 16.39946
245820.0000 16.81766
245830.0000 16.75471
245840.0000 17.05084
245850.0000 16.99545
245860.0000 16.66043
245870.0000 16.66891
245880.0000 16.65538
245890.0000 16.91718
245900.0000 17.29750
245910.0000 17.38211
245920.0000 17.38801
245930.0000 17.20976
245940.0000 16.91757
245950.0000 17.09549
245960.0000 16.97077
245970.0000 16.92939
245980.0000 16.95918
245990.0000 16.91481
246000.0000 16.63535
246010.0000 16.79681
246020.0000 16.85143
246030.0000 16.81752
246040.0000 17.05013
246050.0000 16.96958
246060.0000 16.94341
246070.0000 17.26105
246080.0000 17.01316
246090.0000 16.57338
246100.0000 16.60910
246110.0000 16.78369
246120.0000 16.75485
246130.0000 16.70434
246140.0000 16.55963
246150.0000 16.28057
246160.0000 16.04486
246170.0000 15.91624
246180.0000 15.81343
246190.0000 16.13326
246200.0000 16.16394
246210.0000 16.13578
246220.0000 16.17013
246230.0000 16.49170
246240.0000 16.33699
246250.0000 16.26874
246260.0000 16.11538
246270.0000 16.09682
246280.0000 16.30371
246290.0000 16.31564
246300.0000 16.30809
246310.0000 16.12869
246320.0000 15.98930
246330.0000 15.67193
246340.0000 15.68083
246350.0000 15.72949
246360.0000 15.89844
246370.0000 15.56709
246380.0000 15.47559
246390.0000 15.12697
246400.0000 15.22842
246410.0000 15.58036
246420.0000 15.39326
246430.0000 15.49207
246440.0000 15.32304
246450.0000 15.04946
246460.0000 15.09347
246470.0000 14.83666
246480.0000 15.35676
246490.0000 15.14193
246500.0000 15.08533
246510.0000 15.00058
246520.0000 15.18009
246530.0000 14.86728
246540.0000 15.01271
246550.0000 15.17229
246560.0000 15.34058
246570.0000 15.61915
246580.0000 15.65843
246590.0000 15.95995
246600.0000 15.96665
246610.0000 16.04561
246620.0000 16.01219
246630.0000 16.21037
246640.0000 15.83463
246650.0000 15.58642
246660.0000 15.54879
246670.0000 15.63275
246680.0000 15.48433
246690.0000 15.47382
246700.0000 15.54983
246710.0000 15.67756
246720.0000 15.74627
246730.0000 15.53156
246740.0000 15.60679
246750.0000 15.41564
246760.0000 15.46583
246770.0000 15.34759
246780.0000 15.26693
246790.0000 15.27801
246800.0000 15.55023
246810.0000 15.87601
246820.0000 16.30933
246830.0000 16.39967
246840.0000 16.15963
246850.0000 15.98966
246860.0000 15.96473
246870.0000 15.79146
246880.0000 15.76004
246890.0000 15.91591
246900.0000 16.17853
246910.0000 16.15198
246920.0000 16.18601
246930.0000 15.80024
246940.0000 15.80884
246950.0000 15.72953
246960.0000 16.08910
246970.0000 16.31730
246980.0000 16.59245
246990.0000 16.69100
247000.0000 16.79037
247010.0000 16.35011
247020.0000 16.49410
247030.0000 16.13304
247040.0000 16.30030
247050.0000 16.31127
247060.0000 16.12631
247070.0000 15.98679
247080.0000 16.07102
247090.0000 15.97857
247100.0000 16.13164
247110.0000 16.09196
247120.0000 15.84986
247130.0000 15.74227
247140.0000 15.43581
247150.0000 15.25529
247160.0000 15.22083
247170.0000 15.29468
247180.0000 15.22370
247190.0000 15.33497
247200.0000 15.41899
247210.0000 15.49427
247220.0000 15.24129
247230.0000 15.25067
247240.0000 14.92872
247250.0000 15.02568
247260.0000 15.18531
247270.0000 15.27063
247280.0000 15.33623
247290.0000 15.43957
247300.0000 15.42521
247310.0000 15.51135
247320.0000 15.23438
247330.0000 15.33798
247340.0000 15.35075
247350.0000 15.31244
247360.0000 14.97095
247370.0000 15.06210
247380.0000 15.37705
247390.0000 15.71001
247400.0000 15.62660
247410.0000 15.58916
247420.0000 15.43858
247430.0000 15.49804
247440.0000 15.86611
247450.0000 15.82060
247460.0000 16.31489
247470.0000 16.54204
247480.0000 16.60344
247490.0000 16.40538
247500.0000 16.19586
247510.0000 16.27757
247520.0000 16.36456
247530.0000 16.06896
247540.0000 15.80615
247550.0000 16.02188
247560.0000 16.14058
247570.0000 15.62218
247580.0000 15.74767
247590.0000 15.47812
247600.0000 15.81266
247610.0000 15.84620
247620.0000 16.09453
247630.0000 16.03047
247640.0000 15.99625
247650.0000 15.79892
247660.0000 15.35354
247670.0000 15.28783
247680.0000 15.37779
247690.0000 15.47876
247700.0000 15.62994
247710.0000 15.58353
247720.0000 16.09560
247730.0000 16.09973
247740.0000 15.96624
247750.0000 15.59623
247760.0000 15.41032
247770.0000 15.28870
247780.0000 15.56693
247790.0000 15.36658
247800.0000 15.24449
247810.0000 15.11008
247820.0000 15.24849
247830.0000 15.43021
247840.0000 15.02148
247850.0000 15.02591
247860.0000 15.13590
247870.0000 15.55085
247880.0000 15.66288
247890.0000 15.48089
247900.0000 15.44121
247910.0000 15.73617
247920.0000 16.23860
247930.0000 16.24531
247940.0000 16.58896
247950.0000 16.15709
247960.0000 16.23494
247970.0000 15.95811
247980.0000 15.83473
247990.0000 16.21436
248000.0000 16.32944
248010.0000 16.39584
248020.0000 16.69081
248030.0000 16.30639
248040.0000 16.14840
248050.0000 16.33729
248060.0000 16.07785
248070.0000 15.90921
248080.0000 15.41185
248090.0000 15.09324
248100.0000 15.07162
248110.0000 15.47096
248120.0000 15.43422
248130.0000 15.35315
248140.0000 15.54730
248150.0000 15.56803
248160.0000 15.47135
248170.0000 15.83495
248180.0000 15.96116
248190.0000 15.54094
248200.0000 15.51147
248210.0000 15.76210
248220.0000 15.86109
248230.0000 15.45594
248240.0000 15.60225
248250.0000 15.74223
248260.0000 15.91593
248270.0000 16.29046
248280.0000 16.29824
248290.0000 16.44085
248300.0000 16.33583
248310.0000 16.59676
248320.0000 16.21450
248330.0000 16.25227
248340.0000 16.50678
248350.0000 16.42813
248360.0000 16.28207
248370.0000 16.35620
248380.0000 16.39395
248390.0000 16.36091
248400.0000 16.44946
248410.0000 16.62387
248420.0000 16.62369
248430.0000 16.51620
248440.0000 16.50060
248450.0000 16.61166
248460.0000 16.79158
248470.0000 16.49017
248480.0000 16.66562
248490.0000 16.68858
248500.0000 16.96131
248510.0000 16.87952
248520.0000 16.86436
248530.0000 16.87806
248540.0000 16.57891
248550.0000 16.45388
248560.0000 16.34297
248570.0000 16.62701
248580.0000 16.71207
248590.0000 16.43604
248600.0000 16.56001
248610.0000 16.14586
248620.0000 15.88457
248630.0000 16.02760
248640.0000 15.92863
248650.0000 16.19069
248660.0000 16.15103
248670.0000 16.52250
248680.0000 16.63593
248690.0000 16.93169
248700.0000 16.72095
248710.0000 16.76871
248720.0000 16.77688
248730.0000 16.69035
248740.0000 16.77998
248750.0000 17.18072
248760.0000 17.30230
248770.0000 17.23088
248780.0000 17.14702
248790.0000 17.40857
248800.0000 17.52215
248810.0000 17.46004
248820.0000 17.66543
248830.0000 17.68772
248840.0000 17.44829
248850.0000 17.34886
248860.0000 17.31768
248870.0000 17.62389
248880.0000 17.67241
248890.0000 17.72800
248900.0000 17.58759
248910.0000 17.74267
248920.0000 17.31389
248930.0000 17.29076
248940.0000 17.52405
248950.0000 17.41878
248960.0000 17.31450
248970.0000 17.07767
248980.0000 16.92801
248990.0000 17.17874
249000.0000 17.48188
249010.0000 17.21082
249020.0000 17.15049
249030.0000 17.22267
249040.0000 17.46840
249050.0000 17.35159
249060.0000 17.62088
249070.0000 17.40417
249080.0000 17.41055
249090.0000 17.71652
249100.0000 17.52917
249110.0000 17.84978
249120.0000 17.63866
249130.0000 17.60046
249140.0000 17.55707
249150.0000 17.69125
249160.0000 17.56157
249170.0000 17.41489
249180.0000 17.20038
249190.0000 17.22441
249200.0000 17.16120
249210.0000 16.78209
249220.0000 17.06965
249230.0000 17.05149
249240.0000 17.18872
249250.0000 17.28864
249260.0000 17.19923
249270.0000 16.98119
249280.0000 17.27478
249290.0000 17.17408
249300.0000 17.13343
249310.0000 17.34963
249320.0000 17.52976
249330.0000 17.54929
249340.0000 17.48279
249350.0000 17.29197
249360.0000 17.36201
249370.0000 17.53120
249380.0000 17.68696
249390.0000 17.64638
249400.0000 17.54188
249410.0000 17.58041
249420.0000 17.57770
249430.0000 17.65573
249440.0000 17.25380
249450.0000 17.37965
249460.0000 16.97588
249470.0000 16.93860
249480.0000 17.42124
249490.0000 17.28945
249500.0000 17.27036
249510.0000 17.30240
249520.0000 17.17729
249530.0000 16.92051
249540.0000 17.32011
249550.0000 17.32591
249560.0000 16.96059
249570.0000 17.40876
249580.0000 17.40286
249590.0000 17.41139
249600.0000 17.79055
249610.0000 18.11135
249620.0000 18.01461
249630.0000 18.05631
249640.0000 17.89270
249650.0000 18.21570
249660.0000 18.10944
249670.0000 18.04171
249680.0000 17.88725
249690.0000 18.02591
249700.0000 18.06268
249710.0000 18.27689
249720.0000 18.22629
249730.0000 18.32611
249740.0000 18.45174
249750.0000 18.49323
249760.0000 18.29941
249770.0000 18.40276
249780.0000 18.41873
249790.0000 18.36226
249800.0000 18.52690
249810.0000 18.40760
249820.0000 18.61887
249830.0000 18.07539
249840.0000 17.46463
249850.0000 16.29743
249860.0000 16.05501
249870.0000 14.96589
249880.0000 14.58795
249890.0000 15.46738
249900.0000 15.61443
249910.0000 15.42727
249920.0000 15.52047
249930.0000 14.98946
249940.0000 15.34489
249950.0000 15.32278
249960.0000 15.31643
249970.0000 15.15379
249980.0000 15.08100
249990.0000 15.23930
250000.0000 15.33317
