0.0000 4.74193
10.0000 5.14400
20.0000 5.08881
30.0000 4.69288
40.0000 4.62380
50.0000 4.41043
60.0000 3.98456
70.0000 4.28177
80.0000 4.69726
90.0000 4.76899
100.0000 3.90463
110.0000 4.04227
120.0000 3.73563
130.0000 3.62684
140.0000 3.68073
150.0000 3.76556
160.0000 4.45341
170.0000 4.64262
180.0000 5.27200
190.0000 5.90371
200.0000 6.13890
210.0000 6.51446
220.0000 6.08020
230.0000 6.46827
240.0000 7.24880
250.0000 7.06989
260.0000 7.05235
270.0000 7.31174
280.0000 7.53744
290.0000 7.46072
300.0000 8.07282
310.0000 7.89118
320.0000 7.79167
330.0000 7.24405
340.0000 7.19826
350.0000 6.76471
360.0000 7.20950
370.0000 7.12615
380.0000 6.73451
390.0000 6.79333
400.0000 6.92648
410.0000 6.98636
420.0000 6.61906
430.0000 6.87912
440.0000 6.89263
450.0000 6.89711
460.0000 6.76453
470.0000 6.70799
480.0000 6.27041
490.0000 5.95408
500.0000 5.81714
510.0000 5.64373
520.0000 5.68177
530.0000 5.59220
540.0000 6.07895
550.0000 6.67562
560.0000 6.99201
570.0000 7.97953
580.0000 7.65375
590.0000 7.95092
600.0000 7.47800
610.0000 7.38076
620.0000 6.83744
630.0000 7.12198
640.0000 7.02236
650.0000 7.35562
660.0000 7.71014
670.0000 8.20875
680.0000 8.03225
690.0000 8.26285
700.0000 8.42470
710.0000 8.12428
720.0000 8.02555
730.0000 7.65871
740.0000 7.78974
750.0000 7.81701
760.0000 7.46494
770.0000 7.40457
780.0000 6.82836
790.0000 6.74080
800.0000 6.60068
810.0000 6.67061
820.0000 6.55359
830.0000 5.90159
840.0000 6.15247
850.0000 6.14499
860.0000 5.51929
870.0000 5.46141
880.0000 5.34176
890.0000 6.17297
900.0000 6.31704
910.0000 6.71027
920.0000 6.94935
930.0000 6.73753
940.0000 7.29227
950.0000 7.43468
960.0000 8.27460
970.0000 8.09872
980.0000 8.03753
990.0000 7.93241
1000.0000 8.02859
1010.0000 8.35531
1020.0000 8.91165
1030.0000 9.69669
1040.0000 9.76717
1050.0000 10.46187
1060.0000 10.29213
1070.0000 10.49180
1080.0000 10.17553
1090.0000 9.36715
1100.0000 9.43783
1110.0000 9.77150
1120.0000 8.87569
1130.0000 8.52023
1140.0000 8.13713
1150.0000 8.64701
1160.0000 8.38404
1170.0000 8.80185
1180.0000 8.84932
1190.0000 8.95759
1200.0000 9.52291
1210.0000 9.74495
1220.0000 9.44576
1230.0000 9.15085
1240.0000 8.84331
1250.0000 8.67134
1260.0000 8.29203
1270.0000 8.57650
1280.0000 8.58585
1290.0000 9.40375
1300.0000 9.69965
1310.0000 9.93675
1320.0000 10.24350
1330.0000 9.65715
1340.0000 9.39278
1350.0000 9.27576
1360.0000 9.31871
1370.0000 9.10661
1380.0000 9.53463
1390.0000 9.49582
1400.0000 8.83470
1410.0000 8.51909
1420.0000 8.03821
1430.0000 7.80018
1440.0000 7.99437
1450.0000 8.36514
1460.0000 8.14531
1470.0000 8.31073
1480.0000 8.17264
1490.0000 7.99520
1500.0000 8.43269
1510.0000 8.12033
1520.0000 8.07607
1530.0000 7.98629
1540.0000 8.09169
1550.0000 8.16858
1560.0000 7.68585
1570.0000 7.16039
1580.0000 6.91906
1590.0000 7.34114
1600.0000 7.50679
1610.0000 7.38371
1620.0000 7.54250
1630.0000 7.33618
1640.0000 6.49044
1650.0000 6.56586
1660.0000 6.56497
1670.0000 6.45880
1680.0000 6.69290
1690.0000 6.50565
1700.0000 5.66121
1710.0000 5.75102
1720.0000 5.36655
1730.0000 5.69764
1740.0000 5.58352
1750.0000 5.17309
1760.0000 4.92546
1770.0000 5.68979
1780.0000 5.81706
1790.0000 5.48931
1800.0000 5.01060
1810.0000 5.59649
1820.0000 5.77073
1830.0000 5.63175
1840.0000 6.25868
1850.0000 6.15224
1860.0000 5.94284
1870.0000 6.47839
1880.0000 6.49409
1890.0000 6.53962
1900.0000 6.69125
1910.0000 6.39266
1920.0000 6.76819
1930.0000 6.71778
1940.0000 6.36551
1950.0000 6.73414
1960.0000 6.64683
1970.0000 5.73467
1980.0000 5.82263
1990.0000 5.97713
2000.0000 5.73634
2010.0000 5.46626
2020.0000 5.63080
2030.0000 4.82979
2040.0000 4.09980
2050.0000 4.66691
2060.0000 4.17376
2070.0000 4.14191
2080.0000 3.96660
2090.0000 4.16052
2100.0000 4.08080
2110.0000 4.05676
2120.0000 3.79786
2130.0000 3.55410
2140.0000 3.87035
2150.0000 4.18366
2160.0000 4.31796
2170.0000 3.94324
2180.0000 3.87894
2190.0000 4.02840
2200.0000 3.85799
2210.0000 3.92629
2220.0000 3.94808
2230.0000 4.32295
2240.0000 4.15352
2250.0000 4.42983
2260.0000 3.85518
2270.0000 4.05739
2280.0000 4.56724
2290.0000 4.31147
2300.0000 3.87529
2310.0000 3.72015
2320.0000 3.39042
2330.0000 3.73205
2340.0000 3.24916
2350.0000 2.96888
2360.0000 3.11120
2370.0000 3.07573
2380.0000 3.07100
2390.0000 3.54735
2400.0000 3.68009
2410.0000 3.27446
2420.0000 3.75665
2430.0000 4.11001
2440.0000 3.84620
2450.0000 3.74946
2460.0000 4.30018
2470.0000 5.16705
2480.0000 5.75290
2490.0000 6.03871
2500.0000 6.15166
2510.0000 6.09242
2520.0000 6.04108
2530.0000 6.36468
2540.0000 6.26512
2550.0000 6.34954
2560.0000 6.16284
2570.0000 6.29183
2580.0000 5.93433
2590.0000 6.38596
2600.0000 6.17539
2610.0000 6.11309
2620.0000 6.17056
2630.0000 5.60921
2640.0000 4.49879
2650.0000 4.52852
2660.0000 4.49936
2670.0000 4.07728
2680.0000 3.52658
2690.0000 3.42053
2700.0000 2.99890
2710.0000 3.00988
2720.0000 2.94660
2730.0000 2.94481
2740.0000 2.87249
2750.0000 3.24162
2760.0000 3.35091
2770.0000 3.95263
2780.0000 3.71358
2790.0000 4.45063
2800.0000 4.40303
2810.0000 5.08836
2820.0000 5.39365
2830.0000 5.48231
2840.0000 5.44248
2850.0000 5.64684
2860.0000 5.82334
2870.0000 6.18584
2880.0000 5.98077
2890.0000 6.05212
2900.0000 5.19745
2910.0000 4.64986
2920.0000 4.64869
2930.0000 4.86618
2940.0000 4.95351
2950.0000 5.35693
2960.0000 5.63305
2970.0000 5.93067
2980.0000 6.17731
2990.0000 6.53327
3000.0000 7.20808
3010.0000 6.67624
3020.0000 6.76086
3030.0000 5.63356
3040.0000 6.18273
3050.0000 6.42741
3060.0000 6.03738
3070.0000 5.83055
3080.0000 5.99171
3090.0000 6.00851
3100.0000 6.44347
3110.0000 6.47147
3120.0000 6.20086
3130.0000 6.16728
3140.0000 5.94710
3150.0000 6.27304
3160.0000 6.46978
3170.0000 6.71097
3180.0000 7.15550
3190.0000 7.42300
3200.0000 7.74962
3210.0000 7.57936
3220.0000 7.81505
3230.0000 8.07612
3240.0000 8.17905
3250.0000 8.07004
3260.0000 8.37830
3270.0000 8.82872
3280.0000 8.55996
3290.0000 8.63797
3300.0000 8.39899
3310.0000 8.36276
3320.0000 8.22199
3330.0000 8.28149
3340.0000 8.54984
3350.0000 8.44507
3360.0000 8.13455
3370.0000 8.06158
3380.0000 8.27590
3390.0000 8.56722
3400.0000 8.58220
3410.0000 8.72258
3420.0000 8.71943
3430.0000 9.10299
3440.0000 9.14517
3450.0000 9.15419
3460.0000 8.70162
3470.0000 8.63099
3480.0000 9.18317
3490.0000 9.41634
3500.0000 9.26572
3510.0000 9.30500
3520.0000 9.63536
3530.0000 9.44523
3540.0000 9.35017
3550.0000 9.95980
3560.0000 10.00124
3570.0000 9.57941
3580.0000 9.63686
3590.0000 10.35112
3600.0000 10.30436
3610.0000 10.64512
3620.0000 10.46738
3630.0000 10.22442
3640.0000 9.67589
3650.0000 10.10965
3660.0000 9.99779
3670.0000 9.27458
3680.0000 8.99105
3690.0000 8.71813
3700.0000 8.23495
3710.0000 8.83109
3720.0000 9.30872
3730.0000 9.34949
3740.0000 9.55293
3750.0000 9.40373
3760.0000 9.15929
3770.0000 9.52250
3780.0000 9.70718
3790.0000 10.01238
3800.0000 9.62749
3810.0000 9.35017
3820.0000 8.67135
3830.0000 8.26956
3840.0000 8.43282
3850.0000 8.09601
3860.0000 8.21426
3870.0000 7.87157
3880.0000 7.65805
3890.0000 7.63274
3900.0000 7.57782
3910.0000 7.37541
3920.0000 7.30228
3930.0000 7.37694
3940.0000 7.06728
3950.0000 7.40583
3960.0000 7.23035
3970.0000 7.68634
3980.0000 7.26024
3990.0000 7.04909
4000.0000 6.92467
4010.0000 6.63366
4020.0000 6.46080
4030.0000 6.65997
4040.0000 6.08313
4050.0000 5.70783
4060.0000 5.55161
4070.0000 5.54961
4080.0000 5.50446
4090.0000 5.24433
4100.0000 5.22235
4110.0000 4.91414
4120.0000 4.05738
4130.0000 4.97603
4140.0000 3.89525
4150.0000 4.21376
4160.0000 4.41295
4170.0000 4.04413
4180.0000 4.10643
4190.0000 4.39324
4200.0000 3.87483
4210.0000 3.62701
4220.0000 4.03292
4230.0000 4.41142
4240.0000 4.25959
4250.0000 4.81141
4260.0000 5.30300
4270.0000 5.46977
4280.0000 5.55629
4290.0000 5.78057
4300.0000 5.93005
4310.0000 6.17641
4320.0000 6.63609
4330.0000 6.73532
4340.0000 6.59452
4350.0000 6.58317
4360.0000 6.43947
4370.0000 6.34582
4380.0000 5.95045
4390.0000 6.58186
4400.0000 6.41917
4410.0000 5.88579
4420.0000 6.19085
4430.0000 6.30149
4440.0000 6.51889
4450.0000 6.39726
4460.0000 6.42080
4470.0000 6.52886
4480.0000 6.51271
4490.0000 7.19336
4500.0000 7.49493
4510.0000 8.21587
4520.0000 7.98404
4530.0000 8.19225
4540.0000 7.73346
4550.0000 8.42425
4560.0000 8.41101
4570.0000 9.05799
4580.0000 9.25966
4590.0000 9.06924
4600.0000 9.44461
4610.0000 9.33316
4620.0000 8.59971
4630.0000 8.53008
4640.0000 8.62014
4650.0000 8.99904
4660.0000 8.70177
4670.0000 8.67420
4680.0000 9.06139
4690.0000 9.29830
4700.0000 9.41806
4710.0000 9.31457
4720.0000 8.95654
4730.0000 8.73835
4740.0000 9.06846
4750.0000 7.88279
4760.0000 7.95508
4770.0000 7.02482
4780.0000 7.35930
4790.0000 7.29130
4800.0000 7.31339
4810.0000 7.35222
4820.0000 7.51270
4830.0000 7.12271
4840.0000 6.61719
4850.0000 6.02554
4860.0000 5.75621
4870.0000 5.62544
4880.0000 4.69116
4890.0000 4.67487
4900.0000 4.31233
4910.0000 4.08209
4920.0000 4.59762
4930.0000 4.28376
4940.0000 4.36053
4950.0000 4.61751
4960.0000 5.03864
4970.0000 4.81767
4980.0000 4.96473
4990.0000 4.64849
5000.0000 4.58023
5010.0000 4.30761
5020.0000 3.99342
5030.0000 3.86758
5040.0000 3.98542
5050.0000 3.50196
5060.0000 2.98367
5070.0000 2.90628
5080.0000 3.11956
5090.0000 3.40621
5100.0000 3.51545
5110.0000 3.12235
5120.0000 3.28350
5130.0000 3.35391
5140.0000 3.01059
5150.0000 3.00300
5160.0000 2.72702
5170.0000 2.90219
5180.0000 3.46292
5190.0000 3.54844
5200.0000 3.89543
5210.0000 3.70835
5220.0000 3.81120
5230.0000 3.98245
5240.0000 4.13215
5250.0000 4.19786
5260.0000 4.14919
5270.0000 4.03388
5280.0000 3.84816
5290.0000 4.43623
5300.0000 4.52781
5310.0000 4.37786
5320.0000 3.84033
5330.0000 3.86043
5340.0000 3.71238
5350.0000 3.68884
5360.0000 3.43568
5370.0000 3.31579
5380.0000 3.01515
5390.0000 2.67023
5400.0000 2.94953
5410.0000 3.46500
5420.0000 3.62257
5430.0000 3.83478
5440.0000 3.96829
5450.0000 4.56842
5460.0000 4.11156
5470.0000 4.73859
5480.0000 4.85524
5490.0000 4.59487
5500.0000 4.83346
5510.0000 4.64847
5520.0000 4.99325
5530.0000 4.81138
5540.0000 4.53861
5550.0000 5.18195
5560.0000 5.40935
5570.0000 5.16483
5580.0000 4.65595
5590.0000 4.91676
5600.0000 4.60840
5610.0000 5.26707
5620.0000 5.03211
5630.0000 5.09968
5640.0000 5.72370
5650.0000 5.96545
5660.0000 6.23058
5670.0000 5.67196
5680.0000 5.82499
5690.0000 5.45682
5700.0000 5.33015
5710.0000 4.81571
5720.0000 5.03575
5730.0000 5.11906
5740.0000 5.22214
5750.0000 5.27965
5760.0000 5.43997
5770.0000 5.45200
5780.0000 5.49115
5790.0000 5.48135
5800.0000 5.20093
5810.0000 5.19911
5820.0000 5.55755
5830.0000 5.26253
5840.0000 5.41383
5850.0000 4.62061
5860.0000 4.58000
5870.0000 5.30005
5880.0000 4.85806
5890.0000 4.49610
5900.0000 4.06422
5910.0000 3.78149
5920.0000 3.85964
5930.0000 3.68171
5940.0000 3.40994
5950.0000 3.42570
5960.0000 3.44199
5970.0000 3.36621
5980.0000 2.93916
5990.0000 2.63300
6000.0000 2.89135
6010.0000 2.93260
6020.0000 3.15038
6030.0000 3.17471
6040.0000 2.53402
6050.0000 2.02922
6060.0000 2.05524
6070.0000 2.00628
6080.0000 2.00492
6090.0000 1.76901
6100.0000 1.92900
6110.0000 1.70664
6120.0000 1.88033
6130.0000 2.10190
6140.0000 1.98235
6150.0000 2.20738
6160.0000 1.89701
6170.0000 2.07479
6180.0000 2.07577
6190.0000 1.82426
6200.0000 1.37916
6210.0000 1.12405
6220.0000 1.49560
6230.0000 1.79476
6240.0000 1.42191
6250.0000 1.41674
6260.0000 1.90921
6270.0000 2.25701
6280.0000 1.93094
6290.0000 2.11013
6300.0000 2.65359
6310.0000 3.14847
6320.0000 2.87609
6330.0000 2.67102
6340.0000 2.45607
6350.0000 2.68604
6360.0000 2.69074
6370.0000 2.45928
6380.0000 2.39551
6390.0000 2.13394
6400.0000 1.79591
6410.0000 1.77210
6420.0000 1.12329
6430.0000 0.48288
6440.0000 0.55190
6450.0000 0.64348
6460.0000 0.32855
6470.0000 0.11205
6480.0000 -0.30309
6490.0000 -0.30862
6500.0000 -0.10228
6510.0000 -0.22701
6520.0000 -0.68964
6530.0000 -0.12392
6540.0000 -0.06653
6550.0000 0.23261
6560.0000 0.39411
6570.0000 0.36547
6580.0000 0.71543
6590.0000 0.52870
6600.0000 0.29532
6610.0000 -0.57403
6620.0000 -0.31433
6630.0000 -0.35191
6640.0000 -0.12424
6650.0000 -0.36917
6660.0000 -0.73312
6670.0000 -1.10139
6680.0000 -1.15529
6690.0000 -1.39098
6700.0000 -1.94968
6710.0000 -1.99439
6720.0000 -2.72585
6730.0000 -2.45605
6740.0000 -3.08879
6750.0000 -3.24438
6760.0000 -3.16353
6770.0000 -2.26625
6780.0000 -1.71082
6790.0000 -1.31704
6800.0000 -0.93793
6810.0000 -0.95321
6820.0000 -0.89977
6830.0000 -1.61567
6840.0000 -1.61246
6850.0000 -1.81308
6860.0000 -2.04910
6870.0000 -1.93125
6880.0000 -1.47317
6890.0000 -1.50448
6900.0000 -1.81475
6910.0000 -2.51214
6920.0000 -3.45497
6930.0000 -3.32580
6940.0000 -3.89377
6950.0000 -3.83342
6960.0000 -3.86610
6970.0000 -3.91259
6980.0000 -3.38999
6990.0000 -3.19936
7000.0000 -3.54026
7010.0000 -3.82625
7020.0000 -4.05910
7030.0000 -4.49593
7040.0000 -4.63604
7050.0000 -4.40647
7060.0000 -4.34610
7070.0000 -4.06448
7080.0000 -3.66297
7090.0000 -3.43649
7100.0000 -3.47821
7110.0000 -3.85252
7120.0000 -3.63187
7130.0000 -3.86257
7140.0000 -3.92930
7150.0000 -4.08211
7160.0000 -3.87882
7170.0000 -4.28974
7180.0000 -4.56364
7190.0000 -4.17221
7200.0000 -4.44730
7210.0000 -4.58875
7220.0000 -4.65897
7230.0000 -5.11459
7240.0000 -5.17067
7250.0000 -4.91656
7260.0000 -5.26377
7270.0000 -5.41457
7280.0000 -5.50188
7290.0000 -4.59858
7300.0000 -4.49997
7310.0000 -4.47327
7320.0000 -4.73362
7330.0000 -4.65672
7340.0000 -4.45814
7350.0000 -4.34955
7360.0000 -4.60195
7370.0000 -4.07833
7380.0000 -4.36800
7390.0000 -4.67780
7400.0000 -4.95439
7410.0000 -4.60357
7420.0000 -4.16123
7430.0000 -3.92337
7440.0000 -3.36963
7450.0000 -3.32334
7460.0000 -3.39111
7470.0000 -3.87164
7480.0000 -3.63778
7490.0000 -3.40558
7500.0000 -3.52979
7510.0000 -3.52132
7520.0000 -3.94240
7530.0000 -3.49677
7540.0000 -3.47028
7550.0000 -3.59494
7560.0000 -4.00220
7570.0000 -4.21734
7580.0000 -4.71764
7590.0000 -5.04261
7600.0000 -4.80374
7610.0000 -4.96147
7620.0000 -4.64977
7630.0000 -4.18869
7640.0000 -4.47990
7650.0000 -4.81007
7660.0000 -4.65584
7670.0000 -4.65062
7680.0000 -4.33309
7690.0000 -3.80394
7700.0000 -3.66395
7710.0000 -3.43681
7720.0000 -3.38713
7730.0000 -3.07044
7740.0000 -3.45050
7750.0000 -3.55479
7760.0000 -3.48285
7770.0000 -3.47949
7780.0000 -3.17019
7790.0000 -2.69213
7800.0000 -2.29694
7810.0000 -2.21641
7820.0000 -2.00945
7830.0000 -2.03235
7840.0000 -1.90480
7850.0000 -2.29488
7860.0000 -2.29507
7870.0000 -2.17086
7880.0000 -2.69763
7890.0000 -3.00606
7900.0000 -3.56597
7910.0000 -3.49501
7920.0000 -3.24941
7930.0000 -3.54379
7940.0000 -4.19263
7950.0000 -4.48029
7960.0000 -5.09133
7970.0000 -5.27795
7980.0000 -5.16259
7990.0000 -5.22485
8000.0000 -5.13055
8010.0000 -5.03736
8020.0000 -4.70338
8030.0000 -4.12072
8040.0000 -4.75589
8050.0000 -4.80864
8060.0000 -4.74192
8070.0000 -4.80745
8080.0000 -4.66037
8090.0000 -4.31763
8100.0000 -4.40155
8110.0000 -4.49799
8120.0000 -4.96120
8130.0000 -4.93199
8140.0000 -4.85061
8150.0000 -4.82950
8160.0000 -5.50903
8170.0000 -5.28944
8180.0000 -5.50944
8190.0000 -5.09329
8200.0000 -4.86616
8210.0000 -4.62407
8220.0000 -5.20866
8230.0000 -4.89879
8240.0000 -5.52545
8250.0000 -5.54144
8260.0000 -5.70475
8270.0000 -5.63536
8280.0000 -5.94042
8290.0000 -5.88543
8300.0000 -6.46307
8310.0000 -6.72748
8320.0000 -6.99288
8330.0000 -7.06787
8340.0000 -7.24188
8350.0000 -7.08123
8360.0000 -7.12559
8370.0000 -6.92683
8380.0000 -6.97231
8390.0000 -6.79714
8400.0000 -7.25513
8410.0000 -6.92604
8420.0000 -7.24631
8430.0000 -6.81032
8440.0000 -6.83139
8450.0000 -6.58724
8460.0000 -6.44431
8470.0000 -6.16244
8480.0000 -6.48981
8490.0000 -6.17675
8500.0000 -5.89859
8510.0000 -6.03892
8520.0000 -6.01360
8530.0000 -6.06521
8540.0000 -6.38626
8550.0000 -6.77046
8560.0000 -7.04165
8570.0000 -7.40547
8580.0000 -7.97971
8590.0000 -7.73059
8600.0000 -7.51871
8610.0000 -7.15182
8620.0000 -7.31168
8630.0000 -7.39751
8640.0000 -7.26329
8650.0000 -7.14079
8660.0000 -6.56690
8670.0000 -6.61444
8680.0000 -6.40665
8690.0000 -6.01731
8700.0000 -6.49371
8710.0000 -7.17313
8720.0000 -7.41086
8730.0000 -7.73726
8740.0000 -7.51733
8750.0000 -8.02075
8760.0000 -7.97914
8770.0000 -7.49162
8780.0000 -6.36045
8790.0000 -6.55365
8800.0000 -7.35746
8810.0000 -7.45495
8820.0000 -7.60841
8830.0000 -7.95341
8840.0000 -8.11813
8850.0000 -8.28234
8860.0000 -8.20748
8870.0000 -7.75813
8880.0000 -7.79601
8890.0000 -7.27407
8900.0000 -7.24310
8910.0000 -7.22959
8920.0000 -7.16473
8930.0000 -7.32849
8940.0000 -7.09367
8950.0000 -6.77440
8960.0000 -6.93336
8970.0000 -6.84670
8980.0000 -6.53673
8990.0000 -6.46411
9000.0000 -6.13303
9010.0000 -6.32939
9020.0000 -6.20526
9030.0000 -6.07077
9040.0000 -6.27527
9050.0000 -6.73469
9060.0000 -6.58420
9070.0000 -6.20945
9080.0000 -5.89124
9090.0000 -5.83045
9100.0000 -5.73748
9110.0000 -5.47621
9120.0000 -5.46321
9130.0000 -5.32321
9140.0000 -5.11285
9150.0000 -4.43572
9160.0000 -4.67863
9170.0000 -5.04880
9180.0000 -5.62066
9190.0000 -5.57938
9200.0000 -5.58777
9210.0000 -5.11539
9220.0000 -5.04720
9230.0000 -5.13993
9240.0000 -5.05307
9250.0000 -4.87907
9260.0000 -5.21848
9270.0000 -5.31129
9280.0000 -5.42155
9290.0000 -5.42761
9300.0000 -5.93910
9310.0000 -5.94427
9320.0000 -5.73152
9330.0000 -5.97941
9340.0000 -5.88107
9350.0000 -5.99119
9360.0000 -6.06713
9370.0000 -5.90944
9380.0000 -5.93156
9390.0000 -5.76134
9400.0000 -5.27637
9410.0000 -5.26110
9420.0000 -5.33560
9430.0000 -5.55304
9440.0000 -5.56838
9450.0000 -5.78911
9460.0000 -6.08525
9470.0000 -6.16389
9480.0000 -6.94577
9490.0000 -6.92727
9500.0000 -6.85169
9510.0000 -6.77052
9520.0000 -6.94026
9530.0000 -7.56230
9540.0000 -8.06901
9550.0000 -7.92225
9560.0000 -8.10243
9570.0000 -7.31355
9580.0000 -7.11541
9590.0000 -7.22586
9600.0000 -7.39725
9610.0000 -7.46639
9620.0000 -7.82830
9630.0000 -7.77621
9640.0000 -6.79410
9650.0000 -6.86818
9660.0000 -6.97977
9670.0000 -6.97848
9680.0000 -6.89262
9690.0000 -7.08509
9700.0000 -6.99824
9710.0000 -7.18385
9720.0000 -7.01047
9730.0000 -7.39429
9740.0000 -8.06473
9750.0000 -8.08534
9760.0000 -8.31974
9770.0000 -7.96769
9780.0000 -7.58205
9790.0000 -7.19317
9800.0000 -7.21125
9810.0000 -7.05709
9820.0000 -6.77157
9830.0000 -6.74118
9840.0000 -7.17424
9850.0000 -7.09464
9860.0000 -7.09992
9870.0000 -6.04894
9880.0000 -6.03260
9890.0000 -6.05694
9900.0000 -6.10187
9910.0000 -5.70179
9920.0000 -5.52260
9930.0000 -5.48430
9940.0000 -5.48494
9950.0000 -5.09307
9960.0000 -5.58196
9970.0000 -5.67766
9980.0000 -5.83182
9990.0000 -5.75558
10000.0000 -5.74327
10010.0000 -5.55871
10020.0000 -6.00130
10030.0000 -6.41026
10040.0000 -5.92599
10050.0000 -6.16813
10060.0000 -7.20317
10070.0000 -7.52088
10080.0000 -7.97829
10090.0000 -8.20800
10100.0000 -8.11853
10110.0000 -8.60461
10120.0000 -8.71291
10130.0000 -8.87892
10140.0000 -8.70629
10150.0000 -9.19591
10160.0000 -9.00860
10170.0000 -8.75762
10180.0000 -8.51651
10190.0000 -8.62598
10200.0000 -9.16454
10210.0000 -8.89169
10220.0000 -9.03961
10230.0000 -8.63803
10240.0000 -8.58991
10250.0000 -8.94191
10260.0000 -8.46630
10270.0000 -9.16218
10280.0000 -10.08454
10290.0000 -10.33178
10300.0000 -10.29817
10310.0000 -9.81326
10320.0000 -10.41929
10330.0000 -10.49698
10340.0000 -10.60952
10350.0000 -10.43997
10360.0000 -10.53006
10370.0000 -11.06404
10380.0000 -10.82072
10390.0000 -10.56356
10400.0000 -10.65413
10410.0000 -10.09218
10420.0000 -10.53168
10430.0000 -10.93683
10440.0000 -10.88189
10450.0000 -10.91289
10460.0000 -10.89801
10470.0000 -10.50093
10480.0000 -10.62637
10490.0000 -10.96950
10500.0000 -10.83090
10510.0000 -10.81186
10520.0000 -10.57759
10530.0000 -9.90710
10540.0000 -9.16615
10550.0000 -9.05725
10560.0000 -9.11576
10570.0000 -8.65634
10580.0000 -8.58823
10590.0000 -8.15770
10600.0000 -8.06846
10610.0000 -7.74728
10620.0000 -7.45290
10630.0000 -7.14687
10640.0000 -6.48874
10650.0000 -6.75397
10660.0000 -7.13312
10670.0000 -7.90067
10680.0000 -7.02472
10690.0000 -7.56442
10700.0000 -7.21219
10710.0000 -7.31536
10720.0000 -7.17891
10730.0000 -6.37128
10740.0000 -6.39654
10750.0000 -6.52572
10760.0000 -6.12519
10770.0000 -6.09235
10780.0000 -6.44703
10790.0000 -6.58297
10800.0000 -6.65133
10810.0000 -6.15971
10820.0000 -5.66191
10830.0000 -6.14025
10840.0000 -5.79922
10850.0000 -5.55294
10860.0000 -5.79493
10870.0000 -5.40709
10880.0000 -5.98233
10890.0000 -5.55937
10900.0000 -5.06735
10910.0000 -5.28411
10920.0000 -6.14157
10930.0000 -6.77700
10940.0000 -7.11651
10950.0000 -6.46439
10960.0000 -6.39656
10970.0000 -6.35179
10980.0000 -6.85761
10990.0000 -7.28711
11000.0000 -6.94559
11010.0000 -6.39264
11020.0000 -5.77539
11030.0000 -5.77378
11040.0000 -6.00088
11050.0000 -6.20200
11060.0000 -5.59812
11070.0000 -5.82925
11080.0000 -5.45505
11090.0000 -4.99411
11100.0000 -4.69970
11110.0000 -4.43425
11120.0000 -4.54886
11130.0000 -4.25466
11140.0000 -3.97603
11150.0000 -4.15414
11160.0000 -3.95928
11170.0000 -3.53399
11180.0000 -4.10465
11190.0000 -3.83113
11200.0000 -3.62561
11210.0000 -3.53170
11220.0000 -3.82928
11230.0000 -3.71879
11240.0000 -3.67128
11250.0000 -3.93356
11260.0000 -4.17741
11270.0000 -4.12640
11280.0000 -4.33699
11290.0000 -4.64937
11300.0000 -4.65949
11310.0000 -5.29117
11320.0000 -4.80363
11330.0000 -4.67377
11340.0000 -4.76829
11350.0000 -5.31692
11360.0000 -5.81721
11370.0000 -6.19589
11380.0000 -7.14869
11390.0000 -7.68035
11400.0000 -7.84305
11410.0000 -7.64916
11420.0000 -7.09454
11430.0000 -6.45081
11440.0000 -6.41925
11450.0000 -6.77639
11460.0000 -6.26638
11470.0000 -7.06996
11480.0000 -7.47714
11490.0000 -7.59221
11500.0000 -7.52852
11510.0000 -7.28315
11520.0000 -7.40658
11530.0000 -7.19788
11540.0000 -7.84109
11550.0000 -8.03809
11560.0000 -8.07818
11570.0000 -8.39243
11580.0000 -8.25018
11590.0000 -8.24229
11600.0000 -7.37743
11610.0000 -7.08573
11620.0000 -7.37080
11630.0000 -7.29652
11640.0000 -6.75078
11650.0000 -6.62340
11660.0000 -6.88957
11670.0000 -6.67782
11680.0000 -6.42223
11690.0000 -6.15356
11700.0000 -6.08847
11710.0000 -5.74525
11720.0000 -5.79732
11730.0000 -5.87372
11740.0000 -5.87669
11750.0000 -6.19131
11760.0000 -6.21595
11770.0000 -6.26636
11780.0000 -6.17073
11790.0000 -5.37118
11800.0000 -5.05918
11810.0000 -5.40883
11820.0000 -5.84432
11830.0000 -6.67317
11840.0000 -6.94079
11850.0000 -7.13809
11860.0000 -7.00278
11870.0000 -7.33297
11880.0000 -7.35174
11890.0000 -6.97777
11900.0000 -6.75684
11910.0000 -6.63772
11920.0000 -6.37094
11930.0000 -6.27096
11940.0000 -6.27919
11950.0000 -6.70779
11960.0000 -6.43308
11970.0000 -6.56141
11980.0000 -6.34638
11990.0000 -6.17347
12000.0000 -6.13869
12010.0000 -6.27993
12020.0000 -6.45874
12030.0000 -6.40026
12040.0000 -6.44557
12050.0000 -7.20435
12060.0000 -7.74439
12070.0000 -7.47923
12080.0000 -7.65200
12090.0000 -7.92921
12100.0000 -8.53203
12110.0000 -8.74057
12120.0000 -8.58752
12130.0000 -8.91193
12140.0000 -8.72019
12150.0000 -8.62068
12160.0000 -8.57455
12170.0000 -8.26066
12180.0000 -8.25561
12190.0000 -7.81067
12200.0000 -7.37579
12210.0000 -7.63274
12220.0000 -7.31575
12230.0000 -7.27088
12240.0000 -6.96730
12250.0000 -6.99380
12260.0000 -7.07381
12270.0000 -7.31278
12280.0000 -7.65555
12290.0000 -7.52044
12300.0000 -7.61140
12310.0000 -7.40492
12320.0000 -7.38828
12330.0000 -8.15462
12340.0000 -8.43313
12350.0000 -8.28861
12360.0000 -8.25446
12370.0000 -8.19867
12380.0000 -8.20738
12390.0000 -7.98328
12400.0000 -7.98563
12410.0000 -8.22220
12420.0000 -8.54482
12430.0000 -8.86517
12440.0000 -9.52204
12450.0000 -10.09961
12460.0000 -10.15354
12470.0000 -9.84610
12480.0000 -10.05122
12490.0000 -10.15751
12500.0000 -9.84279
12510.0000 -10.19646
12520.0000 -10.32126
12530.0000 -10.35237
12540.0000 -10.63556
12550.0000 -11.13384
12560.0000 -10.33926
12570.0000 -10.55533
12580.0000 -10.45261
12590.0000 -11.22724
12600.0000 -11.29627
12610.0000 -10.94849
12620.0000 -10.49443
12630.0000 -10.26879
12640.0000 -10.47264
12650.0000 -10.08514
12660.0000 -10.49054
12670.0000 -10.56843
12680.0000 -11.17233
12690.0000 -11.19292
12700.0000 -11.03891
12710.0000 -10.60639
12720.0000 -10.67253
12730.0000 -11.80477
12740.0000 -11.80371
12750.0000 -11.50924
12760.0000 -11.47178
12770.0000 -11.62054
12780.0000 -11.45248
12790.0000 -11.22715
12800.0000 -10.78982
12810.0000 -11.08772
12820.0000 -11.22208
12830.0000 -10.84383
12840.0000 -11.52871
12850.0000 -11.68768
12860.0000 -11.51178
12870.0000 -11.21440
12880.0000 -11.61470
12890.0000 -11.65456
12900.0000 -11.50556
12910.0000 -11.40968
12920.0000 -11.13508
12930.0000 -11.18977
12940.0000 -11.43919
12950.0000 -10.93286
12960.0000 -11.00131
12970.0000 -10.88531
12980.0000 -10.94729
12990.0000 -10.67552
13000.0000 -10.74268
13010.0000 -10.94899
13020.0000 -11.41614
13030.0000 -11.30427
13040.0000 -11.40368
13050.0000 -11.31224
13060.0000 -11.40149
13070.0000 -11.00554
13080.0000 -11.30377
13090.0000 -11.25845
13100.0000 -11.60061
13110.0000 -11.24952
13120.0000 -11.22920
13130.0000 -10.92046
13140.0000 -11.12769
13150.0000 -11.09547
13160.0000 -11.07892
13170.0000 -10.80909
13180.0000 -10.87746
13190.0000 -11.12719
13200.0000 -11.54535
13210.0000 -11.46783
13220.0000 -11.58639
13230.0000 -12.02880
13240.0000 -12.34999
13250.0000 -12.00145
13260.0000 -11.72698
13270.0000 -11.77070
13280.0000 -12.23899
13290.0000 -11.99791
13300.0000 -11.94833
13310.0000 -12.40174
13320.0000 -12.80210
13330.0000 -13.04906
13340.0000 -13.10502
13350.0000 -12.66437
13360.0000 -12.30073
13370.0000 -11.95980
13380.0000 -12.60184
13390.0000 -12.86981
13400.0000 -13.66850
13410.0000 -13.68734
13420.0000 -13.37005
13430.0000 -13.00578
13440.0000 -13.63456
13450.0000 -13.85420
13460.0000 -13.10881
13470.0000 -13.08421
13480.0000 -12.84837
13490.0000 -13.08678
13500.0000 -13.33548
13510.0000 -13.04540
13520.0000 -12.37841
13530.0000 -12.22244
13540.0000 -12.05409
13550.0000 -11.98667
13560.0000 -12.03172
13570.0000 -12.02361
13580.0000 -12.07992
13590.0000 -11.35233
13600.0000 -11.65661
13610.0000 -11.67923
13620.0000 -11.02696
13630.0000 -10.81925
13640.0000 -10.98120
13650.0000 -11.01649
13660.0000 -11.05596
13670.0000 -11.19503
13680.0000 -11.01786
13690.0000 -10.40747
13700.0000 -9.91761
13710.0000 -10.62113
13720.0000 -10.27882
13730.0000 -10.33376
13740.0000 -10.65047
13750.0000 -10.60848
13760.0000 -10.21778
13770.0000 -10.55006
13780.0000 -10.17885
13790.0000 -9.78698
13800.0000 -9.95182
13810.0000 -10.40847
13820.0000 -10.88134
13830.0000 -10.90653
13840.0000 -10.61712
13850.0000 -10.74266
13860.0000 -10.64587
13870.0000 -11.14850
13880.0000 -11.26167
13890.0000 -11.49071
13900.0000 -10.72580
13910.0000 -11.36108
13920.0000 -11.25091
13930.0000 -11.32493
13940.0000 -10.75971
13950.0000 -10.61525
13960.0000 -9.94716
13970.0000 -9.54651
13980.0000 -9.83469
13990.0000 -9.60082
14000.0000 -9.45605
14010.0000 -9.08806
14020.0000 -8.60758
14030.0000 -8.86285
14040.0000 -8.15322
14050.0000 -7.80971
14060.0000 -7.43904
14070.0000 -7.56531
14080.0000 -7.95195
14090.0000 -8.34233
14100.0000 -8.19034
14110.0000 -8.36465
14120.0000 -7.75227
14130.0000 -7.72056
14140.0000 -7.58522
14150.0000 -7.44812
14160.0000 -7.60770
14170.0000 -7.45155
14180.0000 -7.34919
14190.0000 -7.54411
14200.0000 -7.56367
14210.0000 -7.76301
14220.0000 -7.74142
14230.0000 -8.00078
14240.0000 -7.95844
14250.0000 -8.49050
14260.0000 -8.93474
14270.0000 -8.94858
14280.0000 -9.47262
14290.0000 -9.48236
14300.0000 -9.73450
14310.0000 -8.96046
14320.0000 -9.08902
14330.0000 -9.26424
14340.0000 -9.33893
14350.0000 -9.23460
14360.0000 -9.28230
14370.0000 -9.82448
14380.0000 -9.16306
14390.0000 -9.46041
14400.0000 -9.74272
14410.0000 -9.48613
14420.0000 -9.23998
14430.0000 -9.07254
14440.0000 -8.69579
14450.0000 -8.60178
14460.0000 -8.97402
14470.0000 -8.97345
14480.0000 -8.52171
14490.0000 -8.74295
14500.0000 -9.07772
14510.0000 -8.93126
14520.0000 -8.70343
14530.0000 -8.45848
14540.0000 -8.63627
14550.0000 -8.55621
14560.0000 -9.06370
14570.0000 -9.35966
14580.0000 -9.66256
14590.0000 -9.99979
14600.0000 -10.09050
14610.0000 -10.03745
14620.0000 -9.56384
14630.0000 -9.26339
14640.0000 -9.04475
14650.0000 -9.54861
14660.0000 -9.37712
14670.0000 -9.53125
14680.0000 -9.72555
14690.0000 -10.18708
14700.0000 -10.64478
14710.0000 -10.39313
14720.0000 -10.45248
14730.0000 -10.21645
14740.0000 -10.26837
14750.0000 -9.99392
14760.0000 -9.96410
14770.0000 -10.09742
14780.0000 -10.56142
14790.0000 -10.84520
14800.0000 -11.49258
14810.0000 -11.49302
14820.0000 -11.68632
14830.0000 -11.97131
14840.0000 -11.33974
14850.0000 -11.64387
14860.0000 -11.48445
14870.0000 -11.80838
14880.0000 -12.31355
14890.0000 -12.35379
14900.0000 -12.48529
14910.0000 -12.26151
14920.0000 -12.43002
14930.0000 -12.90209
14940.0000 -13.38479
14950.0000 -13.67181
14960.0000 -13.08381
14970.0000 -12.84159
14980.0000 -12.67330
14990.0000 -12.77111
15000.0000 -12.40125
15010.0000 -11.98760
15020.0000 -12.15173
15030.0000 -12.15652
15040.0000 -12.90639
15050.0000 -12.88520
15060.0000 -12.24451
15070.0000 -12.11737
15080.0000 -12.34583
15090.0000 -11.91419
15100.0000 -11.45013
15110.0000 -10.96369
15120.0000 -10.80447
15130.0000 -10.85272
15140.0000 -11.90627
15150.0000 -11.88830
15160.0000 -12.17327
15170.0000 -12.08491
15180.0000 -11.75937
15190.0000 -11.90471
15200.0000 -11.77069
15210.0000 -11.24844
15220.0000 -11.20590
15230.0000 -10.46702
15240.0000 -10.04012
15250.0000 -10.11794
15260.0000 -10.03444
15270.0000 -10.26904
15280.0000 -9.85810
15290.0000 -9.77124
15300.0000 -9.58709
15310.0000 -9.15032
15320.0000 -9.02289
15330.0000 -8.94322
15340.0000 -8.95594
15350.0000 -9.24797
15360.0000 -9.20627
15370.0000 -8.96708
15380.0000 -9.27345
15390.0000 -8.84030
15400.0000 -8.65927
15410.0000 -8.93406
15420.0000 -8.97322
15430.0000 -9.00718
15440.0000 -8.44442
15450.0000 -8.31019
15460.0000 -8.28331
15470.0000 -8.32454
15480.0000 -9.22087
15490.0000 -9.46873
15500.0000 -9.63872
15510.0000 -9.33960
15520.0000 -9.42344
15530.0000 -8.86076
15540.0000 -8.84218
15550.0000 -8.93794
15560.0000 -8.50581
15570.0000 -8.32736
15580.0000 -8.73613
15590.0000 -9.74673
15600.0000 -9.90564
15610.0000 -9.77244
15620.0000 -9.28625
15630.0000 -8.68364
15640.0000 -9.16994
15650.0000 -8.68428
15660.0000 -8.28600
15670.0000 -7.99465
15680.0000 -7.97464
15690.0000 -8.26326
15700.0000 -8.22768
15710.0000 -8.38408
15720.0000 -8.36045
15730.0000 -8.30788
15740.0000 -8.61034
15750.0000 -8.31925
15760.0000 -8.40797
15770.0000 -8.87119
15780.0000 -8.63496
15790.0000 -9.22199
15800.0000 -9.53782
15810.0000 -9.93935
15820.0000 -9.77054
15830.0000 -9.34396
15840.0000 -9.53785
15850.0000 -9.86214
15860.0000 -9.81232
15870.0000 -9.92271
15880.0000 -9.70090
15890.0000 -9.54636
15900.0000 -9.11511
15910.0000 -9.89331
15920.0000 -10.19056
15930.0000 -10.00888
15940.0000 -10.46048
15950.0000 -10.37405
15960.0000 -10.67942
15970.0000 -11.03744
15980.0000 -11.44979
15990.0000 -11.29531
16000.0000 -11.00783
16010.0000 -10.79328
16020.0000 -10.91755
16030.0000 -10.72886
16040.0000 -10.26583
16050.0000 -10.41839
16060.0000 -10.38885
16070.0000 -10.60067
16080.0000 -10.37180
16090.0000 -10.55318
16100.0000 -10.00596
16110.0000 -9.87764
16120.0000 -10.10894
16130.0000 -10.38785
16140.0000 -10.50997
16150.0000 -10.70799
16160.0000 -10.78998
16170.0000 -10.79148
16180.0000 -10.90568
16190.0000 -10.89415
16200.0000 -10.83482
16210.0000 -11.22922
16220.0000 -11.33214
16230.0000 -11.02803
16240.0000 -10.57943
16250.0000 -10.86309
16260.0000 -11.12158
16270.0000 -10.81827
16280.0000 -10.42263
16290.0000 -10.38496
16300.0000 -10.37011
16310.0000 -10.27416
16320.0000 -10.51594
16330.0000 -10.33059
16340.0000 -10.73682
16350.0000 -10.45880
16360.0000 -10.40839
16370.0000 -10.03715
16380.0000 -9.30679
16390.0000 -9.19011
16400.0000 -8.81789
16410.0000 -8.53010
16420.0000 -8.75068
16430.0000 -8.90309
16440.0000 -8.46228
16450.0000 -8.07996
16460.0000 -8.17296
16470.0000 -7.88207
16480.0000 -7.59781
16490.0000 -7.28521
16500.0000 -7.03390
16510.0000 -6.71083
16520.0000 -6.55189
16530.0000 -6.72838
16540.0000 -6.26028
16550.0000 -5.57276
16560.0000 -5.28596
16570.0000 -4.94319
16580.0000 -4.76585
16590.0000 -4.49568
16600.0000 -4.72597
16610.0000 -4.90275
16620.0000 -4.72833
16630.0000 -4.40259
16640.0000 -4.16047
16650.0000 -4.31170
16660.0000 -4.46274
16670.0000 -4.44434
16680.0000 -4.84265
16690.0000 -4.25362
16700.0000 -3.90571
16710.0000 -4.33180
16720.0000 -4.88737
16730.0000 -4.88387
16740.0000 -4.59132
16750.0000 -4.41886
16760.0000 -4.22492
16770.0000 -4.71897
16780.0000 -4.58270
16790.0000 -4.57825
16800.0000 -5.16018
16810.0000 -4.54644
16820.0000 -4.72799
16830.0000 -5.07161
16840.0000 -5.05463
16850.0000 -5.45372
16860.0000 -5.13452
16870.0000 -5.23930
16880.0000 -4.44817
16890.0000 -5.21164
16900.0000 -5.24866
16910.0000 -5.40968
16920.0000 -4.95112
16930.0000 -5.62561
16940.0000 -5.58236
16950.0000 -5.23766
16960.0000 -5.07014
16970.0000 -4.45322
16980.0000 -4.54902
16990.0000 -4.42871
17000.0000 -4.42735
17010.0000 -4.49368
17020.0000 -4.53167
17030.0000 -4.28826
17040.0000 -3.49542
17050.0000 -3.26063
17060.0000 -3.27335
17070.0000 -3.44666
17080.0000 -3.27591
17090.0000 -3.86084
17100.0000 -3.60443
17110.0000 -3.39418
17120.0000 -4.17798
17130.0000 -4.16663
17140.0000 -4.06487
17150.0000 -4.24019
17160.0000 -4.33925
17170.0000 -3.68574
17180.0000 -3.86686
17190.0000 -3.75153
17200.0000 -3.35647
17210.0000 -2.91730
17220.0000 -2.76425
17230.0000 -2.66239
17240.0000 -2.52537
17250.0000 -3.22694
17260.0000 -3.94729
17270.0000 -4.20591
17280.0000 -4.56128
17290.0000 -4.89582
17300.0000 -4.95486
17310.0000 -4.43200
17320.0000 -4.31572
17330.0000 -4.87629
17340.0000 -4.95417
17350.0000 -4.33628
17360.0000 -5.06513
17370.0000 -5.14116
17380.0000 -5.55462
17390.0000 -5.91355
17400.0000 -6.13161
17410.0000 -6.73240
17420.0000 -6.63961
17430.0000 -6.51043
17440.0000 -6.67113
17450.0000 -6.51410
17460.0000 -6.58358
17470.0000 -6.48654
17480.0000 -6.55394
17490.0000 -6.23910
17500.0000 -6.06779
17510.0000 -6.47014
17520.0000 -6.31850
17530.0000 -6.33800
17540.0000 -5.99251
17550.0000 -5.46799
17560.0000 -5.54384
17570.0000 -5.97255
17580.0000 -5.66715
17590.0000 -5.28468
17600.0000 -4.94173
17610.0000 -4.86908
17620.0000 -4.67674
17630.0000 -5.00222
17640.0000 -5.36418
17650.0000 -5.74892
17660.0000 -5.30761
17670.0000 -4.68795
17680.0000 -4.75804
17690.0000 -5.34009
17700.0000 -6.00416
17710.0000 -4.85935
17720.0000 -4.71988
17730.0000 -4.43048
17740.0000 -4.12845
17750.0000 -3.95629
17760.0000 -3.62587
17770.0000 -4.18162
17780.0000 -3.49359
17790.0000 -3.29548
17800.0000 -3.95631
17810.0000 -4.17289
17820.0000 -4.04810
17830.0000 -3.92229
17840.0000 -3.84055
17850.0000 -3.88331
17860.0000 -4.19246
17870.0000 -4.91270
17880.0000 -5.07617
17890.0000 -5.39770
17900.0000 -5.03996
17910.0000 -5.36734
17920.0000 -5.78548
17930.0000 -6.09557
17940.0000 -6.75538
17950.0000 -8.15439
17960.0000 -7.81099
17970.0000 -7.43458
17980.0000 -7.42479
17990.0000 -7.36825
18000.0000 -6.93393
18010.0000 -6.37474
18020.0000 -6.14071
18030.0000 -5.90058
18040.0000 -6.16905
18050.0000 -6.39745
18060.0000 -6.38423
18070.0000 -6.26275
18080.0000 -6.44629
18090.0000 -5.99509
18100.0000 -5.43622
18110.0000 -5.10075
18120.0000 -4.74088
18130.0000 -5.15214
18140.0000 -5.12340
18150.0000 -5.50635
18160.0000 -5.97988
18170.0000 -7.18943
18180.0000 -7.87693
18190.0000 -7.99977
18200.0000 -8.03072
18210.0000 -8.65165
18220.0000 -8.62637
18230.0000 -8.34583
18240.0000 -8.14376
18250.0000 -8.03917
18260.0000 -8.58458
18270.0000 -8.22673
18280.0000 -7.90601
18290.0000 -7.96264
18300.0000 -8.19589
18310.0000 -7.68464
18320.0000 -8.01461
18330.0000 -8.71696
18340.0000 -8.57046
18350.0000 -8.42989
18360.0000 -8.27352
18370.0000 -8.62924
18380.0000 -8.43527
18390.0000 -7.25496
18400.0000 -7.07082
18410.0000 -7.09555
18420.0000 -6.95929
18430.0000 -7.61702
18440.0000 -7.73995
18450.0000 -7.81107
18460.0000 -8.06139
18470.0000 -7.75153
18480.0000 -7.63510
18490.0000 -8.29285
18500.0000 -9.18512
18510.0000 -9.07904
18520.0000 -8.80972
18530.0000 -8.90687
18540.0000 -8.25656
18550.0000 -8.23441
18560.0000 -8.21617
18570.0000 -8.24809
18580.0000 -8.02947
18590.0000 -8.46330
18600.0000 -8.29082
18610.0000 -8.13454
18620.0000 -8.06542
18630.0000 -7.84205
18640.0000 -7.91744
18650.0000 -7.81129
18660.0000 -7.44464
18670.0000 -7.63499
18680.0000 -6.61090
18690.0000 -6.85393
18700.0000 -7.05974
18710.0000 -7.09894
18720.0000 -6.80340
18730.0000 -6.75636
18740.0000 -6.53809
18750.0000 -6.35700
18760.0000 -6.57291
18770.0000 -7.09124
18780.0000 -6.99959
18790.0000 -7.01059
18800.0000 -7.24135
18810.0000 -7.34240
18820.0000 -7.78468
18830.0000 -7.67863
18840.0000 -6.95225
18850.0000 -6.47235
18860.0000 -6.52303
18870.0000 -5.89239
18880.0000 -5.88240
18890.0000 -5.89465
18900.0000 -6.17812
18910.0000 -6.27477
18920.0000 -6.39159
18930.0000 -6.24714
18940.0000 -6.56981
18950.0000 -6.84273
18960.0000 -7.29547
18970.0000 -7.60319
18980.0000 -7.24185
18990.0000 -6.82625
19000.0000 -7.17397
19010.0000 -7.65245
19020.0000 -7.69510
19030.0000 -7.66774
19040.0000 -7.90306
19050.0000 -8.18744
19060.0000 -8.96129
19070.0000 -8.12283
19080.0000 -7.75933
19090.0000 -7.62557
19100.0000 -7.83669
19110.0000 -6.86545
19120.0000 -7.25151
19130.0000 -7.01576
19140.0000 -7.19191
19150.0000 -7.90719
19160.0000 -7.45325
19170.0000 -7.58693
19180.0000 -7.54846
19190.0000 -7.12399
19200.0000 -6.88414
19210.0000 -6.77642
19220.0000 -6.88622
19230.0000 -7.27741
19240.0000 -7.37002
19250.0000 -7.27624
19260.0000 -7.60546
19270.0000 -7.61798
19280.0000 -7.62497
19290.0000 -7.90565
19300.0000 -8.14532
19310.0000 -7.76100
19320.0000 -8.00578
19330.0000 -7.79768
19340.0000 -7.69999
19350.0000 -8.19365
19360.0000 -8.35259
19370.0000 -8.50087
19380.0000 -8.18844
19390.0000 -8.27947
19400.0000 -8.15630
19410.0000 -8.15363
19420.0000 -7.89211
19430.0000 -8.16152
19440.0000 -7.75739
19450.0000 -7.97290
19460.0000 -8.31497
19470.0000 -8.26266
19480.0000 -8.31911
19490.0000 -7.77596
19500.0000 -7.36920
19510.0000 -7.09412
19520.0000 -6.84858
19530.0000 -6.93337
19540.0000 -6.63825
19550.0000 -6.12300
19560.0000 -6.32290
19570.0000 -7.00554
19580.0000 -7.09997
19590.0000 -7.21400
19600.0000 -7.25945
19610.0000 -7.43311
19620.0000 -7.61485
19630.0000 -7.56776
19640.0000 -7.66382
19650.0000 -7.36488
19660.0000 -7.62161
19670.0000 -8.35820
19680.0000 -7.73420
19690.0000 -8.11433
19700.0000 -8.00838
19710.0000 -7.81668
19720.0000 -7.79597
19730.0000 -8.39869
19740.0000 -7.64109
19750.0000 -8.25807
19760.0000 -8.57274
19770.0000 -8.00844
19780.0000 -7.84222
19790.0000 -6.90861
19800.0000 -7.13071
19810.0000 -6.56576
19820.0000 -6.56625
19830.0000 -6.29878
19840.0000 -5.79250
19850.0000 -5.72151
19860.0000 -6.45759
19870.0000 -6.69071
19880.0000 -7.06576
19890.0000 -7.07815
19900.0000 -7.44368
19910.0000 -7.31752
19920.0000 -7.82497
19930.0000 -7.53325
19940.0000 -7.76472
19950.0000 -7.99990
19960.0000 -8.15875
19970.0000 -8.60301
19980.0000 -8.63575
19990.0000 -8.84687
20000.0000 -9.05342
20010.0000 -9.14159
20020.0000 -9.45348
20030.0000 -9.21751
20040.0000 -8.79767
20050.0000 -8.72089
20060.0000 -9.05294
20070.0000 -8.46115
20080.0000 -8.12708
20090.0000 -8.12394
20100.0000 -8.64468
20110.0000 -8.57558
20120.0000 -7.77310
20130.0000 -7.94045
20140.0000 -8.28913
20150.0000 -8.50112
20160.0000 -8.66096
20170.0000 -9.02142
20180.0000 -8.95428
20190.0000 -8.68684
20200.0000 -8.36716
20210.0000 -8.14566
20220.0000 -7.78510
20230.0000 -8.00875
20240.0000 -7.70253
20250.0000 -7.91121
20260.0000 -7.33782
20270.0000 -7.74056
20280.0000 -7.51343
20290.0000 -7.52130
20300.0000 -8.22523
20310.0000 -7.70545
20320.0000 -7.56778
20330.0000 -8.12023
20340.0000 -8.01239
20350.0000 -7.97252
20360.0000 -8.36872
20370.0000 -8.58296
20380.0000 -8.47805
20390.0000 -9.02496
20400.0000 -9.17270
20410.0000 -8.81445
20420.0000 -8.49199
20430.0000 -9.13937
20440.0000 -9.30660
20450.0000 -9.08894
20460.0000 -8.38820
20470.0000 -8.68052
20480.0000 -9.96293
20490.0000 -9.90335
20500.0000 -9.88544
20510.0000 -9.61308
20520.0000 -9.70266
20530.0000 -9.00650
20540.0000 -9.16643
20550.0000 -9.11850
20560.0000 -9.24560
20570.0000 -8.58817
20580.0000 -8.49612
20590.0000 -8.31865
20600.0000 -8.90132
20610.0000 -8.97319
20620.0000 -9.16734
20630.0000 -9.39445
20640.0000 -10.07823
20650.0000 -10.30598
20660.0000 -10.68018
20670.0000 -10.58174
20680.0000 -10.13691
20690.0000 -10.45701
20700.0000 -10.30830
20710.0000 -10.20583
20720.0000 -9.30569
20730.0000 -8.82940
20740.0000 -8.82140
20750.0000 -8.61475
20760.0000 -8.19973
20770.0000 -7.70123
20780.0000 -7.21848
20790.0000 -7.68566
20800.0000 -7.39698
20810.0000 -7.46203
20820.0000 -7.57881
20830.0000 -7.58412
20840.0000 -7.81114
20850.0000 -8.45147
20860.0000 -8.48751
20870.0000 -8.69084
20880.0000 -8.62667
20890.0000 -8.65547
20900.0000 -8.33256
20910.0000 -8.44172
20920.0000 -9.21676
20930.0000 -9.61468
20940.0000 -9.36898
20950.0000 -9.45121
20960.0000 -9.76937
20970.0000 -9.49447
20980.0000 -9.28196
20990.0000 -8.84743
21000.0000 -9.20747
21010.0000 -8.94887
21020.0000 -8.86581
21030.0000 -8.87863
21040.0000 -9.02540
21050.0000 -9.38894
21060.0000 -9.21182
21070.0000 -8.94747
21080.0000 -9.45947
21090.0000 -9.30564
21100.0000 -9.28981
21110.0000 -8.86141
21120.0000 -8.60728
21130.0000 -8.69404
21140.0000 -8.50187
21150.0000 -8.36437
21160.0000 -8.73386
21170.0000 -8.84143
21180.0000 -8.90724
21190.0000 -8.80205
21200.0000 -9.25490
21210.0000 -9.29767
21220.0000 -9.53025
21230.0000 -9.71101
21240.0000 -9.55068
21250.0000 -8.84458
21260.0000 -8.55169
21270.0000 -8.22230
21280.0000 -8.06850
21290.0000 -9.02798
21300.0000 -9.25763
21310.0000 -9.26511
21320.0000 -9.32279
21330.0000 -9.28046
21340.0000 -8.90076
21350.0000 -8.85058
21360.0000 -8.51259
21370.0000 -7.89394
21380.0000 -7.75760
21390.0000 -7.65424
21400.0000 -7.62852
21410.0000 -7.45661
21420.0000 -7.34584
21430.0000 -7.92452
21440.0000 -7.89267
21450.0000 -8.67668
21460.0000 -8.53881
21470.0000 -8.51041
21480.0000 -8.62027
21490.0000 -8.80487
21500.0000 -8.57919
21510.0000 -8.50977
21520.0000 -8.45498
21530.0000 -8.96604
21540.0000 -9.22759
21550.0000 -9.02222
21560.0000 -8.72702
21570.0000 -8.40048
21580.0000 -8.68957
21590.0000 -9.17650
21600.0000 -8.70468
21610.0000 -8.38977
21620.0000 -7.87483
21630.0000 -8.26725
21640.0000 -8.16950
21650.0000 -8.70651
21660.0000 -9.27410
21670.0000 -9.19013
21680.0000 -8.44225
21690.0000 -7.85352
21700.0000 -7.90534
21710.0000 -7.68592
21720.0000 -7.55946
21730.0000 -6.75468
21740.0000 -6.99022
21750.0000 -7.01459
21760.0000 -6.54978
21770.0000 -6.53472
21780.0000 -6.47701
21790.0000 -6.78345
21800.0000 -6.89017
21810.0000 -7.54142
21820.0000 -7.71028
21830.0000 -7.61322
21840.0000 -7.94674
21850.0000 -8.45305
21860.0000 -8.50724
21870.0000 -8.58454
21880.0000 -8.49308
21890.0000 -8.98216
21900.0000 -8.64736
21910.0000 -8.26742
21920.0000 -7.79890
21930.0000 -8.13825
21940.0000 -8.75551
21950.0000 -8.73278
21960.0000 -9.38596
21970.0000 -8.78871
21980.0000 -8.68578
21990.0000 -8.54846
22000.0000 -8.92219
22010.0000 -8.65475
22020.0000 -8.36244
22030.0000 -8.70594
22040.0000 -8.84124
22050.0000 -7.98449
22060.0000 -7.39034
22070.0000 -6.67340
22080.0000 -6.04171
22090.0000 -6.03892
22100.0000 -5.73248
22110.0000 -5.29721
22120.0000 -5.46781
22130.0000 -5.79161
22140.0000 -6.14214
22150.0000 -6.25505
22160.0000 -6.08094
22170.0000 -6.33574
22180.0000 -6.48545
22190.0000 -7.53769
22200.0000 -7.68466
22210.0000 -7.13338
22220.0000 -7.93142
22230.0000 -7.81535
22240.0000 -7.24482
22250.0000 -7.21223
22260.0000 -7.64580
22270.0000 -8.38167
22280.0000 -8.40110
22290.0000 -8.48025
22300.0000 -8.68955
22310.0000 -8.22469
22320.0000 -8.06303
22330.0000 -8.05439
22340.0000 -7.90771
22350.0000 -8.49607
22360.0000 -8.61223
22370.0000 -8.99110
22380.0000 -9.34598
22390.0000 -8.51178
22400.0000 -8.46235
22410.0000 -8.49228
22420.0000 -8.17048
22430.0000 -7.33837
22440.0000 -7.48270
22450.0000 -7.75354
22460.0000 -7.58996
22470.0000 -7.66089
22480.0000 -7.62314
22490.0000 -8.39225
22500.0000 -8.40783
22510.0000 -8.46080
22520.0000 -8.30458
22530.0000 -8.35388
22540.0000 -8.72481
22550.0000 -8.59558
22560.0000 -8.65077
22570.0000 -8.51128
22580.0000 -8.38675
22590.0000 -8.65955
22600.0000 -8.95268
22610.0000 -9.03780
22620.0000 -8.95146
22630.0000 -8.97927
22640.0000 -9.33625
22650.0000 -9.04008
22660.0000 -8.41074
22670.0000 -8.20736
22680.0000 -8.19645
22690.0000 -8.48526
22700.0000 -8.75021
22710.0000 -8.50558
22720.0000 -8.48269
22730.0000 -8.54098
22740.0000 -7.93783
22750.0000 -8.12485
22760.0000 -8.66080
22770.0000 -8.64028
22780.0000 -9.04721
22790.0000 -7.99170
22800.0000 -7.86207
22810.0000 -8.19862
22820.0000 -8.37422
22830.0000 -8.30866
22840.0000 -7.87843
22850.0000 -7.62295
22860.0000 -7.22691
22870.0000 -7.90618
22880.0000 -8.18517
22890.0000 -7.90423
22900.0000 -7.98199
22910.0000 -8.59939
22920.0000 -9.26110
22930.0000 -10.14530
22940.0000 -10.08285
22950.0000 -10.00915
22960.0000 -10.39380
22970.0000 -10.25921
22980.0000 -10.32131
22990.0000 -10.68511
23000.0000 -10.02329
23010.0000 -10.56153
23020.0000 -10.22778
23030.0000 -10.07919
23040.0000 -9.49581
23050.0000 -9.08109
23060.0000 -8.91314
23070.0000 -8.51900
23080.0000 -8.63552
23090.0000 -8.86807
23100.0000 -9.05959
23110.0000 -8.65995
23120.0000 -7.90722
23130.0000 -7.52646
23140.0000 -7.27555
23150.0000 -6.79301
23160.0000 -6.86122
23170.0000 -6.60849
23180.0000 -6.43431
23190.0000 -6.06853
23200.0000 -5.67615
23210.0000 -5.92498
23220.0000 -5.81103
23230.0000 -5.71223
23240.0000 -5.49738
23250.0000 -6.28820
23260.0000 -6.62874
23270.0000 -6.85698
23280.0000 -6.27921
23290.0000 -6.48543
23300.0000 -6.40828
23310.0000 -6.89808
23320.0000 -6.98087
23330.0000 -6.72887
23340.0000 -6.29638
23350.0000 -6.07266
23360.0000 -5.66991
23370.0000 -5.68192
23380.0000 -5.69389
23390.0000 -5.69582
23400.0000 -5.87987
23410.0000 -6.07484
23420.0000 -5.84502
23430.0000 -5.91774
23440.0000 -6.04976
23450.0000 -5.86992
23460.0000 -5.24578
23470.0000 -5.42475
23480.0000 -5.71406
23490.0000 -5.89199
23500.0000 -5.82119
23510.0000 -5.72984
23520.0000 -5.81277
23530.0000 -5.19888
23540.0000 -5.75107
23550.0000 -6.29681
23560.0000 -5.81938
23570.0000 -5.69788
23580.0000 -5.72303
23590.0000 -5.85664
23600.0000 -5.90829
23610.0000 -6.28360
23620.0000 -6.33476
23630.0000 -6.05609
23640.0000 -6.28425
23650.0000 -6.48727
23660.0000 -6.67366
23670.0000 -6.42716
23680.0000 -6.61136
23690.0000 -6.34927
23700.0000 -5.50247
23710.0000 -5.17019
23720.0000 -5.63991
23730.0000 -5.51520
23740.0000 -5.13581
23750.0000 -5.46000
23760.0000 -5.55389
23770.0000 -5.54263
23780.0000 -5.99701
23790.0000 -5.90186
23800.0000 -6.11833
23810.0000 -5.85631
23820.0000 -6.16949
23830.0000 -6.88930
23840.0000 -7.15316
23850.0000 -6.60905
23860.0000 -6.79287
23870.0000 -6.75656
23880.0000 -6.82151
23890.0000 -7.20116
23900.0000 -7.41959
23910.0000 -7.57957
23920.0000 -7.86483
23930.0000 -7.76619
23940.0000 -8.21006
23950.0000 -9.19858
23960.0000 -8.52778
23970.0000 -8.44108
23980.0000 -8.77333
23990.0000 -9.22110
24000.0000 -8.96025
24010.0000 -8.49238
24020.0000 -8.05319
24030.0000 -7.39163
24040.0000 -7.35839
24050.0000 -7.42660
24060.0000 -7.62306
24070.0000 -7.92737
24080.0000 -7.50680
24090.0000 -7.12739
24100.0000 -6.78795
24110.0000 -6.63888
24120.0000 -6.12710
24130.0000 -6.53901
24140.0000 -6.28949
24150.0000 -6.32850
24160.0000 -6.14971
24170.0000 -6.54110
24180.0000 -6.70944
24190.0000 -6.55230
24200.0000 -6.97983
24210.0000 -7.74047
24220.0000 -7.46116
24230.0000 -7.41005
24240.0000 -7.21147
24250.0000 -7.56340
24260.0000 -8.02115
24270.0000 -8.15919
24280.0000 -8.86280
24290.0000 -9.29636
24300.0000 -9.74508
24310.0000 -9.19033
24320.0000 -9.20371
24330.0000 -9.03623
24340.0000 -8.76976
24350.0000 -8.63124
24360.0000 -8.70076
24370.0000 -8.91788
24380.0000 -9.31058
24390.0000 -8.82840
24400.0000 -8.67520
24410.0000 -8.79344
24420.0000 -8.71669
24430.0000 -9.26092
24440.0000 -8.69009
24450.0000 -8.99350
24460.0000 -8.85301
24470.0000 -8.88573
24480.0000 -9.14278
24490.0000 -9.41003
24500.0000 -9.48682
24510.0000 -9.69993
24520.0000 -9.59745
24530.0000 -9.46345
24540.0000 -8.89969
24550.0000 -8.14584
24560.0000 -8.37449
24570.0000 -8.89482
24580.0000 -8.47810
24590.0000 -8.31185
24600.0000 -8.45037
24610.0000 -7.88374
24620.0000 -7.73726
24630.0000 -7.68101
24640.0000 -7.99964
24650.0000 -8.10844
24660.0000 -8.23349
24670.0000 -8.68681
24680.0000 -9.02005
24690.0000 -8.69228
24700.0000 -8.23966
24710.0000 -7.99426
24720.0000 -8.11066
24730.0000 -8.09908
24740.0000 -8.31610
24750.0000 -8.16049
24760.0000 -8.65471
24770.0000 -8.74997
24780.0000 -8.25486
24790.0000 -7.96930
24800.0000 -7.63589
24810.0000 -7.11975
24820.0000 -7.10836
24830.0000 -6.94106
24840.0000 -6.65997
24850.0000 -6.20229
24860.0000 -6.44450
24870.0000 -6.38950
24880.0000 -6.60748
24890.0000 -6.97260
24900.0000 -6.11804
24910.0000 -5.81514
24920.0000 -5.38199
24930.0000 -5.17475
24940.0000 -5.11346
24950.0000 -5.58821
24960.0000 -6.20054
24970.0000 -5.77842
24980.0000 -5.29761
24990.0000 -4.82954
25000.0000 -5.01018
25010.0000 -5.50007
25020.0000 -5.58713
25030.0000 -5.92566
25040.0000 -5.72709
25050.0000 -5.95857
25060.0000 -6.19133
25070.0000 -6.91765
25080.0000 -6.97208
25090.0000 -7.20994
25100.0000 -6.76531
25110.0000 -6.55812
25120.0000 -6.15399
25130.0000 -6.15824
25140.0000 -6.41564
25150.0000 -6.58083
25160.0000 -6.73104
25170.0000 -7.32563
25180.0000 -7.75093
25190.0000 -7.77236
25200.0000 -7.73241
25210.0000 -7.26275
25220.0000 -6.90739
25230.0000 -6.44559
25240.0000 -6.48757
25250.0000 -6.80980
25260.0000 -7.27866
25270.0000 -7.51113
25280.0000 -7.48615
25290.0000 -7.93964
25300.0000 -7.59870
25310.0000 -7.55625
25320.0000 -8.11695
25330.0000 -8.31635
25340.0000 -8.12047
25350.0000 -8.44223
25360.0000 -8.92739
25370.0000 -8.58332
25380.0000 -7.78762
25390.0000 -7.14186
25400.0000 -7.06714
25410.0000 -6.29740
25420.0000 -5.99746
25430.0000 -5.28445
25440.0000 -5.35381
25450.0000 -5.72426
25460.0000 -6.26603
25470.0000 -6.30134
25480.0000 -6.17033
25490.0000 -6.38986
25500.0000 -6.68343
25510.0000 -6.01529
25520.0000 -5.77441
25530.0000 -5.36460
25540.0000 -4.73182
25550.0000 -4.42368
25560.0000 -4.49298
25570.0000 -4.71713
25580.0000 -5.45845
25590.0000 -6.23671
25600.0000 -6.76584
25610.0000 -7.19545
25620.0000 -7.38595
25630.0000 -7.07496
25640.0000 -7.12162
25650.0000 -7.17249
25660.0000 -7.42662
25670.0000 -7.01667
25680.0000 -6.88430
25690.0000 -7.13242
25700.0000 -7.27480
25710.0000 -7.69626
25720.0000 -7.70161
25730.0000 -7.00670
25740.0000 -6.98899
25750.0000 -7.37241
25760.0000 -7.62887
25770.0000 -7.40809
25780.0000 -7.84740
25790.0000 -7.68201
25800.0000 -7.34611
25810.0000 -7.58664
25820.0000 -7.41484
25830.0000 -7.08486
25840.0000 -6.92904
25850.0000 -7.06924
25860.0000 -6.64682
25870.0000 -6.29739
25880.0000 -6.46652
25890.0000 -6.45489
25900.0000 -6.84070
25910.0000 -7.19913
25920.0000 -6.86645
25930.0000 -6.89496
25940.0000 -6.58761
25950.0000 -6.31314
25960.0000 -6.06671
25970.0000 -5.44968
25980.0000 -5.31442
25990.0000 -5.56126
26000.0000 -5.41447
26010.0000 -4.79854
26020.0000 -4.98387
26030.0000 -5.24702
26040.0000 -4.83542
26050.0000 -4.49840
26060.0000 -4.15417
26070.0000 -3.51127
26080.0000 -3.41071
26090.0000 -3.62530
26100.0000 -3.14220
26110.0000 -2.22794
26120.0000 -2.14005
26130.0000 -1.96082
26140.0000 -2.16992
26150.0000 -2.65352
26160.0000 -2.26812
26170.0000 -2.30421
26180.0000 -2.65011
26190.0000 -2.86604
26200.0000 -2.63242
26210.0000 -2.95805
26220.0000 -2.84091
26230.0000 -2.90073
26240.0000 -2.99149
26250.0000 -2.38509
26260.0000 -1.87812
26270.0000 -2.07864
26280.0000 -1.73282
26290.0000 -1.58602
26300.0000 -1.21062
26310.0000 -1.02919
26320.0000 -1.03432
26330.0000 -1.32572
26340.0000 -1.29201
26350.0000 -0.96845
26360.0000 -0.83266
26370.0000 -1.06731
26380.0000 -0.87753
26390.0000 -0.77094
26400.0000 -0.75501
26410.0000 -1.25275
26420.0000 -1.11420
26430.0000 -0.83545
26440.0000 -0.10446
26450.0000 0.13350
26460.0000 -0.06511
26470.0000 0.23411
26480.0000 0.34098
26490.0000 0.86805
26500.0000 0.82564
26510.0000 1.10840
26520.0000 1.12226
26530.0000 1.09206
26540.0000 0.26862
26550.0000 -0.16949
26560.0000 -0.12814
26570.0000 -0.23888
26580.0000 -0.34118
26590.0000 -0.78636
26600.0000 -0.23571
26610.0000 -0.42878
26620.0000 -0.59589
26630.0000 -1.20887
26640.0000 -1.20757
26650.0000 -1.44262
26660.0000 -1.64639
26670.0000 -1.53009
26680.0000 -1.29495
26690.0000 -1.74717
26700.0000 -1.61331
26710.0000 -1.53209
26720.0000 -0.44889
26730.0000 -0.76171
26740.0000 -0.38637
26750.0000 -0.50313
26760.0000 -0.46895
26770.0000 0.03276
26780.0000 0.37971
26790.0000 -0.01292
26800.0000 -0.38012
26810.0000 -0.83667
26820.0000 -0.78203
26830.0000 -0.77901
26840.0000 -0.12177
26850.0000 0.25585
26860.0000 0.99633
26870.0000 0.96423
26880.0000 1.36452
26890.0000 1.53573
26900.0000 1.70269
26910.0000 1.67201
26920.0000 1.17601
26930.0000 1.46267
26940.0000 1.36152
26950.0000 1.39739
26960.0000 1.61185
26970.0000 2.12740
26980.0000 2.39832
26990.0000 2.36454
27000.0000 2.76596
27010.0000 2.30460
27020.0000 1.86474
27030.0000 1.76092
27040.0000 1.75620
27050.0000 1.71835
27060.0000 2.01537
27070.0000 2.13723
27080.0000 2.67243
27090.0000 2.44255
27100.0000 2.38106
27110.0000 2.47451
27120.0000 2.82753
27130.0000 2.85212
27140.0000 3.01876
27150.0000 2.71748
27160.0000 3.47267
27170.0000 3.66721
27180.0000 3.06112
27190.0000 2.33310
27200.0000 2.68398
27210.0000 2.48999
27220.0000 2.56140
27230.0000 2.18224
27240.0000 2.19221
27250.0000 3.19154
27260.0000 2.78926
27270.0000 2.94547
27280.0000 3.55322
27290.0000 3.32484
27300.0000 3.09439
27310.0000 3.30336
27320.0000 2.91317
27330.0000 2.74421
27340.0000 2.68967
27350.0000 2.77784
27360.0000 2.84195
27370.0000 3.08792
27380.0000 2.96486
27390.0000 2.95106
27400.0000 2.32706
27410.0000 2.43566
27420.0000 2.59496
27430.0000 3.35786
27440.0000 3.59610
27450.0000 3.67178
27460.0000 3.50563
27470.0000 3.57518
27480.0000 3.73856
27490.0000 3.80679
27500.0000 4.24787
27510.0000 4.35694
27520.0000 4.33140
27530.0000 3.78813
27540.0000 4.41165
27550.0000 4.22368
27560.0000 4.81922
27570.0000 5.04969
27580.0000 4.59698
27590.0000 4.19963
27600.0000 3.86153
27610.0000 4.04967
27620.0000 4.09915
27630.0000 3.61642
27640.0000 3.67240
27650.0000 3.55058
27660.0000 3.79804
27670.0000 3.87440
27680.0000 4.02772
27690.0000 3.66955
27700.0000 3.34445
27710.0000 3.76281
27720.0000 3.82173
27730.0000 3.56785
27740.0000 4.09095
27750.0000 3.81072
27760.0000 3.65298
27770.0000 3.40713
27780.0000 4.02927
27790.0000 4.23279
27800.0000 3.78637
27810.0000 3.89980
27820.0000 3.74275
27830.0000 3.72215
27840.0000 3.42012
27850.0000 3.40091
27860.0000 3.37998
27870.0000 3.55351
27880.0000 3.52386
27890.0000 4.17349
27900.0000 4.30790
27910.0000 4.72048
27920.0000 4.22939
27930.0000 4.81302
27940.0000 4.86956
27950.0000 4.98763
27960.0000 5.72028
27970.0000 5.50090
27980.0000 5.08436
27990.0000 4.41204
28000.0000 4.39412
28010.0000 4.93571
28020.0000 4.26986
28030.0000 3.75221
28040.0000 3.02992
28050.0000 2.99091
28060.0000 3.26700
28070.0000 2.83395
28080.0000 3.11111
28090.0000 3.11500
28100.0000 3.72721
28110.0000 4.15720
28120.0000 4.84201
28130.0000 5.41546
28140.0000 5.49991
28150.0000 5.84099
28160.0000 5.56464
28170.0000 6.14553
28180.0000 5.98548
28190.0000 6.85563
28200.0000 7.28838
28210.0000 7.29526
28220.0000 7.60088
28230.0000 7.64602
28240.0000 7.83853
28250.0000 8.79526
28260.0000 8.89453
28270.0000 9.28559
28280.0000 9.79204
28290.0000 9.93858
28300.0000 10.03215
28310.0000 10.14797
28320.0000 9.85052
28330.0000 9.42524
28340.0000 9.78532
28350.0000 10.33212
28360.0000 10.33405
28370.0000 10.15774
28380.0000 9.79809
28390.0000 9.65363
28400.0000 10.00646
28410.0000 9.87810
28420.0000 8.93553
28430.0000 9.05600
28440.0000 9.59041
28450.0000 9.55430
28460.0000 10.07513
28470.0000 10.60283
28480.0000 10.48439
28490.0000 10.80984
28500.0000 10.86006
28510.0000 10.53724
28520.0000 11.24068
28530.0000 10.42212
28540.0000 10.18139
28550.0000 10.04426
28560.0000 9.71922
28570.0000 10.11772
28580.0000 9.91506
28590.0000 11.02816
28600.0000 10.94456
28610.0000 10.79204
28620.0000 10.29524
28630.0000 10.02454
28640.0000 9.97235
28650.0000 10.58419
28660.0000 10.68455
28670.0000 10.62851
28680.0000 10.53944
28690.0000 10.42458
28700.0000 10.33746
28710.0000 10.30323
28720.0000 10.07407
28730.0000 9.82965
28740.0000 9.83647
28750.0000 10.45964
28760.0000 10.40272
28770.0000 10.34146
28780.0000 9.91865
28790.0000 10.18835
28800.0000 10.08025
28810.0000 10.33844
28820.0000 10.64578
28830.0000 10.51770
28840.0000 10.91792
28850.0000 11.00032
28860.0000 11.17518
28870.0000 10.93992
28880.0000 11.39547
28890.0000 11.46939
28900.0000 11.85953
28910.0000 12.28748
28920.0000 12.27255
28930.0000 12.82466
28940.0000 13.08039
28950.0000 13.30385
28960.0000 12.59089
28970.0000 12.73088
28980.0000 12.64548
28990.0000 13.52075
29000.0000 13.87020
29010.0000 13.36285
29020.0000 13.16876
29030.0000 13.12625
29040.0000 13.25561
29050.0000 13.01416
29060.0000 12.80031
29070.0000 12.66764
29080.0000 12.72821
29090.0000 12.58370
29100.0000 12.26992
29110.0000 13.20192
29120.0000 13.03542
29130.0000 12.89786
29140.0000 13.11234
29150.0000 12.48523
29160.0000 12.67249
29170.0000 12.33134
29180.0000 11.94471
29190.0000 12.08180
29200.0000 12.28354
29210.0000 13.00629
29220.0000 12.64374
29230.0000 12.96890
29240.0000 12.75584
29250.0000 12.49173
29260.0000 12.18972
29270.0000 12.11744
29280.0000 12.49323
29290.0000 12.37117
29300.0000 12.21977
29310.0000 12.33783
29320.0000 12.51343
29330.0000 12.48435
29340.0000 12.12272
29350.0000 12.53560
29360.0000 12.60685
29370.0000 12.15885
29380.0000 12.18635
29390.0000 12.44171
29400.0000 12.35644
29410.0000 12.59958
29420.0000 12.03797
29430.0000 12.36032
29440.0000 12.54940
29450.0000 12.77605
29460.0000 12.58040
29470.0000 12.05110
29480.0000 11.54368
29490.0000 11.30802
29500.0000 11.39810
29510.0000 11.74131
29520.0000 12.05631
29530.0000 12.58730
29540.0000 12.53493
29550.0000 12.23874
29560.0000 12.12964
29570.0000 12.14882
29580.0000 11.85194
29590.0000 11.94772
29600.0000 12.01356
29610.0000 12.03193
29620.0000 11.80616
29630.0000 12.04590
29640.0000 11.67947
29650.0000 11.91578
29660.0000 11.51534
29670.0000 11.75611
29680.0000 11.99352
29690.0000 11.69387
29700.0000 10.75592
29710.0000 10.39065
29720.0000 10.41883
29730.0000 10.19805
29740.0000 10.51086
29750.0000 10.89655
29760.0000 10.90173
29770.0000 11.19150
29780.0000 10.90688
29790.0000 10.50990
29800.0000 10.42486
29810.0000 10.00134
29820.0000 9.79770
29830.0000 9.82882
29840.0000 9.97119
29850.0000 10.18403
29860.0000 9.98267
29870.0000 9.72729
29880.0000 9.69419
29890.0000 9.73113
29900.0000 8.93937
29910.0000 9.12254
29920.0000 9.57665
29930.0000 9.82064
29940.0000 10.04776
29950.0000 10.68990
29960.0000 11.17815
29970.0000 11.38245
29980.0000 11.00379
29990.0000 10.77243
30000.0000 10.32985
30010.0000 10.36915
30020.0000 10.09080
30030.0000 9.74525
30040.0000 9.98673
30050.0000 10.58156
30060.0000 10.79417
30070.0000 10.61538
30080.0000 10.76910
30090.0000 10.55438
30100.0000 9.87418
30110.0000 9.68066
30120.0000 9.58849
30130.0000 9.49867
30140.0000 10.23697
30150.0000 10.44484
30160.0000 10.28641
30170.0000 10.11878
30180.0000 10.05774
30190.0000 9.98787
30200.0000 9.85478
30210.0000 10.28921
30220.0000 10.56174
30230.0000 10.50480
30240.0000 10.55126
30250.0000 9.74793
30260.0000 9.94984
30270.0000 9.83531
30280.0000 10.40652
30290.0000 10.44455
30300.0000 10.36587
30310.0000 10.12324
30320.0000 9.25850
30330.0000 8.92002
30340.0000 8.98307
30350.0000 9.14822
30360.0000 8.87047
30370.0000 8.64408
30380.0000 8.07020
30390.0000 8.43562
30400.0000 8.13609
30410.0000 8.06053
30420.0000 7.26188
30430.0000 6.58740
30440.0000 6.02359
30450.0000 5.88119
30460.0000 5.94522
30470.0000 5.97189
30480.0000 5.72386
30490.0000 5.27125
30500.0000 5.20204
30510.0000 5.47545
30520.0000 6.09100
30530.0000 5.61999
30540.0000 5.34995
30550.0000 4.83096
30560.0000 5.28020
30570.0000 5.24948
30580.0000 5.25389
30590.0000 5.37015
30600.0000 5.33685
30610.0000 5.35620
30620.0000 4.55214
30630.0000 5.11833
30640.0000 5.49816
30650.0000 4.86794
30660.0000 5.63105
30670.0000 6.07377
30680.0000 5.92800
30690.0000 5.70046
30700.0000 5.27037
30710.0000 5.48588
30720.0000 5.93138
30730.0000 6.32799
30740.0000 6.38483
30750.0000 6.83821
30760.0000 6.43507
30770.0000 6.29249
30780.0000 6.03635
30790.0000 5.29300
30800.0000 5.58893
30810.0000 5.90502
30820.0000 6.01176
30830.0000 6.19185
30840.0000 6.56601
30850.0000 6.92034
30860.0000 7.15492
30870.0000 7.46761
30880.0000 7.73322
30890.0000 7.92300
30900.0000 8.10923
30910.0000 8.17730
30920.0000 8.59786
30930.0000 8.73976
30940.0000 9.07982
30950.0000 9.02179
30960.0000 8.48233
30970.0000 8.00040
30980.0000 7.34481
30990.0000 7.46591
31000.0000 7.58986
31010.0000 7.86509
31020.0000 8.27350
31030.0000 8.37548
31040.0000 7.81044
31050.0000 8.56463
31060.0000 8.76900
31070.0000 8.32244
31080.0000 7.92331
31090.0000 8.05133
31100.0000 7.99880
31110.0000 7.37918
31120.0000 7.55459
31130.0000 8.10934
31140.0000 8.22801
31150.0000 7.93220
31160.0000 7.52920
31170.0000 7.44710
31180.0000 8.15925
31190.0000 8.94965
31200.0000 8.98308
31210.0000 9.24324
31220.0000 9.78718
31230.0000 9.56443
31240.0000 9.28959
31250.0000 9.26510
31260.0000 9.37173
31270.0000 8.94757
31280.0000 9.22044
31290.0000 9.30279
31300.0000 8.75780
31310.0000 8.90897
31320.0000 8.78800
31330.0000 8.85208
31340.0000 9.84232
31350.0000 10.15548
31360.0000 11.11047
31370.0000 10.85953
31380.0000 11.44162
31390.0000 11.52636
31400.0000 11.46782
31410.0000 11.40783
31420.0000 12.00680
31430.0000 12.55954
31440.0000 12.94022
31450.0000 13.10247
31460.0000 12.35232
31470.0000 12.04140
31480.0000 11.82911
31490.0000 11.60155
31500.0000 11.68240
31510.0000 11.40871
31520.0000 10.63605
31530.0000 9.69966
31540.0000 10.22084
31550.0000 10.96514
31560.0000 10.97726
31570.0000 11.65904
31580.0000 12.16288
31590.0000 12.02998
31600.0000 11.75535
31610.0000 11.39827
31620.0000 11.91971
31630.0000 11.68925
31640.0000 11.49456
31650.0000 11.51021
31660.0000 11.16460
31670.0000 11.15844
31680.0000 11.32172
31690.0000 10.24134
31700.0000 10.40485
31710.0000 10.73004
31720.0000 11.08103
31730.0000 10.69023
31740.0000 10.40425
31750.0000 10.57990
31760.0000 10.82731
31770.0000 10.40479
31780.0000 10.57845
31790.0000 9.44064
31800.0000 9.34189
31810.0000 9.26004
31820.0000 8.68528
31830.0000 8.07347
31840.0000 7.88735
31850.0000 7.56922
31860.0000 7.23477
31870.0000 6.54874
31880.0000 6.76210
31890.0000 6.56910
31900.0000 6.86657
31910.0000 6.59779
31920.0000 6.30094
31930.0000 6.48440
31940.0000 6.75121
31950.0000 7.20151
31960.0000 7.44005
31970.0000 7.66295
31980.0000 8.02296
31990.0000 7.88367
32000.0000 7.66925
32010.0000 7.37348
32020.0000 7.63013
32030.0000 7.14845
32040.0000 7.25453
32050.0000 6.64205
32060.0000 7.17494
32070.0000 6.82334
32080.0000 6.74198
32090.0000 7.17355
32100.0000 6.94981
32110.0000 6.95876
32120.0000 7.15673
32130.0000 7.12843
32140.0000 6.99124
32150.0000 6.38530
32160.0000 6.38694
32170.0000 6.76328
32180.0000 6.87743
32190.0000 7.26137
32200.0000 7.96565
32210.0000 7.69925
32220.0000 7.09229
32230.0000 6.64318
32240.0000 6.21860
32250.0000 6.35471
32260.0000 5.78522
32270.0000 5.32935
32280.0000 4.61699
32290.0000 4.95721
32300.0000 4.57945
32310.0000 4.23479
32320.0000 4.65372
32330.0000 4.78076
32340.0000 5.07746
32350.0000 5.89062
32360.0000 5.78308
32370.0000 5.76599
32380.0000 5.47132
32390.0000 5.39015
32400.0000 4.92829
32410.0000 4.95335
32420.0000 5.13309
32430.0000 5.03107
32440.0000 4.32468
32450.0000 4.28380
32460.0000 3.81203
32470.0000 3.97398
32480.0000 4.03559
32490.0000 4.45412
32500.0000 5.05461
32510.0000 5.12019
32520.0000 5.11263
32530.0000 5.25845
32540.0000 5.53865
32550.0000 5.57133
32560.0000 6.12377
32570.0000 6.19415
32580.0000 6.22530
32590.0000 5.68857
32600.0000 5.64537
32610.0000 5.51740
32620.0000 6.17678
32630.0000 6.31628
32640.0000 6.11593
32650.0000 6.65886
32660.0000 6.53400
32670.0000 6.91674
32680.0000 7.25708
32690.0000 7.44384
32700.0000 7.29514
32710.0000 7.36979
32720.0000 7.51270
32730.0000 7.12594
32740.0000 7.06636
32750.0000 6.85284
32760.0000 6.36328
32770.0000 6.18867
32780.0000 6.67017
32790.0000 7.00864
32800.0000 7.08803
32810.0000 6.94743
32820.0000 6.68233
32830.0000 6.19709
32840.0000 5.44326
32850.0000 4.96649
32860.0000 4.83767
32870.0000 3.96771
32880.0000 4.12923
32890.0000 3.81290
32900.0000 3.48066
32910.0000 3.16637
32920.0000 2.85134
32930.0000 2.56554
32940.0000 2.25105
32950.0000 2.18696
32960.0000 2.40410
32970.0000 2.00514
32980.0000 2.18096
32990.0000 2.13886
33000.0000 1.92969
33010.0000 1.83128
33020.0000 2.35701
33030.0000 2.43773
33040.0000 2.39081
33050.0000 2.42271
33060.0000 2.03061
33070.0000 1.71850
33080.0000 1.62174
33090.0000 1.80880
33100.0000 2.03708
33110.0000 1.47282
33120.0000 1.42445
33130.0000 0.84986
33140.0000 1.04177
33150.0000 0.57064
33160.0000 0.72817
33170.0000 0.06703
33180.0000 -0.38625
33190.0000 -0.46158
33200.0000 -1.23678
33210.0000 -1.73051
33220.0000 -1.89015
33230.0000 -1.52614
33240.0000 -0.86576
33250.0000 -0.61461
33260.0000 -0.12918
33270.0000 -0.30627
33280.0000 0.06612
33290.0000 -0.39126
33300.0000 -0.44555
33310.0000 -0.14803
33320.0000 0.17538
33330.0000 0.58045
33340.0000 0.55558
33350.0000 0.60293
33360.0000 0.80919
33370.0000 0.73127
33380.0000 0.60832
33390.0000 0.78404
33400.0000 0.62079
33410.0000 0.56966
33420.0000 0.00978
33430.0000 -0.85699
33440.0000 -0.82004
33450.0000 -1.32588
33460.0000 -1.08405
33470.0000 -1.35552
33480.0000 -1.48495
33490.0000 -2.17764
33500.0000 -2.41989
33510.0000 -2.60540
33520.0000 -2.56796
33530.0000 -3.50752
33540.0000 -3.91776
33550.0000 -3.74487
33560.0000 -3.24463
33570.0000 -2.55105
33580.0000 -2.60437
33590.0000 -2.91194
33600.0000 -2.66151
33610.0000 -2.63822
33620.0000 -2.52837
33630.0000 -2.17141
33640.0000 -2.01269
33650.0000 -1.46229
33660.0000 -1.67037
33670.0000 -1.99706
33680.0000 -2.00906
33690.0000 -1.90750
33700.0000 -1.79134
33710.0000 -2.02558
33720.0000 -2.23698
33730.0000 -2.48160
33740.0000 -2.42535
33750.0000 -2.50802
33760.0000 -2.82513
33770.0000 -2.88642
33780.0000 -2.02608
33790.0000 -1.66383
33800.0000 -1.78941
33810.0000 -1.41981
33820.0000 -1.59395
33830.0000 -1.50922
33840.0000 -0.98698
33850.0000 -1.51771
33860.0000 -1.79418
33870.0000 -2.46945
33880.0000 -2.80315
33890.0000 -2.73762
33900.0000 -3.10182
33910.0000 -2.72907
33920.0000 -2.57080
33930.0000 -2.24544
33940.0000 -2.42009
33950.0000 -1.88965
33960.0000 -2.02918
33970.0000 -1.99179
33980.0000 -2.19045
33990.0000 -2.42677
34000.0000 -2.65653
34010.0000 -3.07103
34020.0000 -3.03785
34030.0000 -3.15495
34040.0000 -2.84539
34050.0000 -3.06260
34060.0000 -2.72502
34070.0000 -2.34278
34080.0000 -1.85719
34090.0000 -1.98132
34100.0000 -1.74319
34110.0000 -2.10186
34120.0000 -1.82466
34130.0000 -1.38047
34140.0000 -1.62614
34150.0000 -1.59356
34160.0000 -1.29823
34170.0000 -1.15377
34180.0000 -1.03055
34190.0000 -0.94838
34200.0000 -0.97736
34210.0000 -1.31808
34220.0000 -1.15780
34230.0000 -1.08602
34240.0000 -1.61059
34250.0000 -1.74101
34260.0000 -1.52399
34270.0000 -1.69127
34280.0000 -1.79626
34290.0000 -2.05843
34300.0000 -1.86270
34310.0000 -1.44761
34320.0000 -1.80908
34330.0000 -1.39816
34340.0000 -1.60190
34350.0000 -1.08565
34360.0000 -0.68582
34370.0000 -0.80206
34380.0000 -1.05441
34390.0000 -1.25976
34400.0000 -0.93784
34410.0000 -0.45227
34420.0000 -0.31555
34430.0000 -0.40491
34440.0000 -0.21079
34450.0000 -0.35904
34460.0000 0.13489
34470.0000 -0.56310
34480.0000 -0.34767
34490.0000 -0.82179
34500.0000 -0.89464
34510.0000 -1.75093
34520.0000 -2.08503
34530.0000 -1.82603
34540.0000 -1.59644
34550.0000 -1.69009
34560.0000 -1.44882
34570.0000 -0.88470
34580.0000 -0.44878
34590.0000 -0.68772
34600.0000 -0.40227
34610.0000 -0.50671
34620.0000 0.16995
34630.0000 -0.10758
34640.0000 -0.13231
34650.0000 -0.68132
34660.0000 -0.98957
34670.0000 -1.47796
34680.0000 -1.23175
34690.0000 -1.45069
34700.0000 -1.24051
34710.0000 -1.03921
34720.0000 -1.62696
34730.0000 -1.76752
34740.0000 -2.05683
34750.0000 -1.95644
34760.0000 -2.26103
34770.0000 -2.48669
34780.0000 -2.96710
34790.0000 -3.17539
34800.0000 -3.37006
34810.0000 -3.23781
34820.0000 -3.32912
34830.0000 -3.21896
34840.0000 -3.44390
34850.0000 -3.65669
34860.0000 -3.19608
34870.0000 -3.06117
34880.0000 -3.35701
34890.0000 -4.17704
34900.0000 -5.03330
34910.0000 -5.44277
34920.0000 -5.36450
34930.0000 -4.90214
34940.0000 -4.66008
34950.0000 -4.87201
34960.0000 -5.11532
34970.0000 -4.86367
34980.0000 -4.41603
34990.0000 -4.84770
35000.0000 -4.46906
35010.0000 -5.13214
35020.0000 -4.94382
35030.0000 -4.39062
35040.0000 -3.76935
35050.0000 -3.60183
35060.0000 -3.58012
35070.0000 -3.78549
35080.0000 -3.68629
35090.0000 -3.48989
35100.0000 -3.74156
35110.0000 -4.20822
35120.0000 -4.19938
35130.0000 -4.84474
35140.0000 -5.26011
35150.0000 -5.28967
35160.0000 -5.50452
35170.0000 -4.93053
35180.0000 -5.41190
35190.0000 -5.13161
35200.0000 -5.45813
35210.0000 -6.07740
35220.0000 -6.63913
35230.0000 -6.55895
35240.0000 -6.56606
35250.0000 -7.02661
35260.0000 -6.69019
35270.0000 -6.97725
35280.0000 -7.42195
35290.0000 -7.60248
35300.0000 -7.81227
35310.0000 -7.62993
35320.0000 -7.31452
35330.0000 -7.34807
35340.0000 -8.21984
35350.0000 -8.54890
35360.0000 -7.97575
35370.0000 -8.19800
35380.0000 -8.18498
35390.0000 -8.23105
35400.0000 -7.72457
35410.0000 -7.49348
35420.0000 -7.54647
35430.0000 -7.70153
35440.0000 -7.47463
35450.0000 -7.34657
35460.0000 -7.35783
35470.0000 -7.59917
35480.0000 -7.47364
35490.0000 -7.28601
35500.0000 -7.17108
35510.0000 -7.32291
35520.0000 -7.27188
35530.0000 -7.34480
35540.0000 -6.75190
35550.0000 -6.84088
35560.0000 -7.12351
35570.0000 -6.14551
35580.0000 -5.54459
35590.0000 -5.43042
35600.0000 -6.01632
35610.0000 -5.77042
35620.0000 -5.73050
35630.0000 -5.82816
35640.0000 -5.47009
35650.0000 -5.93052
35660.0000 -6.44788
35670.0000 -6.07453
35680.0000 -6.09365
35690.0000 -5.66542
35700.0000 -6.04297
35710.0000 -6.62899
35720.0000 -6.81066
35730.0000 -7.10289
35740.0000 -6.97596
35750.0000 -6.93168
35760.0000 -6.92557
35770.0000 -6.36563
35780.0000 -6.50573
35790.0000 -6.28605
35800.0000 -5.64508
35810.0000 -5.48008
35820.0000 -5.23067
35830.0000 -4.99583
35840.0000 -4.59007
35850.0000 -4.48364
35860.0000 -4.57688
35870.0000 -4.52198
35880.0000 -4.61144
35890.0000 -4.98491
35900.0000 -4.64474
35910.0000 -4.89223
35920.0000 -5.18658
35930.0000 -5.66601
35940.0000 -4.67246
35950.0000 -5.16033
35960.0000 -5.30484
35970.0000 -5.50363
35980.0000 -5.63385
35990.0000 -5.55783
36000.0000 -6.07791
36010.0000 -6.02704
36020.0000 -5.66672
36030.0000 -4.74928
36040.0000 -4.50205
36050.0000 -5.03065
36060.0000 -5.21308
36070.0000 -5.45581
36080.0000 -5.38152
36090.0000 -5.45990
36100.0000 -5.80154
36110.0000 -5.66042
36120.0000 -5.13829
36130.0000 -5.41091
36140.0000 -5.89881
36150.0000 -6.49921
36160.0000 -6.77867
36170.0000 -7.01326
36180.0000 -7.14122
36190.0000 -7.09906
36200.0000 -6.70870
36210.0000 -6.34141
36220.0000 -6.87502
36230.0000 -6.92214
36240.0000 -7.48677
36250.0000 -7.14743
36260.0000 -7.12538
36270.0000 -7.19871
36280.0000 -7.56282
36290.0000 -7.16995
36300.0000 -6.72604
36310.0000 -6.80207
36320.0000 -5.84396
36330.0000 -6.02555
36340.0000 -5.55668
36350.0000 -5.80162
36360.0000 -5.63350
36370.0000 -5.38016
36380.0000 -4.94875
36390.0000 -4.59835
36400.0000 -5.08407
36410.0000 -4.64240
36420.0000 -4.73263
36430.0000 -4.91060
36440.0000 -5.04006
36450.0000 -4.45535
36460.0000 -4.26437
36470.0000 -4.93611
36480.0000 -5.95866
36490.0000 -6.15900
36500.0000 -5.77672
36510.0000 -6.07771
36520.0000 -6.21718
36530.0000 -6.06414
36540.0000 -6.63550
36550.0000 -6.65096
36560.0000 -6.57050
36570.0000 -6.38009
36580.0000 -6.40653
36590.0000 -6.03627
36600.0000 -6.56962
36610.0000 -6.46541
36620.0000 -6.66441
36630.0000 -7.05467
36640.0000 -6.93235
36650.0000 -7.24696
36660.0000 -6.79503
36670.0000 -6.26605
36680.0000 -6.36885
36690.0000 -5.74901
36700.0000 -5.79641
36710.0000 -5.13558
36720.0000 -4.84095
36730.0000 -5.03740
36740.0000 -5.10004
36750.0000 -5.10321
36760.0000 -4.97481
36770.0000 -4.84549
36780.0000 -4.43677
36790.0000 -3.99056
36800.0000 -3.86763
36810.0000 -4.14408
36820.0000 -4.09248
36830.0000 -5.01632
36840.0000 -4.47208
36850.0000 -4.30201
36860.0000 -4.04929
36870.0000 -4.07994
36880.0000 -3.50710
36890.0000 -3.77139
36900.0000 -2.93709
36910.0000 -3.01660
36920.0000 -3.55212
36930.0000 -3.62342
36940.0000 -4.05347
36950.0000 -3.94345
36960.0000 -4.26069
36970.0000 -4.53908
36980.0000 -4.47410
36990.0000 -4.42688
37000.0000 -4.54159
37010.0000 -4.56946
37020.0000 -4.97034
37030.0000 -5.09851
37040.0000 -4.70455
37050.0000 -5.54536
37060.0000 -5.30723
37070.0000 -5.42026
37080.0000 -5.30617
37090.0000 -5.33804
37100.0000 -5.30899
37110.0000 -5.61829
37120.0000 -6.07021
37130.0000 -6.29837
37140.0000 -6.19682
37150.0000 -5.96821
37160.0000 -5.69639
37170.0000 -5.08080
37180.0000 -5.12897
37190.0000 -5.31743
37200.0000 -5.62924
37210.0000 -5.86430
37220.0000 -5.28355
37230.0000 -5.11181
37240.0000 -5.01243
37250.0000 -5.81539
37260.0000 -5.96205
37270.0000 -6.46347
37280.0000 -6.21114
37290.0000 -5.68880
37300.0000 -5.74341
37310.0000 -6.36399
37320.0000 -6.70476
37330.0000 -7.48081
37340.0000 -7.60812
37350.0000 -7.60062
37360.0000 -7.31394
37370.0000 -7.28387
37380.0000 -7.86940
37390.0000 -7.44829
37400.0000 -7.23241
37410.0000 -6.81880
37420.0000 -6.09165
37430.0000 -5.86453
37440.0000 -6.11184
37450.0000 -6.01392
37460.0000 -5.54658
37470.0000 -5.03158
37480.0000 -5.32176
37490.0000 -5.99015
37500.0000 -6.54186
37510.0000 -5.86964
37520.0000 -6.01628
37530.0000 -5.05646
37540.0000 -4.75118
37550.0000 -4.37670
37560.0000 -4.66694
37570.0000 -5.24889
37580.0000 -4.76514
37590.0000 -4.48768
37600.0000 -4.76402
37610.0000 -4.03635
37620.0000 -4.13726
37630.0000 -4.43557
37640.0000 -4.53987
37650.0000 -5.25851
37660.0000 -5.05664
37670.0000 -5.37883
37680.0000 -5.56187
37690.0000 -5.67052
37700.0000 -5.85331
37710.0000 -6.08141
37720.0000 -5.70303
37730.0000 -5.29146
37740.0000 -5.13975
37750.0000 -4.84957
37760.0000 -4.73975
37770.0000 -4.70250
37780.0000 -4.43189
37790.0000 -4.59187
37800.0000 -5.23326
37810.0000 -5.44874
37820.0000 -5.54328
37830.0000 -5.60048
37840.0000 -5.91526
37850.0000 -5.87213
37860.0000 -5.85977
37870.0000 -6.02931
37880.0000 -6.17099
37890.0000 -6.40796
37900.0000 -6.65208
37910.0000 -6.63921
37920.0000 -5.96002
37930.0000 -5.26302
37940.0000 -4.78081
37950.0000 -4.67447
37960.0000 -5.59430
37970.0000 -5.29682
37980.0000 -4.44057
37990.0000 -4.03766
38000.0000 -4.34783
38010.0000 -4.81352
38020.0000 -5.05303
38030.0000 -4.65767
38040.0000 -3.96527
38050.0000 -3.69018
38060.0000 -3.48654
38070.0000 -3.38516
38080.0000 -4.02529
38090.0000 -3.53003
38100.0000 -3.39219
38110.0000 -3.80865
38120.0000 -3.92315
38130.0000 -4.01348
38140.0000 -3.93442
38150.0000 -3.85548
38160.0000 -3.67631
38170.0000 -3.66825
38180.0000 -3.87455
38190.0000 -4.29836
38200.0000 -4.02516
38210.0000 -4.05860
38220.0000 -4.11760
38230.0000 -4.72381
38240.0000 -4.31917
38250.0000 -4.32854
38260.0000 -4.61440
38270.0000 -4.42975
38280.0000 -5.00690
38290.0000 -4.93744
38300.0000 -4.64241
38310.0000 -4.49071
38320.0000 -4.44084
38330.0000 -4.76325
38340.0000 -4.99137
38350.0000 -4.58053
38360.0000 -4.28989
38370.0000 -3.88171
38380.0000 -3.53572
38390.0000 -2.53304
38400.0000 -2.47381
38410.0000 -1.60538
38420.0000 -1.43270
38430.0000 -1.62609
38440.0000 -1.60405
38450.0000 -1.34311
38460.0000 -1.76942
38470.0000 -1.99650
38480.0000 -1.79234
38490.0000 -1.83072
38500.0000 -2.45756
38510.0000 -2.42826
38520.0000 -1.79044
38530.0000 -1.80886
38540.0000 -1.41166
38550.0000 -2.14773
38560.0000 -2.12970
38570.0000 -1.66674
38580.0000 -1.06257
38590.0000 -1.56857
38600.0000 -1.97191
38610.0000 -2.50276
38620.0000 -3.21222
38630.0000 -4.06844
38640.0000 -4.11348
38650.0000 -4.04533
38660.0000 -3.73804
38670.0000 -4.10934
38680.0000 -3.35495
38690.0000 -2.92496
38700.0000 -2.50593
38710.0000 -2.59795
38720.0000 -2.84762
38730.0000 -3.14476
38740.0000 -3.16285
38750.0000 -3.26879
38760.0000 -3.13184
38770.0000 -3.21100
38780.0000 -2.85506
38790.0000 -2.71449
38800.0000 -2.37921
38810.0000 -1.70701
38820.0000 -1.70351
38830.0000 -2.41038
38840.0000 -2.91733
38850.0000 -3.06034
38860.0000 -3.06642
38870.0000 -2.36849
38880.0000 -2.65107
38890.0000 -2.29379
38900.0000 -1.58908
38910.0000 -0.71345
38920.0000 -0.34478
38930.0000 0.33044
38940.0000 0.42744
38950.0000 1.09161
38960.0000 1.15705
38970.0000 1.06744
38980.0000 0.74229
38990.0000 0.49207
39000.0000 0.67729
39010.0000 1.18542
39020.0000 1.55716
39030.0000 0.94073
39040.0000 0.83064
39050.0000 0.38130
39060.0000 0.17234
39070.0000 -0.16425
39080.0000 0.48881
39090.0000 -0.22544
39100.0000 -1.00381
39110.0000 -0.37672
39120.0000 -0.79763
39130.0000 -0.51521
39140.0000 -0.64586
39150.0000 -1.46027
39160.0000 -1.30095
39170.0000 -1.54786
39180.0000 -1.67976
39190.0000 -1.77724
39200.0000 -2.09319
39210.0000 -2.17259
39220.0000 -2.07048
39230.0000 -1.70958
39240.0000 -2.11152
39250.0000 -2.03391
39260.0000 -1.82090
39270.0000 -2.48735
39280.0000 -2.50974
39290.0000 -2.79143
39300.0000 -3.38491
39310.0000 -2.95709
39320.0000 -3.16788
39330.0000 -3.81510
39340.0000 -3.29928
39350.0000 -3.66946
39360.0000 -4.25076
39370.0000 -3.94916
39380.0000 -5.11698
39390.0000 -5.61538
39400.0000 -6.38110
39410.0000 -6.37452
39420.0000 -6.46354
39430.0000 -5.48469
39440.0000 -5.60644
39450.0000 -4.72867
39460.0000 -4.02477
39470.0000 -3.46650
39480.0000 -3.73189
39490.0000 -3.73186
39500.0000 -4.10349
39510.0000 -3.79981
39520.0000 -3.11671
39530.0000 -3.21931
39540.0000 -3.13555
39550.0000 -3.01105
39560.0000 -3.27288
39570.0000 -3.47809
39580.0000 -3.08215
39590.0000 -2.81078
39600.0000 -2.96823
39610.0000 -2.76066
39620.0000 -2.73673
39630.0000 -3.19946
39640.0000 -3.37252
39650.0000 -2.95098
39660.0000 -2.31219
39670.0000 -2.54761
39680.0000 -3.04551
39690.0000 -2.63605
39700.0000 -2.16393
39710.0000 -2.29761
39720.0000 -2.12274
39730.0000 -2.84846
39740.0000 -2.66119
39750.0000 -2.64482
39760.0000 -2.38017
39770.0000 -2.02565
39780.0000 -1.73333
39790.0000 -1.76105
39800.0000 -2.19514
39810.0000 -1.77245
39820.0000 -1.64692
39830.0000 -1.76945
39840.0000 -1.47813
39850.0000 -1.31702
39860.0000 -1.89770
39870.0000 -2.44389
39880.0000 -2.89996
39890.0000 -3.45335
39900.0000 -3.37249
39910.0000 -2.78215
39920.0000 -2.68695
39930.0000 -2.71944
39940.0000 -2.00435
39950.0000 -2.32092
39960.0000 -2.13705
39970.0000 -2.08921
39980.0000 -2.22193
39990.0000 -1.81993
40000.0000 -2.00220
40010.0000 -2.08802
40020.0000 -2.04012
40030.0000 -2.12176
40040.0000 -2.94060
40050.0000 -2.44904
40060.0000 -2.62032
40070.0000 -2.67365
40080.0000 -2.03676
40090.0000 -1.97125
40100.0000 -2.34811
40110.0000 -2.60185
40120.0000 -2.37645
40130.0000 -2.79966
40140.0000 -2.73894
40150.0000 -2.50269
40160.0000 -1.46953
40170.0000 -1.37472
40180.0000 -1.25318
40190.0000 -1.27471
40200.0000 -1.20808
40210.0000 -1.59073
40220.0000 -1.54296
40230.0000 -1.13878
40240.0000 -0.91867
40250.0000 -0.91011
40260.0000 -1.24376
40270.0000 -1.16572
40280.0000 -0.96975
40290.0000 -0.70996
40300.0000 -0.56486
40310.0000 -1.01389
40320.0000 -1.35538
40330.0000 -1.39412
40340.0000 -1.59017
40350.0000 -1.33226
40360.0000 -0.86317
40370.0000 -0.77248
40380.0000 -0.71923
40390.0000 -0.73801
40400.0000 -0.55138
40410.0000 -0.07194
40420.0000 0.30560
40430.0000 0.71286
40440.0000 0.25431
40450.0000 -0.15775
40460.0000 -1.67642
40470.0000 -2.17116
40480.0000 -1.78172
40490.0000 -2.03033
40500.0000 -2.44546
40510.0000 -2.04896
40520.0000 -1.38238
40530.0000 -1.00357
40540.0000 -0.74406
40550.0000 -1.31854
40560.0000 -1.09466
40570.0000 -1.56784
40580.0000 -1.90089
40590.0000 -1.30230
40600.0000 -1.76228
40610.0000 -2.11881
40620.0000 -2.43398
40630.0000 -2.53131
40640.0000 -2.12810
40650.0000 -2.24586
40660.0000 -2.07234
40670.0000 -1.83805
40680.0000 -1.83981
40690.0000 -1.01279
40700.0000 -0.68674
40710.0000 -0.87939
40720.0000 -1.10013
40730.0000 -1.29566
40740.0000 -1.05668
40750.0000 -0.83293
40760.0000 -0.61095
40770.0000 -0.30891
40780.0000 -0.69639
40790.0000 -0.71268
40800.0000 -0.85039
40810.0000 -1.29330
40820.0000 -1.71139
40830.0000 -2.10203
40840.0000 -1.77000
40850.0000 -2.04208
40860.0000 -2.29566
40870.0000 -2.84189
40880.0000 -2.75930
40890.0000 -2.53052
40900.0000 -2.52912
40910.0000 -2.47633
40920.0000 -2.52307
40930.0000 -2.32364
40940.0000 -2.13414
40950.0000 -2.61408
40960.0000 -2.76459
40970.0000 -2.71304
40980.0000 -2.48104
40990.0000 -2.48967
41000.0000 -2.55053
41010.0000 -2.76500
41020.0000 -3.87460
41030.0000 -4.11164
41040.0000 -4.01850
41050.0000 -3.81816
41060.0000 -4.33781
41070.0000 -4.48980
41080.0000 -4.23163
41090.0000 -4.11279
41100.0000 -3.99369
41110.0000 -4.01412
41120.0000 -3.41845
41130.0000 -3.23186
41140.0000 -3.38809
41150.0000 -3.90153
41160.0000 -4.18152
41170.0000 -3.75837
41180.0000 -4.04441
41190.0000 -4.43628
41200.0000 -4.41216
41210.0000 -4.66136
41220.0000 -4.66110
41230.0000 -4.60458
41240.0000 -4.15755
41250.0000 -3.80813
41260.0000 -3.92067
41270.0000 -4.04431
41280.0000 -4.21395
41290.0000 -4.00228
41300.0000 -3.92299
41310.0000 -3.90116
41320.0000 -4.02386
41330.0000 -4.07856
41340.0000 -4.52204
41350.0000 -4.18532
41360.0000 -4.41379
41370.0000 -4.59248
41380.0000 -4.46562
41390.0000 -4.31322
41400.0000 -4.13815
41410.0000 -3.89345
41420.0000 -3.39505
41430.0000 -3.07306
41440.0000 -2.76201
41450.0000 -2.07073
41460.0000 -2.14416
41470.0000 -1.75098
41480.0000 -2.00701
41490.0000 -2.16389
41500.0000 -2.93689
41510.0000 -2.92520
41520.0000 -2.70192
41530.0000 -2.23455
41540.0000 -2.11798
41550.0000 -1.36434
41560.0000 -1.48831
41570.0000 -1.80855
41580.0000 -1.34415
41590.0000 -1.11881
41600.0000 -0.83518
41610.0000 -0.20041
41620.0000 -0.26367
41630.0000 -0.36499
41640.0000 -0.32755
41650.0000 -0.41322
41660.0000 -0.18698
41670.0000 -0.08790
41680.0000 0.16591
41690.0000 0.04562
41700.0000 -0.41262
41710.0000 -0.51124
41720.0000 -0.23319
41730.0000 -0.48821
41740.0000 -0.86737
41750.0000 -1.39278
41760.0000 -1.42186
41770.0000 -1.07948
41780.0000 -0.78732
41790.0000 -0.83233
41800.0000 -1.18198
41810.0000 -0.90888
41820.0000 -0.41252
41830.0000 -0.67461
41840.0000 -0.86285
41850.0000 -0.68465
41860.0000 -0.64335
41870.0000 -0.76034
41880.0000 -1.35018
41890.0000 -0.81051
41900.0000 -1.02701
41910.0000 -1.42902
41920.0000 -1.32907
41930.0000 -1.43372
41940.0000 -1.56275
41950.0000 -1.43842
41960.0000 -1.38619
41970.0000 -1.78844
41980.0000 -2.18999
41990.0000 -2.26509
42000.0000 -1.67981
42010.0000 -1.59051
42020.0000 -1.76555
42030.0000 -2.46981
42040.0000 -2.61139
42050.0000 -2.77391
42060.0000 -2.58304
42070.0000 -2.41408
42080.0000 -2.65159
42090.0000 -2.67877
42100.0000 -2.47493
42110.0000 -2.20803
42120.0000 -2.78107
42130.0000 -2.74405
42140.0000 -2.53897
42150.0000 -2.66459
42160.0000 -3.08657
42170.0000 -3.32487
42180.0000 -3.62899
42190.0000 -3.54230
42200.0000 -3.17771
42210.0000 -3.44658
42220.0000 -3.50089
42230.0000 -3.38642
42240.0000 -3.25278
42250.0000 -3.38390
42260.0000 -3.89478
42270.0000 -4.04105
42280.0000 -3.96510
42290.0000 -3.49145
42300.0000 -3.37112
42310.0000 -2.58415
42320.0000 -2.58445
42330.0000 -2.71594
42340.0000 -2.60963
42350.0000 -3.32527
42360.0000 -3.62951
42370.0000 -3.75533
42380.0000 -4.30633
42390.0000 -4.42369
42400.0000 -4.41979
42410.0000 -4.26703
42420.0000 -4.29443
42430.0000 -3.84614
42440.0000 -3.95541
42450.0000 -3.99549
42460.0000 -3.64150
42470.0000 -4.05548
42480.0000 -4.01073
42490.0000 -3.92402
42500.0000 -3.50139
42510.0000 -3.24647
42520.0000 -2.88929
42530.0000 -2.66781
42540.0000 -2.47326
42550.0000 -2.35863
42560.0000 -2.45347
42570.0000 -2.62522
42580.0000 -2.66912
42590.0000 -3.25777
42600.0000 -3.18197
42610.0000 -3.68221
42620.0000 -4.09164
42630.0000 -4.03244
42640.0000 -4.12763
42650.0000 -3.97073
42660.0000 -4.33328
42670.0000 -4.79245
42680.0000 -4.09037
42690.0000 -3.35145
42700.0000 -3.85540
42710.0000 -3.83909
42720.0000 -3.55370
42730.0000 -2.88787
42740.0000 -2.95948
42750.0000 -3.05567
42760.0000 -3.21620
42770.0000 -2.92847
42780.0000 -3.60506
42790.0000 -4.27363
42800.0000 -4.12100
42810.0000 -3.76969
42820.0000 -3.24016
42830.0000 -3.20883
42840.0000 -3.48814
42850.0000 -3.07020
42860.0000 -3.45650
42870.0000 -3.60861
42880.0000 -3.50693
42890.0000 -3.75382
42900.0000 -3.52769
42910.0000 -3.28431
42920.0000 -3.24799
42930.0000 -3.43825
42940.0000 -3.29638
42950.0000 -3.32028
42960.0000 -3.66816
42970.0000 -3.63428
42980.0000 -3.60942
42990.0000 -3.60661
43000.0000 -3.79407
43010.0000 -4.03429
43020.0000 -3.95211
43030.0000 -4.60529
43040.0000 -4.67328
43050.0000 -5.09129
43060.0000 -4.90860
43070.0000 -4.87504
43080.0000 -5.39459
43090.0000 -5.70782
43100.0000 -5.84482
43110.0000 -5.53717
43120.0000 -4.99848
43130.0000 -4.71404
43140.0000 -4.16838
43150.0000 -4.52511
43160.0000 -4.98535
43170.0000 -4.80115
43180.0000 -5.24946
43190.0000 -5.56882
43200.0000 -5.45572
43210.0000 -5.93908
43220.0000 -6.43379
43230.0000 -6.98392
43240.0000 -7.44739
43250.0000 -7.42644
43260.0000 -7.08794
43270.0000 -7.39503
43280.0000 -7.35862
43290.0000 -7.09129
43300.0000 -7.79335
43310.0000 -7.67081
43320.0000 -7.86532
43330.0000 -8.64092
43340.0000 -8.95335
43350.0000 -8.34407
43360.0000 -8.28360
43370.0000 -8.40752
43380.0000 -8.43862
43390.0000 -8.96934
43400.0000 -8.82871
43410.0000 -8.54386
43420.0000 -8.53940
43430.0000 -8.87098
43440.0000 -9.03471
43450.0000 -8.64340
43460.0000 -8.72143
43470.0000 -8.53509
43480.0000 -7.93239
43490.0000 -7.13218
43500.0000 -6.45201
43510.0000 -6.17444
43520.0000 -6.50176
43530.0000 -7.13344
43540.0000 -6.66837
43550.0000 -6.25675
43560.0000 -6.00498
43570.0000 -6.01901
43580.0000 -5.74995
43590.0000 -5.25165
43600.0000 -5.53961
43610.0000 -5.29124
43620.0000 -6.04340
43630.0000 -6.06121
43640.0000 -5.69418
43650.0000 -5.69877
43660.0000 -5.00198
43670.0000 -4.37025
43680.0000 -4.17788
43690.0000 -3.93477
43700.0000 -3.89450
43710.0000 -3.77539
43720.0000 -3.30704
43730.0000 -3.01934
43740.0000 -3.23267
43750.0000 -3.07843
43760.0000 -2.52362
43770.0000 -2.66495
43780.0000 -1.92358
43790.0000 -1.54499
43800.0000 -1.67660
43810.0000 -1.75866
43820.0000 -2.62554
43830.0000 -3.03238
43840.0000 -4.02203
43850.0000 -4.34539
43860.0000 -4.41696
43870.0000 -4.36263
43880.0000 -4.75608
43890.0000 -4.83964
43900.0000 -4.79021
43910.0000 -4.52663
43920.0000 -4.69987
43930.0000 -4.56502
43940.0000 -4.74770
43950.0000 -4.81726
43960.0000 -4.73246
43970.0000 -5.01927
43980.0000 -5.48517
43990.0000 -4.97306
44000.0000 -5.07725
44010.0000 -4.94429
44020.0000 -5.60378
44030.0000 -5.50328
44040.0000 -5.48282
44050.0000 -5.36364
44060.0000 -5.52541
44070.0000 -4.96325
44080.0000 -4.85756
44090.0000 -4.74862
44100.0000 -4.69654
44110.0000 -4.52643
44120.0000 -4.32349
44130.0000 -4.33572
44140.0000 -3.89396
44150.0000 -3.12468
44160.0000 -2.98276
44170.0000 -3.06215
44180.0000 -3.22667
44190.0000 -2.87682
44200.0000 -2.49340
44210.0000 -2.44168
44220.0000 -2.65607
44230.0000 -2.97090
44240.0000 -3.11790
44250.0000 -3.01182
44260.0000 -3.14399
44270.0000 -3.38713
44280.0000 -4.42920
44290.0000 -4.58541
44300.0000 -5.22045
44310.0000 -4.85516
44320.0000 -5.24590
44330.0000 -5.24806
44340.0000 -5.90384
44350.0000 -6.18029
44360.0000 -6.14354
44370.0000 -5.46534
44380.0000 -5.25699
44390.0000 -5.30451
44400.0000 -5.51057
44410.0000 -5.71973
44420.0000 -5.32214
44430.0000 -4.86460
44440.0000 -5.21114
44450.0000 -5.09622
44460.0000 -5.06991
44470.0000 -4.81266
44480.0000 -4.85112
44490.0000 -5.15082
44500.0000 -5.05721
44510.0000 -4.85526
44520.0000 -5.47364
44530.0000 -5.57365
44540.0000 -5.09798
44550.0000 -4.97040
44560.0000 -4.98851
44570.0000 -4.46444
44580.0000 -4.08415
44590.0000 -3.79559
44600.0000 -3.87365
44610.0000 -4.06653
44620.0000 -3.94252
44630.0000 -4.28421
44640.0000 -4.56941
44650.0000 -4.40573
44660.0000 -4.67184
44670.0000 -5.48882
44680.0000 -6.52972
44690.0000 -6.67033
44700.0000 -6.10422
44710.0000 -5.96920
44720.0000 -6.45969
44730.0000 -6.38137
44740.0000 -5.82956
44750.0000 -6.26570
44760.0000 -6.86811
44770.0000 -6.55206
44780.0000 -6.81036
44790.0000 -6.75628
44800.0000 -7.24754
44810.0000 -7.29398
44820.0000 -7.70094
44830.0000 -7.59248
44840.0000 -7.73070
44850.0000 -7.44463
44860.0000 -7.40586
44870.0000 -7.50242
44880.0000 -8.32420
44890.0000 -8.44509
44900.0000 -8.28085
44910.0000 -8.26370
44920.0000 -8.11122
44930.0000 -8.53688
44940.0000 -8.87246
44950.0000 -9.47756
44960.0000 -10.28637
44970.0000 -10.79081
44980.0000 -11.15261
44990.0000 -11.44507
45000.0000 -11.08515
45010.0000 -10.72927
45020.0000 -11.16198
45030.0000 -10.95714
45040.0000 -10.87144
45050.0000 -10.45231
45060.0000 -10.24476
45070.0000 -10.38909
45080.0000 -10.46840
45090.0000 -10.20462
45100.0000 -10.19007
45110.0000 -10.00468
45120.0000 -10.34879
45130.0000 -9.39910
45140.0000 -9.72219
45150.0000 -9.87996
45160.0000 -10.14166
45170.0000 -10.13103
45180.0000 -11.37854
45190.0000 -11.18244
45200.0000 -11.42246
45210.0000 -11.47836
45220.0000 -11.40133
45230.0000 -11.05149
45240.0000 -10.76890
45250.0000 -10.36377
45260.0000 -10.65790
45270.0000 -10.31447
45280.0000 -10.46316
45290.0000 -10.71523
45300.0000 -10.75195
45310.0000 -10.97038
45320.0000 -11.21206
45330.0000 -11.61781
45340.0000 -11.44513
45350.0000 -11.91961
45360.0000 -11.94447
45370.0000 -11.56934
45380.0000 -11.18599
45390.0000 -10.53333
45400.0000 -10.64067
45410.0000 -10.43851
45420.0000 -10.36774
45430.0000 -10.62768
45440.0000 -11.10820
45450.0000 -10.80704
45460.0000 -10.93970
45470.0000 -10.76449
45480.0000 -10.95160
45490.0000 -11.28282
45500.0000 -11.37719
45510.0000 -11.35734
45520.0000 -11.42818
45530.0000 -11.03489
45540.0000 -11.08856
45550.0000 -11.22147
45560.0000 -10.36715
45570.0000 -10.20973
45580.0000 -10.16238
45590.0000 -10.40714
45600.0000 -10.47715
45610.0000 -10.14510
45620.0000 -10.57342
45630.0000 -9.61355
45640.0000 -9.01774
45650.0000 -8.70112
45660.0000 -8.92012
45670.0000 -9.07598
45680.0000 -8.12621
45690.0000 -8.35688
45700.0000 -8.61349
45710.0000 -8.94292
45720.0000 -9.08974
45730.0000 -9.41784
45740.0000 -10.13536
45750.0000 -9.94356
45760.0000 -9.99680
45770.0000 -10.05757
45780.0000 -9.48489
45790.0000 -9.42121
45800.0000 -8.93706
45810.0000 -8.99667
45820.0000 -8.92109
45830.0000 -9.02161
45840.0000 -9.19474
45850.0000 -9.33292
45860.0000 -9.43620
45870.0000 -9.07545
45880.0000 -9.52262
45890.0000 -9.46210
45900.0000 -9.51180
45910.0000 -8.79710
45920.0000 -8.48265
45930.0000 -8.05173
45940.0000 -7.94699
45950.0000 -7.89224
45960.0000 -7.53024
45970.0000 -7.51864
45980.0000 -7.56190
45990.0000 -8.41123
46000.0000 -8.52006
46010.0000 -9.03074
46020.0000 -9.37487
46030.0000 -9.64914
46040.0000 -9.85644
46050.0000 -9.49430
46060.0000 -9.74285
46070.0000 -9.88511
46080.0000 -10.24072
46090.0000 -10.36292
46100.0000 -9.78069
46110.0000 -10.55001
46120.0000 -10.13541
46130.0000 -9.25457
46140.0000 -8.98143
46150.0000 -8.99437
46160.0000 -8.45817
46170.0000 -8.14524
46180.0000 -7.90390
46190.0000 -7.98905
46200.0000 -8.25900
46210.0000 -8.68800
46220.0000 -8.85843
46230.0000 -8.22621
46240.0000 -7.98423
46250.0000 -7.38734
46260.0000 -7.22248
46270.0000 -7.90550
46280.0000 -6.88756
46290.0000 -7.27703
46300.0000 -6.91446
46310.0000 -7.14482
46320.0000 -7.36862
46330.0000 -7.07297
46340.0000 -7.24702
46350.0000 -7.33825
46360.0000 -7.07618
46370.0000 -7.38682
46380.0000 -7.44259
46390.0000 -7.43119
46400.0000 -7.60668
46410.0000 -7.57036
46420.0000 -7.55579
46430.0000 -7.58043
46440.0000 -7.59347
46450.0000 -7.67039
46460.0000 -8.03072
46470.0000 -7.70361
46480.0000 -8.11950
46490.0000 -8.42781
46500.0000 -8.67707
46510.0000 -8.85784
46520.0000 -8.55830
46530.0000 -8.89484
46540.0000 -9.07381
46550.0000 -9.06131
46560.0000 -9.14956
46570.0000 -8.96733
46580.0000 -8.83243
46590.0000 -8.66305
46600.0000 -8.55188
46610.0000 -8.81981
46620.0000 -8.53535
46630.0000 -7.89569
46640.0000 -7.78587
46650.0000 -8.04803
46660.0000 -8.16608
46670.0000 -7.98117
46680.0000 -8.07126
46690.0000 -8.27686
46700.0000 -8.35985
46710.0000 -8.31093
46720.0000 -8.45461
46730.0000 -8.49438
46740.0000 -8.81250
46750.0000 -9.18167
46760.0000 -9.32095
46770.0000 -9.26563
46780.0000 -9.50088
46790.0000 -9.12764
46800.0000 -8.71086
46810.0000 -8.21801
46820.0000 -7.92734
46830.0000 -7.76101
46840.0000 -7.62914
46850.0000 -7.38332
46860.0000 -6.53313
46870.0000 -6.47097
46880.0000 -6.30560
46890.0000 -6.43813
46900.0000 -6.47343
46910.0000 -6.50611
46920.0000 -6.29580
46930.0000 -6.20624
46940.0000 -6.29441
46950.0000 -6.33232
46960.0000 -6.24908
46970.0000 -6.54301
46980.0000 -6.58125
46990.0000 -7.30356
47000.0000 -7.10069
47010.0000 -6.93578
47020.0000 -7.04281
47030.0000 -7.46138
47040.0000 -7.41408
47050.0000 -7.38484
47060.0000 -7.18521
47070.0000 -7.38750
47080.0000 -7.11870
47090.0000 -7.12121
47100.0000 -6.86882
47110.0000 -6.73457
47120.0000 -6.36859
47130.0000 -6.51494
47140.0000 -6.34613
47150.0000 -6.37329
47160.0000 -6.26448
47170.0000 -6.59614
47180.0000 -6.44649
47190.0000 -6.63960
47200.0000 -5.92163
47210.0000 -5.62590
47220.0000 -5.19616
47230.0000 -4.83307
47240.0000 -5.44463
47250.0000 -5.11324
47260.0000 -5.01671
47270.0000 -4.75101
47280.0000 -4.23914
47290.0000 -3.49716
47300.0000 -3.87637
47310.0000 -4.09567
47320.0000 -4.00821
47330.0000 -3.96468
47340.0000 -3.84675
47350.0000 -3.67181
47360.0000 -3.76772
47370.0000 -4.26130
47380.0000 -4.72072
47390.0000 -4.99987
47400.0000 -4.87180
47410.0000 -5.27357
47420.0000 -5.46229
47430.0000 -5.64217
47440.0000 -6.50626
47450.0000 -5.86034
47460.0000 -6.39999
47470.0000 -6.96744
47480.0000 -6.64631
47490.0000 -7.29122
47500.0000 -7.83512
47510.0000 -7.83217
47520.0000 -8.10246
47530.0000 -7.83476
47540.0000 -7.38305
47550.0000 -7.43632
47560.0000 -7.33121
47570.0000 -7.28012
47580.0000 -7.32204
47590.0000 -7.62903
47600.0000 -7.56991
47610.0000 -7.67064
47620.0000 -7.59851
47630.0000 -7.48743
47640.0000 -7.71477
47650.0000 -7.78747
47660.0000 -8.35940
47670.0000 -8.93179
47680.0000 -8.94944
47690.0000 -8.64444
47700.0000 -8.37070
47710.0000 -8.12108
47720.0000 -8.01113
47730.0000 -7.56786
47740.0000 -7.27438
47750.0000 -7.18830
47760.0000 -6.71525
47770.0000 -6.48022
47780.0000 -6.01411
47790.0000 -5.79793
47800.0000 -5.03319
47810.0000 -4.71667
47820.0000 -4.60066
47830.0000 -4.49214
47840.0000 -4.13593
47850.0000 -4.22881
47860.0000 -3.55804
47870.0000 -3.83112
47880.0000 -3.54554
47890.0000 -2.91107
47900.0000 -3.34537
47910.0000 -3.61219
47920.0000 -3.40499
47930.0000 -2.83576
47940.0000 -2.91887
47950.0000 -3.49039
47960.0000 -3.44946
47970.0000 -2.95317
47980.0000 -2.25928
47990.0000 -2.59489
48000.0000 -2.50838
48010.0000 -2.82265
48020.0000 -2.44188
48030.0000 -3.38690
48040.0000 -3.34251
48050.0000 -3.41964
48060.0000 -4.07538
48070.0000 -4.20552
48080.0000 -4.75153
48090.0000 -4.89462
48100.0000 -5.13619
48110.0000 -5.52906
48120.0000 -4.89727
48130.0000 -5.81058
48140.0000 -5.83958
48150.0000 -5.82886
48160.0000 -6.20828
48170.0000 -6.36549
48180.0000 -5.97236
48190.0000 -6.06325
48200.0000 -5.84935
48210.0000 -6.17840
48220.0000 -6.42479
48230.0000 -6.57778
48240.0000 -6.67497
48250.0000 -6.20050
48260.0000 -6.25091
48270.0000 -6.62532
48280.0000 -6.27479
48290.0000 -6.68852
48300.0000 -6.32117
48310.0000 -6.31159
48320.0000 -6.19747
48330.0000 -6.35413
48340.0000 -6.35028
48350.0000 -5.75896
48360.0000 -5.97231
48370.0000 -5.72062
48380.0000 -5.24930
48390.0000 -5.44514
48400.0000 -5.96164
48410.0000 -6.06773
48420.0000 -5.81416
48430.0000 -5.35256
48440.0000 -5.62596
48450.0000 -5.69428
48460.0000 -5.19681
48470.0000 -5.31299
48480.0000 -5.79222
48490.0000 -5.96406
48500.0000 -5.65611
48510.0000 -5.97600
48520.0000 -6.03813
48530.0000 -5.85773
48540.0000 -5.86022
48550.0000 -6.16532
48560.0000 -6.12499
48570.0000 -6.11144
48580.0000 -6.05890
48590.0000 -6.19069
48600.0000 -6.13817
48610.0000 -6.39820
48620.0000 -7.35015
48630.0000 -7.65442
48640.0000 -8.32354
48650.0000 -8.35078
48660.0000 -8.65914
48670.0000 -8.29628
48680.0000 -8.10394
48690.0000 -8.38957
48700.0000 -8.48391
48710.0000 -8.63940
48720.0000 -8.58812
48730.0000 -8.82031
48740.0000 -9.18520
48750.0000 -9.41183
48760.0000 -9.21399
48770.0000 -8.88878
48780.0000 -8.70423
48790.0000 -9.18541
48800.0000 -9.30028
48810.0000 -9.27093
48820.0000 -9.14522
48830.0000 -8.76605
48840.0000 -9.03641
48850.0000 -8.89858
48860.0000 -9.05260
48870.0000 -8.87306
48880.0000 -8.14017
48890.0000 -8.54473
48900.0000 -8.77206
48910.0000 -9.22377
48920.0000 -8.87410
48930.0000 -9.30976
48940.0000 -9.54522
48950.0000 -9.68834
48960.0000 -9.92472
48970.0000 -10.05834
48980.0000 -10.19276
48990.0000 -9.41197
49000.0000 -9.11998
49010.0000 -9.02758
49020.0000 -9.04532
49030.0000 -9.15738
49040.0000 -9.45884
49050.0000 -9.37239
49060.0000 -9.66528
49070.0000 -9.30708
49080.0000 -9.29656
49090.0000 -9.78398
49100.0000 -9.33318
49110.0000 -8.56616
49120.0000 -8.64006
49130.0000 -8.06932
49140.0000 -7.96833
49150.0000 -7.54141
49160.0000 -6.43086
49170.0000 -6.30410
49180.0000 -6.44403
49190.0000 -6.17464
49200.0000 -6.01472
49210.0000 -5.75379
49220.0000 -5.65765
49230.0000 -5.99274
49240.0000 -5.81024
49250.0000 -5.29084
49260.0000 -5.04471
49270.0000 -4.37541
49280.0000 -4.34845
49290.0000 -4.49150
49300.0000 -4.55085
49310.0000 -4.46249
49320.0000 -4.82160
49330.0000 -5.30587
49340.0000 -5.42352
49350.0000 -5.37986
49360.0000 -5.28925
49370.0000 -5.42111
49380.0000 -5.22764
49390.0000 -5.47032
49400.0000 -5.10373
49410.0000 -5.07227
49420.0000 -5.05864
49430.0000 -4.89552
49440.0000 -4.78514
49450.0000 -4.14547
49460.0000 -3.76559
49470.0000 -4.55254
49480.0000 -4.78349
49490.0000 -4.79072
49500.0000 -5.17320
49510.0000 -5.76576
49520.0000 -5.78250
49530.0000 -6.12661
49540.0000 -5.77328
49550.0000 -5.89456
49560.0000 -6.12584
49570.0000 -5.74725
49580.0000 -5.66242
49590.0000 -6.24769
49600.0000 -7.37167
49610.0000 -7.75689
49620.0000 -8.07128
49630.0000 -8.05140
49640.0000 -8.37733
49650.0000 -8.98993
49660.0000 -8.97106
49670.0000 -8.83155
49680.0000 -8.03720
49690.0000 -7.44400
49700.0000 -7.54483
49710.0000 -6.96852
49720.0000 -7.15367
49730.0000 -7.23306
49740.0000 -7.73605
49750.0000 -8.35047
49760.0000 -8.11538
49770.0000 -8.04246
49780.0000 -7.86690
49790.0000 -7.65878
49800.0000 -8.29110
49810.0000 -8.92314
49820.0000 -9.42863
49830.0000 -9.02666
49840.0000 -8.88079
49850.0000 -8.89029
49860.0000 -9.01982
49870.0000 -8.81889
49880.0000 -9.23050
49890.0000 -9.62368
49900.0000 -9.85788
49910.0000 -9.65628
49920.0000 -9.60676
49930.0000 -9.35189
49940.0000 -8.87656
49950.0000 -8.98851
49960.0000 -9.12756
49970.0000 -9.09162
49980.0000 -8.69326
49990.0000 -9.15670
50000.0000 -9.59948
50010.0000 -9.14809
50020.0000 -9.05877
50030.0000 -8.84747
50040.0000 -8.36291
50050.0000 -8.38982
50060.0000 -8.31214
50070.0000 -8.05817
50080.0000 -8.29258
50090.0000 -8.01604
50100.0000 -7.86207
50110.0000 -7.26350
50120.0000 -7.31792
50130.0000 -7.49676
50140.0000 -7.45566
50150.0000 -6.84207
50160.0000 -7.16725
50170.0000 -6.70092
50180.0000 -6.49579
50190.0000 -6.49415
50200.0000 -6.39462
50210.0000 -6.13394
50220.0000 -5.54449
50230.0000 -5.29942
50240.0000 -6.10413
50250.0000 -5.92965
50260.0000 -6.16276
50270.0000 -6.31268
50280.0000 -6.45490
50290.0000 -6.76713
50300.0000 -6.57680
50310.0000 -7.15685
50320.0000 -7.77718
50330.0000 -7.66054
50340.0000 -7.60759
50350.0000 -8.17845
50360.0000 -7.94208
50370.0000 -8.05666
50380.0000 -8.83843
50390.0000 -9.22702
50400.0000 -8.91376
50410.0000 -8.81594
50420.0000 -8.82352
50430.0000 -8.74755
50440.0000 -8.55352
50450.0000 -8.26707
50460.0000 -7.98596
50470.0000 -7.22990
50480.0000 -7.22969
50490.0000 -7.55480
50500.0000 -8.24461
50510.0000 -8.63520
50520.0000 -8.72283
50530.0000 -8.31047
50540.0000 -8.81761
50550.0000 -8.81291
50560.0000 -9.22734
50570.0000 -9.59033
50580.0000 -10.15486
50590.0000 -10.56223
50600.0000 -10.78655
50610.0000 -10.93381
50620.0000 -10.95410
50630.0000 -10.59055
50640.0000 -10.20577
50650.0000 -10.23039
50660.0000 -9.95996
50670.0000 -9.77165
50680.0000 -9.90135
50690.0000 -10.03883
50700.0000 -10.59956
50710.0000 -10.13799
50720.0000 -10.30157
50730.0000 -10.37500
50740.0000 -10.40707
50750.0000 -10.34110
50760.0000 -9.97362
50770.0000 -9.84057
50780.0000 -9.67132
50790.0000 -9.81165
50800.0000 -9.16366
50810.0000 -9.41793
50820.0000 -9.56908
50830.0000 -9.14108
50840.0000 -8.97974
50850.0000 -9.02189
50860.0000 -8.89604
50870.0000 -8.70984
50880.0000 -8.79422
50890.0000 -8.93337
50900.0000 -8.59865
50910.0000 -8.36151
50920.0000 -8.62584
50930.0000 -8.35296
50940.0000 -8.27803
50950.0000 -8.64350
50960.0000 -8.38126
50970.0000 -8.66085
50980.0000 -9.27801
50990.0000 -9.46673
51000.0000 -9.65807
51010.0000 -9.74767
51020.0000 -9.58062
51030.0000 -9.52701
51040.0000 -9.64132
51050.0000 -9.82778
51060.0000 -10.07216
51070.0000 -9.81969
51080.0000 -9.78152
51090.0000 -9.69173
51100.0000 -9.50174
51110.0000 -9.37446
51120.0000 -9.44536
51130.0000 -9.44475
51140.0000 -9.71934
51150.0000 -9.40566
51160.0000 -9.23573
51170.0000 -9.60803
51180.0000 -9.49713
51190.0000 -9.08234
51200.0000 -9.27410
51210.0000 -9.03401
51220.0000 -8.92247
51230.0000 -9.48718
51240.0000 -9.15244
51250.0000 -9.42673
51260.0000 -9.59624
51270.0000 -9.42720
51280.0000 -9.15337
51290.0000 -9.87145
51300.0000 -10.15971
51310.0000 -9.88580
51320.0000 -10.01317
51330.0000 -9.97283
51340.0000 -9.95379
51350.0000 -9.72933
51360.0000 -9.67138
51370.0000 -8.98154
51380.0000 -9.45109
51390.0000 -9.20786
51400.0000 -8.52070
51410.0000 -8.34187
51420.0000 -9.48100
51430.0000 -8.95936
51440.0000 -8.73002
51450.0000 -8.74859
51460.0000 -8.47564
51470.0000 -8.77824
51480.0000 -8.89760
51490.0000 -8.47036
51500.0000 -8.98671
51510.0000 -9.00122
51520.0000 -9.31690
51530.0000 -9.64998
51540.0000 -9.14842
51550.0000 -9.86300
51560.0000 -9.70530
51570.0000 -9.82012
51580.0000 -9.25145
51590.0000 -8.53203
51600.0000 -8.25074
51610.0000 -7.92796
51620.0000 -7.78942
51630.0000 -7.00786
51640.0000 -7.13135
51650.0000 -6.90446
51660.0000 -6.86717
51670.0000 -6.70731
51680.0000 -7.09192
51690.0000 -7.09007
51700.0000 -7.19733
51710.0000 -7.21121
51720.0000 -6.88455
51730.0000 -6.62742
51740.0000 -6.83374
51750.0000 -7.20266
51760.0000 -7.30628
51770.0000 -7.16436
51780.0000 -6.80228
51790.0000 -7.00539
51800.0000 -6.59244
51810.0000 -6.61044
51820.0000 -6.22651
51830.0000 -5.68381
51840.0000 -5.02291
51850.0000 -5.28537
51860.0000 -5.26328
51870.0000 -5.51286
51880.0000 -5.98081
51890.0000 -6.96363
51900.0000 -7.07869
51910.0000 -7.48525
51920.0000 -7.60869
51930.0000 -8.34931
51940.0000 -7.98180
51950.0000 -7.67086
51960.0000 -7.81798
51970.0000 -7.61425
51980.0000 -7.86916
51990.0000 -7.81839
52000.0000 -8.43895
52010.0000 -8.31733
52020.0000 -8.59864
52030.0000 -8.94198
52040.0000 -8.95268
52050.0000 -8.37963
52060.0000 -8.54526
52070.0000 -8.52828
52080.0000 -8.51615
52090.0000 -8.21252
52100.0000 -8.54768
52110.0000 -8.43342
52120.0000 -8.64481
52130.0000 -8.74846
52140.0000 -9.21797
52150.0000 -8.96619
52160.0000 -9.16042
52170.0000 -8.68220
52180.0000 -9.13948
52190.0000 -9.49256
52200.0000 -10.03005
52210.0000 -9.85699
52220.0000 -9.87548
52230.0000 -9.18380
52240.0000 -8.52441
52250.0000 -8.33782
52260.0000 -7.95924
52270.0000 -8.35856
52280.0000 -8.02074
52290.0000 -7.74892
52300.0000 -7.75220
52310.0000 -7.89114
52320.0000 -7.42621
52330.0000 -7.22507
52340.0000 -7.06342
52350.0000 -6.38301
52360.0000 -6.19941
52370.0000 -6.17298
52380.0000 -5.72051
52390.0000 -5.63314
52400.0000 -5.93779
52410.0000 -6.25066
52420.0000 -6.09164
52430.0000 -6.57541
52440.0000 -7.14182
52450.0000 -7.25378
52460.0000 -7.16906
52470.0000 -8.15448
52480.0000 -8.66522
52490.0000 -8.37719
52500.0000 -8.71456
52510.0000 -8.38629
52520.0000 -8.79730
52530.0000 -8.15100
52540.0000 -7.95634
52550.0000 -8.09736
52560.0000 -8.26477
52570.0000 -8.21599
52580.0000 -7.61503
52590.0000 -7.85757
52600.0000 -8.03452
52610.0000 -7.84601
52620.0000 -7.81416
52630.0000 -8.12809
52640.0000 -8.32459
52650.0000 -8.15660
52660.0000 -7.93559
52670.0000 -7.88843
52680.0000 -8.24384
52690.0000 -8.12501
52700.0000 -7.91780
52710.0000 -7.51044
52720.0000 -8.07751
52730.0000 -7.74254
52740.0000 -7.29025
52750.0000 -6.95228
52760.0000 -6.75090
52770.0000 -7.18192
52780.0000 -7.02943
52790.0000 -7.56587
52800.0000 -7.40162
52810.0000 -7.68919
52820.0000 -8.03281
52830.0000 -8.26228
52840.0000 -8.28731
52850.0000 -8.59736
52860.0000 -8.95006
52870.0000 -8.58375
52880.0000 -9.28929
52890.0000 -8.89038
52900.0000 -9.04064
52910.0000 -8.47199
52920.0000 -8.51320
52930.0000 -8.12439
52940.0000 -7.69699
52950.0000 -7.35373
52960.0000 -6.87348
52970.0000 -7.37955
52980.0000 -7.30987
52990.0000 -7.52333
53000.0000 -7.76189
53010.0000 -7.40193
53020.0000 -6.72745
53030.0000 -6.58647
53040.0000 -6.38247
53050.0000 -5.94031
53060.0000 -6.09854
53070.0000 -5.64480
53080.0000 -5.62655
53090.0000 -6.29011
53100.0000 -6.14375
53110.0000 -5.72782
53120.0000 -5.85618
53130.0000 -5.97535
53140.0000 -6.54175
53150.0000 -6.51527
53160.0000 -6.48231
53170.0000 -6.28028
53180.0000 -6.14785
53190.0000 -5.88442
53200.0000 -5.60926
53210.0000 -5.74870
53220.0000 -5.73286
53230.0000 -5.60869
53240.0000 -5.38051
53250.0000 -5.87663
53260.0000 -5.85937
53270.0000 -5.50515
53280.0000 -4.87436
53290.0000 -4.60356
53300.0000 -5.07829
53310.0000 -5.42174
53320.0000 -5.04392
53330.0000 -4.91745
53340.0000 -5.25382
53350.0000 -5.21246
53360.0000 -5.37210
53370.0000 -5.33011
53380.0000 -5.21588
53390.0000 -5.01148
53400.0000 -4.58005
53410.0000 -4.41885
53420.0000 -4.31763
53430.0000 -4.51399
53440.0000 -4.74411
53450.0000 -4.75167
53460.0000 -4.41398
53470.0000 -3.54601
53480.0000 -3.76300
53490.0000 -4.10624
53500.0000 -3.43310
53510.0000 -2.51471
53520.0000 -2.95886
53530.0000 -3.38660
53540.0000 -2.96575
53550.0000 -3.08545
53560.0000 -3.15983
53570.0000 -3.38462
53580.0000 -3.76189
53590.0000 -4.48761
53600.0000 -4.80897
53610.0000 -4.66469
53620.0000 -5.16150
53630.0000 -4.33068
53640.0000 -4.44309
53650.0000 -4.45794
53660.0000 -3.99877
53670.0000 -3.69143
53680.0000 -3.36601
53690.0000 -3.30760
53700.0000 -3.26041
53710.0000 -3.03190
53720.0000 -3.27350
53730.0000 -3.49263
53740.0000 -3.57529
53750.0000 -3.55606
53760.0000 -3.57009
53770.0000 -3.67803
53780.0000 -3.53300
53790.0000 -3.25960
53800.0000 -2.59515
53810.0000 -2.87866
53820.0000 -2.82243
53830.0000 -2.14254
53840.0000 -2.53522
53850.0000 -2.24457
53860.0000 -2.84265
53870.0000 -3.20609
53880.0000 -2.93553
53890.0000 -2.60592
53900.0000 -3.15201
53910.0000 -3.01771
53920.0000 -2.59503
53930.0000 -2.08863
53940.0000 -1.64448
53950.0000 -0.77385
53960.0000 -0.41082
53970.0000 0.52971
53980.0000 0.30886
53990.0000 0.35107
54000.0000 0.10383
54010.0000 -0.28756
54020.0000 -1.06745
54030.0000 -1.14514
54040.0000 -1.34417
54050.0000 -0.86175
54060.0000 -0.99550
54070.0000 -1.15193
54080.0000 -0.82729
54090.0000 -0.81515
54100.0000 -0.72058
54110.0000 -0.46396
54120.0000 -0.04006
54130.0000 -0.11256
54140.0000 -0.18553
54150.0000 -0.32949
54160.0000 -0.58516
54170.0000 -0.23358
54180.0000 -0.66616
54190.0000 -0.88189
54200.0000 -0.98816
54210.0000 -1.00638
54220.0000 -0.89207
54230.0000 -1.34218
54240.0000 -1.23512
54250.0000 -0.74657
54260.0000 -0.39369
54270.0000 0.39313
54280.0000 0.33837
54290.0000 0.02681
54300.0000 -0.06245
54310.0000 0.00925
54320.0000 -0.30797
54330.0000 -0.22512
54340.0000 -0.08476
54350.0000 -0.33383
54360.0000 -0.38467
54370.0000 0.47002
54380.0000 0.69319
54390.0000 0.10086
54400.0000 -0.32118
54410.0000 -0.78208
54420.0000 -0.78071
54430.0000 -0.79892
54440.0000 -1.13353
54450.0000 -1.59014
54460.0000 -1.99844
54470.0000 -2.08795
54480.0000 -2.12509
54490.0000 -2.46360
54500.0000 -2.42914
54510.0000 -2.66097
54520.0000 -2.57880
54530.0000 -2.41828
54540.0000 -2.48843
54550.0000 -2.64939
54560.0000 -2.58479
54570.0000 -3.04289
54580.0000 -3.03883
54590.0000 -2.48375
54600.0000 -2.26134
54610.0000 -1.77822
54620.0000 -1.29657
54630.0000 -1.33132
54640.0000 -0.89490
54650.0000 -1.33002
54660.0000 -1.17049
54670.0000 -0.91627
54680.0000 -0.95415
54690.0000 -1.46404
54700.0000 -1.83844
54710.0000 -1.52376
54720.0000 -1.51510
54730.0000 -1.82838
54740.0000 -1.37461
54750.0000 -1.91287
54760.0000 -2.13551
54770.0000 -1.80984
54780.0000 -1.43940
54790.0000 -1.68153
54800.0000 -1.44917
54810.0000 -1.92387
54820.0000 -1.53763
54830.0000 -1.24152
54840.0000 -0.99841
54850.0000 -0.79182
54860.0000 -0.29041
54870.0000 -0.71417
54880.0000 -0.68009
54890.0000 -0.30483
54900.0000 0.39009
54910.0000 1.17108
54920.0000 1.73106
54930.0000 2.14428
54940.0000 1.82844
54950.0000 1.92716
54960.0000 2.11079
54970.0000 2.64282
54980.0000 3.27235
54990.0000 3.08258
55000.0000 3.18147
55010.0000 3.31109
55020.0000 3.52054
55030.0000 4.68592
55040.0000 4.71653
55050.0000 4.33054
55060.0000 4.91481
55070.0000 5.64953
55080.0000 6.10017
55090.0000 5.86975
55100.0000 5.62320
55110.0000 5.53012
55120.0000 5.79186
55130.0000 5.86982
55140.0000 5.75778
55150.0000 5.56435
55160.0000 5.23339
55170.0000 4.63105
55180.0000 4.95785
55190.0000 4.90504
55200.0000 5.05920
55210.0000 4.86703
55220.0000 4.66461
55230.0000 5.19120
55240.0000 5.25923
55250.0000 5.12079
55260.0000 4.30509
55270.0000 4.52404
55280.0000 4.39754
55290.0000 4.63047
55300.0000 4.38904
55310.0000 4.13580
55320.0000 3.73852
55330.0000 3.39657
55340.0000 2.95765
55350.0000 2.96594
55360.0000 2.85151
55370.0000 3.06158
55380.0000 3.44234
55390.0000 3.19800
55400.0000 3.05248
55410.0000 2.43240
55420.0000 2.09393
55430.0000 1.57079
55440.0000 1.41073
55450.0000 1.49351
55460.0000 1.17884
55470.0000 0.90919
55480.0000 0.81165
55490.0000 0.38745
55500.0000 0.67825
55510.0000 1.24218
55520.0000 1.12884
55530.0000 2.04704
55540.0000 1.92849
55550.0000 1.42195
55560.0000 1.66824
55570.0000 2.03531
55580.0000 2.10711
55590.0000 1.89498
55600.0000 2.07285
55610.0000 2.62945
55620.0000 2.31915
55630.0000 2.33219
55640.0000 2.21637
55650.0000 1.52545
55660.0000 1.05719
55670.0000 1.15364
55680.0000 1.19541
55690.0000 1.55040
55700.0000 0.58928
55710.0000 0.98130
55720.0000 1.41862
55730.0000 1.15634
55740.0000 0.72495
55750.0000 0.85931
55760.0000 -0.02331
55770.0000 -0.41247
55780.0000 0.27050
55790.0000 -0.02240
55800.0000 -0.29164
55810.0000 -0.15012
55820.0000 0.16280
55830.0000 0.69666
55840.0000 0.28147
55850.0000 0.33393
55860.0000 0.42716
55870.0000 -0.07883
55880.0000 -0.85898
55890.0000 -1.34614
55900.0000 -1.65153
55910.0000 -1.26747
55920.0000 -0.67770
55930.0000 -0.60195
55940.0000 -0.15293
55950.0000 0.08681
55960.0000 0.07807
55970.0000 0.13849
55980.0000 0.22803
55990.0000 0.80312
56000.0000 0.83031
56010.0000 0.82105
56020.0000 0.48746
56030.0000 0.19236
56040.0000 0.92795
56050.0000 1.57258
56060.0000 1.48946
56070.0000 1.44354
56080.0000 0.33513
56090.0000 0.36682
56100.0000 -0.43064
56110.0000 -0.39995
56120.0000 -0.42938
56130.0000 0.49612
56140.0000 0.76335
56150.0000 0.52328
56160.0000 1.39206
56170.0000 1.52387
56180.0000 1.38002
56190.0000 1.53277
56200.0000 1.14927
56210.0000 0.70783
56220.0000 0.71189
56230.0000 1.15759
56240.0000 1.24511
56250.0000 0.89242
56260.0000 0.46496
56270.0000 0.37597
56280.0000 0.35927
56290.0000 -0.20035
56300.0000 -0.40767
56310.0000 0.08523
56320.0000 0.73144
56330.0000 0.92132
56340.0000 1.01223
56350.0000 0.50919
56360.0000 -0.21671
56370.0000 -0.40178
56380.0000 -0.46561
56390.0000 -0.81270
56400.0000 -0.88882
56410.0000 -1.05520
56420.0000 -0.93486
56430.0000 -0.82293
56440.0000 -0.87530
56450.0000 -1.49709
56460.0000 -1.80567
56470.0000 -1.66432
56480.0000 -2.00123
56490.0000 -2.05641
56500.0000 -1.54303
56510.0000 -1.75744
56520.0000 -2.46946
56530.0000 -3.28592
56540.0000 -3.44180
56550.0000 -3.01317
56560.0000 -3.08028
56570.0000 -3.67417
56580.0000 -3.16767
56590.0000 -2.56552
56600.0000 -2.87273
56610.0000 -2.51039
56620.0000 -3.00235
56630.0000 -2.62457
56640.0000 -2.55953
56650.0000 -3.22806
56660.0000 -3.27125
56670.0000 -3.49677
56680.0000 -3.56188
56690.0000 -3.93681
56700.0000 -4.17954
56710.0000 -4.99511
56720.0000 -4.84862
56730.0000 -4.32673
56740.0000 -4.23465
56750.0000 -4.46821
56760.0000 -4.37200
56770.0000 -4.60084
56780.0000 -5.00792
56790.0000 -5.12522
56800.0000 -4.87927
56810.0000 -4.68745
56820.0000 -4.94489
56830.0000 -5.25286
56840.0000 -5.34108
56850.0000 -6.00358
56860.0000 -6.24408
56870.0000 -6.69113
56880.0000 -6.60837
56890.0000 -7.16955
56900.0000 -7.43867
56910.0000 -7.51773
56920.0000 -7.81460
56930.0000 -7.56564
56940.0000 -7.46614
56950.0000 -8.10335
56960.0000 -8.55150
56970.0000 -8.56794
56980.0000 -7.96752
56990.0000 -8.14534
57000.0000 -8.17265
57010.0000 -7.42347
57020.0000 -7.45239
57030.0000 -6.87277
57040.0000 -6.40665
57050.0000 -5.42604
57060.0000 -4.99505
57070.0000 -5.44004
57080.0000 -5.73072
57090.0000 -5.42626
57100.0000 -5.70770
57110.0000 -5.37839
57120.0000 -5.67333
57130.0000 -4.46139
57140.0000 -4.26860
57150.0000 -4.04575
57160.0000 -3.65226
57170.0000 -3.82922
57180.0000 -4.20183
57190.0000 -4.47545
57200.0000 -4.71892
57210.0000 -4.28461
57220.0000 -3.95772
57230.0000 -4.07027
57240.0000 -4.50640
57250.0000 -4.60628
57260.0000 -5.09975
57270.0000 -5.87010
57280.0000 -5.11300
57290.0000 -5.45952
57300.0000 -5.28570
57310.0000 -4.95336
57320.0000 -4.44512
57330.0000 -4.27719
57340.0000 -4.37557
57350.0000 -4.24942
57360.0000 -3.46663
57370.0000 -3.08309
57380.0000 -2.89241
57390.0000 -2.87892
57400.0000 -2.89297
57410.0000 -2.64467
57420.0000 -2.97003
57430.0000 -3.09169
57440.0000 -2.96879
57450.0000 -2.58225
57460.0000 -2.17256
57470.0000 -2.08972
57480.0000 -2.22971
57490.0000 -2.16469
57500.0000 -2.02548
57510.0000 -2.03805
57520.0000 -1.63688
57530.0000 -1.41481
57540.0000 -1.98682
57550.0000 -2.12255
57560.0000 -2.67742
57570.0000 -2.86841
57580.0000 -2.81669
57590.0000 -3.14660
57600.0000 -3.88871
57610.0000 -3.69277
57620.0000 -3.30254
57630.0000 -4.22921
57640.0000 -4.14385
57650.0000 -4.52422
57660.0000 -4.16665
57670.0000 -4.35440
57680.0000 -4.44224
57690.0000 -4.69868
57700.0000 -5.15809
57710.0000 -5.63000
57720.0000 -5.52007
57730.0000 -5.13366
57740.0000 -5.01072
57750.0000 -5.14499
57760.0000 -4.83050
57770.0000 -5.78218
57780.0000 -5.53442
57790.0000 -5.96719
57800.0000 -6.37134
57810.0000 -6.91863
57820.0000 -6.70565
57830.0000 -6.09622
57840.0000 -5.36045
57850.0000 -5.67146
57860.0000 -5.93237
57870.0000 -5.72308
57880.0000 -5.44911
57890.0000 -5.03406
57900.0000 -4.96295
57910.0000 -5.79184
57920.0000 -6.49661
57930.0000 -6.74444
57940.0000 -7.24160
57950.0000 -8.00964
57960.0000 -8.98790
57970.0000 -9.51363
57980.0000 -9.90623
57990.0000 -9.99821
58000.0000 -10.10478
58010.0000 -10.78951
58020.0000 -10.65275
58030.0000 -10.61042
58040.0000 -10.54508
58050.0000 -10.29068
58060.0000 -10.21227
58070.0000 -10.64821
58080.0000 -10.95512
58090.0000 -11.44600
58100.0000 -11.67861
58110.0000 -11.51774
58120.0000 -11.44727
58130.0000 -11.26906
58140.0000 -11.83893
58150.0000 -11.61586
58160.0000 -11.79084
58170.0000 -11.50287
58180.0000 -11.78956
58190.0000 -12.22726
58200.0000 -12.48438
58210.0000 -12.20784
58220.0000 -12.24033
58230.0000 -12.19081
58240.0000 -12.80415
58250.0000 -13.19381
58260.0000 -13.73103
58270.0000 -13.93501
58280.0000 -13.68574
58290.0000 -13.79832
58300.0000 -13.72245
58310.0000 -13.84547
58320.0000 -14.57313
58330.0000 -14.94678
58340.0000 -15.03855
58350.0000 -15.14632
58360.0000 -15.06885
58370.0000 -14.76976
58380.0000 -14.77740
58390.0000 -15.05643
58400.0000 -14.73184
58410.0000 -14.61147
58420.0000 -14.09428
58430.0000 -14.23484
58440.0000 -14.52452
58450.0000 -14.50544
58460.0000 -13.90576
58470.0000 -14.19571
58480.0000 -14.65337
58490.0000 -14.36644
58500.0000 -14.38185
58510.0000 -14.06494
58520.0000 -13.68049
58530.0000 -14.16432
58540.0000 -14.25326
58550.0000 -14.55701
58560.0000 -14.85091
58570.0000 -15.02201
58580.0000 -15.15000
58590.0000 -15.08803
58600.0000 -15.11363
58610.0000 -15.61750
58620.0000 -15.80794
58630.0000 -15.90587
58640.0000 -15.55654
58650.0000 -15.43793
58660.0000 -15.53373
58670.0000 -15.63165
58680.0000 -15.07676
58690.0000 -15.49701
58700.0000 -15.76391
58710.0000 -14.98431
58720.0000 -14.45443
58730.0000 -14.58451
58740.0000 -14.47434
58750.0000 -14.77499
58760.0000 -15.40920
58770.0000 -15.23836
58780.0000 -15.31343
58790.0000 -15.51066
58800.0000 -15.35351
58810.0000 -14.90950
58820.0000 -14.93722
58830.0000 -14.86124
58840.0000 -14.94131
58850.0000 -14.78015
58860.0000 -14.52747
58870.0000 -14.56776
58880.0000 -14.44300
58890.0000 -14.28516
58900.0000 -13.91345
58910.0000 -13.38462
58920.0000 -13.22833
58930.0000 -13.17626
58940.0000 -13.50319
58950.0000 -13.33549
58960.0000 -13.55956
58970.0000 -13.38844
58980.0000 -13.16149
58990.0000 -13.05570
59000.0000 -12.36535
59010.0000 -12.39614
59020.0000 -12.55060
59030.0000 -12.47469
59040.0000 -12.85337
59050.0000 -12.72032
59060.0000 -12.35116
59070.0000 -12.70916
59080.0000 -12.86216
59090.0000 -12.51537
59100.0000 -12.54531
59110.0000 -12.27751
59120.0000 -12.45139
59130.0000 -12.57550
59140.0000 -13.31525
59150.0000 -13.99551
59160.0000 -14.06546
59170.0000 -14.45351
59180.0000 -14.86699
59190.0000 -14.85954
59200.0000 -14.48183
59210.0000 -14.62023
59220.0000 -14.10734
59230.0000 -14.01639
59240.0000 -14.48522
59250.0000 -15.30116
59260.0000 -15.47970
59270.0000 -16.14133
59280.0000 -15.70667
59290.0000 -15.16510
59300.0000 -15.31744
59310.0000 -16.50505
59320.0000 -16.26778
59330.0000 -17.02295
59340.0000 -17.06658
59350.0000 -17.32057
59360.0000 -17.29579
59370.0000 -16.94871
59380.0000 -17.34145
59390.0000 -17.45004
59400.0000 -16.98067
59410.0000 -16.33414
59420.0000 -16.60448
59430.0000 -16.62122
59440.0000 -16.61406
59450.0000 -16.08213
59460.0000 -15.74557
59470.0000 -15.67926
59480.0000 -15.73929
59490.0000 -16.16512
59500.0000 -15.36088
59510.0000 -14.92064
59520.0000 -15.14421
59530.0000 -14.92351
59540.0000 -15.29666
59550.0000 -15.23460
59560.0000 -14.84439
59570.0000 -14.71657
59580.0000 -15.09694
59590.0000 -14.97483
59600.0000 -15.03317
59610.0000 -15.20996
59620.0000 -15.68352
59630.0000 -15.62318
59640.0000 -15.01523
59650.0000 -14.96937
59660.0000 -15.00771
59670.0000 -15.05482
59680.0000 -14.62079
59690.0000 -15.17704
59700.0000 -15.08109
59710.0000 -14.30382
59720.0000 -14.48947
59730.0000 -14.29847
59740.0000 -14.55401
59750.0000 -14.69659
59760.0000 -15.10915
59770.0000 -14.75099
59780.0000 -14.44737
59790.0000 -13.91717
59800.0000 -13.57865
59810.0000 -13.80465
59820.0000 -13.98544
59830.0000 -13.50753
59840.0000 -13.73658
59850.0000 -14.31876
59860.0000 -13.96760
59870.0000 -14.18706
59880.0000 -14.31164
59890.0000 -14.01081
59900.0000 -13.99335
59910.0000 -13.68449
59920.0000 -13.45972
59930.0000 -13.67861
59940.0000 -13.86633
59950.0000 -14.04464
59960.0000 -13.94108
59970.0000 -13.99324
59980.0000 -14.36742
59990.0000 -14.78880
60000.0000 -14.43485
60010.0000 -13.82542
60020.0000 -13.22230
60030.0000 -12.64153
60040.0000 -12.56233
60050.0000 -12.09269
60060.0000 -12.04850
60070.0000 -12.11602
60080.0000 -12.00040
60090.0000 -11.90236
60100.0000 -12.14703
60110.0000 -12.09134
60120.0000 -12.17158
60130.0000 -12.19294
60140.0000 -12.03122
60150.0000 -11.60914
60160.0000 -11.65139
60170.0000 -11.76343
60180.0000 -11.95180
60190.0000 -11.70024
60200.0000 -11.86346
60210.0000 -11.89045
60220.0000 -11.90972
60230.0000 -11.32128
60240.0000 -11.20495
60250.0000 -10.63378
60260.0000 -10.68791
60270.0000 -10.22623
60280.0000 -9.64250
60290.0000 -9.36163
60300.0000 -9.72743
60310.0000 -10.43072
60320.0000 -10.26684
60330.0000 -10.36802
60340.0000 -9.97477
60350.0000 -10.14171
60360.0000 -10.02829
60370.0000 -10.15257
60380.0000 -10.48563
60390.0000 -10.25019
60400.0000 -10.66030
60410.0000 -9.72674
60420.0000 -9.34848
60430.0000 -8.90538
60440.0000 -8.68054
60450.0000 -8.99385
60460.0000 -9.29052
60470.0000 -9.55986
60480.0000 -9.44088
60490.0000 -9.73341
60500.0000 -10.31759
60510.0000 -10.23933
60520.0000 -11.06164
60530.0000 -11.08565
60540.0000 -10.92898
60550.0000 -11.31752
60560.0000 -11.33513
60570.0000 -11.46053
60580.0000 -11.39075
60590.0000 -11.75661
60600.0000 -11.73253
60610.0000 -11.25087
60620.0000 -10.65691
60630.0000 -10.39196
60640.0000 -10.72404
60650.0000 -10.76672
60660.0000 -10.55940
60670.0000 -10.65242
60680.0000 -10.77150
60690.0000 -10.64237
60700.0000 -10.77195
60710.0000 -10.90067
60720.0000 -11.08560
60730.0000 -10.97511
60740.0000 -10.84692
60750.0000 -10.87131
60760.0000 -11.43783
60770.0000 -11.62556
60780.0000 -11.32365
60790.0000 -11.32381
60800.0000 -11.12000
60810.0000 -11.31967
60820.0000 -11.03952
60830.0000 -10.92388
60840.0000 -11.03522
60850.0000 -10.87330
60860.0000 -11.06715
60870.0000 -10.90553
60880.0000 -11.19240
60890.0000 -11.40543
60900.0000 -11.49204
60910.0000 -11.61987
60920.0000 -11.84595
60930.0000 -11.77563
60940.0000 -11.97693
60950.0000 -12.01437
60960.0000 -12.06103
60970.0000 -11.85650
60980.0000 -11.22997
60990.0000 -11.29442
61000.0000 -11.10089
61010.0000 -11.59221
61020.0000 -11.65156
61030.0000 -11.48615
61040.0000 -10.87666
61050.0000 -10.58914
61060.0000 -10.56819
61070.0000 -10.73562
61080.0000 -11.45455
61090.0000 -11.73198
61100.0000 -12.14202
61110.0000 -11.51846
61120.0000 -11.10922
61130.0000 -10.36493
61140.0000 -10.28124
61150.0000 -10.38584
61160.0000 -10.77206
61170.0000 -11.18489
61180.0000 -11.21399
61190.0000 -11.67868
61200.0000 -11.57294
61210.0000 -11.59826
61220.0000 -11.08906
61230.0000 -10.90799
61240.0000 -11.11044
61250.0000 -10.69122
61260.0000 -10.71696
61270.0000 -10.42526
61280.0000 -9.89905
61290.0000 -9.92709
61300.0000 -9.84167
61310.0000 -10.59158
61320.0000 -10.17604
61330.0000 -9.72311
61340.0000 -10.53635
61350.0000 -9.84029
61360.0000 -8.97714
61370.0000 -8.70576
61380.0000 -8.59002
61390.0000 -8.14002
61400.0000 -7.88895
61410.0000 -7.98020
61420.0000 -7.90709
61430.0000 -7.60124
61440.0000 -6.78527
61450.0000 -6.68133
61460.0000 -6.05222
61470.0000 -5.94628
61480.0000 -5.63023
61490.0000 -5.68345
61500.0000 -5.64664
61510.0000 -5.95636
61520.0000 -5.77820
61530.0000 -5.28998
61540.0000 -4.81756
61550.0000 -4.67511
61560.0000 -4.68638
61570.0000 -4.73274
61580.0000 -4.51313
61590.0000 -4.05706
61600.0000 -4.08295
61610.0000 -3.26860
61620.0000 -2.83175
61630.0000 -3.14699
61640.0000 -3.63971
61650.0000 -3.47914
61660.0000 -3.62551
61670.0000 -4.12798
61680.0000 -4.49525
61690.0000 -3.87276
61700.0000 -3.30271
61710.0000 -4.22879
61720.0000 -4.39124
61730.0000 -4.16281
61740.0000 -3.95738
61750.0000 -4.27043
61760.0000 -3.96702
61770.0000 -3.08109
61780.0000 -3.56812
61790.0000 -3.64171
61800.0000 -3.51705
61810.0000 -4.06502
61820.0000 -3.99813
61830.0000 -4.40364
61840.0000 -4.64122
61850.0000 -4.37747
61860.0000 -4.57081
61870.0000 -4.40441
61880.0000 -4.46628
61890.0000 -4.63422
61900.0000 -3.45862
61910.0000 -3.58995
61920.0000 -3.43633
61930.0000 -4.00648
61940.0000 -4.61336
61950.0000 -4.48202
61960.0000 -4.25629
61970.0000 -4.34775
61980.0000 -4.07307
61990.0000 -4.81983
62000.0000 -5.51162
62010.0000 -5.60091
62020.0000 -5.76990
62030.0000 -6.07524
62040.0000 -6.25208
62050.0000 -6.43782
62060.0000 -6.41740
62070.0000 -6.01790
62080.0000 -6.29306
62090.0000 -5.74946
62100.0000 -6.13634
62110.0000 -5.89652
62120.0000 -6.76296
62130.0000 -7.16657
62140.0000 -6.86152
62150.0000 -6.98339
62160.0000 -7.16409
62170.0000 -6.89178
62180.0000 -6.98534
62190.0000 -6.50286
62200.0000 -6.78977
62210.0000 -6.96900
62220.0000 -6.73567
62230.0000 -6.57207
62240.0000 -6.66006
62250.0000 -7.03079
62260.0000 -7.16231
62270.0000 -6.95924
62280.0000 -7.64635
62290.0000 -7.89732
62300.0000 -8.76540
62310.0000 -8.25969
62320.0000 -8.58741
62330.0000 -8.44785
62340.0000 -7.70141
62350.0000 -7.41041
62360.0000 -7.50989
62370.0000 -7.58920
62380.0000 -7.71878
62390.0000 -7.86311
62400.0000 -7.82572
62410.0000 -7.62989
62420.0000 -7.28270
62430.0000 -7.23157
62440.0000 -6.90968
62450.0000 -6.65906
62460.0000 -6.62334
62470.0000 -5.81291
62480.0000 -5.06063
62490.0000 -5.18253
62500.0000 -5.35931
62510.0000 -5.61124
62520.0000 -6.12312
62530.0000 -5.48717
62540.0000 -5.16719
62550.0000 -5.24370
62560.0000 -5.81001
62570.0000 -5.73782
62580.0000 -5.33537
62590.0000 -5.80455
62600.0000 -6.02994
62610.0000 -6.33481
62620.0000 -6.25093
62630.0000 -6.28791
62640.0000 -6.50975
62650.0000 -6.20793
62660.0000 -6.29415
62670.0000 -6.77409
62680.0000 -6.86300
62690.0000 -7.37535
62700.0000 -8.06714
62710.0000 -7.72432
62720.0000 -7.15508
62730.0000 -7.74848
62740.0000 -7.94033
62750.0000 -8.20448
62760.0000 -7.97823
62770.0000 -7.29900
62780.0000 -7.27693
62790.0000 -7.16470
62800.0000 -7.05501
62810.0000 -7.57547
62820.0000 -7.57864
62830.0000 -8.25568
62840.0000 -7.77737
62850.0000 -7.14225
62860.0000 -6.78351
62870.0000 -6.81929
62880.0000 -6.63789
62890.0000 -7.10541
62900.0000 -7.41299
62910.0000 -7.43619
62920.0000 -8.14962
62930.0000 -8.23040
62940.0000 -8.71307
62950.0000 -9.22355
62960.0000 -9.32570
62970.0000 -8.51938
62980.0000 -8.16961
62990.0000 -8.40436
63000.0000 -8.71978
63010.0000 -9.52975
63020.0000 -9.45920
63030.0000 -9.72781
63040.0000 -9.46856
63050.0000 -9.53834
63060.0000 -9.05327
63070.0000 -9.71542
63080.0000 -9.99130
63090.0000 -9.99940
63100.0000 -10.18230
63110.0000 -10.72961
63120.0000 -11.27805
63130.0000 -11.34310
63140.0000 -11.75837
63150.0000 -11.14162
63160.0000 -11.11280
63170.0000 -11.42354
63180.0000 -11.41594
63190.0000 -11.14446
63200.0000 -10.96468
63210.0000 -10.93956
63220.0000 -11.58616
63230.0000 -10.97595
63240.0000 -10.81444
63250.0000 -10.70752
63260.0000 -11.10423
63270.0000 -11.18280
63280.0000 -11.06064
63290.0000 -11.25526
63300.0000 -10.93832
63310.0000 -11.24894
63320.0000 -11.27960
63330.0000 -11.32861
63340.0000 -11.48925
63350.0000 -11.51106
63360.0000 -10.95197
63370.0000 -10.34423
63380.0000 -9.92580
63390.0000 -10.26942
63400.0000 -10.76707
63410.0000 -10.51982
63420.0000 -11.06702
63430.0000 -10.59934
63440.0000 -9.72311
63450.0000 -8.88996
63460.0000 -8.83374
63470.0000 -8.46417
63480.0000 -8.18110
63490.0000 -8.19468
63500.0000 -8.45237
63510.0000 -8.40630
63520.0000 -8.34110
63530.0000 -8.48697
63540.0000 -8.68324
63550.0000 -8.06656
63560.0000 -7.42739
63570.0000 -7.46771
63580.0000 -7.71890
63590.0000 -8.08289
63600.0000 -8.10238
63610.0000 -8.50959
63620.0000 -8.80664
63630.0000 -8.96404
63640.0000 -9.62705
63650.0000 -8.80708
63660.0000 -8.86025
63670.0000 -8.75603
63680.0000 -8.76587
63690.0000 -9.38497
63700.0000 -10.06496
63710.0000 -10.05297
63720.0000 -9.79333
63730.0000 -9.92808
63740.0000 -9.83108
63750.0000 -9.49785
63760.0000 -9.24138
63770.0000 -9.85702
63780.0000 -9.42364
63790.0000 -9.14179
63800.0000 -9.20032
63810.0000 -9.14306
63820.0000 -8.82725
63830.0000 -9.06214
63840.0000 -8.90615
63850.0000 -8.47273
63860.0000 -8.49146
63870.0000 -8.03277
63880.0000 -7.64721
63890.0000 -7.98947
63900.0000 -7.49794
63910.0000 -6.90292
63920.0000 -7.00180
63930.0000 -6.66615
63940.0000 -7.66542
63950.0000 -7.86509
63960.0000 -7.61546
63970.0000 -7.68091
63980.0000 -7.51634
63990.0000 -7.52487
64000.0000 -7.57396
64010.0000 -7.02353
64020.0000 -7.57597
64030.0000 -7.68343
64040.0000 -7.91447
64050.0000 -8.25739
64060.0000 -8.85500
64070.0000 -9.02626
64080.0000 -9.28103
64090.0000 -9.05729
64100.0000 -8.81848
64110.0000 -8.58531
64120.0000 -7.68802
64130.0000 -6.87220
64140.0000 -6.82119
64150.0000 -6.78261
64160.0000 -6.70604
64170.0000 -7.22849
64180.0000 -7.32857
64190.0000 -7.44497
64200.0000 -7.28870
64210.0000 -6.73913
64220.0000 -6.66387
64230.0000 -6.17539
64240.0000 -6.24026
64250.0000 -6.03010
64260.0000 -5.81496
64270.0000 -6.20493
64280.0000 -6.26007
64290.0000 -5.57886
64300.0000 -5.32981
64310.0000 -4.94602
64320.0000 -5.19714
64330.0000 -5.47407
64340.0000 -5.91888
64350.0000 -5.73915
64360.0000 -5.52112
64370.0000 -5.10966
64380.0000 -4.95679
64390.0000 -4.88223
64400.0000 -4.35077
64410.0000 -3.96469
64420.0000 -3.85308
64430.0000 -4.03792
64440.0000 -4.56748
64450.0000 -4.99090
64460.0000 -5.21834
64470.0000 -5.10940
64480.0000 -5.10851
64490.0000 -5.23327
64500.0000 -5.88029
64510.0000 -5.67810
64520.0000 -5.49625
64530.0000 -5.83849
64540.0000 -6.32239
64550.0000 -6.55046
64560.0000 -6.72043
64570.0000 -6.77767
64580.0000 -6.51578
64590.0000 -6.88285
64600.0000 -6.49820
64610.0000 -6.11803
64620.0000 -6.29633
64630.0000 -6.64972
64640.0000 -7.32634
64650.0000 -7.55805
64660.0000 -7.35254
64670.0000 -8.07950
64680.0000 -8.39414
64690.0000 -8.82292
64700.0000 -8.70047
64710.0000 -8.19807
64720.0000 -7.27671
64730.0000 -7.58545
64740.0000 -7.53156
64750.0000 -8.58063
64760.0000 -8.12276
64770.0000 -8.01165
64780.0000 -8.43369
64790.0000 -8.32337
64800.0000 -8.37991
64810.0000 -8.52185
64820.0000 -9.41586
64830.0000 -10.26995
64840.0000 -10.16043
64850.0000 -10.06867
64860.0000 -10.27633
64870.0000 -10.20764
64880.0000 -10.79519
64890.0000 -10.34223
64900.0000 -10.39558
64910.0000 -10.09123
64920.0000 -10.04008
64930.0000 -9.98759
64940.0000 -9.84105
64950.0000 -10.14875
64960.0000 -10.09166
64970.0000 -9.98465
64980.0000 -9.59052
64990.0000 -10.19213
65000.0000 -10.13087
65010.0000 -9.83405
65020.0000 -10.21373
65030.0000 -10.54949
65040.0000 -10.59208
65050.0000 -10.08249
65060.0000 -9.42707
65070.0000 -9.58107
65080.0000 -10.05877
65090.0000 -10.40681
65100.0000 -10.52213
65110.0000 -10.19585
65120.0000 -10.30036
65130.0000 -10.03934
65140.0000 -9.61051
65150.0000 -9.47993
65160.0000 -10.09905
65170.0000 -9.68135
65180.0000 -9.87673
65190.0000 -10.29507
65200.0000 -10.24580
65210.0000 -10.42048
65220.0000 -10.64288
65230.0000 -10.18208
65240.0000 -9.59135
65250.0000 -9.67186
65260.0000 -9.61460
65270.0000 -9.64045
65280.0000 -10.48995
65290.0000 -10.07373
65300.0000 -9.55622
65310.0000 -9.21304
65320.0000 -8.95446
65330.0000 -8.92093
65340.0000 -8.43328
65350.0000 -8.69635
65360.0000 -9.12867
65370.0000 -8.79630
65380.0000 -8.69284
65390.0000 -8.71799
65400.0000 -8.13676
65410.0000 -7.93825
65420.0000 -8.01775
65430.0000 -7.40604
65440.0000 -7.29500
65450.0000 -7.58673
65460.0000 -7.68380
65470.0000 -7.40967
65480.0000 -7.04245
65490.0000 -6.41722
65500.0000 -6.41257
65510.0000 -6.10785
65520.0000 -6.17456
65530.0000 -6.65122
65540.0000 -6.62272
65550.0000 -6.34687
65560.0000 -6.19267
65570.0000 -6.16097
65580.0000 -5.07194
65590.0000 -4.31525
65600.0000 -3.84340
65610.0000 -4.05305
65620.0000 -3.69693
65630.0000 -3.07399
65640.0000 -3.76021
65650.0000 -3.36254
65660.0000 -3.21004
65670.0000 -3.00327
65680.0000 -3.24811
65690.0000 -2.71319
65700.0000 -2.73778
65710.0000 -2.72174
65720.0000 -3.37228
65730.0000 -3.20912
65740.0000 -2.73351
65750.0000 -2.89441
65760.0000 -3.38942
65770.0000 -3.63103
65780.0000 -3.44895
65790.0000 -3.94252
65800.0000 -3.79433
65810.0000 -3.57667
65820.0000 -3.88587
65830.0000 -3.12939
65840.0000 -2.99544
65850.0000 -2.98551
65860.0000 -3.11484
65870.0000 -2.95872
65880.0000 -2.88918
65890.0000 -2.97601
65900.0000 -3.27306
65910.0000 -3.31607
65920.0000 -3.11286
65930.0000 -3.59233
65940.0000 -4.03782
65950.0000 -4.15117
65960.0000 -4.31256
65970.0000 -4.36821
65980.0000 -4.04216
65990.0000 -2.99658
66000.0000 -2.76932
66010.0000 -2.54031
66020.0000 -3.29639
66030.0000 -3.30640
66040.0000 -3.31546
66050.0000 -2.97542
66060.0000 -3.32672
66070.0000 -3.71697
66080.0000 -4.56630
66090.0000 -4.74116
66100.0000 -4.33570
66110.0000 -4.82673
66120.0000 -4.73547
66130.0000 -4.81848
66140.0000 -4.99926
66150.0000 -5.74986
66160.0000 -5.68689
66170.0000 -5.85961
66180.0000 -5.79737
66190.0000 -6.28427
66200.0000 -6.19047
66210.0000 -6.12008
66220.0000 -6.64375
66230.0000 -5.66136
66240.0000 -5.33609
66250.0000 -5.11919
66260.0000 -5.51229
66270.0000 -5.31810
66280.0000 -5.68378
66290.0000 -6.12585
66300.0000 -5.62162
66310.0000 -5.86794
66320.0000 -6.20041
66330.0000 -6.42958
66340.0000 -6.21678
66350.0000 -6.75612
66360.0000 -7.29826
66370.0000 -7.27725
66380.0000 -7.27475
66390.0000 -7.66333
66400.0000 -7.74619
66410.0000 -7.54597
66420.0000 -7.03070
66430.0000 -6.93588
66440.0000 -6.54835
66450.0000 -6.45550
66460.0000 -6.37183
66470.0000 -5.28064
66480.0000 -5.36796
66490.0000 -5.20586
66500.0000 -4.74944
66510.0000 -4.61609
66520.0000 -5.67604
66530.0000 -6.31944
66540.0000 -6.30115
66550.0000 -6.00255
66560.0000 -6.15130
66570.0000 -5.97155
66580.0000 -6.93909
66590.0000 -7.02266
66600.0000 -7.80738
66610.0000 -8.29052
66620.0000 -8.24703
66630.0000 -7.80565
66640.0000 -7.25376
66650.0000 -7.49688
66660.0000 -7.78640
66670.0000 -8.07118
66680.0000 -9.03571
66690.0000 -9.17496
66700.0000 -9.89986
66710.0000 -10.88543
66720.0000 -10.20930
66730.0000 -9.85803
66740.0000 -10.30182
66750.0000 -10.46757
66760.0000 -10.72768
66770.0000 -10.65365
66780.0000 -10.54906
66790.0000 -10.33393
66800.0000 -10.82421
66810.0000 -11.11650
66820.0000 -11.58804
66830.0000 -11.67799
66840.0000 -12.39506
66850.0000 -12.86241
66860.0000 -12.62914
66870.0000 -12.28995
66880.0000 -12.91397
66890.0000 -12.33130
66900.0000 -12.38054
66910.0000 -13.00235
66920.0000 -13.27335
66930.0000 -13.75382
66940.0000 -14.09681
66950.0000 -14.13551
66960.0000 -13.95535
66970.0000 -14.13011
66980.0000 -13.75917
66990.0000 -13.46671
67000.0000 -13.73456
67010.0000 -14.06025
67020.0000 -14.15974
67030.0000 -14.09953
67040.0000 -14.27965
67050.0000 -14.44464
67060.0000 -13.59628
67070.0000 -13.49814
67080.0000 -13.51747
67090.0000 -13.22752
67100.0000 -13.17140
67110.0000 -13.24319
67120.0000 -13.29583
67130.0000 -13.79479
67140.0000 -13.79745
67150.0000 -14.08630
67160.0000 -13.46735
67170.0000 -12.82141
67180.0000 -12.19197
67190.0000 -11.94505
67200.0000 -11.29607
67210.0000 -10.95128
67220.0000 -10.86677
67230.0000 -11.26145
67240.0000 -10.65791
67250.0000 -9.61530
67260.0000 -9.48356
67270.0000 -9.28573
67280.0000 -8.94313
67290.0000 -8.89614
67300.0000 -9.38400
67310.0000 -9.46173
67320.0000 -9.37680
67330.0000 -8.99177
67340.0000 -10.43933
67350.0000 -10.01452
67360.0000 -9.45018
67370.0000 -9.51130
67380.0000 -9.96671
67390.0000 -10.03464
67400.0000 -9.26378
67410.0000 -9.78171
67420.0000 -9.59088
67430.0000 -9.78201
67440.0000 -9.44101
67450.0000 -9.65545
67460.0000 -9.45763
67470.0000 -8.56958
67480.0000 -8.52493
67490.0000 -8.84768
67500.0000 -8.45354
67510.0000 -8.47571
67520.0000 -8.19853
67530.0000 -8.48472
67540.0000 -9.02229
67550.0000 -8.99827
67560.0000 -9.19681
67570.0000 -9.01615
67580.0000 -9.66489
67590.0000 -9.97200
67600.0000 -10.48939
67610.0000 -11.03561
67620.0000 -10.28185
67630.0000 -10.03134
67640.0000 -9.19627
67650.0000 -8.83286
67660.0000 -9.27742
67670.0000 -9.55938
67680.0000 -10.47555
67690.0000 -10.31850
67700.0000 -10.20463
67710.0000 -10.22160
67720.0000 -10.50395
67730.0000 -10.37535
67740.0000 -10.36348
67750.0000 -9.82080
67760.0000 -9.53277
67770.0000 -8.99748
67780.0000 -9.00360
67790.0000 -8.99085
67800.0000 -8.94572
67810.0000 -9.14876
67820.0000 -8.99588
67830.0000 -8.44388
67840.0000 -8.84560
67850.0000 -9.08619
67860.0000 -9.26841
67870.0000 -9.61064
67880.0000 -10.43149
67890.0000 -10.55018
67900.0000 -10.19339
67910.0000 -10.37518
67920.0000 -10.46403
67930.0000 -9.98995
67940.0000 -9.35876
67950.0000 -9.49290
67960.0000 -9.94275
67970.0000 -10.40724
67980.0000 -9.88996
67990.0000 -10.38081
68000.0000 -10.32797
68010.0000 -10.24735
68020.0000 -10.59369
68030.0000 -10.92266
68040.0000 -10.72968
68050.0000 -10.68647
68060.0000 -11.09307
68070.0000 -11.55107
68080.0000 -11.58434
68090.0000 -12.01617
68100.0000 -11.95947
68110.0000 -12.26556
68120.0000 -12.30904
68130.0000 -11.48308
68140.0000 -11.70416
68150.0000 -11.40885
68160.0000 -11.76459
68170.0000 -11.80641
68180.0000 -11.45467
68190.0000 -11.28558
68200.0000 -10.88333
68210.0000 -10.15903
68220.0000 -10.83826
68230.0000 -10.88516
68240.0000 -11.03623
68250.0000 -11.08173
68260.0000 -11.05095
68270.0000 -10.34570
68280.0000 -10.52270
68290.0000 -10.95833
68300.0000 -10.88155
68310.0000 -11.23225
68320.0000 -11.01635
68330.0000 -10.56734
68340.0000 -10.62300
68350.0000 -10.56246
68360.0000 -10.93386
68370.0000 -11.08544
68380.0000 -11.52399
68390.0000 -11.82624
68400.0000 -11.77627
68410.0000 -12.18806
68420.0000 -11.75244
68430.0000 -11.92562
68440.0000 -11.99323
68450.0000 -11.89967
68460.0000 -12.01964
68470.0000 -12.59230
68480.0000 -12.96640
68490.0000 -13.15867
68500.0000 -13.57995
68510.0000 -13.92498
68520.0000 -13.71727
68530.0000 -14.20536
68540.0000 -14.03058
68550.0000 -13.89246
68560.0000 -13.71857
68570.0000 -13.49744
68580.0000 -13.43953
68590.0000 -13.72627
68600.0000 -13.70874
68610.0000 -13.72811
68620.0000 -14.45993
68630.0000 -14.73067
68640.0000 -14.53309
68650.0000 -14.47622
68660.0000 -14.26935
68670.0000 -13.62755
68680.0000 -13.94539
68690.0000 -14.12064
68700.0000 -13.26665
68710.0000 -13.04562
68720.0000 -13.65566
68730.0000 -14.16061
68740.0000 -14.16942
68750.0000 -14.03329
68760.0000 -14.14096
68770.0000 -14.29593
68780.0000 -14.58679
68790.0000 -14.91926
68800.0000 -14.64788
68810.0000 -14.41749
68820.0000 -14.58842
68830.0000 -14.77424
68840.0000 -15.36223
68850.0000 -15.06600
68860.0000 -15.02451
68870.0000 -15.26067
68880.0000 -15.08724
68890.0000 -15.01085
68900.0000 -15.21197
68910.0000 -15.18655
68920.0000 -14.81436
68930.0000 -15.07022
68940.0000 -15.44417
68950.0000 -16.04587
68960.0000 -16.01959
68970.0000 -15.90523
68980.0000 -15.68874
68990.0000 -15.91633
69000.0000 -16.07048
69010.0000 -16.24178
69020.0000 -16.08137
69030.0000 -15.93354
69040.0000 -16.29162
69050.0000 -16.02643
69060.0000 -15.57409
69070.0000 -15.07224
69080.0000 -14.28029
69090.0000 -13.60212
69100.0000 -12.58564
69110.0000 -12.95830
69120.0000 -13.11105
69130.0000 -13.13487
69140.0000 -13.33762
69150.0000 -13.08656
69160.0000 -13.44016
69170.0000 -13.66808
69180.0000 -13.52390
69190.0000 -13.63383
69200.0000 -14.53815
69210.0000 -14.67032
69220.0000 -14.59453
69230.0000 -14.80037
69240.0000 -14.94495
69250.0000 -14.92648
69260.0000 -14.92450
69270.0000 -14.56623
69280.0000 -14.01321
69290.0000 -13.65007
69300.0000 -14.18933
69310.0000 -14.37187
69320.0000 -13.79494
69330.0000 -13.59601
69340.0000 -13.00438
69350.0000 -12.76974
69360.0000 -12.77886
69370.0000 -13.06096
69380.0000 -13.78093
69390.0000 -13.42842
69400.0000 -13.93096
69410.0000 -13.64519
69420.0000 -13.53330
69430.0000 -13.88697
69440.0000 -14.62684
69450.0000 -14.41688
69460.0000 -14.23326
69470.0000 -14.31283
69480.0000 -14.08926
69490.0000 -14.43688
69500.0000 -13.96347
69510.0000 -14.30187
69520.0000 -13.99715
69530.0000 -13.86058
69540.0000 -14.11437
69550.0000 -13.43977
69560.0000 -13.49972
69570.0000 -13.88317
69580.0000 -12.90611
69590.0000 -12.36073
69600.0000 -12.18859
69610.0000 -11.79305
69620.0000 -11.69293
69630.0000 -11.74518
69640.0000 -11.62334
69650.0000 -11.50060
69660.0000 -11.23582
69670.0000 -11.06963
69680.0000 -10.79319
69690.0000 -10.94470
69700.0000 -11.02984
69710.0000 -10.67386
69720.0000 -10.33678
69730.0000 -9.78665
69740.0000 -9.40169
69750.0000 -9.14265
69760.0000 -9.33203
69770.0000 -8.95082
69780.0000 -8.43739
69790.0000 -8.32859
69800.0000 -8.01449
69810.0000 -8.24394
69820.0000 -8.42686
69830.0000 -7.88277
69840.0000 -7.80710
69850.0000 -8.26970
69860.0000 -7.92983
69870.0000 -8.09469
69880.0000 -7.89251
69890.0000 -8.02680
69900.0000 -8.14087
69910.0000 -8.64153
69920.0000 -8.29590
69930.0000 -7.62451
69940.0000 -7.43102
69950.0000 -7.16904
69960.0000 -7.43042
69970.0000 -7.34563
69980.0000 -7.31537
69990.0000 -7.49477
70000.0000 -6.73128
70010.0000 -6.16660
70020.0000 -6.46163
70030.0000 -7.08182
70040.0000 -7.55491
70050.0000 -7.54812
70060.0000 -7.51111
70070.0000 -7.31758
70080.0000 -7.20239
70090.0000 -7.33384
70100.0000 -7.36958
70110.0000 -7.50466
70120.0000 -8.08781
70130.0000 -7.73958
70140.0000 -7.46842
70150.0000 -6.73735
70160.0000 -6.91396
70170.0000 -6.60930
70180.0000 -6.86663
70190.0000 -6.43984
70200.0000 -6.40145
70210.0000 -7.35105
70220.0000 -7.49100
70230.0000 -7.54442
70240.0000 -7.32798
70250.0000 -6.97827
70260.0000 -6.10319
70270.0000 -6.12184
70280.0000 -6.32762
70290.0000 -5.95879
70300.0000 -5.72797
70310.0000 -6.06409
70320.0000 -6.41721
70330.0000 -5.49074
70340.0000 -5.49575
70350.0000 -5.28631
70360.0000 -5.40447
70370.0000 -5.45997
70380.0000 -5.26492
70390.0000 -5.56896
70400.0000 -6.20850
70410.0000 -6.55832
70420.0000 -6.39382
70430.0000 -6.44192
70440.0000 -7.01307
70450.0000 -7.50627
70460.0000 -8.18019
70470.0000 -7.85656
70480.0000 -8.05330
70490.0000 -8.41931
70500.0000 -8.54804
70510.0000 -9.39664
70520.0000 -9.52742
70530.0000 -8.96528
70540.0000 -8.24340
70550.0000 -8.37498
70560.0000 -8.55174
70570.0000 -8.59529
70580.0000 -8.75107
70590.0000 -8.82976
70600.0000 -8.37034
70610.0000 -8.22862
70620.0000 -8.06361
70630.0000 -8.59054
70640.0000 -8.55880
70650.0000 -8.95554
70660.0000 -8.83672
70670.0000 -8.74748
70680.0000 -8.69797
70690.0000 -8.83849
70700.0000 -9.21060
70710.0000 -9.33607
70720.0000 -9.63165
70730.0000 -9.63246
70740.0000 -9.51506
70750.0000 -9.87835
70760.0000 -10.23231
70770.0000 -10.58125
70780.0000 -10.70716
70790.0000 -10.92434
70800.0000 -11.11713
70810.0000 -11.48906
70820.0000 -11.51835
70830.0000 -10.86986
70840.0000 -10.84482
70850.0000 -10.61654
70860.0000 -10.33238
70870.0000 -9.98923
70880.0000 -10.12947
70890.0000 -10.19183
70900.0000 -9.00562
70910.0000 -8.34543
70920.0000 -8.21128
70930.0000 -8.45109
70940.0000 -8.33526
70950.0000 -8.46360
70960.0000 -8.47394
70970.0000 -7.87191
70980.0000 -7.85581
70990.0000 -7.53455
71000.0000 -7.21720
71010.0000 -6.46499
71020.0000 -6.58669
71030.0000 -6.71737
71040.0000 -6.33129
71050.0000 -6.01763
71060.0000 -6.40292
71070.0000 -5.67761
71080.0000 -5.56570
71090.0000 -5.78115
71100.0000 -5.36482
71110.0000 -5.62121
71120.0000 -5.56664
71130.0000 -5.60212
71140.0000 -5.77548
71150.0000 -5.46091
71160.0000 -5.19884
71170.0000 -4.96054
71180.0000 -5.49157
71190.0000 -5.52207
71200.0000 -5.27219
71210.0000 -5.08393
71220.0000 -4.99952
71230.0000 -4.98471
71240.0000 -5.20203
71250.0000 -5.42095
71260.0000 -5.72871
71270.0000 -5.94996
71280.0000 -6.41400
71290.0000 -6.16977
71300.0000 -5.98679
71310.0000 -5.65786
71320.0000 -5.55775
71330.0000 -5.14728
71340.0000 -4.56421
71350.0000 -3.94571
71360.0000 -3.54840
71370.0000 -3.38719
71380.0000 -3.02192
71390.0000 -3.28856
71400.0000 -3.28244
71410.0000 -3.57317
71420.0000 -3.54840
71430.0000 -3.42561
71440.0000 -3.40597
71450.0000 -4.11092
71460.0000 -4.63266
71470.0000 -4.14177
71480.0000 -3.59810
71490.0000 -3.72597
71500.0000 -3.50683
71510.0000 -3.45623
71520.0000 -3.17676
71530.0000 -3.41418
71540.0000 -3.48997
71550.0000 -2.84068
71560.0000 -3.57599
71570.0000 -4.08255
71580.0000 -4.00838
71590.0000 -4.05106
71600.0000 -3.99833
71610.0000 -3.56943
71620.0000 -3.42599
71630.0000 -3.83698
71640.0000 -3.55524
71650.0000 -3.92211
71660.0000 -4.01260
71670.0000 -4.14633
71680.0000 -3.18770
71690.0000 -2.54183
71700.0000 -2.27229
71710.0000 -2.61231
71720.0000 -2.42462
71730.0000 -2.22913
71740.0000 -2.22194
71750.0000 -1.82199
71760.0000 -1.62554
71770.0000 -1.34720
71780.0000 -0.94464
71790.0000 -0.60963
71800.0000 0.13338
71810.0000 0.49859
71820.0000 0.64185
71830.0000 0.56310
71840.0000 0.35966
71850.0000 0.08158
71860.0000 0.54056
71870.0000 1.02518
71880.0000 1.40749
71890.0000 0.61578
71900.0000 0.68155
71910.0000 0.92820
71920.0000 1.17794
71930.0000 1.54946
71940.0000 1.47172
71950.0000 1.38733
71960.0000 1.30452
71970.0000 1.42713
71980.0000 1.01720
71990.0000 1.12429
72000.0000 1.08573
72010.0000 1.11972
72020.0000 1.46154
72030.0000 1.48643
72040.0000 2.00048
72050.0000 1.40610
72060.0000 0.61209
72070.0000 0.77560
72080.0000 0.34686
72090.0000 0.66062
72100.0000 1.05649
72110.0000 1.06974
72120.0000 0.60599
72130.0000 0.49384
72140.0000 0.23316
72150.0000 0.39722
72160.0000 0.57538
72170.0000 0.46605
72180.0000 1.27593
72190.0000 0.82515
72200.0000 0.94013
72210.0000 1.06743
72220.0000 0.58629
72230.0000 0.21716
72240.0000 0.16257
72250.0000 0.83073
72260.0000 0.79368
72270.0000 0.58506
72280.0000 0.85773
72290.0000 1.27816
72300.0000 1.06651
72310.0000 0.96515
72320.0000 1.24373
72330.0000 1.58299
72340.0000 1.90302
72350.0000 2.20825
72360.0000 1.94417
72370.0000 1.53687
72380.0000 1.10616
72390.0000 1.11773
72400.0000 1.36493
72410.0000 1.32958
72420.0000 1.06940
72430.0000 1.27478
72440.0000 1.83280
72450.0000 1.30070
72460.0000 1.48762
72470.0000 1.39180
72480.0000 1.27274
72490.0000 1.18530
72500.0000 1.17321
72510.0000 1.51887
72520.0000 2.03124
72530.0000 1.90682
72540.0000 1.72121
72550.0000 1.88785
72560.0000 0.85573
72570.0000 1.30555
72580.0000 1.23928
72590.0000 1.79175
72600.0000 1.79104
72610.0000 1.64431
72620.0000 1.26244
72630.0000 1.31929
72640.0000 0.60749
72650.0000 0.21834
72660.0000 0.21172
72670.0000 0.20819
72680.0000 -0.33050
72690.0000 -0.53591
72700.0000 -1.33026
72710.0000 -1.31636
72720.0000 -1.77090
72730.0000 -1.79392
72740.0000 -2.32283
72750.0000 -2.62031
72760.0000 -3.21368
72770.0000 -3.49215
72780.0000 -3.43750
72790.0000 -3.97017
72800.0000 -3.78741
72810.0000 -3.95271
72820.0000 -4.67513
72830.0000 -5.06977
72840.0000 -5.48731
72850.0000 -5.87492
72860.0000 -5.16214
72870.0000 -5.80711
72880.0000 -5.52740
72890.0000 -5.64580
72900.0000 -5.68618
72910.0000 -5.47178
72920.0000 -5.36653
72930.0000 -5.41248
72940.0000 -4.93375
72950.0000 -5.12331
72960.0000 -5.14681
72970.0000 -4.88909
72980.0000 -4.61637
72990.0000 -4.63990
73000.0000 -4.28419
73010.0000 -4.33121
73020.0000 -4.48227
73030.0000 -3.89779
73040.0000 -4.34837
73050.0000 -4.44652
73060.0000 -4.47074
73070.0000 -5.34194
73080.0000 -5.60940
73090.0000 -5.83848
73100.0000 -5.60940
73110.0000 -5.64778
73120.0000 -5.98106
73130.0000 -6.49240
73140.0000 -6.44121
73150.0000 -6.24656
73160.0000 -5.13591
73170.0000 -5.09952
73180.0000 -5.30917
73190.0000 -5.47503
73200.0000 -5.24758
73210.0000 -4.76394
73220.0000 -5.55437
73230.0000 -5.56302
73240.0000 -5.11807
73250.0000 -4.89223
73260.0000 -5.27503
73270.0000 -5.03262
73280.0000 -5.01075
73290.0000 -4.71502
73300.0000 -4.96097
73310.0000 -5.25827
73320.0000 -4.95678
73330.0000 -4.59014
73340.0000 -4.22579
73350.0000 -4.11453
73360.0000 -4.19172
73370.0000 -4.13620
73380.0000 -4.49674
73390.0000 -4.14459
73400.0000 -4.01793
73410.0000 -3.72773
73420.0000 -4.09832
73430.0000 -3.76007
73440.0000 -3.83910
73450.0000 -4.22260
73460.0000 -3.77450
73470.0000 -3.74651
73480.0000 -2.84746
73490.0000 -2.76129
73500.0000 -2.86251
73510.0000 -2.31661
73520.0000 -2.23247
73530.0000 -1.78876
73540.0000 -1.53398
73550.0000 -0.72585
73560.0000 -0.66301
73570.0000 -0.80419
73580.0000 -0.74506
73590.0000 -0.21549
73600.0000 0.52451
73610.0000 0.59099
73620.0000 0.51564
73630.0000 0.22882
73640.0000 -0.50995
73650.0000 -1.15066
73660.0000 -0.81676
73670.0000 -0.73196
73680.0000 -0.93685
73690.0000 -1.03892
73700.0000 -1.59250
73710.0000 -2.31432
73720.0000 -2.19876
73730.0000 -2.27596
73740.0000 -2.70654
73750.0000 -2.13355
73760.0000 -2.06938
73770.0000 -1.89476
73780.0000 -2.10911
73790.0000 -2.07435
73800.0000 -1.38663
73810.0000 -1.62165
73820.0000 -2.27143
73830.0000 -2.20293
73840.0000 -2.13414
73850.0000 -2.34884
73860.0000 -2.46611
73870.0000 -1.67596
73880.0000 -1.60196
73890.0000 -1.37917
73900.0000 -1.23218
73910.0000 -1.18648
73920.0000 -1.38115
73930.0000 -1.81249
73940.0000 -1.39874
73950.0000 -1.28343
73960.0000 -1.53055
73970.0000 -1.47893
73980.0000 -1.45087
73990.0000 -1.40062
74000.0000 -1.48495
74010.0000 -1.44514
74020.0000 -2.80996
74030.0000 -3.63784
74040.0000 -3.37855
74050.0000 -3.29323
74060.0000 -3.53790
74070.0000 -3.75637
74080.0000 -3.74765
74090.0000 -3.00213
74100.0000 -2.62345
74110.0000 -2.58963
74120.0000 -3.08880
74130.0000 -2.93835
74140.0000 -2.56065
74150.0000 -2.82510
74160.0000 -2.58625
74170.0000 -2.74458
74180.0000 -3.14380
74190.0000 -2.60010
74200.0000 -2.61734
74210.0000 -2.50874
74220.0000 -2.92472
74230.0000 -2.85200
74240.0000 -2.39357
74250.0000 -2.36758
74260.0000 -2.88716
74270.0000 -2.56417
74280.0000 -2.65979
74290.0000 -2.52559
74300.0000 -2.22502
74310.0000 -2.16864
74320.0000 -1.95678
74330.0000 -1.61792
74340.0000 -1.30398
74350.0000 -1.26682
74360.0000 -1.31716
74370.0000 -1.62837
74380.0000 -1.78667
74390.0000 -1.60645
74400.0000 -1.87115
74410.0000 -2.47939
74420.0000 -1.98236
74430.0000 -1.87743
74440.0000 -1.57834
74450.0000 -0.95905
74460.0000 -0.23508
74470.0000 -0.04791
74480.0000 -0.59189
74490.0000 -0.52361
74500.0000 -0.21114
74510.0000 -0.45855
74520.0000 -0.37369
74530.0000 0.02900
74540.0000 0.54795
74550.0000 1.13035
74560.0000 1.55430
74570.0000 0.76398
74580.0000 1.18721
74590.0000 1.47442
74600.0000 0.83854
74610.0000 0.88822
74620.0000 1.09063
74630.0000 1.04110
74640.0000 0.97917
74650.0000 0.87454
74660.0000 1.81900
74670.0000 3.15334
74680.0000 3.46677
74690.0000 3.76381
74700.0000 4.39820
74710.0000 5.24003
74720.0000 5.81830
74730.0000 6.13621
74740.0000 6.01663
74750.0000 6.01655
74760.0000 5.99881
74770.0000 5.97748
74780.0000 5.98147
74790.0000 6.42605
74800.0000 6.56847
74810.0000 6.55599
74820.0000 6.37819
74830.0000 6.24725
74840.0000 6.92870
74850.0000 6.98423
74860.0000 6.88550
74870.0000 6.53600
74880.0000 6.30000
74890.0000 6.03950
74900.0000 5.98645
74910.0000 5.64017
74920.0000 5.86316
74930.0000 6.41565
74940.0000 5.86521
74950.0000 6.24013
74960.0000 5.70287
74970.0000 5.46465
74980.0000 5.29517
74990.0000 5.38788
75000.0000 4.82083
75010.0000 4.04463
75020.0000 3.73727
75030.0000 4.09336
75040.0000 4.11580
75050.0000 4.08367
75060.0000 4.09799
75070.0000 3.96353
75080.0000 4.60338
75090.0000 4.63884
75100.0000 4.39891
75110.0000 4.51000
75120.0000 4.85906
75130.0000 4.27883
75140.0000 4.57555
75150.0000 4.54303
75160.0000 5.02599
75170.0000 5.02795
75180.0000 4.79430
75190.0000 4.81594
75200.0000 4.64014
75210.0000 4.54816
75220.0000 4.38048
75230.0000 5.14660
75240.0000 4.87637
75250.0000 4.73719
75260.0000 5.01281
75270.0000 5.14769
75280.0000 5.23970
75290.0000 5.39606
75300.0000 5.89091
75310.0000 5.60643
75320.0000 5.68168
75330.0000 5.26727
75340.0000 4.56593
75350.0000 4.61543
75360.0000 4.91074
75370.0000 5.25270
75380.0000 4.62044
75390.0000 5.10137
75400.0000 4.83528
75410.0000 4.83759
75420.0000 4.83069
75430.0000 4.63869
75440.0000 4.10168
75450.0000 3.80398
75460.0000 3.60344
75470.0000 3.75330
75480.0000 4.09240
75490.0000 4.60616
75500.0000 4.32756
75510.0000 4.68481
75520.0000 3.91300
75530.0000 3.63208
75540.0000 3.02545
75550.0000 2.87239
75560.0000 3.01898
75570.0000 3.11892
75580.0000 2.78430
75590.0000 2.89144
75600.0000 2.96246
75610.0000 3.45748
75620.0000 3.72819
75630.0000 3.29602
75640.0000 3.44607
75650.0000 3.34955
75660.0000 3.14926
75670.0000 3.27166
75680.0000 3.10806
75690.0000 3.05013
75700.0000 3.78223
75710.0000 3.99382
75720.0000 4.34401
75730.0000 4.47050
75740.0000 4.66751
75750.0000 4.51225
75760.0000 4.99666
75770.0000 5.49367
75780.0000 5.62690
75790.0000 5.71088
75800.0000 5.80136
75810.0000 6.48855
75820.0000 7.12994
75830.0000 6.63674
75840.0000 6.51371
75850.0000 6.30629
75860.0000 6.80452
75870.0000 7.05911
75880.0000 7.08624
75890.0000 6.13995
75900.0000 6.04137
75910.0000 6.03420
75920.0000 6.21802
75930.0000 6.35974
75940.0000 5.99494
75950.0000 5.90401
75960.0000 5.56072
75970.0000 5.47276
75980.0000 5.52496
75990.0000 5.89814
76000.0000 5.64682
76010.0000 5.95000
76020.0000 6.26473
76030.0000 6.27024
76040.0000 6.38095
76050.0000 6.73773
76060.0000 6.91358
76070.0000 6.51085
76080.0000 6.23500
76090.0000 6.32125
76100.0000 5.91705
76110.0000 5.74427
76120.0000 6.24392
76130.0000 6.10420
76140.0000 6.08633
76150.0000 5.70182
76160.0000 5.47322
76170.0000 5.53499
76180.0000 5.63546
76190.0000 5.97601
76200.0000 6.92553
76210.0000 7.64490
76220.0000 7.76463
76230.0000 6.85981
76240.0000 6.58815
76250.0000 7.06607
76260.0000 6.47745
76270.0000 5.89546
76280.0000 5.87895
76290.0000 5.11910
76300.0000 4.73943
76310.0000 4.32166
76320.0000 4.57157
76330.0000 4.15133
76340.0000 4.54670
76350.0000 4.97768
76360.0000 5.33088
76370.0000 5.24023
76380.0000 5.69986
76390.0000 5.60451
76400.0000 6.01097
76410.0000 5.77706
76420.0000 5.79431
76430.0000 6.01517
76440.0000 6.26817
76450.0000 5.85646
76460.0000 5.79003
76470.0000 5.74404
76480.0000 6.14820
76490.0000 5.63223
76500.0000 5.96486
76510.0000 6.05789
76520.0000 6.05095
76530.0000 5.65866
76540.0000 5.25322
76550.0000 5.07248
76560.0000 4.49436
76570.0000 4.44086
76580.0000 5.06110
76590.0000 5.44795
76600.0000 5.83808
76610.0000 5.15094
76620.0000 4.75945
76630.0000 4.73271
76640.0000 4.61876
76650.0000 4.34840
76660.0000 4.31259
76670.0000 4.52088
76680.0000 4.43515
76690.0000 3.88290
76700.0000 3.11626
76710.0000 2.84582
76720.0000 2.60565
76730.0000 3.11840
76740.0000 3.25095
76750.0000 3.27534
76760.0000 2.85470
76770.0000 2.52719
76780.0000 2.40715
76790.0000 1.97802
76800.0000 2.01396
76810.0000 2.00005
76820.0000 2.11629
76830.0000 1.85653
76840.0000 2.32173
76850.0000 2.06539
76860.0000 1.86814
76870.0000 1.84145
76880.0000 1.61050
76890.0000 2.07160
76900.0000 2.24818
76910.0000 2.30778
76920.0000 2.76221
76930.0000 2.82234
76940.0000 3.34989
76950.0000 3.63432
76960.0000 4.29451
76970.0000 4.26167
76980.0000 4.09106
76990.0000 4.80376
77000.0000 5.32225
77010.0000 4.18324
77020.0000 3.71017
77030.0000 3.74273
77040.0000 3.28914
77050.0000 3.12041
77060.0000 2.72705
77070.0000 2.25001
77080.0000 2.50001
77090.0000 2.71130
77100.0000 2.67467
77110.0000 2.97389
77120.0000 3.26944
77130.0000 2.59342
77140.0000 2.74073
77150.0000 2.55681
77160.0000 3.13547
77170.0000 3.87456
77180.0000 3.91931
77190.0000 3.56274
77200.0000 3.16016
77210.0000 3.54947
77220.0000 3.88431
77230.0000 3.83565
77240.0000 4.17932
77250.0000 4.42579
77260.0000 4.33578
77270.0000 4.56020
77280.0000 4.89552
77290.0000 4.70508
77300.0000 4.59608
77310.0000 5.04387
77320.0000 5.21581
77330.0000 4.73757
77340.0000 4.62839
77350.0000 5.26310
77360.0000 5.28494
77370.0000 5.14362
77380.0000 4.93783
77390.0000 4.83686
77400.0000 4.62107
77410.0000 4.71573
77420.0000 4.72226
77430.0000 4.88266
77440.0000 4.69204
77450.0000 4.81380
77460.0000 5.20184
77470.0000 5.07722
77480.0000 4.68377
77490.0000 4.45131
77500.0000 4.60281
77510.0000 5.06351
77520.0000 4.89145
77530.0000 4.81994
77540.0000 4.63932
77550.0000 4.81830
77560.0000 4.99897
77570.0000 5.04369
77580.0000 5.48323
77590.0000 5.56504
77600.0000 5.99195
77610.0000 6.07184
77620.0000 6.43980
77630.0000 6.42008
77640.0000 6.16600
77650.0000 5.86319
77660.0000 5.62704
77670.0000 5.77043
77680.0000 6.16202
77690.0000 6.71764
77700.0000 7.24174
77710.0000 7.12958
77720.0000 7.07883
77730.0000 7.02609
77740.0000 7.57192
77750.0000 7.16760
77760.0000 7.82191
77770.0000 7.45146
77780.0000 7.38589
77790.0000 7.13285
77800.0000 7.17845
77810.0000 7.05346
77820.0000 6.98299
77830.0000 7.14901
77840.0000 6.89499
77850.0000 7.28213
77860.0000 7.19968
77870.0000 7.36696
77880.0000 7.20044
77890.0000 6.70188
77900.0000 6.31762
77910.0000 6.04419
77920.0000 5.58591
77930.0000 5.87271
77940.0000 6.29686
77950.0000 6.59131
77960.0000 7.15258
77970.0000 7.33234
77980.0000 7.43163
77990.0000 8.43803
78000.0000 8.39857
78010.0000 7.98655
78020.0000 8.29244
78030.0000 8.53654
78040.0000 8.64600
78050.0000 8.58875
78060.0000 8.41533
78070.0000 7.53677
78080.0000 7.68635
78090.0000 7.78149
78100.0000 7.72029
78110.0000 7.62884
78120.0000 7.26739
78130.0000 7.28816
78140.0000 6.81315
78150.0000 6.88097
78160.0000 6.81751
78170.0000 6.85498
78180.0000 6.75531
78190.0000 6.76016
78200.0000 6.34616
78210.0000 6.20704
78220.0000 6.12497
78230.0000 5.21756
78240.0000 5.42539
78250.0000 6.06089
78260.0000 5.92089
78270.0000 6.06735
78280.0000 5.55844
78290.0000 4.76423
78300.0000 4.75942
78310.0000 5.16799
78320.0000 4.94317
78330.0000 5.09162
78340.0000 5.30956
78350.0000 5.59131
78360.0000 5.82573
78370.0000 5.76066
78380.0000 5.89979
78390.0000 5.15469
78400.0000 5.01613
78410.0000 4.51639
78420.0000 5.40315
78430.0000 4.37453
78440.0000 3.68291
78450.0000 4.43811
78460.0000 4.59135
78470.0000 4.61592
78480.0000 4.69168
78490.0000 4.94949
78500.0000 4.79901
78510.0000 4.83183
78520.0000 4.93325
78530.0000 5.37720
78540.0000 5.29088
78550.0000 5.79921
78560.0000 5.83223
78570.0000 6.02372
78580.0000 6.41867
78590.0000 6.19101
78600.0000 6.34839
78610.0000 6.01779
78620.0000 5.89699
78630.0000 6.05590
78640.0000 5.38043
78650.0000 5.18995
78660.0000 5.31667
78670.0000 5.48600
78680.0000 5.33516
78690.0000 5.02511
78700.0000 5.37679
78710.0000 5.53223
78720.0000 5.50241
78730.0000 5.57352
78740.0000 6.06703
78750.0000 5.88406
78760.0000 5.54122
78770.0000 5.30067
78780.0000 4.86472
78790.0000 4.46605
78800.0000 4.14358
78810.0000 4.56583
78820.0000 4.88398
78830.0000 5.02840
78840.0000 4.55482
78850.0000 4.28822
78860.0000 4.27582
78870.0000 3.73957
78880.0000 3.19897
78890.0000 3.09378
78900.0000 2.92446
78910.0000 2.11007
78920.0000 2.34618
78930.0000 2.60084
78940.0000 2.18650
78950.0000 2.36171
78960.0000 2.17379
78970.0000 1.95265
78980.0000 1.81111
78990.0000 2.50360
79000.0000 2.82068
79010.0000 3.49804
79020.0000 3.41913
79030.0000 3.41457
79040.0000 3.72017
79050.0000 4.17491
79060.0000 3.94257
79070.0000 4.21940
79080.0000 4.80412
79090.0000 4.36844
79100.0000 4.26796
79110.0000 4.05605
79120.0000 4.35103
79130.0000 4.09501
79140.0000 4.01985
79150.0000 3.50683
79160.0000 2.96811
79170.0000 2.97874
79180.0000 3.02630
79190.0000 3.24668
79200.0000 3.59789
79210.0000 3.10607
79220.0000 3.85158
79230.0000 3.40328
79240.0000 3.09330
79250.0000 3.26983
79260.0000 2.65013
79270.0000 2.73678
79280.0000 2.67563
79290.0000 2.73342
79300.0000 2.68199
79310.0000 2.97111
79320.0000 3.52417
79330.0000 4.28639
79340.0000 4.49555
79350.0000 5.03871
79360.0000 4.76677
79370.0000 4.21205
79380.0000 4.53412
79390.0000 4.68392
79400.0000 4.69126
79410.0000 5.12394
79420.0000 5.16872
79430.0000 5.33720
79440.0000 4.96687
79450.0000 4.74438
79460.0000 4.60024
79470.0000 4.66413
79480.0000 4.49908
79490.0000 4.68160
79500.0000 5.01787
79510.0000 5.10415
79520.0000 4.86487
79530.0000 4.90233
79540.0000 4.72745
79550.0000 5.01394
79560.0000 5.73303
79570.0000 5.60272
79580.0000 6.10259
79590.0000 5.61885
79600.0000 5.21774
79610.0000 4.97286
79620.0000 4.47032
79630.0000 4.64370
79640.0000 4.40501
79650.0000 4.41415
79660.0000 4.43232
79670.0000 4.30761
79680.0000 4.35775
79690.0000 4.63895
79700.0000 4.28848
79710.0000 4.57208
79720.0000 4.11527
79730.0000 4.76926
79740.0000 4.50536
79750.0000 4.51345
79760.0000 4.73154
79770.0000 4.17681
79780.0000 4.29226
79790.0000 4.83188
79800.0000 5.23506
79810.0000 5.76602
79820.0000 5.86256
79830.0000 6.67437
79840.0000 7.08564
79850.0000 7.25914
79860.0000 7.45048
79870.0000 7.51404
79880.0000 7.66574
79890.0000 7.50925
79900.0000 6.87489
79910.0000 6.64880
79920.0000 6.73153
79930.0000 6.39950
79940.0000 6.25654
79950.0000 6.17837
79960.0000 6.13279
79970.0000 6.34229
79980.0000 6.65974
79990.0000 6.46415
80000.0000 6.62468
80010.0000 7.44244
80020.0000 7.23187
80030.0000 6.91057
80040.0000 6.74932
80050.0000 7.29432
80060.0000 7.14346
80070.0000 7.47346
80080.0000 7.69253
80090.0000 7.68762
80100.0000 8.65581
80110.0000 8.03390
80120.0000 7.67856
80130.0000 8.55077
80140.0000 8.76791
80150.0000 8.92966
80160.0000 8.88572
80170.0000 8.76160
80180.0000 8.52352
80190.0000 8.74707
80200.0000 8.64889
80210.0000 8.20101
80220.0000 8.28720
80230.0000 8.31728
80240.0000 7.60966
80250.0000 7.14732
80260.0000 7.24671
80270.0000 7.20977
80280.0000 7.45694
80290.0000 7.94548
80300.0000 8.27037
80310.0000 8.86595
80320.0000 8.98306
80330.0000 8.96061
80340.0000 8.72823
80350.0000 8.73721
80360.0000 8.43332
80370.0000 9.01910
80380.0000 9.29479
80390.0000 9.88059
80400.0000 9.19370
80410.0000 8.94543
80420.0000 8.43941
80430.0000 8.14735
80440.0000 8.35975
80450.0000 8.56658
80460.0000 8.42750
80470.0000 8.53928
80480.0000 9.27851
80490.0000 9.45190
80500.0000 9.08893
80510.0000 9.06633
80520.0000 8.90703
80530.0000 8.04911
80540.0000 7.79372
80550.0000 7.78797
80560.0000 7.86871
80570.0000 8.03826
80580.0000 8.54493
80590.0000 8.23730
80600.0000 8.60397
80610.0000 8.99314
80620.0000 8.88299
80630.0000 9.02784
80640.0000 8.71596
80650.0000 8.75157
80660.0000 8.13920
80670.0000 8.00951
80680.0000 7.68741
80690.0000 7.75555
80700.0000 7.90110
80710.0000 7.36811
80720.0000 7.18587
80730.0000 7.03425
80740.0000 6.81330
80750.0000 7.30528
80760.0000 7.28339
80770.0000 6.60937
80780.0000 6.49501
80790.0000 6.50935
80800.0000 6.21086
80810.0000 6.62622
80820.0000 7.20149
80830.0000 7.43959
80840.0000 7.10984
80850.0000 7.14822
80860.0000 7.71089
80870.0000 7.92644
80880.0000 8.01846
80890.0000 8.27417
80900.0000 8.53729
80910.0000 8.94660
80920.0000 8.28097
80930.0000 7.52015
80940.0000 7.53286
80950.0000 7.65901
80960.0000 8.19875
80970.0000 8.29100
80980.0000 7.62253
80990.0000 7.96234
81000.0000 7.62978
81010.0000 7.61375
81020.0000 7.50119
81030.0000 7.70735
81040.0000 7.51778
81050.0000 7.06799
81060.0000 7.03671
81070.0000 6.24233
81080.0000 6.09642
81090.0000 5.82736
81100.0000 5.14518
81110.0000 5.18360
81120.0000 5.62879
81130.0000 5.61130
81140.0000 6.04488
81150.0000 6.40837
81160.0000 6.26084
81170.0000 6.15065
81180.0000 6.36225
81190.0000 5.71746
81200.0000 6.57322
81210.0000 6.76633
81220.0000 6.18616
81230.0000 5.86138
81240.0000 5.96095
81250.0000 5.23379
81260.0000 4.12715
81270.0000 4.32634
81280.0000 4.72838
81290.0000 5.08724
81300.0000 4.81770
81310.0000 4.53197
81320.0000 4.57519
81330.0000 4.49128
81340.0000 5.14338
81350.0000 4.80031
81360.0000 4.78568
81370.0000 5.07541
81380.0000 4.89884
81390.0000 4.42561
81400.0000 3.41041
81410.0000 2.62512
81420.0000 2.97584
81430.0000 2.74321
81440.0000 2.62432
81450.0000 3.16565
81460.0000 2.87606
81470.0000 3.28019
81480.0000 3.25509
81490.0000 3.44354
81500.0000 3.98219
81510.0000 4.39734
81520.0000 5.33768
81530.0000 5.85218
81540.0000 5.51575
81550.0000 5.80605
81560.0000 5.60222
81570.0000 5.78025
81580.0000 5.79372
81590.0000 6.00870
81600.0000 5.58084
81610.0000 6.02790
81620.0000 6.09703
81630.0000 6.49276
81640.0000 6.33582
81650.0000 5.81985
81660.0000 5.76551
81670.0000 5.79929
81680.0000 5.96862
81690.0000 5.72502
81700.0000 5.61916
81710.0000 5.93047
81720.0000 5.37961
81730.0000 4.98975
81740.0000 5.10877
81750.0000 5.46838
81760.0000 5.69176
81770.0000 5.58647
81780.0000 5.57275
81790.0000 5.55569
81800.0000 5.35792
81810.0000 5.89352
81820.0000 6.39227
81830.0000 6.32949
81840.0000 6.54358
81850.0000 6.44929
81860.0000 6.16761
81870.0000 6.11350
81880.0000 6.64195
81890.0000 7.40977
81900.0000 7.37662
81910.0000 6.78265
81920.0000 7.22869
81930.0000 7.70224
81940.0000 7.68153
81950.0000 7.66406
81960.0000 7.36461
81970.0000 7.31675
81980.0000 7.48261
81990.0000 6.72197
82000.0000 6.81503
82010.0000 6.81409
82020.0000 6.75354
82030.0000 6.56120
82040.0000 6.39576
82050.0000 6.21124
82060.0000 5.88441
82070.0000 6.18686
82080.0000 6.35132
82090.0000 6.50418
82100.0000 6.66746
82110.0000 7.06805
82120.0000 6.61658
82130.0000 6.12972
82140.0000 6.25917
82150.0000 5.88347
82160.0000 5.76605
82170.0000 5.39526
82180.0000 5.62689
82190.0000 5.96851
82200.0000 5.41382
82210.0000 5.27996
82220.0000 5.02790
82230.0000 4.34720
82240.0000 4.32096
82250.0000 4.15319
82260.0000 4.44617
82270.0000 4.74562
82280.0000 4.54807
82290.0000 4.68801
82300.0000 4.93706
82310.0000 4.61950
82320.0000 4.88490
82330.0000 4.70798
82340.0000 5.20924
82350.0000 5.26662
82360.0000 4.67989
82370.0000 4.67182
82380.0000 4.71707
82390.0000 4.25534
82400.0000 4.66380
82410.0000 4.61360
82420.0000 4.72563
82430.0000 4.52790
82440.0000 4.07648
82450.0000 3.39543
82460.0000 4.08739
82470.0000 3.70702
82480.0000 3.75696
82490.0000 4.04202
82500.0000 4.62365
82510.0000 4.74287
82520.0000 4.76419
82530.0000 4.64406
82540.0000 4.39462
82550.0000 3.59924
82560.0000 3.60517
82570.0000 3.57148
82580.0000 3.76296
82590.0000 4.50975
82600.0000 4.29948
82610.0000 4.02919
82620.0000 3.87979
82630.0000 3.50526
82640.0000 2.84475
82650.0000 2.61822
82660.0000 2.09994
82670.0000 2.32387
82680.0000 2.05832
82690.0000 1.69933
82700.0000 1.63983
82710.0000 1.54407
82720.0000 0.93707
82730.0000 1.14190
82740.0000 1.19678
82750.0000 0.95952
82760.0000 0.96392
82770.0000 1.18727
82780.0000 1.32075
82790.0000 1.79624
82800.0000 1.98455
82810.0000 1.55178
82820.0000 1.26772
82830.0000 1.00040
82840.0000 0.82095
82850.0000 1.01464
82860.0000 1.21973
82870.0000 1.35837
82880.0000 1.73005
82890.0000 1.77519
82900.0000 2.10287
82910.0000 2.58004
82920.0000 2.32214
82930.0000 1.95356
82940.0000 2.20609
82950.0000 2.02807
82960.0000 2.64295
82970.0000 2.17144
82980.0000 2.88500
82990.0000 2.93203
83000.0000 3.01297
83010.0000 2.92232
83020.0000 3.18985
83030.0000 3.21790
83040.0000 2.94682
83050.0000 2.76794
83060.0000 3.03013
83070.0000 3.05942
83080.0000 3.06607
83090.0000 2.87726
83100.0000 2.53937
83110.0000 2.23181
83120.0000 2.21578
83130.0000 1.95471
83140.0000 1.81271
83150.0000 1.57875
83160.0000 1.93822
83170.0000 2.29698
83180.0000 1.84079
83190.0000 1.79892
83200.0000 1.80864
83210.0000 1.78361
83220.0000 1.70879
83230.0000 1.77999
83240.0000 0.94217
83250.0000 0.72059
83260.0000 0.83772
83270.0000 0.74951
83280.0000 0.49187
83290.0000 0.53636
83300.0000 0.96064
83310.0000 1.28719
83320.0000 1.34749
83330.0000 1.26310
83340.0000 1.50751
83350.0000 2.27603
83360.0000 2.62138
83370.0000 2.63669
83380.0000 3.06683
83390.0000 3.52996
83400.0000 4.04607
83410.0000 3.68573
83420.0000 3.59160
83430.0000 3.17720
83440.0000 2.96893
83450.0000 3.13749
83460.0000 2.78101
83470.0000 2.69808
83480.0000 2.82517
83490.0000 3.42348
83500.0000 3.50604
83510.0000 3.83013
83520.0000 4.02898
83530.0000 3.93780
83540.0000 4.10124
83550.0000 4.33163
83560.0000 4.85993
83570.0000 5.49336
83580.0000 5.94246
83590.0000 5.83478
83600.0000 5.94750
83610.0000 6.22532
83620.0000 6.34550
83630.0000 6.10075
83640.0000 6.64094
83650.0000 6.50493
83660.0000 6.76330
83670.0000 6.50233
83680.0000 6.13339
83690.0000 6.42150
83700.0000 6.59790
83710.0000 5.96611
83720.0000 5.82382
83730.0000 6.02250
83740.0000 6.17987
83750.0000 6.59452
83760.0000 5.55397
83770.0000 5.35826
83780.0000 5.32249
83790.0000 5.66924
83800.0000 5.73462
83810.0000 6.32854
83820.0000 6.77229
83830.0000 6.41888
83840.0000 7.21439
83850.0000 7.83563
83860.0000 8.47728
83870.0000 8.40086
83880.0000 8.44661
83890.0000 8.46914
83900.0000 8.33085
83910.0000 8.47343
83920.0000 8.38946
83930.0000 8.44552
83940.0000 8.65784
83950.0000 8.17653
83960.0000 8.85624
83970.0000 8.60249
83980.0000 8.92537
83990.0000 9.60367
84000.0000 9.51839
84010.0000 9.11123
84020.0000 9.09330
84030.0000 9.49210
84040.0000 9.73395
84050.0000 10.34009
84060.0000 10.28264
84070.0000 10.18287
84080.0000 10.38668
84090.0000 10.48576
84100.0000 10.29556
84110.0000 10.29052
84120.0000 10.26320
84130.0000 10.03469
84140.0000 9.74433
84150.0000 9.88372
84160.0000 9.59166
84170.0000 9.74992
84180.0000 9.87988
84190.0000 9.81496
84200.0000 9.63139
84210.0000 9.48421
84220.0000 9.43843
84230.0000 9.57753
84240.0000 9.90676
84250.0000 9.37881
84260.0000 9.72452
84270.0000 9.63823
84280.0000 9.96283
84290.0000 9.93167
84300.0000 9.84697
84310.0000 9.95349
84320.0000 9.47424
84330.0000 9.90675
84340.0000 10.21759
84350.0000 9.85620
84360.0000 9.62819
84370.0000 9.43376
84380.0000 9.46540
84390.0000 9.16179
84400.0000 8.73654
84410.0000 8.66086
84420.0000 8.68969
84430.0000 9.69237
84440.0000 9.80129
84450.0000 9.81658
84460.0000 9.23085
84470.0000 9.82790
84480.0000 9.60603
84490.0000 9.34983
84500.0000 9.05988
84510.0000 9.23103
84520.0000 9.34448
84530.0000 9.33294
84540.0000 9.35499
84550.0000 9.42700
84560.0000 9.31187
84570.0000 9.47327
84580.0000 9.94838
84590.0000 9.88171
84600.0000 10.07072
84610.0000 10.25443
84620.0000 10.64286
84630.0000 11.07005
84640.0000 11.29342
84650.0000 10.98345
84660.0000 10.79162
84670.0000 11.02460
84680.0000 10.96352
84690.0000 10.59638
84700.0000 10.59054
84710.0000 10.51082
84720.0000 9.98981
84730.0000 9.91119
84740.0000 10.23471
84750.0000 9.78910
84760.0000 10.28647
84770.0000 10.37800
84780.0000 10.03833
84790.0000 9.52055
84800.0000 9.82257
84810.0000 9.70339
84820.0000 9.71943
84830.0000 9.53266
84840.0000 9.35790
84850.0000 9.34751
84860.0000 8.45270
84870.0000 7.80379
84880.0000 7.52057
84890.0000 7.07092
84900.0000 7.34215
84910.0000 7.44725
84920.0000 7.84021
84930.0000 7.40277
84940.0000 7.50995
84950.0000 7.32584
84960.0000 7.37843
84970.0000 6.65870
84980.0000 6.68948
84990.0000 6.68696
85000.0000 7.02906
85010.0000 7.15308
85020.0000 7.68024
85030.0000 7.67174
85040.0000 7.31812
85050.0000 7.83349
85060.0000 8.47523
85070.0000 8.43797
85080.0000 8.12216
85090.0000 8.58634
85100.0000 8.52018
85110.0000 8.88357
85120.0000 9.03707
85130.0000 9.62908
85140.0000 9.96948
85150.0000 10.39400
85160.0000 9.99157
85170.0000 10.29573
85180.0000 10.44310
85190.0000 10.39425
85200.0000 10.51023
85210.0000 10.36998
85220.0000 10.19400
85230.0000 9.82929
85240.0000 9.89876
85250.0000 9.82108
85260.0000 10.23668
85270.0000 10.50280
85280.0000 10.28522
85290.0000 10.48785
85300.0000 10.55150
85310.0000 11.01682
85320.0000 11.01479
85330.0000 10.66410
85340.0000 10.67495
85350.0000 11.22038
85360.0000 11.40489
85370.0000 11.25359
85380.0000 11.00084
85390.0000 10.32907
85400.0000 10.17240
85410.0000 9.70871
85420.0000 10.14808
85430.0000 10.08874
85440.0000 10.10822
85450.0000 10.27051
85460.0000 9.96425
85470.0000 9.98916
85480.0000 9.68759
85490.0000 9.87499
85500.0000 10.18016
85510.0000 9.21936
85520.0000 9.03750
85530.0000 9.76353
85540.0000 9.78296
85550.0000 9.64269
85560.0000 9.30824
85570.0000 9.64475
85580.0000 9.52373
85590.0000 9.11274
85600.0000 9.20792
85610.0000 8.71570
85620.0000 9.02453
85630.0000 8.99132
85640.0000 8.63890
85650.0000 8.42828
85660.0000 8.71678
85670.0000 8.53639
85680.0000 8.61771
85690.0000 9.01259
85700.0000 8.98845
85710.0000 8.95028
85720.0000 8.32098
85730.0000 8.44471
85740.0000 8.40495
85750.0000 8.37101
85760.0000 8.74948
85770.0000 8.70053
85780.0000 8.01481
85790.0000 7.05077
85800.0000 6.43563
85810.0000 6.56525
85820.0000 7.33299
85830.0000 7.06250
85840.0000 6.65139
85850.0000 6.19454
85860.0000 6.56765
85870.0000 6.55315
85880.0000 6.58707
85890.0000 6.70090
85900.0000 6.55044
85910.0000 6.58958
85920.0000 6.80281
85930.0000 6.93275
85940.0000 7.20144
85950.0000 6.86625
85960.0000 7.31939
85970.0000 6.86931
85980.0000 6.74939
85990.0000 6.40946
86000.0000 6.21408
86010.0000 6.60168
86020.0000 6.23112
86030.0000 6.26854
86040.0000 5.94056
86050.0000 5.65625
86060.0000 5.50005
86070.0000 5.49781
86080.0000 5.31128
86090.0000 5.73829
86100.0000 6.11028
86110.0000 5.53019
86120.0000 5.70701
86130.0000 5.82294
86140.0000 5.77715
86150.0000 6.02492
86160.0000 6.42493
86170.0000 6.22720
86180.0000 6.15733
86190.0000 5.98594
86200.0000 5.94170
86210.0000 6.98681
86220.0000 6.91236
86230.0000 7.56718
86240.0000 7.93453
86250.0000 7.95484
86260.0000 7.94739
86270.0000 8.03370
86280.0000 8.76703
86290.0000 8.79469
86300.0000 8.37984
86310.0000 8.18939
86320.0000 8.66774
86330.0000 8.57862
86340.0000 8.37544
86350.0000 8.29451
86360.0000 8.31184
86370.0000 8.72179
86380.0000 9.09282
86390.0000 8.98625
86400.0000 8.96631
86410.0000 9.45480
86420.0000 10.02980
86430.0000 9.80390
86440.0000 9.69388
86450.0000 9.65045
86460.0000 9.46764
86470.0000 8.90946
86480.0000 8.42089
86490.0000 7.76825
86500.0000 7.71183
86510.0000 7.48765
86520.0000 8.08290
86530.0000 7.92314
86540.0000 8.73295
86550.0000 8.39330
86560.0000 8.63523
86570.0000 8.54434
86580.0000 7.97084
86590.0000 7.95819
86600.0000 8.10266
86610.0000 8.10182
86620.0000 8.37193
86630.0000 8.52133
86640.0000 8.59003
86650.0000 8.22980
86660.0000 7.96635
86670.0000 7.82826
86680.0000 7.67742
86690.0000 7.95383
86700.0000 7.88433
86710.0000 7.88392
86720.0000 7.56421
86730.0000 8.17886
86740.0000 7.83585
86750.0000 7.38872
86760.0000 7.00658
86770.0000 7.01949
86780.0000 7.16154
86790.0000 7.38874
86800.0000 7.41477
86810.0000 7.91771
86820.0000 6.97266
86830.0000 7.30685
86840.0000 7.57503
86850.0000 7.47681
86860.0000 7.73106
86870.0000 8.04240
86880.0000 8.44739
86890.0000 7.98697
86900.0000 7.80260
86910.0000 7.95247
86920.0000 8.13343
86930.0000 7.98725
86940.0000 8.31008
86950.0000 8.38082
86960.0000 8.45484
86970.0000 8.31032
86980.0000 8.12974
86990.0000 8.59116
87000.0000 8.18679
87010.0000 7.87838
87020.0000 8.14131
87030.0000 8.23486
87040.0000 8.15548
87050.0000 8.15052
87060.0000 8.29700
87070.0000 8.43301
87080.0000 8.76266
87090.0000 8.48441
87100.0000 8.18803
87110.0000 8.32871
87120.0000 8.26009
87130.0000 8.83599
87140.0000 9.55732
87150.0000 9.34777
87160.0000 8.63617
87170.0000 8.16476
87180.0000 8.24287
87190.0000 8.39262
87200.0000 8.97848
87210.0000 9.54150
87220.0000 9.65646
87230.0000 9.43166
87240.0000 8.94339
87250.0000 8.77499
87260.0000 9.13183
87270.0000 8.87943
87280.0000 8.96241
87290.0000 9.16817
87300.0000 9.13108
87310.0000 8.53784
87320.0000 7.99496
87330.0000 8.29346
87340.0000 8.19015
87350.0000 8.24745
87360.0000 8.46172
87370.0000 8.64237
87380.0000 8.47455
87390.0000 8.06428
87400.0000 7.87129
87410.0000 7.73470
87420.0000 8.19420
87430.0000 8.72202
87440.0000 8.86477
87450.0000 8.67769
87460.0000 8.81525
87470.0000 9.29050
87480.0000 9.52149
87490.0000 9.21007
87500.0000 9.21704
87510.0000 9.13659
87520.0000 9.41777
87530.0000 9.48767
87540.0000 9.68065
87550.0000 9.68409
87560.0000 9.90277
87570.0000 9.98947
87580.0000 9.26010
87590.0000 9.46991
87600.0000 8.81407
87610.0000 8.26060
87620.0000 7.46406
87630.0000 7.45662
87640.0000 7.36962
87650.0000 7.49039
87660.0000 7.40255
87670.0000 7.11207
87680.0000 7.36743
87690.0000 7.55705
87700.0000 7.66383
87710.0000 7.59134
87720.0000 7.95038
87730.0000 8.14668
87740.0000 8.31281
87750.0000 8.06378
87760.0000 7.49978
87770.0000 6.95095
87780.0000 6.43439
87790.0000 6.06086
87800.0000 5.83157
87810.0000 6.02441
87820.0000 6.33264
87830.0000 6.65269
87840.0000 6.93390
87850.0000 6.78093
87860.0000 6.68444
87870.0000 6.47196
87880.0000 6.95572
87890.0000 6.80751
87900.0000 7.11334
87910.0000 7.62977
87920.0000 7.91906
87930.0000 7.57579
87940.0000 8.32324
87950.0000 8.36688
87960.0000 7.94099
87970.0000 7.66187
87980.0000 7.76078
87990.0000 7.07292
88000.0000 6.59385
88010.0000 6.47505
88020.0000 6.94590
88030.0000 7.39613
88040.0000 8.10511
88050.0000 8.26244
88060.0000 8.82804
88070.0000 8.41298
88080.0000 7.95739
88090.0000 8.24206
88100.0000 8.20264
88110.0000 7.55722
88120.0000 7.81532
88130.0000 8.22446
88140.0000 8.26954
88150.0000 8.10432
88160.0000 8.06132
88170.0000 7.92714
88180.0000 8.01764
88190.0000 8.50138
88200.0000 8.75488
88210.0000 8.53556
88220.0000 8.62746
88230.0000 8.45491
88240.0000 8.39782
88250.0000 8.14948
88260.0000 8.08371
88270.0000 8.19557
88280.0000 8.32888
88290.0000 8.97749
88300.0000 8.34432
88310.0000 8.49623
88320.0000 8.90843
88330.0000 8.97324
88340.0000 8.98846
88350.0000 9.51889
88360.0000 9.35094
88370.0000 9.08466
88380.0000 9.06481
88390.0000 9.44191
88400.0000 9.33090
88410.0000 9.02766
88420.0000 8.83418
88430.0000 9.44523
88440.0000 9.79464
88450.0000 9.92402
88460.0000 9.96641
88470.0000 10.43565
88480.0000 10.03124
88490.0000 9.98710
88500.0000 9.44614
88510.0000 9.90847
88520.0000 10.13398
88530.0000 10.76244
88540.0000 10.66513
88550.0000 10.87521
88560.0000 10.29524
88570.0000 10.38340
88580.0000 10.58807
88590.0000 10.56910
88600.0000 10.65839
88610.0000 10.39598
88620.0000 10.94283
88630.0000 10.42277
88640.0000 9.71201
88650.0000 9.54574
88660.0000 8.85104
88670.0000 8.97969
88680.0000 8.98394
88690.0000 9.21440
88700.0000 9.00123
88710.0000 8.71440
88720.0000 8.78269
88730.0000 8.92878
88740.0000 9.13305
88750.0000 8.41825
88760.0000 8.33051
88770.0000 8.54699
88780.0000 8.24928
88790.0000 8.17299
88800.0000 8.01211
88810.0000 8.55026
88820.0000 8.42977
88830.0000 8.88483
88840.0000 8.79094
88850.0000 9.02190
88860.0000 8.82886
88870.0000 8.64350
88880.0000 8.20906
88890.0000 7.66906
88900.0000 7.55077
88910.0000 7.22041
88920.0000 7.01392
88930.0000 6.93506
88940.0000 6.77003
88950.0000 7.19609
88960.0000 7.16237
88970.0000 6.99090
88980.0000 6.55167
88990.0000 6.68978
89000.0000 6.62610
89010.0000 6.80766
89020.0000 7.38472
89030.0000 6.84835
89040.0000 6.87937
89050.0000 6.97231
89060.0000 6.55601
89070.0000 6.87059
89080.0000 7.35444
89090.0000 7.32651
89100.0000 8.21375
89110.0000 7.84695
89120.0000 7.94667
89130.0000 7.20313
89140.0000 6.98768
89150.0000 7.34448
89160.0000 7.64523
89170.0000 7.98508
89180.0000 8.06239
89190.0000 8.10725
89200.0000 8.01862
89210.0000 8.43050
89220.0000 7.89204
89230.0000 7.23221
89240.0000 7.61859
89250.0000 7.30547
89260.0000 6.71954
89270.0000 6.47837
89280.0000 6.51626
89290.0000 6.23678
89300.0000 5.68768
89310.0000 6.28420
89320.0000 5.92655
89330.0000 5.37947
89340.0000 5.72055
89350.0000 5.49025
89360.0000 5.51008
89370.0000 5.69897
89380.0000 5.62669
89390.0000 5.85075
89400.0000 5.62377
89410.0000 6.03413
89420.0000 5.73640
89430.0000 5.97740
89440.0000 5.78435
89450.0000 5.72084
89460.0000 5.36234
89470.0000 6.25448
89480.0000 6.16837
89490.0000 6.01630
89500.0000 5.47836
89510.0000 4.97736
89520.0000 4.28669
89530.0000 3.83872
89540.0000 4.24546
89550.0000 4.11226
89560.0000 3.96674
89570.0000 3.99918
89580.0000 3.74620
89590.0000 3.96585
89600.0000 3.89254
89610.0000 4.52888
89620.0000 4.54932
89630.0000 4.79824
89640.0000 4.75913
89650.0000 4.65930
89660.0000 4.61146
89670.0000 4.35603
89680.0000 4.16844
89690.0000 3.83113
89700.0000 3.76720
89710.0000 3.40190
89720.0000 2.99397
89730.0000 2.97547
89740.0000 2.45579
89750.0000 2.22046
89760.0000 2.41296
89770.0000 2.32367
89780.0000 2.72860
89790.0000 2.61494
89800.0000 2.49484
89810.0000 2.06563
89820.0000 2.21966
89830.0000 2.54095
89840.0000 2.45389
89850.0000 1.79107
89860.0000 2.01853
89870.0000 1.79168
89880.0000 1.57500
89890.0000 0.96642
89900.0000 1.25224
89910.0000 1.15243
89920.0000 1.25328
89930.0000 1.04271
89940.0000 1.05447
89950.0000 0.83003
89960.0000 1.05548
89970.0000 0.40420
89980.0000 -0.19381
89990.0000 -0.16703
90000.0000 0.43814
90010.0000 0.62210
90020.0000 0.28566
90030.0000 0.61392
90040.0000 0.63584
90050.0000 1.13988
90060.0000 1.85817
90070.0000 1.74915
90080.0000 1.42391
90090.0000 1.25006
90100.0000 1.15678
90110.0000 1.32702
90120.0000 1.01636
90130.0000 1.11720
90140.0000 1.05052
90150.0000 1.36307
90160.0000 0.59910
90170.0000 0.54875
90180.0000 0.42003
90190.0000 0.92224
90200.0000 0.71886
90210.0000 0.28450
90220.0000 0.39905
90230.0000 0.58146
90240.0000 0.85617
90250.0000 0.86445
90260.0000 0.89091
90270.0000 1.12910
90280.0000 0.83298
90290.0000 1.52599
90300.0000 1.39108
90310.0000 1.23558
90320.0000 1.33914
90330.0000 1.82115
90340.0000 1.93070
90350.0000 1.71231
90360.0000 1.83113
90370.0000 1.83581
90380.0000 1.64260
90390.0000 1.99232
90400.0000 2.42614
90410.0000 2.76805
90420.0000 2.63546
90430.0000 2.58385
90440.0000 2.51510
90450.0000 2.55559
90460.0000 2.59173
90470.0000 3.07047
90480.0000 2.61210
90490.0000 2.96972
90500.0000 3.37121
90510.0000 3.34407
90520.0000 3.99807
90530.0000 3.76884
90540.0000 3.67704
90550.0000 3.44111
90560.0000 3.38087
90570.0000 2.71280
90580.0000 2.88245
90590.0000 2.98352
90600.0000 2.22757
90610.0000 2.43751
90620.0000 1.70755
90630.0000 1.77186
90640.0000 1.77468
90650.0000 1.28449
90660.0000 1.43609
90670.0000 1.82490
90680.0000 1.53821
90690.0000 0.98439
90700.0000 1.19343
90710.0000 1.62439
90720.0000 1.33811
90730.0000 0.91811
90740.0000 0.85570
90750.0000 0.54593
90760.0000 0.18680
90770.0000 -0.11245
90780.0000 0.06945
90790.0000 0.84700
90800.0000 1.25626
90810.0000 1.19331
90820.0000 1.21267
90830.0000 1.03560
90840.0000 1.32305
90850.0000 0.94460
90860.0000 0.29258
90870.0000 -0.03372
90880.0000 -0.25594
90890.0000 -0.85478
90900.0000 -0.85228
90910.0000 -0.17326
90920.0000 0.21898
90930.0000 0.09551
90940.0000 0.10696
90950.0000 -0.07532
90960.0000 -0.51315
90970.0000 -0.58591
90980.0000 -0.36156
90990.0000 -0.04859
91000.0000 -0.16574
91010.0000 0.23883
91020.0000 -0.08470
91030.0000 0.09716
91040.0000 -0.04786
91050.0000 -0.14446
91060.0000 0.01063
91070.0000 -0.35706
91080.0000 0.67612
91090.0000 0.87818
91100.0000 1.07802
91110.0000 1.65580
91120.0000 1.04170
91130.0000 0.36468
91140.0000 0.42848
91150.0000 1.05284
91160.0000 1.23814
91170.0000 1.03343
91180.0000 0.95660
91190.0000 0.78842
91200.0000 1.08543
91210.0000 0.74186
91220.0000 0.70711
91230.0000 1.13532
91240.0000 1.12566
91250.0000 1.48779
91260.0000 1.37478
91270.0000 1.49135
91280.0000 1.57638
91290.0000 0.79284
91300.0000 0.98530
91310.0000 0.88596
91320.0000 1.21153
91330.0000 1.39534
91340.0000 2.15078
91350.0000 2.07431
91360.0000 1.72988
91370.0000 1.82441
91380.0000 1.52804
91390.0000 1.15709
91400.0000 1.00467
91410.0000 0.52340
91420.0000 -0.61215
91430.0000 -0.85422
91440.0000 -0.87237
91450.0000 -0.44813
91460.0000 -0.61806
91470.0000 -0.86076
91480.0000 -1.10633
91490.0000 -1.05013
91500.0000 -0.75382
91510.0000 -0.74308
91520.0000 -0.82879
91530.0000 -0.51398
91540.0000 -0.49339
91550.0000 -0.96128
91560.0000 -0.66067
91570.0000 -0.29600
91580.0000 -0.23471
91590.0000 -0.50076
91600.0000 -1.06808
91610.0000 -0.89464
91620.0000 -1.31420
91630.0000 -1.79100
91640.0000 -1.94103
91650.0000 -2.31769
91660.0000 -3.30377
91670.0000 -3.05005
91680.0000 -2.51857
91690.0000 -2.79384
91700.0000 -2.70714
91710.0000 -2.37077
91720.0000 -2.62631
91730.0000 -2.30340
91740.0000 -1.77487
91750.0000 -2.16886
91760.0000 -2.03133
91770.0000 -2.28628
91780.0000 -2.51710
91790.0000 -1.95277
91800.0000 -2.15024
91810.0000 -2.29685
91820.0000 -3.25605
91830.0000 -3.58295
91840.0000 -3.38047
91850.0000 -3.47806
91860.0000 -3.65666
91870.0000 -3.81697
91880.0000 -3.76249
91890.0000 -3.75604
91900.0000 -3.32220
91910.0000 -3.98620
91920.0000 -4.15579
91930.0000 -4.11576
91940.0000 -4.34895
91950.0000 -3.92889
91960.0000 -4.16976
91970.0000 -4.02513
91980.0000 -3.94257
91990.0000 -4.02045
92000.0000 -3.99890
92010.0000 -4.63239
92020.0000 -4.23469
92030.0000 -4.04522
92040.0000 -4.35689
92050.0000 -3.94468
92060.0000 -3.99335
92070.0000 -4.21942
92080.0000 -4.17977
92090.0000 -4.45565
92100.0000 -4.36472
92110.0000 -4.09706
92120.0000 -3.88924
92130.0000 -3.48195
92140.0000 -3.19837
92150.0000 -3.43631
92160.0000 -3.70084
92170.0000 -4.34434
92180.0000 -4.96317
92190.0000 -4.81303
92200.0000 -4.79081
92210.0000 -4.85475
92220.0000 -5.53853
92230.0000 -5.67791
92240.0000 -5.44818
92250.0000 -5.19751
92260.0000 -4.82127
92270.0000 -4.69409
92280.0000 -4.96036
92290.0000 -5.45528
92300.0000 -5.31199
92310.0000 -5.29793
92320.0000 -5.08201
92330.0000 -5.39865
92340.0000 -5.22656
92350.0000 -5.21577
92360.0000 -5.50436
92370.0000 -5.42570
92380.0000 -4.88401
92390.0000 -5.09831
92400.0000 -4.84756
92410.0000 -5.32900
92420.0000 -5.81451
92430.0000 -5.39494
92440.0000 -4.90175
92450.0000 -5.42814
92460.0000 -4.99035
92470.0000 -5.06840
92480.0000 -4.46064
92490.0000 -4.24453
92500.0000 -3.73142
92510.0000 -3.33649
92520.0000 -3.18058
92530.0000 -3.15226
92540.0000 -3.64565
92550.0000 -3.75350
92560.0000 -4.51633
92570.0000 -4.89184
92580.0000 -5.02618
92590.0000 -4.97612
92600.0000 -4.47195
92610.0000 -4.53920
92620.0000 -4.60413
92630.0000 -4.98768
92640.0000 -4.60943
92650.0000 -4.41100
92660.0000 -4.23976
92670.0000 -4.47814
92680.0000 -4.63318
92690.0000 -4.85890
92700.0000 -5.40956
92710.0000 -5.73177
92720.0000 -5.27515
92730.0000 -4.76180
92740.0000 -4.34617
92750.0000 -3.85213
92760.0000 -3.86010
92770.0000 -4.38061
92780.0000 -4.19640
92790.0000 -3.30872
92800.0000 -2.93171
92810.0000 -3.17650
92820.0000 -3.24064
92830.0000 -3.41607
92840.0000 -3.54215
92850.0000 -3.10444
92860.0000 -3.33303
92870.0000 -3.24047
92880.0000 -3.11759
92890.0000 -3.04838
92900.0000 -2.63549
92910.0000 -2.86810
92920.0000 -2.99239
92930.0000 -3.26463
92940.0000 -3.90784
92950.0000 -4.60538
92960.0000 -5.01656
92970.0000 -4.92011
92980.0000 -5.16248
92990.0000 -4.85850
93000.0000 -4.37422
93010.0000 -4.44128
93020.0000 -4.53118
93030.0000 -4.25861
93040.0000 -4.04077
93050.0000 -4.06829
93060.0000 -3.88671
93070.0000 -4.07533
93080.0000 -4.15366
93090.0000 -4.21711
93100.0000 -4.27107
93110.0000 -4.26970
93120.0000 -4.97467
93130.0000 -4.55487
93140.0000 -4.48011
93150.0000 -4.57709
93160.0000 -4.74976
93170.0000 -5.00765
93180.0000 -5.08791
93190.0000 -5.37048
93200.0000 -5.32861
93210.0000 -5.25564
93220.0000 -5.44777
93230.0000 -5.47091
93240.0000 -5.42077
93250.0000 -5.62114
93260.0000 -5.79903
93270.0000 -5.65926
93280.0000 -5.72240
93290.0000 -5.61142
93300.0000 -5.67330
93310.0000 -5.90635
93320.0000 -5.95070
93330.0000 -5.80975
93340.0000 -6.16667
93350.0000 -5.82725
93360.0000 -6.24713
93370.0000 -6.46248
93380.0000 -6.46525
93390.0000 -6.20100
93400.0000 -6.24519
93410.0000 -5.81762
93420.0000 -6.05119
93430.0000 -6.59218
93440.0000 -6.46567
93450.0000 -6.48840
93460.0000 -6.45970
93470.0000 -6.91614
93480.0000 -6.50517
93490.0000 -6.20889
93500.0000 -6.16452
93510.0000 -6.55977
93520.0000 -6.46525
93530.0000 -5.94963
93540.0000 -5.88361
93550.0000 -5.65014
93560.0000 -5.75431
93570.0000 -5.13229
93580.0000 -4.26015
93590.0000 -4.25162
93600.0000 -3.95543
93610.0000 -4.27634
93620.0000 -5.06628
93630.0000 -5.12517
93640.0000 -5.26280
93650.0000 -5.12952
93660.0000 -5.02405
93670.0000 -5.31750
93680.0000 -5.28835
93690.0000 -5.59130
93700.0000 -5.71279
93710.0000 -5.70014
93720.0000 -5.52502
93730.0000 -5.12827
93740.0000 -5.45686
93750.0000 -5.65943
93760.0000 -4.83792
93770.0000 -4.88710
93780.0000 -5.23734
93790.0000 -5.86111
93800.0000 -6.24125
93810.0000 -6.85889
93820.0000 -7.28423
93830.0000 -7.60476
93840.0000 -7.62378
93850.0000 -8.02484
93860.0000 -8.00620
93870.0000 -8.59301
93880.0000 -8.49965
93890.0000 -8.14012
93900.0000 -8.64982
93910.0000 -8.99587
93920.0000 -9.10311
93930.0000 -8.71116
93940.0000 -8.75487
93950.0000 -9.00620
93960.0000 -9.02073
93970.0000 -9.07667
93980.0000 -8.34010
93990.0000 -8.63516
94000.0000 -8.93968
94010.0000 -8.05381
94020.0000 -8.29060
94030.0000 -8.17493
94040.0000 -8.66245
94050.0000 -8.60249
94060.0000 -8.26350
94070.0000 -7.94906
94080.0000 -7.59834
94090.0000 -7.31959
94100.0000 -7.46673
94110.0000 -7.43712
94120.0000 -7.32424
94130.0000 -6.73940
94140.0000 -6.50207
94150.0000 -6.26173
94160.0000 -6.02620
94170.0000 -6.03185
94180.0000 -6.36105
94190.0000 -6.67997
94200.0000 -6.50143
94210.0000 -6.69686
94220.0000 -6.32812
94230.0000 -6.53380
94240.0000 -5.78832
94250.0000 -5.54745
94260.0000 -5.16435
94270.0000 -5.09882
94280.0000 -5.03498
94290.0000 -4.87596
94300.0000 -5.04657
94310.0000 -5.09862
94320.0000 -5.05963
94330.0000 -4.71633
94340.0000 -4.76515
94350.0000 -4.65582
94360.0000 -3.94245
94370.0000 -3.41658
94380.0000 -3.46529
94390.0000 -3.61116
94400.0000 -3.55736
94410.0000 -3.60789
94420.0000 -4.14994
94430.0000 -3.58311
94440.0000 -4.11798
94450.0000 -4.22225
94460.0000 -4.42509
94470.0000 -4.77462
94480.0000 -4.34219
94490.0000 -4.25539
94500.0000 -3.51286
94510.0000 -4.23585
94520.0000 -4.29552
94530.0000 -4.39770
94540.0000 -4.67768
94550.0000 -4.78049
94560.0000 -4.96892
94570.0000 -5.13870
94580.0000 -5.15459
94590.0000 -4.54082
94600.0000 -4.39298
94610.0000 -4.15645
94620.0000 -4.75620
94630.0000 -5.30842
94640.0000 -5.29976
94650.0000 -4.80018
94660.0000 -4.46945
94670.0000 -4.60667
94680.0000 -4.44689
94690.0000 -4.59633
94700.0000 -4.64228
94710.0000 -5.11974
94720.0000 -5.71578
94730.0000 -5.95911
94740.0000 -6.13421
94750.0000 -6.74352
94760.0000 -6.66827
94770.0000 -6.23856
94780.0000 -6.15144
94790.0000 -5.97863
94800.0000 -5.87445
94810.0000 -6.50086
94820.0000 -6.11984
94830.0000 -6.56601
94840.0000 -6.53007
94850.0000 -6.40351
94860.0000 -6.19024
94870.0000 -6.40602
94880.0000 -6.86504
94890.0000 -6.92061
94900.0000 -6.76520
94910.0000 -6.72515
94920.0000 -6.78549
94930.0000 -5.49478
94940.0000 -5.24131
94950.0000 -4.73971
94960.0000 -4.57575
94970.0000 -3.97199
94980.0000 -4.10376
94990.0000 -4.81176
95000.0000 -4.27549
95010.0000 -3.97745
95020.0000 -3.54623
95030.0000 -4.08932
95040.0000 -3.98292
95050.0000 -3.83456
95060.0000 -3.87680
95070.0000 -4.49011
95080.0000 -5.07097
95090.0000 -4.22792
95100.0000 -4.00912
95110.0000 -3.78200
95120.0000 -3.35827
95130.0000 -3.35436
95140.0000 -3.38829
95150.0000 -3.63758
95160.0000 -3.79041
95170.0000 -3.71917
95180.0000 -4.09936
95190.0000 -4.42091
95200.0000 -3.97956
95210.0000 -3.24537
95220.0000 -3.13280
95230.0000 -2.84194
95240.0000 -3.03907
95250.0000 -3.10854
95260.0000 -3.49201
95270.0000 -3.55555
95280.0000 -3.53308
95290.0000 -3.24911
95300.0000 -3.03117
95310.0000 -2.69253
95320.0000 -3.03013
95330.0000 -2.70991
95340.0000 -2.31922
95350.0000 -2.07362
95360.0000 -1.82794
95370.0000 -2.09180
95380.0000 -2.18651
95390.0000 -1.92129
95400.0000 -1.60469
95410.0000 -2.11730
95420.0000 -2.63149
95430.0000 -2.94172
95440.0000 -3.47663
95450.0000 -4.03256
95460.0000 -4.35169
95470.0000 -4.24602
95480.0000 -3.92142
95490.0000 -3.93655
95500.0000 -3.88483
95510.0000 -4.30566
95520.0000 -4.18194
95530.0000 -3.46173
95540.0000 -3.34209
95550.0000 -4.02256
95560.0000 -3.91263
95570.0000 -3.81567
95580.0000 -4.37579
95590.0000 -4.92713
95600.0000 -5.30767
95610.0000 -5.59887
95620.0000 -5.67656
95630.0000 -5.90473
95640.0000 -5.41811
95650.0000 -4.93822
95660.0000 -5.46467
95670.0000 -5.08289
95680.0000 -5.16556
95690.0000 -4.83759
95700.0000 -4.43446
95710.0000 -4.13449
95720.0000 -3.33262
95730.0000 -3.30775
95740.0000 -3.34594
95750.0000 -3.34371
95760.0000 -3.19836
95770.0000 -3.10029
95780.0000 -3.38925
95790.0000 -2.70618
95800.0000 -3.05899
95810.0000 -3.58404
95820.0000 -4.27572
95830.0000 -4.39285
95840.0000 -3.85669
95850.0000 -3.51477
95860.0000 -4.13688
95870.0000 -4.13515
95880.0000 -4.54509
95890.0000 -4.31705
95900.0000 -4.37733
95910.0000 -3.67514
95920.0000 -4.01468
95930.0000 -4.48220
95940.0000 -4.50182
95950.0000 -4.70716
95960.0000 -4.55639
95970.0000 -4.06109
95980.0000 -3.80768
95990.0000 -3.55704
96000.0000 -3.76326
96010.0000 -3.56931
96020.0000 -3.56960
96030.0000 -3.51768
96040.0000 -3.91490
96050.0000 -3.45790
96060.0000 -2.83431
96070.0000 -2.92230
96080.0000 -2.74600
96090.0000 -2.46679
96100.0000 -2.82670
96110.0000 -3.28170
96120.0000 -3.35636
96130.0000 -3.15291
96140.0000 -2.78254
96150.0000 -3.00486
96160.0000 -3.42530
96170.0000 -3.79082
96180.0000 -3.74542
96190.0000 -3.29488
96200.0000 -3.49223
96210.0000 -3.52439
96220.0000 -3.08875
96230.0000 -2.86056
96240.0000 -3.67448
96250.0000 -4.32024
96260.0000 -4.61589
96270.0000 -4.75366
96280.0000 -4.27836
96290.0000 -4.82598
96300.0000 -4.54775
96310.0000 -4.66699
96320.0000 -5.08077
96330.0000 -4.34441
96340.0000 -4.07234
96350.0000 -4.39020
96360.0000 -4.24402
96370.0000 -4.08346
96380.0000 -4.12768
96390.0000 -4.10983
96400.0000 -4.11559
96410.0000 -4.05002
96420.0000 -4.23784
96430.0000 -3.86594
96440.0000 -3.63188
96450.0000 -3.50947
96460.0000 -3.87110
96470.0000 -4.01662
96480.0000 -3.65433
96490.0000 -3.38717
96500.0000 -3.52138
96510.0000 -3.09324
96520.0000 -3.22979
96530.0000 -3.24169
96540.0000 -3.47629
96550.0000 -3.56402
96560.0000 -3.70030
96570.0000 -3.29505
96580.0000 -2.99828
96590.0000 -2.77284
96600.0000 -2.86569
96610.0000 -3.12604
96620.0000 -2.11851
96630.0000 -1.91199
96640.0000 -2.26570
96650.0000 -1.49869
96660.0000 -1.14983
96670.0000 -2.04965
96680.0000 -2.47056
96690.0000 -2.84624
96700.0000 -2.72583
96710.0000 -3.60993
96720.0000 -3.61048
96730.0000 -4.12326
96740.0000 -3.92386
96750.0000 -3.77405
96760.0000 -3.75112
96770.0000 -3.97935
96780.0000 -3.72092
96790.0000 -3.58170
96800.0000 -3.83362
96810.0000 -4.04351
96820.0000 -4.86984
96830.0000 -5.19704
96840.0000 -5.59353
96850.0000 -5.69738
96860.0000 -5.50171
96870.0000 -5.40327
96880.0000 -5.28443
96890.0000 -4.90882
96900.0000 -4.79472
96910.0000 -4.63008
96920.0000 -4.40977
96930.0000 -4.59339
96940.0000 -4.52839
96950.0000 -5.20644
96960.0000 -5.64125
96970.0000 -5.55113
96980.0000 -5.48160
96990.0000 -5.79814
97000.0000 -6.19647
97010.0000 -6.21229
97020.0000 -5.46974
97030.0000 -5.86189
97040.0000 -5.63479
97050.0000 -5.25458
97060.0000 -4.66315
97070.0000 -4.64296
97080.0000 -5.51295
97090.0000 -5.48002
97100.0000 -5.36604
97110.0000 -4.92376
97120.0000 -5.04914
97130.0000 -5.22484
97140.0000 -4.89691
97150.0000 -5.25743
97160.0000 -5.40935
97170.0000 -5.71978
97180.0000 -5.71016
97190.0000 -5.53308
97200.0000 -4.92856
97210.0000 -4.99373
97220.0000 -5.18664
97230.0000 -5.45684
97240.0000 -5.84749
97250.0000 -5.62588
97260.0000 -5.54037
97270.0000 -5.28719
97280.0000 -5.13692
97290.0000 -5.41358
97300.0000 -5.39114
97310.0000 -5.78489
97320.0000 -6.43348
97330.0000 -6.14318
97340.0000 -5.48217
97350.0000 -5.70633
97360.0000 -5.36452
97370.0000 -4.87842
97380.0000 -4.71897
97390.0000 -4.43541
97400.0000 -4.31767
97410.0000 -4.99750
97420.0000 -5.30010
97430.0000 -5.15805
97440.0000 -4.94686
97450.0000 -5.09862
97460.0000 -4.95936
97470.0000 -4.75145
97480.0000 -4.23531
97490.0000 -4.35923
97500.0000 -4.64525
97510.0000 -4.93596
97520.0000 -5.07518
97530.0000 -5.66738
97540.0000 -6.00765
97550.0000 -5.39604
97560.0000 -5.39616
97570.0000 -4.99388
97580.0000 -5.09351
97590.0000 -4.93591
97600.0000 -5.20463
97610.0000 -4.95620
97620.0000 -5.18064
97630.0000 -5.57411
97640.0000 -5.44891
97650.0000 -5.71897
97660.0000 -5.20278
97670.0000 -5.55725
97680.0000 -5.48778
97690.0000 -6.23047
97700.0000 -6.13583
97710.0000 -5.70605
97720.0000 -5.93493
97730.0000 -6.29498
97740.0000 -6.43492
97750.0000 -7.03729
97760.0000 -6.77155
97770.0000 -6.49525
97780.0000 -6.42418
97790.0000 -6.11401
97800.0000 -6.30224
97810.0000 -5.82925
97820.0000 -5.67657
97830.0000 -5.74724
97840.0000 -5.33124
97850.0000 -5.08659
97860.0000 -4.84318
97870.0000 -4.90688
97880.0000 -5.32702
97890.0000 -5.44882
97900.0000 -5.29566
97910.0000 -5.74697
97920.0000 -5.82073
97930.0000 -6.01980
97940.0000 -6.17194
97950.0000 -6.29503
97960.0000 -6.53379
97970.0000 -6.50144
97980.0000 -6.37543
97990.0000 -6.34446
98000.0000 -6.52874
98010.0000 -6.65189
98020.0000 -6.88314
98030.0000 -6.75150
98040.0000 -6.47517
98050.0000 -6.30179
98060.0000 -6.33816
98070.0000 -5.78769
98080.0000 -6.15255
98090.0000 -5.90311
98100.0000 -6.17473
98110.0000 -5.81383
98120.0000 -5.70605
98130.0000 -5.60164
98140.0000 -5.41924
98150.0000 -5.44510
98160.0000 -5.72789
98170.0000 -5.19405
98180.0000 -5.02652
98190.0000 -4.68432
98200.0000 -4.31403
98210.0000 -3.77367
98220.0000 -3.50970
98230.0000 -3.16193
98240.0000 -2.52579
98250.0000 -2.37393
98260.0000 -2.81246
98270.0000 -3.25294
98280.0000 -3.25536
98290.0000 -3.02458
98300.0000 -3.72324
98310.0000 -3.19486
98320.0000 -2.80237
98330.0000 -2.17058
98340.0000 -2.16355
98350.0000 -2.80907
98360.0000 -3.05338
98370.0000 -2.76639
98380.0000 -3.52393
98390.0000 -3.38916
98400.0000 -3.37333
98410.0000 -3.42977
98420.0000 -3.62542
98430.0000 -4.07505
98440.0000 -3.41994
98450.0000 -3.13749
98460.0000 -2.94174
98470.0000 -2.31136
98480.0000 -1.68295
98490.0000 -1.64452
98500.0000 -1.88830
98510.0000 -1.57525
98520.0000 -1.27003
98530.0000 -1.24960
98540.0000 -1.68290
98550.0000 -1.88465
98560.0000 -1.82421
98570.0000 -2.39285
98580.0000 -2.91538
98590.0000 -2.78792
98600.0000 -2.25017
98610.0000 -2.21513
98620.0000 -1.83087
98630.0000 -2.72052
98640.0000 -2.79636
98650.0000 -2.82083
98660.0000 -3.32116
98670.0000 -3.23942
98680.0000 -2.96276
98690.0000 -3.16595
98700.0000 -2.91545
98710.0000 -2.76114
98720.0000 -3.16838
98730.0000 -2.68293
98740.0000 -2.49390
98750.0000 -2.35616
98760.0000 -2.07135
98770.0000 -1.86216
98780.0000 -2.34090
98790.0000 -2.33405
98800.0000 -2.31816
98810.0000 -2.20364
98820.0000 -2.11523
98830.0000 -2.54083
98840.0000 -2.39971
98850.0000 -2.44541
98860.0000 -2.65916
98870.0000 -2.89951
98880.0000 -2.65493
98890.0000 -2.82332
98900.0000 -3.30454
98910.0000 -3.41331
98920.0000 -2.82612
98930.0000 -2.92428
98940.0000 -3.06599
98950.0000 -3.33774
98960.0000 -3.48265
98970.0000 -3.51535
98980.0000 -3.37262
98990.0000 -3.81237
99000.0000 -4.02406
99010.0000 -3.74026
99020.0000 -3.67550
99030.0000 -3.78336
99040.0000 -3.38761
99050.0000 -3.36383
99060.0000 -3.32174
99070.0000 -3.18238
99080.0000 -3.78782
99090.0000 -3.83811
99100.0000 -3.75392
99110.0000 -2.86016
99120.0000 -2.62768
99130.0000 -2.67968
99140.0000 -2.83796
99150.0000 -3.18189
99160.0000 -2.71178
99170.0000 -2.96471
99180.0000 -2.79305
99190.0000 -2.72759
99200.0000 -2.70651
99210.0000 -2.50416
99220.0000 -2.37916
99230.0000 -2.58988
99240.0000 -2.33825
99250.0000 -2.58902
99260.0000 -2.59990
99270.0000 -1.89467
99280.0000 -2.14168
99290.0000 -2.45955
99300.0000 -2.77957
99310.0000 -3.09950
99320.0000 -3.29235
99330.0000 -2.88053
99340.0000 -2.87251
99350.0000 -2.69721
99360.0000 -3.12221
99370.0000 -3.00095
99380.0000 -3.19110
99390.0000 -3.52337
99400.0000 -4.03097
99410.0000 -4.23168
99420.0000 -4.58405
99430.0000 -3.98054
99440.0000 -3.78238
99450.0000 -4.19060
99460.0000 -4.05012
99470.0000 -4.36879
99480.0000 -4.41096
99490.0000 -4.20938
99500.0000 -4.29399
99510.0000 -4.80757
99520.0000 -5.10714
99530.0000 -4.69119
99540.0000 -5.15967
99550.0000 -5.07254
99560.0000 -4.86726
99570.0000 -4.52130
99580.0000 -4.60085
99590.0000 -5.10231
99600.0000 -4.68480
99610.0000 -4.31165
99620.0000 -4.55394
99630.0000 -4.70426
99640.0000 -4.53429
99650.0000 -4.92350
99660.0000 -5.21129
99670.0000 -4.99717
99680.0000 -5.27844
99690.0000 -5.09980
99700.0000 -5.26508
99710.0000 -5.31501
99720.0000 -5.76041
99730.0000 -6.01480
99740.0000 -5.61252
99750.0000 -5.37788
99760.0000 -5.43650
99770.0000 -5.60499
99780.0000 -5.59711
99790.0000 -5.89936
99800.0000 -6.61206
99810.0000 -6.89483
99820.0000 -7.18240
99830.0000 -7.46845
99840.0000 -7.31854
99850.0000 -7.40402
99860.0000 -7.26767
99870.0000 -7.25250
99880.0000 -6.90897
99890.0000 -6.51393
99900.0000 -6.31470
99910.0000 -5.87397
99920.0000 -5.78082
99930.0000 -6.09793
99940.0000 -6.44881
99950.0000 -6.14940
99960.0000 -6.27765
99970.0000 -6.97457
99980.0000 -7.21181
99990.0000 -7.06860
100000.0000 -7.29232
100010.0000 -6.76426
100020.0000 -6.68753
100030.0000 -6.55035
100040.0000 -6.78950
100050.0000 -6.94280
100060.0000 -7.18771
100070.0000 -7.54565
100080.0000 -7.82823
100090.0000 -7.19123
100100.0000 -7.21488
100110.0000 -7.07986
100120.0000 -7.26136
100130.0000 -7.16148
100140.0000 -7.09311
100150.0000 -6.67627
100160.0000 -6.72473
100170.0000 -7.10835
100180.0000 -7.35279
100190.0000 -7.58008
100200.0000 -6.95234
100210.0000 -7.00525
100220.0000 -6.79214
100230.0000 -6.24510
100240.0000 -6.42799
100250.0000 -6.58859
100260.0000 -5.84289
100270.0000 -5.86550
100280.0000 -6.05302
100290.0000 -6.84598
100300.0000 -7.13336
100310.0000 -6.90332
100320.0000 -7.13869
100330.0000 -6.70382
100340.0000 -6.61014
100350.0000 -7.13994
100360.0000 -7.31375
100370.0000 -6.77431
100380.0000 -7.15154
100390.0000 -7.75249
100400.0000 -7.55541
100410.0000 -7.84320
100420.0000 -8.16132
100430.0000 -8.29276
100440.0000 -8.26088
100450.0000 -8.20772
100460.0000 -8.46777
100470.0000 -8.21765
100480.0000 -8.41782
100490.0000 -9.16258
100500.0000 -9.13633
100510.0000 -9.26427
100520.0000 -9.01275
100530.0000 -9.23087
100540.0000 -9.68766
100550.0000 -9.66677
100560.0000 -9.71237
100570.0000 -9.47461
100580.0000 -9.83449
100590.0000 -9.91557
100600.0000 -10.53906
100610.0000 -10.68131
100620.0000 -10.41977
100630.0000 -10.31528
100640.0000 -9.73127
100650.0000 -9.94664
100660.0000 -9.89272
100670.0000 -9.87490
100680.0000 -9.89805
100690.0000 -10.11850
100700.0000 -9.96127
100710.0000 -10.18958
100720.0000 -10.30315
100730.0000 -10.63304
100740.0000 -10.57053
100750.0000 -10.78923
100760.0000 -10.32611
100770.0000 -10.24582
100780.0000 -9.91650
100790.0000 -9.32950
100800.0000 -9.10220
100810.0000 -10.20349
100820.0000 -10.00034
100830.0000 -9.92910
100840.0000 -9.87265
100850.0000 -10.04272
100860.0000 -10.13668
100870.0000 -9.76702
100880.0000 -9.42025
100890.0000 -8.94779
100900.0000 -9.06347
100910.0000 -8.56894
100920.0000 -8.43302
100930.0000 -9.10532
100940.0000 -8.74373
100950.0000 -8.55545
100960.0000 -8.55244
100970.0000 -9.10390
100980.0000 -8.84707
100990.0000 -8.97410
101000.0000 -8.53963
101010.0000 -8.25271
101020.0000 -8.01201
101030.0000 -7.59133
101040.0000 -7.34394
101050.0000 -7.19752
101060.0000 -7.34987
101070.0000 -6.94896
101080.0000 -7.33690
101090.0000 -7.58939
101100.0000 -8.04080
101110.0000 -7.72138
101120.0000 -7.85498
101130.0000 -7.15760
101140.0000 -7.12599
101150.0000 -6.48912
101160.0000 -5.82336
101170.0000 -6.64725
101180.0000 -7.05323
101190.0000 -7.10650
101200.0000 -7.22715
101210.0000 -6.84422
101220.0000 -7.11457
101230.0000 -7.11897
101240.0000 -6.98124
101250.0000 -6.79931
101260.0000 -6.62904
101270.0000 -6.69577
101280.0000 -6.96367
101290.0000 -6.93132
101300.0000 -6.70144
101310.0000 -6.86640
101320.0000 -6.83144
101330.0000 -7.26271
101340.0000 -7.16533
101350.0000 -7.02958
101360.0000 -7.51712
101370.0000 -7.57850
101380.0000 -7.46722
101390.0000 -6.94786
101400.0000 -7.17768
101410.0000 -7.27867
101420.0000 -7.52932
101430.0000 -7.55801
101440.0000 -7.83402
101450.0000 -7.81024
101460.0000 -7.36383
101470.0000 -7.19017
101480.0000 -6.72820
101490.0000 -6.90198
101500.0000 -6.68016
101510.0000 -6.23820
101520.0000 -6.01564
101530.0000 -6.14494
101540.0000 -6.51290
101550.0000 -6.46362
101560.0000 -6.33239
101570.0000 -6.23748
101580.0000 -5.80031
101590.0000 -5.21219
101600.0000 -4.91138
101610.0000 -4.69445
101620.0000 -4.61451
101630.0000 -4.12292
101640.0000 -3.98688
101650.0000 -4.22200
101660.0000 -4.51156
101670.0000 -4.32723
101680.0000 -3.83599
101690.0000 -4.42250
101700.0000 -4.99336
101710.0000 -4.63654
101720.0000 -4.33520
101730.0000 -4.07187
101740.0000 -4.11612
101750.0000 -4.34213
101760.0000 -4.54399
101770.0000 -4.43004
101780.0000 -4.12215
101790.0000 -3.68659
101800.0000 -3.47411
101810.0000 -3.60536
101820.0000 -3.84640
101830.0000 -4.33198
101840.0000 -4.39198
101850.0000 -4.27495
101860.0000 -4.27482
101870.0000 -4.44213
101880.0000 -4.55948
101890.0000 -4.14987
101900.0000 -4.50170
101910.0000 -4.07984
101920.0000 -4.30760
101930.0000 -4.25177
101940.0000 -3.79822
101950.0000 -3.76568
101960.0000 -3.68850
101970.0000 -4.05738
101980.0000 -4.45023
101990.0000 -4.73511
102000.0000 -4.54303
102010.0000 -4.68544
102020.0000 -4.51210
102030.0000 -4.43701
102040.0000 -4.28827
102050.0000 -3.87164
102060.0000 -4.02256
102070.0000 -3.94070
102080.0000 -3.83609
102090.0000 -3.36840
102100.0000 -3.34904
102110.0000 -3.12735
102120.0000 -3.34419
102130.0000 -3.51285
102140.0000 -2.61858
102150.0000 -2.75719
102160.0000 -3.13048
102170.0000 -3.00117
102180.0000 -2.99581
102190.0000 -3.39752
102200.0000 -2.94349
102210.0000 -2.85206
102220.0000 -2.50020
102230.0000 -2.70688
102240.0000 -3.09338
102250.0000 -3.22120
102260.0000 -3.15790
102270.0000 -2.90432
102280.0000 -3.11509
102290.0000 -3.70315
102300.0000 -3.64057
102310.0000 -3.41876
102320.0000 -3.81585
102330.0000 -4.10493
102340.0000 -4.58232
102350.0000 -4.43208
102360.0000 -3.89875
102370.0000 -4.20581
102380.0000 -4.27306
102390.0000 -3.71921
102400.0000 -3.68572
102410.0000 -3.50353
102420.0000 -4.04985
102430.0000 -4.09854
102440.0000 -4.23049
102450.0000 -4.12020
102460.0000 -4.03482
102470.0000 -4.30147
102480.0000 -4.39344
102490.0000 -4.78051
102500.0000 -4.99134
102510.0000 -4.76983
102520.0000 -4.91068
102530.0000 -5.24741
102540.0000 -4.82451
102550.0000 -4.71756
102560.0000 -4.58652
102570.0000 -4.96631
102580.0000 -4.48352
102590.0000 -4.33784
102600.0000 -4.28917
102610.0000 -3.64809
102620.0000 -3.94486
102630.0000 -4.51761
102640.0000 -4.25222
102650.0000 -3.76372
102660.0000 -4.09399
102670.0000 -4.03260
102680.0000 -4.19095
102690.0000 -4.24762
102700.0000 -4.25184
102710.0000 -4.12609
102720.0000 -4.78988
102730.0000 -4.82419
102740.0000 -4.74249
102750.0000 -4.60400
102760.0000 -4.35696
102770.0000 -3.95088
102780.0000 -4.11548
102790.0000 -3.89559
102800.0000 -4.21317
102810.0000 -4.22752
102820.0000 -3.91067
102830.0000 -3.91320
102840.0000 -3.95670
102850.0000 -3.34493
102860.0000 -2.95071
102870.0000 -3.03206
102880.0000 -2.52688
102890.0000 -2.95090
102900.0000 -2.88002
102910.0000 -2.35094
102920.0000 -2.18863
102930.0000 -1.89218
102940.0000 -1.70935
102950.0000 -1.68957
102960.0000 -1.75011
102970.0000 -1.05893
102980.0000 -1.19962
102990.0000 -0.71453
103000.0000 -0.26992
103010.0000 -0.39977
103020.0000 -0.79388
103030.0000 -0.72708
103040.0000 -0.41137
103050.0000 -0.36256
103060.0000 -0.27477
103070.0000 -0.38916
103080.0000 -0.43973
103090.0000 -0.38238
103100.0000 0.27293
103110.0000 -0.26109
103120.0000 -0.26454
103130.0000 -0.26933
103140.0000 -0.26446
103150.0000 -0.19363
103160.0000 -0.59160
103170.0000 -0.45066
103180.0000 -0.82420
103190.0000 -1.50934
103200.0000 -2.16911
103210.0000 -1.70966
103220.0000 -1.64916
103230.0000 -1.69912
103240.0000 -1.64788
103250.0000 -1.25989
103260.0000 -1.56553
103270.0000 -1.78116
103280.0000 -1.49120
103290.0000 -1.14583
103300.0000 -1.25749
103310.0000 -1.35927
103320.0000 -1.55407
103330.0000 -1.69715
103340.0000 -1.54538
103350.0000 -1.26499
103360.0000 -1.14592
103370.0000 -1.25553
103380.0000 -1.56912
103390.0000 -1.55043
103400.0000 -1.13885
103410.0000 -0.40468
103420.0000 -0.15508
103430.0000 0.54308
103440.0000 0.34162
103450.0000 0.79187
103460.0000 0.74831
103470.0000 0.85014
103480.0000 0.70279
103490.0000 1.33864
103500.0000 1.28748
103510.0000 1.34084
103520.0000 1.61393
103530.0000 1.80902
103540.0000 2.19188
103550.0000 1.57745
103560.0000 1.41237
103570.0000 0.96290
103580.0000 1.15244
103590.0000 1.20084
103600.0000 1.11171
103610.0000 1.09293
103620.0000 1.19069
103630.0000 1.26382
103640.0000 1.26841
103650.0000 0.72609
103660.0000 0.57441
103670.0000 0.51121
103680.0000 0.36208
103690.0000 0.32711
103700.0000 0.26030
103710.0000 0.75338
103720.0000 0.90170
103730.0000 0.94307
103740.0000 0.82410
103750.0000 0.17691
103760.0000 0.00040
103770.0000 -0.32793
103780.0000 -0.44837
103790.0000 -0.72482
103800.0000 -0.53741
103810.0000 -0.45852
103820.0000 -0.79731
103830.0000 -0.59381
103840.0000 -0.41168
103850.0000 -0.75984
103860.0000 -0.09408
103870.0000 -0.41863
103880.0000 -0.71729
103890.0000 -0.69730
103900.0000 -0.89197
103910.0000 -1.01238
103920.0000 -1.03327
103930.0000 -1.02586
103940.0000 -0.93473
103950.0000 -1.00779
103960.0000 -0.86054
103970.0000 -0.96126
103980.0000 -1.28177
103990.0000 -1.41362
104000.0000 -1.09051
104010.0000 -0.71141
104020.0000 -0.90887
104030.0000 -0.44732
104040.0000 -0.71502
104050.0000 -0.32968
104060.0000 -0.70651
104070.0000 -0.01411
104080.0000 -0.00044
104090.0000 -0.67594
104100.0000 -0.86009
104110.0000 -1.50981
104120.0000 -1.63868
104130.0000 -2.16279
104140.0000 -2.48812
104150.0000 -3.05209
104160.0000 -3.12749
104170.0000 -2.89036
104180.0000 -2.84406
104190.0000 -2.81017
104200.0000 -2.58820
104210.0000 -2.54259
104220.0000 -2.80180
104230.0000 -2.89754
104240.0000 -3.15243
104250.0000 -2.67944
104260.0000 -3.05034
104270.0000 -2.50383
104280.0000 -2.18387
104290.0000 -2.94980
104300.0000 -2.86286
104310.0000 -2.83490
104320.0000 -2.83895
104330.0000 -3.57689
104340.0000 -3.51437
104350.0000 -3.43076
104360.0000 -2.69926
104370.0000 -2.57497
104380.0000 -2.73544
104390.0000 -3.54164
104400.0000 -2.87215
104410.0000 -2.91502
104420.0000 -2.72490
104430.0000 -2.81226
104440.0000 -2.60229
104450.0000 -2.28206
104460.0000 -2.44416
104470.0000 -2.72341
104480.0000 -2.47020
104490.0000 -2.48937
104500.0000 -2.31375
104510.0000 -2.39140
104520.0000 -2.64078
104530.0000 -2.46468
104540.0000 -2.75542
104550.0000 -2.63175
104560.0000 -3.24521
104570.0000 -3.23652
104580.0000 -3.45042
104590.0000 -3.81734
104600.0000 -4.23045
104610.0000 -3.63889
104620.0000 -4.07164
104630.0000 -4.09380
104640.0000 -3.78366
104650.0000 -4.15592
104660.0000 -4.32831
104670.0000 -4.31538
104680.0000 -4.20033
104690.0000 -3.83084
104700.0000 -4.32945
104710.0000 -4.47951
104720.0000 -3.87316
104730.0000 -3.61077
104740.0000 -4.25048
104750.0000 -4.58086
104760.0000 -4.92198
104770.0000 -4.92857
104780.0000 -4.84438
104790.0000 -5.32186
104800.0000 -5.31702
104810.0000 -5.05091
104820.0000 -5.44975
104830.0000 -5.51594
104840.0000 -5.84801
104850.0000 -5.68879
104860.0000 -5.52959
104870.0000 -5.17014
104880.0000 -4.69374
104890.0000 -4.53856
104900.0000 -4.44987
104910.0000 -5.14117
104920.0000 -5.86975
104930.0000 -5.97739
104940.0000 -5.66573
104950.0000 -5.68326
104960.0000 -5.64090
104970.0000 -5.68059
104980.0000 -5.65424
104990.0000 -5.88934
105000.0000 -6.17451
105010.0000 -6.12393
105020.0000 -6.13854
105030.0000 -6.25916
105040.0000 -6.54593
105050.0000 -6.44640
105060.0000 -6.59391
105070.0000 -6.44622
105080.0000 -6.60466
105090.0000 -5.87041
105100.0000 -6.46882
105110.0000 -6.07150
105120.0000 -6.24356
105130.0000 -6.23192
105140.0000 -6.64842
105150.0000 -6.90430
105160.0000 -6.39753
105170.0000 -5.78701
105180.0000 -5.70615
105190.0000 -5.93954
105200.0000 -5.32774
105210.0000 -5.78468
105220.0000 -5.35364
105230.0000 -5.14628
105240.0000 -5.36082
105250.0000 -5.02771
105260.0000 -4.98322
105270.0000 -4.66547
105280.0000 -5.09393
105290.0000 -5.51290
105300.0000 -5.40127
105310.0000 -5.33974
105320.0000 -4.85991
105330.0000 -5.21967
105340.0000 -4.96880
105350.0000 -5.16264
105360.0000 -5.03187
105370.0000 -5.25086
105380.0000 -4.92465
105390.0000 -5.00015
105400.0000 -4.99939
105410.0000 -5.13069
105420.0000 -5.06140
105430.0000 -5.25397
105440.0000 -5.41071
105450.0000 -5.72278
105460.0000 -5.98993
105470.0000 -6.08007
105480.0000 -5.73490
105490.0000 -5.87762
105500.0000 -6.13664
105510.0000 -5.40920
105520.0000 -5.63554
105530.0000 -5.55740
105540.0000 -5.84051
105550.0000 -6.14331
105560.0000 -6.76736
105570.0000 -6.92028
105580.0000 -6.13663
105590.0000 -5.76328
105600.0000 -5.12668
105610.0000 -5.29606
105620.0000 -5.74997
105630.0000 -5.89514
105640.0000 -5.25804
105650.0000 -5.21902
105660.0000 -4.92621
105670.0000 -4.98357
105680.0000 -5.02355
105690.0000 -4.52626
105700.0000 -3.87437
105710.0000 -4.04990
105720.0000 -4.34434
105730.0000 -4.25710
105740.0000 -5.08166
105750.0000 -4.81995
105760.0000 -4.69303
105770.0000 -4.37766
105780.0000 -4.14998
105790.0000 -4.05698
105800.0000 -4.04688
105810.0000 -3.70955
105820.0000 -3.80953
105830.0000 -3.80460
105840.0000 -3.98050
105850.0000 -3.45424
105860.0000 -3.69866
105870.0000 -3.58280
105880.0000 -3.55520
105890.0000 -3.82217
105900.0000 -4.14102
105910.0000 -4.01137
105920.0000 -3.52727
105930.0000 -3.39716
105940.0000 -3.55853
105950.0000 -3.51275
105960.0000 -3.79458
105970.0000 -3.72586
105980.0000 -3.92017
105990.0000 -3.96798
106000.0000 -4.07870
106010.0000 -4.78451
106020.0000 -4.91800
106030.0000 -4.80545
106040.0000 -3.98014
106050.0000 -3.95498
106060.0000 -4.66067
106070.0000 -4.50804
106080.0000 -3.97111
106090.0000 -4.07554
106100.0000 -3.73856
106110.0000 -3.81386
106120.0000 -4.36750
106130.0000 -5.27874
106140.0000 -5.12594
106150.0000 -5.23823
106160.0000 -5.14535
106170.0000 -4.67957
106180.0000 -4.69961
106190.0000 -4.77608
106200.0000 -4.59496
106210.0000 -4.61324
106220.0000 -4.49416
106230.0000 -4.27413
106240.0000 -4.58854
106250.0000 -4.13286
106260.0000 -3.91318
106270.0000 -3.72936
106280.0000 -3.61000
106290.0000 -3.54203
106300.0000 -3.10258
106310.0000 -2.84771
106320.0000 -2.15960
106330.0000 -2.09703
106340.0000 -2.37506
106350.0000 -2.39337
106360.0000 -2.97704
106370.0000 -3.32669
106380.0000 -3.57106
106390.0000 -3.71139
106400.0000 -3.81576
106410.0000 -4.10523
106420.0000 -4.41720
106430.0000 -4.28935
106440.0000 -4.15958
106450.0000 -4.83793
106460.0000 -5.24731
106470.0000 -5.65384
106480.0000 -5.70322
106490.0000 -5.56917
106500.0000 -6.31426
106510.0000 -6.13739
106520.0000 -6.25837
106530.0000 -6.16085
106540.0000 -5.77755
106550.0000 -5.55552
106560.0000 -5.45265
106570.0000 -6.08322
106580.0000 -5.57906
106590.0000 -5.74608
106600.0000 -5.45241
106610.0000 -4.90336
106620.0000 -4.99363
106630.0000 -4.98824
106640.0000 -4.69497
106650.0000 -4.82242
106660.0000 -5.07496
106670.0000 -5.30253
106680.0000 -5.40130
106690.0000 -5.00798
106700.0000 -5.22898
106710.0000 -5.13979
106720.0000 -5.27992
106730.0000 -5.60906
106740.0000 -5.28921
106750.0000 -4.97841
106760.0000 -4.53000
106770.0000 -4.68443
106780.0000 -4.88218
106790.0000 -4.83618
106800.0000 -4.26226
106810.0000 -4.29442
106820.0000 -4.28416
106830.0000 -4.50920
106840.0000 -4.45145
106850.0000 -3.91839
106860.0000 -4.10970
106870.0000 -4.25172
106880.0000 -3.93472
106890.0000 -3.59758
106900.0000 -2.88481
106910.0000 -2.66305
106920.0000 -2.71433
106930.0000 -2.32536
106940.0000 -2.53633
106950.0000 -2.22666
106960.0000 -2.72998
106970.0000 -3.39346
106980.0000 -3.35138
106990.0000 -3.50317
107000.0000 -3.12221
107010.0000 -3.16232
107020.0000 -3.53976
107030.0000 -3.41757
107040.0000 -3.76982
107050.0000 -4.38192
107060.0000 -4.44376
107070.0000 -4.59206
107080.0000 -4.37312
107090.0000 -4.63592
107100.0000 -5.07992
107110.0000 -5.12253
107120.0000 -5.35360
107130.0000 -4.58935
107140.0000 -4.12288
107150.0000 -3.90559
107160.0000 -3.97501
107170.0000 -3.83904
107180.0000 -3.44619
107190.0000 -3.02198
107200.0000 -3.06201
107210.0000 -2.86712
107220.0000 -2.64965
107230.0000 -1.85045
107240.0000 -1.74484
107250.0000 -2.38601
107260.0000 -2.87968
107270.0000 -2.93544
107280.0000 -3.44360
107290.0000 -3.66288
107300.0000 -4.32484
107310.0000 -4.84836
107320.0000 -5.18411
107330.0000 -5.11252
107340.0000 -4.57094
107350.0000 -4.69476
107360.0000 -4.18393
107370.0000 -4.24354
107380.0000 -4.17345
107390.0000 -4.11440
107400.0000 -4.20121
107410.0000 -4.09780
107420.0000 -4.59559
107430.0000 -4.29506
107440.0000 -4.50663
107450.0000 -4.28805
107460.0000 -4.44102
107470.0000 -4.10679
107480.0000 -3.47465
107490.0000 -3.50114
107500.0000 -2.96121
107510.0000 -3.00926
107520.0000 -2.32362
107530.0000 -2.41066
107540.0000 -2.79277
107550.0000 -3.21180
107560.0000 -3.27116
107570.0000 -3.36719
107580.0000 -2.91536
107590.0000 -2.54678
107600.0000 -2.02970
107610.0000 -2.08283
107620.0000 -2.33910
107630.0000 -2.22274
107640.0000 -1.35617
107650.0000 -1.09802
107660.0000 -0.55186
107670.0000 -0.79502
107680.0000 -1.40771
107690.0000 -1.27375
107700.0000 -0.90870
107710.0000 -0.72775
107720.0000 -0.88766
107730.0000 -0.73435
107740.0000 -0.88238
107750.0000 -0.14286
107760.0000 -0.07416
107770.0000 -0.75640
107780.0000 -1.17860
107790.0000 -1.99162
107800.0000 -2.03723
107810.0000 -1.98876
107820.0000 -1.93612
107830.0000 -2.47110
107840.0000 -2.19013
107850.0000 -2.66969
107860.0000 -1.90753
107870.0000 -1.69519
107880.0000 -1.87748
107890.0000 -2.18566
107900.0000 -2.53746
107910.0000 -1.86632
107920.0000 -2.35919
107930.0000 -2.34317
107940.0000 -2.03016
107950.0000 -1.77362
107960.0000 -1.93984
107970.0000 -1.49358
107980.0000 -1.11048
107990.0000 -1.11413
108000.0000 -1.47256
108010.0000 -2.38033
108020.0000 -2.54807
108030.0000 -3.13062
108040.0000 -3.44411
108050.0000 -3.03423
108060.0000 -3.26622
108070.0000 -2.73433
108080.0000 -2.99708
108090.0000 -3.47374
108100.0000 -3.90931
108110.0000 -4.22558
108120.0000 -4.40174
108130.0000 -4.92779
108140.0000 -5.23644
108150.0000 -5.16415
108160.0000 -5.42099
108170.0000 -5.29610
108180.0000 -5.79632
108190.0000 -6.01052
108200.0000 -5.90415
108210.0000 -5.49478
108220.0000 -6.52909
108230.0000 -7.01854
108240.0000 -7.04659
108250.0000 -7.20683
108260.0000 -6.94951
108270.0000 -6.90015
108280.0000 -6.87112
108290.0000 -7.28200
108300.0000 -7.57637
108310.0000 -7.34656
108320.0000 -6.68628
108330.0000 -6.35913
108340.0000 -6.84777
108350.0000 -6.72670
108360.0000 -6.70665
108370.0000 -7.05185
108380.0000 -6.97231
108390.0000 -6.09012
108400.0000 -6.11324
108410.0000 -5.96727
108420.0000 -5.97089
108430.0000 -5.32490
108440.0000 -5.31485
108450.0000 -4.56171
108460.0000 -4.37603
108470.0000 -4.17622
108480.0000 -4.47643
108490.0000 -4.50780
108500.0000 -4.88443
108510.0000 -4.96503
108520.0000 -5.43372
108530.0000 -5.45088
108540.0000 -4.97086
108550.0000 -4.57492
108560.0000 -4.04777
108570.0000 -3.91284
108580.0000 -4.29538
108590.0000 -4.44588
108600.0000 -4.57358
108610.0000 -5.00992
108620.0000 -4.68864
108630.0000 -4.88078
108640.0000 -5.25482
108650.0000 -5.73102
108660.0000 -6.02200
108670.0000 -6.43993
108680.0000 -6.30726
108690.0000 -6.41225
108700.0000 -6.52295
108710.0000 -6.58400
108720.0000 -6.44958
108730.0000 -6.72455
108740.0000 -7.03868
108750.0000 -7.01323
108760.0000 -6.90614
108770.0000 -6.46249
108780.0000 -6.73428
108790.0000 -6.49399
108800.0000 -6.11465
108810.0000 -5.86539
108820.0000 -6.34861
108830.0000 -6.91793
108840.0000 -7.16386
108850.0000 -7.41939
108860.0000 -7.09485
108870.0000 -7.03814
108880.0000 -6.61716
108890.0000 -6.24582
108900.0000 -5.85063
108910.0000 -5.54208
108920.0000 -5.41735
108930.0000 -5.65961
108940.0000 -5.22709
108950.0000 -5.64125
108960.0000 -5.46478
108970.0000 -5.45538
108980.0000 -5.53583
108990.0000 -5.85469
109000.0000 -5.36098
109010.0000 -5.36724
109020.0000 -5.14576
109030.0000 -4.90325
109040.0000 -4.42093
109050.0000 -4.08279
109060.0000 -4.82283
109070.0000 -4.02731
109080.0000 -4.15466
109090.0000 -3.11404
109100.0000 -3.14291
109110.0000 -3.24133
109120.0000 -2.94294
109130.0000 -3.05851
109140.0000 -3.28230
109150.0000 -3.33976
109160.0000 -3.68131
109170.0000 -3.08391
109180.0000 -2.87252
109190.0000 -2.97751
109200.0000 -2.73904
109210.0000 -3.60914
109220.0000 -3.68481
109230.0000 -3.65150
109240.0000 -3.13781
109250.0000 -3.05944
109260.0000 -2.42984
109270.0000 -2.67411
109280.0000 -2.92534
109290.0000 -2.87036
109300.0000 -2.40052
109310.0000 -3.01874
109320.0000 -3.56118
109330.0000 -2.88326
109340.0000 -2.97727
109350.0000 -2.44131
109360.0000 -2.87981
109370.0000 -2.54702
109380.0000 -3.41099
109390.0000 -3.16422
109400.0000 -3.36498
109410.0000 -3.27621
109420.0000 -3.52515
109430.0000 -3.74801
109440.0000 -3.43430
109450.0000 -3.31935
109460.0000 -3.01615
109470.0000 -3.16240
109480.0000 -3.44507
109490.0000 -2.91614
109500.0000 -3.40392
109510.0000 -3.44539
109520.0000 -3.45092
109530.0000 -3.54927
109540.0000 -3.10415
109550.0000 -3.69972
109560.0000 -3.43132
109570.0000 -3.84436
109580.0000 -3.92766
109590.0000 -3.87311
109600.0000 -3.86475
109610.0000 -3.34709
109620.0000 -3.82890
109630.0000 -4.99106
109640.0000 -4.32312
109650.0000 -4.04452
109660.0000 -4.21686
109670.0000 -4.60155
109680.0000 -4.33062
109690.0000 -4.17126
109700.0000 -3.87942
109710.0000 -4.71574
109720.0000 -4.86392
109730.0000 -5.65710
109740.0000 -7.10068
109750.0000 -6.26116
109760.0000 -5.15212
109770.0000 -5.19916
109780.0000 -5.59513
109790.0000 -5.69083
109800.0000 -6.66408
109810.0000 -5.71320
109820.0000 -3.36275
109830.0000 -3.76175
109840.0000 -4.77767
109850.0000 -5.46490
109860.0000 -4.22099
109870.0000 -3.99035
109880.0000 -3.42168
109890.0000 -4.06715
109900.0000 -3.90695
109910.0000 -2.93576
109920.0000 -3.42794
109930.0000 -2.87382
109940.0000 -3.41814
109950.0000 -3.56558
109960.0000 -2.93793
109970.0000 -3.95377
109980.0000 -4.49315
109990.0000 -4.30543
110000.0000 -3.83947
110010.0000 -3.94897
110020.0000 -3.36188
110030.0000 -2.44292
110040.0000 -2.40793
110050.0000 -3.66823
110060.0000 -3.10880
110070.0000 -2.66707
110080.0000 -2.65972
110090.0000 -3.47908
110100.0000 -3.44783
110110.0000 -4.03784
110120.0000 -4.05484
110130.0000 -4.28193
110140.0000 -3.85654
110150.0000 -4.01608
110160.0000 -3.40305
110170.0000 -3.25866
110180.0000 -3.85526
110190.0000 -4.06785
110200.0000 -4.92780
110210.0000 -5.20651
110220.0000 -5.43016
110230.0000 -4.91576
110240.0000 -5.24762
110250.0000 -5.67160
110260.0000 -5.44240
110270.0000 -4.27481
110280.0000 -4.06595
110290.0000 -4.27283
110300.0000 -4.27788
110310.0000 -3.83417
110320.0000 -3.45028
110330.0000 -2.79838
110340.0000 -3.15212
110350.0000 -3.07615
110360.0000 -2.92795
110370.0000 -2.57648
110380.0000 -2.29008
110390.0000 -2.17751
110400.0000 -1.87381
110410.0000 -1.65148
110420.0000 -1.74246
110430.0000 -1.45664
110440.0000 -2.42718
110450.0000 -2.07950
110460.0000 -2.31559
110470.0000 -2.02413
110480.0000 -1.98607
110490.0000 -1.23208
110500.0000 -2.28198
110510.0000 -2.38044
110520.0000 -2.63112
110530.0000 -3.12098
110540.0000 -2.27028
110550.0000 -2.40101
110560.0000 -2.73893
110570.0000 -3.12843
110580.0000 -2.80142
110590.0000 -2.85266
110600.0000 -2.53366
110610.0000 -1.58901
110620.0000 -0.52169
110630.0000 -0.36523
110640.0000 -0.51943
110650.0000 -0.57544
110660.0000 -0.81358
110670.0000 -1.07739
110680.0000 -1.01334
110690.0000 -0.57688
110700.0000 0.23399
110710.0000 0.11056
110720.0000 0.56487
110730.0000 0.60541
110740.0000 1.47504
110750.0000 1.35732
110760.0000 1.22040
110770.0000 1.07959
110780.0000 1.39847
110790.0000 1.44262
110800.0000 2.22282
110810.0000 2.70536
110820.0000 2.32546
110830.0000 2.21158
110840.0000 1.86741
110850.0000 2.77248
110860.0000 2.29169
110870.0000 1.71774
110880.0000 1.84188
110890.0000 2.25071
110900.0000 2.15623
110910.0000 2.44408
110920.0000 2.55189
110930.0000 2.15122
110940.0000 2.01706
110950.0000 2.20168
110960.0000 2.39342
110970.0000 2.88602
110980.0000 3.01944
110990.0000 2.79427
111000.0000 1.80888
111010.0000 1.30582
111020.0000 1.52361
111030.0000 1.74356
111040.0000 2.19840
111050.0000 3.06672
111060.0000 3.44403
111070.0000 3.57773
111080.0000 3.91907
111090.0000 4.01070
111100.0000 4.90239
111110.0000 4.29900
111120.0000 4.16247
111130.0000 3.80154
111140.0000 3.38189
111150.0000 3.52773
111160.0000 3.01101
111170.0000 3.09573
111180.0000 3.41459
111190.0000 3.59972
111200.0000 3.23280
111210.0000 3.81121
111220.0000 3.73823
111230.0000 4.05018
111240.0000 4.41398
111250.0000 3.63369
111260.0000 3.24437
111270.0000 3.55471
111280.0000 3.30858
111290.0000 3.44716
111300.0000 3.66897
111310.0000 3.86554
111320.0000 3.08596
111330.0000 2.91311
111340.0000 2.57536
111350.0000 2.99735
111360.0000 3.16125
111370.0000 2.35305
111380.0000 2.40191
111390.0000 2.60900
111400.0000 3.23467
111410.0000 2.74134
111420.0000 2.33462
111430.0000 1.95226
111440.0000 1.82180
111450.0000 0.92083
111460.0000 1.27855
111470.0000 1.30990
111480.0000 1.33823
111490.0000 1.38273
111500.0000 2.19625
111510.0000 2.76220
111520.0000 2.74253
111530.0000 1.99416
111540.0000 2.22374
111550.0000 2.15317
111560.0000 2.11457
111570.0000 2.81078
111580.0000 2.68010
111590.0000 2.72132
111600.0000 3.16959
111610.0000 3.57422
111620.0000 2.72881
111630.0000 2.88609
111640.0000 2.70562
111650.0000 2.10390
111660.0000 1.73049
111670.0000 1.68543
111680.0000 1.07383
111690.0000 1.42567
111700.0000 1.70122
111710.0000 2.00297
111720.0000 2.08078
111730.0000 2.11305
111740.0000 2.14411
111750.0000 1.67050
111760.0000 2.75251
111770.0000 2.96101
111780.0000 2.88334
111790.0000 2.31407
111800.0000 2.97172
111810.0000 2.88134
111820.0000 2.55278
111830.0000 2.76953
111840.0000 2.85190
111850.0000 2.55923
111860.0000 3.05258
111870.0000 3.25869
111880.0000 3.55647
111890.0000 3.32283
111900.0000 3.63931
111910.0000 3.99329
111920.0000 3.76881
111930.0000 3.53175
111940.0000 3.17673
111950.0000 3.65836
111960.0000 4.07894
111970.0000 4.36436
111980.0000 4.71731
111990.0000 4.12259
112000.0000 3.55524
112010.0000 3.65706
112020.0000 4.11009
112030.0000 4.65328
112040.0000 5.16979
112050.0000 4.75654
112060.0000 4.54750
112070.0000 4.51496
112080.0000 4.23297
112090.0000 3.99305
112100.0000 3.90598
112110.0000 3.46653
112120.0000 2.89701
112130.0000 2.34502
112140.0000 2.23191
112150.0000 1.31546
112160.0000 0.75403
112170.0000 0.67372
112180.0000 0.26843
112190.0000 0.80126
112200.0000 1.17685
112210.0000 1.04006
112220.0000 0.33159
112230.0000 0.15511
112240.0000 -0.33403
112250.0000 0.13051
112260.0000 -0.14562
112270.0000 -0.07466
112280.0000 -0.01302
112290.0000 0.37942
112300.0000 -0.19509
112310.0000 -0.70522
112320.0000 0.00932
112330.0000 0.09409
112340.0000 0.06765
112350.0000 -0.42253
112360.0000 -0.80134
112370.0000 -0.17604
112380.0000 -0.02734
112390.0000 0.22025
112400.0000 0.21840
112410.0000 0.11812
112420.0000 -0.89929
112430.0000 -1.43499
112440.0000 -1.18766
112450.0000 -1.59991
112460.0000 -2.06771
112470.0000 -2.73782
112480.0000 -2.89275
112490.0000 -3.54873
112500.0000 -3.44132
112510.0000 -3.68851
112520.0000 -3.88034
112530.0000 -3.54756
112540.0000 -3.91445
112550.0000 -4.15126
112560.0000 -4.28925
112570.0000 -3.53403
112580.0000 -4.09468
112590.0000 -4.27357
112600.0000 -4.50732
112610.0000 -4.55307
112620.0000 -4.59176
112630.0000 -4.97164
112640.0000 -4.92059
112650.0000 -4.37675
112660.0000 -4.76124
112670.0000 -5.13319
112680.0000 -5.17225
112690.0000 -4.83889
112700.0000 -4.36512
112710.0000 -4.22510
112720.0000 -4.21973
112730.0000 -4.30362
112740.0000 -4.23854
112750.0000 -3.92925
112760.0000 -4.00936
112770.0000 -4.04595
112780.0000 -4.13846
112790.0000 -4.01936
112800.0000 -4.68402
112810.0000 -4.68230
112820.0000 -4.63777
112830.0000 -4.44407
112840.0000 -4.18239
112850.0000 -4.41057
112860.0000 -4.44203
112870.0000 -4.76214
112880.0000 -4.61313
112890.0000 -4.49970
112900.0000 -4.99487
112910.0000 -5.15821
112920.0000 -4.74697
112930.0000 -4.76131
112940.0000 -5.06600
112950.0000 -5.20528
112960.0000 -5.32362
112970.0000 -4.52609
112980.0000 -4.41163
112990.0000 -4.51799
113000.0000 -5.00438
113010.0000 -4.82046
113020.0000 -5.18875
113030.0000 -5.05154
113040.0000 -5.39897
113050.0000 -6.08013
113060.0000 -6.44244
113070.0000 -6.17035
113080.0000 -6.24394
113090.0000 -6.09523
113100.0000 -6.20419
113110.0000 -6.01884
113120.0000 -6.08893
113130.0000 -6.95175
113140.0000 -6.68553
113150.0000 -6.62556
113160.0000 -5.90237
113170.0000 -5.56689
113180.0000 -5.24782
113190.0000 -5.24023
113200.0000 -5.13893
113210.0000 -4.30472
113220.0000 -3.84126
113230.0000 -4.02454
113240.0000 -3.52183
113250.0000 -3.17014
113260.0000 -2.87545
113270.0000 -3.56652
113280.0000 -3.74652
113290.0000 -4.16299
113300.0000 -3.76902
113310.0000 -3.60196
113320.0000 -3.46305
113330.0000 -3.30058
113340.0000 -3.62850
113350.0000 -3.58028
113360.0000 -3.96910
113370.0000 -4.00181
113380.0000 -4.02667
113390.0000 -3.84812
113400.0000 -4.02593
113410.0000 -4.10813
113420.0000 -3.81956
113430.0000 -3.92452
113440.0000 -4.53625
113450.0000 -4.15052
113460.0000 -4.67697
113470.0000 -5.08845
113480.0000 -4.94396
113490.0000 -4.92377
113500.0000 -5.01134
113510.0000 -5.42620
113520.0000 -5.26646
113530.0000 -5.03420
113540.0000 -4.94583
113550.0000 -5.11355
113560.0000 -4.71391
113570.0000 -5.04457
113580.0000 -4.47433
113590.0000 -4.43939
113600.0000 -4.05120
113610.0000 -4.81365
113620.0000 -4.81968
113630.0000 -4.87436
113640.0000 -4.52527
113650.0000 -4.64827
113660.0000 -4.36482
113670.0000 -5.34227
113680.0000 -5.58134
113690.0000 -5.46643
113700.0000 -5.03858
113710.0000 -4.49809
113720.0000 -4.05739
113730.0000 -3.54223
113740.0000 -3.46766
113750.0000 -3.41302
113760.0000 -3.35016
113770.0000 -3.02324
113780.0000 -2.86042
113790.0000 -3.72820
113800.0000 -2.89265
113810.0000 -2.82990
113820.0000 -2.54400
113830.0000 -2.44796
113840.0000 -2.32489
113850.0000 -2.17048
113860.0000 -1.99970
113870.0000 -2.32887
113880.0000 -2.12465
113890.0000 -2.01387
113900.0000 -2.30985
113910.0000 -2.18691
113920.0000 -1.85247
113930.0000 -2.11554
113940.0000 -2.65071
113950.0000 -3.05349
113960.0000 -2.41969
113970.0000 -2.33469
113980.0000 -2.35771
113990.0000 -1.85134
114000.0000 -1.47319
114010.0000 -1.01947
114020.0000 -1.10051
114030.0000 -0.89960
114040.0000 -0.73431
114050.0000 -0.60192
114060.0000 -0.49752
114070.0000 -0.27916
114080.0000 -0.49289
114090.0000 -0.30165
114100.0000 -0.17859
114110.0000 -0.05944
114120.0000 0.59238
114130.0000 0.09908
114140.0000 0.64977
114150.0000 0.59727
114160.0000 0.75280
114170.0000 0.71704
114180.0000 0.76749
114190.0000 0.73159
114200.0000 0.38732
114210.0000 0.78993
114220.0000 -0.21615
114230.0000 -0.12000
114240.0000 -0.12877
114250.0000 0.33862
114260.0000 0.90913
114270.0000 0.88221
114280.0000 0.30297
114290.0000 -0.07012
114300.0000 -0.57425
114310.0000 -0.20620
114320.0000 0.38346
114330.0000 0.76712
114340.0000 0.80025
114350.0000 0.78543
114360.0000 1.21629
114370.0000 1.22332
114380.0000 1.01450
114390.0000 1.29816
114400.0000 1.79554
114410.0000 1.65661
114420.0000 1.99729
114430.0000 2.36421
114440.0000 2.21061
114450.0000 2.27983
114460.0000 2.44700
114470.0000 2.46402
114480.0000 2.34213
114490.0000 2.58498
114500.0000 2.46736
114510.0000 2.82772
114520.0000 3.08309
114530.0000 2.63461
114540.0000 2.91377
114550.0000 3.04276
114560.0000 2.71910
114570.0000 2.43749
114580.0000 2.26560
114590.0000 1.70413
114600.0000 1.53888
114610.0000 2.76368
114620.0000 2.83405
114630.0000 3.38515
114640.0000 2.65987
114650.0000 2.19475
114660.0000 2.74102
114670.0000 3.03953
114680.0000 3.21540
114690.0000 3.57586
114700.0000 3.58170
114710.0000 3.96903
114720.0000 3.74846
114730.0000 4.19502
114740.0000 4.08494
114750.0000 3.78788
114760.0000 3.54148
114770.0000 4.06111
114780.0000 3.88247
114790.0000 4.03185
114800.0000 4.37569
114810.0000 5.05050
114820.0000 5.06715
114830.0000 5.06292
114840.0000 4.49341
114850.0000 4.69259
114860.0000 4.63677
114870.0000 4.52514
114880.0000 3.86536
114890.0000 3.98268
114900.0000 3.83239
114910.0000 4.35850
114920.0000 4.73813
114930.0000 4.52591
114940.0000 4.20621
114950.0000 3.53463
114960.0000 3.44765
114970.0000 3.58830
114980.0000 3.68700
114990.0000 3.22307
115000.0000 3.82593
115010.0000 3.54362
115020.0000 3.08713
115030.0000 2.93700
115040.0000 2.90166
115050.0000 2.65357
115060.0000 3.13324
115070.0000 3.36269
115080.0000 3.49730
115090.0000 3.19032
115100.0000 2.36865
115110.0000 2.55504
115120.0000 2.99326
115130.0000 3.10248
115140.0000 3.03365
115150.0000 3.28119
115160.0000 3.00950
115170.0000 3.34196
115180.0000 3.06535
115190.0000 2.85603
115200.0000 2.86488
115210.0000 2.87766
115220.0000 3.52915
115230.0000 3.33470
115240.0000 3.60670
115250.0000 3.57020
115260.0000 3.02751
115270.0000 3.26411
115280.0000 4.11527
115290.0000 5.19088
115300.0000 6.00569
115310.0000 5.86420
115320.0000 6.04364
115330.0000 6.37297
115340.0000 6.96741
115350.0000 7.79139
115360.0000 7.75940
115370.0000 7.95119
115380.0000 8.18399
115390.0000 8.47982
115400.0000 9.10406
115410.0000 9.92809
115420.0000 9.55058
115430.0000 9.12463
115440.0000 9.53778
115450.0000 9.93913
115460.0000 10.92290
115470.0000 10.87615
115480.0000 10.48813
115490.0000 10.77680
115500.0000 11.21145
115510.0000 11.15988
115520.0000 11.20541
115530.0000 10.90556
115540.0000 10.46267
115550.0000 10.48052
115560.0000 10.76413
115570.0000 10.31004
115580.0000 10.36783
115590.0000 10.57132
115600.0000 11.03688
115610.0000 11.42362
115620.0000 11.49662
115630.0000 10.62080
115640.0000 10.92512
115650.0000 10.11394
115660.0000 9.44024
115670.0000 9.22518
115680.0000 9.50620
115690.0000 10.11259
115700.0000 10.33799
115710.0000 10.33305
115720.0000 10.37838
115730.0000 10.51195
115740.0000 10.24821
115750.0000 10.07907
115760.0000 10.36430
115770.0000 10.50842
115780.0000 9.78049
115790.0000 9.85547
115800.0000 9.89507
115810.0000 10.20469
115820.0000 10.81759
115830.0000 10.83820
115840.0000 11.10858
115850.0000 11.88921
115860.0000 11.56009
115870.0000 11.72246
115880.0000 12.03785
115890.0000 12.52026
115900.0000 12.13834
115910.0000 12.28323
115920.0000 12.32465
115930.0000 12.24193
115940.0000 12.48746
115950.0000 12.62409
115960.0000 12.84303
115970.0000 12.96725
115980.0000 13.42168
115990.0000 13.73135
116000.0000 13.85555
116010.0000 13.69387
116020.0000 13.60001
116030.0000 14.46330
116040.0000 15.02252
116050.0000 15.09522
116060.0000 14.62894
116070.0000 14.66316
116080.0000 14.40002
116090.0000 13.88047
116100.0000 13.96376
116110.0000 13.97609
116120.0000 14.45924
116130.0000 14.49017
116140.0000 14.40190
116150.0000 14.13025
116160.0000 13.79879
116170.0000 13.71487
116180.0000 14.07756
116190.0000 13.50612
116200.0000 13.62111
116210.0000 13.55778
116220.0000 13.81874
116230.0000 13.98710
116240.0000 14.68494
116250.0000 14.38704
116260.0000 14.60684
116270.0000 15.36222
116280.0000 15.24700
116290.0000 15.44483
116300.0000 15.19504
116310.0000 15.66143
116320.0000 15.88593
116330.0000 15.70333
116340.0000 15.53723
116350.0000 15.58726
116360.0000 16.25337
116370.0000 16.43420
116380.0000 16.04306
116390.0000 16.26465
116400.0000 15.88899
116410.0000 15.49777
116420.0000 15.60607
116430.0000 15.63691
116440.0000 15.66635
116450.0000 15.45020
116460.0000 15.33787
116470.0000 15.21282
116480.0000 15.13479
116490.0000 14.69970
116500.0000 14.34789
116510.0000 14.93454
116520.0000 15.58249
116530.0000 16.35239
116540.0000 16.37803
116550.0000 16.84950
116560.0000 17.03992
116570.0000 16.57109
116580.0000 16.99314
116590.0000 17.13818
116600.0000 16.89712
116610.0000 16.64271
116620.0000 16.45536
116630.0000 15.95242
116640.0000 16.54936
116650.0000 16.02978
116660.0000 15.61293
116670.0000 15.97716
116680.0000 16.63092
116690.0000 17.08643
116700.0000 17.18148
116710.0000 17.59940
116720.0000 17.81224
116730.0000 17.86611
116740.0000 17.95493
116750.0000 17.99640
116760.0000 18.15112
116770.0000 17.38601
116780.0000 17.56548
116790.0000 17.96472
116800.0000 18.12543
116810.0000 18.00211
116820.0000 18.44281
116830.0000 18.82423
116840.0000 19.43851
116850.0000 19.75286
116860.0000 20.02754
116870.0000 19.87837
116880.0000 19.64844
116890.0000 19.53174
116900.0000 19.38122
116910.0000 19.37568
116920.0000 19.55511
116930.0000 19.77862
116940.0000 19.88808
116950.0000 20.96866
116960.0000 21.06504
116970.0000 20.38143
116980.0000 19.96137
116990.0000 20.05301
117000.0000 19.61499
117010.0000 19.80321
117020.0000 19.41084
117030.0000 19.09786
117040.0000 19.22893
117050.0000 18.97656
117060.0000 19.44699
117070.0000 19.57841
117080.0000 20.05878
117090.0000 19.96764
117100.0000 20.33825
117110.0000 20.57709
117120.0000 20.90467
117130.0000 20.86835
117140.0000 20.89593
117150.0000 21.55185
117160.0000 21.70504
117170.0000 21.07194
117180.0000 21.02594
117190.0000 20.61827
117200.0000 19.87420
117210.0000 19.47512
117220.0000 18.82497
117230.0000 18.60546
117240.0000 19.03920
117250.0000 19.47111
117260.0000 19.54416
117270.0000 19.85661
117280.0000 19.92418
117290.0000 19.65877
117300.0000 19.89153
117310.0000 19.86127
117320.0000 19.49546
117330.0000 19.15853
117340.0000 19.05060
117350.0000 19.21870
117360.0000 19.72976
117370.0000 19.87302
117380.0000 19.76159
117390.0000 19.58908
117400.0000 19.47412
117410.0000 19.61953
117420.0000 19.98878
117430.0000 20.30318
117440.0000 20.24793
117450.0000 19.62487
117460.0000 19.33213
117470.0000 19.25033
117480.0000 19.22393
117490.0000 18.64905
117500.0000 18.54912
117510.0000 19.00270
117520.0000 18.78524
117530.0000 18.68776
117540.0000 17.61299
117550.0000 16.77495
117560.0000 16.97474
117570.0000 17.00189
117580.0000 16.66860
117590.0000 17.06789
117600.0000 16.76938
117610.0000 16.84029
117620.0000 17.17114
117630.0000 17.10333
117640.0000 16.61673
117650.0000 16.78034
117660.0000 17.10245
117670.0000 17.32700
117680.0000 17.27363
117690.0000 17.21169
117700.0000 16.88999
117710.0000 16.58750
117720.0000 16.33523
117730.0000 16.47895
117740.0000 17.24770
117750.0000 17.61298
117760.0000 18.09535
117770.0000 17.89691
117780.0000 17.85918
117790.0000 18.01627
117800.0000 18.88988
117810.0000 18.87700
117820.0000 18.38195
117830.0000 19.30366
117840.0000 19.13983
117850.0000 19.05816
117860.0000 19.36916
117870.0000 19.71327
117880.0000 19.37929
117890.0000 19.19469
117900.0000 18.73559
117910.0000 18.96669
117920.0000 18.49656
117930.0000 18.49441
117940.0000 18.33542
117950.0000 17.59378
117960.0000 18.11119
117970.0000 17.87112
117980.0000 17.74091
117990.0000 17.75828
118000.0000 17.65415
118010.0000 17.64713
118020.0000 18.16010
118030.0000 18.57303
118040.0000 18.38501
118050.0000 18.79868
118060.0000 18.98582
118070.0000 19.12102
118080.0000 18.87888
118090.0000 19.12168
118100.0000 18.70525
118110.0000 18.36226
118120.0000 18.72849
118130.0000 18.44879
118140.0000 18.57386
118150.0000 18.22088
118160.0000 18.89210
118170.0000 19.27169
118180.0000 19.61078
118190.0000 19.52734
118200.0000 19.14891
118210.0000 19.46676
118220.0000 19.67349
118230.0000 19.46913
118240.0000 19.39271
118250.0000 18.92492
118260.0000 19.92216
118270.0000 20.26180
118280.0000 20.22354
118290.0000 19.84848
118300.0000 19.37045
118310.0000 19.08827
118320.0000 19.27963
118330.0000 18.61900
118340.0000 18.67378
118350.0000 18.51247
118360.0000 18.51884
118370.0000 17.83996
118380.0000 18.43443
118390.0000 18.15295
118400.0000 18.01762
118410.0000 17.70088
118420.0000 17.95963
118430.0000 17.52231
118440.0000 18.08290
118450.0000 18.23813
118460.0000 18.17819
118470.0000 17.85956
118480.0000 17.80139
118490.0000 17.46880
118500.0000 17.67491
118510.0000 17.83801
118520.0000 17.86038
118530.0000 17.67284
118540.0000 17.65609
118550.0000 17.76957
118560.0000 17.71728
118570.0000 18.05338
118580.0000 17.96458
118590.0000 18.34692
118600.0000 18.82375
118610.0000 18.59608
118620.0000 18.62562
118630.0000 18.81571
118640.0000 18.87055
118650.0000 17.98738
118660.0000 17.92165
118670.0000 17.95701
118680.0000 18.67826
118690.0000 18.68237
118700.0000 18.04357
118710.0000 18.01603
118720.0000 18.01088
118730.0000 18.05112
118740.0000 17.46843
118750.0000 16.99350
118760.0000 17.35697
118770.0000 17.22712
118780.0000 17.51545
118790.0000 17.77550
118800.0000 17.33418
118810.0000 17.57656
118820.0000 16.97641
118830.0000 16.78129
118840.0000 16.95320
118850.0000 16.19291
118860.0000 16.02482
118870.0000 16.41969
118880.0000 16.10359
118890.0000 15.64368
118900.0000 15.76073
118910.0000 16.43381
118920.0000 16.02940
118930.0000 15.68915
118940.0000 15.12582
118950.0000 15.00474
118960.0000 14.95256
118970.0000 15.34511
118980.0000 14.82855
118990.0000 14.77074
119000.0000 13.97159
119010.0000 13.61842
119020.0000 13.09334
119030.0000 13.23902
119040.0000 13.41417
119050.0000 13.74346
119060.0000 13.71658
119070.0000 14.20779
119080.0000 14.08156
119090.0000 14.12943
119100.0000 14.02845
119110.0000 13.50205
119120.0000 13.40709
119130.0000 13.33045
119140.0000 13.47809
119150.0000 13.52739
119160.0000 13.79840
119170.0000 14.38866
119180.0000 14.39548
119190.0000 14.62782
119200.0000 14.61567
119210.0000 14.64252
119220.0000 15.17658
119230.0000 15.33911
119240.0000 15.21146
119250.0000 15.16382
119260.0000 15.31187
119270.0000 15.55559
119280.0000 15.31149
119290.0000 14.95709
119300.0000 15.04439
119310.0000 14.26983
119320.0000 13.80429
119330.0000 14.10613
119340.0000 14.13471
119350.0000 14.12161
119360.0000 13.73345
119370.0000 13.74257
119380.0000 13.70561
119390.0000 13.91457
119400.0000 13.40172
119410.0000 13.30490
119420.0000 12.96602
119430.0000 12.71063
119440.0000 12.66259
119450.0000 12.23026
119460.0000 12.07760
119470.0000 12.28939
119480.0000 13.13912
119490.0000 13.27579
119500.0000 13.46733
119510.0000 14.08131
119520.0000 14.31920
119530.0000 14.22399
119540.0000 14.42489
119550.0000 14.80349
119560.0000 15.08554
119570.0000 14.63214
119580.0000 14.36507
119590.0000 13.76267
119600.0000 13.26181
119610.0000 13.54311
119620.0000 13.48866
119630.0000 12.91912
119640.0000 13.51128
119650.0000 14.06023
119660.0000 14.13297
119670.0000 14.09072
119680.0000 14.26796
119690.0000 14.10245
119700.0000 14.59962
119710.0000 14.89316
119720.0000 14.79411
119730.0000 15.73284
119740.0000 15.66342
119750.0000 15.62189
119760.0000 15.91357
119770.0000 15.58537
119780.0000 15.63586
119790.0000 15.58109
119800.0000 15.16065
119810.0000 15.11487
119820.0000 14.86158
119830.0000 14.85684
119840.0000 14.75963
119850.0000 14.82330
119860.0000 15.05975
119870.0000 15.45002
119880.0000 15.28041
119890.0000 14.89901
119900.0000 14.71408
119910.0000 14.97476
119920.0000 14.85037
119930.0000 14.79889
119940.0000 14.64357
119950.0000 14.96552
119960.0000 14.69520
119970.0000 14.87861
119980.0000 15.24304
119990.0000 15.17422
120000.0000 15.33891
120010.0000 15.51151
120020.0000 15.28875
120030.0000 14.76809
120040.0000 14.42178
120050.0000 14.38812
120060.0000 14.33289
120070.0000 14.14531
120080.0000 14.02012
120090.0000 14.04301
120100.0000 14.55961
120110.0000 15.44553
120120.0000 15.53375
120130.0000 15.14154
120140.0000 14.95684
120150.0000 15.50681
120160.0000 15.69901
120170.0000 15.93207
120180.0000 15.81822
120190.0000 15.76989
120200.0000 15.55584
120210.0000 15.56859
120220.0000 15.43286
120230.0000 15.20064
120240.0000 15.61890
120250.0000 15.74827
120260.0000 15.67766
120270.0000 14.94840
120280.0000 14.88390
120290.0000 14.56270
120300.0000 15.18834
120310.0000 15.58989
120320.0000 15.60664
120330.0000 15.54005
120340.0000 15.76054
120350.0000 15.97403
120360.0000 15.51933
120370.0000 15.45179
120380.0000 15.10778
120390.0000 14.45646
120400.0000 13.61488
120410.0000 14.33729
120420.0000 14.52072
120430.0000 14.48745
120440.0000 14.75035
120450.0000 14.72976
120460.0000 14.16954
120470.0000 14.09888
120480.0000 13.94912
120490.0000 13.43510
120500.0000 13.67497
120510.0000 13.24028
120520.0000 13.26853
120530.0000 12.92126
120540.0000 12.68492
120550.0000 12.06765
120560.0000 11.64532
120570.0000 10.94893
120580.0000 11.32224
120590.0000 11.56791
120600.0000 11.80640
120610.0000 11.76371
120620.0000 11.70804
120630.0000 11.60862
120640.0000 11.56418
120650.0000 11.50093
120660.0000 11.76841
120670.0000 11.00244
120680.0000 10.52912
120690.0000 10.57386
120700.0000 10.40130
120710.0000 10.52001
120720.0000 10.42179
120730.0000 9.85145
120740.0000 10.11240
120750.0000 10.49343
120760.0000 10.18115
120770.0000 10.17053
120780.0000 9.62725
120790.0000 10.39596
120800.0000 10.32511
120810.0000 10.70198
120820.0000 11.06843
120830.0000 10.39062
120840.0000 9.70261
120850.0000 9.33206
120860.0000 9.58597
120870.0000 9.44419
120880.0000 9.75329
120890.0000 9.65961
120900.0000 9.05358
120910.0000 8.67587
120920.0000 8.39067
120930.0000 8.32804
120940.0000 7.89746
120950.0000 7.40819
120960.0000 7.38115
120970.0000 7.31150
120980.0000 7.75882
120990.0000 7.98768
121000.0000 7.96881
121010.0000 7.85607
121020.0000 7.80314
121030.0000 7.41311
121040.0000 7.78069
121050.0000 8.18092
121060.0000 7.58670
121070.0000 6.93258
121080.0000 6.72611
121090.0000 7.09756
121100.0000 6.61687
121110.0000 6.53610
121120.0000 6.36025
121130.0000 7.01598
121140.0000 6.38521
121150.0000 6.04191
121160.0000 6.23216
121170.0000 5.45331
121180.0000 5.75437
121190.0000 5.98462
121200.0000 6.34119
121210.0000 6.55814
121220.0000 6.34710
121230.0000 6.49036
121240.0000 6.87096
121250.0000 6.58142
121260.0000 6.89714
121270.0000 6.51782
121280.0000 6.75615
121290.0000 6.79623
121300.0000 7.42251
121310.0000 7.98889
121320.0000 7.84858
121330.0000 7.39954
121340.0000 7.46063
121350.0000 7.44350
121360.0000 7.44740
121370.0000 8.10634
121380.0000 8.12750
121390.0000 8.05097
121400.0000 7.62116
121410.0000 7.81205
121420.0000 8.34067
121430.0000 8.01831
121440.0000 7.82806
121450.0000 7.39123
121460.0000 7.60432
121470.0000 7.60865
121480.0000 7.71656
121490.0000 7.77180
121500.0000 7.69669
121510.0000 7.70786
121520.0000 7.25395
121530.0000 7.18538
121540.0000 6.89292
121550.0000 6.69616
121560.0000 7.53413
121570.0000 7.07208
121580.0000 7.42193
121590.0000 7.34286
121600.0000 7.52979
121610.0000 7.45903
121620.0000 7.48239
121630.0000 7.84427
121640.0000 8.14963
121650.0000 7.45747
121660.0000 7.57725
121670.0000 6.52031
121680.0000 6.94268
121690.0000 6.89748
121700.0000 6.74556
121710.0000 6.74828
121720.0000 7.28582
121730.0000 7.29879
121740.0000 7.45961
121750.0000 6.89474
121760.0000 6.65567
121770.0000 6.86278
121780.0000 6.57596
121790.0000 6.62277
121800.0000 6.55609
121810.0000 6.72886
121820.0000 6.85384
121830.0000 7.00448
121840.0000 7.02726
121850.0000 7.11605
121860.0000 7.45782
121870.0000 8.07777
121880.0000 7.43688
121890.0000 7.87829
121900.0000 7.98151
121910.0000 8.73077
121920.0000 8.24473
121930.0000 7.82367
121940.0000 7.80184
121950.0000 8.37560
121960.0000 8.23166
121970.0000 8.24717
121980.0000 8.29839
121990.0000 8.11373
122000.0000 8.03340
122010.0000 8.01419
122020.0000 8.71171
122030.0000 9.30896
122040.0000 9.68949
122050.0000 9.60715
122060.0000 9.79825
122070.0000 10.23943
122080.0000 10.67530
122090.0000 10.90948
122100.0000 11.33831
122110.0000 10.73837
122120.0000 10.78634
122130.0000 10.59333
122140.0000 10.00958
122150.0000 10.61358
122160.0000 9.79146
122170.0000 9.62110
122180.0000 9.46017
122190.0000 8.90529
122200.0000 9.52823
122210.0000 9.71142
122220.0000 9.99034
122230.0000 10.24262
122240.0000 10.63582
122250.0000 10.33073
122260.0000 10.37217
122270.0000 10.71234
122280.0000 11.10390
122290.0000 11.36010
122300.0000 10.77874
122310.0000 10.91695
122320.0000 11.25315
122330.0000 11.65573
122340.0000 11.73800
122350.0000 11.30961
122360.0000 10.39636
122370.0000 10.98231
122380.0000 10.64698
122390.0000 11.04629
122400.0000 11.19008
122410.0000 10.83197
122420.0000 11.05929
122430.0000 11.62100
122440.0000 11.54222
122450.0000 12.10410
122460.0000 12.16805
122470.0000 12.62162
122480.0000 12.29828
122490.0000 13.02770
122500.0000 13.45199
122510.0000 13.47826
122520.0000 14.04728
122530.0000 14.07168
122540.0000 14.29340
122550.0000 14.06478
122560.0000 13.96626
122570.0000 14.31365
122580.0000 13.99945
122590.0000 14.25175
122600.0000 14.31289
122610.0000 14.28384
122620.0000 13.96911
122630.0000 14.15958
122640.0000 14.57010
122650.0000 14.44173
122660.0000 14.64368
122670.0000 14.76037
122680.0000 14.49796
122690.0000 13.94042
122700.0000 13.62555
122710.0000 13.24883
122720.0000 13.20106
122730.0000 12.51947
122740.0000 12.36131
122750.0000 12.31868
122760.0000 12.45783
122770.0000 12.37305
122780.0000 12.28864
122790.0000 12.04619
122800.0000 13.13740
122810.0000 13.57739
122820.0000 13.77875
122830.0000 13.16632
122840.0000 13.30301
122850.0000 13.52796
122860.0000 13.83176
122870.0000 14.03636
122880.0000 14.41771
122890.0000 14.56841
122900.0000 14.70194
122910.0000 14.73035
122920.0000 14.99371
122930.0000 14.81794
122940.0000 15.02598
122950.0000 15.06335
122960.0000 15.09170
122970.0000 14.80222
122980.0000 14.87596
122990.0000 15.07878
123000.0000 14.69143
123010.0000 15.04865
123020.0000 15.24859
123030.0000 14.43132
123040.0000 14.54730
123050.0000 14.74482
123060.0000 15.48413
123070.0000 15.43379
123080.0000 15.79046
123090.0000 15.99273
123100.0000 16.62313
123110.0000 16.50941
123120.0000 16.66328
123130.0000 16.88911
123140.0000 16.83547
123150.0000 17.26019
123160.0000 17.54087
123170.0000 17.53539
123180.0000 17.47602
123190.0000 17.32326
123200.0000 18.02731
123210.0000 17.97156
123220.0000 17.95872
123230.0000 17.96250
123240.0000 18.37150
123250.0000 18.42117
123260.0000 18.77652
123270.0000 18.72889
123280.0000 19.25202
123290.0000 19.65945
123300.0000 19.95505
123310.0000 19.77425
123320.0000 20.12886
123330.0000 20.28543
123340.0000 20.21874
123350.0000 20.06036
123360.0000 20.20234
123370.0000 20.42310
123380.0000 20.32515
123390.0000 20.79711
123400.0000 21.18435
123410.0000 21.80056
123420.0000 21.65704
123430.0000 21.69490
123440.0000 21.65172
123450.0000 21.24591
123460.0000 20.75773
123470.0000 21.16438
123480.0000 21.04419
123490.0000 21.34019
123500.0000 20.90092
123510.0000 21.20708
123520.0000 21.29255
123530.0000 21.44693
123540.0000 21.80366
123550.0000 21.27714
123560.0000 21.05985
123570.0000 20.84109
123580.0000 21.17213
123590.0000 20.97244
123600.0000 20.56656
123610.0000 20.33795
123620.0000 20.28484
123630.0000 20.23854
123640.0000 20.23809
123650.0000 19.70939
123660.0000 19.97218
123670.0000 20.52499
123680.0000 20.55571
123690.0000 20.62258
123700.0000 19.97273
123710.0000 19.40475
123720.0000 19.08254
123730.0000 19.99828
123740.0000 19.56612
123750.0000 19.18199
123760.0000 19.22575
123770.0000 18.72667
123780.0000 18.59494
123790.0000 19.07185
123800.0000 18.94477
123810.0000 18.20923
123820.0000 17.55480
123830.0000 17.76738
123840.0000 17.90955
123850.0000 17.82512
123860.0000 17.54128
123870.0000 16.98516
123880.0000 17.24910
123890.0000 17.63109
123900.0000 18.32812
123910.0000 18.59660
123920.0000 18.48775
123930.0000 18.45658
123940.0000 18.31193
123950.0000 18.65915
123960.0000 18.32670
123970.0000 18.29022
123980.0000 17.95761
123990.0000 18.11484
124000.0000 18.48269
124010.0000 18.77970
124020.0000 19.10577
124030.0000 18.82310
124040.0000 18.55665
124050.0000 18.86615
124060.0000 19.41490
124070.0000 20.05249
124080.0000 20.33809
124090.0000 20.44076
124100.0000 19.92328
124110.0000 19.78496
124120.0000 19.68516
124130.0000 19.42247
124140.0000 19.77736
124150.0000 19.77290
124160.0000 19.76301
124170.0000 19.51387
124180.0000 19.31416
124190.0000 19.36208
124200.0000 19.25633
124210.0000 19.95884
124220.0000 20.48830
124230.0000 20.35756
124240.0000 20.04277
124250.0000 19.77315
124260.0000 20.29164
124270.0000 20.52161
124280.0000 20.82164
124290.0000 20.74438
124300.0000 20.97073
124310.0000 20.65465
124320.0000 20.64823
124330.0000 20.94220
124340.0000 20.89715
124350.0000 21.38057
124360.0000 21.92019
124370.0000 21.91771
124380.0000 21.59435
124390.0000 21.58497
124400.0000 20.94623
124410.0000 20.98661
124420.0000 20.75164
124430.0000 20.71592
124440.0000 20.14043
124450.0000 19.81187
124460.0000 19.43950
124470.0000 19.51452
124480.0000 19.80484
124490.0000 19.47242
124500.0000 19.81863
124510.0000 19.52453
124520.0000 19.84667
124530.0000 20.07578
124540.0000 20.26615
124550.0000 21.01298
124560.0000 20.88894
124570.0000 20.87279
124580.0000 20.56207
124590.0000 20.23140
124600.0000 20.58815
124610.0000 20.77364
124620.0000 20.77533
124630.0000 20.11636
124640.0000 19.91757
124650.0000 20.07377
124660.0000 20.20963
124670.0000 20.93027
124680.0000 20.74530
124690.0000 20.55715
124700.0000 19.50699
124710.0000 19.76918
124720.0000 20.25719
124730.0000 21.05321
124740.0000 21.24595
124750.0000 21.26954
124760.0000 21.51072
124770.0000 21.97100
124780.0000 21.57235
124790.0000 21.15247
124800.0000 20.96198
124810.0000 20.71587
124820.0000 20.80953
124830.0000 20.89156
124840.0000 21.05799
124850.0000 21.04758
124860.0000 20.48265
124870.0000 20.34837
124880.0000 19.96260
124890.0000 19.78948
124900.0000 20.18650
124910.0000 20.30020
124920.0000 19.93127
124930.0000 19.39006
124940.0000 18.93143
124950.0000 19.44898
124960.0000 19.32600
124970.0000 19.36901
124980.0000 19.33545
124990.0000 19.65909
125000.0000 19.03337
125010.0000 19.14063
125020.0000 19.44505
125030.0000 19.32985
125040.0000 19.87468
125050.0000 19.89014
125060.0000 19.82434
125070.0000 18.85253
125080.0000 19.03243
125090.0000 18.68287
125100.0000 18.48374
125110.0000 18.16278
125120.0000 18.30669
125130.0000 18.52988
125140.0000 17.82051
125150.0000 17.97622
125160.0000 18.55299
125170.0000 18.81318
125180.0000 18.65659
125190.0000 18.86678
125200.0000 18.70533
125210.0000 18.27391
125220.0000 17.70992
125230.0000 17.57802
125240.0000 17.71196
125250.0000 17.79261
125260.0000 17.82794
125270.0000 17.64741
125280.0000 17.82045
125290.0000 17.28997
125300.0000 16.78571
125310.0000 16.89832
125320.0000 16.98039
125330.0000 16.93978
125340.0000 17.36420
125350.0000 16.84880
125360.0000 17.04692
125370.0000 16.35556
125380.0000 16.63095
125390.0000 16.09530
125400.0000 15.77064
125410.0000 15.81462
125420.0000 15.60308
125430.0000 15.41938
125440.0000 16.01046
125450.0000 16.01517
125460.0000 16.31931
125470.0000 16.06230
125480.0000 15.83086
125490.0000 15.97244
125500.0000 15.54561
125510.0000 15.53195
125520.0000 16.17638
125530.0000 16.16386
125540.0000 16.05037
125550.0000 16.00928
125560.0000 15.82208
125570.0000 15.53194
125580.0000 15.21172
125590.0000 14.65779
125600.0000 15.43247
125610.0000 14.86520
125620.0000 15.14489
125630.0000 15.28527
125640.0000 15.32989
125650.0000 15.28532
125660.0000 15.44850
125670.0000 15.29222
125680.0000 15.39201
125690.0000 16.24832
125700.0000 16.23815
125710.0000 16.48256
125720.0000 16.35800
125730.0000 16.56264
125740.0000 16.40232
125750.0000 16.15236
125760.0000 15.73021
125770.0000 15.75406
125780.0000 15.52077
125790.0000 15.98369
125800.0000 15.47584
125810.0000 15.33861
125820.0000 14.80467
125830.0000 14.72086
125840.0000 14.91816
125850.0000 14.65584
125860.0000 15.17651
125870.0000 15.13248
125880.0000 14.98842
125890.0000 15.48546
125900.0000 15.23174
125910.0000 14.81157
125920.0000 14.59144
125930.0000 14.75279
125940.0000 14.57870
125950.0000 14.89920
125960.0000 14.99239
125970.0000 14.93655
125980.0000 14.58837
125990.0000 14.19079
126000.0000 14.32541
126010.0000 13.87465
126020.0000 13.82721
126030.0000 13.49904
126040.0000 13.88285
126050.0000 14.40769
126060.0000 14.05337
126070.0000 14.60537
126080.0000 14.49228
126090.0000 15.04611
126100.0000 14.88184
126110.0000 15.35923
126120.0000 15.04198
126130.0000 14.88842
126140.0000 15.21538
126150.0000 15.26306
126160.0000 15.61904
126170.0000 15.05011
126180.0000 15.08039
126190.0000 15.32451
126200.0000 15.30875
126210.0000 15.08144
126220.0000 15.49444
126230.0000 15.64734
126240.0000 15.64060
126250.0000 15.62906
126260.0000 15.51720
126270.0000 15.95323
126280.0000 16.13935
126290.0000 16.27414
126300.0000 16.21026
126310.0000 16.09737
126320.0000 16.15583
126330.0000 15.91721
126340.0000 16.32370
126350.0000 16.38783
126360.0000 16.57673
126370.0000 17.10145
126380.0000 16.69246
126390.0000 16.67345
126400.0000 16.11615
126410.0000 16.66801
126420.0000 16.28802
126430.0000 15.94918
126440.0000 15.51998
126450.0000 15.74748
126460.0000 15.62720
126470.0000 15.09304
126480.0000 15.22016
126490.0000 15.09295
126500.0000 15.55825
126510.0000 15.22524
126520.0000 15.10129
126530.0000 14.23393
126540.0000 13.70223
126550.0000 14.05534
126560.0000 13.79184
126570.0000 13.73902
126580.0000 13.59514
126590.0000 13.36319
126600.0000 13.60568
126610.0000 13.97650
126620.0000 13.87457
126630.0000 14.00112
126640.0000 14.05873
126650.0000 14.25783
126660.0000 13.50047
126670.0000 14.04064
126680.0000 13.48178
126690.0000 14.08324
126700.0000 14.13200
126710.0000 15.09827
126720.0000 15.21665
126730.0000 14.50190
126740.0000 14.63350
126750.0000 14.55262
126760.0000 14.06362
126770.0000 14.29380
126780.0000 14.17624
126790.0000 14.50948
126800.0000 15.10647
126810.0000 16.28196
126820.0000 16.60155
126830.0000 16.81499
126840.0000 17.23978
126850.0000 17.69648
126860.0000 17.17684
126870.0000 17.98700
126880.0000 17.99430
126890.0000 17.56654
126900.0000 17.30785
126910.0000 17.31854
126920.0000 17.70156
126930.0000 17.89282
126940.0000 18.23355
126950.0000 17.54834
126960.0000 17.48076
126970.0000 17.30431
126980.0000 17.22783
126990.0000 16.89381
127000.0000 17.53030
127010.0000 17.33413
127020.0000 17.04617
127030.0000 16.98217
127040.0000 16.80399
127050.0000 17.21930
127060.0000 17.31915
127070.0000 17.72312
127080.0000 17.89848
127090.0000 17.42434
127100.0000 17.49829
127110.0000 17.02705
127120.0000 17.32541
127130.0000 17.03354
127140.0000 16.98994
127150.0000 17.18409
127160.0000 17.47716
127170.0000 17.25295
127180.0000 17.38216
127190.0000 17.48268
127200.0000 17.85065
127210.0000 18.10900
127220.0000 18.31138
127230.0000 17.77152
127240.0000 17.56223
127250.0000 17.01169
127260.0000 16.84746
127270.0000 17.06986
127280.0000 16.66324
127290.0000 16.51079
127300.0000 16.88355
127310.0000 16.24485
127320.0000 16.85772
127330.0000 17.29298
127340.0000 17.15421
127350.0000 17.33313
127360.0000 17.58905
127370.0000 18.04579
127380.0000 18.27351
127390.0000 18.18701
127400.0000 18.03471
127410.0000 17.74650
127420.0000 18.42284
127430.0000 18.24010
127440.0000 17.88388
127450.0000 17.60903
127460.0000 17.38182
127470.0000 17.34446
127480.0000 17.46833
127490.0000 17.62714
127500.0000 17.29235
127510.0000 17.45684
127520.0000 18.16906
127530.0000 18.68526
127540.0000 18.79866
127550.0000 18.62507
127560.0000 18.72383
127570.0000 19.31290
127580.0000 19.28232
127590.0000 19.12457
127600.0000 18.80842
127610.0000 19.05836
127620.0000 19.70139
127630.0000 18.87743
127640.0000 19.14033
127650.0000 18.89041
127660.0000 18.51499
127670.0000 18.67799
127680.0000 18.69051
127690.0000 19.08260
127700.0000 18.86956
127710.0000 18.35538
127720.0000 18.79648
127730.0000 19.07641
127740.0000 19.77235
127750.0000 19.81473
127760.0000 20.54185
127770.0000 20.45320
127780.0000 20.31798
127790.0000 20.05453
127800.0000 20.12912
127810.0000 19.73588
127820.0000 19.84801
127830.0000 19.65768
127840.0000 19.43234
127850.0000 19.60723
127860.0000 19.96714
127870.0000 20.13059
127880.0000 19.66600
127890.0000 19.42219
127900.0000 19.51952
127910.0000 19.98186
127920.0000 19.59012
127930.0000 19.53766
127940.0000 19.43056
127950.0000 19.06332
127960.0000 19.67069
127970.0000 19.63991
127980.0000 19.60911
127990.0000 19.73377
128000.0000 19.09825
128010.0000 18.90704
128020.0000 18.74262
128030.0000 19.13840
128040.0000 19.01297
128050.0000 19.02477
128060.0000 18.44677
128070.0000 18.46290
128080.0000 18.17551
128090.0000 18.20531
128100.0000 18.11631
128110.0000 17.58688
128120.0000 17.44112
128130.0000 17.79628
128140.0000 17.74809
128150.0000 17.81270
128160.0000 18.42470
128170.0000 17.93495
128180.0000 18.55591
128190.0000 18.37252
128200.0000 17.84390
128210.0000 17.28680
128220.0000 17.52862
128230.0000 17.49355
128240.0000 17.73684
128250.0000 18.51238
128260.0000 18.19574
128270.0000 18.23750
128280.0000 18.36802
128290.0000 18.02091
128300.0000 18.27027
128310.0000 18.63452
128320.0000 17.94839
128330.0000 17.52524
128340.0000 18.01880
128350.0000 17.85908
128360.0000 17.55696
128370.0000 17.47110
128380.0000 17.35633
128390.0000 17.47181
128400.0000 17.48244
128410.0000 17.59370
128420.0000 17.74096
128430.0000 18.19823
128440.0000 18.41258
128450.0000 18.56674
128460.0000 18.00655
128470.0000 17.81489
128480.0000 17.59206
128490.0000 17.73156
128500.0000 17.46848
128510.0000 16.39682
128520.0000 16.16653
128530.0000 16.61094
128540.0000 16.97220
128550.0000 16.62091
128560.0000 16.73470
128570.0000 17.10190
128580.0000 16.85104
128590.0000 17.35120
128600.0000 17.01753
128610.0000 17.33554
128620.0000 17.57056
128630.0000 17.69600
128640.0000 17.20076
128650.0000 16.58011
128660.0000 16.74927
128670.0000 16.09902
128680.0000 15.85944
128690.0000 16.22251
128700.0000 15.89253
128710.0000 15.22785
128720.0000 15.90460
128730.0000 16.03932
128740.0000 16.08585
128750.0000 15.64032
128760.0000 16.31370
128770.0000 16.15738
128780.0000 15.57911
128790.0000 15.38837
128800.0000 15.58144
128810.0000 15.35816
128820.0000 15.83824
128830.0000 15.19564
128840.0000 14.82240
128850.0000 15.11573
128860.0000 15.72586
128870.0000 15.59592
128880.0000 15.95371
128890.0000 15.84691
128900.0000 15.17069
128910.0000 15.38401
128920.0000 14.72275
128930.0000 14.66128
128940.0000 15.09964
128950.0000 15.13272
128960.0000 15.01996
128970.0000 14.93879
128980.0000 15.00622
128990.0000 15.40908
129000.0000 15.71565
129010.0000 16.14227
129020.0000 16.64785
129030.0000 16.29173
129040.0000 16.80006
129050.0000 17.46885
129060.0000 17.63806
129070.0000 17.84216
129080.0000 17.73273
129090.0000 18.11868
129100.0000 17.50712
129110.0000 17.65828
129120.0000 16.97712
129130.0000 16.88605
129140.0000 17.42486
129150.0000 17.64122
129160.0000 17.77487
129170.0000 17.90714
129180.0000 18.08986
129190.0000 17.94334
129200.0000 18.50282
129210.0000 18.21004
129220.0000 18.99731
129230.0000 19.07359
129240.0000 18.43675
129250.0000 18.67019
129260.0000 18.00200
129270.0000 18.22199
129280.0000 18.53605
129290.0000 18.27223
129300.0000 18.83715
129310.0000 18.61510
129320.0000 18.29427
129330.0000 17.96696
129340.0000 18.36012
129350.0000 18.79112
129360.0000 18.87415
129370.0000 19.07253
129380.0000 18.99357
129390.0000 19.36407
129400.0000 19.70474
129410.0000 20.11526
129420.0000 20.96755
129430.0000 21.17278
129440.0000 21.45387
129450.0000 20.99850
129460.0000 20.78551
129470.0000 20.73451
129480.0000 20.53716
129490.0000 21.43388
129500.0000 21.11605
129510.0000 20.84624
129520.0000 20.87288
129530.0000 20.67093
129540.0000 20.44387
129550.0000 19.44364
129560.0000 18.98075
129570.0000 18.60418
129580.0000 18.96517
129590.0000 18.93768
129600.0000 19.42375
129610.0000 19.33228
129620.0000 19.44997
129630.0000 19.42942
129640.0000 18.75173
129650.0000 19.55721
129660.0000 19.64723
129670.0000 19.47759
129680.0000 19.08797
129690.0000 18.85148
129700.0000 18.91961
129710.0000 18.57076
129720.0000 18.58628
129730.0000 18.35392
129740.0000 17.92730
129750.0000 18.12205
129760.0000 18.27345
129770.0000 17.78757
129780.0000 17.83313
129790.0000 17.52439
129800.0000 18.04262
129810.0000 17.37443
129820.0000 16.97181
129830.0000 17.06559
129840.0000 17.25272
129850.0000 16.80757
129860.0000 17.19886
129870.0000 17.44717
129880.0000 17.34150
129890.0000 17.38059
129900.0000 16.99861
129910.0000 16.47391
129920.0000 15.90518
129930.0000 16.53029
129940.0000 16.71660
129950.0000 16.58763
129960.0000 16.87027
129970.0000 16.81536
129980.0000 16.66096
129990.0000 16.41998
130000.0000 16.37730
130010.0000 16.18974
130020.0000 15.70479
130030.0000 15.80821
130040.0000 15.21813
130050.0000 14.74860
130060.0000 15.18391
130070.0000 15.17231
130080.0000 14.82974
130090.0000 14.46380
130100.0000 14.51647
130110.0000 14.68367
130120.0000 14.63698
130130.0000 14.98555
130140.0000 15.18059
130150.0000 15.37589
130160.0000 15.33135
130170.0000 15.24607
130180.0000 15.26264
130190.0000 15.34703
130200.0000 15.58962
130210.0000 15.83597
130220.0000 15.41470
130230.0000 15.04655
130240.0000 15.36602
130250.0000 15.55695
130260.0000 15.01575
130270.0000 15.25208
130280.0000 15.16927
130290.0000 15.29737
130300.0000 15.43347
130310.0000 15.51315
130320.0000 15.06955
130330.0000 14.43999
130340.0000 14.56896
130350.0000 15.11795
130360.0000 15.44500
130370.0000 15.32205
130380.0000 15.30361
130390.0000 15.24209
130400.0000 15.54295
130410.0000 15.12726
130420.0000 15.07486
130430.0000 15.28191
130440.0000 15.42547
130450.0000 15.35575
130460.0000 15.04805
130470.0000 15.27856
130480.0000 15.61920
130490.0000 15.84773
130500.0000 16.21831
130510.0000 15.68111
130520.0000 15.76246
130530.0000 16.02995
130540.0000 16.14865
130550.0000 16.01969
130560.0000 16.30636
130570.0000 16.16547
130580.0000 16.56196
130590.0000 16.49153
130600.0000 16.89248
130610.0000 16.85715
130620.0000 17.73676
130630.0000 17.87765
130640.0000 17.71961
130650.0000 17.17247
130660.0000 16.77872
130670.0000 16.56179
130680.0000 16.50117
130690.0000 17.06731
130700.0000 16.86156
130710.0000 17.05524
130720.0000 17.41156
130730.0000 17.08531
130740.0000 16.84788
130750.0000 16.72581
130760.0000 17.33906
130770.0000 17.11235
130780.0000 17.21834
130790.0000 17.93925
130800.0000 17.94182
130810.0000 17.84652
130820.0000 17.74390
130830.0000 17.75548
130840.0000 17.64192
130850.0000 17.86599
130860.0000 17.53010
130870.0000 16.95061
130880.0000 16.65158
130890.0000 17.47032
130900.0000 17.50949
130910.0000 17.74972
130920.0000 17.74030
130930.0000 17.78481
130940.0000 17.52052
130950.0000 17.44053
130960.0000 17.21115
130970.0000 16.59460
130980.0000 16.88293
130990.0000 16.38701
131000.0000 16.42356
131010.0000 16.34981
131020.0000 16.40806
131030.0000 16.08787
131040.0000 16.53463
131050.0000 16.41244
131060.0000 16.24250
131070.0000 16.74860
131080.0000 17.10499
131090.0000 16.77156
131100.0000 17.01848
131110.0000 17.07290
131120.0000 17.18894
131130.0000 16.81756
131140.0000 17.21278
131150.0000 17.02758
131160.0000 16.88536
131170.0000 17.12337
131180.0000 17.39477
131190.0000 17.27789
131200.0000 17.06004
131210.0000 17.25120
131220.0000 17.08559
131230.0000 17.00536
131240.0000 17.55767
131250.0000 17.47555
131260.0000 17.58796
131270.0000 17.44525
131280.0000 17.76904
131290.0000 17.29090
131300.0000 17.37692
131310.0000 17.85592
131320.0000 18.35559
131330.0000 18.62891
131340.0000 18.63005
131350.0000 18.35493
131360.0000 18.44985
131370.0000 18.35721
131380.0000 17.99896
131390.0000 17.96982
131400.0000 18.44139
131410.0000 18.61076
131420.0000 18.73150
131430.0000 18.73901
131440.0000 18.77946
131450.0000 19.02429
131460.0000 18.73432
131470.0000 18.61204
131480.0000 18.47731
131490.0000 19.07975
131500.0000 18.57362
131510.0000 18.93739
131520.0000 19.09841
131530.0000 18.90371
131540.0000 19.02216
131550.0000 19.25380
131560.0000 19.65034
131570.0000 19.55922
131580.0000 19.73311
131590.0000 19.02359
131600.0000 18.70550
131610.0000 18.86981
131620.0000 18.97124
131630.0000 18.81067
131640.0000 18.91953
131650.0000 19.27455
131660.0000 18.94366
131670.0000 18.21731
131680.0000 18.24478
131690.0000 18.03767
131700.0000 17.67746
131710.0000 17.84918
131720.0000 17.65134
131730.0000 17.42350
131740.0000 17.12178
131750.0000 16.99801
131760.0000 17.68112
131770.0000 17.75021
131780.0000 17.83348
131790.0000 18.11881
131800.0000 17.85615
131810.0000 17.89431
131820.0000 17.61080
131830.0000 17.86869
131840.0000 17.99434
131850.0000 18.75850
131860.0000 18.79836
131870.0000 19.50920
131880.0000 18.80909
131890.0000 18.65102
131900.0000 18.71260
131910.0000 18.46765
131920.0000 18.60417
131930.0000 18.34505
131940.0000 18.09471
131950.0000 18.52276
131960.0000 18.54139
131970.0000 18.10584
131980.0000 17.43472
131990.0000 17.68409
132000.0000 17.44491
132010.0000 17.46630
132020.0000 17.13551
132030.0000 17.20278
132040.0000 16.68013
132050.0000 16.84543
132060.0000 16.94389
132070.0000 17.51759
132080.0000 17.14413
132090.0000 17.23475
132100.0000 16.93385
132110.0000 17.39312
132120.0000 16.95950
132130.0000 16.59601
132140.0000 16.81634
132150.0000 17.13536
132160.0000 17.16588
132170.0000 17.27452
132180.0000 17.03059
132190.0000 17.00542
132200.0000 17.08089
132210.0000 17.61665
132220.0000 17.71559
132230.0000 17.25400
132240.0000 17.49252
132250.0000 17.22655
132260.0000 17.82286
132270.0000 18.09604
132280.0000 18.35863
132290.0000 17.73115
132300.0000 17.59702
132310.0000 17.14491
132320.0000 17.03860
132330.0000 17.10069
132340.0000 16.91804
132350.0000 16.91034
132360.0000 17.26829
132370.0000 16.69112
132380.0000 17.24187
132390.0000 16.87220
132400.0000 16.74299
132410.0000 17.23491
132420.0000 17.85933
132430.0000 17.49741
132440.0000 17.47227
132450.0000 17.38575
132460.0000 17.82602
132470.0000 17.65594
132480.0000 17.30661
132490.0000 17.15912
132500.0000 16.95701
132510.0000 16.44982
132520.0000 16.30709
132530.0000 16.39843
132540.0000 16.66428
132550.0000 16.58198
132560.0000 16.71660
132570.0000 16.81917
132580.0000 16.41051
132590.0000 16.89466
132600.0000 17.40734
132610.0000 17.86054
132620.0000 17.75870
132630.0000 17.89643
132640.0000 18.39041
132650.0000 18.63810
132660.0000 18.27245
132670.0000 18.07355
132680.0000 18.21511
132690.0000 18.25561
132700.0000 18.68325
132710.0000 18.26452
132720.0000 18.46625
132730.0000 18.45616
132740.0000 18.35764
132750.0000 18.30739
132760.0000 18.63587
132770.0000 18.86226
132780.0000 18.79015
132790.0000 18.59442
132800.0000 18.59900
132810.0000 19.40821
132820.0000 19.79315
132830.0000 19.96522
132840.0000 19.43626
132850.0000 19.43930
132860.0000 19.64233
132870.0000 19.71160
132880.0000 19.36291
132890.0000 19.25270
132900.0000 19.11995
132910.0000 20.02067
132920.0000 20.25148
132930.0000 19.39732
132940.0000 19.19585
132950.0000 18.71892
132960.0000 18.55659
132970.0000 19.01864
132980.0000 19.32014
132990.0000 19.57818
133000.0000 19.94861
133010.0000 20.10321
133020.0000 19.88448
133030.0000 19.74848
133040.0000 19.33601
133050.0000 19.57981
133060.0000 20.11892
133070.0000 20.99072
133080.0000 20.67789
133090.0000 20.55598
133100.0000 19.92676
133110.0000 19.03017
133120.0000 18.56133
133130.0000 18.81262
133140.0000 18.73090
133150.0000 18.54320
133160.0000 18.68025
133170.0000 18.47970
133180.0000 18.07478
133190.0000 18.31470
133200.0000 18.39208
133210.0000 18.09464
133220.0000 18.17134
133230.0000 18.56756
133240.0000 18.75906
133250.0000 18.85027
133260.0000 18.73427
133270.0000 18.24337
133280.0000 19.18116
133290.0000 19.21937
133300.0000 19.32629
133310.0000 18.75265
133320.0000 18.43334
133330.0000 18.81482
133340.0000 19.55813
133350.0000 19.47425
133360.0000 19.02290
133370.0000 18.49579
133380.0000 18.47515
133390.0000 18.43180
133400.0000 18.40134
133410.0000 18.52607
133420.0000 18.68147
133430.0000 19.70476
133440.0000 19.37400
133450.0000 19.94804
133460.0000 20.10380
133470.0000 19.87192
133480.0000 19.84766
133490.0000 19.56277
133500.0000 19.90637
133510.0000 19.63002
133520.0000 19.56042
133530.0000 19.35203
133540.0000 20.00521
133550.0000 20.36140
133560.0000 20.32102
133570.0000 20.65547
133580.0000 20.76145
133590.0000 20.32947
133600.0000 20.28175
133610.0000 19.77134
133620.0000 19.44333
133630.0000 19.32630
133640.0000 19.46957
133650.0000 19.51824
133660.0000 19.44408
133670.0000 19.88732
133680.0000 19.36824
133690.0000 19.26266
133700.0000 19.43443
133710.0000 19.65134
133720.0000 19.10108
133730.0000 18.81203
133740.0000 18.77655
133750.0000 19.06654
133760.0000 18.82623
133770.0000 19.23567
133780.0000 19.18020
133790.0000 19.16730
133800.0000 18.95899
133810.0000 18.93602
133820.0000 19.10300
133830.0000 19.55792
133840.0000 19.06269
133850.0000 19.26336
133860.0000 19.32953
133870.0000 19.45140
133880.0000 18.43415
133890.0000 18.03377
133900.0000 18.10485
133910.0000 18.28951
133920.0000 18.39503
133930.0000 18.46390
133940.0000 17.68201
133950.0000 18.11289
133960.0000 17.37603
133970.0000 17.75695
133980.0000 17.66860
133990.0000 17.97249
134000.0000 18.03169
134010.0000 17.14686
134020.0000 17.25229
134030.0000 16.79857
134040.0000 16.36275
134050.0000 16.59713
134060.0000 17.43005
134070.0000 17.43849
134080.0000 17.30867
134090.0000 17.03567
134100.0000 17.13790
134110.0000 16.72908
134120.0000 16.74627
134130.0000 16.89621
134140.0000 16.78748
134150.0000 16.83265
134160.0000 16.96209
134170.0000 16.85921
134180.0000 16.76130
134190.0000 16.87021
134200.0000 16.26847
134210.0000 16.42004
134220.0000 16.22451
134230.0000 16.53409
134240.0000 16.51157
134250.0000 16.60529
134260.0000 16.57784
134270.0000 16.18956
134280.0000 15.42061
134290.0000 15.60660
134300.0000 15.76540
134310.0000 15.63865
134320.0000 15.31115
134330.0000 15.07164
134340.0000 15.07491
134350.0000 15.51402
134360.0000 15.73731
134370.0000 14.94065
134380.0000 14.73780
134390.0000 14.23490
134400.0000 14.50217
134410.0000 14.75618
134420.0000 14.52582
134430.0000 14.58135
134440.0000 15.30545
134450.0000 15.17374
134460.0000 15.11612
134470.0000 15.36094
134480.0000 15.77755
134490.0000 15.53119
134500.0000 14.87216
134510.0000 15.74362
134520.0000 15.00011
134530.0000 14.95751
134540.0000 15.24995
134550.0000 14.69440
134560.0000 14.42157
134570.0000 13.80859
134580.0000 13.67504
134590.0000 13.76918
134600.0000 14.58661
134610.0000 14.85541
134620.0000 14.64241
134630.0000 14.84924
134640.0000 14.52509
134650.0000 14.44019
134660.0000 13.74881
134670.0000 13.35000
134680.0000 13.42118
134690.0000 13.42147
134700.0000 13.65347
134710.0000 13.67458
134720.0000 13.80566
134730.0000 13.99292
134740.0000 14.44781
134750.0000 14.13856
134760.0000 13.96066
134770.0000 13.68518
134780.0000 13.48542
134790.0000 13.74513
134800.0000 13.61791
134810.0000 14.16466
134820.0000 14.59059
134830.0000 14.68443
134840.0000 15.02251
134850.0000 15.18968
134860.0000 15.94700
134870.0000 15.90627
134880.0000 15.69291
134890.0000 15.68889
134900.0000 15.49353
134910.0000 15.66647
134920.0000 15.92549
134930.0000 15.93773
134940.0000 15.90691
134950.0000 15.99507
134960.0000 16.03762
134970.0000 15.84327
134980.0000 16.33876
134990.0000 16.13247
135000.0000 15.52205
135010.0000 15.99012
135020.0000 16.24932
135030.0000 16.36509
135040.0000 16.25412
135050.0000 16.11061
135060.0000 15.98879
135070.0000 17.39289
135080.0000 16.79453
135090.0000 17.05067
135100.0000 16.57539
135110.0000 17.14864
135120.0000 16.68363
135130.0000 16.42550
135140.0000 16.75676
135150.0000 16.77882
135160.0000 16.62159
135170.0000 16.49734
135180.0000 16.46888
135190.0000 16.11122
135200.0000 16.72697
135210.0000 16.52038
135220.0000 16.32103
135230.0000 15.86403
135240.0000 15.98253
135250.0000 16.42667
135260.0000 16.52888
135270.0000 16.38704
135280.0000 15.83983
135290.0000 15.78070
135300.0000 15.83446
135310.0000 16.52862
135320.0000 16.45961
135330.0000 15.80868
135340.0000 15.17867
135350.0000 14.75565
135360.0000 14.69897
135370.0000 14.05873
135380.0000 13.39819
135390.0000 13.65197
135400.0000 13.24147
135410.0000 12.74056
135420.0000 13.06713
135430.0000 12.58826
135440.0000 12.25734
135450.0000 12.67509
135460.0000 13.29064
135470.0000 13.85568
135480.0000 13.80895
135490.0000 13.42676
135500.0000 13.81699
135510.0000 13.78655
135520.0000 14.42620
135530.0000 14.34137
135540.0000 13.93799
135550.0000 14.07944
135560.0000 14.47082
135570.0000 14.52336
135580.0000 15.16368
135590.0000 15.56957
135600.0000 16.19610
135610.0000 16.01911
135620.0000 15.87432
135630.0000 14.97879
135640.0000 15.01622
135650.0000 14.96999
135660.0000 14.62749
135670.0000 14.05278
135680.0000 13.61812
135690.0000 13.59284
135700.0000 13.19155
135710.0000 13.25918
135720.0000 13.07703
135730.0000 12.73804
135740.0000 12.85261
135750.0000 13.11347
135760.0000 13.72820
135770.0000 13.83232
135780.0000 13.94165
135790.0000 13.33737
135800.0000 13.64085
135810.0000 13.28722
135820.0000 12.98336
135830.0000 13.44133
135840.0000 13.40572
135850.0000 13.03060
135860.0000 12.80935
135870.0000 12.51871
135880.0000 12.67872
135890.0000 12.26041
135900.0000 12.25791
135910.0000 12.15593
135920.0000 12.23109
135930.0000 12.94663
135940.0000 13.12372
135950.0000 12.89180
135960.0000 13.00599
135970.0000 13.40176
135980.0000 13.35422
135990.0000 13.45878
136000.0000 13.26637
136010.0000 13.53053
136020.0000 13.53703
136030.0000 13.95940
136040.0000 13.81827
136050.0000 14.11308
136060.0000 15.03028
136070.0000 14.74538
136080.0000 14.33714
136090.0000 13.93922
136100.0000 13.90230
136110.0000 13.76900
136120.0000 13.78135
136130.0000 13.79762
136140.0000 13.58153
136150.0000 13.53524
136160.0000 13.24740
136170.0000 13.30506
136180.0000 13.46269
136190.0000 13.64503
136200.0000 13.95288
136210.0000 13.73540
136220.0000 13.24875
136230.0000 12.68815
136240.0000 11.53000
136250.0000 12.09792
136260.0000 12.11268
136270.0000 12.38776
136280.0000 12.59408
136290.0000 12.76389
136300.0000 12.67489
136310.0000 12.80126
136320.0000 12.68448
136330.0000 12.45343
136340.0000 12.57681
136350.0000 12.54375
136360.0000 12.11411
136370.0000 12.22731
136380.0000 12.80220
136390.0000 12.35014
136400.0000 12.65211
136410.0000 12.08601
136420.0000 11.62712
136430.0000 12.14576
136440.0000 11.76086
136450.0000 12.17534
136460.0000 11.50826
136470.0000 11.50150
136480.0000 11.95361
136490.0000 11.65055
136500.0000 11.80888
136510.0000 12.20087
136520.0000 11.99848
136530.0000 12.04355
136540.0000 12.47496
136550.0000 13.19004
136560.0000 13.19126
136570.0000 12.24191
136580.0000 11.72301
136590.0000 11.95263
136600.0000 12.57022
136610.0000 12.82378
136620.0000 12.42430
136630.0000 12.10077
136640.0000 11.75630
136650.0000 11.56615
136660.0000 11.39283
136670.0000 11.35040
136680.0000 11.41041
136690.0000 11.14754
136700.0000 11.28087
136710.0000 11.11464
136720.0000 11.48624
136730.0000 11.64595
136740.0000 12.09144
136750.0000 11.92623
136760.0000 11.57456
136770.0000 11.85427
136780.0000 12.25306
136790.0000 11.90772
136800.0000 11.74675
136810.0000 11.79929
136820.0000 12.09053
136830.0000 10.96510
136840.0000 10.86889
136850.0000 10.38695
136860.0000 10.24685
136870.0000 10.43398
136880.0000 10.92735
136890.0000 10.65891
136900.0000 10.94884
136910.0000 10.14600
136920.0000 9.69568
136930.0000 9.05733
136940.0000 8.71638
136950.0000 9.14865
136960.0000 9.04264
136970.0000 8.79427
136980.0000 8.77145
136990.0000 7.52374
137000.0000 7.43454
137010.0000 7.06560
137020.0000 7.43125
137030.0000 6.98599
137040.0000 7.16628
137050.0000 7.62980
137060.0000 7.57360
137070.0000 8.08292
137080.0000 8.04932
137090.0000 8.01358
137100.0000 8.08653
137110.0000 8.83393
137120.0000 8.42267
137130.0000 7.96553
137140.0000 7.82365
137150.0000 8.18304
137160.0000 8.60159
137170.0000 8.99745
137180.0000 9.23654
137190.0000 9.46120
137200.0000 9.12790
137210.0000 8.88042
137220.0000 8.85685
137230.0000 9.41615
137240.0000 9.44363
137250.0000 9.50857
137260.0000 9.51369
137270.0000 9.20570
137280.0000 9.54394
137290.0000 9.58299
137300.0000 9.74733
137310.0000 9.23038
137320.0000 9.63257
137330.0000 9.90358
137340.0000 9.91347
137350.0000 9.17088
137360.0000 9.63006
137370.0000 9.38556
137380.0000 8.72876
137390.0000 8.81305
137400.0000 8.94693
137410.0000 9.42359
137420.0000 8.89980
137430.0000 8.19744
137440.0000 7.99025
137450.0000 7.79067
137460.0000 8.41954
137470.0000 7.74607
137480.0000 7.65492
137490.0000 8.27568
137500.0000 9.12608
137510.0000 9.63144
137520.0000 8.97559
137530.0000 8.46643
137540.0000 8.30005
137550.0000 8.15183
137560.0000 8.54423
137570.0000 8.35838
137580.0000 8.30742
137590.0000 8.38860
137600.0000 8.55088
137610.0000 8.77614
137620.0000 9.13628
137630.0000 9.40627
137640.0000 9.47698
137650.0000 9.39507
137660.0000 9.07815
137670.0000 8.98829
137680.0000 9.28652
137690.0000 8.47814
137700.0000 8.62455
137710.0000 7.95184
137720.0000 7.68481
137730.0000 7.65540
137740.0000 7.62147
137750.0000 7.33940
137760.0000 7.10871
137770.0000 6.84911
137780.0000 7.31006
137790.0000 7.71953
137800.0000 7.77638
137810.0000 6.92963
137820.0000 6.98853
137830.0000 6.87875
137840.0000 7.43904
137850.0000 7.40467
137860.0000 7.39742
137870.0000 7.64490
137880.0000 7.69942
137890.0000 7.51815
137900.0000 7.37446
137910.0000 7.35656
137920.0000 6.91486
137930.0000 6.71556
137940.0000 7.07263
137950.0000 6.55466
137960.0000 6.32623
137970.0000 6.34757
137980.0000 6.84593
137990.0000 6.65987
138000.0000 6.55507
138010.0000 6.41323
138020.0000 6.97873
138030.0000 7.47377
138040.0000 7.91892
138050.0000 8.09489
138060.0000 7.79900
138070.0000 7.52049
138080.0000 7.20666
138090.0000 6.89710
138100.0000 6.73301
138110.0000 7.57496
138120.0000 8.05453
138130.0000 8.38195
138140.0000 8.76506
138150.0000 8.51678
138160.0000 8.46846
138170.0000 8.54266
138180.0000 9.01154
138190.0000 9.21282
138200.0000 9.22512
138210.0000 8.84038
138220.0000 8.10267
138230.0000 8.07816
138240.0000 7.65315
138250.0000 7.27179
138260.0000 7.46678
138270.0000 7.61468
138280.0000 7.26199
138290.0000 6.68633
138300.0000 5.97523
138310.0000 5.73531
138320.0000 5.81103
138330.0000 5.23378
138340.0000 5.10169
138350.0000 5.05325
138360.0000 5.02485
138370.0000 4.68522
138380.0000 4.34641
138390.0000 4.14673
138400.0000 4.04369
138410.0000 4.08925
138420.0000 4.08971
138430.0000 5.03445
138440.0000 5.15805
138450.0000 5.22507
138460.0000 5.28297
138470.0000 5.43784
138480.0000 4.75862
138490.0000 5.01248
138500.0000 5.07294
138510.0000 4.93566
138520.0000 4.58790
138530.0000 4.80042
138540.0000 5.12138
138550.0000 5.12676
138560.0000 5.40642
138570.0000 6.14865
138580.0000 5.92589
138590.0000 5.52314
138600.0000 5.53938
138610.0000 4.62347
138620.0000 4.96866
138630.0000 4.95499
138640.0000 5.35559
138650.0000 5.36525
138660.0000 5.24292
138670.0000 5.99869
138680.0000 6.50298
138690.0000 6.18803
138700.0000 6.25266
138710.0000 7.20385
138720.0000 7.33733
138730.0000 7.18104
138740.0000 6.61174
138750.0000 6.15662
138760.0000 6.13602
138770.0000 5.45816
138780.0000 5.46142
138790.0000 5.64123
138800.0000 5.12461
138810.0000 5.13362
138820.0000 5.02367
138830.0000 5.39609
138840.0000 5.68507
138850.0000 5.60459
138860.0000 5.70854
138870.0000 5.66392
138880.0000 5.32821
138890.0000 4.99089
138900.0000 5.45557
138910.0000 5.31807
138920.0000 5.57278
138930.0000 5.96075
138940.0000 6.10850
138950.0000 6.27206
138960.0000 6.28532
138970.0000 6.01875
138980.0000 6.46323
138990.0000 6.79624
139000.0000 7.09280
139010.0000 7.37414
139020.0000 7.24124
139030.0000 7.81678
139040.0000 8.07088
139050.0000 8.35127
139060.0000 7.80518
139070.0000 7.35238
139080.0000 7.45604
139090.0000 7.59036
139100.0000 7.58783
139110.0000 7.11858
139120.0000 6.97532
139130.0000 6.61091
139140.0000 7.01840
139150.0000 7.76233
139160.0000 7.59104
139170.0000 7.23527
139180.0000 7.40203
139190.0000 7.15945
139200.0000 6.59483
139210.0000 6.44045
139220.0000 6.37933
139230.0000 6.77346
139240.0000 7.12678
139250.0000 6.76863
139260.0000 6.46661
139270.0000 5.95268
139280.0000 5.69461
139290.0000 5.53745
139300.0000 5.48916
139310.0000 5.60095
139320.0000 5.71161
139330.0000 6.18373
139340.0000 6.28012
139350.0000 6.26257
139360.0000 6.66031
139370.0000 6.82799
139380.0000 7.35950
139390.0000 7.45789
139400.0000 7.12516
139410.0000 6.88309
139420.0000 7.43001
139430.0000 7.37699
139440.0000 7.39279
139450.0000 7.34686
139460.0000 7.42231
139470.0000 7.89706
139480.0000 8.38893
139490.0000 8.67684
139500.0000 8.48466
139510.0000 8.53339
139520.0000 8.43499
139530.0000 7.91274
139540.0000 7.95647
139550.0000 8.15222
139560.0000 8.16633
139570.0000 8.00900
139580.0000 7.64403
139590.0000 7.96857
139600.0000 7.93566
139610.0000 8.04269
139620.0000 8.11195
139630.0000 8.05262
139640.0000 7.31471
139650.0000 6.84964
139660.0000 6.58065
139670.0000 6.84053
139680.0000 6.67525
139690.0000 6.62449
139700.0000 6.35764
139710.0000 6.66023
139720.0000 6.97089
139730.0000 7.09314
139740.0000 7.27319
139750.0000 7.46575
139760.0000 7.32947
139770.0000 6.95656
139780.0000 6.47757
139790.0000 7.00629
139800.0000 6.99438
139810.0000 7.49721
139820.0000 7.33055
139830.0000 7.21013
139840.0000 7.45198
139850.0000 6.90283
139860.0000 6.65619
139870.0000 6.97480
139880.0000 7.09425
139890.0000 7.43661
139900.0000 7.15578
139910.0000 6.79312
139920.0000 6.63043
139930.0000 7.10795
139940.0000 7.53694
139950.0000 8.69201
139960.0000 8.94143
139970.0000 8.62965
139980.0000 8.98108
139990.0000 9.24999
140000.0000 9.34932
140010.0000 9.72661
140020.0000 9.97565
140030.0000 10.28172
140040.0000 10.00079
140050.0000 9.96184
140060.0000 9.90146
140070.0000 9.74385
140080.0000 9.80951
140090.0000 10.24314
140100.0000 10.82510
140110.0000 11.23397
140120.0000 11.26231
140130.0000 11.26608
140140.0000 11.24904
140150.0000 11.18875
140160.0000 11.43382
140170.0000 10.96650
140180.0000 11.18856
140190.0000 11.61961
140200.0000 11.80359
140210.0000 11.83686
140220.0000 12.13611
140230.0000 12.27725
140240.0000 12.05054
140250.0000 12.13483
140260.0000 12.48147
140270.0000 12.83554
140280.0000 12.39349
140290.0000 12.07699
140300.0000 11.31803
140310.0000 11.56598
140320.0000 11.86890
140330.0000 11.95729
140340.0000 11.30844
140350.0000 11.21327
140360.0000 12.06072
140370.0000 11.92081
140380.0000 12.14435
140390.0000 11.87671
140400.0000 11.51656
140410.0000 11.69356
140420.0000 11.85486
140430.0000 11.47211
140440.0000 11.73700
140450.0000 12.26431
140460.0000 12.68406
140470.0000 12.32558
140480.0000 12.23057
140490.0000 12.18773
140500.0000 12.06801
140510.0000 12.29632
140520.0000 12.39878
140530.0000 11.92334
140540.0000 12.31631
140550.0000 13.02571
140560.0000 13.10670
140570.0000 13.08925
140580.0000 13.70770
140590.0000 14.21412
140600.0000 14.16679
140610.0000 14.29889
140620.0000 14.33008
140630.0000 13.55808
140640.0000 13.34568
140650.0000 13.80134
140660.0000 13.45347
140670.0000 13.57792
140680.0000 13.66214
140690.0000 14.25556
140700.0000 14.85404
140710.0000 14.77715
140720.0000 14.58023
140730.0000 14.11613
140740.0000 13.89630
140750.0000 13.66435
140760.0000 12.81012
140770.0000 12.48496
140780.0000 12.28501
140790.0000 12.94273
140800.0000 13.34682
140810.0000 13.79459
140820.0000 14.39966
140830.0000 14.84731
140840.0000 14.28325
140850.0000 15.04536
140860.0000 15.21660
140870.0000 15.05328
140880.0000 14.86009
140890.0000 14.61765
140900.0000 14.44549
140910.0000 14.40255
140920.0000 14.08834
140930.0000 13.73549
140940.0000 13.34746
140950.0000 13.11378
140960.0000 12.95386
140970.0000 13.10421
140980.0000 13.21583
140990.0000 13.38450
141000.0000 13.12335
141010.0000 12.99444
141020.0000 12.91700
141030.0000 12.55555
141040.0000 12.97309
141050.0000 12.68672
141060.0000 13.09125
141070.0000 12.26963
141080.0000 12.82944
141090.0000 13.08616
141100.0000 13.38150
141110.0000 12.73430
141120.0000 12.71835
141130.0000 12.60344
141140.0000 12.39967
141150.0000 12.05934
141160.0000 11.52945
141170.0000 11.28915
141180.0000 11.43653
141190.0000 11.78918
141200.0000 11.72444
141210.0000 11.78741
141220.0000 11.87000
141230.0000 11.38048
141240.0000 11.58819
141250.0000 11.48546
141260.0000 11.03864
141270.0000 11.38414
141280.0000 11.84423
141290.0000 11.55438
141300.0000 11.93910
141310.0000 11.93853
141320.0000 11.53271
141330.0000 11.02130
141340.0000 10.71325
141350.0000 10.76573
141360.0000 10.19378
141370.0000 9.89125
141380.0000 9.41468
141390.0000 9.13688
141400.0000 9.32678
141410.0000 9.47803
141420.0000 9.60044
141430.0000 9.62995
141440.0000 9.44806
141450.0000 9.17849
141460.0000 9.11169
141470.0000 8.11797
141480.0000 7.87882
141490.0000 7.00399
141500.0000 7.40833
141510.0000 7.44653
141520.0000 8.26431
141530.0000 8.17431
141540.0000 8.12216
141550.0000 8.36157
141560.0000 8.47335
141570.0000 8.92854
141580.0000 8.96805
141590.0000 9.23832
141600.0000 8.78529
141610.0000 8.48626
141620.0000 8.45601
141630.0000 8.36502
141640.0000 8.05880
141650.0000 7.70143
141660.0000 7.84514
141670.0000 7.68178
141680.0000 7.53352
141690.0000 7.42090
141700.0000 7.94988
141710.0000 7.98980
141720.0000 8.12406
141730.0000 7.82822
141740.0000 8.37324
141750.0000 8.11055
141760.0000 7.81271
141770.0000 7.09224
141780.0000 6.83613
141790.0000 7.61277
141800.0000 7.87776
141810.0000 7.29710
141820.0000 7.38215
141830.0000 8.14317
141840.0000 8.17554
141850.0000 8.85348
141860.0000 8.54793
141870.0000 7.77553
141880.0000 7.36550
141890.0000 7.25346
141900.0000 8.27090
141910.0000 8.25688
141920.0000 8.12902
141930.0000 7.44073
141940.0000 7.36061
141950.0000 7.50866
141960.0000 7.26837
141970.0000 7.21511
141980.0000 7.02999
141990.0000 7.36232
142000.0000 7.41998
142010.0000 7.50719
142020.0000 7.91083
142030.0000 7.42539
142040.0000 7.10787
142050.0000 7.29028
142060.0000 6.90242
142070.0000 6.77165
142080.0000 6.80732
142090.0000 6.51156
142100.0000 6.38729
142110.0000 6.70826
142120.0000 6.86931
142130.0000 7.11944
142140.0000 6.62027
142150.0000 6.73900
142160.0000 6.40865
142170.0000 6.54129
142180.0000 6.35905
142190.0000 6.96043
142200.0000 7.28545
142210.0000 7.53669
142220.0000 7.40480
142230.0000 8.44240
142240.0000 8.96411
142250.0000 9.31651
142260.0000 10.16508
142270.0000 9.72827
142280.0000 10.62718
142290.0000 10.86415
142300.0000 10.72978
142310.0000 10.20633
142320.0000 9.99807
142330.0000 9.48940
142340.0000 9.11061
142350.0000 8.94684
142360.0000 8.32432
142370.0000 8.00186
142380.0000 7.97967
142390.0000 7.95509
142400.0000 7.71040
142410.0000 7.50669
142420.0000 7.21012
142430.0000 7.22308
142440.0000 7.39363
142450.0000 6.56159
142460.0000 6.21392
142470.0000 6.14254
142480.0000 6.45423
142490.0000 6.43110
142500.0000 6.13577
142510.0000 6.11200
142520.0000 5.72025
142530.0000 5.27738
142540.0000 4.88855
142550.0000 4.79360
142560.0000 3.48968
142570.0000 2.91398
142580.0000 2.18265
142590.0000 1.54411
142600.0000 1.62289
142610.0000 1.28879
142620.0000 1.12315
142630.0000 1.66590
142640.0000 0.79486
142650.0000 0.59244
142660.0000 -0.27643
142670.0000 0.03399
142680.0000 -0.40634
142690.0000 -0.57635
142700.0000 -0.09828
142710.0000 0.21106
142720.0000 -0.03967
142730.0000 0.34420
142740.0000 0.09050
142750.0000 0.54466
142760.0000 -0.01667
142770.0000 0.06383
142780.0000 0.06708
142790.0000 0.44625
142800.0000 1.02445
142810.0000 2.32037
142820.0000 2.09981
142830.0000 2.10490
142840.0000 2.24010
142850.0000 2.38632
142860.0000 3.19096
142870.0000 3.20935
142880.0000 3.54345
142890.0000 3.44405
142900.0000 2.99851
142910.0000 2.92119
142920.0000 2.64357
142930.0000 2.15275
142940.0000 2.19356
142950.0000 2.36245
142960.0000 2.19661
142970.0000 2.55953
142980.0000 2.16010
142990.0000 1.12811
143000.0000 0.68302
143010.0000 1.02258
143020.0000 0.78585
143030.0000 0.69545
143040.0000 0.56198
143050.0000 0.08455
143060.0000 -0.42000
143070.0000 -0.53160
143080.0000 -1.03655
143090.0000 -1.02753
143100.0000 -0.36041
143110.0000 0.17461
143120.0000 0.58794
143130.0000 -0.29690
143140.0000 0.37367
143150.0000 0.42761
143160.0000 0.99311
143170.0000 0.97829
143180.0000 1.43258
143190.0000 0.97011
143200.0000 0.71715
143210.0000 0.25127
143220.0000 0.05358
143230.0000 -0.62745
143240.0000 -1.23244
143250.0000 -1.36342
143260.0000 -2.00951
143270.0000 -1.29971
143280.0000 -1.24876
143290.0000 -0.81095
143300.0000 -0.70267
143310.0000 -0.13732
143320.0000 -0.55403
143330.0000 -0.03366
143340.0000 0.15408
143350.0000 0.44708
143360.0000 -0.03790
143370.0000 0.03904
143380.0000 -0.15571
143390.0000 -0.71010
143400.0000 -1.34979
143410.0000 -1.17505
143420.0000 -0.69044
143430.0000 -0.43974
143440.0000 -0.09833
143450.0000 -0.05145
143460.0000 -0.52024
143470.0000 -0.31845
143480.0000 -0.14153
143490.0000 -0.29322
143500.0000 -0.40639
143510.0000 0.05616
143520.0000 0.02042
143530.0000 1.12764
143540.0000 0.96184
143550.0000 0.78545
143560.0000 0.84641
143570.0000 0.81289
143580.0000 0.82612
143590.0000 0.70279
143600.0000 0.95365
143610.0000 0.79565
143620.0000 1.36226
143630.0000 1.36870
143640.0000 1.64739
143650.0000 1.37179
143660.0000 2.06278
143670.0000 1.92249
143680.0000 1.61346
143690.0000 1.82258
143700.0000 2.17750
143710.0000 2.46930
143720.0000 1.50307
143730.0000 1.38459
143740.0000 1.55349
143750.0000 1.34749
143760.0000 1.10280
143770.0000 1.47631
143780.0000 1.00635
143790.0000 -0.24906
143800.0000 -0.44288
143810.0000 -0.78741
143820.0000 -1.11647
143830.0000 -1.53304
143840.0000 -1.40287
143850.0000 -1.38049
143860.0000 -1.76372
143870.0000 -1.18684
143880.0000 -0.90572
143890.0000 -0.28884
143900.0000 0.02087
143910.0000 0.02700
143920.0000 -0.44102
143930.0000 -0.59475
143940.0000 -0.79701
143950.0000 -0.81142
143960.0000 -0.09565
143970.0000 -0.10038
143980.0000 -0.58815
143990.0000 -0.63683
144000.0000 -0.30371
144010.0000 -0.19364
144020.0000 0.15160
144030.0000 -0.27578
144040.0000 -0.46464
144050.0000 -0.99116
144060.0000 -0.90525
144070.0000 -1.24466
144080.0000 -1.81140
144090.0000 -2.59076
144100.0000 -3.52833
144110.0000 -3.97226
144120.0000 -4.03302
144130.0000 -4.16465
144140.0000 -4.23505
144150.0000 -4.61488
144160.0000 -3.90715
144170.0000 -4.05265
144180.0000 -4.20607
144190.0000 -4.56320
144200.0000 -4.34407
144210.0000 -4.37633
144220.0000 -4.80248
144230.0000 -4.64257
144240.0000 -4.86646
144250.0000 -5.29514
144260.0000 -4.90690
144270.0000 -5.23064
144280.0000 -4.74121
144290.0000 -4.54688
144300.0000 -4.96075
144310.0000 -4.48224
144320.0000 -4.33252
144330.0000 -4.60181
144340.0000 -4.78646
144350.0000 -5.43667
144360.0000 -6.11529
144370.0000 -6.09452
144380.0000 -5.47441
144390.0000 -5.30600
144400.0000 -5.24394
144410.0000 -5.28020
144420.0000 -5.39997
144430.0000 -5.25961
144440.0000 -5.19135
144450.0000 -4.64689
144460.0000 -4.58978
144470.0000 -3.93775
144480.0000 -3.86101
144490.0000 -4.52271
144500.0000 -4.67255
144510.0000 -4.52890
144520.0000 -4.34247
144530.0000 -4.31872
144540.0000 -4.72174
144550.0000 -4.60208
144560.0000 -5.02823
144570.0000 -4.97697
144580.0000 -4.66307
144590.0000 -5.35573
144600.0000 -5.80181
144610.0000 -6.02200
144620.0000 -6.17319
144630.0000 -6.65208
144640.0000 -7.14307
144650.0000 -7.53632
144660.0000 -7.60078
144670.0000 -7.74259
144680.0000 -7.79562
144690.0000 -8.34087
144700.0000 -8.93088
144710.0000 -7.90867
144720.0000 -7.48668
144730.0000 -7.11431
144740.0000 -7.00907
144750.0000 -6.64930
144760.0000 -5.81133
144770.0000 -6.49084
144780.0000 -6.85083
144790.0000 -6.29839
144800.0000 -6.87866
144810.0000 -7.35949
144820.0000 -6.97430
144830.0000 -6.77568
144840.0000 -6.18164
144850.0000 -5.92395
144860.0000 -6.79734
144870.0000 -6.32303
144880.0000 -6.45411
144890.0000 -6.35467
144900.0000 -6.69139
144910.0000 -6.32969
144920.0000 -6.25771
144930.0000 -6.25447
144940.0000 -6.22195
144950.0000 -5.87754
144960.0000 -6.79080
144970.0000 -6.63610
144980.0000 -6.51386
144990.0000 -6.54027
145000.0000 -7.01003
145010.0000 -6.75601
145020.0000 -6.64899
145030.0000 -5.97092
145040.0000 -6.11834
145050.0000 -5.95665
145060.0000 -5.69814
145070.0000 -5.57376
145080.0000 -5.84495
145090.0000 -5.84417
145100.0000 -5.90512
145110.0000 -6.69367
145120.0000 -6.29501
145130.0000 -6.94562
145140.0000 -6.51555
145150.0000 -6.54850
145160.0000 -6.06681
145170.0000 -6.10730
145180.0000 -5.95057
145190.0000 -6.14665
145200.0000 -6.40221
145210.0000 -6.43849
145220.0000 -5.88566
145230.0000 -6.16388
145240.0000 -5.62977
145250.0000 -5.61788
145260.0000 -5.43619
145270.0000 -5.92260
145280.0000 -5.82930
145290.0000 -5.24358
145300.0000 -4.44517
145310.0000 -4.61679
145320.0000 -4.26713
145330.0000 -3.80528
145340.0000 -3.48331
145350.0000 -2.91013
145360.0000 -2.91941
145370.0000 -2.67781
145380.0000 -2.45926
145390.0000 -2.32150
145400.0000 -2.88721
145410.0000 -3.09081
145420.0000 -2.89728
145430.0000 -2.96848
145440.0000 -2.52390
145450.0000 -2.22635
145460.0000 -2.01503
145470.0000 -1.72213
145480.0000 -1.62460
145490.0000 -1.49436
145500.0000 -1.85687
145510.0000 -1.48261
145520.0000 -2.35210
145530.0000 -2.46702
145540.0000 -2.39240
145550.0000 -2.47025
145560.0000 -2.21385
145570.0000 -1.36048
145580.0000 -1.11422
145590.0000 -1.58609
145600.0000 -0.86414
145610.0000 -0.91429
145620.0000 -1.20344
145630.0000 -1.28510
145640.0000 -1.03472
145650.0000 -1.21820
145660.0000 -0.96125
145670.0000 -1.40579
145680.0000 -1.32430
145690.0000 -1.15718
145700.0000 -0.87641
145710.0000 -0.57606
145720.0000 -0.10683
145730.0000 -0.50456
145740.0000 -0.76120
145750.0000 -0.48551
145760.0000 -0.37787
145770.0000 -0.13964
145780.0000 -0.20228
145790.0000 0.52507
145800.0000 -0.33180
145810.0000 0.05869
145820.0000 0.20615
145830.0000 1.13802
145840.0000 1.45710
145850.0000 1.78945
145860.0000 1.60615
145870.0000 1.75233
145880.0000 1.96791
145890.0000 1.54065
145900.0000 1.36587
145910.0000 1.20712
145920.0000 1.24719
145930.0000 1.59012
145940.0000 1.45408
145950.0000 1.34570
145960.0000 1.98821
145970.0000 1.90773
145980.0000 2.40625
145990.0000 1.53755
146000.0000 1.74544
146010.0000 2.05386
146020.0000 1.93204
146030.0000 1.31183
146040.0000 1.76186
146050.0000 1.25505
146060.0000 1.48400
146070.0000 1.79882
146080.0000 2.32604
146090.0000 1.93949
146100.0000 1.95349
146110.0000 1.81438
146120.0000 1.87540
146130.0000 1.45189
146140.0000 0.90249
146150.0000 0.30818
146160.0000 0.19309
146170.0000 0.08267
146180.0000 -0.46952
146190.0000 -0.78310
146200.0000 -0.53929
146210.0000 -0.08366
146220.0000 0.03702
146230.0000 0.59806
146240.0000 1.13417
146250.0000 1.22056
146260.0000 0.74450
146270.0000 0.52991
146280.0000 0.05646
146290.0000 0.18217
146300.0000 -0.30948
146310.0000 -0.37538
146320.0000 -0.41150
146330.0000 -0.86727
146340.0000 -0.64417
146350.0000 -0.32140
146360.0000 -0.16867
146370.0000 -0.46572
146380.0000 -0.46325
146390.0000 -0.44758
146400.0000 0.11925
146410.0000 -0.34308
146420.0000 -0.25903
146430.0000 -0.07730
146440.0000 0.49655
146450.0000 0.05526
146460.0000 -0.24707
146470.0000 -0.26531
146480.0000 -0.25475
146490.0000 0.49550
146500.0000 0.35445
146510.0000 -0.21101
146520.0000 0.03847
146530.0000 -0.12731
146540.0000 0.12033
146550.0000 -0.22705
146560.0000 0.15936
146570.0000 -0.00641
146580.0000 -0.35151
146590.0000 -1.09349
146600.0000 -1.23410
146610.0000 -0.80644
146620.0000 -0.35377
146630.0000 0.28488
146640.0000 0.32116
146650.0000 0.34383
146660.0000 0.54812
146670.0000 0.92035
146680.0000 0.21690
146690.0000 0.04661
146700.0000 0.70287
146710.0000 0.48972
146720.0000 0.20637
146730.0000 0.48298
146740.0000 0.09354
146750.0000 0.30379
146760.0000 0.62147
146770.0000 0.80208
146780.0000 0.74649
146790.0000 1.03468
146800.0000 1.02603
146810.0000 1.29881
146820.0000 1.00597
146830.0000 1.05271
146840.0000 0.25585
146850.0000 0.43855
146860.0000 1.34228
146870.0000 1.44814
146880.0000 1.28158
146890.0000 0.48612
146900.0000 0.21320
146910.0000 0.16598
146920.0000 0.72624
146930.0000 0.49354
146940.0000 -0.11598
146950.0000 -0.05708
146960.0000 0.83923
146970.0000 1.35918
146980.0000 1.11304
146990.0000 1.35877
147000.0000 1.35951
147010.0000 2.01149
147020.0000 1.92104
147030.0000 1.75259
147040.0000 2.00587
147050.0000 2.08427
147060.0000 2.14677
147070.0000 2.06895
147080.0000 2.10166
147090.0000 2.59628
147100.0000 2.82360
147110.0000 3.09634
147120.0000 3.27063
147130.0000 3.29935
147140.0000 3.46222
147150.0000 3.06186
147160.0000 3.72970
147170.0000 3.41786
147180.0000 3.22178
147190.0000 3.75444
147200.0000 3.78684
147210.0000 3.53033
147220.0000 3.57266
147230.0000 3.42123
147240.0000 3.93792
147250.0000 4.72649
147260.0000 5.42518
147270.0000 5.82874
147280.0000 5.79712
147290.0000 6.20930
147300.0000 5.94468
147310.0000 6.04342
147320.0000 5.79460
147330.0000 6.63819
147340.0000 6.95250
147350.0000 6.93130
147360.0000 6.85545
147370.0000 6.73825
147380.0000 6.70535
147390.0000 6.34286
147400.0000 6.31792
147410.0000 6.58563
147420.0000 6.83775
147430.0000 6.29948
147440.0000 5.98525
147450.0000 6.20698
147460.0000 5.98206
147470.0000 5.63902
147480.0000 5.60145
147490.0000 4.98788
147500.0000 4.07468
147510.0000 4.26151
147520.0000 4.32543
147530.0000 4.49680
147540.0000 4.85488
147550.0000 4.42844
147560.0000 4.16433
147570.0000 4.03450
147580.0000 3.83578
147590.0000 3.73008
147600.0000 3.49295
147610.0000 3.99597
147620.0000 3.64223
147630.0000 3.40148
147640.0000 3.62578
147650.0000 5.00463
147660.0000 5.39868
147670.0000 5.54044
147680.0000 5.85043
147690.0000 6.09146
147700.0000 6.48563
147710.0000 6.66418
147720.0000 6.83943
147730.0000 6.24753
147740.0000 5.85851
147750.0000 5.30921
147760.0000 5.71586
147770.0000 5.68393
147780.0000 6.24173
147790.0000 5.86711
147800.0000 6.02504
147810.0000 6.56363
147820.0000 6.67177
147830.0000 7.06469
147840.0000 7.12367
147850.0000 6.57711
147860.0000 6.23990
147870.0000 6.51274
147880.0000 6.81778
147890.0000 6.72345
147900.0000 6.17023
147910.0000 6.18127
147920.0000 6.67375
147930.0000 5.74546
147940.0000 5.29000
147950.0000 5.40087
147960.0000 5.22999
147970.0000 5.38211
147980.0000 5.05212
147990.0000 4.74383
148000.0000 4.72913
148010.0000 4.86643
148020.0000 4.92812
148030.0000 4.77969
148040.0000 4.80959
148050.0000 5.09034
148060.0000 5.14753
148070.0000 4.96084
148080.0000 5.24594
148090.0000 5.44620
148100.0000 5.22520
148110.0000 5.12303
148120.0000 5.58279
148130.0000 5.50591
148140.0000 5.71209
148150.0000 6.28882
148160.0000 5.85603
148170.0000 5.26697
148180.0000 4.78186
148190.0000 4.76598
148200.0000 4.59879
148210.0000 4.00471
148220.0000 4.12634
148230.0000 4.02382
148240.0000 3.99666
148250.0000 4.42198
148260.0000 4.17210
148270.0000 3.74303
148280.0000 3.77021
148290.0000 4.54466
148300.0000 4.61236
148310.0000 4.17303
148320.0000 4.26088
148330.0000 3.94977
148340.0000 3.06073
148350.0000 2.99342
148360.0000 2.43286
148370.0000 2.54155
148380.0000 2.90089
148390.0000 2.35581
148400.0000 2.37469
148410.0000 2.69273
148420.0000 2.81757
148430.0000 2.89897
148440.0000 3.24398
148450.0000 2.75461
148460.0000 2.68362
148470.0000 2.28431
148480.0000 1.99819
148490.0000 2.14103
148500.0000 2.06197
148510.0000 2.35826
148520.0000 2.13026
148530.0000 2.18745
148540.0000 1.97660
148550.0000 2.30219
148560.0000 2.60508
148570.0000 2.10454
148580.0000 2.19336
148590.0000 1.76898
148600.0000 1.67687
148610.0000 1.41762
148620.0000 1.14940
148630.0000 1.02889
148640.0000 0.95876
148650.0000 0.67103
148660.0000 0.38555
148670.0000 -0.15468
148680.0000 0.69499
148690.0000 0.64017
148700.0000 0.97127
148710.0000 0.76732
148720.0000 0.78054
148730.0000 1.39179
148740.0000 0.82389
148750.0000 0.27022
148760.0000 0.15490
148770.0000 -0.23775
148780.0000 -0.04115
148790.0000 0.30137
148800.0000 0.38026
148810.0000 0.38974
148820.0000 -0.23736
148830.0000 -0.04877
148840.0000 -0.66912
148850.0000 -0.69047
148860.0000 -0.49262
148870.0000 0.11756
148880.0000 0.28280
148890.0000 -0.28476
148900.0000 -0.38569
148910.0000 -0.69705
148920.0000 -0.40726
148930.0000 0.04631
148940.0000 -0.22057
148950.0000 -0.67557
148960.0000 0.37072
148970.0000 0.35336
148980.0000 0.31314
148990.0000 0.57058
149000.0000 -0.28475
149010.0000 -0.75173
149020.0000 -0.59288
149030.0000 -0.52966
149040.0000 -0.71421
149050.0000 -0.90737
149060.0000 -0.86988
149070.0000 -1.52187
149080.0000 -1.69808
149090.0000 -1.90640
149100.0000 -1.85037
149110.0000 -1.41486
149120.0000 -1.29366
149130.0000 -0.84333
149140.0000 -0.49474
149150.0000 -0.32742
149160.0000 -0.30195
149170.0000 -0.04827
149180.0000 -0.20171
149190.0000 -0.34340
149200.0000 0.24085
149210.0000 1.09163
149220.0000 0.86033
149230.0000 0.60088
149240.0000 0.44572
149250.0000 0.66579
149260.0000 0.55470
149270.0000 0.39973
149280.0000 0.87618
149290.0000 0.65281
149300.0000 0.43395
149310.0000 0.18914
149320.0000 0.69703
149330.0000 0.61340
149340.0000 0.23402
149350.0000 0.14438
149360.0000 0.35365
149370.0000 0.55651
149380.0000 1.11976
149390.0000 0.62498
149400.0000 0.64653
149410.0000 0.48796
149420.0000 0.39037
149430.0000 0.16346
149440.0000 -0.05484
149450.0000 -0.85811
149460.0000 -1.14051
149470.0000 -1.21414
149480.0000 -0.59197
149490.0000 -0.20430
149500.0000 -0.78257
149510.0000 -0.45557
149520.0000 0.14943
149530.0000 -0.07259
149540.0000 -0.25859
149550.0000 -0.47654
149560.0000 -0.69126
149570.0000 -0.65084
149580.0000 0.11589
149590.0000 0.03601
149600.0000 0.24941
149610.0000 0.28988
149620.0000 0.76832
149630.0000 0.31399
149640.0000 0.67112
149650.0000 0.83208
149660.0000 1.01444
149670.0000 1.22951
149680.0000 1.20881
149690.0000 0.77580
149700.0000 0.73785
149710.0000 0.69933
149720.0000 0.93296
149730.0000 0.77288
149740.0000 0.37823
149750.0000 0.35814
149760.0000 0.06832
149770.0000 -0.57495
149780.0000 -1.00033
149790.0000 -0.78064
149800.0000 -0.46629
149810.0000 -0.18220
149820.0000 -1.31565
149830.0000 -2.13183
149840.0000 -2.25749
149850.0000 -2.50548
149860.0000 -2.62792
149870.0000 -2.48114
149880.0000 -1.94056
149890.0000 -1.80664
149900.0000 -2.09696
149910.0000 -2.66954
149920.0000 -2.56233
149930.0000 -3.46608
149940.0000 -3.88416
149950.0000 -3.80282
149960.0000 -3.54319
149970.0000 -3.27636
149980.0000 -4.11997
149990.0000 -4.35835
150000.0000 -4.93578
150010.0000 -4.50081
150020.0000 -3.85238
150030.0000 -3.63376
150040.0000 -4.16769
150050.0000 -3.98944
150060.0000 -4.10982
150070.0000 -3.74503
150080.0000 -3.58441
150090.0000 -3.46155
150100.0000 -3.96428
150110.0000 -4.22916
150120.0000 -4.36155
150130.0000 -4.58158
150140.0000 -3.99799
150150.0000 -4.29621
150160.0000 -4.25194
150170.0000 -4.18313
150180.0000 -4.60127
150190.0000 -4.92067
150200.0000 -5.32412
150210.0000 -5.81760
150220.0000 -6.10678
150230.0000 -6.03642
150240.0000 -6.13258
150250.0000 -6.98892
150260.0000 -6.97224
150270.0000 -7.09758
150280.0000 -6.49411
150290.0000 -6.12686
150300.0000 -6.42905
150310.0000 -5.84816
150320.0000 -5.24580
150330.0000 -6.18964
150340.0000 -6.17176
150350.0000 -5.96480
150360.0000 -5.85574
150370.0000 -4.73449
150380.0000 -4.42103
150390.0000 -4.24002
150400.0000 -4.75984
150410.0000 -5.07577
150420.0000 -4.80664
150430.0000 -4.71900
150440.0000 -4.88321
150450.0000 -4.68438
150460.0000 -4.30801
150470.0000 -4.11219
150480.0000 -4.13568
150490.0000 -3.90357
150500.0000 -4.02289
150510.0000 -4.27551
150520.0000 -4.21799
150530.0000 -4.08403
150540.0000 -4.68893
150550.0000 -4.96717
150560.0000 -5.12686
150570.0000 -5.47378
150580.0000 -5.78690
150590.0000 -5.83601
150600.0000 -5.73355
150610.0000 -5.53316
150620.0000 -5.67976
150630.0000 -5.42633
150640.0000 -5.10305
150650.0000 -4.80016
150660.0000 -4.89445
150670.0000 -4.52918
150680.0000 -5.49434
150690.0000 -5.66422
150700.0000 -5.68900
150710.0000 -5.63840
150720.0000 -5.99299
150730.0000 -5.95663
150740.0000 -6.11149
150750.0000 -5.72384
150760.0000 -5.46688
150770.0000 -5.33369
150780.0000 -5.28548
150790.0000 -4.68502
150800.0000 -4.56397
150810.0000 -4.24302
150820.0000 -4.38462
150830.0000 -4.43356
150840.0000 -4.71641
150850.0000 -4.20589
150860.0000 -4.14976
150870.0000 -4.22958
150880.0000 -4.24454
150890.0000 -4.44659
150900.0000 -4.32421
150910.0000 -4.45658
150920.0000 -4.19582
150930.0000 -3.90210
150940.0000 -3.79250
150950.0000 -3.68919
150960.0000 -3.06414
150970.0000 -3.57982
150980.0000 -3.96909
150990.0000 -4.01628
151000.0000 -3.85870
151010.0000 -4.09824
151020.0000 -4.85206
151030.0000 -4.90015
151040.0000 -5.05935
151050.0000 -4.68004
151060.0000 -4.89827
151070.0000 -5.14429
151080.0000 -4.84026
151090.0000 -4.75003
151100.0000 -4.75432
151110.0000 -4.73887
151120.0000 -4.49624
151130.0000 -4.89566
151140.0000 -4.54738
151150.0000 -4.58850
151160.0000 -4.68466
151170.0000 -4.69080
151180.0000 -5.12892
151190.0000 -4.60175
151200.0000 -4.64083
151210.0000 -4.73583
151220.0000 -5.12547
151230.0000 -5.67063
151240.0000 -6.15180
151250.0000 -5.60415
151260.0000 -6.42439
151270.0000 -6.52150
151280.0000 -6.53221
151290.0000 -6.28494
151300.0000 -6.73680
151310.0000 -6.81814
151320.0000 -6.25676
151330.0000 -6.23356
151340.0000 -6.14754
151350.0000 -6.54732
151360.0000 -6.69327
151370.0000 -6.88023
151380.0000 -5.81199
151390.0000 -5.29431
151400.0000 -5.45849
151410.0000 -5.50644
151420.0000 -5.18016
151430.0000 -4.72221
151440.0000 -4.35539
151450.0000 -5.01017
151460.0000 -4.80294
151470.0000 -4.47165
151480.0000 -4.54712
151490.0000 -4.79238
151500.0000 -4.50048
151510.0000 -4.63223
151520.0000 -4.67421
151530.0000 -4.84983
151540.0000 -4.50497
151550.0000 -5.16753
151560.0000 -4.80236
151570.0000 -4.36767
151580.0000 -4.12265
151590.0000 -4.05499
151600.0000 -3.54959
151610.0000 -3.31076
151620.0000 -3.51291
151630.0000 -3.45196
151640.0000 -3.19318
151650.0000 -2.83950
151660.0000 -2.17831
151670.0000 -2.10154
151680.0000 -2.59644
151690.0000 -2.16309
151700.0000 -2.06183
151710.0000 -1.85753
151720.0000 -2.05588
151730.0000 -2.23897
151740.0000 -1.40353
151750.0000 -0.77713
151760.0000 -0.27522
151770.0000 -0.71559
151780.0000 -0.64459
151790.0000 -1.58399
151800.0000 -1.65118
151810.0000 -1.61042
151820.0000 -1.21741
151830.0000 -1.27518
151840.0000 -0.94589
151850.0000 -0.69121
151860.0000 -1.16067
151870.0000 -1.01315
151880.0000 -1.03653
151890.0000 -0.82368
151900.0000 -0.77285
151910.0000 -1.50546
151920.0000 -1.46685
151930.0000 -1.16790
151940.0000 -1.33626
151950.0000 -1.11895
151960.0000 -1.64041
151970.0000 -1.37209
151980.0000 -1.81148
151990.0000 -0.78934
152000.0000 -0.63120
152010.0000 -0.13895
152020.0000 0.63135
152030.0000 0.80042
152040.0000 1.30030
152050.0000 1.58633
152060.0000 2.00757
152070.0000 1.67577
152080.0000 0.82155
152090.0000 1.09190
152100.0000 0.81431
152110.0000 1.05873
152120.0000 0.81000
152130.0000 1.24751
152140.0000 1.05589
152150.0000 1.14079
152160.0000 1.37905
152170.0000 0.96490
152180.0000 1.03047
152190.0000 0.63403
152200.0000 1.49863
152210.0000 1.75409
152220.0000 1.82406
152230.0000 1.98814
152240.0000 1.96740
152250.0000 1.32779
152260.0000 1.91358
152270.0000 1.22986
152280.0000 0.67791
152290.0000 0.42569
152300.0000 -0.11414
152310.0000 0.42628
152320.0000 -0.35625
152330.0000 -0.14333
152340.0000 0.51714
152350.0000 0.56241
152360.0000 0.43201
152370.0000 -0.38297
152380.0000 -0.41433
152390.0000 -0.25740
152400.0000 -0.21675
152410.0000 0.51133
152420.0000 0.34422
152430.0000 0.86767
152440.0000 0.98641
152450.0000 0.90511
152460.0000 0.78115
152470.0000 0.20151
152480.0000 0.03562
152490.0000 0.69495
152500.0000 0.90065
152510.0000 1.42749
152520.0000 2.04887
152530.0000 2.73570
152540.0000 2.26707
152550.0000 2.95568
152560.0000 2.95210
152570.0000 3.12008
152580.0000 2.89647
152590.0000 2.80321
152600.0000 2.51297
152610.0000 2.36431
152620.0000 3.02032
152630.0000 2.28827
152640.0000 2.38999
152650.0000 2.04824
152660.0000 1.10649
152670.0000 0.44204
152680.0000 1.02823
152690.0000 1.67710
152700.0000 1.16820
152710.0000 1.16043
152720.0000 1.22518
152730.0000 0.53564
152740.0000 0.00822
152750.0000 -0.17717
152760.0000 -1.04673
152770.0000 -1.22045
152780.0000 -1.87909
152790.0000 -2.25648
152800.0000 -2.72264
152810.0000 -2.86767
152820.0000 -2.62027
152830.0000 -2.13025
152840.0000 -2.16120
152850.0000 -1.49573
152860.0000 -0.34576
152870.0000 -0.73424
152880.0000 -0.76426
152890.0000 -0.86085
152900.0000 -0.71730
152910.0000 0.08943
152920.0000 0.37084
152930.0000 0.55200
152940.0000 1.39844
152950.0000 1.22390
152960.0000 1.15711
152970.0000 0.90978
152980.0000 1.06646
152990.0000 1.25429
153000.0000 1.17411
153010.0000 1.41394
153020.0000 1.52556
153030.0000 1.41326
153040.0000 1.43761
153050.0000 1.57182
153060.0000 1.73560
153070.0000 2.10040
153080.0000 1.67930
153090.0000 1.46522
153100.0000 1.51141
153110.0000 1.21742
153120.0000 0.97719
153130.0000 0.08746
153140.0000 -0.27156
153150.0000 -0.08708
153160.0000 -0.34106
153170.0000 -1.03774
153180.0000 -0.93811
153190.0000 -0.79840
153200.0000 -0.65422
153210.0000 -0.89166
153220.0000 -2.07226
153230.0000 -2.00585
153240.0000 -1.66012
153250.0000 -2.25050
153260.0000 -2.26326
153270.0000 -2.76800
153280.0000 -2.59411
153290.0000 -2.66747
153300.0000 -3.13938
153310.0000 -2.86583
153320.0000 -3.24513
153330.0000 -2.54619
153340.0000 -2.53804
153350.0000 -3.15919
153360.0000 -3.39824
153370.0000 -3.19764
153380.0000 -2.94447
153390.0000 -2.92590
153400.0000 -2.92299
153410.0000 -2.54342
153420.0000 -2.70360
153430.0000 -2.75600
153440.0000 -2.70705
153450.0000 -2.56472
153460.0000 -2.22463
153470.0000 -1.78505
153480.0000 -2.00429
153490.0000 -2.47283
153500.0000 -2.80790
153510.0000 -3.08801
153520.0000 -3.19514
153530.0000 -2.65858
153540.0000 -2.29942
153550.0000 -2.66312
153560.0000 -2.13714
153570.0000 -1.58324
153580.0000 -1.69010
153590.0000 -1.30987
153600.0000 -1.14906
153610.0000 -1.68979
153620.0000 -1.55759
153630.0000 -1.65091
153640.0000 -1.58430
153650.0000 -1.78041
153660.0000 -1.88493
153670.0000 -2.29295
153680.0000 -2.48127
153690.0000 -3.72517
153700.0000 -4.22725
153710.0000 -4.57587
153720.0000 -4.56158
153730.0000 -4.94236
153740.0000 -4.81962
153750.0000 -4.78219
153760.0000 -4.85449
153770.0000 -5.03832
153780.0000 -4.65605
153790.0000 -4.61482
153800.0000 -4.20305
153810.0000 -4.29541
153820.0000 -4.64002
153830.0000 -4.90148
153840.0000 -4.34881
153850.0000 -4.11101
153860.0000 -4.67633
153870.0000 -4.46290
153880.0000 -3.85085
153890.0000 -3.43249
153900.0000 -3.04045
153910.0000 -2.75205
153920.0000 -2.02916
153930.0000 -1.36184
153940.0000 -1.01809
153950.0000 -0.83854
153960.0000 -0.47367
153970.0000 -0.68070
153980.0000 -0.14111
153990.0000 -0.49701
154000.0000 -0.08437
154010.0000 -0.20482
154020.0000 -0.09003
154030.0000 -0.17529
154040.0000 -0.54304
154050.0000 -0.47171
154060.0000 -0.21658
154070.0000 -0.40427
154080.0000 -0.60262
154090.0000 -1.33791
154100.0000 -1.51346
154110.0000 -1.46341
154120.0000 -1.19137
154130.0000 -0.92881
154140.0000 -0.68362
154150.0000 -0.44549
154160.0000 -0.63568
154170.0000 -1.06622
154180.0000 -0.62607
154190.0000 -0.34382
154200.0000 -0.47643
154210.0000 -0.45696
154220.0000 -0.61043
154230.0000 -1.09416
154240.0000 -0.91622
154250.0000 -0.91762
154260.0000 -1.12976
154270.0000 -0.49514
154280.0000 0.02910
154290.0000 0.04444
154300.0000 -0.35041
154310.0000 -0.73067
154320.0000 -1.24769
154330.0000 -1.30411
154340.0000 -0.76565
154350.0000 -0.75831
154360.0000 -0.38698
154370.0000 -0.38717
154380.0000 -0.49371
154390.0000 -0.37202
154400.0000 -0.62469
154410.0000 -0.80881
154420.0000 -0.67101
154430.0000 -1.40350
154440.0000 -1.16036
154450.0000 -1.21973
154460.0000 -1.20189
154470.0000 -1.63625
154480.0000 -1.51003
154490.0000 -1.30882
154500.0000 -1.80645
154510.0000 -1.24449
154520.0000 -2.17400
154530.0000 -2.59637
154540.0000 -2.70838
154550.0000 -2.97082
154560.0000 -3.40226
154570.0000 -3.97678
154580.0000 -4.53854
154590.0000 -3.92836
154600.0000 -4.29894
154610.0000 -3.98304
154620.0000 -4.08436
154630.0000 -4.03246
154640.0000 -4.03495
154650.0000 -3.75178
154660.0000 -4.24937
154670.0000 -3.88551
154680.0000 -3.75995
154690.0000 -3.35724
154700.0000 -3.33055
154710.0000 -2.76498
154720.0000 -2.34268
154730.0000 -2.33894
154740.0000 -2.40058
154750.0000 -2.23965
154760.0000 -2.45363
154770.0000 -2.46406
154780.0000 -2.98647
154790.0000 -3.18763
154800.0000 -3.02336
154810.0000 -3.22412
154820.0000 -3.20049
154830.0000 -3.65175
154840.0000 -3.62717
154850.0000 -3.25768
154860.0000 -3.09347
154870.0000 -2.11288
154880.0000 -1.58949
154890.0000 -1.31973
154900.0000 -0.79193
154910.0000 -1.15957
154920.0000 -1.38822
154930.0000 -1.18016
154940.0000 -0.89339
154950.0000 -1.17256
154960.0000 -1.76080
154970.0000 -1.89119
154980.0000 -1.98120
154990.0000 -2.25110
155000.0000 -2.36647
155010.0000 -2.71636
155020.0000 -2.74985
155030.0000 -2.67137
155040.0000 -2.39250
155050.0000 -2.12634
155060.0000 -2.15651
155070.0000 -1.89238
155080.0000 -1.85987
155090.0000 -2.20417
155100.0000 -1.54421
155110.0000 -1.39326
155120.0000 -1.19212
155130.0000 -1.11095
155140.0000 -0.77252
155150.0000 -0.10158
155160.0000 0.31730
155170.0000 0.15265
155180.0000 -0.33894
155190.0000 -0.34550
155200.0000 0.13029
155210.0000 -0.03276
155220.0000 0.01533
155230.0000 0.67816
155240.0000 1.34277
155250.0000 2.10135
155260.0000 1.78252
155270.0000 2.02775
155280.0000 2.25765
155290.0000 1.82092
155300.0000 2.27317
155310.0000 1.96566
155320.0000 2.23892
155330.0000 2.16209
155340.0000 2.17774
155350.0000 2.63017
155360.0000 3.05377
155370.0000 2.64663
155380.0000 2.59048
155390.0000 2.81725
155400.0000 3.48929
155410.0000 4.14558
155420.0000 4.08241
155430.0000 3.57630
155440.0000 4.03753
155450.0000 3.96765
155460.0000 4.18757
155470.0000 4.05974
155480.0000 4.31720
155490.0000 3.56538
155500.0000 4.18452
155510.0000 3.65332
155520.0000 3.11734
155530.0000 3.25394
155540.0000 3.20833
155550.0000 3.46331
155560.0000 3.85400
155570.0000 3.38034
155580.0000 3.12839
155590.0000 2.79008
155600.0000 2.77083
155610.0000 3.22128
155620.0000 2.71726
155630.0000 2.46574
155640.0000 2.01384
155650.0000 2.27391
155660.0000 2.51765
155670.0000 2.79501
155680.0000 2.49937
155690.0000 2.36636
155700.0000 2.17598
155710.0000 1.91644
155720.0000 2.45312
155730.0000 2.29726
155740.0000 2.51858
155750.0000 2.08550
155760.0000 1.59721
155770.0000 1.99820
155780.0000 0.99994
155790.0000 0.47896
155800.0000 0.40221
155810.0000 0.74270
155820.0000 0.51280
155830.0000 0.78063
155840.0000 1.48863
155850.0000 1.59620
155860.0000 1.64221
155870.0000 1.66834
155880.0000 2.04179
155890.0000 2.10176
155900.0000 2.22265
155910.0000 2.65067
155920.0000 2.73520
155930.0000 2.81049
155940.0000 2.93795
155950.0000 2.84074
155960.0000 3.01578
155970.0000 4.10234
155980.0000 4.79268
155990.0000 4.64747
156000.0000 4.95067
156010.0000 4.79418
156020.0000 4.51311
156030.0000 3.52421
156040.0000 3.15587
156050.0000 3.09489
156060.0000 2.35772
156070.0000 2.46299
156080.0000 2.85705
156090.0000 2.80041
156100.0000 2.83525
156110.0000 3.56284
156120.0000 3.26774
156130.0000 2.75646
156140.0000 2.93078
156150.0000 2.72250
156160.0000 2.33991
156170.0000 2.11367
156180.0000 1.71331
156190.0000 1.29800
156200.0000 1.63256
156210.0000 1.08567
156220.0000 2.02065
156230.0000 1.90037
156240.0000 1.43101
156250.0000 0.96133
156260.0000 0.51192
156270.0000 0.01660
156280.0000 0.36978
156290.0000 0.58845
156300.0000 1.01240
156310.0000 0.92959
156320.0000 0.56718
156330.0000 0.84250
156340.0000 1.06513
156350.0000 1.16250
156360.0000 0.61725
156370.0000 0.88013
156380.0000 0.58729
156390.0000 0.59556
156400.0000 0.46828
156410.0000 0.55290
156420.0000 -0.04490
156430.0000 -0.38953
156440.0000 -0.40246
156450.0000 -1.05405
156460.0000 -1.26367
156470.0000 -1.88414
156480.0000 -2.73714
156490.0000 -3.02546
156500.0000 -3.72518
156510.0000 -3.68773
156520.0000 -3.83426
156530.0000 -2.98029
156540.0000 -2.39490
156550.0000 -2.87609
156560.0000 -3.07247
156570.0000 -2.82658
156580.0000 -2.79188
156590.0000 -2.80004
156600.0000 -1.90540
156610.0000 -1.66029
156620.0000 -1.57529
156630.0000 -1.91675
156640.0000 -1.77437
156650.0000 -1.93562
156660.0000 -2.16267
156670.0000 -1.85644
156680.0000 -1.83189
156690.0000 -1.82224
156700.0000 -1.64494
156710.0000 -1.31734
156720.0000 -0.65116
156730.0000 -0.13888
156740.0000 -0.27047
156750.0000 -0.44451
156760.0000 -0.14354
156770.0000 -0.44982
156780.0000 -0.60701
156790.0000 -0.62870
156800.0000 -0.59903
156810.0000 -0.97088
156820.0000 -1.38743
156830.0000 -1.28331
156840.0000 -1.47026
156850.0000 -0.96645
156860.0000 -0.19698
156870.0000 0.11272
156880.0000 0.33999
156890.0000 0.21097
156900.0000 0.42416
156910.0000 0.45793
156920.0000 0.50794
156930.0000 0.09254
156940.0000 -0.31622
156950.0000 -0.57473
156960.0000 -0.56636
156970.0000 -0.48188
156980.0000 -0.31569
156990.0000 -0.41193
157000.0000 -0.42730
157010.0000 -0.01519
157020.0000 0.28527
157030.0000 0.26724
157040.0000 0.70619
157050.0000 0.92857
157060.0000 0.76685
157070.0000 0.94767
157080.0000 1.07576
157090.0000 0.43523
157100.0000 0.52638
157110.0000 0.97472
157120.0000 0.76378
157130.0000 0.62084
157140.0000 1.00743
157150.0000 0.62059
157160.0000 0.74621
157170.0000 0.48279
157180.0000 0.51910
157190.0000 -0.09420
157200.0000 -0.07494
157210.0000 0.15411
157220.0000 0.56473
157230.0000 0.45117
157240.0000 0.09776
157250.0000 0.28394
157260.0000 0.27334
157270.0000 0.53766
157280.0000 0.46376
157290.0000 0.41978
157300.0000 0.94327
157310.0000 0.99937
157320.0000 1.01285
157330.0000 1.08060
157340.0000 1.36773
157350.0000 1.09929
157360.0000 0.74559
157370.0000 0.19751
157380.0000 -0.07916
157390.0000 -0.59044
157400.0000 -0.42476
157410.0000 -0.54229
157420.0000 -0.49070
157430.0000 -0.58690
157440.0000 -1.06720
157450.0000 -1.62621
157460.0000 -0.84987
157470.0000 -1.35754
157480.0000 -0.94497
157490.0000 -1.52514
157500.0000 -1.51961
157510.0000 -1.41360
157520.0000 -1.15698
157530.0000 -1.46778
157540.0000 -1.48678
157550.0000 -1.71373
157560.0000 -2.06098
157570.0000 -1.65104
157580.0000 -1.83553
157590.0000 -1.64305
157600.0000 -2.11063
157610.0000 -2.73254
157620.0000 -3.06396
157630.0000 -4.38776
157640.0000 -5.07655
157650.0000 -5.60176
157660.0000 -5.78074
157670.0000 -5.33022
157680.0000 -5.24926
157690.0000 -4.41346
157700.0000 -4.17858
157710.0000 -3.98925
157720.0000 -3.78759
157730.0000 -3.44176
157740.0000 -3.03611
157750.0000 -2.14011
157760.0000 -2.29715
157770.0000 -2.25249
157780.0000 -2.64425
157790.0000 -3.11421
157800.0000 -3.82887
157810.0000 -3.89282
157820.0000 -4.43609
157830.0000 -4.37177
157840.0000 -3.89650
157850.0000 -3.82500
157860.0000 -3.92421
157870.0000 -4.08692
157880.0000 -4.32760
157890.0000 -4.30084
157900.0000 -4.68651
157910.0000 -4.96102
157920.0000 -4.70534
157930.0000 -4.67867
157940.0000 -4.66636
157950.0000 -4.90723
157960.0000 -5.02877
157970.0000 -6.08609
157980.0000 -5.36241
157990.0000 -5.97936
158000.0000 -5.47079
158010.0000 -4.87805
158020.0000 -4.58719
158030.0000 -4.49119
158040.0000 -5.19710
158050.0000 -5.41458
158060.0000 -5.78736
158070.0000 -5.98912
158080.0000 -6.39139
158090.0000 -6.71709
158100.0000 -6.51314
158110.0000 -6.04293
158120.0000 -6.13653
158130.0000 -6.16816
158140.0000 -6.74683
158150.0000 -6.84445
158160.0000 -6.43036
158170.0000 -6.26884
158180.0000 -5.53780
158190.0000 -5.37961
158200.0000 -4.80545
158210.0000 -4.77009
158220.0000 -4.61156
158230.0000 -4.61438
158240.0000 -4.07815
158250.0000 -4.36713
158260.0000 -4.95863
158270.0000 -5.64242
158280.0000 -5.42302
158290.0000 -5.27424
158300.0000 -4.82901
158310.0000 -4.86163
158320.0000 -4.59409
158330.0000 -4.72024
158340.0000 -4.11936
158350.0000 -4.15996
158360.0000 -3.78351
158370.0000 -4.04030
158380.0000 -4.32646
158390.0000 -4.72651
158400.0000 -5.04485
158410.0000 -4.34145
158420.0000 -4.42954
158430.0000 -4.55177
158440.0000 -3.93253
158450.0000 -3.89380
158460.0000 -4.04795
158470.0000 -3.35063
158480.0000 -3.76652
158490.0000 -3.91931
158500.0000 -3.54768
158510.0000 -3.74465
158520.0000 -4.44127
158530.0000 -4.01099
158540.0000 -4.02040
158550.0000 -4.11884
158560.0000 -4.40549
158570.0000 -4.43469
158580.0000 -4.13711
158590.0000 -4.92762
158600.0000 -5.24861
158610.0000 -5.29104
158620.0000 -4.79361
158630.0000 -5.19298
158640.0000 -5.09248
158650.0000 -5.04461
158660.0000 -4.52868
158670.0000 -4.36140
158680.0000 -4.56806
158690.0000 -4.92646
158700.0000 -5.03680
158710.0000 -4.96695
158720.0000 -5.05748
158730.0000 -4.84534
158740.0000 -5.16746
158750.0000 -5.00636
158760.0000 -4.38707
158770.0000 -4.38903
158780.0000 -4.44230
158790.0000 -4.40900
158800.0000 -3.91162
158810.0000 -3.87703
158820.0000 -3.95433
158830.0000 -3.90332
158840.0000 -4.76392
158850.0000 -4.71846
158860.0000 -5.36316
158870.0000 -5.37736
158880.0000 -5.08595
158890.0000 -4.36620
158900.0000 -4.12267
158910.0000 -3.94090
158920.0000 -4.12906
158930.0000 -4.46364
158940.0000 -4.65322
158950.0000 -4.62115
158960.0000 -3.87182
158970.0000 -4.07774
158980.0000 -4.15131
158990.0000 -3.74722
159000.0000 -3.51915
159010.0000 -3.68866
159020.0000 -3.40792
159030.0000 -3.53346
159040.0000 -3.27820
159050.0000 -2.64321
159060.0000 -2.45084
159070.0000 -2.49217
159080.0000 -3.03797
159090.0000 -3.15376
159100.0000 -3.62564
159110.0000 -3.51176
159120.0000 -3.79614
159130.0000 -3.76360
159140.0000 -3.38272
159150.0000 -3.11153
159160.0000 -2.33485
159170.0000 -2.01159
159180.0000 -2.22214
159190.0000 -2.73133
159200.0000 -2.32305
159210.0000 -2.31695
159220.0000 -2.19287
159230.0000 -2.68663
159240.0000 -2.67881
159250.0000 -3.19917
159260.0000 -3.31055
159270.0000 -3.35180
159280.0000 -3.24832
159290.0000 -3.83969
159300.0000 -3.66589
159310.0000 -3.89046
159320.0000 -4.61843
159330.0000 -4.58602
159340.0000 -4.59700
159350.0000 -4.21198
159360.0000 -4.41753
159370.0000 -4.49095
159380.0000 -4.74870
159390.0000 -4.73011
159400.0000 -4.90358
159410.0000 -4.78681
159420.0000 -4.65206
159430.0000 -4.62699
159440.0000 -4.82003
159450.0000 -4.73823
159460.0000 -4.34678
159470.0000 -3.81402
159480.0000 -3.47670
159490.0000 -3.65576
159500.0000 -3.36943
159510.0000 -2.73675
159520.0000 -2.86432
159530.0000 -3.01618
159540.0000 -3.02701
159550.0000 -3.07631
159560.0000 -3.20798
159570.0000 -4.50342
159580.0000 -4.45093
159590.0000 -4.95592
159600.0000 -4.99904
159610.0000 -5.71622
159620.0000 -6.02618
159630.0000 -6.12810
159640.0000 -5.83495
159650.0000 -5.51021
159660.0000 -4.50534
159670.0000 -3.78040
159680.0000 -4.65652
159690.0000 -4.38219
159700.0000 -4.78393
159710.0000 -4.63298
159720.0000 -4.44016
159730.0000 -4.15516
159740.0000 -4.66777
159750.0000 -4.75382
159760.0000 -4.80005
159770.0000 -4.58344
159780.0000 -5.02073
159790.0000 -5.29869
159800.0000 -5.38960
159810.0000 -5.70160
159820.0000 -6.23352
159830.0000 -6.17832
159840.0000 -5.15237
159850.0000 -5.71885
159860.0000 -5.39770
159870.0000 -4.80834
159880.0000 -4.48910
159890.0000 -4.79525
159900.0000 -4.96343
159910.0000 -4.43641
159920.0000 -4.30504
159930.0000 -4.23884
159940.0000 -3.95267
159950.0000 -3.85898
159960.0000 -3.09834
159970.0000 -2.83123
159980.0000 -3.39515
159990.0000 -2.81240
160000.0000 -2.11075
160010.0000 -2.00725
160020.0000 -2.85718
160030.0000 -2.84945
160040.0000 -1.79227
160050.0000 -1.64969
160060.0000 -0.88626
160070.0000 -0.61280
160080.0000 -0.47111
160090.0000 -0.85650
160100.0000 -0.92698
160110.0000 -0.60621
160120.0000 -0.01905
160130.0000 0.10510
160140.0000 0.35400
160150.0000 1.01406
160160.0000 1.06019
160170.0000 0.80788
160180.0000 0.84536
160190.0000 1.09374
160200.0000 1.38135
160210.0000 1.32338
160220.0000 1.40459
160230.0000 1.41940
160240.0000 1.80412
160250.0000 1.58449
160260.0000 1.17238
160270.0000 0.96622
160280.0000 0.57487
160290.0000 0.94090
160300.0000 0.90644
160310.0000 0.81978
160320.0000 1.47252
160330.0000 2.49727
160340.0000 2.91632
160350.0000 2.55893
160360.0000 2.68704
160370.0000 2.55884
160380.0000 2.15544
160390.0000 1.90471
160400.0000 2.64210
160410.0000 2.08182
160420.0000 2.44100
160430.0000 1.93286
160440.0000 2.06174
160450.0000 2.35608
160460.0000 2.32660
160470.0000 2.53788
160480.0000 2.59476
160490.0000 2.23346
160500.0000 2.27330
160510.0000 2.84260
160520.0000 3.06695
160530.0000 2.95198
160540.0000 3.84192
160550.0000 4.11937
160560.0000 4.13823
160570.0000 4.06674
160580.0000 4.70863
160590.0000 4.75334
160600.0000 5.37217
160610.0000 6.06013
160620.0000 6.03820
160630.0000 6.00634
160640.0000 5.50899
160650.0000 5.07371
160660.0000 4.63752
160670.0000 4.39016
160680.0000 4.36966
160690.0000 3.93643
160700.0000 3.53726
160710.0000 2.82259
160720.0000 2.67346
160730.0000 2.36040
160740.0000 1.60942
160750.0000 1.15145
160760.0000 0.72897
160770.0000 0.73356
160780.0000 0.84218
160790.0000 0.14971
160800.0000 -0.18867
160810.0000 -0.75320
160820.0000 -0.48261
160830.0000 -0.27160
160840.0000 0.13417
160850.0000 -0.44394
160860.0000 -0.48692
160870.0000 -0.51781
160880.0000 -0.46562
160890.0000 -0.59140
160900.0000 -0.95938
160910.0000 -1.39591
160920.0000 -1.21229
160930.0000 -0.96572
160940.0000 -0.22640
160950.0000 0.19006
160960.0000 0.42193
160970.0000 0.78112
160980.0000 -0.04474
160990.0000 0.00453
161000.0000 0.44928
161010.0000 0.27109
161020.0000 0.49378
161030.0000 0.91010
161040.0000 0.98998
161050.0000 1.05439
161060.0000 0.97170
161070.0000 1.38030
161080.0000 1.02391
161090.0000 1.86312
161100.0000 1.84954
161110.0000 1.49837
161120.0000 1.85155
161130.0000 2.06079
161140.0000 2.39298
161150.0000 1.95747
161160.0000 1.89614
161170.0000 2.19789
161180.0000 2.45659
161190.0000 2.38536
161200.0000 2.75616
161210.0000 2.41870
161220.0000 1.35566
161230.0000 1.38425
161240.0000 0.86949
161250.0000 0.50524
161260.0000 -0.50169
161270.0000 -0.48197
161280.0000 -1.22734
161290.0000 -1.68182
161300.0000 -1.71816
161310.0000 -2.23648
161320.0000 -2.20395
161330.0000 -1.71335
161340.0000 -1.86292
161350.0000 -1.54475
161360.0000 -1.12232
161370.0000 -1.03366
161380.0000 -0.66573
161390.0000 -0.10218
161400.0000 -0.61145
161410.0000 -0.36566
161420.0000 -0.21560
161430.0000 -0.02653
161440.0000 0.55563
161450.0000 -0.35137
161460.0000 -1.00180
161470.0000 -1.19026
161480.0000 -1.14498
161490.0000 -1.15251
161500.0000 -1.05574
161510.0000 -0.43230
161520.0000 0.02881
161530.0000 0.31009
161540.0000 -0.44264
161550.0000 -0.60793
161560.0000 -0.62508
161570.0000 -0.84763
161580.0000 -0.69404
161590.0000 -0.57061
161600.0000 -0.01550
161610.0000 -0.02204
161620.0000 -0.81831
161630.0000 -1.05467
161640.0000 -1.03486
161650.0000 -1.41290
161660.0000 -1.29250
161670.0000 -1.04807
161680.0000 -1.08002
161690.0000 -1.56832
161700.0000 -1.43197
161710.0000 -1.34973
161720.0000 -1.82018
161730.0000 -1.79401
161740.0000 -1.98206
161750.0000 -1.63560
161760.0000 -1.71961
161770.0000 -1.45608
161780.0000 -1.43558
161790.0000 -1.04476
161800.0000 -0.86790
161810.0000 -1.18334
161820.0000 -1.16728
161830.0000 -0.73344
161840.0000 -0.70747
161850.0000 -0.90000
161860.0000 -0.66311
161870.0000 -0.13588
161880.0000 -0.78313
161890.0000 -0.69790
161900.0000 -0.82960
161910.0000 -0.71013
161920.0000 -0.67751
161930.0000 -1.22060
161940.0000 -2.25747
161950.0000 -1.77978
161960.0000 -1.25163
161970.0000 -0.71457
161980.0000 -0.84670
161990.0000 -1.70682
162000.0000 -1.66427
162010.0000 -1.33727
162020.0000 -1.92928
162030.0000 -1.67636
162040.0000 -2.36294
162050.0000 -2.37315
162060.0000 -1.89577
162070.0000 -1.38036
162080.0000 -1.15795
162090.0000 -0.55439
162100.0000 -0.80466
162110.0000 -0.55346
162120.0000 -0.44492
162130.0000 -0.57203
162140.0000 -1.39904
162150.0000 -1.45189
162160.0000 -1.89220
162170.0000 -2.65789
162180.0000 -2.67459
162190.0000 -2.50584
162200.0000 -2.72697
162210.0000 -2.71407
162220.0000 -2.49858
162230.0000 -2.63659
162240.0000 -2.33632
162250.0000 -2.08399
162260.0000 -2.16893
162270.0000 -2.19846
162280.0000 -1.87685
162290.0000 -1.47824
162300.0000 -2.07848
162310.0000 -2.10116
162320.0000 -2.18376
162330.0000 -1.44048
162340.0000 -1.50403
162350.0000 -1.68867
162360.0000 -1.89717
162370.0000 -2.82635
162380.0000 -3.09545
162390.0000 -3.15305
162400.0000 -2.94191
162410.0000 -2.50645
162420.0000 -2.45503
162430.0000 -2.14274
162440.0000 -2.49636
162450.0000 -2.63453
162460.0000 -2.53332
162470.0000 -2.54225
162480.0000 -2.44749
162490.0000 -2.88964
162500.0000 -2.88661
162510.0000 -2.49011
162520.0000 -1.98651
162530.0000 -1.46181
162540.0000 -1.09052
162550.0000 -1.41915
162560.0000 -0.64717
162570.0000 -0.17082
162580.0000 -0.04027
162590.0000 -0.26497
162600.0000 -0.40283
162610.0000 -0.80428
162620.0000 -0.80437
162630.0000 -1.01292
162640.0000 -1.03049
162650.0000 -1.26339
162660.0000 -1.19586
162670.0000 -1.77005
162680.0000 -2.23670
162690.0000 -2.10308
162700.0000 -1.85237
162710.0000 -1.16524
162720.0000 -1.21425
162730.0000 -0.65740
162740.0000 -0.74480
162750.0000 -0.75184
162760.0000 -0.84483
162770.0000 -1.01330
162780.0000 -0.84268
162790.0000 -0.80753
162800.0000 -1.06349
162810.0000 -0.71325
162820.0000 -0.92410
162830.0000 -1.32081
162840.0000 -1.12205
162850.0000 -0.92507
162860.0000 -1.48168
162870.0000 -1.32089
162880.0000 -2.19248
162890.0000 -1.30456
162900.0000 -0.57507
162910.0000 -0.49486
162920.0000 0.22721
162930.0000 0.53342
162940.0000 0.88553
162950.0000 0.34118
162960.0000 0.56856
162970.0000 0.76483
162980.0000 1.36246
162990.0000 2.28820
163000.0000 2.37419
163010.0000 2.03162
163020.0000 1.65669
163030.0000 1.43433
163040.0000 0.73791
163050.0000 -0.01409
163060.0000 -0.12729
163070.0000 0.18026
163080.0000 0.60300
163090.0000 0.92506
163100.0000 1.42341
163110.0000 1.70904
163120.0000 1.69900
163130.0000 1.92360
163140.0000 1.71355
163150.0000 1.26132
163160.0000 1.69456
163170.0000 2.20444
163180.0000 2.32379
163190.0000 2.15966
163200.0000 2.09744
163210.0000 2.41865
163220.0000 1.83336
163230.0000 1.95288
163240.0000 1.94041
163250.0000 1.72957
163260.0000 1.32244
163270.0000 1.22499
163280.0000 0.90630
163290.0000 0.36201
163300.0000 0.09525
163310.0000 -0.28648
163320.0000 0.29680
163330.0000 0.14593
163340.0000 0.31557
163350.0000 0.47997
163360.0000 1.19490
163370.0000 0.94812
163380.0000 0.67806
163390.0000 1.32611
163400.0000 1.12905
163410.0000 1.18921
163420.0000 0.84946
163430.0000 0.37878
163440.0000 0.37670
163450.0000 0.20192
163460.0000 -0.31863
163470.0000 0.35898
163480.0000 0.54191
163490.0000 1.09909
163500.0000 1.47186
163510.0000 1.59999
163520.0000 1.75308
163530.0000 1.65036
163540.0000 0.72055
163550.0000 0.53062
163560.0000 0.61494
163570.0000 1.10450
163580.0000 1.02220
163590.0000 0.63290
163600.0000 0.45981
163610.0000 0.01236
163620.0000 -0.33588
163630.0000 -0.29479
163640.0000 -0.31687
163650.0000 -0.77904
163660.0000 -0.54158
163670.0000 -0.33973
163680.0000 0.25689
163690.0000 0.30543
163700.0000 0.36438
163710.0000 0.63865
163720.0000 0.64421
163730.0000 0.20122
163740.0000 -0.07621
163750.0000 -0.11180
163760.0000 -0.19382
163770.0000 0.12255
163780.0000 0.05994
163790.0000 0.00932
163800.0000 -0.02095
163810.0000 -0.89768
163820.0000 -0.48902
163830.0000 -0.47280
163840.0000 -0.04841
163850.0000 0.05112
163860.0000 -0.05739
163870.0000 0.32496
163880.0000 0.82016
163890.0000 0.44545
163900.0000 0.29941
163910.0000 0.26610
163920.0000 0.09210
163930.0000 -0.39955
163940.0000 0.05233
163950.0000 0.13967
163960.0000 -0.55219
163970.0000 -0.53535
163980.0000 -0.54028
163990.0000 -0.24876
164000.0000 0.25714
164010.0000 -0.17056
164020.0000 -0.28727
164030.0000 -0.36085
164040.0000 -0.63407
164050.0000 -0.61369
164060.0000 0.14576
164070.0000 -0.22536
164080.0000 0.35955
164090.0000 0.06293
164100.0000 0.39848
164110.0000 0.71758
164120.0000 0.82784
164130.0000 0.26139
164140.0000 0.06549
164150.0000 0.09612
164160.0000 0.29857
164170.0000 0.53376
164180.0000 -0.03989
164190.0000 -0.69729
164200.0000 -0.29527
164210.0000 -0.27114
164220.0000 0.09411
164230.0000 0.24477
164240.0000 0.23489
164250.0000 0.82243
164260.0000 0.91799
164270.0000 0.94436
164280.0000 1.23420
164290.0000 1.23495
164300.0000 0.83424
164310.0000 0.58139
164320.0000 0.51241
164330.0000 0.56249
164340.0000 0.30888
164350.0000 1.37498
164360.0000 0.75135
164370.0000 1.22389
164380.0000 1.54919
164390.0000 1.45313
164400.0000 0.92914
164410.0000 0.88642
164420.0000 1.39392
164430.0000 2.06673
164440.0000 2.73532
164450.0000 3.29451
164460.0000 3.38818
164470.0000 3.75211
164480.0000 3.53592
164490.0000 4.26954
164500.0000 3.50094
164510.0000 3.61626
164520.0000 3.83214
164530.0000 4.73602
164540.0000 4.45432
164550.0000 4.53740
164560.0000 4.97642
164570.0000 4.79554
164580.0000 4.67340
164590.0000 4.75547
164600.0000 4.12992
164610.0000 4.68546
164620.0000 4.98483
164630.0000 4.45406
164640.0000 4.84817
164650.0000 5.04130
164660.0000 5.26219
164670.0000 4.83816
164680.0000 5.47573
164690.0000 5.26837
164700.0000 5.08012
164710.0000 5.38694
164720.0000 4.89561
164730.0000 4.75848
164740.0000 5.39954
164750.0000 5.01326
164760.0000 4.71584
164770.0000 4.33705
164780.0000 5.13432
164790.0000 4.89927
164800.0000 4.17914
164810.0000 3.91921
164820.0000 4.30090
164830.0000 3.86593
164840.0000 3.68287
164850.0000 3.87920
164860.0000 4.16229
164870.0000 4.23969
164880.0000 4.38584
164890.0000 5.02156
164900.0000 4.59550
164910.0000 4.54187
164920.0000 5.06228
164930.0000 5.33012
164940.0000 5.44707
164950.0000 5.76431
164960.0000 5.33335
164970.0000 5.27197
164980.0000 5.32878
164990.0000 5.20709
165000.0000 5.16689
165010.0000 4.89448
165020.0000 4.82947
165030.0000 4.94185
165040.0000 5.19126
165050.0000 5.76264
165060.0000 5.67658
165070.0000 5.55278
165080.0000 5.60156
165090.0000 4.87033
165100.0000 4.90721
165110.0000 5.34304
165120.0000 5.37149
165130.0000 5.92815
165140.0000 5.80214
165150.0000 5.08211
165160.0000 4.91908
165170.0000 4.52837
165180.0000 4.99131
165190.0000 5.04599
165200.0000 5.03110
165210.0000 4.80732
165220.0000 4.92982
165230.0000 5.22017
165240.0000 5.30149
165250.0000 5.55873
165260.0000 5.22182
165270.0000 5.15460
165280.0000 5.11066
165290.0000 4.90725
165300.0000 4.75134
165310.0000 4.23389
165320.0000 4.06011
165330.0000 3.30406
165340.0000 3.45615
165350.0000 3.22179
165360.0000 3.46336
165370.0000 3.39463
165380.0000 3.53875
165390.0000 3.87798
165400.0000 3.55507
165410.0000 3.27624
165420.0000 2.55971
165430.0000 2.96794
165440.0000 3.15831
165450.0000 3.09738
165460.0000 3.40023
165470.0000 2.68467
165480.0000 3.11028
165490.0000 2.37200
165500.0000 1.90899
165510.0000 2.03756
165520.0000 1.81324
165530.0000 1.50596
165540.0000 2.18532
165550.0000 2.41869
165560.0000 1.79854
165570.0000 2.11660
165580.0000 1.77192
165590.0000 2.11485
165600.0000 2.32387
165610.0000 2.42560
165620.0000 2.69534
165630.0000 2.77698
165640.0000 3.34714
165650.0000 3.15733
165660.0000 3.23014
165670.0000 3.02504
165680.0000 2.05868
165690.0000 1.89130
165700.0000 2.27200
165710.0000 2.74935
165720.0000 3.21010
165730.0000 3.12760
165740.0000 2.28333
165750.0000 1.32049
165760.0000 1.04817
165770.0000 1.64776
165780.0000 1.13501
165790.0000 2.01022
165800.0000 2.09917
165810.0000 2.00837
165820.0000 1.84896
165830.0000 2.41236
165840.0000 2.67215
165850.0000 2.78243
165860.0000 2.96707
165870.0000 3.62312
165880.0000 3.26916
165890.0000 2.67538
165900.0000 2.25830
165910.0000 2.73841
165920.0000 3.28966
165930.0000 3.16801
165940.0000 3.15268
165950.0000 3.28282
165960.0000 3.31558
165970.0000 2.33670
165980.0000 2.59408
165990.0000 2.36062
166000.0000 2.41379
166010.0000 2.58621
166020.0000 1.80525
166030.0000 2.28400
166040.0000 1.89374
166050.0000 1.44317
166060.0000 1.64046
166070.0000 1.48358
166080.0000 1.41215
166090.0000 2.31237
166100.0000 2.74559
166110.0000 2.75566
166120.0000 2.60276
166130.0000 2.79516
166140.0000 3.22877
166150.0000 3.59203
166160.0000 4.12719
166170.0000 5.03692
166180.0000 5.44227
166190.0000 4.71350
166200.0000 4.17614
166210.0000 3.62017
166220.0000 4.10741
166230.0000 4.20039
166240.0000 4.47910
166250.0000 4.54775
166260.0000 4.45815
166270.0000 4.54608
166280.0000 5.34145
166290.0000 5.36170
166300.0000 5.45010
166310.0000 6.12814
166320.0000 6.29993
166330.0000 6.29471
166340.0000 6.16447
166350.0000 6.32852
166360.0000 6.62331
166370.0000 7.12915
166380.0000 7.62101
166390.0000 7.64242
166400.0000 7.34801
166410.0000 7.52642
166420.0000 7.13828
166430.0000 6.92995
166440.0000 7.05977
166450.0000 7.41119
166460.0000 7.41005
166470.0000 7.07444
166480.0000 6.29857
166490.0000 6.61099
166500.0000 7.01393
166510.0000 7.11247
166520.0000 6.81600
166530.0000 6.74285
166540.0000 6.67930
166550.0000 6.57822
166560.0000 5.87746
166570.0000 6.06138
166580.0000 6.26424
166590.0000 5.26916
166600.0000 4.74045
166610.0000 4.10398
166620.0000 3.94679
166630.0000 4.63832
166640.0000 4.84148
166650.0000 5.26207
166660.0000 5.22226
166670.0000 5.12334
166680.0000 4.84480
166690.0000 5.08446
166700.0000 5.57291
166710.0000 5.86592
166720.0000 6.27922
166730.0000 6.28306
166740.0000 6.37833
166750.0000 6.73825
166760.0000 6.13840
166770.0000 6.32881
166780.0000 5.91917
166790.0000 5.70315
166800.0000 5.63673
166810.0000 5.91286
166820.0000 5.95727
166830.0000 6.63388
166840.0000 6.86585
166850.0000 7.54143
166860.0000 7.76323
166870.0000 7.45842
166880.0000 7.68035
166890.0000 7.81775
166900.0000 8.28628
166910.0000 8.34608
166920.0000 8.78421
166930.0000 9.11897
166940.0000 9.07370
166950.0000 8.78536
166960.0000 8.97651
166970.0000 8.70939
166980.0000 8.96701
166990.0000 8.84534
167000.0000 8.40856
167010.0000 8.15248
167020.0000 8.75815
167030.0000 8.72294
167040.0000 8.38405
167050.0000 8.68122
167060.0000 8.43426
167070.0000 8.81404
167080.0000 8.34164
167090.0000 8.23975
167100.0000 7.74157
167110.0000 7.87590
167120.0000 7.74022
167130.0000 7.61299
167140.0000 7.62660
167150.0000 7.38487
167160.0000 7.88423
167170.0000 7.87347
167180.0000 8.07771
167190.0000 7.91368
167200.0000 7.50432
167210.0000 7.37446
167220.0000 7.14984
167230.0000 7.15372
167240.0000 7.91774
167250.0000 8.68532
167260.0000 8.21596
167270.0000 8.82742
167280.0000 8.56538
167290.0000 8.88729
167300.0000 8.27264
167310.0000 7.80192
167320.0000 7.54806
167330.0000 7.55992
167340.0000 7.70066
167350.0000 7.68831
167360.0000 8.06501
167370.0000 8.66527
167380.0000 8.79131
167390.0000 8.36409
167400.0000 7.79115
167410.0000 7.41780
167420.0000 7.33611
167430.0000 6.69097
167440.0000 6.58632
167450.0000 6.34657
167460.0000 6.23664
167470.0000 6.35050
167480.0000 6.46537
167490.0000 6.27118
167500.0000 6.60226
167510.0000 6.91089
167520.0000 6.62494
167530.0000 6.10916
167540.0000 6.21155
167550.0000 5.30824
167560.0000 4.52489
167570.0000 4.48469
167580.0000 4.29077
167590.0000 3.77728
167600.0000 3.74383
167610.0000 3.44123
167620.0000 3.18614
167630.0000 3.08542
167640.0000 2.59983
167650.0000 2.86002
167660.0000 2.71900
167670.0000 2.68184
167680.0000 2.73201
167690.0000 2.92659
167700.0000 2.77409
167710.0000 3.31150
167720.0000 3.91456
167730.0000 3.99101
167740.0000 4.11261
167750.0000 3.79891
167760.0000 3.57147
167770.0000 3.85928
167780.0000 3.47656
167790.0000 3.67507
167800.0000 3.43787
167810.0000 3.52218
167820.0000 3.21551
167830.0000 3.58078
167840.0000 3.80732
167850.0000 3.99754
167860.0000 3.86311
167870.0000 3.62024
167880.0000 3.37422
167890.0000 3.69939
167900.0000 3.70518
167910.0000 3.97453
167920.0000 3.87492
167930.0000 4.39615
167940.0000 5.09046
167950.0000 5.20163
167960.0000 4.08788
167970.0000 4.72880
167980.0000 4.97054
167990.0000 4.82421
168000.0000 4.74160
168010.0000 4.16898
168020.0000 4.43920
168030.0000 4.31320
168040.0000 4.34278
168050.0000 4.37016
168060.0000 5.01560
168070.0000 5.05682
168080.0000 6.30597
168090.0000 6.87389
168100.0000 6.83046
168110.0000 6.25789
168120.0000 6.39399
168130.0000 5.97074
168140.0000 5.24187
168150.0000 6.17465
168160.0000 5.83596
168170.0000 5.15923
168180.0000 4.56550
168190.0000 5.34180
168200.0000 4.75524
168210.0000 4.93690
168220.0000 4.26000
168230.0000 4.70639
168240.0000 5.14265
168250.0000 5.44082
168260.0000 5.33702
168270.0000 5.21221
168280.0000 4.60201
168290.0000 4.73951
168300.0000 4.89142
168310.0000 4.39292
168320.0000 4.17832
168330.0000 4.39280
168340.0000 4.05214
168350.0000 4.20270
168360.0000 4.48685
168370.0000 5.04556
168380.0000 5.16482
168390.0000 4.75604
168400.0000 4.56712
168410.0000 4.02468
168420.0000 4.29110
168430.0000 4.19846
168440.0000 4.61777
168450.0000 4.55891
168460.0000 4.62179
168470.0000 4.87620
168480.0000 5.23516
168490.0000 4.95053
168500.0000 5.38784
168510.0000 5.87299
168520.0000 5.05253
168530.0000 4.80230
168540.0000 4.97189
168550.0000 4.58291
168560.0000 3.76797
168570.0000 4.51716
168580.0000 4.67639
168590.0000 4.50932
168600.0000 4.75658
168610.0000 4.58029
168620.0000 4.33679
168630.0000 4.51593
168640.0000 5.01016
168650.0000 5.14862
168660.0000 5.23345
168670.0000 4.77966
168680.0000 5.56119
168690.0000 5.34878
168700.0000 5.77343
168710.0000 5.25221
168720.0000 4.85036
168730.0000 4.17132
168740.0000 3.38407
168750.0000 3.65828
168760.0000 4.28270
168770.0000 5.01799
168780.0000 5.11995
168790.0000 5.10680
168800.0000 4.64166
168810.0000 4.72695
168820.0000 4.71069
168830.0000 4.24491
168840.0000 4.29638
168850.0000 3.85701
168860.0000 3.61154
168870.0000 3.65800
168880.0000 3.79344
168890.0000 4.31076
168900.0000 4.43717
168910.0000 4.66134
168920.0000 4.51315
168930.0000 4.70621
168940.0000 5.35168
168950.0000 4.98071
168960.0000 4.82581
168970.0000 5.04133
168980.0000 4.93629
168990.0000 4.62358
169000.0000 3.89526
169010.0000 3.79822
169020.0000 3.57496
169030.0000 2.92145
169040.0000 2.26833
169050.0000 2.34075
169060.0000 2.62643
169070.0000 2.70190
169080.0000 2.41787
169090.0000 2.91936
169100.0000 3.63510
169110.0000 3.71866
169120.0000 3.53353
169130.0000 3.33658
169140.0000 3.30848
169150.0000 2.77949
169160.0000 3.25635
169170.0000 2.75936
169180.0000 3.42940
169190.0000 3.76119
169200.0000 4.00151
169210.0000 5.03341
169220.0000 4.68376
169230.0000 4.16009
169240.0000 3.58752
169250.0000 3.37633
169260.0000 2.89543
169270.0000 2.59009
169280.0000 2.31257
169290.0000 2.26608
169300.0000 2.97706
169310.0000 2.71103
169320.0000 2.30411
169330.0000 1.49783
169340.0000 1.28993
169350.0000 1.51444
169360.0000 1.32840
169370.0000 1.47703
169380.0000 1.74414
169390.0000 1.81541
169400.0000 1.88479
169410.0000 1.26997
169420.0000 1.64923
169430.0000 2.29715
169440.0000 2.68350
169450.0000 2.46191
169460.0000 2.72299
169470.0000 3.10319
169480.0000 3.04255
169490.0000 2.96099
169500.0000 2.86204
169510.0000 2.97652
169520.0000 3.66789
169530.0000 3.76768
169540.0000 3.45899
169550.0000 2.80634
169560.0000 2.77339
169570.0000 2.50757
169580.0000 2.67667
169590.0000 2.39613
169600.0000 2.15630
169610.0000 2.39587
169620.0000 2.73985
169630.0000 3.18864
169640.0000 2.45377
169650.0000 2.30639
169660.0000 2.04100
169670.0000 2.42178
169680.0000 2.63255
169690.0000 3.51850
169700.0000 3.89754
169710.0000 3.56911
169720.0000 3.56865
169730.0000 3.02703
169740.0000 2.91657
169750.0000 2.62244
169760.0000 2.78499
169770.0000 2.59020
169780.0000 2.75112
169790.0000 2.25444
169800.0000 2.09543
169810.0000 2.34190
169820.0000 2.40899
169830.0000 2.19519
169840.0000 1.93409
169850.0000 2.28411
169860.0000 2.05258
169870.0000 2.19346
169880.0000 1.44074
169890.0000 1.68901
169900.0000 1.92792
169910.0000 2.04686
169920.0000 1.37316
169930.0000 1.89999
169940.0000 1.84786
169950.0000 0.88443
169960.0000 0.67710
169970.0000 0.41510
169980.0000 0.34024
169990.0000 0.28785
170000.0000 0.05584
170010.0000 0.62322
170020.0000 0.55429
170030.0000 0.95756
170040.0000 0.57015
170050.0000 0.18201
170060.0000 0.56373
170070.0000 0.20882
170080.0000 -0.84984
170090.0000 -0.45770
170100.0000 -0.53104
170110.0000 -0.98205
170120.0000 -1.10439
170130.0000 -1.18838
170140.0000 -0.75086
170150.0000 -0.65981
170160.0000 -0.41029
170170.0000 -0.49466
170180.0000 -0.43203
170190.0000 -0.25414
170200.0000 -0.54564
170210.0000 -0.57411
170220.0000 -1.00549
170230.0000 -1.58973
170240.0000 -1.19786
170250.0000 -1.45605
170260.0000 -1.41506
170270.0000 -1.68617
170280.0000 -1.27140
170290.0000 -1.70330
170300.0000 -1.88185
170310.0000 -1.92497
170320.0000 -1.62877
170330.0000 -1.36252
170340.0000 -1.06964
170350.0000 -0.99619
170360.0000 -0.80997
170370.0000 -1.14136
170380.0000 -1.04694
170390.0000 -0.77210
170400.0000 -0.78094
170410.0000 -0.68965
170420.0000 -0.41431
170430.0000 -0.78870
170440.0000 -0.36483
170450.0000 -0.85650
170460.0000 -0.60560
170470.0000 -0.87516
170480.0000 -1.13660
170490.0000 -1.33265
170500.0000 -1.94278
170510.0000 -1.90777
170520.0000 -2.50567
170530.0000 -2.63133
170540.0000 -2.80159
170550.0000 -2.67028
170560.0000 -2.26972
170570.0000 -1.99021
170580.0000 -2.06678
170590.0000 -1.32085
170600.0000 -1.25506
170610.0000 -1.69518
170620.0000 -1.44853
170630.0000 -1.60482
170640.0000 -1.37018
170650.0000 -0.87174
170660.0000 -0.80344
170670.0000 -0.73069
170680.0000 -0.26807
170690.0000 -0.61996
170700.0000 -0.44493
170710.0000 0.45551
170720.0000 1.06377
170730.0000 1.13387
170740.0000 1.31449
170750.0000 1.61327
170760.0000 1.91101
170770.0000 1.23841
170780.0000 1.18106
170790.0000 0.65894
170800.0000 0.85525
170810.0000 1.12816
170820.0000 1.73074
170830.0000 2.17527
170840.0000 2.07045
170850.0000 1.66054
170860.0000 1.88716
170870.0000 2.14442
170880.0000 1.96518
170890.0000 1.72106
170900.0000 1.71844
170910.0000 2.15849
170920.0000 1.85930
170930.0000 2.19492
170940.0000 2.19400
170950.0000 2.17830
170960.0000 2.65820
170970.0000 3.10779
170980.0000 3.24966
170990.0000 3.35626
171000.0000 3.05411
171010.0000 2.88471
171020.0000 2.94375
171030.0000 3.31990
171040.0000 3.96870
171050.0000 4.69559
171060.0000 4.61245
171070.0000 4.55746
171080.0000 4.17653
171090.0000 3.75569
171100.0000 3.68657
171110.0000 3.49125
171120.0000 3.65711
171130.0000 3.69388
171140.0000 4.05000
171150.0000 4.51656
171160.0000 4.76696
171170.0000 4.52080
171180.0000 4.42222
171190.0000 3.89327
171200.0000 4.00601
171210.0000 4.03357
171220.0000 4.54070
171230.0000 4.68433
171240.0000 4.53585
171250.0000 4.01989
171260.0000 4.26008
171270.0000 4.05456
171280.0000 3.78586
171290.0000 4.60425
171300.0000 4.58869
171310.0000 5.17490
171320.0000 5.29671
171330.0000 6.16825
171340.0000 6.67663
171350.0000 6.39173
171360.0000 5.88834
171370.0000 5.53057
171380.0000 5.74474
171390.0000 5.78891
171400.0000 5.94114
171410.0000 5.64697
171420.0000 6.19938
171430.0000 6.23038
171440.0000 5.86920
171450.0000 5.08531
171460.0000 4.67586
171470.0000 4.99849
171480.0000 5.35576
171490.0000 5.22709
171500.0000 5.25995
171510.0000 5.40316
171520.0000 5.12379
171530.0000 4.58163
171540.0000 4.11927
171550.0000 4.05195
171560.0000 4.34264
171570.0000 5.27924
171580.0000 5.71797
171590.0000 5.32781
171600.0000 5.48360
171610.0000 6.03543
171620.0000 5.80335
171630.0000 5.58078
171640.0000 4.84321
171650.0000 4.66267
171660.0000 4.55100
171670.0000 4.27440
171680.0000 4.34433
171690.0000 4.45883
171700.0000 3.82778
171710.0000 3.75487
171720.0000 3.71888
171730.0000 3.97404
171740.0000 3.92005
171750.0000 3.45626
171760.0000 3.27624
171770.0000 2.72317
171780.0000 2.65098
171790.0000 2.97684
171800.0000 2.73198
171810.0000 2.79029
171820.0000 2.68793
171830.0000 2.72710
171840.0000 2.28130
171850.0000 1.86917
171860.0000 1.78938
171870.0000 1.37863
171880.0000 2.60140
171890.0000 2.71621
171900.0000 2.24190
171910.0000 2.23059
171920.0000 2.28274
171930.0000 2.08022
171940.0000 1.68245
171950.0000 2.08370
171960.0000 2.11760
171970.0000 1.94345
171980.0000 1.99813
171990.0000 1.41430
172000.0000 1.20336
172010.0000 0.98520
172020.0000 1.35497
172030.0000 1.65294
172040.0000 1.42319
172050.0000 2.02143
172060.0000 1.97554
172070.0000 2.20097
172080.0000 2.68578
172090.0000 2.89626
172100.0000 2.76934
172110.0000 2.08827
172120.0000 1.68569
172130.0000 2.04486
172140.0000 2.59286
172150.0000 2.64832
172160.0000 2.25657
172170.0000 2.48113
172180.0000 2.26271
172190.0000 3.13736
172200.0000 3.61816
172210.0000 3.61532
172220.0000 3.20313
172230.0000 2.89397
172240.0000 3.44618
172250.0000 3.31691
172260.0000 2.84673
172270.0000 3.17202
172280.0000 3.42368
172290.0000 3.57515
172300.0000 3.94385
172310.0000 3.51918
172320.0000 3.82490
172330.0000 3.44519
172340.0000 3.35595
172350.0000 3.31376
172360.0000 3.14588
172370.0000 2.79654
172380.0000 2.98617
172390.0000 3.11477
172400.0000 2.84863
172410.0000 2.59311
172420.0000 2.53019
172430.0000 2.45001
172440.0000 2.58089
172450.0000 2.56453
172460.0000 2.09146
172470.0000 2.90614
172480.0000 2.68289
172490.0000 2.64181
172500.0000 2.68400
172510.0000 2.09886
172520.0000 1.74268
172530.0000 1.79612
172540.0000 1.86089
172550.0000 2.12402
172560.0000 2.11615
172570.0000 2.67298
172580.0000 3.06598
172590.0000 2.95994
172600.0000 3.20544
172610.0000 3.59308
172620.0000 4.20792
172630.0000 3.80316
172640.0000 3.51945
172650.0000 3.50648
172660.0000 3.52628
172670.0000 3.53145
172680.0000 3.66985
172690.0000 4.21244
172700.0000 4.56938
172710.0000 4.55485
172720.0000 4.71088
172730.0000 4.75912
172740.0000 4.97540
172750.0000 4.75287
172760.0000 4.34032
172770.0000 4.72781
172780.0000 4.81703
172790.0000 5.46463
172800.0000 5.43959
172810.0000 5.14465
172820.0000 5.20437
172830.0000 5.16703
172840.0000 5.16231
172850.0000 4.67229
172860.0000 4.44550
172870.0000 3.90586
172880.0000 3.57844
172890.0000 3.04074
172900.0000 2.96770
172910.0000 2.62933
172920.0000 1.93896
172930.0000 1.89369
172940.0000 1.95322
172950.0000 2.41108
172960.0000 2.98047
172970.0000 3.32589
172980.0000 3.71388
172990.0000 4.26599
173000.0000 4.58828
173010.0000 5.17620
173020.0000 5.03563
173030.0000 4.74814
173040.0000 4.88275
173050.0000 4.94617
173060.0000 4.91415
173070.0000 4.80795
173080.0000 4.85602
173090.0000 4.90327
173100.0000 4.55984
173110.0000 4.72149
173120.0000 4.66667
173130.0000 4.74541
173140.0000 5.38787
173150.0000 4.95811
173160.0000 4.37239
173170.0000 4.60848
173180.0000 4.58641
173190.0000 4.61864
173200.0000 4.13024
173210.0000 3.75245
173220.0000 3.16727
173230.0000 2.32911
173240.0000 2.07817
173250.0000 1.93635
173260.0000 1.89027
173270.0000 1.69274
173280.0000 1.60884
173290.0000 1.74289
173300.0000 2.25296
173310.0000 2.43081
173320.0000 2.28182
173330.0000 3.38784
173340.0000 2.91660
173350.0000 2.47988
173360.0000 2.15655
173370.0000 2.59229
173380.0000 2.93781
173390.0000 2.90033
173400.0000 2.74965
173410.0000 2.65757
173420.0000 2.85183
173430.0000 2.76035
173440.0000 2.39956
173450.0000 2.60844
173460.0000 1.93205
173470.0000 2.35264
173480.0000 2.53449
173490.0000 3.75081
173500.0000 3.57073
173510.0000 3.75218
173520.0000 3.45053
173530.0000 3.46006
173540.0000 3.40417
173550.0000 3.40016
173560.0000 2.85757
173570.0000 3.28176
173580.0000 3.99509
173590.0000 4.22797
173600.0000 3.58715
173610.0000 3.50325
173620.0000 3.70309
173630.0000 3.78962
173640.0000 4.23704
173650.0000 4.21039
173660.0000 4.29529
173670.0000 4.38061
173680.0000 4.89870
173690.0000 4.44018
173700.0000 4.48076
173710.0000 4.16891
173720.0000 3.51826
173730.0000 3.77087
173740.0000 4.14880
173750.0000 4.77984
173760.0000 4.85357
173770.0000 4.66354
173780.0000 4.23325
173790.0000 4.15407
173800.0000 4.36088
173810.0000 3.91941
173820.0000 4.20743
173830.0000 4.31685
173840.0000 3.93210
173850.0000 4.60034
173860.0000 4.43965
173870.0000 4.56342
173880.0000 4.55618
173890.0000 4.56395
173900.0000 4.38438
173910.0000 4.24403
173920.0000 4.25503
173930.0000 3.59175
173940.0000 4.11185
173950.0000 3.67567
173960.0000 3.40795
173970.0000 3.19773
173980.0000 3.02453
173990.0000 2.43227
174000.0000 2.63611
174010.0000 2.46726
174020.0000 2.75218
174030.0000 2.81531
174040.0000 2.61589
174050.0000 2.45715
174060.0000 2.23807
174070.0000 2.71633
174080.0000 3.11746
174090.0000 3.26367
174100.0000 3.03869
174110.0000 3.18221
174120.0000 3.50542
174130.0000 3.39252
174140.0000 3.64449
174150.0000 4.25623
174160.0000 4.25064
174170.0000 4.21344
174180.0000 4.36489
174190.0000 4.59902
174200.0000 4.35651
174210.0000 4.25478
174220.0000 3.99571
174230.0000 4.43017
174240.0000 4.56715
174250.0000 4.98433
174260.0000 4.99440
174270.0000 5.67731
174280.0000 5.77933
174290.0000 5.33052
174300.0000 4.82379
174310.0000 4.92566
174320.0000 5.08780
174330.0000 5.04488
174340.0000 4.99321
174350.0000 5.20512
174360.0000 5.36288
174370.0000 5.15785
174380.0000 5.17278
174390.0000 5.31377
174400.0000 5.38964
174410.0000 5.54894
174420.0000 5.14690
174430.0000 4.40913
174440.0000 4.11516
174450.0000 3.77365
174460.0000 4.06018
174470.0000 3.46766
174480.0000 3.84023
174490.0000 3.67340
174500.0000 3.82245
174510.0000 3.65852
174520.0000 3.15590
174530.0000 3.95431
174540.0000 4.27772
174550.0000 4.34192
174560.0000 4.62068
174570.0000 5.25351
174580.0000 4.74760
174590.0000 4.48996
174600.0000 4.07899
174610.0000 3.58807
174620.0000 3.37473
174630.0000 4.06959
174640.0000 3.50820
174650.0000 3.14538
174660.0000 3.03946
174670.0000 3.33093
174680.0000 3.51525
174690.0000 3.52223
174700.0000 2.73806
174710.0000 1.82725
174720.0000 2.18555
174730.0000 2.48273
174740.0000 2.38284
174750.0000 1.81056
174760.0000 2.14149
174770.0000 2.26877
174780.0000 2.54975
174790.0000 2.77936
174800.0000 2.19969
174810.0000 2.08353
174820.0000 1.65286
174830.0000 2.06390
174840.0000 2.73245
174850.0000 3.19507
174860.0000 2.78769
174870.0000 2.47328
174880.0000 1.79572
174890.0000 1.74690
174900.0000 1.72591
174910.0000 0.99627
174920.0000 1.26917
174930.0000 1.32877
174940.0000 1.42306
174950.0000 1.57943
174960.0000 1.48290
174970.0000 1.33383
174980.0000 1.31501
174990.0000 0.85996
175000.0000 0.28379
175010.0000 0.24790
175020.0000 0.51797
175030.0000 0.48820
175040.0000 0.62750
175050.0000 0.59350
175060.0000 0.55625
175070.0000 0.98654
175080.0000 1.11078
175090.0000 0.94256
175100.0000 0.63386
175110.0000 0.06587
175120.0000 -0.12778
175130.0000 0.09997
175140.0000 -0.31115
175150.0000 -0.00247
175160.0000 0.26582
175170.0000 0.53019
175180.0000 0.71947
175190.0000 0.70414
175200.0000 0.03060
175210.0000 -0.31721
175220.0000 0.10954
175230.0000 -0.11123
175240.0000 0.07848
175250.0000 -0.20265
175260.0000 0.29532
175270.0000 -0.02862
175280.0000 0.08585
175290.0000 -0.15315
175300.0000 -0.46121
175310.0000 -0.57285
175320.0000 0.59863
175330.0000 1.10116
175340.0000 0.99479
175350.0000 1.29525
175360.0000 1.01391
175370.0000 1.59854
175380.0000 1.91225
175390.0000 1.75053
175400.0000 2.22271
175410.0000 3.12990
175420.0000 2.93937
175430.0000 2.57862
175440.0000 2.71063
175450.0000 3.91000
175460.0000 4.31338
175470.0000 4.31901
175480.0000 4.44498
175490.0000 4.25470
175500.0000 4.15416
175510.0000 4.04380
175520.0000 3.23077
175530.0000 3.35782
175540.0000 3.57339
175550.0000 3.52078
175560.0000 3.84283
175570.0000 4.37182
175580.0000 4.12118
175590.0000 3.53750
175600.0000 3.88395
175610.0000 3.76514
175620.0000 3.62003
175630.0000 4.00076
175640.0000 4.06968
175650.0000 4.09246
175660.0000 4.06757
175670.0000 4.62952
175680.0000 4.54624
175690.0000 4.68954
175700.0000 4.57401
175710.0000 4.31860
175720.0000 4.11154
175730.0000 3.28883
175740.0000 2.83414
175750.0000 3.17650
175760.0000 3.94905
175770.0000 3.39210
175780.0000 3.28706
175790.0000 3.02864
175800.0000 2.79156
175810.0000 3.03494
175820.0000 3.18320
175830.0000 3.82647
175840.0000 3.66967
175850.0000 3.59528
175860.0000 4.22727
175870.0000 4.27666
175880.0000 4.59164
175890.0000 5.05487
175900.0000 4.49842
175910.0000 4.12984
175920.0000 4.28378
175930.0000 4.32314
175940.0000 4.58122
175950.0000 4.92065
175960.0000 5.36345
175970.0000 5.38582
175980.0000 5.37781
175990.0000 5.13726
176000.0000 5.36749
176010.0000 5.48644
176020.0000 5.28424
176030.0000 5.62758
176040.0000 5.61028
176050.0000 5.57230
176060.0000 5.12734
176070.0000 4.63773
176080.0000 4.61057
176090.0000 3.90773
176100.0000 3.82946
176110.0000 3.91217
176120.0000 4.02086
176130.0000 4.69447
176140.0000 4.81098
176150.0000 4.96318
176160.0000 4.88574
176170.0000 5.29443
176180.0000 5.31419
176190.0000 5.07966
176200.0000 4.72919
176210.0000 5.11279
176220.0000 5.43369
176230.0000 5.86323
176240.0000 5.62611
176250.0000 5.78589
176260.0000 6.02570
176270.0000 5.52839
176280.0000 5.66030
176290.0000 5.59118
176300.0000 5.15596
176310.0000 5.43578
176320.0000 4.82475
176330.0000 4.43150
176340.0000 3.57846
176350.0000 3.74294
176360.0000 3.25202
176370.0000 3.64754
176380.0000 3.99505
176390.0000 4.46488
176400.0000 5.00497
176410.0000 5.09720
176420.0000 4.94356
176430.0000 5.19707
176440.0000 5.24903
176450.0000 5.61528
176460.0000 5.43216
176470.0000 5.72976
176480.0000 6.00498
176490.0000 5.89186
176500.0000 5.54641
176510.0000 5.72703
176520.0000 5.46325
176530.0000 5.71971
176540.0000 5.32712
176550.0000 5.55785
176560.0000 5.52591
176570.0000 5.35829
176580.0000 5.54494
176590.0000 5.34546
176600.0000 4.64927
176610.0000 3.94269
176620.0000 3.88174
176630.0000 3.78156
176640.0000 3.86853
176650.0000 4.20742
176660.0000 4.66537
176670.0000 5.16725
176680.0000 5.25552
176690.0000 5.07104
176700.0000 5.06881
176710.0000 5.50369
176720.0000 5.64791
176730.0000 5.79861
176740.0000 5.12999
176750.0000 5.16229
176760.0000 4.48741
176770.0000 4.78855
176780.0000 4.40076
176790.0000 3.70112
176800.0000 3.21569
176810.0000 2.79362
176820.0000 2.56180
176830.0000 2.30756
176840.0000 1.92215
176850.0000 1.66970
176860.0000 1.20137
176870.0000 0.94539
176880.0000 0.78581
176890.0000 0.73324
176900.0000 1.15384
176910.0000 1.44346
176920.0000 1.41820
176930.0000 1.00979
176940.0000 1.04324
176950.0000 1.30276
176960.0000 0.98388
176970.0000 1.14482
176980.0000 1.55664
176990.0000 1.93181
177000.0000 2.00676
177010.0000 1.35472
177020.0000 0.92616
177030.0000 1.10420
177040.0000 1.73998
177050.0000 2.16106
177060.0000 2.37363
177070.0000 2.81503
177080.0000 3.07561
177090.0000 2.69980
177100.0000 2.74262
177110.0000 2.76232
177120.0000 2.86498
177130.0000 3.29576
177140.0000 3.34968
177150.0000 2.87436
177160.0000 3.03435
177170.0000 2.90320
177180.0000 3.36399
177190.0000 3.79288
177200.0000 3.97020
177210.0000 4.41988
177220.0000 4.96365
177230.0000 5.30001
177240.0000 5.31764
177250.0000 5.10363
177260.0000 5.26165
177270.0000 5.08059
177280.0000 4.77098
177290.0000 4.67175
177300.0000 4.62351
177310.0000 4.36781
177320.0000 3.78039
177330.0000 3.44270
177340.0000 3.77924
177350.0000 3.87989
177360.0000 3.85139
177370.0000 3.57983
177380.0000 3.37260
177390.0000 3.85306
177400.0000 4.53101
177410.0000 4.66099
177420.0000 4.56180
177430.0000 4.53246
177440.0000 5.10373
177450.0000 6.63442
177460.0000 6.69839
177470.0000 6.80257
177480.0000 6.81313
177490.0000 7.03157
177500.0000 6.66522
177510.0000 6.95111
177520.0000 7.21190
177530.0000 6.71838
177540.0000 6.56099
177550.0000 7.03230
177560.0000 6.71713
177570.0000 6.38419
177580.0000 6.22597
177590.0000 5.66074
177600.0000 5.90347
177610.0000 5.43255
177620.0000 5.39680
177630.0000 5.68075
177640.0000 5.33567
177650.0000 4.67978
177660.0000 4.16135
177670.0000 4.66597
177680.0000 4.55108
177690.0000 4.79097
177700.0000 4.13572
177710.0000 4.12220
177720.0000 4.59105
177730.0000 4.30231
177740.0000 4.70493
177750.0000 4.47206
177760.0000 5.32488
177770.0000 5.78718
177780.0000 5.62187
177790.0000 5.33720
177800.0000 5.30783
177810.0000 5.65481
177820.0000 5.36955
177830.0000 5.29682
177840.0000 4.87943
177850.0000 4.89804
177860.0000 5.36845
177870.0000 4.79790
177880.0000 4.14959
177890.0000 4.01886
177900.0000 4.03882
177910.0000 3.80288
177920.0000 3.90903
177930.0000 3.79367
177940.0000 3.85180
177950.0000 3.66396
177960.0000 3.58982
177970.0000 3.39609
177980.0000 2.93952
177990.0000 3.07112
178000.0000 3.18530
178010.0000 2.48464
178020.0000 2.95658
178030.0000 3.32567
178040.0000 3.16563
178050.0000 3.76824
178060.0000 3.38959
178070.0000 2.96644
178080.0000 2.72362
178090.0000 2.41226
178100.0000 2.50057
178110.0000 1.96357
178120.0000 1.21093
178130.0000 0.45312
178140.0000 0.87203
178150.0000 0.87800
178160.0000 0.47899
178170.0000 0.74467
178180.0000 1.33879
178190.0000 2.06194
178200.0000 2.75806
178210.0000 2.61591
178220.0000 2.27402
178230.0000 1.75153
178240.0000 1.57989
178250.0000 1.56698
178260.0000 1.78365
178270.0000 2.18850
178280.0000 2.43902
178290.0000 2.24844
178300.0000 2.36692
178310.0000 2.76124
178320.0000 3.20887
178330.0000 3.25403
178340.0000 3.49783
178350.0000 3.60458
178360.0000 3.69977
178370.0000 3.77083
178380.0000 3.85153
178390.0000 4.13907
178400.0000 3.96286
178410.0000 3.76930
178420.0000 2.99401
178430.0000 3.58964
178440.0000 3.06983
178450.0000 3.31827
178460.0000 3.22460
178470.0000 3.88718
178480.0000 3.89717
178490.0000 4.66836
178500.0000 5.11727
178510.0000 5.60384
178520.0000 5.36831
178530.0000 5.14713
178540.0000 5.09905
178550.0000 5.45457
178560.0000 5.87999
178570.0000 5.75864
178580.0000 5.79174
178590.0000 5.73920
178600.0000 5.66342
178610.0000 5.66610
178620.0000 6.11703
178630.0000 6.72404
178640.0000 7.26604
178650.0000 7.43067
178660.0000 7.44185
178670.0000 6.89533
178680.0000 7.62567
178690.0000 7.94510
178700.0000 7.65053
178710.0000 7.86133
178720.0000 7.89979
178730.0000 8.07541
178740.0000 7.95339
178750.0000 7.38761
178760.0000 7.81066
178770.0000 7.44535
178780.0000 7.63078
178790.0000 7.89108
178800.0000 7.37160
178810.0000 7.69147
178820.0000 7.60895
178830.0000 8.14262
178840.0000 7.75806
178850.0000 8.01208
178860.0000 7.97825
178870.0000 7.92161
178880.0000 7.71644
178890.0000 6.62635
178900.0000 6.89796
178910.0000 7.05811
178920.0000 7.19610
178930.0000 6.27978
178940.0000 5.81951
178950.0000 6.35116
178960.0000 6.75586
178970.0000 6.40541
178980.0000 5.73545
178990.0000 5.80141
179000.0000 6.18721
179010.0000 5.69795
179020.0000 5.63567
179030.0000 5.29374
179040.0000 5.48790
179050.0000 4.92908
179060.0000 5.15408
179070.0000 5.35798
179080.0000 4.91329
179090.0000 4.87062
179100.0000 5.45720
179110.0000 5.55752
179120.0000 5.57391
179130.0000 5.50803
179140.0000 4.95199
179150.0000 4.80256
179160.0000 4.48311
179170.0000 4.82251
179180.0000 5.54373
179190.0000 6.00633
179200.0000 5.52845
179210.0000 5.31860
179220.0000 5.22035
179230.0000 5.47128
179240.0000 6.27837
179250.0000 6.43023
179260.0000 5.99529
179270.0000 6.54043
179280.0000 7.11223
179290.0000 7.27986
179300.0000 7.47327
179310.0000 7.70338
179320.0000 7.03576
179330.0000 6.88889
179340.0000 7.14048
179350.0000 7.25170
179360.0000 7.53833
179370.0000 7.99693
179380.0000 7.52528
179390.0000 7.43765
179400.0000 7.48107
179410.0000 7.67920
179420.0000 7.97691
179430.0000 7.80858
179440.0000 7.23705
179450.0000 6.78587
179460.0000 6.97010
179470.0000 6.87427
179480.0000 5.96271
179490.0000 6.10558
179500.0000 6.66056
179510.0000 6.36097
179520.0000 6.89853
179530.0000 7.45204
179540.0000 7.15005
179550.0000 6.75925
179560.0000 7.00951
179570.0000 7.17383
179580.0000 7.22843
179590.0000 8.28495
179600.0000 8.02533
179610.0000 8.49923
179620.0000 8.02126
179630.0000 7.44352
179640.0000 8.23654
179650.0000 8.24252
179660.0000 8.37426
179670.0000 8.18071
179680.0000 8.51649
179690.0000 8.51483
179700.0000 8.50456
179710.0000 8.04313
179720.0000 7.85363
179730.0000 7.36934
179740.0000 7.50487
179750.0000 7.62665
179760.0000 8.19592
179770.0000 8.14385
179780.0000 8.25830
179790.0000 8.10317
179800.0000 7.33478
179810.0000 6.99923
179820.0000 7.33318
179830.0000 6.89384
179840.0000 7.01737
179850.0000 7.84481
179860.0000 7.91243
179870.0000 7.54941
179880.0000 7.68242
179890.0000 6.13179
179900.0000 5.40295
179910.0000 5.25748
179920.0000 5.89507
179930.0000 5.11917
179940.0000 4.43208
179950.0000 4.33671
179960.0000 4.80283
179970.0000 4.56899
179980.0000 4.47938
179990.0000 4.11168
180000.0000 3.97642
180010.0000 4.84885
180020.0000 4.97794
180030.0000 4.88701
180040.0000 4.14996
180050.0000 4.01181
180060.0000 3.46414
180070.0000 3.35926
180080.0000 3.32455
180090.0000 3.45730
180100.0000 3.46254
180110.0000 4.49050
180120.0000 3.96589
180130.0000 4.50510
180140.0000 4.46184
180150.0000 4.39158
180160.0000 3.64285
180170.0000 3.06703
180180.0000 2.54023
180190.0000 2.55779
180200.0000 3.04666
180210.0000 3.39159
180220.0000 3.45354
180230.0000 3.54684
180240.0000 3.24280
180250.0000 3.16278
180260.0000 3.35073
180270.0000 2.98653
180280.0000 2.19293
180290.0000 2.37060
180300.0000 1.79914
180310.0000 1.31688
180320.0000 0.71347
180330.0000 0.75689
180340.0000 0.64391
180350.0000 0.03528
180360.0000 -0.42532
180370.0000 -0.48865
180380.0000 -0.18897
180390.0000 -0.22111
180400.0000 0.53470
180410.0000 -0.03592
180420.0000 -0.65575
180430.0000 -0.85079
180440.0000 -0.95638
180450.0000 -0.68771
180460.0000 -0.86679
180470.0000 -0.82621
180480.0000 -1.50583
180490.0000 -1.51089
180500.0000 -1.75880
180510.0000 -1.37593
180520.0000 -1.57941
180530.0000 -1.58305
180540.0000 -2.26310
180550.0000 -2.65245
180560.0000 -2.66507
180570.0000 -2.55212
180580.0000 -2.50429
180590.0000 -2.25096
180600.0000 -2.13590
180610.0000 -2.50122
180620.0000 -2.56066
180630.0000 -2.41046
180640.0000 -2.49487
180650.0000 -1.97748
180660.0000 -2.64322
180670.0000 -2.26041
180680.0000 -1.69764
180690.0000 -0.89285
180700.0000 -1.24184
180710.0000 -1.78126
180720.0000 -2.19107
180730.0000 -2.40177
180740.0000 -2.89936
180750.0000 -3.13415
180760.0000 -3.16167
180770.0000 -3.40400
180780.0000 -3.19533
180790.0000 -2.82173
180800.0000 -2.77970
180810.0000 -2.62059
180820.0000 -2.19710
180830.0000 -2.44313
180840.0000 -2.33354
180850.0000 -2.85400
180860.0000 -3.17831
180870.0000 -3.26425
180880.0000 -3.54414
180890.0000 -3.77989
180900.0000 -3.91682
180910.0000 -3.69943
180920.0000 -3.70027
180930.0000 -4.14126
180940.0000 -4.97175
180950.0000 -4.64056
180960.0000 -4.16698
180970.0000 -4.60486
180980.0000 -4.93727
180990.0000 -5.36636
181000.0000 -5.50138
181010.0000 -5.40651
181020.0000 -5.38269
181030.0000 -4.81459
181040.0000 -4.93340
181050.0000 -5.39149
181060.0000 -5.26360
181070.0000 -5.45365
181080.0000 -6.07333
181090.0000 -6.78365
181100.0000 -6.90276
181110.0000 -6.99670
181120.0000 -6.56044
181130.0000 -6.31210
181140.0000 -6.12412
181150.0000 -6.71831
181160.0000 -6.55766
181170.0000 -5.37857
181180.0000 -5.59013
181190.0000 -5.75371
181200.0000 -5.60186
181210.0000 -5.12094
181220.0000 -5.16861
181230.0000 -5.13236
181240.0000 -5.24755
181250.0000 -4.86537
181260.0000 -5.09846
181270.0000 -5.37999
181280.0000 -5.43765
181290.0000 -5.44758
181300.0000 -4.67941
181310.0000 -4.23973
181320.0000 -4.23585
181330.0000 -3.89663
181340.0000 -4.49317
181350.0000 -3.61639
181360.0000 -3.68645
181370.0000 -3.31540
181380.0000 -2.94344
181390.0000 -3.00255
181400.0000 -2.99861
181410.0000 -2.67166
181420.0000 -3.09115
181430.0000 -3.14892
181440.0000 -3.59404
181450.0000 -3.87302
181460.0000 -3.42404
181470.0000 -2.66318
181480.0000 -2.73871
181490.0000 -3.44710
181500.0000 -3.60662
181510.0000 -3.46775
181520.0000 -3.36895
181530.0000 -3.31322
181540.0000 -3.90341
181550.0000 -3.95136
181560.0000 -4.18109
181570.0000 -4.51769
181580.0000 -4.79193
181590.0000 -5.33818
181600.0000 -5.45970
181610.0000 -5.93003
181620.0000 -5.26798
181630.0000 -5.26118
181640.0000 -5.12737
181650.0000 -5.17940
181660.0000 -5.04405
181670.0000 -4.98513
181680.0000 -4.68568
181690.0000 -4.61493
181700.0000 -4.76534
181710.0000 -4.98070
181720.0000 -5.64711
181730.0000 -5.28414
181740.0000 -5.95530
181750.0000 -5.52208
181760.0000 -5.27298
181770.0000 -5.04714
181780.0000 -5.05741
181790.0000 -4.78662
181800.0000 -4.47006
181810.0000 -4.60852
181820.0000 -4.94549
181830.0000 -4.69239
181840.0000 -4.81455
181850.0000 -4.53219
181860.0000 -4.30108
181870.0000 -4.45900
181880.0000 -4.45902
181890.0000 -4.16004
181900.0000 -4.22876
181910.0000 -4.76028
181920.0000 -5.29985
181930.0000 -5.72479
181940.0000 -5.34825
181950.0000 -5.85712
181960.0000 -5.49487
181970.0000 -5.39362
181980.0000 -4.65053
181990.0000 -4.52116
182000.0000 -4.45338
182010.0000 -4.82228
182020.0000 -4.55519
182030.0000 -4.59482
182040.0000 -4.61737
182050.0000 -5.08623
182060.0000 -5.04122
182070.0000 -5.19730
182080.0000 -5.42209
182090.0000 -5.54021
182100.0000 -6.12307
182110.0000 -6.75082
182120.0000 -6.69083
182130.0000 -7.16458
182140.0000 -6.76940
182150.0000 -6.57006
182160.0000 -6.73252
182170.0000 -6.40060
182180.0000 -7.23672
182190.0000 -7.69603
182200.0000 -7.60115
182210.0000 -7.73987
182220.0000 -7.72942
182230.0000 -6.77724
182240.0000 -6.22327
182250.0000 -6.44471
182260.0000 -6.18461
182270.0000 -6.12707
182280.0000 -6.08470
182290.0000 -5.40088
182300.0000 -5.81491
182310.0000 -5.54323
182320.0000 -5.11059
182330.0000 -4.91209
182340.0000 -5.00320
182350.0000 -4.69364
182360.0000 -4.43236
182370.0000 -4.44132
182380.0000 -4.76286
182390.0000 -5.10511
182400.0000 -5.53529
182410.0000 -4.46077
182420.0000 -5.06829
182430.0000 -4.93738
182440.0000 -5.57180
182450.0000 -5.76173
182460.0000 -6.39153
182470.0000 -6.41190
182480.0000 -5.94338
182490.0000 -6.87657
182500.0000 -6.81638
182510.0000 -6.97872
182520.0000 -7.02367
182530.0000 -6.46891
182540.0000 -6.08680
182550.0000 -6.19727
182560.0000 -6.46968
182570.0000 -7.39816
182580.0000 -7.49871
182590.0000 -6.73610
182600.0000 -7.09920
182610.0000 -7.31578
182620.0000 -7.51878
182630.0000 -7.66225
182640.0000 -7.42844
182650.0000 -7.71385
182660.0000 -7.93067
182670.0000 -7.88274
182680.0000 -7.73713
182690.0000 -7.22200
182700.0000 -6.35275
182710.0000 -6.18220
182720.0000 -6.03156
182730.0000 -6.05158
182740.0000 -6.22955
182750.0000 -5.96370
182760.0000 -6.14383
182770.0000 -6.22602
182780.0000 -5.98343
182790.0000 -5.95497
182800.0000 -5.69512
182810.0000 -5.26762
182820.0000 -5.45100
182830.0000 -5.53661
182840.0000 -5.12572
182850.0000 -5.41286
182860.0000 -6.04697
182870.0000 -6.68817
182880.0000 -6.58499
182890.0000 -7.00823
182900.0000 -7.04367
182910.0000 -7.27392
182920.0000 -7.50912
182930.0000 -8.32690
182940.0000 -8.83711
182950.0000 -9.27576
182960.0000 -9.30011
182970.0000 -8.83606
182980.0000 -9.10759
182990.0000 -9.21450
183000.0000 -9.30190
183010.0000 -9.11765
183020.0000 -8.37395
183030.0000 -8.68048
183040.0000 -8.86858
183050.0000 -9.06772
183060.0000 -9.03386
183070.0000 -8.77491
183080.0000 -9.28461
183090.0000 -9.49374
183100.0000 -9.34975
183110.0000 -8.87426
183120.0000 -9.71746
183130.0000 -9.82707
183140.0000 -9.64793
183150.0000 -9.92124
183160.0000 -10.05116
183170.0000 -9.89421
183180.0000 -10.10262
183190.0000 -9.76013
183200.0000 -9.71370
183210.0000 -9.51445
183220.0000 -9.67023
183230.0000 -9.49728
183240.0000 -9.39368
183250.0000 -9.54972
183260.0000 -9.78264
183270.0000 -10.00175
183280.0000 -9.60299
183290.0000 -9.22159
183300.0000 -9.39677
183310.0000 -8.87892
183320.0000 -9.84748
183330.0000 -9.78950
183340.0000 -10.27820
183350.0000 -10.17740
183360.0000 -9.90065
183370.0000 -9.93392
183380.0000 -9.34573
183390.0000 -9.12927
183400.0000 -9.94406
183410.0000 -9.03339
183420.0000 -9.03605
183430.0000 -9.19611
183440.0000 -9.43135
183450.0000 -9.62658
183460.0000 -9.47487
183470.0000 -9.45600
183480.0000 -9.56647
183490.0000 -9.00349
183500.0000 -8.83103
183510.0000 -8.50686
183520.0000 -8.44787
183530.0000 -8.28101
183540.0000 -7.74623
183550.0000 -7.50751
183560.0000 -7.08821
183570.0000 -7.86374
183580.0000 -8.36989
183590.0000 -8.26904
183600.0000 -7.31377
183610.0000 -6.64932
183620.0000 -6.23197
183630.0000 -6.28553
183640.0000 -6.48346
183650.0000 -6.74302
183660.0000 -6.63663
183670.0000 -6.14778
183680.0000 -5.04507
183690.0000 -5.40397
183700.0000 -5.24353
183710.0000 -5.02021
183720.0000 -5.20032
183730.0000 -4.67732
183740.0000 -4.92694
183750.0000 -4.68375
183760.0000 -4.45077
183770.0000 -3.95790
183780.0000 -3.61817
183790.0000 -4.01985
183800.0000 -3.88273
183810.0000 -3.24454
183820.0000 -2.81484
183830.0000 -2.93925
183840.0000 -3.02976
183850.0000 -2.65236
183860.0000 -3.03782
183870.0000 -2.57582
183880.0000 -2.00398
183890.0000 -1.87739
183900.0000 -1.66533
183910.0000 -1.69980
183920.0000 -1.55374
183930.0000 -1.69085
183940.0000 -1.86165
183950.0000 -1.49463
183960.0000 -1.04373
183970.0000 -1.15911
183980.0000 -1.30987
183990.0000 -1.62835
184000.0000 -2.17518
184010.0000 -2.19046
184020.0000 -2.55802
184030.0000 -2.65698
184040.0000 -2.82855
184050.0000 -2.67238
184060.0000 -3.16570
184070.0000 -3.19779
184080.0000 -3.32474
184090.0000 -3.60173
184100.0000 -3.22976
184110.0000 -3.45148
184120.0000 -2.86473
184130.0000 -2.57938
184140.0000 -2.41979
184150.0000 -2.74815
184160.0000 -2.72508
184170.0000 -3.13101
184180.0000 -2.82128
184190.0000 -2.97540
184200.0000 -2.48601
184210.0000 -2.84952
184220.0000 -2.98136
184230.0000 -2.86128
184240.0000 -2.80695
184250.0000 -2.57139
184260.0000 -2.85876
184270.0000 -3.32333
184280.0000 -4.26409
184290.0000 -4.32794
184300.0000 -3.30738
184310.0000 -2.78794
184320.0000 -2.79298
184330.0000 -3.35458
184340.0000 -2.74515
184350.0000 -2.40520
184360.0000 -2.31384
184370.0000 -2.38639
184380.0000 -2.19781
184390.0000 -2.58261
184400.0000 -2.46728
184410.0000 -1.96405
184420.0000 -1.80964
184430.0000 -1.13612
184440.0000 -0.44339
184450.0000 0.31318
184460.0000 0.74752
184470.0000 0.36726
184480.0000 -0.09264
184490.0000 -0.25120
184500.0000 0.11769
184510.0000 0.24602
184520.0000 0.22780
184530.0000 0.09988
184540.0000 0.10827
184550.0000 -0.13759
184560.0000 0.61488
184570.0000 0.68593
184580.0000 0.57733
184590.0000 0.10250
184600.0000 1.09344
184610.0000 1.69519
184620.0000 1.55390
184630.0000 1.22875
184640.0000 1.67703
184650.0000 2.08013
184660.0000 2.01631
184670.0000 1.64358
184680.0000 1.20975
184690.0000 0.59553
184700.0000 -0.42123
184710.0000 -0.62470
184720.0000 -0.69383
184730.0000 -0.90590
184740.0000 -0.84544
184750.0000 -0.94748
184760.0000 -0.97292
184770.0000 -1.21708
184780.0000 -1.00128
184790.0000 -1.55449
184800.0000 -0.94693
184810.0000 -1.50018
184820.0000 -1.39591
184830.0000 -1.23626
184840.0000 -1.11025
184850.0000 -0.77260
184860.0000 -0.82345
184870.0000 -0.38454
184880.0000 -0.30172
184890.0000 0.36880
184900.0000 0.20444
184910.0000 0.70783
184920.0000 1.02204
184930.0000 0.62680
184940.0000 0.20838
184950.0000 0.95701
184960.0000 0.42716
184970.0000 0.34737
184980.0000 0.57613
184990.0000 0.40558
185000.0000 0.59061
185010.0000 0.47508
185020.0000 0.45255
185030.0000 0.68423
185040.0000 0.38128
185050.0000 -0.51186
185060.0000 -1.02404
185070.0000 -1.44881
185080.0000 -2.08854
185090.0000 -2.69363
185100.0000 -2.55125
185110.0000 -2.37909
185120.0000 -2.25420
185130.0000 -2.02464
185140.0000 -1.75695
185150.0000 -1.26410
185160.0000 -1.74746
185170.0000 -1.27766
185180.0000 -0.98545
185190.0000 -1.05831
185200.0000 -1.19848
185210.0000 -1.83006
185220.0000 -0.94050
185230.0000 -0.96645
185240.0000 -0.40760
185250.0000 -0.57862
185260.0000 -0.71467
185270.0000 -0.47994
185280.0000 -0.82660
185290.0000 -0.71920
185300.0000 -0.78325
185310.0000 -0.85848
185320.0000 -1.06768
185330.0000 -0.96771
185340.0000 -0.64877
185350.0000 0.08664
185360.0000 -0.23285
185370.0000 -0.21003
185380.0000 -0.03292
185390.0000 -0.10545
185400.0000 -0.13975
185410.0000 0.17836
185420.0000 0.39551
185430.0000 -0.61674
185440.0000 -1.12545
185450.0000 -1.20770
185460.0000 -0.68627
185470.0000 -0.53788
185480.0000 -0.26596
185490.0000 -0.05383
185500.0000 0.35078
185510.0000 -0.17175
185520.0000 -0.07248
185530.0000 0.03718
185540.0000 0.58103
185550.0000 0.28110
185560.0000 0.21430
185570.0000 0.20269
185580.0000 0.28617
185590.0000 0.85994
185600.0000 0.57968
185610.0000 0.38061
185620.0000 0.55955
185630.0000 0.07092
185640.0000 -0.22678
185650.0000 -0.17391
185660.0000 -0.15827
185670.0000 -0.22176
185680.0000 0.32585
185690.0000 0.65804
185700.0000 0.43680
185710.0000 -0.49251
185720.0000 -0.00169
185730.0000 -0.39648
185740.0000 -0.32462
185750.0000 0.21338
185760.0000 0.69805
185770.0000 0.87356
185780.0000 1.05180
185790.0000 1.19269
185800.0000 2.05185
185810.0000 1.49163
185820.0000 1.62463
185830.0000 1.99253
185840.0000 1.51317
185850.0000 1.31367
185860.0000 0.87149
185870.0000 0.69812
185880.0000 0.68961
185890.0000 0.68553
185900.0000 0.24836
185910.0000 -0.13758
185920.0000 -0.39222
185930.0000 -0.39589
185940.0000 -0.88515
185950.0000 -0.11673
185960.0000 -0.56739
185970.0000 0.06031
185980.0000 0.30666
185990.0000 0.27862
186000.0000 -0.17442
186010.0000 -0.12719
186020.0000 -0.33791
186030.0000 -0.25026
186040.0000 -0.10035
186050.0000 0.45673
186060.0000 0.38384
186070.0000 0.60317
186080.0000 0.40745
186090.0000 0.74256
186100.0000 1.33996
186110.0000 1.32536
186120.0000 1.68755
186130.0000 1.50633
186140.0000 1.71639
186150.0000 1.60630
186160.0000 2.27243
186170.0000 2.98289
186180.0000 3.43802
186190.0000 3.23963
186200.0000 2.78282
186210.0000 3.43679
186220.0000 3.73045
186230.0000 4.08340
186240.0000 3.90037
186250.0000 4.01475
186260.0000 4.32376
186270.0000 4.16971
186280.0000 3.54033
186290.0000 3.07233
186300.0000 3.13672
186310.0000 3.43489
186320.0000 3.88527
186330.0000 4.41886
186340.0000 5.10974
186350.0000 5.52469
186360.0000 6.41719
186370.0000 6.44445
186380.0000 6.05831
186390.0000 5.73570
186400.0000 5.48483
186410.0000 4.99919
186420.0000 4.63442
186430.0000 5.28555
186440.0000 5.49069
186450.0000 5.14634
186460.0000 5.50181
186470.0000 5.69894
186480.0000 5.72475
186490.0000 6.23743
186500.0000 6.43715
186510.0000 6.35423
186520.0000 6.19289
186530.0000 5.96310
186540.0000 6.08564
186550.0000 5.37493
186560.0000 5.98218
186570.0000 6.52788
186580.0000 6.43248
186590.0000 5.88112
186600.0000 5.97487
186610.0000 5.45555
186620.0000 5.87831
186630.0000 5.85375
186640.0000 5.63103
186650.0000 6.24695
186660.0000 5.98874
186670.0000 4.77476
186680.0000 4.47043
186690.0000 4.91063
186700.0000 4.73921
186710.0000 5.37793
186720.0000 5.84866
186730.0000 5.17828
186740.0000 4.81353
186750.0000 4.53751
186760.0000 4.34117
186770.0000 4.22276
186780.0000 3.73886
186790.0000 4.37985
186800.0000 4.45996
186810.0000 4.74995
186820.0000 4.80163
186830.0000 4.79791
186840.0000 4.77751
186850.0000 3.79709
186860.0000 3.36212
186870.0000 3.46147
186880.0000 3.57359
186890.0000 3.71160
186900.0000 4.08978
186910.0000 4.09840
186920.0000 3.94738
186930.0000 3.67636
186940.0000 3.90284
186950.0000 4.39355
186960.0000 4.76176
186970.0000 4.14992
186980.0000 4.22233
186990.0000 3.66605
187000.0000 3.57648
187010.0000 2.96394
187020.0000 2.68923
187030.0000 2.72890
187040.0000 3.10545
187050.0000 3.16661
187060.0000 2.67048
187070.0000 2.06966
187080.0000 1.41449
187090.0000 1.13717
187100.0000 1.01281
187110.0000 1.71176
187120.0000 2.47516
187130.0000 2.96412
187140.0000 3.69522
187150.0000 4.17174
187160.0000 3.56623
187170.0000 4.29875
187180.0000 4.04514
187190.0000 4.43021
187200.0000 4.61277
187210.0000 4.72850
187220.0000 4.59675
187230.0000 4.36111
187240.0000 4.42298
187250.0000 3.86968
187260.0000 4.46193
187270.0000 4.97263
187280.0000 5.20935
187290.0000 5.48358
187300.0000 5.39523
187310.0000 5.25204
187320.0000 5.43852
187330.0000 5.66259
187340.0000 6.21638
187350.0000 5.73052
187360.0000 6.08196
187370.0000 5.59952
187380.0000 5.27825
187390.0000 5.50355
187400.0000 5.47764
187410.0000 6.16397
187420.0000 6.27744
187430.0000 6.36254
187440.0000 6.45196
187450.0000 6.95173
187460.0000 6.96276
187470.0000 7.00052
187480.0000 6.97830
187490.0000 6.63669
187500.0000 6.71552
187510.0000 6.20239
187520.0000 6.10610
187530.0000 5.88635
187540.0000 6.02255
187550.0000 6.09326
187560.0000 6.52859
187570.0000 7.22726
187580.0000 7.23890
187590.0000 6.91381
187600.0000 7.17882
187610.0000 7.30153
187620.0000 7.41656
187630.0000 6.89839
187640.0000 6.57335
187650.0000 5.76962
187660.0000 5.72888
187670.0000 5.18956
187680.0000 5.40812
187690.0000 4.97469
187700.0000 5.43253
187710.0000 5.42322
187720.0000 5.15380
187730.0000 3.92910
187740.0000 4.09351
187750.0000 3.94262
187760.0000 3.80045
187770.0000 3.78668
187780.0000 4.04839
187790.0000 4.07423
187800.0000 4.07564
187810.0000 4.27115
187820.0000 4.29844
187830.0000 4.45812
187840.0000 4.73592
187850.0000 4.77042
187860.0000 5.26214
187870.0000 4.89516
187880.0000 5.11552
187890.0000 4.95087
187900.0000 4.96285
187910.0000 4.96084
187920.0000 4.34382
187930.0000 4.26986
187940.0000 4.00986
187950.0000 4.17955
187960.0000 3.79679
187970.0000 4.10067
187980.0000 3.74521
187990.0000 3.31261
188000.0000 3.31519
188010.0000 3.80627
188020.0000 4.04000
188030.0000 4.25288
188040.0000 4.30320
188050.0000 4.04526
188060.0000 3.88237
188070.0000 3.58806
188080.0000 4.09617
188090.0000 4.28035
188100.0000 4.40339
188110.0000 4.31081
188120.0000 4.38783
188130.0000 3.91929
188140.0000 3.99780
188150.0000 4.49203
188160.0000 4.04248
188170.0000 3.98142
188180.0000 4.04035
188190.0000 3.34874
188200.0000 2.87687
188210.0000 2.57623
188220.0000 3.26828
188230.0000 3.28560
188240.0000 3.42184
188250.0000 2.67292
188260.0000 2.09029
188270.0000 2.15990
188280.0000 2.38965
188290.0000 1.98182
188300.0000 2.25537
188310.0000 3.02352
188320.0000 3.38741
188330.0000 3.05864
188340.0000 2.89923
188350.0000 2.82636
188360.0000 2.63461
188370.0000 2.03320
188380.0000 2.54948
188390.0000 3.03816
188400.0000 3.41704
188410.0000 3.62773
188420.0000 3.12325
188430.0000 3.02960
188440.0000 3.98386
188450.0000 4.12572
188460.0000 3.73895
188470.0000 4.05802
188480.0000 4.26304
188490.0000 3.17462
188500.0000 3.57367
188510.0000 3.70156
188520.0000 4.43827
188530.0000 4.74251
188540.0000 4.91457
188550.0000 5.13660
188560.0000 5.15130
188570.0000 4.99725
188580.0000 4.72485
188590.0000 4.92705
188600.0000 5.19348
188610.0000 5.25268
188620.0000 5.59327
188630.0000 5.70726
188640.0000 6.52650
188650.0000 6.52180
188660.0000 6.02063
188670.0000 6.10039
188680.0000 5.61827
188690.0000 5.12715
188700.0000 5.21622
188710.0000 5.10438
188720.0000 5.42734
188730.0000 4.87407
188740.0000 5.27774
188750.0000 4.97539
188760.0000 4.55525
188770.0000 3.67503
188780.0000 3.63159
188790.0000 3.76001
188800.0000 4.06260
188810.0000 3.65899
188820.0000 3.95300
188830.0000 4.15308
188840.0000 4.37389
188850.0000 4.14211
188860.0000 4.51483
188870.0000 4.63039
188880.0000 4.42921
188890.0000 4.42197
188900.0000 4.56271
188910.0000 5.02918
188920.0000 4.93183
188930.0000 4.52207
188940.0000 3.94152
188950.0000 4.18732
188960.0000 4.18600
188970.0000 3.82996
188980.0000 3.91025
188990.0000 3.86756
189000.0000 4.02601
189010.0000 3.98882
189020.0000 3.36629
189030.0000 3.75368
189040.0000 3.67124
189050.0000 3.16267
189060.0000 3.37491
189070.0000 3.38404
189080.0000 3.24207
189090.0000 3.45878
189100.0000 2.93451
189110.0000 2.50278
189120.0000 2.28602
189130.0000 2.07488
189140.0000 2.41970
189150.0000 1.95046
189160.0000 1.80146
189170.0000 1.80985
189180.0000 1.35205
189190.0000 1.22905
189200.0000 1.23732
189210.0000 1.05096
189220.0000 0.95118
189230.0000 0.88337
189240.0000 1.44108
189250.0000 1.47346
189260.0000 2.12073
189270.0000 1.89269
189280.0000 2.26977
189290.0000 2.38317
189300.0000 2.43182
189310.0000 2.19484
189320.0000 2.33460
189330.0000 2.39420
189340.0000 1.64452
189350.0000 1.38490
189360.0000 1.66235
189370.0000 2.18053
189380.0000 2.16831
189390.0000 2.19347
189400.0000 2.11838
189410.0000 2.31839
189420.0000 2.41736
189430.0000 2.64166
189440.0000 2.53071
189450.0000 2.48769
189460.0000 2.05491
189470.0000 1.83889
189480.0000 1.42689
189490.0000 1.23360
189500.0000 1.28960
189510.0000 1.11452
189520.0000 1.02470
189530.0000 0.77843
189540.0000 0.44514
189550.0000 0.19816
189560.0000 -0.19235
189570.0000 0.81935
189580.0000 1.36743
189590.0000 1.94153
189600.0000 1.66504
189610.0000 1.37130
189620.0000 1.23971
189630.0000 1.37870
189640.0000 2.20681
189650.0000 2.17200
189660.0000 2.07824
189670.0000 2.20285
189680.0000 2.48355
189690.0000 2.13887
189700.0000 1.75407
189710.0000 2.02842
189720.0000 2.80302
189730.0000 2.97491
189740.0000 2.81956
189750.0000 3.49322
189760.0000 3.76791
189770.0000 3.59399
189780.0000 3.64640
189790.0000 3.99712
189800.0000 4.37931
189810.0000 4.64233
189820.0000 4.80570
189830.0000 5.21000
189840.0000 5.81831
189850.0000 5.97632
189860.0000 6.30280
189870.0000 5.81900
189880.0000 5.60756
189890.0000 5.30402
189900.0000 5.32815
189910.0000 5.98265
189920.0000 5.43656
189930.0000 5.25124
189940.0000 5.54514
189950.0000 5.73972
189960.0000 5.13963
189970.0000 5.27814
189980.0000 5.64246
189990.0000 5.75845
190000.0000 5.82166
190010.0000 5.81170
190020.0000 5.48273
190030.0000 4.73924
190040.0000 4.24740
190050.0000 4.03474
190060.0000 3.42100
190070.0000 2.94817
190080.0000 2.67704
190090.0000 2.76612
190100.0000 2.40687
190110.0000 2.53962
190120.0000 2.26183
190130.0000 2.57513
190140.0000 2.74974
190150.0000 2.91127
190160.0000 2.19443
190170.0000 2.50694
190180.0000 2.55510
190190.0000 2.65000
190200.0000 2.57169
190210.0000 2.12345
190220.0000 2.30767
190230.0000 2.75703
190240.0000 2.77489
190250.0000 2.67772
190260.0000 2.94631
190270.0000 3.69493
190280.0000 3.79652
190290.0000 3.40757
190300.0000 3.57238
190310.0000 3.59528
190320.0000 3.93173
190330.0000 4.04779
190340.0000 4.40392
190350.0000 3.72007
190360.0000 4.27704
190370.0000 4.38940
190380.0000 4.36767
190390.0000 3.89422
190400.0000 4.03816
190410.0000 4.53876
190420.0000 4.32636
190430.0000 4.95408
190440.0000 4.98849
190450.0000 4.93070
190460.0000 5.66829
190470.0000 5.97974
190480.0000 5.10618
190490.0000 5.90421
190500.0000 6.56233
190510.0000 6.32826
190520.0000 6.23504
190530.0000 5.69239
190540.0000 5.97994
190550.0000 6.14423
190560.0000 6.24423
190570.0000 6.17407
190580.0000 6.68636
190590.0000 5.98073
190600.0000 5.69354
190610.0000 5.65263
190620.0000 5.79801
190630.0000 5.98926
190640.0000 5.52491
190650.0000 4.97183
190660.0000 4.60227
190670.0000 4.45476
190680.0000 4.52163
190690.0000 4.22400
190700.0000 4.50092
190710.0000 4.71373
190720.0000 4.83744
190730.0000 4.75978
190740.0000 4.50020
190750.0000 4.18972
190760.0000 3.63178
190770.0000 3.06750
190780.0000 3.05712
190790.0000 2.86843
190800.0000 2.41318
190810.0000 2.20693
190820.0000 2.88252
190830.0000 2.26666
190840.0000 2.72210
190850.0000 2.39801
190860.0000 3.23733
190870.0000 2.51981
190880.0000 2.59489
190890.0000 2.94923
190900.0000 2.90876
190910.0000 2.72630
190920.0000 2.40014
190930.0000 2.65819
190940.0000 2.11672
190950.0000 2.10427
190960.0000 2.18132
190970.0000 2.53979
190980.0000 2.46255
190990.0000 2.46786
191000.0000 2.35501
191010.0000 2.42445
191020.0000 2.71029
191030.0000 3.35139
191040.0000 2.95334
191050.0000 3.20681
191060.0000 2.86133
191070.0000 2.85006
191080.0000 2.89389
191090.0000 3.65605
191100.0000 3.60781
191110.0000 3.44193
191120.0000 3.53678
191130.0000 3.48137
191140.0000 2.50391
191150.0000 2.26096
191160.0000 2.32285
191170.0000 2.08536
191180.0000 1.55106
191190.0000 1.31616
191200.0000 1.33658
191210.0000 1.56746
191220.0000 1.14023
191230.0000 0.80749
191240.0000 1.37532
191250.0000 1.39378
191260.0000 1.73167
191270.0000 1.32051
191280.0000 1.27753
191290.0000 1.69930
191300.0000 1.80459
191310.0000 1.87757
191320.0000 2.85912
191330.0000 2.94972
191340.0000 2.79470
191350.0000 2.80532
191360.0000 2.22134
191370.0000 2.25844
191380.0000 2.34983
191390.0000 2.71676
191400.0000 2.88300
191410.0000 3.01589
191420.0000 2.53438
191430.0000 2.83696
191440.0000 2.37314
191450.0000 2.04681
191460.0000 1.36946
191470.0000 1.90762
191480.0000 1.56359
191490.0000 1.20032
191500.0000 1.60109
191510.0000 2.04132
191520.0000 2.01653
191530.0000 2.78028
191540.0000 3.10046
191550.0000 3.36499
191560.0000 3.41295
191570.0000 3.49692
191580.0000 3.57773
191590.0000 3.06812
191600.0000 2.48181
191610.0000 2.04896
191620.0000 2.11790
191630.0000 2.24814
191640.0000 1.76696
191650.0000 1.83796
191660.0000 2.19216
191670.0000 2.47822
191680.0000 2.33122
191690.0000 2.34440
191700.0000 2.76075
191710.0000 2.30515
191720.0000 2.11854
191730.0000 2.12624
191740.0000 2.63386
191750.0000 1.78937
191760.0000 0.84396
191770.0000 0.48780
191780.0000 0.29902
191790.0000 0.38621
191800.0000 0.43046
191810.0000 0.70090
191820.0000 0.49600
191830.0000 -0.06018
191840.0000 0.48703
191850.0000 0.88972
191860.0000 1.50775
191870.0000 1.32106
191880.0000 1.06548
191890.0000 1.42723
191900.0000 1.28256
191910.0000 1.60237
191920.0000 1.04510
191930.0000 1.15263
191940.0000 0.36111
191950.0000 -0.62785
191960.0000 -0.92659
191970.0000 -1.82394
191980.0000 -2.20368
191990.0000 -2.60339
192000.0000 -2.45708
192010.0000 -2.27920
192020.0000 -2.27578
192030.0000 -1.41341
192040.0000 -1.65895
192050.0000 -1.65580
192060.0000 -1.51455
192070.0000 -1.41134
192080.0000 -0.70636
192090.0000 -0.81191
192100.0000 -0.33565
192110.0000 -0.38398
192120.0000 -0.17938
192130.0000 0.25966
192140.0000 -0.22051
192150.0000 -0.08186
192160.0000 0.47472
192170.0000 0.80198
192180.0000 0.67689
192190.0000 0.97923
192200.0000 0.58156
192210.0000 0.12757
192220.0000 0.11012
192230.0000 -0.15490
192240.0000 -1.05705
192250.0000 -0.39545
192260.0000 -0.49567
192270.0000 -0.44486
192280.0000 -0.42258
192290.0000 -0.37422
192300.0000 -0.24738
192310.0000 -0.06887
192320.0000 -0.09745
192330.0000 -0.09974
192340.0000 0.09992
192350.0000 -0.06485
192360.0000 0.06604
192370.0000 -0.27039
192380.0000 -0.07307
192390.0000 0.01097
192400.0000 0.45851
192410.0000 0.07140
192420.0000 -0.17646
192430.0000 -0.09443
192440.0000 -0.82424
192450.0000 -0.75473
192460.0000 -1.03382
192470.0000 -1.73689
192480.0000 -2.56033
192490.0000 -2.66913
192500.0000 -3.12689
192510.0000 -2.56448
192520.0000 -2.26614
192530.0000 -1.71078
192540.0000 -0.93355
192550.0000 -1.30594
192560.0000 -1.64440
192570.0000 -2.13237
192580.0000 -1.50766
192590.0000 -1.09252
192600.0000 -0.38022
192610.0000 -0.49488
192620.0000 -0.34775
192630.0000 -0.77043
192640.0000 -1.17325
192650.0000 -1.60548
192660.0000 -2.20068
192670.0000 -2.13664
192680.0000 -1.54709
192690.0000 -1.33209
192700.0000 -1.21630
192710.0000 -1.24126
192720.0000 -0.99401
192730.0000 -0.32192
192740.0000 -0.43371
192750.0000 -0.03006
192760.0000 0.44430
192770.0000 0.68479
192780.0000 0.48521
192790.0000 0.33600
192800.0000 0.33647
192810.0000 0.30846
192820.0000 0.42378
192830.0000 0.18577
192840.0000 0.26926
192850.0000 0.66297
192860.0000 0.90748
192870.0000 1.44641
192880.0000 1.19269
192890.0000 0.89521
192900.0000 0.81511
192910.0000 0.99948
192920.0000 1.23295
192930.0000 1.13050
192940.0000 1.57131
192950.0000 2.69791
192960.0000 3.10594
192970.0000 3.31030
192980.0000 2.63077
192990.0000 2.07314
193000.0000 1.91085
193010.0000 2.04374
193020.0000 1.94095
193030.0000 2.27678
193040.0000 2.32186
193050.0000 2.33517
193060.0000 2.83672
193070.0000 2.91326
193080.0000 3.55402
193090.0000 3.40715
193100.0000 3.06861
193110.0000 3.05909
193120.0000 2.77332
193130.0000 2.65601
193140.0000 2.52597
193150.0000 2.53500
193160.0000 2.63968
193170.0000 2.82702
193180.0000 2.64150
193190.0000 2.56187
193200.0000 2.64730
193210.0000 2.27159
193220.0000 1.72917
193230.0000 1.72477
193240.0000 1.60527
193250.0000 2.31224
193260.0000 2.14838
193270.0000 2.18157
193280.0000 2.69093
193290.0000 2.79711
193300.0000 2.65165
193310.0000 3.26306
193320.0000 3.67637
193330.0000 3.89585
193340.0000 4.20815
193350.0000 3.59084
193360.0000 3.42607
193370.0000 3.41204
193380.0000 2.87585
193390.0000 2.44426
193400.0000 1.87001
193410.0000 1.69221
193420.0000 1.85429
193430.0000 1.35511
193440.0000 1.24843
193450.0000 1.76184
193460.0000 1.60827
193470.0000 1.97900
193480.0000 1.45801
193490.0000 1.67442
193500.0000 2.15205
193510.0000 2.57752
193520.0000 3.24837
193530.0000 3.02572
193540.0000 2.67205
193550.0000 3.38265
193560.0000 3.70059
193570.0000 3.41902
193580.0000 2.99705
193590.0000 2.84062
193600.0000 3.77905
193610.0000 4.28286
193620.0000 4.04544
193630.0000 4.16417
193640.0000 3.91045
193650.0000 4.27051
193660.0000 3.94428
193670.0000 4.10656
193680.0000 4.43097
193690.0000 4.24059
193700.0000 3.78530
193710.0000 3.72361
193720.0000 4.07848
193730.0000 4.37714
193740.0000 4.44752
193750.0000 4.60032
193760.0000 3.85394
193770.0000 3.43248
193780.0000 3.56742
193790.0000 3.20382
193800.0000 3.83296
193810.0000 3.68855
193820.0000 3.76701
193830.0000 3.98630
193840.0000 4.51036
193850.0000 4.58185
193860.0000 4.23199
193870.0000 4.59360
193880.0000 4.70667
193890.0000 5.12768
193900.0000 5.04289
193910.0000 4.80988
193920.0000 3.94601
193930.0000 3.99672
193940.0000 3.78531
193950.0000 3.61977
193960.0000 3.48137
193970.0000 3.00860
193980.0000 3.40830
193990.0000 4.03683
194000.0000 4.42066
194010.0000 4.39915
194020.0000 4.12790
194030.0000 4.27341
194040.0000 3.85386
194050.0000 3.50330
194060.0000 3.17982
194070.0000 3.19534
194080.0000 2.97256
194090.0000 2.50999
194100.0000 2.29919
194110.0000 1.82819
194120.0000 1.60802
194130.0000 1.69375
194140.0000 2.34586
194150.0000 2.91508
194160.0000 2.56697
194170.0000 2.28383
194180.0000 2.47083
194190.0000 2.59189
194200.0000 2.59193
194210.0000 2.40813
194220.0000 2.04179
194230.0000 2.07096
194240.0000 1.94711
194250.0000 2.26209
194260.0000 2.39557
194270.0000 2.68071
194280.0000 2.52763
194290.0000 2.41718
194300.0000 2.48932
194310.0000 2.70933
194320.0000 3.30814
194330.0000 3.27251
194340.0000 2.94132
194350.0000 2.89576
194360.0000 2.90375
194370.0000 3.19708
194380.0000 3.00486
194390.0000 3.00250
194400.0000 2.80402
194410.0000 2.69800
194420.0000 2.74871
194430.0000 2.41610
194440.0000 2.90315
194450.0000 2.47769
194460.0000 2.95440
194470.0000 2.95114
194480.0000 3.35315
194490.0000 2.79079
194500.0000 3.14353
194510.0000 3.07141
194520.0000 3.44887
194530.0000 3.82120
194540.0000 3.49754
194550.0000 3.85851
194560.0000 3.85703
194570.0000 4.00389
194580.0000 4.00090
194590.0000 4.55161
194600.0000 5.05357
194610.0000 4.94255
194620.0000 5.44792
194630.0000 6.04693
194640.0000 6.30672
194650.0000 5.99011
194660.0000 6.42626
194670.0000 6.52373
194680.0000 6.98675
194690.0000 7.44240
194700.0000 7.48258
194710.0000 7.76412
194720.0000 7.04356
194730.0000 7.11393
194740.0000 7.09387
194750.0000 7.44849
194760.0000 7.02171
194770.0000 6.33677
194780.0000 5.48640
194790.0000 4.88710
194800.0000 4.32207
194810.0000 4.04623
194820.0000 3.32478
194830.0000 3.29370
194840.0000 3.36978
194850.0000 2.88112
194860.0000 2.57305
194870.0000 2.40869
194880.0000 2.41826
194890.0000 1.76104
194900.0000 1.51354
194910.0000 1.36298
194920.0000 1.40265
194930.0000 1.34122
194940.0000 0.53782
194950.0000 0.75348
194960.0000 1.11339
194970.0000 1.49198
194980.0000 1.78986
194990.0000 1.80227
195000.0000 2.42573
195010.0000 2.71784
195020.0000 2.46667
195030.0000 2.51365
195040.0000 3.05289
195050.0000 3.26043
195060.0000 3.46649
195070.0000 3.04522
195080.0000 2.55707
195090.0000 2.00095
195100.0000 1.47032
195110.0000 0.99350
195120.0000 0.44737
195130.0000 -0.00858
195140.0000 -0.27493
195150.0000 -0.39094
195160.0000 -0.24270
195170.0000 -0.48280
195180.0000 -0.03621
195190.0000 -0.69102
195200.0000 -0.57324
195210.0000 -0.13620
195220.0000 -0.32933
195230.0000 -0.59444
195240.0000 -0.35305
195250.0000 -1.26624
195260.0000 -0.93826
195270.0000 -0.91436
195280.0000 -1.56921
195290.0000 -1.72979
195300.0000 -1.44736
195310.0000 -1.01999
195320.0000 -0.87971
195330.0000 -0.60201
195340.0000 -0.84921
195350.0000 -0.42773
195360.0000 -0.63118
195370.0000 -0.34201
195380.0000 0.19149
195390.0000 0.43383
195400.0000 -0.04670
195410.0000 -0.96427
195420.0000 -1.14558
195430.0000 -0.74138
195440.0000 -0.55030
195450.0000 -0.98657
195460.0000 -1.29866
195470.0000 -1.54421
195480.0000 -2.28763
195490.0000 -2.10391
195500.0000 -1.71147
195510.0000 -1.80245
195520.0000 -1.85882
195530.0000 -1.85664
195540.0000 -1.51121
195550.0000 -1.30681
195560.0000 -0.94093
195570.0000 -0.29727
195580.0000 -0.45391
195590.0000 -0.16938
195600.0000 -0.38600
195610.0000 -0.41824
195620.0000 0.00474
195630.0000 0.36749
195640.0000 0.95355
195650.0000 0.81436
195660.0000 0.67817
195670.0000 0.34610
195680.0000 -0.06723
195690.0000 0.14963
195700.0000 0.40457
195710.0000 0.00276
195720.0000 -0.09615
195730.0000 0.25850
195740.0000 0.95578
195750.0000 0.93317
195760.0000 1.77819
195770.0000 2.44988
195780.0000 2.78092
195790.0000 3.16996
195800.0000 3.03271
195810.0000 2.86971
195820.0000 2.96051
195830.0000 2.97811
195840.0000 2.81716
195850.0000 2.99017
195860.0000 2.97819
195870.0000 2.73655
195880.0000 2.96057
195890.0000 3.27194
195900.0000 2.77948
195910.0000 2.83652
195920.0000 3.05840
195930.0000 3.46340
195940.0000 3.35920
195950.0000 3.49172
195960.0000 3.00374
195970.0000 2.97870
195980.0000 2.61705
195990.0000 2.38465
196000.0000 2.19347
196010.0000 1.75568
196020.0000 2.01395
196030.0000 1.80755
196040.0000 1.75087
196050.0000 1.12696
196060.0000 1.63697
196070.0000 1.11655
196080.0000 1.29114
196090.0000 1.12549
196100.0000 1.60671
196110.0000 1.58370
196120.0000 1.51322
196130.0000 1.36691
196140.0000 1.29981
196150.0000 0.91678
196160.0000 1.11474
196170.0000 0.92824
196180.0000 0.62419
196190.0000 0.83193
196200.0000 0.76107
196210.0000 0.66876
196220.0000 1.27484
196230.0000 0.95893
196240.0000 0.77888
196250.0000 0.83242
196260.0000 0.63442
196270.0000 0.39965
196280.0000 0.77692
196290.0000 -0.02340
196300.0000 -0.05151
196310.0000 0.44413
196320.0000 0.20065
196330.0000 -0.01333
196340.0000 -0.10509
196350.0000 0.34087
196360.0000 0.95354
196370.0000 1.21601
196380.0000 0.77023
196390.0000 1.13931
196400.0000 1.56372
196410.0000 1.65404
196420.0000 2.07660
196430.0000 2.52561
196440.0000 3.02394
196450.0000 3.57906
196460.0000 3.48899
196470.0000 3.79811
196480.0000 4.10125
196490.0000 4.18928
196500.0000 4.19804
196510.0000 3.98019
196520.0000 4.61167
196530.0000 4.31049
196540.0000 4.02161
196550.0000 4.07829
196560.0000 4.16792
196570.0000 4.70141
196580.0000 5.03102
196590.0000 4.68404
196600.0000 4.53111
196610.0000 4.82649
196620.0000 4.74483
196630.0000 4.37960
196640.0000 4.73236
196650.0000 5.37677
196660.0000 5.36398
196670.0000 5.60833
196680.0000 5.72076
196690.0000 5.39464
196700.0000 5.31221
196710.0000 5.99515
196720.0000 6.33520
196730.0000 6.05809
196740.0000 5.80741
196750.0000 5.13439
196760.0000 4.81515
196770.0000 4.24444
196780.0000 3.56024
196790.0000 3.48553
196800.0000 3.48943
196810.0000 3.80360
196820.0000 4.05377
196830.0000 4.09908
196840.0000 3.89220
196850.0000 3.74918
196860.0000 3.88266
196870.0000 3.99409
196880.0000 3.69490
196890.0000 3.50187
196900.0000 3.98836
196910.0000 4.12022
196920.0000 4.41114
196930.0000 4.77618
196940.0000 4.89190
196950.0000 4.72788
196960.0000 4.57902
196970.0000 4.37116
196980.0000 4.42228
196990.0000 3.93282
197000.0000 3.67361
197010.0000 3.53458
197020.0000 3.22439
197030.0000 3.91665
197040.0000 4.23658
197050.0000 3.91275
197060.0000 3.85635
197070.0000 3.61532
197080.0000 4.02176
197090.0000 3.96479
197100.0000 4.20183
197110.0000 3.79729
197120.0000 4.33325
197130.0000 4.20378
197140.0000 3.97340
197150.0000 3.68275
197160.0000 3.86616
197170.0000 3.56907
197180.0000 2.69458
197190.0000 2.25368
197200.0000 2.22139
197210.0000 2.27003
197220.0000 2.48987
197230.0000 2.30604
197240.0000 2.09594
197250.0000 2.04449
197260.0000 2.07429
197270.0000 1.81007
197280.0000 1.77891
197290.0000 2.23146
197300.0000 1.83658
197310.0000 2.15280
197320.0000 2.74147
197330.0000 2.99047
197340.0000 3.22234
197350.0000 3.44357
197360.0000 3.55020
197370.0000 3.02743
197380.0000 3.02699
197390.0000 2.33343
197400.0000 1.84874
197410.0000 1.53045
197420.0000 1.12411
197430.0000 1.60901
197440.0000 1.68564
197450.0000 2.03274
197460.0000 1.72410
197470.0000 1.14277
197480.0000 0.59435
197490.0000 0.42797
197500.0000 0.14051
197510.0000 0.05609
197520.0000 -0.21074
197530.0000 0.05925
197540.0000 -0.37153
197550.0000 -0.73955
197560.0000 -1.41666
197570.0000 -0.80193
197580.0000 -1.30538
197590.0000 -1.84847
197600.0000 -1.68881
197610.0000 -1.73714
197620.0000 -1.80988
197630.0000 -1.65804
197640.0000 -1.57399
197650.0000 -1.06076
197660.0000 -1.38268
197670.0000 -1.22895
197680.0000 -1.26701
197690.0000 -1.41956
197700.0000 -0.71649
197710.0000 -0.26256
197720.0000 -0.50230
197730.0000 -0.38922
197740.0000 -0.74181
197750.0000 -0.99376
197760.0000 -0.34518
197770.0000 -0.39571
197780.0000 -0.03229
197790.0000 0.28770
197800.0000 0.40942
197810.0000 -0.26162
197820.0000 0.06640
197830.0000 0.56403
197840.0000 0.32627
197850.0000 0.15090
197860.0000 0.41510
197870.0000 0.23513
197880.0000 0.02507
197890.0000 0.07569
197900.0000 -0.13180
197910.0000 0.26233
197920.0000 0.77784
197930.0000 0.11482
197940.0000 0.51395
197950.0000 1.67275
197960.0000 1.65772
197970.0000 1.88519
197980.0000 2.61446
197990.0000 2.38309
198000.0000 2.09111
198010.0000 2.45739
198020.0000 2.25232
198030.0000 2.28032
198040.0000 1.80792
198050.0000 1.64299
198060.0000 1.58922
198070.0000 1.92149
198080.0000 1.90156
198090.0000 1.47908
198100.0000 1.45332
198110.0000 1.03396
198120.0000 1.21271
198130.0000 1.28905
198140.0000 1.20224
198150.0000 1.04929
198160.0000 0.53783
198170.0000 1.12070
198180.0000 1.19024
198190.0000 1.29067
198200.0000 1.23643
198210.0000 1.16412
198220.0000 0.74202
198230.0000 0.49530
198240.0000 0.98103
198250.0000 0.78318
198260.0000 0.53394
198270.0000 0.69735
198280.0000 1.01916
198290.0000 0.49298
198300.0000 -0.12685
198310.0000 -0.40169
198320.0000 -0.86761
198330.0000 -0.84575
198340.0000 -0.39913
198350.0000 -0.59574
198360.0000 -0.51391
198370.0000 -0.43408
198380.0000 -0.99859
198390.0000 -1.33272
198400.0000 -1.70744
198410.0000 -1.57039
198420.0000 -1.10500
198430.0000 -0.78960
198440.0000 -1.31604
198450.0000 -1.77617
198460.0000 -1.87002
198470.0000 -2.00471
198480.0000 -2.64945
198490.0000 -3.07732
198500.0000 -2.71929
198510.0000 -2.54782
198520.0000 -2.60612
198530.0000 -2.61259
198540.0000 -3.28631
198550.0000 -3.17081
198560.0000 -4.24280
198570.0000 -4.37757
198580.0000 -4.85804
198590.0000 -4.26376
198600.0000 -4.06333
198610.0000 -3.88930
198620.0000 -4.21028
198630.0000 -4.42637
198640.0000 -4.07519
198650.0000 -4.48215
198660.0000 -4.60548
198670.0000 -4.47124
198680.0000 -5.18885
198690.0000 -6.04699
198700.0000 -6.47082
198710.0000 -6.35154
198720.0000 -6.32057
198730.0000 -6.10470
198740.0000 -5.98912
198750.0000 -6.36885
198760.0000 -6.29717
198770.0000 -6.25361
198780.0000 -6.35909
198790.0000 -6.21962
198800.0000 -6.87688
198810.0000 -6.67670
198820.0000 -7.10279
198830.0000 -6.17081
198840.0000 -5.89156
198850.0000 -5.64875
198860.0000 -5.83596
198870.0000 -5.30619
198880.0000 -5.53301
198890.0000 -5.48898
198900.0000 -5.47422
198910.0000 -5.38641
198920.0000 -5.46954
198930.0000 -5.88563
198940.0000 -5.64488
198950.0000 -6.00324
198960.0000 -6.19466
198970.0000 -5.77809
198980.0000 -5.36132
198990.0000 -5.31939
199000.0000 -5.04553
199010.0000 -5.19359
199020.0000 -5.14864
199030.0000 -4.78059
199040.0000 -4.50124
199050.0000 -4.82921
199060.0000 -4.36054
199070.0000 -4.61852
199080.0000 -4.81022
199090.0000 -4.93054
199100.0000 -4.48756
199110.0000 -4.52936
199120.0000 -4.65834
199130.0000 -4.88721
199140.0000 -5.25758
199150.0000 -5.14951
199160.0000 -4.90737
199170.0000 -5.11926
199180.0000 -5.07253
199190.0000 -5.44896
199200.0000 -5.51319
199210.0000 -5.71832
199220.0000 -4.96861
199230.0000 -5.12994
199240.0000 -5.23905
199250.0000 -5.53216
199260.0000 -5.22059
199270.0000 -5.83430
199280.0000 -5.92892
199290.0000 -5.75374
199300.0000 -5.62142
199310.0000 -5.90159
199320.0000 -5.72737
199330.0000 -6.43471
199340.0000 -6.54331
199350.0000 -6.68596
199360.0000 -6.82419
199370.0000 -6.84653
199380.0000 -6.84019
199390.0000 -6.56956
199400.0000 -7.77549
199410.0000 -7.77130
199420.0000 -7.73630
199430.0000 -7.56430
199440.0000 -7.96490
199450.0000 -7.52061
199460.0000 -6.71036
199470.0000 -6.33730
199480.0000 -6.17650
199490.0000 -6.17210
199500.0000 -6.17461
199510.0000 -6.10896
199520.0000 -6.16034
199530.0000 -5.99650
199540.0000 -5.65141
199550.0000 -5.41359
199560.0000 -5.18007
199570.0000 -5.68231
199580.0000 -6.10316
199590.0000 -6.02053
199600.0000 -6.17828
199610.0000 -6.24508
199620.0000 -5.90224
199630.0000 -6.01441
199640.0000 -6.49780
199650.0000 -6.55779
199660.0000 -7.01312
199670.0000 -7.13170
199680.0000 -7.11822
199690.0000 -7.29086
199700.0000 -6.55982
199710.0000 -7.16364
199720.0000 -7.17858
199730.0000 -7.01561
199740.0000 -6.80655
199750.0000 -6.67929
199760.0000 -6.80622
199770.0000 -7.00180
199780.0000 -6.91305
199790.0000 -6.34751
199800.0000 -5.82668
199810.0000 -6.22039
199820.0000 -5.96758
199830.0000 -5.90308
199840.0000 -5.94228
199850.0000 -5.71041
199860.0000 -5.63066
199870.0000 -5.39016
199880.0000 -5.49125
199890.0000 -5.47787
199900.0000 -5.49881
199910.0000 -5.80733
199920.0000 -5.57103
199930.0000 -5.71771
199940.0000 -5.50281
199950.0000 -5.64519
199960.0000 -6.14571
199970.0000 -6.70418
199980.0000 -6.50560
199990.0000 -6.12896
200000.0000 -5.80865
200010.0000 -5.13729
200020.0000 -5.13750
200030.0000 -5.25796
200040.0000 -5.56348
200050.0000 -5.50755
200060.0000 -5.33774
200070.0000 -5.86575
200080.0000 -5.85965
200090.0000 -6.18504
200100.0000 -6.87449
200110.0000 -6.78448
200120.0000 -6.68737
200130.0000 -6.66373
200140.0000 -6.40495
200150.0000 -7.27619
200160.0000 -7.22486
200170.0000 -7.52164
200180.0000 -7.77832
200190.0000 -7.77475
200200.0000 -7.72255
200210.0000 -7.58150
200220.0000 -8.02928
200230.0000 -7.72452
200240.0000 -8.04474
200250.0000 -7.43400
200260.0000 -7.51946
200270.0000 -7.53304
200280.0000 -7.94039
200290.0000 -7.32010
200300.0000 -7.07685
200310.0000 -7.23266
200320.0000 -7.19714
200330.0000 -7.62345
200340.0000 -7.98589
200350.0000 -8.35566
200360.0000 -8.61335
200370.0000 -8.92315
200380.0000 -9.08916
200390.0000 -9.12084
200400.0000 -9.36869
200410.0000 -9.27642
200420.0000 -9.34346
200430.0000 -8.97772
200440.0000 -9.10892
200450.0000 -8.62716
200460.0000 -8.42006
200470.0000 -8.29930
200480.0000 -8.19380
200490.0000 -7.65639
200500.0000 -7.76193
200510.0000 -7.19597
200520.0000 -7.00418
200530.0000 -6.87495
200540.0000 -7.47405
200550.0000 -7.40829
200560.0000 -8.05685
200570.0000 -8.25899
200580.0000 -8.01663
200590.0000 -7.33822
200600.0000 -6.89414
200610.0000 -6.37115
200620.0000 -6.47256
200630.0000 -6.47545
200640.0000 -6.08838
200650.0000 -6.08830
200660.0000 -6.55763
200670.0000 -6.51424
200680.0000 -5.93859
200690.0000 -6.11490
200700.0000 -6.24291
200710.0000 -5.84524
200720.0000 -5.90759
200730.0000 -6.17044
200740.0000 -6.05232
200750.0000 -5.64252
200760.0000 -5.65406
200770.0000 -5.65082
200780.0000 -4.99252
200790.0000 -5.34605
200800.0000 -5.42459
200810.0000 -5.74625
200820.0000 -5.36899
200830.0000 -5.50219
200840.0000 -5.08434
200850.0000 -5.42132
200860.0000 -5.44054
200870.0000 -5.60546
200880.0000 -6.13806
200890.0000 -5.97095
200900.0000 -6.66646
200910.0000 -6.11290
200920.0000 -6.02907
200930.0000 -5.80588
200940.0000 -5.73996
200950.0000 -5.65990
200960.0000 -5.80310
200970.0000 -6.27715
200980.0000 -5.76689
200990.0000 -5.70512
201000.0000 -5.42899
201010.0000 -5.68773
201020.0000 -6.52354
201030.0000 -6.72524
201040.0000 -6.63617
201050.0000 -6.11419
201060.0000 -5.76861
201070.0000 -5.75433
201080.0000 -5.17114
201090.0000 -5.39871
201100.0000 -4.38118
201110.0000 -4.69196
201120.0000 -4.61085
201130.0000 -4.50450
201140.0000 -4.92841
201150.0000 -5.43580
201160.0000 -5.15052
201170.0000 -4.25768
201180.0000 -3.89883
201190.0000 -3.30710
201200.0000 -4.12521
201210.0000 -4.17384
201220.0000 -4.03203
201230.0000 -4.12571
201240.0000 -3.90250
201250.0000 -3.72996
201260.0000 -3.90058
201270.0000 -4.03196
201280.0000 -4.62736
201290.0000 -4.80953
201300.0000 -5.05259
201310.0000 -4.74437
201320.0000 -4.70125
201330.0000 -4.46431
201340.0000 -4.45061
201350.0000 -3.73161
201360.0000 -4.19940
201370.0000 -4.32723
201380.0000 -4.03223
201390.0000 -4.28501
201400.0000 -4.42305
201410.0000 -4.47389
201420.0000 -4.70860
201430.0000 -4.53766
201440.0000 -5.03750
201450.0000 -5.93121
201460.0000 -6.20922
201470.0000 -6.48305
201480.0000 -6.77764
201490.0000 -6.48847
201500.0000 -6.54784
201510.0000 -6.49569
201520.0000 -6.74043
201530.0000 -6.86704
201540.0000 -6.78428
201550.0000 -7.09022
201560.0000 -6.38895
201570.0000 -6.67785
201580.0000 -6.73419
201590.0000 -6.68529
201600.0000 -6.59501
201610.0000 -6.40547
201620.0000 -6.63962
201630.0000 -6.88228
201640.0000 -7.75557
201650.0000 -8.36282
201660.0000 -7.80492
201670.0000 -8.27440
201680.0000 -8.57330
201690.0000 -8.55714
201700.0000 -8.74601
201710.0000 -8.78618
201720.0000 -8.41188
201730.0000 -8.20032
201740.0000 -7.72909
201750.0000 -7.91345
201760.0000 -8.13973
201770.0000 -8.47466
201780.0000 -8.46868
201790.0000 -8.77983
201800.0000 -7.95570
201810.0000 -7.53934
201820.0000 -7.17653
201830.0000 -6.62374
201840.0000 -7.02359
201850.0000 -6.92557
201860.0000 -6.49171
201870.0000 -6.46769
201880.0000 -6.40895
201890.0000 -7.45150
201900.0000 -6.58551
201910.0000 -6.23412
201920.0000 -6.23353
201930.0000 -6.18363
201940.0000 -5.60877
201950.0000 -5.47745
201960.0000 -5.98049
201970.0000 -6.62747
201980.0000 -5.98315
201990.0000 -5.72653
202000.0000 -5.88172
202010.0000 -5.33634
202020.0000 -5.14294
202030.0000 -5.12899
202040.0000 -5.47923
202050.0000 -5.17542
202060.0000 -4.80506
202070.0000 -4.71370
202080.0000 -5.23857
202090.0000 -5.16548
202100.0000 -4.75989
202110.0000 -3.96405
202120.0000 -3.29093
202130.0000 -3.12203
202140.0000 -3.39137
202150.0000 -3.55183
202160.0000 -3.42512
202170.0000 -3.25380
202180.0000 -3.24615
202190.0000 -3.63020
202200.0000 -3.54468
202210.0000 -3.54103
202220.0000 -3.64410
202230.0000 -4.30997
202240.0000 -4.84638
202250.0000 -5.27788
202260.0000 -5.42087
202270.0000 -5.15125
202280.0000 -5.44857
202290.0000 -5.78061
202300.0000 -5.81414
202310.0000 -5.80705
202320.0000 -5.35584
202330.0000 -5.22166
202340.0000 -5.27948
202350.0000 -5.44993
202360.0000 -5.79522
202370.0000 -5.43994
202380.0000 -5.41549
202390.0000 -5.15809
202400.0000 -5.10481
202410.0000 -5.08661
202420.0000 -5.01465
202430.0000 -5.08616
202440.0000 -4.82090
202450.0000 -4.72384
202460.0000 -4.66896
202470.0000 -4.68132
202480.0000 -4.90826
202490.0000 -5.40548
202500.0000 -5.35599
202510.0000 -5.14701
202520.0000 -5.58230
202530.0000 -5.62874
202540.0000 -5.29135
202550.0000 -5.30553
202560.0000 -5.23786
202570.0000 -4.50126
202580.0000 -4.08096
202590.0000 -3.62507
202600.0000 -4.05633
202610.0000 -4.16228
202620.0000 -3.88136
202630.0000 -4.27544
202640.0000 -4.06503
202650.0000 -3.30120
202660.0000 -3.32708
202670.0000 -2.76681
202680.0000 -3.06000
202690.0000 -2.94338
202700.0000 -2.72534
202710.0000 -2.65465
202720.0000 -2.94069
202730.0000 -3.20865
202740.0000 -4.00523
202750.0000 -4.58200
202760.0000 -4.76110
202770.0000 -4.90253
202780.0000 -5.35206
202790.0000 -5.66890
202800.0000 -5.87729
202810.0000 -5.37418
202820.0000 -5.54640
202830.0000 -5.17496
202840.0000 -5.30664
202850.0000 -5.61002
202860.0000 -5.12296
202870.0000 -5.43586
202880.0000 -5.77474
202890.0000 -6.34990
202900.0000 -6.35513
202910.0000 -5.97260
202920.0000 -6.08526
202930.0000 -6.35513
202940.0000 -6.34271
202950.0000 -5.85877
202960.0000 -5.87156
202970.0000 -5.79857
202980.0000 -5.48625
202990.0000 -5.47687
203000.0000 -5.76693
203010.0000 -6.02715
203020.0000 -6.03112
203030.0000 -5.62698
203040.0000 -5.33563
203050.0000 -4.72600
203060.0000 -4.79371
203070.0000 -4.59355
203080.0000 -4.76966
203090.0000 -4.84927
203100.0000 -4.70449
203110.0000 -4.40977
203120.0000 -5.10516
203130.0000 -4.50833
203140.0000 -4.37311
203150.0000 -3.95818
203160.0000 -3.82439
203170.0000 -4.12073
203180.0000 -4.01929
203190.0000 -4.21971
203200.0000 -3.78839
203210.0000 -3.70760
203220.0000 -3.19877
203230.0000 -3.72858
203240.0000 -4.54943
203250.0000 -4.52061
203260.0000 -4.31013
203270.0000 -4.52496
203280.0000 -5.54461
203290.0000 -6.40736
203300.0000 -6.25758
203310.0000 -6.57832
203320.0000 -6.95487
203330.0000 -7.35261
203340.0000 -7.18467
203350.0000 -6.97526
203360.0000 -6.79093
203370.0000 -6.63575
203380.0000 -6.93949
203390.0000 -6.80724
203400.0000 -7.03139
203410.0000 -7.07089
203420.0000 -6.76448
203430.0000 -7.18262
203440.0000 -7.46070
203450.0000 -6.80659
203460.0000 -7.59667
203470.0000 -7.49151
203480.0000 -7.42172
203490.0000 -7.15580
203500.0000 -7.75379
203510.0000 -8.46845
203520.0000 -8.06497
203530.0000 -8.06464
203540.0000 -8.38789
203550.0000 -8.49782
203560.0000 -8.89351
203570.0000 -8.29642
203580.0000 -8.43740
203590.0000 -8.06238
203600.0000 -8.14859
203610.0000 -8.27100
203620.0000 -8.34075
203630.0000 -8.21934
203640.0000 -7.59133
203650.0000 -7.12829
203660.0000 -7.24598
203670.0000 -7.45536
203680.0000 -7.32720
203690.0000 -6.75230
203700.0000 -6.96734
203710.0000 -6.73126
203720.0000 -6.34208
203730.0000 -6.71233
203740.0000 -6.78178
203750.0000 -7.00731
203760.0000 -6.69134
203770.0000 -6.55977
203780.0000 -6.49851
203790.0000 -7.20911
203800.0000 -6.92149
203810.0000 -6.24015
203820.0000 -6.09450
203830.0000 -5.64381
203840.0000 -5.28933
203850.0000 -4.85463
203860.0000 -4.39055
203870.0000 -4.48732
203880.0000 -4.44024
203890.0000 -4.52039
203900.0000 -4.24269
203910.0000 -4.25683
203920.0000 -4.30892
203930.0000 -4.93566
203940.0000 -6.05442
203950.0000 -5.89802
203960.0000 -5.88750
203970.0000 -5.32454
203980.0000 -5.02234
203990.0000 -4.87818
204000.0000 -4.36430
204010.0000 -4.61174
204020.0000 -4.73476
204030.0000 -4.46644
204040.0000 -4.46658
204050.0000 -5.09449
204060.0000 -4.78599
204070.0000 -4.77583
204080.0000 -5.36112
204090.0000 -5.24603
204100.0000 -5.42291
204110.0000 -5.00232
204120.0000 -5.33978
204130.0000 -6.08935
204140.0000 -6.74076
204150.0000 -7.13838
204160.0000 -7.06320
204170.0000 -7.31642
204180.0000 -7.50253
204190.0000 -7.24277
204200.0000 -7.00299
204210.0000 -6.78284
204220.0000 -6.88015
204230.0000 -7.16668
204240.0000 -7.44901
204250.0000 -7.58856
204260.0000 -7.20038
204270.0000 -7.53524
204280.0000 -8.25036
204290.0000 -8.12685
204300.0000 -8.70642
204310.0000 -8.16576
204320.0000 -7.37657
204330.0000 -7.11787
204340.0000 -6.88932
204350.0000 -6.73488
204360.0000 -6.83908
204370.0000 -6.63369
204380.0000 -6.20280
204390.0000 -6.15348
204400.0000 -5.93815
204410.0000 -5.64437
204420.0000 -5.39231
204430.0000 -5.50873
204440.0000 -5.51334
204450.0000 -5.54391
204460.0000 -5.35899
204470.0000 -5.24266
204480.0000 -5.11668
204490.0000 -5.39355
204500.0000 -4.05880
204510.0000 -3.89951
204520.0000 -5.25545
204530.0000 -5.96405
204540.0000 -6.30435
204550.0000 -6.89716
204560.0000 -6.55571
204570.0000 -6.54688
204580.0000 -6.56913
204590.0000 -6.97630
204600.0000 -6.74327
204610.0000 -6.83370
204620.0000 -7.21340
204630.0000 -7.42774
204640.0000 -7.43753
204650.0000 -7.67044
204660.0000 -8.51424
204670.0000 -8.36632
204680.0000 -8.13069
204690.0000 -8.40414
204700.0000 -8.39989
204710.0000 -8.50253
204720.0000 -8.06942
204730.0000 -9.03642
204740.0000 -8.80997
204750.0000 -8.79754
204760.0000 -8.50079
204770.0000 -8.83821
204780.0000 -8.72712
204790.0000 -8.49082
204800.0000 -8.72174
204810.0000 -8.33836
204820.0000 -8.37723
204830.0000 -8.45118
204840.0000 -8.21440
204850.0000 -7.66970
204860.0000 -7.66061
204870.0000 -7.44646
204880.0000 -6.89777
204890.0000 -6.33630
204900.0000 -6.62220
204910.0000 -6.10381
204920.0000 -5.72010
204930.0000 -5.82653
204940.0000 -6.15870
204950.0000 -6.73074
204960.0000 -6.72775
204970.0000 -7.21826
204980.0000 -6.96901
204990.0000 -6.50756
205000.0000 -6.43370
205010.0000 -5.98894
205020.0000 -5.96090
205030.0000 -5.31897
205040.0000 -5.44927
205050.0000 -6.50056
205060.0000 -6.45798
205070.0000 -6.79758
205080.0000 -7.17205
205090.0000 -7.39462
205100.0000 -6.93754
205110.0000 -6.98631
205120.0000 -6.82521
205130.0000 -6.50128
205140.0000 -6.51093
205150.0000 -6.50736
205160.0000 -6.48037
205170.0000 -6.01115
205180.0000 -5.84151
205190.0000 -5.86316
205200.0000 -5.97339
205210.0000 -5.65782
205220.0000 -6.00480
205230.0000 -6.12793
205240.0000 -6.29041
205250.0000 -6.28965
205260.0000 -6.47349
205270.0000 -6.48702
205280.0000 -7.01735
205290.0000 -7.29133
205300.0000 -7.31193
205310.0000 -7.28556
205320.0000 -7.57752
205330.0000 -7.62515
205340.0000 -8.36600
205350.0000 -8.52658
205360.0000 -8.70965
205370.0000 -8.90727
205380.0000 -8.87337
205390.0000 -8.97893
205400.0000 -8.60979
205410.0000 -8.25601
205420.0000 -8.04969
205430.0000 -8.23627
205440.0000 -7.63514
205450.0000 -7.68633
205460.0000 -7.57039
205470.0000 -7.56211
205480.0000 -7.62691
205490.0000 -7.96073
205500.0000 -7.40404
205510.0000 -7.70854
205520.0000 -7.63314
205530.0000 -8.08725
205540.0000 -8.11294
205550.0000 -8.50767
205560.0000 -8.96387
205570.0000 -9.22406
205580.0000 -8.82521
205590.0000 -9.68371
205600.0000 -8.86588
205610.0000 -8.15529
205620.0000 -8.05161
205630.0000 -7.94524
205640.0000 -8.38400
205650.0000 -8.01750
205660.0000 -8.10022
205670.0000 -8.06151
205680.0000 -8.21502
205690.0000 -7.87684
205700.0000 -8.02035
205710.0000 -7.91919
205720.0000 -7.69774
205730.0000 -7.63454
205740.0000 -6.88261
205750.0000 -6.95637
205760.0000 -6.99252
205770.0000 -7.50072
205780.0000 -7.57141
205790.0000 -7.59354
205800.0000 -7.22018
205810.0000 -7.69007
205820.0000 -7.53402
205830.0000 -6.97805
205840.0000 -7.26463
205850.0000 -6.95381
205860.0000 -6.95728
205870.0000 -6.63850
205880.0000 -6.25202
205890.0000 -6.08620
205900.0000 -6.01120
205910.0000 -5.72587
205920.0000 -5.42158
205930.0000 -5.93210
205940.0000 -6.20610
205950.0000 -6.39260
205960.0000 -6.26566
205970.0000 -5.84776
205980.0000 -5.48942
205990.0000 -5.70518
206000.0000 -5.59684
206010.0000 -5.50392
206020.0000 -5.28292
206030.0000 -5.46237
206040.0000 -5.38298
206050.0000 -5.32183
206060.0000 -5.33973
206070.0000 -4.62499
206080.0000 -4.52270
206090.0000 -4.52360
206100.0000 -4.36499
206110.0000 -4.46949
206120.0000 -4.17832
206130.0000 -4.98171
206140.0000 -5.11324
206150.0000 -5.28011
206160.0000 -4.42550
206170.0000 -4.64031
206180.0000 -4.04157
206190.0000 -4.47227
206200.0000 -3.65439
206210.0000 -3.76637
206220.0000 -4.28954
206230.0000 -3.84326
206240.0000 -3.83040
206250.0000 -3.25010
206260.0000 -3.54745
206270.0000 -4.27404
206280.0000 -4.43759
206290.0000 -4.41229
206300.0000 -4.10893
206310.0000 -3.55745
206320.0000 -3.32204
206330.0000 -3.18347
206340.0000 -3.18354
206350.0000 -2.90619
206360.0000 -3.16375
206370.0000 -3.26174
206380.0000 -4.03951
206390.0000 -3.98844
206400.0000 -4.85972
206410.0000 -5.16143
206420.0000 -4.98839
206430.0000 -5.56416
206440.0000 -5.84438
206450.0000 -6.15510
206460.0000 -6.23677
206470.0000 -6.42198
206480.0000 -6.22464
206490.0000 -6.24852
206500.0000 -5.93871
206510.0000 -5.77939
206520.0000 -6.11128
206530.0000 -6.16466
206540.0000 -5.74652
206550.0000 -5.67541
206560.0000 -5.16643
206570.0000 -5.53257
206580.0000 -5.91546
206590.0000 -5.92557
206600.0000 -5.41538
206610.0000 -5.78626
206620.0000 -5.62555
206630.0000 -5.97385
206640.0000 -5.91056
206650.0000 -6.11793
206660.0000 -6.08384
206670.0000 -6.63293
206680.0000 -6.52998
206690.0000 -6.71150
206700.0000 -7.15947
206710.0000 -6.60044
206720.0000 -6.46515
206730.0000 -5.70148
206740.0000 -6.19809
206750.0000 -6.28332
206760.0000 -6.92655
206770.0000 -6.78571
206780.0000 -7.04860
206790.0000 -6.54191
206800.0000 -6.86117
206810.0000 -6.74104
206820.0000 -6.59909
206830.0000 -7.00235
206840.0000 -7.20876
206850.0000 -7.15401
206860.0000 -7.10102
206870.0000 -7.43510
206880.0000 -7.48357
206890.0000 -7.79728
206900.0000 -7.80129
206910.0000 -8.08085
206920.0000 -8.14494
206930.0000 -8.10516
206940.0000 -8.28277
206950.0000 -8.36700
206960.0000 -8.52543
206970.0000 -8.27524
206980.0000 -8.66216
206990.0000 -8.72632
207000.0000 -9.34500
207010.0000 -9.31358
207020.0000 -9.41763
207030.0000 -9.83052
207040.0000 -9.53614
207050.0000 -9.38896
207060.0000 -9.44527
207070.0000 -9.84707
207080.0000 -9.32402
207090.0000 -9.68810
207100.0000 -9.61605
207110.0000 -9.54512
207120.0000 -9.89399
207130.0000 -10.35952
207140.0000 -10.46185
207150.0000 -10.61602
207160.0000 -10.46214
207170.0000 -10.34090
207180.0000 -10.58140
207190.0000 -9.92889
207200.0000 -10.71159
207210.0000 -10.66200
207220.0000 -10.78510
207230.0000 -10.27146
207240.0000 -10.33263
207250.0000 -10.55888
207260.0000 -10.82981
207270.0000 -10.42353
207280.0000 -10.78447
207290.0000 -9.97744
207300.0000 -9.67285
207310.0000 -9.58299
207320.0000 -9.64508
207330.0000 -9.94028
207340.0000 -9.16472
207350.0000 -9.56245
207360.0000 -10.16056
207370.0000 -10.01493
207380.0000 -9.73791
207390.0000 -9.30007
207400.0000 -9.62755
207410.0000 -9.62764
207420.0000 -9.41574
207430.0000 -9.26394
207440.0000 -9.41496
207450.0000 -9.25140
207460.0000 -9.86056
207470.0000 -10.05207
207480.0000 -9.60814
207490.0000 -9.67660
207500.0000 -9.17564
207510.0000 -9.59417
207520.0000 -9.74799
207530.0000 -10.14977
207540.0000 -9.79621
207550.0000 -9.50092
207560.0000 -9.99902
207570.0000 -9.53823
207580.0000 -9.36252
207590.0000 -9.63642
207600.0000 -9.89852
207610.0000 -9.21370
207620.0000 -8.60802
207630.0000 -8.41804
207640.0000 -8.86304
207650.0000 -8.82411
207660.0000 -8.84059
207670.0000 -9.30977
207680.0000 -9.78141
207690.0000 -10.13663
207700.0000 -10.06891
207710.0000 -9.85631
207720.0000 -9.94071
207730.0000 -9.72977
207740.0000 -10.13646
207750.0000 -9.93997
207760.0000 -9.92749
207770.0000 -9.82451
207780.0000 -9.75102
207790.0000 -9.04581
207800.0000 -8.70491
207810.0000 -8.15403
207820.0000 -7.71107
207830.0000 -7.68145
207840.0000 -8.24647
207850.0000 -8.41710
207860.0000 -8.37560
207870.0000 -8.58933
207880.0000 -8.90575
207890.0000 -8.54599
207900.0000 -8.84108
207910.0000 -8.36939
207920.0000 -7.80637
207930.0000 -7.82187
207940.0000 -8.02370
207950.0000 -7.74477
207960.0000 -8.14696
207970.0000 -8.11099
207980.0000 -8.24121
207990.0000 -9.03817
208000.0000 -9.06127
208010.0000 -9.16227
208020.0000 -9.24697
208030.0000 -9.92922
208040.0000 -10.49935
208050.0000 -10.19213
208060.0000 -9.57830
208070.0000 -9.73672
208080.0000 -9.59939
208090.0000 -9.40790
208100.0000 -8.64114
208110.0000 -8.65871
208120.0000 -7.91484
208130.0000 -8.70239
208140.0000 -8.48334
208150.0000 -8.31101
208160.0000 -8.23725
208170.0000 -8.22480
208180.0000 -8.06324
208190.0000 -8.52144
208200.0000 -8.50297
208210.0000 -9.07452
208220.0000 -9.65755
208230.0000 -9.46489
208240.0000 -9.26923
208250.0000 -9.36754
208260.0000 -9.63619
208270.0000 -10.05666
208280.0000 -10.14123
208290.0000 -9.82416
208300.0000 -9.88249
208310.0000 -9.94987
208320.0000 -9.47241
208330.0000 -9.17802
208340.0000 -8.98686
208350.0000 -8.96258
208360.0000 -9.16998
208370.0000 -9.05714
208380.0000 -9.82108
208390.0000 -9.72385
208400.0000 -9.83978
208410.0000 -9.31724
208420.0000 -9.52382
208430.0000 -9.36027
208440.0000 -9.72157
208450.0000 -9.38981
208460.0000 -9.31373
208470.0000 -9.40713
208480.0000 -9.22573
208490.0000 -8.89785
208500.0000 -9.05976
208510.0000 -9.14071
208520.0000 -9.17967
208530.0000 -10.09291
208540.0000 -10.36746
208550.0000 -11.03172
208560.0000 -10.79079
208570.0000 -10.50522
208580.0000 -10.52185
208590.0000 -10.18072
208600.0000 -10.40887
208610.0000 -10.35887
208620.0000 -9.81140
208630.0000 -9.73591
208640.0000 -9.52473
208650.0000 -9.47221
208660.0000 -9.08771
208670.0000 -10.16632
208680.0000 -9.94588
208690.0000 -10.38750
208700.0000 -9.80898
208710.0000 -9.65240
208720.0000 -9.61352
208730.0000 -9.02562
208740.0000 -9.30310
208750.0000 -8.99265
208760.0000 -8.56714
208770.0000 -8.95511
208780.0000 -8.38444
208790.0000 -8.17096
208800.0000 -8.29764
208810.0000 -9.20765
208820.0000 -9.13033
208830.0000 -9.05554
208840.0000 -9.11594
208850.0000 -8.62856
208860.0000 -9.07189
208870.0000 -9.34327
208880.0000 -8.80122
208890.0000 -9.32066
208900.0000 -9.71690
208910.0000 -10.18650
208920.0000 -10.04794
208930.0000 -9.62758
208940.0000 -9.29067
208950.0000 -8.57174
208960.0000 -8.46656
208970.0000 -8.19197
208980.0000 -8.39341
208990.0000 -9.03871
209000.0000 -8.77005
209010.0000 -9.29668
209020.0000 -9.16602
209030.0000 -8.58678
209040.0000 -8.16405
209050.0000 -8.37653
209060.0000 -8.44380
209070.0000 -8.24275
209080.0000 -8.43162
209090.0000 -8.04439
209100.0000 -7.42286
209110.0000 -6.99530
209120.0000 -7.13160
209130.0000 -6.66466
209140.0000 -6.69245
209150.0000 -5.80983
209160.0000 -5.99607
209170.0000 -5.67250
209180.0000 -5.02019
209190.0000 -5.56286
209200.0000 -5.94248
209210.0000 -5.99311
209220.0000 -6.44486
209230.0000 -6.83386
209240.0000 -7.24394
209250.0000 -6.98821
209260.0000 -6.56203
209270.0000 -6.17474
209280.0000 -6.01861
209290.0000 -5.97638
209300.0000 -5.62671
209310.0000 -5.55165
209320.0000 -5.77292
209330.0000 -5.59930
209340.0000 -5.64005
209350.0000 -5.45565
209360.0000 -5.13461
209370.0000 -5.05085
209380.0000 -5.03822
209390.0000 -4.84646
209400.0000 -4.71003
209410.0000 -4.21596
209420.0000 -4.18415
209430.0000 -3.99878
209440.0000 -3.46631
209450.0000 -3.19959
209460.0000 -3.87071
209470.0000 -3.60593
209480.0000 -3.40637
209490.0000 -3.47166
209500.0000 -3.54690
209510.0000 -3.60974
209520.0000 -3.63703
209530.0000 -3.37302
209540.0000 -3.40744
209550.0000 -4.24260
209560.0000 -3.69629
209570.0000 -3.25153
209580.0000 -3.13165
209590.0000 -3.40214
209600.0000 -3.47945
209610.0000 -2.96484
209620.0000 -3.22328
209630.0000 -3.06023
209640.0000 -3.04279
209650.0000 -3.30223
209660.0000 -3.36529
209670.0000 -3.66949
209680.0000 -3.52212
209690.0000 -2.82276
209700.0000 -3.60153
209710.0000 -4.10980
209720.0000 -4.34685
209730.0000 -4.12043
209740.0000 -4.24726
209750.0000 -4.47701
209760.0000 -3.90047
209770.0000 -4.03419
209780.0000 -3.97654
209790.0000 -4.72099
209800.0000 -4.85199
209810.0000 -5.04968
209820.0000 -5.64996
209830.0000 -5.02240
209840.0000 -4.96570
209850.0000 -5.04016
209860.0000 -5.19908
209870.0000 -5.73782
209880.0000 -6.01402
209890.0000 -6.08955
209900.0000 -5.89651
209910.0000 -6.09044
209920.0000 -5.85200
209930.0000 -5.30483
209940.0000 -5.57800
209950.0000 -5.75814
209960.0000 -5.84330
209970.0000 -5.72083
209980.0000 -5.79449
209990.0000 -5.02329
210000.0000 -4.99982
210010.0000 -5.34098
210020.0000 -4.70950
210030.0000 -4.97598
210040.0000 -5.58026
210050.0000 -5.51037
210060.0000 -5.63277
210070.0000 -5.28837
210080.0000 -5.27365
210090.0000 -5.49018
210100.0000 -5.62468
210110.0000 -5.67857
210120.0000 -5.31444
210130.0000 -5.22249
210140.0000 -4.61012
210150.0000 -4.52492
210160.0000 -4.49923
210170.0000 -4.18873
210180.0000 -4.14790
210190.0000 -4.27832
210200.0000 -4.35541
210210.0000 -3.79059
210220.0000 -3.55992
210230.0000 -3.56715
210240.0000 -2.85199
210250.0000 -2.67257
210260.0000 -3.43015
210270.0000 -3.27501
210280.0000 -3.65317
210290.0000 -3.71111
210300.0000 -3.90663
210310.0000 -2.76510
210320.0000 -3.50224
210330.0000 -3.85895
210340.0000 -3.90809
210350.0000 -3.61115
210360.0000 -3.53373
210370.0000 -3.64914
210380.0000 -3.66906
210390.0000 -2.85919
210400.0000 -2.69854
210410.0000 -2.19804
210420.0000 -2.28844
210430.0000 -3.04474
210440.0000 -3.30238
210450.0000 -3.63856
210460.0000 -3.96919
210470.0000 -4.59145
210480.0000 -4.47163
210490.0000 -4.78656
210500.0000 -5.51101
210510.0000 -5.35267
210520.0000 -4.92496
210530.0000 -5.31279
210540.0000 -5.00710
210550.0000 -5.21707
210560.0000 -5.82056
210570.0000 -5.92844
210580.0000 -5.89188
210590.0000 -5.77261
210600.0000 -5.36534
210610.0000 -5.91203
210620.0000 -6.51854
210630.0000 -6.61480
210640.0000 -5.91390
210650.0000 -5.98154
210660.0000 -6.16179
210670.0000 -6.01223
210680.0000 -5.10538
210690.0000 -4.76531
210700.0000 -4.55237
210710.0000 -4.51658
210720.0000 -5.02520
210730.0000 -4.60273
210740.0000 -4.65309
210750.0000 -4.55903
210760.0000 -4.57338
210770.0000 -4.23809
210780.0000 -4.14156
210790.0000 -3.54055
210800.0000 -2.90808
210810.0000 -3.41999
210820.0000 -3.45914
210830.0000 -3.43625
210840.0000 -3.66071
210850.0000 -4.15885
210860.0000 -3.90914
210870.0000 -4.09115
210880.0000 -4.28315
210890.0000 -4.72620
210900.0000 -4.76400
210910.0000 -5.24430
210920.0000 -5.11367
210930.0000 -4.89991
210940.0000 -5.02313
210950.0000 -4.61019
210960.0000 -4.33910
210970.0000 -3.93297
210980.0000 -3.66637
210990.0000 -3.45855
211000.0000 -3.36593
211010.0000 -2.86667
211020.0000 -2.85100
211030.0000 -2.78935
211040.0000 -2.90142
211050.0000 -3.21728
211060.0000 -3.49341
211070.0000 -3.42898
211080.0000 -3.44052
211090.0000 -3.68615
211100.0000 -4.27008
211110.0000 -4.22311
211120.0000 -3.98108
211130.0000 -4.48407
211140.0000 -4.52152
211150.0000 -4.67719
211160.0000 -5.21196
211170.0000 -4.72076
211180.0000 -4.89320
211190.0000 -4.92417
211200.0000 -4.41093
211210.0000 -4.93742
211220.0000 -5.16368
211230.0000 -4.79123
211240.0000 -4.76498
211250.0000 -4.36299
211260.0000 -4.41417
211270.0000 -3.80770
211280.0000 -3.35034
211290.0000 -3.16260
211300.0000 -2.94983
211310.0000 -2.97638
211320.0000 -3.61512
211330.0000 -3.70759
211340.0000 -3.64158
211350.0000 -3.27369
211360.0000 -3.50207
211370.0000 -3.68544
211380.0000 -4.04176
211390.0000 -4.24135
211400.0000 -4.96350
211410.0000 -5.10205
211420.0000 -5.38598
211430.0000 -5.07326
211440.0000 -4.82665
211450.0000 -5.15159
211460.0000 -5.13930
211470.0000 -4.85424
211480.0000 -5.47456
211490.0000 -5.26862
211500.0000 -5.24649
211510.0000 -4.46071
211520.0000 -4.83812
211530.0000 -4.55338
211540.0000 -4.42776
211550.0000 -5.04595
211560.0000 -5.46475
211570.0000 -5.71943
211580.0000 -5.51019
211590.0000 -5.77095
211600.0000 -5.65497
211610.0000 -5.82500
211620.0000 -6.09043
211630.0000 -6.20092
211640.0000 -6.20360
211650.0000 -6.38129
211660.0000 -6.42038
211670.0000 -6.70253
211680.0000 -6.90759
211690.0000 -6.08100
211700.0000 -5.93968
211710.0000 -5.97201
211720.0000 -6.46751
211730.0000 -7.11902
211740.0000 -7.39993
211750.0000 -6.95697
211760.0000 -6.97315
211770.0000 -6.70510
211780.0000 -6.51660
211790.0000 -6.71758
211800.0000 -6.44731
211810.0000 -6.96314
211820.0000 -6.69908
211830.0000 -6.82656
211840.0000 -6.16004
211850.0000 -6.39183
211860.0000 -5.99096
211870.0000 -6.05047
211880.0000 -6.56396
211890.0000 -6.75431
211900.0000 -6.22059
211910.0000 -6.25598
211920.0000 -7.25974
211930.0000 -7.19196
211940.0000 -7.76817
211950.0000 -7.87686
211960.0000 -7.79227
211970.0000 -7.69633
211980.0000 -7.81319
211990.0000 -7.70392
212000.0000 -7.40317
212010.0000 -7.74067
212020.0000 -7.09382
212030.0000 -6.34000
212040.0000 -5.82777
212050.0000 -5.20662
212060.0000 -4.98616
212070.0000 -5.00239
212080.0000 -5.35765
212090.0000 -5.33416
212100.0000 -5.85189
212110.0000 -6.00421
212120.0000 -5.93537
212130.0000 -5.32281
212140.0000 -5.78508
212150.0000 -5.98190
212160.0000 -6.15863
212170.0000 -6.11985
212180.0000 -6.11679
212190.0000 -6.01057
212200.0000 -6.09258
212210.0000 -6.54858
212220.0000 -6.53862
212230.0000 -6.24538
212240.0000 -6.36285
212250.0000 -6.49859
212260.0000 -6.11163
212270.0000 -6.05767
212280.0000 -5.65329
212290.0000 -5.06086
212300.0000 -5.48122
212310.0000 -5.23896
212320.0000 -5.90902
212330.0000 -6.48906
212340.0000 -6.90659
212350.0000 -6.61125
212360.0000 -5.95149
212370.0000 -5.47028
212380.0000 -5.62881
212390.0000 -5.00946
212400.0000 -5.22785
212410.0000 -5.61017
212420.0000 -5.87727
212430.0000 -6.41359
212440.0000 -5.67734
212450.0000 -5.27995
212460.0000 -5.41240
212470.0000 -5.18014
212480.0000 -4.65379
212490.0000 -5.01236
212500.0000 -4.97244
212510.0000 -5.21666
212520.0000 -5.44204
212530.0000 -5.26368
212540.0000 -5.38604
212550.0000 -6.31072
212560.0000 -5.94997
212570.0000 -5.89799
212580.0000 -5.89246
212590.0000 -5.67661
212600.0000 -5.69281
212610.0000 -5.48952
212620.0000 -5.77607
212630.0000 -5.95464
212640.0000 -6.37236
212650.0000 -6.51768
212660.0000 -6.57607
212670.0000 -6.47123
212680.0000 -6.80129
212690.0000 -6.22121
212700.0000 -5.13397
212710.0000 -5.14830
212720.0000 -5.15689
212730.0000 -4.62463
212740.0000 -4.64765
212750.0000 -4.23430
212760.0000 -3.54067
212770.0000 -3.13157
212780.0000 -3.35264
212790.0000 -4.45548
212800.0000 -5.45257
212810.0000 -5.10578
212820.0000 -4.95851
212830.0000 -4.89348
212840.0000 -4.86363
212850.0000 -4.72857
212860.0000 -4.32011
212870.0000 -4.17498
212880.0000 -3.46071
212890.0000 -3.46139
212900.0000 -3.46847
212910.0000 -3.47644
212920.0000 -3.97655
212930.0000 -4.31664
212940.0000 -3.98561
212950.0000 -3.98628
212960.0000 -3.70892
212970.0000 -3.56669
212980.0000 -3.55089
212990.0000 -3.61628
213000.0000 -3.71959
213010.0000 -3.63320
213020.0000 -3.51963
213030.0000 -3.79239
213040.0000 -3.32644
213050.0000 -2.64659
213060.0000 -2.78733
213070.0000 -3.30690
213080.0000 -3.28612
213090.0000 -3.18437
213100.0000 -3.73889
213110.0000 -3.75114
213120.0000 -4.46185
213130.0000 -4.76463
213140.0000 -5.00718
213150.0000 -5.10420
213160.0000 -5.20339
213170.0000 -5.28292
213180.0000 -5.07840
213190.0000 -5.42433
213200.0000 -4.82589
213210.0000 -5.26860
213220.0000 -5.27638
213230.0000 -5.57504
213240.0000 -5.95736
213250.0000 -5.91052
213260.0000 -5.96892
213270.0000 -6.77006
213280.0000 -7.14479
213290.0000 -6.50285
213300.0000 -6.17160
213310.0000 -5.96404
213320.0000 -6.16633
213330.0000 -6.28390
213340.0000 -5.95111
213350.0000 -5.63230
213360.0000 -5.23635
213370.0000 -4.79913
213380.0000 -4.83038
213390.0000 -4.54864
213400.0000 -4.71093
213410.0000 -4.04941
213420.0000 -3.82054
213430.0000 -3.30470
213440.0000 -3.82906
213450.0000 -3.97619
213460.0000 -4.35962
213470.0000 -4.19188
213480.0000 -3.78910
213490.0000 -3.87419
213500.0000 -4.01134
213510.0000 -3.88380
213520.0000 -3.24676
213530.0000 -3.75586
213540.0000 -4.37220
213550.0000 -4.91840
213560.0000 -5.21337
213570.0000 -5.96185
213580.0000 -5.61234
213590.0000 -5.22361
213600.0000 -5.27037
213610.0000 -5.31938
213620.0000 -4.93974
213630.0000 -5.55537
213640.0000 -5.65151
213650.0000 -5.70002
213660.0000 -5.36939
213670.0000 -5.23141
213680.0000 -5.02080
213690.0000 -4.88738
213700.0000 -5.02928
213710.0000 -5.08286
213720.0000 -4.92009
213730.0000 -5.37787
213740.0000 -6.00815
213750.0000 -6.10626
213760.0000 -5.93000
213770.0000 -5.23567
213780.0000 -5.81321
213790.0000 -6.40740
213800.0000 -6.34897
213810.0000 -6.29958
213820.0000 -6.02010
213830.0000 -5.40186
213840.0000 -5.78898
213850.0000 -6.04965
213860.0000 -6.28740
213870.0000 -5.56364
213880.0000 -5.14819
213890.0000 -5.08673
213900.0000 -5.12054
213910.0000 -5.06541
213920.0000 -5.11160
213930.0000 -4.94224
213940.0000 -5.18133
213950.0000 -5.64916
213960.0000 -5.63494
213970.0000 -6.41206
213980.0000 -6.36960
213990.0000 -6.08203
214000.0000 -6.36200
214010.0000 -6.22300
214020.0000 -6.53408
214030.0000 -6.75908
214040.0000 -6.64036
214050.0000 -6.72612
214060.0000 -6.84619
214070.0000 -5.91562
214080.0000 -5.53885
214090.0000 -5.53206
214100.0000 -5.35488
214110.0000 -5.54798
214120.0000 -5.63894
214130.0000 -5.04310
214140.0000 -4.61949
214150.0000 -4.66678
214160.0000 -4.66204
214170.0000 -4.61640
214180.0000 -4.81546
214190.0000 -4.69503
214200.0000 -4.51257
214210.0000 -4.44249
214220.0000 -4.63120
214230.0000 -4.61338
214240.0000 -4.27956
214250.0000 -4.14935
214260.0000 -4.20142
214270.0000 -4.46804
214280.0000 -4.15648
214290.0000 -4.34398
214300.0000 -4.44900
214310.0000 -4.74998
214320.0000 -4.49459
214330.0000 -4.59466
214340.0000 -4.30326
214350.0000 -4.43148
214360.0000 -5.28902
214370.0000 -5.41460
214380.0000 -5.55359
214390.0000 -5.73129
214400.0000 -5.37808
214410.0000 -5.38377
214420.0000 -5.01819
214430.0000 -5.38738
214440.0000 -5.33462
214450.0000 -5.57074
214460.0000 -5.48925
214470.0000 -5.77543
214480.0000 -5.64004
214490.0000 -6.42317
214500.0000 -5.90829
214510.0000 -6.06553
214520.0000 -6.26490
214530.0000 -6.65702
214540.0000 -5.79395
214550.0000 -5.41594
214560.0000 -4.80946
214570.0000 -4.80339
214580.0000 -4.53854
214590.0000 -4.55737
214600.0000 -4.14415
214610.0000 -3.65930
214620.0000 -3.41445
214630.0000 -3.42682
214640.0000 -3.89912
214650.0000 -4.20026
214660.0000 -3.59252
214670.0000 -3.69178
214680.0000 -3.49854
214690.0000 -3.06465
214700.0000 -2.82541
214710.0000 -3.14901
214720.0000 -2.98403
214730.0000 -2.92443
214740.0000 -3.07940
214750.0000 -2.64316
214760.0000 -2.45647
214770.0000 -2.11949
214780.0000 -2.21689
214790.0000 -2.15671
214800.0000 -2.38873
214810.0000 -2.14925
214820.0000 -2.48379
214830.0000 -2.55449
214840.0000 -2.36925
214850.0000 -2.39742
214860.0000 -2.48970
214870.0000 -1.76489
214880.0000 -1.33917
214890.0000 -1.37785
214900.0000 -1.78352
214910.0000 -1.26635
214920.0000 -1.12562
214930.0000 -1.27951
214940.0000 -1.22196
214950.0000 -1.17373
214960.0000 -1.28338
214970.0000 -1.87480
214980.0000 -2.03533
214990.0000 -1.99364
215000.0000 -2.28271
215010.0000 -2.14630
215020.0000 -2.32599
215030.0000 -2.58046
215040.0000 -2.14935
215050.0000 -2.45420
215060.0000 -2.20931
215070.0000 -1.95195
215080.0000 -2.05590
215090.0000 -1.74934
215100.0000 -1.67090
215110.0000 -1.65679
215120.0000 -1.49495
215130.0000 -0.70709
215140.0000 -0.63827
215150.0000 -1.01671
215160.0000 -1.17000
215170.0000 -0.95932
215180.0000 -0.38025
215190.0000 0.19663
215200.0000 0.66778
215210.0000 -0.44886
215220.0000 -1.36034
215230.0000 -2.01616
215240.0000 -1.95687
215250.0000 -2.35719
215260.0000 -1.70935
215270.0000 -1.74435
215280.0000 -1.31909
215290.0000 -1.35872
215300.0000 -1.76308
215310.0000 -1.15710
215320.0000 -0.42515
215330.0000 -0.48384
215340.0000 -0.39821
215350.0000 -0.06988
215360.0000 0.12978
215370.0000 -0.05509
215380.0000 -0.64247
215390.0000 -1.19743
215400.0000 -1.42180
215410.0000 -1.43905
215420.0000 -1.37537
215430.0000 -1.13758
215440.0000 -0.07134
215450.0000 0.28630
215460.0000 0.53255
215470.0000 0.91053
215480.0000 0.64687
215490.0000 0.20561
215500.0000 -0.30652
215510.0000 -0.66621
215520.0000 -0.64839
215530.0000 -0.44347
215540.0000 -0.51287
215550.0000 -0.79692
215560.0000 -0.36890
215570.0000 -0.35860
215580.0000 -0.75391
215590.0000 -0.43217
215600.0000 -0.41980
215610.0000 0.44724
215620.0000 0.89546
215630.0000 0.35154
215640.0000 0.28583
215650.0000 0.14762
215660.0000 -0.27855
215670.0000 -0.41438
215680.0000 0.04962
215690.0000 0.45002
215700.0000 0.46026
215710.0000 0.95082
215720.0000 1.01796
215730.0000 0.77559
215740.0000 0.71658
215750.0000 0.37269
215760.0000 0.34481
215770.0000 0.61658
215780.0000 0.76941
215790.0000 0.77069
215800.0000 0.59862
215810.0000 1.58730
215820.0000 1.44390
215830.0000 2.18735
215840.0000 1.77693
215850.0000 1.77981
215860.0000 1.76591
215870.0000 2.09774
215880.0000 2.38330
215890.0000 2.14705
215900.0000 1.62887
215910.0000 1.43164
215920.0000 1.49717
215930.0000 0.95619
215940.0000 0.91563
215950.0000 0.79134
215960.0000 0.97497
215970.0000 1.38095
215980.0000 1.72964
215990.0000 1.77503
216000.0000 1.61119
216010.0000 1.87405
216020.0000 1.51630
216030.0000 1.48096
216040.0000 1.48656
216050.0000 1.77822
216060.0000 2.33171
216070.0000 2.39502
216080.0000 2.59573
216090.0000 2.43869
216100.0000 2.43684
216110.0000 1.92348
216120.0000 2.44060
216130.0000 2.56802
216140.0000 3.05565
216150.0000 3.30369
216160.0000 3.24102
216170.0000 2.41678
216180.0000 2.62648
216190.0000 2.98666
216200.0000 2.75363
216210.0000 2.53898
216220.0000 2.71869
216230.0000 2.28881
216240.0000 2.07985
216250.0000 2.43933
216260.0000 3.01258
216270.0000 2.93501
216280.0000 3.59295
216290.0000 3.36187
216300.0000 3.10730
216310.0000 3.08271
216320.0000 3.64429
216330.0000 3.46291
216340.0000 3.90423
216350.0000 4.17380
216360.0000 4.88666
216370.0000 4.74424
216380.0000 3.95998
216390.0000 3.59010
216400.0000 3.84519
216410.0000 3.94720
216420.0000 4.33632
216430.0000 3.97036
216440.0000 4.34981
216450.0000 4.40409
216460.0000 4.93213
216470.0000 4.30419
216480.0000 3.82954
216490.0000 3.87525
216500.0000 3.44335
216510.0000 3.66570
216520.0000 4.08804
216530.0000 3.77771
216540.0000 3.97794
216550.0000 4.58995
216560.0000 4.79258
216570.0000 4.05736
216580.0000 4.22435
216590.0000 3.85087
216600.0000 4.55466
216610.0000 4.68093
216620.0000 4.19910
216630.0000 3.85885
216640.0000 3.46012
216650.0000 4.12564
216660.0000 4.90680
216670.0000 5.04551
216680.0000 5.25525
216690.0000 5.02308
216700.0000 4.34048
216710.0000 4.35347
216720.0000 3.94003
216730.0000 3.76806
216740.0000 4.12805
216750.0000 3.93637
216760.0000 3.64150
216770.0000 3.54160
216780.0000 3.91820
216790.0000 4.46629
216800.0000 5.17869
216810.0000 4.73920
216820.0000 4.93517
216830.0000 5.49626
216840.0000 5.74080
216850.0000 5.56066
216860.0000 5.05364
216870.0000 4.94295
216880.0000 4.47633
216890.0000 4.26383
216900.0000 4.02368
216910.0000 4.47142
216920.0000 4.85430
216930.0000 4.87199
216940.0000 4.57715
216950.0000 4.74599
216960.0000 4.82172
216970.0000 4.31123
216980.0000 3.96800
216990.0000 3.57813
217000.0000 3.34167
217010.0000 3.71323
217020.0000 3.95058
217030.0000 4.26892
217040.0000 4.29868
217050.0000 3.90391
217060.0000 3.26653
217070.0000 3.20651
217080.0000 3.01671
217090.0000 2.92596
217100.0000 3.16510
217110.0000 3.37215
217120.0000 3.62971
217130.0000 3.83386
217140.0000 4.00945
217150.0000 4.10548
217160.0000 4.40580
217170.0000 3.84074
217180.0000 3.15650
217190.0000 3.53000
217200.0000 4.14841
217210.0000 4.37163
217220.0000 4.49009
217230.0000 4.51135
217240.0000 4.61696
217250.0000 4.51702
217260.0000 4.17886
217270.0000 3.57832
217280.0000 3.19778
217290.0000 2.67166
217300.0000 3.10823
217310.0000 3.65826
217320.0000 3.65089
217330.0000 3.45539
217340.0000 3.64194
217350.0000 3.52892
217360.0000 3.70740
217370.0000 3.39545
217380.0000 3.03680
217390.0000 3.17870
217400.0000 3.12547
217410.0000 2.75556
217420.0000 2.74219
217430.0000 2.74914
217440.0000 3.08260
217450.0000 3.37045
217460.0000 3.32495
217470.0000 3.25886
217480.0000 3.20758
217490.0000 3.08492
217500.0000 2.51920
217510.0000 2.78257
217520.0000 2.44265
217530.0000 2.35789
217540.0000 2.23304
217550.0000 2.25402
217560.0000 2.32369
217570.0000 2.40648
217580.0000 2.61337
217590.0000 2.07969
217600.0000 1.96714
217610.0000 1.62318
217620.0000 2.05066
217630.0000 1.61726
217640.0000 1.38253
217650.0000 1.13081
217660.0000 1.29694
217670.0000 1.17686
217680.0000 1.47969
217690.0000 1.53852
217700.0000 1.57482
217710.0000 2.13971
217720.0000 1.77784
217730.0000 2.01030
217740.0000 1.45285
217750.0000 1.26502
217760.0000 1.04293
217770.0000 0.74617
217780.0000 1.05839
217790.0000 1.07760
217800.0000 1.01290
217810.0000 1.09270
217820.0000 0.77859
217830.0000 0.64336
217840.0000 0.75315
217850.0000 1.48932
217860.0000 1.10206
217870.0000 0.96017
217880.0000 0.82730
217890.0000 0.93641
217900.0000 1.02746
217910.0000 1.08212
217920.0000 0.69393
217930.0000 0.39779
217940.0000 0.65334
217950.0000 1.37802
217960.0000 1.48683
217970.0000 1.53169
217980.0000 1.31018
217990.0000 1.01597
218000.0000 1.33951
218010.0000 0.46922
218020.0000 0.49201
218030.0000 0.96843
218040.0000 0.86766
218050.0000 1.13711
218060.0000 1.31156
218070.0000 1.20810
218080.0000 0.95785
218090.0000 1.30082
218100.0000 1.76908
218110.0000 1.41824
218120.0000 1.80367
218130.0000 1.85897
218140.0000 1.53087
218150.0000 1.86616
218160.0000 2.25344
218170.0000 2.16655
218180.0000 2.32174
218190.0000 2.22460
218200.0000 2.06814
218210.0000 1.87871
218220.0000 2.20738
218230.0000 2.30735
218240.0000 2.27086
218250.0000 2.15421
218260.0000 2.07666
218270.0000 2.42121
218280.0000 2.43124
218290.0000 2.44960
218300.0000 2.23378
218310.0000 2.21664
218320.0000 2.98878
218330.0000 2.54820
218340.0000 1.95731
218350.0000 1.97842
218360.0000 3.03707
218370.0000 3.08486
218380.0000 3.52116
218390.0000 3.41137
218400.0000 3.52583
218410.0000 3.39467
218420.0000 3.59506
218430.0000 3.26337
218440.0000 3.53681
218450.0000 4.28388
218460.0000 4.52750
218470.0000 5.01718
218480.0000 4.68513
218490.0000 4.51741
218500.0000 4.49679
218510.0000 5.19779
218520.0000 5.10766
218530.0000 4.92533
218540.0000 4.64290
218550.0000 4.12697
218560.0000 3.88089
218570.0000 3.52345
218580.0000 3.87741
218590.0000 3.63942
218600.0000 3.87908
218610.0000 3.65510
218620.0000 4.07212
218630.0000 4.07999
218640.0000 3.52291
218650.0000 3.80210
218660.0000 3.86233
218670.0000 3.75365
218680.0000 3.80382
218690.0000 3.72100
218700.0000 3.78746
218710.0000 3.92355
218720.0000 3.95564
218730.0000 4.60271
218740.0000 5.37386
218750.0000 4.92863
218760.0000 4.96830
218770.0000 5.05156
218780.0000 4.84639
218790.0000 4.62645
218800.0000 4.95481
218810.0000 4.97864
218820.0000 5.34582
218830.0000 5.45174
218840.0000 5.78297
218850.0000 4.94613
218860.0000 4.90788
218870.0000 5.07289
218880.0000 5.61785
218890.0000 5.69265
218900.0000 5.76000
218910.0000 6.02223
218920.0000 5.80729
218930.0000 5.36769
218940.0000 4.97958
218950.0000 5.17442
218960.0000 5.03414
218970.0000 4.62605
218980.0000 4.56966
218990.0000 4.10766
219000.0000 3.40933
219010.0000 3.87220
219020.0000 4.13675
219030.0000 4.30505
219040.0000 4.62009
219050.0000 5.28765
219060.0000 5.39165
219070.0000 5.40592
219080.0000 5.54670
219090.0000 5.16487
219100.0000 5.30079
219110.0000 5.42116
219120.0000 5.65429
219130.0000 5.26629
219140.0000 5.40866
219150.0000 5.08657
219160.0000 5.13985
219170.0000 5.26803
219180.0000 5.79210
219190.0000 5.51586
219200.0000 5.75733
219210.0000 5.61931
219220.0000 5.94362
219230.0000 5.91178
219240.0000 5.77482
219250.0000 5.83359
219260.0000 5.74978
219270.0000 5.51397
219280.0000 5.22007
219290.0000 5.01220
219300.0000 5.32490
219310.0000 5.27683
219320.0000 4.98585
219330.0000 4.51483
219340.0000 4.78718
219350.0000 4.47051
219360.0000 4.59056
219370.0000 4.57002
219380.0000 4.30578
219390.0000 4.27702
219400.0000 3.69748
219410.0000 3.48002
219420.0000 3.34092
219430.0000 3.07808
219440.0000 3.11626
219450.0000 3.39734
219460.0000 2.83400
219470.0000 2.95021
219480.0000 3.26647
219490.0000 3.39536
219500.0000 2.94683
219510.0000 3.10769
219520.0000 3.42600
219530.0000 2.90691
219540.0000 2.77027
219550.0000 2.45865
219560.0000 2.54040
219570.0000 3.28861
219580.0000 3.63455
219590.0000 3.63947
219600.0000 3.50516
219610.0000 3.45506
219620.0000 3.71101
219630.0000 3.46328
219640.0000 3.52833
219650.0000 3.55098
219660.0000 3.12860
219670.0000 3.16758
219680.0000 3.31750
219690.0000 2.59601
219700.0000 2.00668
219710.0000 2.21059
219720.0000 2.52082
219730.0000 2.47189
219740.0000 2.77956
219750.0000 2.49840
219760.0000 2.54281
219770.0000 2.17366
219780.0000 2.22152
219790.0000 1.70288
219800.0000 1.59768
219810.0000 1.53791
219820.0000 1.08610
219830.0000 0.52078
219840.0000 0.86011
219850.0000 1.16458
219860.0000 1.16502
219870.0000 0.61131
219880.0000 0.58186
219890.0000 0.75358
219900.0000 0.49946
219910.0000 0.26296
219920.0000 0.26834
219930.0000 0.07097
219940.0000 0.41158
219950.0000 0.34370
219960.0000 -0.08487
219970.0000 -0.55002
219980.0000 -0.20655
219990.0000 -0.38518
220000.0000 -0.29103
220010.0000 -0.17224
220020.0000 -0.27148
220030.0000 -0.19212
220040.0000 -0.27837
220050.0000 0.20348
220060.0000 0.38548
220070.0000 1.01118
220080.0000 1.02527
220090.0000 0.71853
220100.0000 0.68174
220110.0000 0.82280
220120.0000 0.74593
220130.0000 0.47377
220140.0000 0.49595
220150.0000 0.86869
220160.0000 0.51024
220170.0000 0.17470
220180.0000 0.27537
220190.0000 0.38093
220200.0000 0.96431
220210.0000 0.69984
220220.0000 0.42592
220230.0000 0.34697
220240.0000 0.23229
220250.0000 0.21071
220260.0000 -0.11494
220270.0000 0.15041
220280.0000 -0.38798
220290.0000 -0.15939
220300.0000 0.30358
220310.0000 0.08836
220320.0000 -0.54253
220330.0000 -0.18398
220340.0000 -0.30729
220350.0000 -0.15326
220360.0000 -0.62052
220370.0000 -1.51416
220380.0000 -1.16085
220390.0000 -1.43965
220400.0000 -1.85946
220410.0000 -1.96482
220420.0000 -1.82315
220430.0000 -1.88373
220440.0000 -1.44778
220450.0000 -1.02650
220460.0000 -1.41335
220470.0000 -1.85976
220480.0000 -2.58408
220490.0000 -2.33979
220500.0000 -2.06743
220510.0000 -2.39349
220520.0000 -2.31099
220530.0000 -2.07295
220540.0000 -1.87918
220550.0000 -1.24967
220560.0000 -0.81312
220570.0000 -0.32169
220580.0000 0.48342
220590.0000 0.49648
220600.0000 1.14652
220610.0000 1.37477
220620.0000 1.64640
220630.0000 1.50588
220640.0000 1.62930
220650.0000 1.47724
220660.0000 1.56958
220670.0000 1.84151
220680.0000 1.59236
220690.0000 1.74417
220700.0000 1.32742
220710.0000 0.64652
220720.0000 0.59861
220730.0000 -0.05728
220740.0000 -0.29958
220750.0000 -0.02603
220760.0000 0.08766
220770.0000 -0.67190
220780.0000 -0.40573
220790.0000 -0.61615
220800.0000 -0.48196
220810.0000 -0.33282
220820.0000 0.02024
220830.0000 -0.53222
220840.0000 -0.97435
220850.0000 -0.90165
220860.0000 -0.45210
220870.0000 -0.28151
220880.0000 -0.49119
220890.0000 -0.45934
220900.0000 -0.36903
220910.0000 -0.16531
220920.0000 -0.49821
220930.0000 -0.62674
220940.0000 -0.42369
220950.0000 0.13039
220960.0000 -0.14818
220970.0000 -0.22173
220980.0000 -0.05314
220990.0000 0.00904
221000.0000 -0.12709
221010.0000 0.03752
221020.0000 0.56399
221030.0000 0.21216
221040.0000 0.09380
221050.0000 -0.04109
221060.0000 0.04548
221070.0000 -0.08746
221080.0000 -0.15307
221090.0000 -0.63350
221100.0000 -1.10320
221110.0000 -0.96656
221120.0000 -1.24401
221130.0000 -1.80175
221140.0000 -2.00752
221150.0000 -2.62131
221160.0000 -2.11534
221170.0000 -1.86425
221180.0000 -1.09917
221190.0000 -1.07264
221200.0000 -0.70191
221210.0000 -0.24407
221220.0000 -0.04454
221230.0000 -0.24895
221240.0000 -0.55576
221250.0000 -0.49426
221260.0000 -0.59521
221270.0000 -0.02308
221280.0000 -0.42799
221290.0000 -0.09607
221300.0000 -0.67784
221310.0000 -1.15569
221320.0000 -1.31805
221330.0000 -1.02971
221340.0000 -1.56581
221350.0000 -1.09896
221360.0000 -1.60168
221370.0000 -2.24967
221380.0000 -2.20887
221390.0000 -2.14424
221400.0000 -2.59975
221410.0000 -2.06094
221420.0000 -1.41061
221430.0000 -1.73620
221440.0000 -1.99571
221450.0000 -1.61279
221460.0000 -0.90617
221470.0000 -0.74178
221480.0000 -0.67512
221490.0000 -0.34726
221500.0000 -0.03423
221510.0000 -0.24204
221520.0000 0.15382
221530.0000 -0.25070
221540.0000 0.02206
221550.0000 0.30584
221560.0000 0.66368
221570.0000 0.35914
221580.0000 0.89250
221590.0000 1.25081
221600.0000 1.02795
221610.0000 1.19635
221620.0000 1.02077
221630.0000 0.56025
221640.0000 0.06470
221650.0000 -0.46824
221660.0000 -0.61166
221670.0000 -0.94451
221680.0000 -1.55863
221690.0000 -1.35862
221700.0000 -0.92330
221710.0000 -0.35059
221720.0000 -0.19912
221730.0000 0.14340
221740.0000 -0.04386
221750.0000 -0.33748
221760.0000 -0.60997
221770.0000 0.12213
221780.0000 0.75084
221790.0000 1.02486
221800.0000 1.08733
221810.0000 1.12003
221820.0000 0.78972
221830.0000 0.61326
221840.0000 0.39236
221850.0000 0.80981
221860.0000 0.90412
221870.0000 0.72746
221880.0000 0.49234
221890.0000 0.12512
221900.0000 0.15266
221910.0000 -0.26406
221920.0000 0.24521
221930.0000 -0.16033
221940.0000 0.45620
221950.0000 0.62263
221960.0000 0.33620
221970.0000 0.40488
221980.0000 0.79616
221990.0000 1.02916
222000.0000 1.20118
222010.0000 1.44417
222020.0000 1.41488
222030.0000 1.08025
222040.0000 1.14826
222050.0000 1.46456
222060.0000 1.07063
222070.0000 0.81327
222080.0000 0.20569
222090.0000 0.54787
222100.0000 1.04718
222110.0000 0.54415
222120.0000 0.52435
222130.0000 -0.08990
222140.0000 -0.02832
222150.0000 -0.44342
222160.0000 -1.11383
222170.0000 -2.02630
222180.0000 -2.56192
222190.0000 -2.30290
222200.0000 -2.49159
222210.0000 -2.91700
222220.0000 -3.25477
222230.0000 -3.24650
222240.0000 -3.06232
222250.0000 -2.49158
222260.0000 -2.81074
222270.0000 -2.64536
222280.0000 -2.20402
222290.0000 -2.08156
222300.0000 -1.58128
222310.0000 -1.39062
222320.0000 -1.65798
222330.0000 -2.11452
222340.0000 -2.08902
222350.0000 -1.67144
222360.0000 -0.82548
222370.0000 -1.20091
222380.0000 -1.34232
222390.0000 -1.76934
222400.0000 -1.54977
222410.0000 -2.08949
222420.0000 -2.01003
222430.0000 -1.75290
222440.0000 -1.64080
222450.0000 -1.66266
222460.0000 -1.52885
222470.0000 -1.51883
222480.0000 -1.49107
222490.0000 -1.34302
222500.0000 -0.61865
222510.0000 -0.94113
222520.0000 -0.70805
222530.0000 -1.86003
222540.0000 -1.97761
222550.0000 -2.05358
222560.0000 -1.90789
222570.0000 -2.42178
222580.0000 -2.69342
222590.0000 -2.61006
222600.0000 -2.38727
222610.0000 -2.76409
222620.0000 -3.43044
222630.0000 -3.14698
222640.0000 -3.11349
222650.0000 -2.91990
222660.0000 -3.51542
222670.0000 -3.82015
222680.0000 -4.21836
222690.0000 -4.17969
222700.0000 -5.07241
222710.0000 -5.06472
222720.0000 -5.08964
222730.0000 -4.55332
222740.0000 -4.93361
222750.0000 -4.75802
222760.0000 -4.28822
222770.0000 -4.10845
222780.0000 -4.30458
222790.0000 -4.43149
222800.0000 -4.64397
222810.0000 -4.38701
222820.0000 -4.81212
222830.0000 -5.19248
222840.0000 -4.53890
222850.0000 -4.35201
222860.0000 -3.94591
222870.0000 -3.68322
222880.0000 -3.82124
222890.0000 -3.77046
222900.0000 -3.99485
222910.0000 -4.00148
222920.0000 -4.06525
222930.0000 -4.38937
222940.0000 -4.30992
222950.0000 -3.53254
222960.0000 -3.43503
222970.0000 -3.54672
222980.0000 -4.10860
222990.0000 -3.36681
223000.0000 -3.20086
223010.0000 -2.53663
223020.0000 -2.74499
223030.0000 -3.21141
223040.0000 -3.48818
223050.0000 -3.43151
223060.0000 -3.26388
223070.0000 -2.79428
223080.0000 -2.76185
223090.0000 -2.82417
223100.0000 -2.77428
223110.0000 -3.24855
223120.0000 -3.29022
223130.0000 -3.01473
223140.0000 -2.32353
223150.0000 -2.38593
223160.0000 -2.28647
223170.0000 -1.78492
223180.0000 -1.87185
223190.0000 -1.16292
223200.0000 -1.37542
223210.0000 -1.53174
223220.0000 -1.43601
223230.0000 -1.06113
223240.0000 -1.33502
223250.0000 -0.97405
223260.0000 -1.01365
223270.0000 -0.92985
223280.0000 -0.61570
223290.0000 -0.90984
223300.0000 -1.12437
223310.0000 -1.49351
223320.0000 -1.46657
223330.0000 -1.66648
223340.0000 -1.88065
223350.0000 -1.55880
223360.0000 -1.62782
223370.0000 -1.56524
223380.0000 -1.85545
223390.0000 -1.41006
223400.0000 -1.30533
223410.0000 -1.19620
223420.0000 -1.08117
223430.0000 -0.62778
223440.0000 -0.20232
223450.0000 0.10693
223460.0000 -0.41672
223470.0000 0.85885
223480.0000 0.95804
223490.0000 1.17639
223500.0000 1.29981
223510.0000 0.67251
223520.0000 0.61045
223530.0000 0.17592
223540.0000 -0.27998
223550.0000 -0.11766
223560.0000 0.27319
223570.0000 0.79054
223580.0000 0.94287
223590.0000 1.02980
223600.0000 1.05651
223610.0000 1.14466
223620.0000 0.55132
223630.0000 0.74248
223640.0000 1.15364
223650.0000 1.07218
223660.0000 1.22396
223670.0000 1.50192
223680.0000 1.28156
223690.0000 0.65422
223700.0000 1.71048
223710.0000 2.28092
223720.0000 2.03584
223730.0000 1.69014
223740.0000 1.77786
223750.0000 1.82173
223760.0000 2.25365
223770.0000 2.81531
223780.0000 3.41853
223790.0000 2.76799
223800.0000 2.51391
223810.0000 1.88944
223820.0000 1.98409
223830.0000 2.02942
223840.0000 1.87845
223850.0000 2.00232
223860.0000 1.80742
223870.0000 2.36141
223880.0000 2.44259
223890.0000 2.75163
223900.0000 2.25189
223910.0000 2.03953
223920.0000 1.49449
223930.0000 0.94714
223940.0000 0.57499
223950.0000 0.20452
223960.0000 0.65891
223970.0000 0.87448
223980.0000 0.55696
223990.0000 0.71748
224000.0000 0.52141
224010.0000 0.70677
224020.0000 0.66423
224030.0000 0.79987
224040.0000 0.36869
224050.0000 -0.30007
224060.0000 -0.73135
224070.0000 -0.75371
224080.0000 -1.51468
224090.0000 -1.22088
224100.0000 -0.82035
224110.0000 -0.89123
224120.0000 -1.19261
224130.0000 -1.45996
224140.0000 -1.44007
224150.0000 -1.83994
224160.0000 -1.96426
224170.0000 -2.04665
224180.0000 -2.69826
224190.0000 -2.35530
224200.0000 -2.68466
224210.0000 -2.92556
224220.0000 -3.02743
224230.0000 -2.85021
224240.0000 -2.99065
224250.0000 -3.36071
224260.0000 -2.88210
224270.0000 -3.06778
224280.0000 -3.22042
224290.0000 -3.72172
224300.0000 -3.32523
224310.0000 -3.55265
224320.0000 -3.06968
224330.0000 -2.74327
224340.0000 -1.69404
224350.0000 -1.12799
224360.0000 -1.21567
224370.0000 -1.31462
224380.0000 -1.40014
224390.0000 -2.08251
224400.0000 -2.24332
224410.0000 -2.44472
224420.0000 -3.19753
224430.0000 -3.00996
224440.0000 -2.87843
224450.0000 -2.40932
224460.0000 -1.98291
224470.0000 -1.87789
224480.0000 -1.68765
224490.0000 -1.52201
224500.0000 -1.67282
224510.0000 -1.80431
224520.0000 -2.59991
224530.0000 -2.87432
224540.0000 -3.43241
224550.0000 -4.28941
224560.0000 -4.50978
224570.0000 -4.43106
224580.0000 -3.75813
224590.0000 -3.50438
224600.0000 -3.36409
224610.0000 -3.37836
224620.0000 -3.09748
224630.0000 -2.95360
224640.0000 -2.80108
224650.0000 -2.66096
224660.0000 -3.00864
224670.0000 -3.23508
224680.0000 -3.41884
224690.0000 -2.94536
224700.0000 -3.51545
224710.0000 -3.23292
224720.0000 -3.52856
224730.0000 -4.39982
224740.0000 -5.33652
224750.0000 -5.10668
224760.0000 -4.94576
224770.0000 -5.29620
224780.0000 -5.54113
224790.0000 -5.85013
224800.0000 -5.88261
224810.0000 -6.13815
224820.0000 -6.48671
224830.0000 -6.79854
224840.0000 -7.15357
224850.0000 -6.99728
224860.0000 -6.74416
224870.0000 -5.90876
224880.0000 -5.23619
224890.0000 -5.55168
224900.0000 -6.22497
224910.0000 -5.71007
224920.0000 -5.21227
224930.0000 -5.60933
224940.0000 -5.91319
224950.0000 -6.07669
224960.0000 -6.56982
224970.0000 -6.84210
224980.0000 -6.97033
224990.0000 -6.44734
225000.0000 -6.51213
225010.0000 -6.82137
225020.0000 -6.74503
225030.0000 -6.05906
225040.0000 -5.89004
225050.0000 -5.37405
225060.0000 -5.16442
225070.0000 -4.43601
225080.0000 -3.96170
225090.0000 -4.49203
225100.0000 -4.35348
225110.0000 -4.22144
225120.0000 -3.93536
225130.0000 -3.82345
225140.0000 -4.01076
225150.0000 -3.85098
225160.0000 -4.13601
225170.0000 -3.40409
225180.0000 -3.38131
225190.0000 -3.16026
225200.0000 -2.98925
225210.0000 -3.03089
225220.0000 -3.04224
225230.0000 -3.28433
225240.0000 -2.98293
225250.0000 -2.49296
225260.0000 -1.91916
225270.0000 -1.89970
225280.0000 -1.61142
225290.0000 -1.68729
225300.0000 -2.31999
225310.0000 -2.42604
225320.0000 -1.97219
225330.0000 -1.72285
225340.0000 -1.77139
225350.0000 -1.44881
225360.0000 -1.69303
225370.0000 -1.86942
225380.0000 -1.98900
225390.0000 -1.77774
225400.0000 -2.19562
225410.0000 -3.11052
225420.0000 -3.37548
225430.0000 -3.08507
225440.0000 -3.14927
225450.0000 -3.64647
225460.0000 -3.99880
225470.0000 -4.20656
225480.0000 -4.17112
225490.0000 -4.42994
225500.0000 -4.59946
225510.0000 -4.89413
225520.0000 -4.71040
225530.0000 -4.55808
225540.0000 -4.32634
225550.0000 -4.13429
225560.0000 -4.42229
225570.0000 -4.31344
225580.0000 -4.17532
225590.0000 -4.35349
225600.0000 -4.26537
225610.0000 -4.16277
225620.0000 -3.74311
225630.0000 -4.00219
225640.0000 -4.61553
225650.0000 -4.40684
225660.0000 -5.26104
225670.0000 -5.21836
225680.0000 -5.22005
225690.0000 -5.29868
225700.0000 -4.92917
225710.0000 -4.61572
225720.0000 -3.83437
225730.0000 -3.99368
225740.0000 -3.87746
225750.0000 -3.60631
225760.0000 -3.31425
225770.0000 -3.49549
225780.0000 -4.05788
225790.0000 -4.14113
225800.0000 -4.37010
225810.0000 -4.74471
225820.0000 -5.06571
225830.0000 -5.96051
225840.0000 -5.31394
225850.0000 -5.52010
225860.0000 -5.64264
225870.0000 -6.02726
225880.0000 -5.88497
225890.0000 -5.31183
225900.0000 -5.62212
225910.0000 -5.42806
225920.0000 -5.12311
225930.0000 -5.68099
225940.0000 -5.12886
225950.0000 -4.72193
225960.0000 -4.13020
225970.0000 -4.00416
225980.0000 -3.61861
225990.0000 -3.31003
226000.0000 -2.84760
226010.0000 -2.86727
226020.0000 -2.86687
226030.0000 -3.49338
226040.0000 -3.12409
226050.0000 -2.01306
226060.0000 -2.33780
226070.0000 -1.80546
226080.0000 -2.57642
226090.0000 -2.18364
226100.0000 -3.03623
226110.0000 -3.22390
226120.0000 -2.75482
226130.0000 -3.42779
226140.0000 -3.94749
226150.0000 -4.18632
226160.0000 -4.24361
226170.0000 -4.06431
226180.0000 -3.14711
226190.0000 -2.44060
226200.0000 -2.82766
226210.0000 -3.08044
226220.0000 -3.32649
226230.0000 -3.51398
226240.0000 -3.16026
226250.0000 -3.48565
226260.0000 -3.47698
226270.0000 -3.73298
226280.0000 -4.66623
226290.0000 -3.99009
226300.0000 -4.62441
226310.0000 -5.05592
226320.0000 -4.78195
226330.0000 -4.82910
226340.0000 -4.89763
226350.0000 -4.68122
226360.0000 -5.08416
226370.0000 -5.13974
226380.0000 -5.26154
226390.0000 -5.59420
226400.0000 -5.56267
226410.0000 -5.87078
226420.0000 -5.31460
226430.0000 -4.96780
226440.0000 -4.70723
226450.0000 -4.84329
226460.0000 -5.23818
226470.0000 -4.69703
226480.0000 -5.06457
226490.0000 -4.57789
226500.0000 -4.28685
226510.0000 -3.98983
226520.0000 -3.98677
226530.0000 -3.77635
226540.0000 -3.72497
226550.0000 -3.35993
226560.0000 -3.40417
226570.0000 -3.33734
226580.0000 -3.59410
226590.0000 -2.94201
226600.0000 -2.53442
226610.0000 -2.13252
226620.0000 -1.61249
226630.0000 -1.22145
226640.0000 -0.82838
226650.0000 -0.50895
226660.0000 -0.78645
226670.0000 -1.26845
226680.0000 -1.10105
226690.0000 -1.27749
226700.0000 -1.17392
226710.0000 -1.18084
226720.0000 -1.64529
226730.0000 -2.42864
226740.0000 -2.92726
226750.0000 -2.92982
226760.0000 -3.14494
226770.0000 -3.31599
226780.0000 -3.54627
226790.0000 -4.46008
226800.0000 -5.44348
226810.0000 -5.90303
226820.0000 -6.27174
226830.0000 -5.84676
226840.0000 -5.65899
226850.0000 -5.41696
226860.0000 -5.90003
226870.0000 -6.40383
226880.0000 -7.02625
226890.0000 -7.48792
226900.0000 -7.50721
226910.0000 -7.15677
226920.0000 -6.96772
226930.0000 -7.32262
226940.0000 -6.92159
226950.0000 -7.01793
226960.0000 -7.23354
226970.0000 -7.43712
226980.0000 -7.37475
226990.0000 -7.81211
227000.0000 -7.47745
227010.0000 -7.93164
227020.0000 -8.16684
227030.0000 -7.99508
227040.0000 -7.60551
227050.0000 -7.07459
227060.0000 -7.70473
227070.0000 -7.36573
227080.0000 -7.71053
227090.0000 -7.46236
227100.0000 -7.03905
227110.0000 -6.67773
227120.0000 -6.93506
227130.0000 -6.95639
227140.0000 -6.73258
227150.0000 -6.90078
227160.0000 -7.72727
227170.0000 -7.46215
227180.0000 -7.47506
227190.0000 -7.39917
227200.0000 -6.78624
227210.0000 -6.34626
227220.0000 -6.58172
227230.0000 -6.52424
227240.0000 -6.27543
227250.0000 -6.20296
227260.0000 -5.29307
227270.0000 -4.68302
227280.0000 -4.26423
227290.0000 -4.61263
227300.0000 -5.34781
227310.0000 -4.26634
227320.0000 -3.24474
227330.0000 -3.69762
227340.0000 -5.16733
227350.0000 -4.74124
227360.0000 -6.05429
227370.0000 -7.03508
227380.0000 -8.03852
227390.0000 -7.69598
227400.0000 -7.52365
227410.0000 -7.46869
227420.0000 -6.79375
227430.0000 -7.02367
227440.0000 -6.94233
227450.0000 -5.89645
227460.0000 -6.35236
227470.0000 -5.32062
227480.0000 -5.17002
227490.0000 -5.00878
227500.0000 -4.87850
227510.0000 -5.14656
227520.0000 -5.49089
227530.0000 -5.58047
227540.0000 -5.57529
227550.0000 -5.83631
227560.0000 -5.20635
227570.0000 -5.90675
227580.0000 -6.16366
227590.0000 -5.47938
227600.0000 -4.47942
227610.0000 -4.87802
227620.0000 -4.75286
227630.0000 -5.68123
227640.0000 -6.09172
227650.0000 -6.43982
227660.0000 -6.55804
227670.0000 -5.79640
227680.0000 -6.54341
227690.0000 -7.44086
227700.0000 -6.91259
227710.0000 -6.79057
227720.0000 -7.22258
227730.0000 -7.68087
227740.0000 -8.70456
227750.0000 -9.14048
227760.0000 -9.15062
227770.0000 -9.28031
227780.0000 -9.29769
227790.0000 -9.15864
227800.0000 -8.66943
227810.0000 -7.73480
227820.0000 -7.38578
227830.0000 -8.16160
227840.0000 -8.83908
227850.0000 -8.26863
227860.0000 -7.92918
227870.0000 -7.27508
227880.0000 -7.66004
227890.0000 -7.23659
227900.0000 -6.78090
227910.0000 -6.53009
227920.0000 -7.05944
227930.0000 -7.36634
227940.0000 -7.12531
227950.0000 -7.27659
227960.0000 -7.05554
227970.0000 -7.34423
227980.0000 -7.50164
227990.0000 -8.02178
228000.0000 -8.28490
228010.0000 -8.22171
228020.0000 -8.33880
228030.0000 -8.81658
228040.0000 -8.85892
228050.0000 -9.10596
228060.0000 -9.37797
228070.0000 -9.38880
228080.0000 -9.13898
228090.0000 -8.87659
228100.0000 -8.81747
228110.0000 -8.68808
228120.0000 -8.37711
228130.0000 -8.31725
228140.0000 -8.43090
228150.0000 -8.07164
228160.0000 -9.18969
228170.0000 -9.49543
228180.0000 -8.81039
228190.0000 -8.94695
228200.0000 -9.00682
228210.0000 -9.43180
228220.0000 -10.00195
228230.0000 -10.21373
228240.0000 -10.61593
228250.0000 -10.54063
228260.0000 -10.51797
228270.0000 -9.91606
228280.0000 -9.56293
228290.0000 -8.86882
228300.0000 -8.45882
228310.0000 -8.31642
228320.0000 -8.37413
228330.0000 -8.67869
228340.0000 -8.60427
228350.0000 -8.74383
228360.0000 -8.92686
228370.0000 -8.19238
228380.0000 -8.13551
228390.0000 -7.51111
228400.0000 -7.85436
228410.0000 -7.71138
228420.0000 -7.92300
228430.0000 -8.05388
228440.0000 -8.13481
228450.0000 -8.21300
228460.0000 -8.39781
228470.0000 -8.74772
228480.0000 -8.93021
228490.0000 -9.27390
228500.0000 -8.71145
228510.0000 -8.17607
228520.0000 -8.97452
228530.0000 -9.05677
228540.0000 -8.97595
228550.0000 -9.21056
228560.0000 -9.19660
228570.0000 -9.22933
228580.0000 -8.90794
228590.0000 -8.20673
228600.0000 -7.89713
228610.0000 -8.01536
228620.0000 -7.46011
228630.0000 -8.41062
228640.0000 -8.27100
228650.0000 -8.81269
228660.0000 -8.56503
228670.0000 -8.47177
228680.0000 -8.61296
228690.0000 -8.19323
228700.0000 -8.28143
228710.0000 -8.64042
228720.0000 -9.12192
228730.0000 -9.06711
228740.0000 -9.08156
228750.0000 -8.48815
228760.0000 -8.78660
228770.0000 -8.70763
228780.0000 -8.73162
228790.0000 -8.45486
228800.0000 -8.80149
228810.0000 -8.84845
228820.0000 -8.78590
228830.0000 -8.77464
228840.0000 -9.35597
228850.0000 -9.69914
228860.0000 -9.58377
228870.0000 -9.14993
228880.0000 -8.78986
228890.0000 -9.03052
228900.0000 -8.61756
228910.0000 -7.87349
228920.0000 -8.30827
228930.0000 -8.77943
228940.0000 -8.51973
228950.0000 -8.76939
228960.0000 -8.18904
228970.0000 -7.64259
228980.0000 -7.93812
228990.0000 -7.45731
229000.0000 -7.63006
229010.0000 -6.83773
229020.0000 -6.25986
229030.0000 -5.69178
229040.0000 -6.47177
229050.0000 -6.59604
229060.0000 -7.04846
229070.0000 -7.63405
229080.0000 -7.88571
229090.0000 -7.37010
229100.0000 -4.81747
229110.0000 -4.98484
229120.0000 -3.56755
229130.0000 -3.13635
229140.0000 -2.92471
229150.0000 -2.86110
229160.0000 -2.86138
229170.0000 -1.97256
229180.0000 -1.55280
229190.0000 -2.36085
229200.0000 -3.06675
229210.0000 -3.02445
229220.0000 -2.38292
229230.0000 -1.62499
229240.0000 -1.34303
229250.0000 -0.80353
229260.0000 -0.86126
229270.0000 -0.79545
229280.0000 -0.62022
229290.0000 0.16971
229300.0000 0.40499
229310.0000 -0.79331
229320.0000 -0.85774
229330.0000 -1.43928
229340.0000 -2.25327
229350.0000 -2.80409
229360.0000 -2.99054
229370.0000 -1.85036
229380.0000 -1.54638
229390.0000 -2.25217
229400.0000 -1.71198
229410.0000 -1.87679
229420.0000 -1.68340
229430.0000 -2.34981
229440.0000 -3.00806
229450.0000 -2.59852
229460.0000 -1.52092
229470.0000 -0.94155
229480.0000 -0.42727
229490.0000 -0.41922
229500.0000 -0.66951
229510.0000 -0.71390
229520.0000 -0.17484
229530.0000 -0.57259
229540.0000 -0.92709
229550.0000 -0.34359
229560.0000 -0.19497
229570.0000 -0.68396
229580.0000 -0.23250
229590.0000 0.30789
229600.0000 0.80483
229610.0000 0.78537
229620.0000 1.13248
229630.0000 1.10500
229640.0000 0.92881
229650.0000 0.91787
229660.0000 0.85175
229670.0000 0.62736
229680.0000 0.53404
229690.0000 0.96108
229700.0000 0.79580
229710.0000 0.63457
229720.0000 1.11597
229730.0000 1.24598
229740.0000 0.83999
229750.0000 0.42777
229760.0000 0.90015
229770.0000 0.68766
229780.0000 1.06491
229790.0000 1.14195
229800.0000 1.50938
229810.0000 1.23585
229820.0000 1.08297
229830.0000 1.69816
229840.0000 2.06977
229850.0000 2.00202
229860.0000 1.48341
229870.0000 2.17665
229880.0000 2.24202
229890.0000 2.44072
229900.0000 2.61600
229910.0000 2.71406
229920.0000 3.35581
229930.0000 3.91649
229940.0000 4.28075
229950.0000 4.12285
229960.0000 4.25739
229970.0000 3.45607
229980.0000 3.13727
229990.0000 2.76727
230000.0000 1.78368
230010.0000 1.84415
230020.0000 1.68169
230030.0000 0.82856
230040.0000 0.48695
230050.0000 0.69257
230060.0000 0.28151
230070.0000 0.00631
230080.0000 0.27661
230090.0000 -0.11472
230100.0000 0.31923
230110.0000 0.33051
230120.0000 0.29837
230130.0000 0.11342
230140.0000 0.28492
230150.0000 0.51698
230160.0000 0.26985
230170.0000 0.61498
230180.0000 0.21018
230190.0000 1.36906
230200.0000 1.46342
230210.0000 1.22745
230220.0000 1.59921
230230.0000 1.56852
230240.0000 1.69389
230250.0000 1.57256
230260.0000 1.09754
230270.0000 0.56338
230280.0000 0.57527
230290.0000 0.74546
230300.0000 0.20679
230310.0000 -0.14689
230320.0000 -0.15608
230330.0000 0.67344
230340.0000 0.84564
230350.0000 0.98003
230360.0000 0.29983
230370.0000 0.37903
230380.0000 0.93871
230390.0000 0.73300
230400.0000 0.61138
230410.0000 0.09412
230420.0000 0.16371
230430.0000 0.26667
230440.0000 -0.00452
230450.0000 0.04055
230460.0000 0.08241
230470.0000 0.74610
230480.0000 0.70280
230490.0000 1.06672
230500.0000 0.90180
230510.0000 0.69813
230520.0000 0.48554
230530.0000 0.91174
230540.0000 1.35381
230550.0000 1.27745
230560.0000 1.39362
230570.0000 1.53960
230580.0000 1.88106
230590.0000 2.22671
230600.0000 2.27701
230610.0000 2.74738
230620.0000 2.40206
230630.0000 2.69167
230640.0000 3.00692
230650.0000 3.20985
230660.0000 3.60503
230670.0000 3.24651
230680.0000 3.15999
230690.0000 3.36897
230700.0000 3.06881
230710.0000 2.66805
230720.0000 2.38067
230730.0000 2.60771
230740.0000 2.07169
230750.0000 2.76284
230760.0000 2.47307
230770.0000 2.86011
230780.0000 2.72248
230790.0000 2.79263
230800.0000 2.71666
230810.0000 2.59902
230820.0000 2.80825
230830.0000 2.41478
230840.0000 2.67742
230850.0000 2.47854
230860.0000 1.76229
230870.0000 1.85780
230880.0000 2.04284
230890.0000 2.05299
230900.0000 2.31533
230910.0000 1.92391
230920.0000 1.57941
230930.0000 1.21540
230940.0000 1.07000
230950.0000 0.36198
230960.0000 0.51899
230970.0000 0.77011
230980.0000 1.04550
230990.0000 1.26671
231000.0000 1.19893
231010.0000 1.78516
231020.0000 2.24489
231030.0000 2.18146
231040.0000 2.09381
231050.0000 2.52805
231060.0000 2.71064
231070.0000 2.55562
231080.0000 2.46328
231090.0000 2.39365
231100.0000 2.19473
231110.0000 2.26643
231120.0000 2.15813
231130.0000 2.66372
231140.0000 2.43865
231150.0000 2.63775
231160.0000 1.85471
231170.0000 1.59510
231180.0000 1.98686
231190.0000 1.72972
231200.0000 1.56256
231210.0000 1.36876
231220.0000 1.28897
231230.0000 0.63432
231240.0000 1.16276
231250.0000 1.99830
231260.0000 2.16579
231270.0000 1.87006
231280.0000 1.77387
231290.0000 1.53256
231300.0000 2.26560
231310.0000 2.30640
231320.0000 2.87029
231330.0000 3.52210
231340.0000 3.52635
231350.0000 3.09372
231360.0000 3.06789
231370.0000 3.11553
231380.0000 3.60307
231390.0000 3.16427
231400.0000 3.71318
231410.0000 4.18206
231420.0000 4.12802
231430.0000 5.05043
231440.0000 5.33518
231450.0000 5.13980
231460.0000 5.28548
231470.0000 5.53149
231480.0000 5.78092
231490.0000 6.43804
231500.0000 7.14648
231510.0000 7.47169
231520.0000 7.51172
231530.0000 7.62297
231540.0000 7.74051
231550.0000 7.38253
231560.0000 7.59036
231570.0000 7.65170
231580.0000 7.82494
231590.0000 7.39773
231600.0000 7.08506
231610.0000 6.61328
231620.0000 6.12576
231630.0000 6.20114
231640.0000 5.86506
231650.0000 6.37447
231660.0000 6.18431
231670.0000 6.66637
231680.0000 6.75313
231690.0000 6.41819
231700.0000 6.53320
231710.0000 6.46406
231720.0000 5.89803
231730.0000 6.04298
231740.0000 5.65980
231750.0000 5.77365
231760.0000 5.74890
231770.0000 5.60894
231780.0000 5.33883
231790.0000 5.07270
231800.0000 5.27364
231810.0000 4.97362
231820.0000 4.87826
231830.0000 4.85026
231840.0000 4.78646
231850.0000 5.21103
231860.0000 5.77260
231870.0000 5.63630
231880.0000 5.70236
231890.0000 5.93362
231900.0000 5.99547
231910.0000 6.06147
231920.0000 6.00924
231930.0000 6.83296
231940.0000 6.97486
231950.0000 7.07154
231960.0000 7.28663
231970.0000 7.85645
231980.0000 7.77872
231990.0000 7.79418
232000.0000 7.89793
232010.0000 7.25148
232020.0000 6.77196
232030.0000 7.07157
232040.0000 7.41646
232050.0000 7.44369
232060.0000 7.85103
232070.0000 7.95091
232080.0000 7.79182
232090.0000 7.76760
232100.0000 8.31201
232110.0000 8.58604
232120.0000 8.88198
232130.0000 8.82615
232140.0000 8.98604
232150.0000 9.34487
232160.0000 10.01939
232170.0000 9.54909
232180.0000 9.54450
232190.0000 9.16203
232200.0000 9.11761
232210.0000 9.30050
232220.0000 9.40274
232230.0000 9.95321
232240.0000 9.46441
232250.0000 9.21926
232260.0000 9.77593
232270.0000 9.43728
232280.0000 9.68871
232290.0000 9.49269
232300.0000 9.24553
232310.0000 9.38080
232320.0000 8.94289
232330.0000 9.84604
232340.0000 10.06844
232350.0000 10.34108
232360.0000 9.79164
232370.0000 9.70940
232380.0000 9.21854
232390.0000 9.07455
232400.0000 8.67767
232410.0000 9.21517
232420.0000 8.83692
232430.0000 8.69191
232440.0000 8.02588
232450.0000 7.35712
232460.0000 7.40535
232470.0000 6.87342
232480.0000 6.29464
232490.0000 6.94818
232500.0000 6.31434
232510.0000 6.77937
232520.0000 6.51723
232530.0000 6.56056
232540.0000 6.50538
232550.0000 6.37959
232560.0000 6.39738
232570.0000 5.69474
232580.0000 5.15072
232590.0000 4.98636
232600.0000 5.14863
232610.0000 4.71596
232620.0000 4.92180
232630.0000 4.55603
232640.0000 4.57613
232650.0000 4.51251
232660.0000 4.85254
232670.0000 4.86517
232680.0000 4.40613
232690.0000 4.25555
232700.0000 4.36604
232710.0000 4.06983
232720.0000 4.06497
232730.0000 3.54313
232740.0000 3.55398
232750.0000 2.93367
232760.0000 2.87839
232770.0000 3.03428
232780.0000 2.49197
232790.0000 2.04632
232800.0000 2.13424
232810.0000 1.91274
232820.0000 1.67291
232830.0000 1.84832
232840.0000 2.21377
232850.0000 1.71364
232860.0000 2.32273
232870.0000 2.54881
232880.0000 2.60380
232890.0000 2.51350
232900.0000 2.58343
232910.0000 3.51991
232920.0000 4.50058
232930.0000 4.72693
232940.0000 5.01872
232950.0000 5.48647
232960.0000 5.35622
232970.0000 5.25732
232980.0000 4.56777
232990.0000 4.31736
233000.0000 4.41211
233010.0000 4.31889
233020.0000 4.47186
233030.0000 4.45027
233040.0000 3.72300
233050.0000 3.99662
233060.0000 3.07947
233070.0000 2.49498
233080.0000 2.62511
233090.0000 2.97007
233100.0000 3.02158
233110.0000 3.51380
233120.0000 3.44739
233130.0000 3.80600
233140.0000 4.56853
233150.0000 4.73134
233160.0000 4.96190
233170.0000 4.96159
233180.0000 4.65455
233190.0000 4.26780
233200.0000 4.41068
233210.0000 4.20779
233220.0000 3.85471
233230.0000 3.97003
233240.0000 3.81694
233250.0000 3.97195
233260.0000 3.59339
233270.0000 4.44868
233280.0000 4.07478
233290.0000 3.89384
233300.0000 3.35490
233310.0000 3.31257
233320.0000 3.56029
233330.0000 4.27092
233340.0000 4.28021
233350.0000 4.10439
233360.0000 3.76189
233370.0000 3.72861
233380.0000 4.43957
233390.0000 4.68397
233400.0000 4.79410
233410.0000 4.56201
233420.0000 5.13551
233430.0000 4.79804
233440.0000 4.61074
233450.0000 4.14694
233460.0000 3.90070
233470.0000 4.04923
233480.0000 4.46298
233490.0000 4.50456
233500.0000 4.58749
233510.0000 5.37308
233520.0000 5.49406
233530.0000 5.81387
233540.0000 5.46622
233550.0000 5.13243
233560.0000 5.46912
233570.0000 5.52288
233580.0000 5.57257
233590.0000 6.19254
233600.0000 6.09289
233610.0000 6.25666
233620.0000 7.36359
233630.0000 8.10396
233640.0000 8.13335
233650.0000 8.38338
233660.0000 7.92359
233670.0000 7.23152
233680.0000 7.53085
233690.0000 7.63797
233700.0000 7.69362
233710.0000 8.27390
233720.0000 9.12497
233730.0000 9.11455
233740.0000 9.67930
233750.0000 9.77534
233760.0000 9.21347
233770.0000 8.82738
233780.0000 8.66329
233790.0000 8.57770
233800.0000 7.95725
233810.0000 7.40499
233820.0000 7.34134
233830.0000 7.38635
233840.0000 7.23243
233850.0000 6.64563
233860.0000 6.37628
233870.0000 6.39947
233880.0000 6.11122
233890.0000 5.79473
233900.0000 6.26871
233910.0000 5.73072
233920.0000 5.85054
233930.0000 6.33536
233940.0000 7.00301
233950.0000 6.57811
233960.0000 6.73329
233970.0000 6.11935
233980.0000 6.33518
233990.0000 5.79748
234000.0000 5.92712
234010.0000 6.19825
234020.0000 5.91639
234030.0000 5.64877
234040.0000 5.54352
234050.0000 5.93538
234060.0000 5.71895
234070.0000 5.76990
234080.0000 5.56392
234090.0000 5.37671
234100.0000 5.47924
234110.0000 5.36714
234120.0000 5.42592
234130.0000 5.61694
234140.0000 4.97276
234150.0000 4.89477
234160.0000 5.10707
234170.0000 4.86901
234180.0000 4.32750
234190.0000 4.00143
234200.0000 3.76529
234210.0000 3.98853
234220.0000 3.70123
234230.0000 3.35464
234240.0000 3.15741
234250.0000 3.30093
234260.0000 3.24830
234270.0000 2.86156
234280.0000 2.85236
234290.0000 2.31820
234300.0000 2.08230
234310.0000 1.95768
234320.0000 1.94167
234330.0000 1.88213
234340.0000 2.13692
234350.0000 2.40236
234360.0000 2.69809
234370.0000 3.11650
234380.0000 2.41284
234390.0000 2.37355
234400.0000 2.35365
234410.0000 2.52369
234420.0000 2.63238
234430.0000 2.42564
234440.0000 3.25219
234450.0000 3.06340
234460.0000 3.16406
234470.0000 2.76036
234480.0000 2.11895
234490.0000 2.44444
234500.0000 2.27919
234510.0000 2.30918
234520.0000 2.42779
234530.0000 2.46230
234540.0000 2.13259
234550.0000 2.33785
234560.0000 2.73233
234570.0000 2.34714
234580.0000 1.96402
234590.0000 1.37689
234600.0000 0.83329
234610.0000 0.89084
234620.0000 0.83415
234630.0000 0.99353
234640.0000 1.09692
234650.0000 1.31427
234660.0000 1.77091
234670.0000 2.33046
234680.0000 2.93630
234690.0000 2.93510
234700.0000 2.46232
234710.0000 1.47989
234720.0000 1.73014
234730.0000 1.41120
234740.0000 0.92793
234750.0000 0.91250
234760.0000 0.54142
234770.0000 0.29512
234780.0000 -0.22466
234790.0000 -0.13878
234800.0000 0.13708
234810.0000 0.41915
234820.0000 -0.13570
234830.0000 0.13767
234840.0000 0.07714
234850.0000 0.03108
234860.0000 0.20902
234870.0000 0.67199
234880.0000 0.43403
234890.0000 0.46340
234900.0000 0.16319
234910.0000 0.39073
234920.0000 -0.00758
234930.0000 0.00509
234940.0000 0.24132
234950.0000 0.93751
234960.0000 0.98571
234970.0000 0.47419
234980.0000 0.22306
234990.0000 0.60900
235000.0000 0.55257
235010.0000 0.43947
235020.0000 0.93515
235030.0000 1.08942
235040.0000 1.85837
235050.0000 2.22820
235060.0000 2.30066
235070.0000 2.51781
235080.0000 3.15096
235090.0000 3.24160
235100.0000 2.88300
235110.0000 3.13041
235120.0000 3.46462
235130.0000 3.60021
235140.0000 3.34773
235150.0000 3.19413
235160.0000 2.88219
235170.0000 1.80199
235180.0000 1.69701
235190.0000 1.48518
235200.0000 0.04692
235210.0000 -0.25287
235220.0000 -0.42492
235230.0000 -0.65178
235240.0000 -0.67334
235250.0000 -0.74481
235260.0000 -0.41105
235270.0000 -0.82470
235280.0000 -1.42368
235290.0000 -1.38968
235300.0000 -2.03638
235310.0000 -2.48269
235320.0000 -2.59823
235330.0000 -2.51210
235340.0000 -2.49001
235350.0000 -2.90302
235360.0000 -2.98676
235370.0000 -3.39806
235380.0000 -3.45427
235390.0000 -3.71942
235400.0000 -3.28168
235410.0000 -2.99955
235420.0000 -2.37968
235430.0000 -2.18845
235440.0000 -1.86822
235450.0000 -1.78287
235460.0000 -1.35789
235470.0000 -1.81240
235480.0000 -2.13539
235490.0000 -2.17451
235500.0000 -2.09712
235510.0000 -1.75252
235520.0000 -1.37794
235530.0000 -1.07155
235540.0000 0.09844
235550.0000 -0.00570
235560.0000 0.08912
235570.0000 0.47438
235580.0000 0.18689
235590.0000 -0.22882
235600.0000 0.35028
235610.0000 -0.22620
235620.0000 -0.93201
235630.0000 -1.31174
235640.0000 -1.64969
235650.0000 -1.87566
235660.0000 -2.12789
235670.0000 -1.90729
235680.0000 -1.55577
235690.0000 -1.25533
235700.0000 -0.52990
235710.0000 -0.58976
235720.0000 -0.62499
235730.0000 -0.48894
235740.0000 -0.86425
235750.0000 -1.29527
235760.0000 -0.90318
235770.0000 -1.11240
235780.0000 -1.21319
235790.0000 -0.99910
235800.0000 -0.84761
235810.0000 -1.53257
235820.0000 -1.73183
235830.0000 -2.14557
235840.0000 -2.54904
235850.0000 -2.21448
235860.0000 -2.21386
235870.0000 -1.76820
235880.0000 -1.61816
235890.0000 -1.28674
235900.0000 -1.60794
235910.0000 -1.75886
235920.0000 -2.34151
235930.0000 -2.57978
235940.0000 -2.28389
235950.0000 -2.24091
235960.0000 -2.51604
235970.0000 -2.48791
235980.0000 -2.93357
235990.0000 -3.88752
236000.0000 -4.16754
236010.0000 -4.59789
236020.0000 -4.53580
236030.0000 -4.39993
236040.0000 -4.04833
236050.0000 -4.26298
236060.0000 -4.13430
236070.0000 -3.96726
236080.0000 -4.35253
236090.0000 -4.16050
236100.0000 -3.61691
236110.0000 -3.49510
236120.0000 -4.26483
236130.0000 -4.12241
236140.0000 -4.33117
236150.0000 -3.94797
236160.0000 -3.25864
236170.0000 -3.17056
236180.0000 -2.86141
236190.0000 -2.71222
236200.0000 -3.32603
236210.0000 -3.38984
236220.0000 -3.39827
236230.0000 -3.54260
236240.0000 -3.25077
236250.0000 -3.71882
236260.0000 -4.13951
236270.0000 -4.26250
236280.0000 -5.49681
236290.0000 -6.27522
236300.0000 -6.46330
236310.0000 -6.72522
236320.0000 -7.43388
236330.0000 -7.75740
236340.0000 -7.31668
236350.0000 -7.00532
236360.0000 -7.47160
236370.0000 -7.60691
236380.0000 -6.74325
236390.0000 -6.65190
236400.0000 -6.63795
236410.0000 -6.45136
236420.0000 -6.22175
236430.0000 -6.49903
236440.0000 -7.11234
236450.0000 -6.74708
236460.0000 -6.99597
236470.0000 -6.79245
236480.0000 -7.24648
236490.0000 -6.88753
236500.0000 -7.05988
236510.0000 -7.01578
236520.0000 -6.28751
236530.0000 -5.96068
236540.0000 -6.03358
236550.0000 -6.01580
236560.0000 -5.31340
236570.0000 -5.07017
236580.0000 -4.77084
236590.0000 -4.69259
236600.0000 -4.86204
236610.0000 -4.58575
236620.0000 -4.53145
236630.0000 -4.88010
236640.0000 -4.68552
236650.0000 -4.51268
236660.0000 -4.83552
236670.0000 -4.98182
236680.0000 -5.15998
236690.0000 -4.64422
236700.0000 -4.37083
236710.0000 -4.48088
236720.0000 -5.12337
236730.0000 -5.25123
236740.0000 -5.33759
236750.0000 -5.16256
236760.0000 -5.80638
236770.0000 -5.91385
236780.0000 -5.54987
236790.0000 -5.14804
236800.0000 -4.97008
236810.0000 -4.86471
236820.0000 -4.66929
236830.0000 -4.21758
236840.0000 -4.03961
236850.0000 -4.13897
236860.0000 -4.27861
236870.0000 -4.56676
236880.0000 -4.86161
236890.0000 -5.14442
236900.0000 -4.88713
236910.0000 -5.34795
236920.0000 -5.65983
236930.0000 -5.69689
236940.0000 -5.57917
236950.0000 -5.00047
236960.0000 -5.56355
236970.0000 -5.57292
236980.0000 -5.68601
236990.0000 -6.18076
237000.0000 -5.90757
237010.0000 -6.10440
237020.0000 -6.04383
237030.0000 -5.68753
237040.0000 -5.59399
237050.0000 -4.93730
237060.0000 -5.10432
237070.0000 -5.14725
237080.0000 -4.95891
237090.0000 -4.59121
237100.0000 -5.11776
237110.0000 -4.94734
237120.0000 -4.54406
237130.0000 -4.41068
237140.0000 -4.62815
237150.0000 -4.77395
237160.0000 -4.62805
237170.0000 -4.51059
237180.0000 -4.00432
237190.0000 -4.07210
237200.0000 -3.72545
237210.0000 -3.68255
237220.0000 -3.61149
237230.0000 -3.65129
237240.0000 -4.17422
237250.0000 -4.42465
237260.0000 -3.87241
237270.0000 -4.15981
237280.0000 -4.34758
237290.0000 -4.20868
237300.0000 -4.30659
237310.0000 -4.02387
237320.0000 -4.04771
237330.0000 -4.20308
237340.0000 -3.92473
237350.0000 -3.63890
237360.0000 -3.57210
237370.0000 -3.15566
237380.0000 -3.31671
237390.0000 -3.28990
237400.0000 -2.85096
237410.0000 -2.63396
237420.0000 -3.29984
237430.0000 -2.87564
237440.0000 -3.17700
237450.0000 -3.49443
237460.0000 -3.43201
237470.0000 -3.92787
237480.0000 -3.94572
237490.0000 -3.29698
237500.0000 -2.86472
237510.0000 -3.29589
237520.0000 -3.57057
237530.0000 -3.20340
237540.0000 -3.22426
237550.0000 -3.45892
237560.0000 -3.27824
237570.0000 -3.46964
237580.0000 -3.46049
237590.0000 -3.50539
237600.0000 -3.07702
237610.0000 -3.65261
237620.0000 -3.56066
237630.0000 -3.58182
237640.0000 -3.52464
237650.0000 -4.02360
237660.0000 -4.26463
237670.0000 -4.70033
237680.0000 -4.72473
237690.0000 -4.23934
237700.0000 -4.08303
237710.0000 -3.97754
237720.0000 -4.10274
237730.0000 -4.24904
237740.0000 -3.69519
237750.0000 -4.07088
237760.0000 -4.32379
237770.0000 -4.37156
237780.0000 -4.56323
237790.0000 -4.59272
237800.0000 -4.24845
237810.0000 -4.58906
237820.0000 -4.55161
237830.0000 -4.21518
237840.0000 -4.42876
237850.0000 -4.57334
237860.0000 -4.94642
237870.0000 -5.49745
237880.0000 -4.67963
237890.0000 -4.00771
237900.0000 -4.36660
237910.0000 -4.13582
237920.0000 -4.52570
237930.0000 -4.21000
237940.0000 -4.41750
237950.0000 -4.27450
237960.0000 -4.16895
237970.0000 -4.74749
237980.0000 -5.30989
237990.0000 -4.87084
238000.0000 -5.33360
238010.0000 -5.35681
238020.0000 -4.74511
238030.0000 -5.01308
238040.0000 -5.30189
238050.0000 -5.38813
238060.0000 -5.58810
238070.0000 -5.78495
238080.0000 -5.84543
238090.0000 -5.86466
238100.0000 -6.55325
238110.0000 -6.65602
238120.0000 -6.62315
238130.0000 -6.28431
238140.0000 -6.41682
238150.0000 -6.78989
238160.0000 -6.85976
238170.0000 -7.25613
238180.0000 -7.32712
238190.0000 -7.84525
238200.0000 -8.43436
238210.0000 -8.02724
238220.0000 -8.78796
238230.0000 -8.78481
238240.0000 -8.22315
238250.0000 -7.83196
238260.0000 -7.50784
238270.0000 -7.78304
238280.0000 -7.78915
238290.0000 -8.02519
238300.0000 -7.31703
238310.0000 -7.18487
238320.0000 -7.78318
238330.0000 -7.50866
238340.0000 -7.16548
238350.0000 -7.26896
238360.0000 -7.77806
238370.0000 -7.60435
238380.0000 -7.70397
238390.0000 -8.16739
238400.0000 -7.92946
238410.0000 -7.65829
238420.0000 -7.22884
238430.0000 -6.96957
238440.0000 -6.78527
238450.0000 -6.72013
238460.0000 -6.84079
238470.0000 -6.60654
238480.0000 -6.65742
238490.0000 -6.58913
238500.0000 -7.02102
238510.0000 -6.90040
238520.0000 -7.10884
238530.0000 -7.30822
238540.0000 -7.34493
238550.0000 -7.45534
238560.0000 -7.56295
238570.0000 -7.70022
238580.0000 -7.67685
238590.0000 -7.96560
238600.0000 -8.38429
238610.0000 -8.24237
238620.0000 -8.30242
238630.0000 -8.53829
238640.0000 -8.42583
238650.0000 -8.85965
238660.0000 -8.51572
238670.0000 -8.84013
238680.0000 -8.59359
238690.0000 -8.98925
238700.0000 -9.22978
238710.0000 -9.48016
238720.0000 -9.44290
238730.0000 -9.44662
238740.0000 -8.99485
238750.0000 -9.32701
238760.0000 -8.91032
238770.0000 -8.53922
238780.0000 -8.70302
238790.0000 -8.89074
238800.0000 -8.79469
238810.0000 -9.19985
238820.0000 -8.46670
238830.0000 -8.57816
238840.0000 -8.29177
238850.0000 -7.67572
238860.0000 -7.59885
238870.0000 -6.96049
238880.0000 -7.43307
238890.0000 -7.64270
238900.0000 -7.57939
238910.0000 -7.50606
238920.0000 -7.43702
238930.0000 -7.67920
238940.0000 -7.23756
238950.0000 -7.19758
238960.0000 -7.27877
238970.0000 -7.47239
238980.0000 -7.30290
238990.0000 -7.69806
239000.0000 -7.50642
239010.0000 -7.44158
239020.0000 -7.35351
239030.0000 -7.43024
239040.0000 -7.05446
239050.0000 -6.68446
239060.0000 -6.47032
239070.0000 -6.78544
239080.0000 -6.79089
239090.0000 -6.18712
239100.0000 -6.38964
239110.0000 -6.85695
239120.0000 -6.78654
239130.0000 -6.76012
239140.0000 -6.34202
239150.0000 -5.94632
239160.0000 -5.69357
239170.0000 -5.28033
239180.0000 -5.31731
239190.0000 -5.15525
239200.0000 -5.42736
239210.0000 -5.88439
239220.0000 -5.60636
239230.0000 -5.82774
239240.0000 -6.50129
239250.0000 -6.26881
239260.0000 -6.51178
239270.0000 -6.95335
239280.0000 -7.54102
239290.0000 -6.91030
239300.0000 -6.45627
239310.0000 -5.72160
239320.0000 -6.45819
239330.0000 -6.40526
239340.0000 -5.99938
239350.0000 -5.32077
239360.0000 -5.49324
239370.0000 -4.92902
239380.0000 -5.38208
239390.0000 -4.60776
239400.0000 -4.57513
239410.0000 -5.28960
239420.0000 -4.50897
239430.0000 -4.36961
239440.0000 -4.78518
239450.0000 -4.79214
239460.0000 -4.60879
239470.0000 -3.97590
239480.0000 -3.98996
239490.0000 -4.05089
239500.0000 -4.26145
239510.0000 -4.55281
239520.0000 -4.32582
239530.0000 -4.46320
239540.0000 -4.50407
239550.0000 -4.19544
239560.0000 -4.12427
239570.0000 -4.06608
239580.0000 -3.98444
239590.0000 -4.40087
239600.0000 -4.53510
239610.0000 -4.42237
239620.0000 -4.67626
239630.0000 -4.61992
239640.0000 -4.96882
239650.0000 -5.58996
239660.0000 -5.71913
239670.0000 -5.69061
239680.0000 -5.74330
239690.0000 -5.08645
239700.0000 -4.72578
239710.0000 -4.59443
239720.0000 -4.60417
239730.0000 -5.12971
239740.0000 -4.92418
239750.0000 -4.54181
239760.0000 -4.52583
239770.0000 -4.19667
239780.0000 -3.90334
239790.0000 -3.90623
239800.0000 -4.28364
239810.0000 -4.27869
239820.0000 -4.04275
239830.0000 -3.97846
239840.0000 -3.75782
239850.0000 -3.62552
239860.0000 -2.93247
239870.0000 -3.19427
239880.0000 -3.33931
239890.0000 -3.19402
239900.0000 -3.80353
239910.0000 -4.31967
239920.0000 -3.83777
239930.0000 -3.76178
239940.0000 -4.14820
239950.0000 -3.79014
239960.0000 -3.51143
239970.0000 -3.21365
239980.0000 -3.28497
239990.0000 -3.23256
240000.0000 -3.02464
240010.0000 -2.89294
240020.0000 -3.38825
240030.0000 -3.17455
240040.0000 -3.21167
240050.0000 -3.35907
240060.0000 -3.42796
240070.0000 -3.71307
240080.0000 -3.60974
240090.0000 -3.72580
240100.0000 -4.05777
240110.0000 -3.71538
240120.0000 -4.26238
240130.0000 -4.31750
240140.0000 -4.17163
240150.0000 -3.87828
240160.0000 -4.42330
240170.0000 -4.42869
240180.0000 -4.23220
240190.0000 -4.42299
240200.0000 -4.70519
240210.0000 -5.05785
240220.0000 -5.76076
240230.0000 -5.51301
240240.0000 -5.47358
240250.0000 -5.36934
240260.0000 -5.43159
240270.0000 -5.44169
240280.0000 -5.02538
240290.0000 -5.38570
240300.0000 -5.36210
240310.0000 -4.80126
240320.0000 -3.88844
240330.0000 -3.57426
240340.0000 -3.78473
240350.0000 -3.64865
240360.0000 -4.20188
240370.0000 -4.81980
240380.0000 -5.36697
240390.0000 -5.04239
240400.0000 -5.00553
240410.0000 -4.97434
240420.0000 -4.19727
240430.0000 -3.70449
240440.0000 -4.05415
240450.0000 -4.23145
240460.0000 -3.88111
240470.0000 -3.89726
240480.0000 -3.71432
240490.0000 -3.70757
240500.0000 -3.76609
240510.0000 -3.71757
240520.0000 -3.53850
240530.0000 -3.56683
240540.0000 -3.77196
240550.0000 -3.81969
240560.0000 -3.65650
240570.0000 -3.94301
240580.0000 -3.60674
240590.0000 -3.39724
240600.0000 -3.25486
240610.0000 -3.36645
240620.0000 -3.89673
240630.0000 -3.75729
240640.0000 -3.45249
240650.0000 -3.54812
240660.0000 -3.81780
240670.0000 -3.88548
240680.0000 -3.99305
240690.0000 -4.19598
240700.0000 -3.14028
240710.0000 -3.23409
240720.0000 -3.76823
240730.0000 -3.57811
240740.0000 -3.75328
240750.0000 -3.60867
240760.0000 -3.39501
240770.0000 -2.94509
240780.0000 -3.03922
240790.0000 -2.61535
240800.0000 -2.29865
240810.0000 -2.45306
240820.0000 -2.43583
240830.0000 -2.47978
240840.0000 -2.12326
240850.0000 -1.78784
240860.0000 -2.02241
240870.0000 -2.04894
240880.0000 -2.08648
240890.0000 -2.18048
240900.0000 -2.47769
240910.0000 -2.57666
240920.0000 -2.88082
240930.0000 -2.76905
240940.0000 -3.03315
240950.0000 -3.70881
240960.0000 -3.54925
240970.0000 -3.46669
240980.0000 -3.84193
240990.0000 -3.48365
241000.0000 -3.57038
241010.0000 -3.72653
241020.0000 -4.25982
241030.0000 -3.97053
241040.0000 -4.13761
241050.0000 -3.93319
241060.0000 -4.15383
241070.0000 -4.64813
241080.0000 -4.65369
241090.0000 -4.10530
241100.0000 -4.31373
241110.0000 -4.74073
241120.0000 -4.76842
241130.0000 -4.71668
241140.0000 -4.60467
241150.0000 -4.83847
241160.0000 -4.77469
241170.0000 -5.15792
241180.0000 -5.54406
241190.0000 -5.72756
241200.0000 -4.86910
241210.0000 -4.99826
241220.0000 -5.20718
241230.0000 -5.39616
241240.0000 -5.76971
241250.0000 -5.67187
241260.0000 -5.68157
241270.0000 -5.58917
241280.0000 -5.83180
241290.0000 -5.75196
241300.0000 -6.03480
241310.0000 -5.99882
241320.0000 -5.82707
241330.0000 -5.59143
241340.0000 -6.21979
241350.0000 -6.16909
241360.0000 -6.66302
241370.0000 -7.26034
241380.0000 -6.89415
241390.0000 -7.13314
241400.0000 -7.41732
241410.0000 -7.63907
241420.0000 -7.83176
241430.0000 -7.84685
241440.0000 -8.76645
241450.0000 -8.87688
241460.0000 -8.89350
241470.0000 -9.00621
241480.0000 -7.83317
241490.0000 -8.15225
241500.0000 -7.31255
241510.0000 -10.41154
241520.0000 -10.34236
241530.0000 -4.57408
241540.0000 -5.56854
241550.0000 -9.72031
241560.0000 -8.93448
241570.0000 -10.14423
241580.0000 -10.14830
241590.0000 -10.84122
241600.0000 -10.57639
241610.0000 -9.63345
241620.0000 -7.70295
241630.0000 -6.31472
241640.0000 -6.55537
241650.0000 -8.20850
241660.0000 -8.61378
241670.0000 -7.23591
241680.0000 -5.32341
241690.0000 -6.20601
241700.0000 -6.14585
241710.0000 -9.56711
241720.0000 -10.46834
241730.0000 -9.29869
241740.0000 -9.05758
241750.0000 -9.42115
241760.0000 -8.97958
241770.0000 -8.45608
241780.0000 -8.54008
241790.0000 -9.23769
241800.0000 -7.43651
241810.0000 -6.98251
241820.0000 -6.53556
241830.0000 -6.30498
241840.0000 -6.99897
241850.0000 -7.71707
241860.0000 -7.95098
241870.0000 -8.14043
241880.0000 -7.81445
241890.0000 -7.97516
241900.0000 -7.30431
241910.0000 -6.21367
241920.0000 -7.56719
241930.0000 -7.51171
241940.0000 -7.89565
241950.0000 -7.64008
241960.0000 -6.73956
241970.0000 -6.94768
241980.0000 -8.18160
241990.0000 -8.19182
242000.0000 -7.31372
242010.0000 -7.59535
242020.0000 -7.35284
242030.0000 -7.48348
242040.0000 -8.28447
242050.0000 -8.22729
242060.0000 -8.29460
242070.0000 -8.13941
242080.0000 -8.25486
242090.0000 -8.29449
242100.0000 -8.43983
242110.0000 -8.15009
242120.0000 -7.84719
242130.0000 -8.33500
242140.0000 -7.88205
242150.0000 -7.82647
242160.0000 -7.88273
242170.0000 -8.42907
242180.0000 -8.49351
242190.0000 -8.21853
242200.0000 -7.97884
242210.0000 -7.89598
242220.0000 -7.93413
242230.0000 -8.25398
242240.0000 -7.65657
242250.0000 -8.14881
242260.0000 -7.88685
242270.0000 -7.86252
242280.0000 -6.68715
242290.0000 -7.06856
242300.0000 -7.04789
242310.0000 -7.90773
242320.0000 -7.86222
242330.0000 -7.37080
242340.0000 -7.19175
242350.0000 -7.80759
242360.0000 -7.52143
242370.0000 -7.26378
242380.0000 -8.08490
242390.0000 -8.22409
242400.0000 -8.30084
242410.0000 -7.81402
242420.0000 -8.05787
242430.0000 -8.00667
242440.0000 -7.74054
242450.0000 -7.22174
242460.0000 -5.52065
242470.0000 -5.40123
242480.0000 -8.02702
242490.0000 -7.74431
242500.0000 -7.91302
242510.0000 -8.12162
242520.0000 -8.35730
242530.0000 -8.12616
242540.0000 -7.58409
242550.0000 -5.28301
242560.0000 -4.83313
242570.0000 -5.06224
242580.0000 -3.58486
242590.0000 -4.40283
242600.0000 -5.16522
242610.0000 -6.68436
242620.0000 -6.77579
242630.0000 -5.69157
242640.0000 -7.95200
242650.0000 -7.53407
242660.0000 -8.01651
242670.0000 -8.73657
242680.0000 -7.27857
242690.0000 -8.46336
242700.0000 -7.85046
242710.0000 -7.50370
242720.0000 -5.87025
242730.0000 -8.07111
242740.0000 -6.47271
242750.0000 -8.02693
242760.0000 -8.02154
242770.0000 -8.43371
242780.0000 -8.25622
242790.0000 -8.31705
242800.0000 -8.56841
242810.0000 -8.05970
242820.0000 -7.45941
242830.0000 -7.62801
242840.0000 -8.26139
242850.0000 -8.80765
242860.0000 -8.63613
242870.0000 -8.28050
242880.0000 -7.91887
242890.0000 -7.79723
242900.0000 -7.68726
242910.0000 -7.99607
242920.0000 -8.07514
242930.0000 -7.89760
242940.0000 -7.66175
242950.0000 -7.76030
242960.0000 -7.60534
242970.0000 -7.57814
242980.0000 -8.00894
242990.0000 -8.31554
243000.0000 -8.14985
243010.0000 -8.38095
243020.0000 -8.40295
243030.0000 -8.16321
243040.0000 -8.12511
243050.0000 -7.46239
243060.0000 -7.11551
243070.0000 -7.79290
243080.0000 -8.50690
243090.0000 -7.64845
243100.0000 -7.93205
243110.0000 -9.06963
243120.0000 -9.04027
243130.0000 -9.00533
243140.0000 -9.67829
243150.0000 -9.48544
243160.0000 -9.00228
243170.0000 -9.08948
243180.0000 -8.52544
243190.0000 -8.92685
243200.0000 -8.74554
243210.0000 -8.92257
243220.0000 -8.88286
243230.0000 -9.20652
243240.0000 -9.22166
243250.0000 -8.88487
243260.0000 -8.84277
243270.0000 -8.35247
243280.0000 -9.38712
243290.0000 -9.01602
243300.0000 -8.44221
243310.0000 -8.25889
243320.0000 -8.34888
243330.0000 -8.33155
243340.0000 -8.75241
243350.0000 -8.17441
243360.0000 -8.14342
243370.0000 -8.07117
243380.0000 -8.49862
243390.0000 -8.04928
243400.0000 -7.91757
243410.0000 -8.51339
243420.0000 -8.49279
243430.0000 -8.95295
243440.0000 -9.09167
243450.0000 -9.09567
243460.0000 -8.97747
243470.0000 -9.34935
243480.0000 -9.01139
243490.0000 -9.01458
243500.0000 -9.09401
243510.0000 -7.21397
243520.0000 -7.25313
243530.0000 -5.62334
243540.0000 -5.37174
243550.0000 -5.06322
243560.0000 -4.24629
243570.0000 -3.23873
243580.0000 -3.81825
243590.0000 -3.79646
243600.0000 -3.62884
243610.0000 -3.88163
243620.0000 -4.86847
243630.0000 -4.80776
243640.0000 -5.72240
243650.0000 -5.06957
243660.0000 -4.23630
243670.0000 -4.30775
243680.0000 -4.77449
243690.0000 -4.81633
243700.0000 -5.36178
243710.0000 -5.33000
243720.0000 -5.02847
243730.0000 -4.92131
243740.0000 -5.11751
243750.0000 -6.17659
243760.0000 -6.07251
243770.0000 -5.33591
243780.0000 -5.63444
243790.0000 -5.97717
243800.0000 -5.47161
243810.0000 -6.14383
243820.0000 -6.54829
243830.0000 -7.07048
243840.0000 -7.28667
243850.0000 -7.60633
243860.0000 -7.37415
243870.0000 -7.37888
243880.0000 -7.55289
243890.0000 -7.86929
243900.0000 -7.97696
243910.0000 -8.24403
243920.0000 -8.34295
243930.0000 -8.11582
243940.0000 -7.59611
243950.0000 -8.34742
243960.0000 -7.65612
243970.0000 -7.80673
243980.0000 -8.09387
243990.0000 -8.35293
244000.0000 -7.60818
244010.0000 -7.50136
244020.0000 -6.97513
244030.0000 -7.25757
244040.0000 -7.93147
244050.0000 -7.94697
244060.0000 -8.27619
244070.0000 -7.92045
244080.0000 -7.59142
244090.0000 -8.02690
244100.0000 -8.42670
244110.0000 -8.60624
244120.0000 -8.29424
244130.0000 -7.58848
244140.0000 -7.13040
244150.0000 -6.28089
244160.0000 -6.21709
244170.0000 -5.94428
244180.0000 -6.50002
244190.0000 -6.69649
244200.0000 -6.26240
244210.0000 -6.73022
244220.0000 -6.47729
244230.0000 -6.92780
244240.0000 -7.40072
244250.0000 -7.78400
244260.0000 -7.87498
244270.0000 -7.47867
244280.0000 -7.56896
244290.0000 -7.42276
244300.0000 -7.50897
244310.0000 -7.45018
244320.0000 -7.25542
244330.0000 -7.67703
244340.0000 -7.68675
244350.0000 -7.28999
244360.0000 -7.26232
244370.0000 -7.10421
244380.0000 -6.96885
244390.0000 -6.77981
244400.0000 -6.80711
244410.0000 -6.51338
244420.0000 -6.61940
244430.0000 -6.77091
244440.0000 -6.84771
244450.0000 -7.51240
244460.0000 -7.17190
244470.0000 -6.59209
244480.0000 -7.11735
244490.0000 -7.40039
244500.0000 -6.70841
244510.0000 -6.66192
244520.0000 -7.17792
244530.0000 -7.01080
244540.0000 -7.19007
244550.0000 -7.20921
244560.0000 -6.95974
244570.0000 -6.93116
244580.0000 -7.01994
244590.0000 -6.94461
244600.0000 -7.02655
244610.0000 -7.05770
244620.0000 -6.30387
244630.0000 -6.30472
244640.0000 -6.66516
244650.0000 -6.33480
244660.0000 -6.56226
244670.0000 -6.21864
244680.0000 -5.82179
244690.0000 -6.66746
244700.0000 -7.21180
244710.0000 -7.35948
244720.0000 -7.01777
244730.0000 -6.39330
244740.0000 -6.60579
244750.0000 -7.16365
244760.0000 -6.33010
244770.0000 -6.58303
244780.0000 -5.23814
244790.0000 -4.68008
244800.0000 -4.86711
244810.0000 -5.84878
244820.0000 -6.41277
244830.0000 -6.93839
244840.0000 -7.14570
244850.0000 -7.38810
244860.0000 -7.59658
244870.0000 -7.39201
244880.0000 -7.79136
244890.0000 -7.90409
244900.0000 -7.91623
244910.0000 -8.12169
244920.0000 -8.34492
244930.0000 -8.14775
244940.0000 -8.16462
244950.0000 -7.86992
244960.0000 -7.40658
244970.0000 -7.36870
244980.0000 -6.62251
244990.0000 -6.24147
245000.0000 -6.56283
245010.0000 -6.66256
245020.0000 -6.61832
245030.0000 -6.14406
245040.0000 -6.02556
245050.0000 -5.59443
245060.0000 -5.68765
245070.0000 -5.67420
245080.0000 -5.57095
245090.0000 -5.99080
245100.0000 -5.80641
245110.0000 -5.24291
245120.0000 -5.87349
245130.0000 -6.03150
245140.0000 -6.37116
245150.0000 -5.74718
245160.0000 -5.88957
245170.0000 -6.29504
245180.0000 -5.93494
245190.0000 -5.37805
245200.0000 -5.10141
245210.0000 -4.12507
245220.0000 -3.80131
245230.0000 -4.22270
245240.0000 -4.23145
245250.0000 -4.05131
245260.0000 -4.15759
245270.0000 -3.38252
245280.0000 -4.18465
245290.0000 -4.33576
245300.0000 -3.96766
245310.0000 -3.59395
245320.0000 -3.98863
245330.0000 -4.04927
245340.0000 -3.70750
245350.0000 -3.50849
245360.0000 -2.51750
245370.0000 -2.22146
245380.0000 -2.62515
245390.0000 -1.91080
245400.0000 -1.72432
245410.0000 -1.66239
245420.0000 -1.59774
245430.0000 -1.87381
245440.0000 -1.39577
245450.0000 -0.96419
245460.0000 -0.99008
245470.0000 -1.26998
245480.0000 -1.47700
245490.0000 -1.64495
245500.0000 -1.66142
245510.0000 -1.34896
245520.0000 -1.07540
245530.0000 -0.89387
245540.0000 -1.28003
245550.0000 -1.63414
245560.0000 -1.79758
245570.0000 -2.02397
245580.0000 -2.51569
245590.0000 -2.29836
245600.0000 -1.90720
245610.0000 -1.40737
245620.0000 -1.41989
245630.0000 -1.01829
245640.0000 -0.78683
245650.0000 -1.10432
245660.0000 -1.07061
245670.0000 -0.67662
245680.0000 -0.37990
245690.0000 0.04398
245700.0000 0.20099
245710.0000 -0.34639
245720.0000 -0.57292
245730.0000 -0.04586
245740.0000 0.02029
245750.0000 0.42238
245760.0000 0.71357
245770.0000 0.38967
245780.0000 0.31776
245790.0000 0.28456
245800.0000 -0.25896
245810.0000 -0.43535
245820.0000 -0.52168
245830.0000 -0.25886
245840.0000 0.24129
245850.0000 0.07799
245860.0000 -0.15206
245870.0000 -0.22010
245880.0000 -0.01678
245890.0000 0.22429
245900.0000 0.84266
245910.0000 1.54129
245920.0000 1.06267
245930.0000 1.60890
245940.0000 1.79622
245950.0000 1.44833
245960.0000 1.66389
245970.0000 1.87998
245980.0000 2.23212
245990.0000 2.70513
246000.0000 3.56136
246010.0000 3.14361
246020.0000 3.36944
246030.0000 3.17302
246040.0000 2.71802
246050.0000 3.01738
246060.0000 3.68681
246070.0000 4.11069
246080.0000 3.52443
246090.0000 3.46397
246100.0000 4.64640
246110.0000 4.64769
246120.0000 4.00922
246130.0000 3.71627
246140.0000 3.62756
246150.0000 3.77274
246160.0000 3.85988
246170.0000 3.95076
246180.0000 3.92824
246190.0000 4.28031
246200.0000 4.52709
246210.0000 4.34262
246220.0000 4.35351
246230.0000 3.72974
246240.0000 4.08974
246250.0000 3.61384
246260.0000 3.90277
246270.0000 3.20070
246280.0000 2.80701
246290.0000 3.08396
246300.0000 3.02900
246310.0000 2.81322
246320.0000 2.52028
246330.0000 2.67714
246340.0000 2.97237
246350.0000 3.13772
246360.0000 3.74405
246370.0000 4.04970
246380.0000 4.23427
246390.0000 3.69975
246400.0000 4.05697
246410.0000 3.61257
246420.0000 3.39043
246430.0000 3.24169
246440.0000 3.63369
246450.0000 3.88698
246460.0000 4.00713
246470.0000 3.69898
246480.0000 3.90432
246490.0000 4.54751
246500.0000 4.17816
246510.0000 3.93706
246520.0000 3.73497
246530.0000 4.01191
246540.0000 3.59810
246550.0000 3.49910
246560.0000 3.89172
246570.0000 3.70862
246580.0000 3.50032
246590.0000 3.72664
246600.0000 3.40015
246610.0000 3.33735
246620.0000 2.97567
246630.0000 2.24203
246640.0000 2.59952
246650.0000 3.00235
246660.0000 3.28874
246670.0000 3.30277
246680.0000 3.52522
246690.0000 3.60866
246700.0000 3.50538
246710.0000 3.40595
246720.0000 3.91293
246730.0000 3.83871
246740.0000 3.49780
246750.0000 3.34642
246760.0000 2.99043
246770.0000 3.17125
246780.0000 3.31192
246790.0000 3.87803
246800.0000 3.72148
246810.0000 4.16252
246820.0000 4.55324
246830.0000 4.73245
246840.0000 3.59452
246850.0000 3.49186
246860.0000 3.14944
246870.0000 2.77382
246880.0000 2.35825
246890.0000 2.03354
246900.0000 2.14448
246910.0000 3.00022
246920.0000 3.04048
246930.0000 2.67395
246940.0000 3.30141
246950.0000 3.18887
246960.0000 3.00869
246970.0000 2.84895
246980.0000 2.02867
246990.0000 2.05146
247000.0000 1.69743
247010.0000 1.93117
247020.0000 2.40128
247030.0000 2.60199
247040.0000 2.35613
247050.0000 2.01155
247060.0000 1.43468
247070.0000 1.41285
247080.0000 1.32863
247090.0000 1.57669
247100.0000 1.84059
247110.0000 2.32555
247120.0000 2.11923
247130.0000 1.86387
247140.0000 2.24226
247150.0000 2.98961
247160.0000 3.26795
247170.0000 3.12957
247180.0000 3.27982
247190.0000 2.93746
247200.0000 2.26976
247210.0000 1.99219
247220.0000 1.95867
247230.0000 1.98727
247240.0000 2.02662
247250.0000 2.30739
247260.0000 2.34136
247270.0000 2.54067
247280.0000 2.27834
247290.0000 2.73092
247300.0000 2.99904
247310.0000 3.07079
247320.0000 3.30730
247330.0000 3.99325
247340.0000 4.21391
247350.0000 4.64874
247360.0000 4.03471
247370.0000 3.84072
247380.0000 3.93502
247390.0000 3.69421
247400.0000 2.58728
247410.0000 3.01548
247420.0000 2.65298
247430.0000 2.36329
247440.0000 2.21893
247450.0000 1.86444
247460.0000 1.89669
247470.0000 2.47277
247480.0000 2.54687
247490.0000 2.48170
247500.0000 2.13236
247510.0000 1.78132
247520.0000 1.36779
247530.0000 1.09040
247540.0000 0.99310
247550.0000 1.11196
247560.0000 1.25873
247570.0000 1.12109
247580.0000 1.49273
247590.0000 1.00329
247600.0000 1.06225
247610.0000 1.19162
247620.0000 0.70305
247630.0000 0.96978
247640.0000 1.14795
247650.0000 1.29747
247660.0000 0.63265
247670.0000 1.17914
247680.0000 0.94301
247690.0000 1.07871
247700.0000 1.54574
247710.0000 1.07964
247720.0000 1.80398
247730.0000 1.93394
247740.0000 1.44003
247750.0000 1.36342
247760.0000 0.85706
247770.0000 1.15387
247780.0000 1.42819
247790.0000 1.20575
247800.0000 1.17652
247810.0000 1.24165
247820.0000 1.56127
247830.0000 1.13020
247840.0000 0.23686
247850.0000 0.93203
247860.0000 0.72213
247870.0000 1.26131
247880.0000 0.63884
247890.0000 0.80999
247900.0000 0.90931
247910.0000 1.42686
247920.0000 1.87459
247930.0000 1.55416
247940.0000 1.38925
247950.0000 0.90917
247960.0000 1.07906
247970.0000 0.90238
247980.0000 0.48639
247990.0000 0.65121
248000.0000 0.90831
248010.0000 0.41328
248020.0000 0.48884
248030.0000 0.90176
248040.0000 1.16323
248050.0000 1.31393
248060.0000 1.21980
248070.0000 0.87385
248080.0000 0.19340
248090.0000 0.56015
248100.0000 0.83783
248110.0000 1.37788
248120.0000 1.23866
248130.0000 1.03167
248140.0000 0.62718
248150.0000 0.84617
248160.0000 0.26648
248170.0000 0.72457
248180.0000 0.64935
248190.0000 0.52084
248200.0000 0.42989
248210.0000 0.49188
248220.0000 0.75388
248230.0000 0.05499
248240.0000 -0.24483
248250.0000 -0.48734
248260.0000 -0.14155
248270.0000 0.49523
248280.0000 0.94081
248290.0000 1.31781
248300.0000 0.74668
248310.0000 0.60894
248320.0000 -0.08664
248330.0000 0.12466
248340.0000 -0.28328
248350.0000 -0.97492
248360.0000 -1.76050
248370.0000 -1.99355
248380.0000 -1.92295
248390.0000 -2.14214
248400.0000 -1.93681
248410.0000 -1.86752
248420.0000 -2.09723
248430.0000 -1.92635
248440.0000 -1.34634
248450.0000 -1.57022
248460.0000 -1.44164
248470.0000 -1.11231
248480.0000 -1.70837
248490.0000 -2.23288
248500.0000 -2.35730
248510.0000 -1.95389
248520.0000 -1.46744
248530.0000 -1.52224
248540.0000 -1.77773
248550.0000 -2.07916
248560.0000 -2.28811
248570.0000 -1.91207
248580.0000 -2.37058
248590.0000 -2.62500
248600.0000 -2.39366
248610.0000 -2.45992
248620.0000 -1.91338
248630.0000 -1.88570
248640.0000 -1.50340
248650.0000 -1.19186
248660.0000 -1.04443
248670.0000 -0.39492
248680.0000 -0.02493
248690.0000 0.18678
248700.0000 0.32329
248710.0000 0.17862
248720.0000 0.91172
248730.0000 0.70674
248740.0000 0.84231
248750.0000 0.92895
248760.0000 1.49083
248770.0000 1.46105
248780.0000 1.13662
248790.0000 1.20775
248800.0000 1.09702
248810.0000 1.06678
248820.0000 1.37359
248830.0000 1.57172
248840.0000 1.74588
248850.0000 1.47291
248860.0000 2.01338
248870.0000 2.07886
248880.0000 2.44815
248890.0000 3.01633
248900.0000 2.86162
248910.0000 2.98111
248920.0000 2.62482
248930.0000 2.45698
248940.0000 2.07588
248950.0000 1.80603
248960.0000 2.10098
248970.0000 1.59936
248980.0000 1.81376
248990.0000 2.36731
249000.0000 2.92791
249010.0000 2.70243
249020.0000 2.69629
249030.0000 3.14778
249040.0000 2.75413
249050.0000 2.76916
249060.0000 2.86424
249070.0000 3.32220
249080.0000 3.54495
249090.0000 3.11146
249100.0000 2.86579
249110.0000 2.40426
249120.0000 2.52262
249130.0000 2.45279
249140.0000 2.82466
249150.0000 2.92147
249160.0000 2.45094
249170.0000 2.31636
249180.0000 2.44010
249190.0000 1.88088
249200.0000 2.26531
249210.0000 2.25745
249220.0000 2.05283
249230.0000 2.19493
249240.0000 2.05352
249250.0000 1.68120
249260.0000 1.28646
249270.0000 0.76384
249280.0000 0.88770
249290.0000 0.82237
249300.0000 0.76047
249310.0000 0.76140
249320.0000 0.20986
249330.0000 -0.03543
249340.0000 0.28966
249350.0000 -0.02453
249360.0000 -0.14154
249370.0000 0.22977
249380.0000 0.05887
249390.0000 -0.51546
249400.0000 -0.64837
249410.0000 -1.23059
249420.0000 -0.88438
249430.0000 -0.42157
249440.0000 -0.53056
249450.0000 -1.01048
249460.0000 -0.84255
249470.0000 -0.81949
249480.0000 -0.85873
249490.0000 -1.71353
249500.0000 -1.34464
249510.0000 -0.46076
249520.0000 -0.42988
249530.0000 -0.35067
249540.0000 -0.38821
249550.0000 -0.55258
249560.0000 -0.99144
249570.0000 -0.91183
249580.0000 -1.41266
249590.0000 -0.90951
249600.0000 -0.70756
249610.0000 -0.78927
249620.0000 -0.13993
249630.0000 -0.13825
249640.0000 -0.39091
249650.0000 0.17251
249660.0000 0.48940
249670.0000 0.79799
249680.0000 0.98875
249690.0000 0.92555
249700.0000 0.78362
249710.0000 0.90016
249720.0000 1.31419
249730.0000 1.15755
249740.0000 1.05886
249750.0000 1.65126
249760.0000 1.17868
249770.0000 0.99133
249780.0000 0.93320
249790.0000 1.07943
249800.0000 0.78681
249810.0000 0.89930
249820.0000 0.67729
249830.0000 0.46860
249840.0000 -0.65303
249850.0000 -1.43276
249860.0000 -2.74944
249870.0000 -3.67565
249880.0000 -4.45643
249890.0000 -3.49182
249900.0000 -3.63538
249910.0000 -3.00926
249920.0000 -2.84204
249930.0000 -2.76873
249940.0000 -2.20972
249950.0000 -2.10748
249960.0000 -0.79401
249970.0000 -0.97431
249980.0000 -1.05871
249990.0000 -0.72181
250000.0000 -0.18191
