AF3_sample,Source_line,NMR_residue_1,NMR_atom_1,NMR_residue_2,NMR_atom_2,AF3_residue_1,AF3_residue_2,Sequence_separation,Restraint_class,Lower_bound_A,Upper_bound_A,Minimum_compatible_distance_A,AF3_atom_1,AF3_atom_2,Upper_violation_A,Lower_violation_A,Status
0,14,1,HA,2,HN,7,8,1,direct_unambiguous,1.78,3.63,3.8458563415707587,HA,H,0.21585634157075884,0.0,VIOLATED
0,15,1,HG#,2,HN,7,8,1,pseudoatom_group,1.78,7.04,4.941157050732147,HG3,H,0.0,0.0,SATISFIED
0,17,2,HN,3,HN,8,9,1,direct_unambiguous,1.78,4.33,2.991676787355214,H,H,0.0,0.0,SATISFIED
0,18,2,HA,3,HD#,8,9,1,pseudoatom_group,1.78,9.41,7.981946003325257,HA,HD1,0.0,0.0,SATISFIED
0,20,3,HN,3,HD#,9,9,0,pseudoatom_group,1.78,7.72,4.585321253740027,H,HD1,0.0,0.0,SATISFIED
0,21,3,HN,3,HE#,9,9,0,pseudoatom_group,1.78,8.82,6.8771433749777255,H,HE1,0.0,0.0,SATISFIED
0,22,3,HN,4,HN,9,10,1,direct_unambiguous,1.78,4.7,3.779432893967028,H,H,0.0,0.0,SATISFIED
0,23,3,HA,4,HB#,9,10,1,pseudoatom_group,1.78,7.64,6.0906137621753675,HA,HB3,0.0,0.0,SATISFIED
0,24,3,HA,4,HG#,9,10,1,pseudoatom_group,1.78,6.53,5.751162143428056,HA,HG2,0.0,0.0,SATISFIED
0,25,3,HD#,4,HN,9,10,1,pseudoatom_group,1.78,7.84,2.825819881025681,HD2,H,0.0,0.0,SATISFIED
0,26,3,HE#,4,HN,9,10,1,pseudoatom_group,1.78,7.29,4.886366543762349,HE2,H,0.0,0.0,SATISFIED
0,27,3,HD#,4,HA,9,10,1,pseudoatom_group,1.78,7.87,3.708753024939787,HD2,HA,0.0,0.0,SATISFIED
0,28,3,HE#,4,HD#,9,10,1,pseudoatom_group,1.78,8.68,6.910077423589404,HE2,HD3,0.0,0.0,SATISFIED
0,29,3,HE#,5,HA,9,11,2,pseudoatom_group,1.78,7.69,9.341864321429636,HE2,HA,1.6518643214296356,0.0,VIOLATED
0,30,3,HE#,5,HG#,9,11,2,pseudoatom_group,1.78,8.58,11.484735956912548,HE2,HG3,2.904735956912548,0.0,VIOLATED
0,32,4,HN,4,HG#,10,10,0,pseudoatom_group,1.78,5.8,2.209065186905991,H,HG2,0.0,0.0,SATISFIED
0,33,4,HN,4,HD#,10,10,0,pseudoatom_group,1.78,6.9,4.175886372975205,H,HD2,0.0,0.0,SATISFIED
0,34,4,HN,5,HN,10,11,1,direct_unambiguous,1.78,4.7,3.2677216833751315,H,H,0.0,0.0,SATISFIED
0,35,4,HB#,4,HE#,10,10,0,pseudoatom_group,1.78,7.8,4.2940605491772,HB2,HE3,0.0,0.0,SATISFIED
0,36,4,HB#,5,HN,10,11,1,pseudoatom_group,1.78,5.73,2.8081456514931684,HB3,H,0.0,0.0,SATISFIED
0,38,5,HN,5,HG#,11,11,0,pseudoatom_group,1.78,6.9,4.583138335245841,H,HG2,0.0,0.0,SATISFIED
0,39,5,HN,5,HD#,11,11,0,pseudoatom_group,1.78,5.5,4.988579958264676,H,HD3,0.0,0.0,SATISFIED
0,40,5,HN,6,HN,11,12,1,direct_unambiguous,1.78,4.7,2.6521713745533124,H,H,0.0,0.0,SATISFIED
0,41,5,HA,5,HD#,11,11,0,pseudoatom_group,1.78,6.9,4.3053705996116065,HA,HD3,0.0,0.0,SATISFIED
0,43,7,HN,7,HG#,13,13,0,pseudoatom_group,1.78,6.9,4.356991737426182,H,HG2,0.0,0.0,SATISFIED
0,44,7,HN,7,HD#,13,13,0,pseudoatom_group,1.78,5.16,4.799958749822754,H,HD3,0.0,0.0,SATISFIED
0,45,7,HB#,8,HN,13,14,1,pseudoatom_group,1.78,4.57,2.2525050499388453,HB2,H,0.0,0.0,SATISFIED
0,46,7,HB#,8,HG#,13,14,1,pseudoatom_group,1.78,7.8,6.699545208445123,HB2,HG3,0.0,0.0,SATISFIED
0,48,8,HN,8,HB2,14,14,0,legacy_stereospecific,1.78,3.77,2.3132068649388007,H,HB3,0.0,0.0,SATISFIED
0,49,8,HN,8,HB1,14,14,0,legacy_stereospecific,1.78,3.77,3.109092954544782,H,HB2,0.0,0.0,SATISFIED
0,50,8,HN,8,HB#,14,14,0,pseudoatom_group,1.78,3.57,2.3132068649388007,H,HB3,0.0,0.0,SATISFIED
0,51,8,HN,8,HG#,14,14,0,pseudoatom_group,1.78,5.23,4.5726208021221275,H,HG3,0.0,0.0,SATISFIED
0,52,8,HN,9,HN,14,15,1,direct_unambiguous,1.78,4.2,3.320256315406991,H,H,0.0,0.0,SATISFIED
0,53,8,HB2,9,HN,14,15,1,legacy_stereospecific,1.78,4.3,4.003564661648416,HB3,H,0.0,0.0,SATISFIED
0,54,8,HB1,9,HN,14,15,1,legacy_stereospecific,1.78,4.3,2.8360107545635316,HB2,H,0.0,0.0,SATISFIED
0,55,8,HB#,9,HN,14,15,1,pseudoatom_group,1.78,4.11,2.8360107545635316,HB2,H,0.0,0.0,SATISFIED
0,56,8,HG#,9,HN,14,15,1,pseudoatom_group,1.78,5.68,4.084891920234854,HG2,H,0.0,0.0,SATISFIED
0,58,9,HN,10,HN,15,16,1,direct_unambiguous,1.78,4.2,2.832155716057999,H,H,0.0,0.0,SATISFIED
0,59,9,HN,12,HB#,15,18,3,pseudoatom_group,1.78,6.41,5.434949309791214,H,HB3,0.0,0.0,SATISFIED
0,61,10,HN,10,HB2,16,16,0,legacy_stereospecific,1.78,4.12,2.7097787732580674,H,HB3,0.0,0.0,SATISFIED
0,62,10,HN,10,HB1,16,16,0,legacy_stereospecific,1.78,4.12,2.5625346826921187,H,HB2,0.0,0.0,SATISFIED
0,63,10,HN,11,HN,16,17,1,direct_unambiguous,1.78,5.5,3.0178035058631645,H,H,0.0,0.0,SATISFIED
0,64,10,HN,11,HB#,16,17,1,pseudoatom_group,1.78,6.88,5.036352251381947,H,HB2,0.0,0.0,SATISFIED
0,65,10,HN,11,HG#,16,17,1,pseudoatom_group,1.78,6.9,4.820499248003261,H,HG3,0.0,0.0,SATISFIED
0,66,10,HA,11,HN,16,17,1,direct_unambiguous,1.78,3.28,3.5944603211052426,HA,H,0.3144603211052428,0.0,VIOLATED
0,67,10,HA,11,HB#,16,17,1,pseudoatom_group,1.78,5.67,6.041350428505204,HA,HB2,0.3713504285052043,0.0,VIOLATED
0,68,10,HA,11,HG#,16,17,1,pseudoatom_group,1.78,5.85,5.5610033267388,HA,HG3,0.0,0.0,SATISFIED
0,69,10,HA,13,HN,16,19,3,direct_unambiguous,1.78,4.7,3.335296538540466,HA,H,0.0,0.0,SATISFIED
0,70,10,HA,13,HB#,16,19,3,pseudoatom_group,1.78,6.9,2.7745718588639954,HA,HB2,0.0,0.0,SATISFIED
0,71,10,HB2,11,HN,16,17,1,legacy_stereospecific,1.78,4.59,3.9146955181725174,HB3,H,0.0,0.0,SATISFIED
0,72,10,HB2,11,HG#,16,17,1,pseudoatom_group,1.78,6.9,5.502166664142408,HB3,HG3,0.0,0.0,SATISFIED
0,73,10,HB2,13,HN,16,19,3,legacy_stereospecific,1.78,6.0,5.509316563785385,HB3,H,0.0,0.0,SATISFIED
0,74,10,HB2,14,HB#,16,20,4,pseudoatom_group,1.78,6.9,6.309120223929797,HB3,HB2,0.0,0.0,SATISFIED
0,75,10,HB1,11,HN,16,17,1,legacy_stereospecific,1.78,4.59,2.417873032233083,HB2,H,0.0,0.0,SATISFIED
0,76,10,HB1,11,HG#,16,17,1,pseudoatom_group,1.78,6.9,3.6141196715106148,HB2,HG3,0.0,0.0,SATISFIED
0,77,10,HB1,13,HN,16,19,3,legacy_stereospecific,1.78,6.0,5.550573664045907,HB2,H,0.0,0.0,SATISFIED
0,78,10,HB1,14,HB#,16,20,4,pseudoatom_group,1.78,6.9,5.91368252445124,HB2,HB2,0.0,0.0,SATISFIED
0,79,10,HB#,14,HB#,16,20,4,pseudoatom_group,1.78,6.78,5.91368252445124,HB2,HB2,0.0,0.0,SATISFIED
0,81,11,HN,11,HB2,17,17,0,legacy_stereospecific,1.78,3.98,3.6884873593385126,H,HB3,0.0,0.0,SATISFIED
0,82,11,HN,11,HB1,17,17,0,legacy_stereospecific,1.78,3.98,3.0171214758441525,H,HB2,0.0,0.0,SATISFIED
0,83,11,HN,11,HB#,17,17,0,pseudoatom_group,1.78,3.74,3.0171214758441525,H,HB2,0.0,0.0,SATISFIED
0,84,11,HN,11,HG#,17,17,0,pseudoatom_group,1.78,5.08,2.1655024821043267,H,HG3,0.0,0.0,SATISFIED
0,85,11,HN,12,HN,17,18,1,direct_unambiguous,1.78,4.2,3.512997153428963,H,H,0.0,0.0,SATISFIED
0,86,11,HN,12,HB#,17,18,1,pseudoatom_group,1.78,5.54,6.018234791032999,H,HB3,0.4782347910329987,0.0,VIOLATED
0,87,11,HA,14,HN,17,20,3,direct_unambiguous,1.78,5.5,4.01673076020786,HA,H,0.0,0.0,SATISFIED
0,88,11,HA,14,HB#,17,20,3,pseudoatom_group,1.78,6.9,2.6671554135445494,HA,HB3,0.0,0.0,SATISFIED
0,89,11,HA,15,HN,17,21,4,direct_unambiguous,1.78,5.5,3.9078915030998487,HA,H,0.0,0.0,SATISFIED
0,90,11,HB2,12,HN,17,18,1,legacy_stereospecific,1.78,6.0,4.039051126192884,HB3,H,0.0,0.0,SATISFIED
0,91,11,HB1,12,HN,17,18,1,legacy_stereospecific,1.78,6.0,2.984644199900552,HB2,H,0.0,0.0,SATISFIED
0,92,11,HG#,12,HN,17,18,1,pseudoatom_group,1.78,6.9,5.108492536942772,HG3,H,0.0,0.0,SATISFIED
0,93,11,HG#,12,HA,17,18,1,pseudoatom_group,1.78,5.56,6.474334328716736,HG2,HA,0.9143343287167367,0.0,VIOLATED
0,94,11,HG#,12,HB#,17,18,1,pseudoatom_group,1.78,7.8,7.706341090297003,HG3,HB3,0.0,0.0,SATISFIED
0,96,12,HA,14,HN,18,20,2,direct_unambiguous,1.78,5.5,5.494657132160295,HA,H,0.0,0.0,SATISFIED
0,97,12,HA,15,HN,18,21,3,direct_unambiguous,1.78,4.7,4.175991977961643,HA,H,0.0,0.0,SATISFIED
0,98,12,HA,15,HB2,18,21,3,legacy_stereospecific,1.78,4.25,2.8047065800186655,HA,HB3,0.0,0.0,SATISFIED
0,99,12,HA,15,HB1,18,21,3,legacy_stereospecific,1.78,4.25,3.790608526345077,HA,HB2,0.0,0.0,SATISFIED
0,100,12,HA,16,HN,18,22,4,direct_unambiguous,1.78,4.72,3.974522487041683,HA,H,0.0,0.0,SATISFIED
0,101,12,HB#,13,HB#,18,19,1,pseudoatom_group,1.78,7.93,4.67964421724558,HB3,HB1,0.0,0.0,SATISFIED
0,102,12,HB#,14,HN,18,20,2,pseudoatom_group,1.78,5.33,6.139500712598705,HB3,H,0.8095007125987053,0.0,VIOLATED
0,103,12,HB#,15,HB2,18,21,3,pseudoatom_group,1.78,6.9,4.534820283098329,HB2,HB3,0.0,0.0,SATISFIED
0,104,12,HB#,15,HB1,18,21,3,pseudoatom_group,1.78,6.9,5.981230726196742,HB2,HB2,0.0,0.0,SATISFIED
0,106,13,HN,14,HN,19,20,1,direct_unambiguous,1.78,4.2,2.7204192691568707,H,H,0.0,0.0,SATISFIED
0,107,13,HN,15,HN,19,21,2,direct_unambiguous,1.78,4.7,4.696525204872215,H,H,0.0,0.0,SATISFIED
0,108,13,HA,16,HN,19,22,3,direct_unambiguous,1.78,4.2,3.2055211744738172,HA,H,0.0,0.0,SATISFIED
0,109,13,HB#,14,HB#,19,20,1,pseudoatom_group,1.78,7.93,4.471754353718459,HB2,HB2,0.0,0.0,SATISFIED
0,110,13,HB#,14,HG#,19,20,1,pseudoatom_group,1.78,7.91,6.569356893943273,HB2,HG3,0.0,0.0,SATISFIED
0,112,14,HN,14,HG2,20,20,0,legacy_stereospecific,1.78,4.63,4.48931186263552,H,HG3,0.0,0.0,SATISFIED
0,113,14,HN,14,HG1,20,20,0,legacy_stereospecific,1.78,4.63,4.756051408469004,H,HG2,0.12605140846900387,0.0,VIOLATED
0,114,14,HN,14,HG#,20,20,0,pseudoatom_group,1.78,4.33,4.48931186263552,H,HG3,0.1593118626355201,0.0,VIOLATED
0,115,14,HN,15,HN,20,21,1,direct_unambiguous,1.78,4.2,3.9329802948908856,H,H,0.0,0.0,SATISFIED
0,116,14,HN,15,HA,20,21,1,direct_unambiguous,1.78,5.5,5.867003153229083,H,HA,0.36700315322908317,0.0,VIOLATED
0,117,14,HN,16,HN,20,22,2,direct_unambiguous,1.78,5.5,4.447185851749395,H,H,0.0,0.0,SATISFIED
0,118,14,HN,17,HN,20,23,3,direct_unambiguous,1.78,5.5,4.670821019906458,H,H,0.0,0.0,SATISFIED
0,119,14,HA,17,HN,20,23,3,direct_unambiguous,1.78,4.2,3.223636145721164,HA,H,0.0,0.0,SATISFIED
0,120,14,HG#,15,HN,20,21,1,pseudoatom_group,1.78,6.32,3.050641407966527,HG2,H,0.0,0.0,SATISFIED
0,122,15,HN,15,HG#,21,21,0,pseudoatom_group,1.78,4.92,4.61451481739955,H,HG3,0.0,0.0,SATISFIED
0,123,15,HN,16,HN,21,22,1,direct_unambiguous,1.78,5.5,3.349751035524879,H,H,0.0,0.0,SATISFIED
0,124,15,HN,17,HN,21,23,2,direct_unambiguous,1.78,4.4,4.383669353407029,H,H,0.0,0.0,SATISFIED
0,125,15,HN,18,HB#,21,24,3,pseudoatom_group,1.78,6.9,4.8410702329133795,H,HB3,0.0,0.0,SATISFIED
0,126,15,HA,15,HE21,21,21,0,direct_unambiguous,1.78,4.61,4.128903123106668,HA,HE21,0.0,0.0,SATISFIED
0,127,15,HA,15,HE22,21,21,0,direct_unambiguous,1.78,4.89,4.245137218041367,HA,HE22,0.0,0.0,SATISFIED
0,128,15,HA,18,HN,21,24,3,direct_unambiguous,1.78,4.39,4.117613022128233,HA,H,0.0,0.0,SATISFIED
0,129,15,HA,18,HB#,21,24,3,pseudoatom_group,1.78,4.66,2.584300872576565,HA,HB3,0.0,0.0,SATISFIED
0,130,15,HA,18,HD2,21,24,3,legacy_stereospecific,1.78,5.12,4.430673763661684,HA,HD3,0.0,0.0,SATISFIED
0,131,15,HA,18,HD1,21,24,3,legacy_stereospecific,1.78,5.12,3.648356479293107,HA,HD2,0.0,0.0,SATISFIED
0,132,15,HA,18,HD#,21,24,3,pseudoatom_group,1.78,4.96,3.648356479293107,HA,HD2,0.0,0.0,SATISFIED
0,133,15,HA,19,HN,21,25,4,direct_unambiguous,1.78,5.08,4.257262148376583,HA,H,0.0,0.0,SATISFIED
0,134,15,HB2,15,HE21,21,21,0,legacy_stereospecific,1.78,5.75,5.342905670138674,HB3,HE21,0.0,0.0,SATISFIED
0,135,15,HB1,15,HE21,21,21,0,legacy_stereospecific,1.78,5.75,4.569152547245495,HB2,HE21,0.0,0.0,SATISFIED
0,136,15,HB#,18,HG#,21,24,3,pseudoatom_group,1.78,7.78,7.06423768003314,HB2,HG2,0.0,0.0,SATISFIED
0,137,15,HB#,18,HD#,21,24,3,pseudoatom_group,1.78,7.75,5.339778553460809,HB2,HD2,0.0,0.0,SATISFIED
0,138,15,HG#,18,HN,21,24,3,pseudoatom_group,1.78,5.81,6.648010980737022,HG2,H,0.838010980737022,0.0,VIOLATED
0,139,15,HG#,18,HB#,21,24,3,pseudoatom_group,1.78,7.8,4.647331062018285,HG2,HB3,0.0,0.0,SATISFIED
0,140,15,HG#,18,HG#,21,24,3,pseudoatom_group,1.78,7.8,6.21188610648972,HG2,HG2,0.0,0.0,SATISFIED
0,141,15,HG#,19,HN,21,25,4,pseudoatom_group,1.78,6.47,4.5196488801675745,HG2,H,0.0,0.0,SATISFIED
0,142,15,HE21,18,HB#,21,24,3,pseudoatom_group,1.78,5.03,4.04130795659029,HE21,HB3,0.0,0.0,SATISFIED
0,143,15,HE21,19,HB#,21,25,4,pseudoatom_group,1.78,6.78,6.323937539223485,HE21,HB2,0.0,0.0,SATISFIED
0,144,15,HE22,18,HB#,21,24,3,pseudoatom_group,1.78,5.94,3.927340703325851,HE22,HB3,0.0,0.0,SATISFIED
0,145,15,HE22,18,HD#,21,24,3,pseudoatom_group,1.78,6.54,3.9140338526895744,HE22,HD2,0.0,0.0,SATISFIED
0,147,16,HN,17,HN,22,23,1,direct_unambiguous,1.78,3.38,2.7578377399694856,H,H,0.0,0.0,SATISFIED
0,148,16,HN,19,HN,22,25,3,direct_unambiguous,1.78,5.5,4.656862140970033,H,H,0.0,0.0,SATISFIED
0,149,16,HA,19,HN,22,25,3,direct_unambiguous,1.78,4.01,3.1960264391897635,HA,H,0.0,0.0,SATISFIED
0,150,16,HA,19,HB#,22,25,3,pseudoatom_group,1.78,4.6,2.553547532355723,HA,HB2,0.0,0.0,SATISFIED
0,152,17,HA,19,HN,23,25,2,direct_unambiguous,1.78,4.7,4.289410915265639,HA,H,0.0,0.0,SATISFIED
0,154,18,HN,18,HG#,24,24,0,pseudoatom_group,1.78,6.9,4.235767462928059,H,HG3,0.0,0.0,SATISFIED
0,155,18,HN,18,HD2,24,24,0,legacy_stereospecific,1.78,6.0,4.819579753463987,H,HD3,0.0,0.0,SATISFIED
0,156,18,HN,18,HD1,24,24,0,legacy_stereospecific,1.78,6.0,5.227555642936763,H,HD2,0.0,0.0,SATISFIED
0,157,18,HN,19,HN,24,25,1,direct_unambiguous,1.78,3.52,3.630155093105528,H,H,0.11015509310552796,0.0,VIOLATED
0,158,18,HN,19,HA,24,25,1,direct_unambiguous,1.78,5.09,6.010671426720979,H,HA,0.920671426720979,0.0,VIOLATED
0,159,18,HN,19,HB#,24,25,1,pseudoatom_group,1.78,6.03,6.051315724699878,H,HB2,0.021315724699877414,0.0,VIOLATED
0,160,18,HN,20,HN,24,26,2,direct_unambiguous,1.78,5.5,4.40325254783325,H,H,0.0,0.0,SATISFIED
0,161,18,HA,18,HD2,24,24,0,legacy_stereospecific,1.78,6.0,4.326779864980422,HA,HD3,0.0,0.0,SATISFIED
0,162,18,HA,18,HD1,24,24,0,legacy_stereospecific,1.78,6.0,4.8852693886826755,HA,HD2,0.0,0.0,SATISFIED
0,163,18,HA,20,HN,24,26,2,direct_unambiguous,1.78,4.7,4.252040686540993,HA,H,0.0,0.0,SATISFIED
0,164,18,HA,21,HN,24,27,3,direct_unambiguous,1.78,4.2,3.2675242921820797,HA,H,0.0,0.0,SATISFIED
0,165,18,HA,22,HN,24,28,4,direct_unambiguous,1.78,4.7,3.939579292259518,HA,H,0.0,0.0,SATISFIED
0,166,18,HB#,18,HE#,24,24,0,pseudoatom_group,1.78,7.8,4.306184506033155,HB2,HE2,0.0,0.0,SATISFIED
0,167,18,HB#,19,HN,24,25,1,pseudoatom_group,1.78,4.93,2.9162218708459067,HB3,H,0.0,0.0,SATISFIED
0,168,18,HB#,19,HA,24,25,1,pseudoatom_group,1.78,5.83,4.488441711774811,HB3,HA,0.0,0.0,SATISFIED
0,169,18,HB#,19,HB2,24,25,1,pseudoatom_group,1.78,7.11,5.882918493401044,HB3,HB3,0.0,0.0,SATISFIED
0,170,18,HB#,19,HB1,24,25,1,pseudoatom_group,1.78,7.11,5.162824420799142,HB3,HB2,0.0,0.0,SATISFIED
0,171,18,HB#,19,HB#,24,25,1,pseudoatom_group,1.78,6.73,5.162824420799142,HB3,HB2,0.0,0.0,SATISFIED
0,172,18,HB#,20,HN,24,26,2,pseudoatom_group,1.78,5.39,5.034797612615626,HB3,H,0.0,0.0,SATISFIED
0,173,18,HB#,22,HD22,24,28,4,pseudoatom_group,1.78,6.39,5.804537621550919,HB3,HD22,0.0,0.0,SATISFIED
0,174,18,HG#,19,HN,24,25,1,pseudoatom_group,1.78,4.99,4.021275792581255,HG2,H,0.0,0.0,SATISFIED
0,175,18,HD2,19,HN,24,25,1,legacy_stereospecific,1.78,6.18,5.988495887950495,HD3,H,0.0,0.0,SATISFIED
0,176,18,HD1,19,HN,24,25,1,legacy_stereospecific,1.78,6.18,5.172212099285952,HD2,H,0.0,0.0,SATISFIED
0,177,18,HD#,19,HN,24,25,1,pseudoatom_group,1.78,5.85,5.172212099285952,HD2,H,0.0,0.0,SATISFIED
0,178,18,HD#,22,HD22,24,28,4,pseudoatom_group,1.78,6.76,5.335659378183731,HD2,HD22,0.0,0.0,SATISFIED
0,180,19,HN,20,HN,25,26,1,direct_unambiguous,1.78,3.58,2.558338718778263,H,H,0.0,0.0,SATISFIED
0,181,19,HN,21,HN,25,27,2,direct_unambiguous,1.78,4.45,4.05965811368396,H,H,0.0,0.0,SATISFIED
0,182,19,HN,22,HB#,25,28,3,pseudoatom_group,1.78,5.63,5.4957581824530815,H,HB3,0.0,0.0,SATISFIED
0,183,19,HN,22,HD21,25,28,3,direct_unambiguous,1.78,4.79,6.387112414855403,H,HD21,1.5971124148554026,0.0,VIOLATED
0,184,19,HA,21,HN,25,27,2,direct_unambiguous,1.78,4.9,4.2659701124128855,HA,H,0.0,0.0,SATISFIED
0,185,19,HA,22,HN,25,28,3,direct_unambiguous,1.78,4.38,4.30560530007106,HA,H,0.0,0.0,SATISFIED
0,186,19,HA,22,HB#,25,28,3,pseudoatom_group,1.78,4.61,2.6894834076454153,HA,HB3,0.0,0.0,SATISFIED
0,187,19,HA,22,HD21,25,28,3,direct_unambiguous,1.78,4.98,4.648096169400973,HA,HD21,0.0,0.0,SATISFIED
0,188,19,HA,22,HD22,25,28,3,direct_unambiguous,1.78,5.82,3.6919970205838455,HA,HD22,0.0,0.0,SATISFIED
0,189,19,HA,23,HN,25,29,4,direct_unambiguous,1.78,4.7,3.821927524168924,HA,H,0.0,0.0,SATISFIED
0,190,19,HB#,21,HN,25,27,2,pseudoatom_group,1.78,6.11,5.4191798272432345,HB2,H,0.0,0.0,SATISFIED
0,192,20,HN,21,HN,26,27,1,direct_unambiguous,1.78,4.2,2.4700730758420897,H,H,0.0,0.0,SATISFIED
0,193,20,HN,21,HB#,26,27,1,pseudoatom_group,1.78,6.9,4.746453518154371,H,HB3,0.0,0.0,SATISFIED
0,194,20,HN,21,HG#,26,27,1,pseudoatom_group,1.78,5.83,4.540881192015489,H,HG2,0.0,0.0,SATISFIED
0,195,20,HN,22,HN,26,28,2,direct_unambiguous,1.78,4.2,4.90355004053186,H,H,0.7035500405318595,0.0,VIOLATED
0,196,20,HN,22,HB#,26,28,2,pseudoatom_group,1.78,6.18,5.4881203521788775,H,HB3,0.0,0.0,SATISFIED
0,197,20,HN,23,HN,26,29,3,direct_unambiguous,1.78,5.5,4.589471429260672,H,H,0.0,0.0,SATISFIED
0,199,21,HN,21,HG2,27,27,0,legacy_stereospecific,1.78,4.53,4.09184713790728,H,HG3,0.0,0.0,SATISFIED
0,200,21,HN,21,HG1,27,27,0,legacy_stereospecific,1.78,4.53,3.063762556073822,H,HG2,0.0,0.0,SATISFIED
0,201,21,HN,21,HG#,27,27,0,pseudoatom_group,1.78,4.28,3.063762556073822,H,HG2,0.0,0.0,SATISFIED
0,202,21,HN,22,HN,27,28,1,direct_unambiguous,1.78,3.27,2.860528272889468,H,H,0.0,0.0,SATISFIED
0,203,21,HN,22,HA,27,28,1,direct_unambiguous,1.78,5.5,5.120703272012547,H,HA,0.0,0.0,SATISFIED
0,204,21,HN,22,HB#,27,28,1,pseudoatom_group,1.78,6.14,4.74488630000762,H,HB3,0.0,0.0,SATISFIED
0,205,21,HN,23,HN,27,29,2,direct_unambiguous,1.78,4.7,3.8077685066190674,H,H,0.0,0.0,SATISFIED
0,206,21,HA,24,HN,27,30,3,direct_unambiguous,1.78,4.2,3.156987329718003,HA,H,0.0,0.0,SATISFIED
0,207,21,HA,24,HB#,27,30,3,pseudoatom_group,1.78,5.72,2.4242206995238704,HA,HB3,0.0,0.0,SATISFIED
0,208,21,HB#,22,HB#,27,28,1,pseudoatom_group,1.78,6.87,5.437385585003145,HB3,HB3,0.0,0.0,SATISFIED
0,209,21,HG#,22,HN,27,28,1,pseudoatom_group,1.78,5.51,4.998345826370961,HG2,H,0.0,0.0,SATISFIED
0,211,22,HN,22,HD21,28,28,0,direct_unambiguous,1.78,4.96,4.165915145559258,H,HD21,0.0,0.0,SATISFIED
0,212,22,HN,22,HD22,28,28,0,direct_unambiguous,1.78,6.15,4.604052236888717,H,HD22,0.0,0.0,SATISFIED
0,213,22,HN,23,HN,28,29,1,direct_unambiguous,1.78,3.7,3.4337563978826458,H,H,0.0,0.0,SATISFIED
0,214,22,HN,24,HN,28,30,2,direct_unambiguous,1.78,4.7,4.334220229752983,H,H,0.0,0.0,SATISFIED
0,215,22,HN,25,HN,28,31,3,direct_unambiguous,1.78,5.5,4.522456191053707,H,H,0.0,0.0,SATISFIED
0,216,22,HN,25,HB#,28,31,3,pseudoatom_group,1.78,5.58,5.142661859387606,H,HB2,0.0,0.0,SATISFIED
0,217,22,HN,25,HG#,28,31,3,pseudoatom_group,1.78,6.9,4.870986963645048,H,HG3,0.0,0.0,SATISFIED
0,218,22,HA,22,HD21,28,28,0,direct_unambiguous,1.78,5.67,4.57878248009228,HA,HD21,0.0,0.0,SATISFIED
0,219,22,HA,24,HN,28,30,2,direct_unambiguous,1.78,5.27,4.1930238492047724,HA,H,0.0,0.0,SATISFIED
0,220,22,HA,25,HN,28,31,3,direct_unambiguous,1.78,4.69,3.2651441009548114,HA,H,0.0,0.0,SATISFIED
0,221,22,HA,25,HB#,28,31,3,pseudoatom_group,1.78,4.79,2.8479120421810773,HA,HB2,0.0,0.0,SATISFIED
0,222,22,HA,25,HG#,28,31,3,pseudoatom_group,1.78,5.68,3.9628169273888996,HA,HG3,0.0,0.0,SATISFIED
0,223,22,HA,25,HD2,28,31,3,legacy_stereospecific,1.78,5.53,4.482748264179017,HA,HD3,0.0,0.0,SATISFIED
0,224,22,HA,25,HD1,28,31,3,legacy_stereospecific,1.78,5.53,2.743739054647872,HA,HD2,0.0,0.0,SATISFIED
0,225,22,HA,25,HD#,28,31,3,pseudoatom_group,1.78,5.31,2.743739054647872,HA,HD2,0.0,0.0,SATISFIED
0,226,22,HA,26,HN,28,32,4,direct_unambiguous,1.78,4.7,3.9011768737138803,HA,H,0.0,0.0,SATISFIED
0,227,22,HB#,23,HA,28,29,1,pseudoatom_group,1.78,5.72,4.323546807888173,HB3,HA,0.0,0.0,SATISFIED
0,228,22,HB#,25,HN,28,31,3,pseudoatom_group,1.78,6.28,5.238958388840286,HB2,H,0.0,0.0,SATISFIED
0,229,22,HB#,25,HB#,28,31,3,pseudoatom_group,1.78,6.58,4.488382113857954,HB2,HB2,0.0,0.0,SATISFIED
0,230,22,HB#,25,HG#,28,31,3,pseudoatom_group,1.78,6.48,6.330260737126078,HB2,HG3,0.0,0.0,SATISFIED
0,231,22,HB#,25,HD#,28,31,3,pseudoatom_group,1.78,8.12,4.713706503379268,HB2,HD2,0.0,0.0,SATISFIED
0,233,23,HN,24,HN,29,30,1,direct_unambiguous,1.78,4.7,2.733365325016033,H,H,0.0,0.0,SATISFIED
0,234,23,HN,24,HA,29,30,1,direct_unambiguous,1.78,5.5,5.527910816936178,H,HA,0.027910816936177696,0.0,VIOLATED
0,235,23,HN,25,HN,29,31,2,direct_unambiguous,1.78,4.7,4.377646513824524,H,H,0.0,0.0,SATISFIED
0,236,23,HN,25,HB#,29,31,2,pseudoatom_group,1.78,7.03,5.624248216428574,H,HB2,0.0,0.0,SATISFIED
0,237,23,HN,26,HB#,29,32,3,pseudoatom_group,1.78,7.03,5.463807189131036,H,HB3,0.0,0.0,SATISFIED
0,238,23,HA,26,HN,29,32,3,direct_unambiguous,1.78,4.7,3.5066705006316172,HA,H,0.0,0.0,SATISFIED
0,239,23,HA,26,HB#,29,32,3,pseudoatom_group,1.78,6.9,2.6466210533432992,HA,HB3,0.0,0.0,SATISFIED
0,241,24,HN,25,HN,30,31,1,direct_unambiguous,1.78,4.7,2.641598569048673,H,H,0.0,0.0,SATISFIED
0,242,24,HA,25,HB#,30,31,1,pseudoatom_group,1.78,5.93,6.218966956014479,HA,HB2,0.2889669560144794,0.0,VIOLATED
0,243,24,HA,26,HN,30,32,2,direct_unambiguous,1.78,4.77,5.01717051733345,HA,H,0.2471705173334504,0.0,VIOLATED
0,244,24,HA,26,HG#,30,32,2,pseudoatom_group,1.78,6.96,7.03569833065631,HA,HG2,0.07569833065631038,0.0,VIOLATED
0,245,24,HA,27,HN,30,33,3,direct_unambiguous,1.78,4.7,3.1071319572879412,HA,H,0.0,0.0,SATISFIED
0,246,24,HA,27,HB#,30,33,3,pseudoatom_group,1.78,6.9,2.8997120546702564,HA,HB1,0.0,0.0,SATISFIED
0,247,24,HB#,25,HB#,30,31,1,pseudoatom_group,1.78,7.8,5.4212340845973435,HB3,HB2,0.0,0.0,SATISFIED
0,248,24,HB#,27,HN,30,33,3,pseudoatom_group,1.78,6.9,5.4008974254284805,HB2,H,0.0,0.0,SATISFIED
0,250,25,HN,25,HG#,31,31,0,pseudoatom_group,1.78,6.9,2.3938082629985225,H,HG3,0.0,0.0,SATISFIED
0,251,25,HN,25,HD2,31,31,0,legacy_stereospecific,1.78,4.76,4.687075207418801,H,HD3,0.0,0.0,SATISFIED
0,252,25,HN,25,HD1,31,31,0,legacy_stereospecific,1.78,4.76,3.8929621112977717,H,HD2,0.0,0.0,SATISFIED
0,253,25,HN,25,HD#,31,31,0,pseudoatom_group,1.78,4.36,3.8929621112977717,H,HD2,0.0,0.0,SATISFIED
0,254,25,HN,26,HN,31,32,1,direct_unambiguous,1.78,4.2,3.057839269811282,H,H,0.0,0.0,SATISFIED
0,255,25,HA,28,HB#,31,34,3,pseudoatom_group,1.78,6.9,2.603732705175398,HA,HB2,0.0,0.0,SATISFIED
0,256,25,HB#,26,HN,31,32,1,pseudoatom_group,1.78,4.95,2.542020849639122,HB2,H,0.0,0.0,SATISFIED
0,257,25,HB#,26,HA,31,32,1,pseudoatom_group,1.78,6.9,4.337568558535992,HB3,HA,0.0,0.0,SATISFIED
0,259,26,HN,26,HG#,32,32,0,pseudoatom_group,1.78,5.22,2.2823240348381733,H,HG2,0.0,0.0,SATISFIED
0,260,26,HN,27,HN,32,33,1,direct_unambiguous,1.78,4.2,3.193328827415053,H,H,0.0,0.0,SATISFIED
0,261,26,HN,28,HN,32,34,2,direct_unambiguous,1.78,5.5,4.386262874019295,H,H,0.0,0.0,SATISFIED
0,262,26,HA,29,HN,32,35,3,direct_unambiguous,1.78,4.7,4.3406536374145315,HA,H,0.0,0.0,SATISFIED
0,264,27,HN,28,HN,33,34,1,direct_unambiguous,1.78,4.2,2.5518740172665266,H,H,0.0,0.0,SATISFIED
0,265,27,HA,30,HN,33,36,3,direct_unambiguous,1.78,4.7,3.328870829575699,HA,H,0.0,0.0,SATISFIED
0,267,28,HN,28,HG2,34,34,0,legacy_stereospecific,1.78,6.0,4.109125089359049,H,HG3,0.0,0.0,SATISFIED
0,268,28,HN,28,HG1,34,34,0,legacy_stereospecific,1.78,6.0,3.0887442432160026,H,HG2,0.0,0.0,SATISFIED
0,269,28,HA,31,HN,34,37,3,direct_unambiguous,1.78,4.7,3.1930665511385743,HA,H,0.0,0.0,SATISFIED
0,270,28,HG#,29,HN,34,35,1,pseudoatom_group,1.78,6.88,4.945710970123508,HG2,H,0.0,0.0,SATISFIED
0,272,29,HN,29,HG#,35,35,0,pseudoatom_group,1.78,6.9,4.674349687389679,H,HG2,0.0,0.0,SATISFIED
0,273,29,HN,30,HN,35,36,1,direct_unambiguous,1.78,4.7,3.500774342913293,H,H,0.0,0.0,SATISFIED
0,274,29,HN,31,HN,35,37,2,direct_unambiguous,1.78,4.7,4.304990243891384,H,H,0.0,0.0,SATISFIED
0,275,29,HN,32,HB#,35,38,3,pseudoatom_group,1.78,6.9,4.66765530004091,H,HB3,0.0,0.0,SATISFIED
0,276,29,HA,32,HN,35,38,3,direct_unambiguous,1.78,4.2,4.180707715208036,HA,H,0.0,0.0,SATISFIED
0,277,29,HA,32,HB#,35,38,3,pseudoatom_group,1.78,6.9,2.557722815318344,HA,HB3,0.0,0.0,SATISFIED
0,278,29,HA,32,HG#,35,38,3,pseudoatom_group,1.78,6.9,5.0500159405688985,HA,HG2,0.0,0.0,SATISFIED
0,279,29,HA,33,HN,35,39,4,direct_unambiguous,1.78,5.5,3.892072969511233,HA,H,0.0,0.0,SATISFIED
0,280,29,HB#,32,HG#,35,38,3,pseudoatom_group,1.78,7.8,7.321841639915464,HB2,HG2,0.0,0.0,SATISFIED
0,282,30,HN,31,HN,36,37,1,direct_unambiguous,1.78,3.32,2.807100639449893,H,H,0.0,0.0,SATISFIED
0,283,30,HN,32,HN,36,38,2,direct_unambiguous,1.78,4.7,5.274391528887478,H,H,0.5743915288874781,0.0,VIOLATED
0,285,31,HN,32,HN,37,38,1,direct_unambiguous,1.78,4.2,2.9422369041258385,H,H,0.0,0.0,SATISFIED
0,286,31,HN,33,HN,37,39,2,direct_unambiguous,1.78,5.5,4.450456493439746,H,H,0.0,0.0,SATISFIED
0,287,31,HA,36,HD21,37,42,5,direct_unambiguous,1.78,5.01,9.637664343605246,HA,HD21,4.627664343605247,0.0,VIOLATED
0,289,32,HN,32,HG#,38,38,0,pseudoatom_group,1.78,5.44,4.160344817440017,H,HG3,0.0,0.0,SATISFIED
0,290,32,HN,32,HD#,38,38,0,pseudoatom_group,1.78,6.01,4.830832847449807,H,HD3,0.0,0.0,SATISFIED
0,291,32,HN,33,HN,38,39,1,direct_unambiguous,1.78,3.37,3.829608465626741,H,H,0.45960846562674096,0.0,VIOLATED
0,292,32,HA,34,HN,38,40,2,direct_unambiguous,1.78,4.7,4.225610725090516,HA,H,0.0,0.0,SATISFIED
0,293,32,HA,35,HN,38,41,3,direct_unambiguous,1.78,4.7,3.3517947431189743,HA,H,0.0,0.0,SATISFIED
0,294,32,HA,35,HG1#,38,41,3,pseudoatom_group,1.78,7.12,4.749726834250577,HA,HG11,0.0,0.0,SATISFIED
0,295,32,HA,35,HG2#,38,41,3,pseudoatom_group,1.78,7.12,3.3173225649610862,HA,HG22,0.0,0.0,SATISFIED
0,296,32,HA,35,HG#,38,41,3,pseudoatom_group,1.78,6.67,3.3173225649610862,HA,HG22,0.0,0.0,SATISFIED
0,297,32,HB#,32,HE#,38,38,0,pseudoatom_group,1.78,7.8,4.212384123035316,HB2,HE3,0.0,0.0,SATISFIED
0,298,32,HB#,33,HN,38,39,1,pseudoatom_group,1.78,4.78,2.3453984736074163,HB3,H,0.0,0.0,SATISFIED
0,300,33,HN,33,HB2,39,39,0,legacy_stereospecific,1.78,4.01,3.7267748791683144,H,HB3,0.0,0.0,SATISFIED
0,301,33,HN,33,HB1,39,39,0,legacy_stereospecific,1.78,4.01,2.7903105561926256,H,HB2,0.0,0.0,SATISFIED
0,302,33,HN,33,HB#,39,39,0,pseudoatom_group,1.78,3.86,2.7903105561926256,H,HB2,0.0,0.0,SATISFIED
0,303,33,HN,33,HG2,39,39,0,legacy_stereospecific,1.78,4.51,3.4825535171767306,H,HG3,0.0,0.0,SATISFIED
0,304,33,HN,33,HG1,39,39,0,legacy_stereospecific,1.78,4.51,2.3373168377436557,H,HG2,0.0,0.0,SATISFIED
0,305,33,HN,33,HG#,39,39,0,pseudoatom_group,1.78,4.33,2.3373168377436557,H,HG2,0.0,0.0,SATISFIED
0,306,33,HB2,34,HN,39,40,1,legacy_stereospecific,1.78,4.36,3.969758179033076,HB3,H,0.0,0.0,SATISFIED
0,307,33,HB1,34,HN,39,40,1,legacy_stereospecific,1.78,4.36,2.9877774348167234,HB2,H,0.0,0.0,SATISFIED
0,308,33,HB#,34,HN,39,40,1,pseudoatom_group,1.78,4.21,2.9877774348167234,HB2,H,0.0,0.0,SATISFIED
0,309,33,HG2,34,HN,39,40,1,legacy_stereospecific,1.78,5.69,5.367384838075244,HG3,H,0.0,0.0,SATISFIED
0,310,33,HG1,34,HN,39,40,1,legacy_stereospecific,1.78,5.69,5.0369960293810045,HG2,H,0.0,0.0,SATISFIED
0,311,33,HG#,34,HN,39,40,1,pseudoatom_group,1.78,5.41,5.0369960293810045,HG2,H,0.0,0.0,SATISFIED
0,313,34,HN,35,HN,40,41,1,direct_unambiguous,1.78,3.72,2.546090728941135,H,H,0.0,0.0,SATISFIED
0,314,34,HN,35,HG1#,40,41,1,pseudoatom_group,1.78,7.89,6.842241299457363,H,HG12,0.0,0.0,SATISFIED
0,315,34,HN,35,HG2#,40,41,1,pseudoatom_group,1.78,7.89,4.427948170428375,H,HG22,0.0,0.0,SATISFIED
0,316,34,HN,35,HG#,40,41,1,pseudoatom_group,1.78,7.59,4.427948170428375,H,HG22,0.0,0.0,SATISFIED
0,317,34,HN,36,HN,40,42,2,direct_unambiguous,1.78,4.7,4.539256106456212,H,H,0.0,0.0,SATISFIED
0,318,34,HA,35,HG1#,40,41,1,pseudoatom_group,1.78,7.8,7.371046194401444,HA,HG12,0.0,0.0,SATISFIED
0,319,34,HA,35,HG2#,40,41,1,pseudoatom_group,1.78,7.8,6.008326638923685,HA,HG22,0.0,0.0,SATISFIED
0,320,34,HA,35,HG#,40,41,1,pseudoatom_group,1.78,7.28,6.008326638923685,HA,HG22,0.0,0.0,SATISFIED
0,321,34,HA,37,HB#,40,43,3,pseudoatom_group,1.78,6.9,2.955202023551017,HA,HB3,0.0,0.0,SATISFIED
0,322,34,HA,37,HG,40,43,3,direct_unambiguous,1.78,6.0,3.5895657118932935,HA,HG,0.0,0.0,SATISFIED
0,323,34,HA,37,HD#,40,43,3,pseudoatom_group,1.78,7.8,2.186217281058772,HA,HD13,0.0,0.0,SATISFIED
0,325,35,HN,35,HB,41,41,0,direct_unambiguous,1.78,4.02,2.472493073802231,H,HB,0.0,0.0,SATISFIED
0,326,35,HN,36,HN,41,42,1,direct_unambiguous,1.78,3.39,2.6879211297952925,H,H,0.0,0.0,SATISFIED
0,327,35,HB,36,HN,41,42,1,direct_unambiguous,1.78,6.0,2.6568601769758247,HB,H,0.0,0.0,SATISFIED
0,328,35,HG1#,36,HN,41,42,1,pseudoatom_group,1.78,6.85,3.154816951900696,HG12,H,0.0,0.0,SATISFIED
0,329,35,HG1#,36,HA,41,42,1,pseudoatom_group,1.78,7.8,3.5326304646820903,HG12,HA,0.0,0.0,SATISFIED
0,330,35,HG2#,36,HN,41,42,1,pseudoatom_group,1.78,6.85,4.66993158408129,HG22,H,0.0,0.0,SATISFIED
0,331,35,HG2#,36,HA,41,42,1,pseudoatom_group,1.78,7.8,6.640187497352764,HG21,HA,0.0,0.0,SATISFIED
0,332,35,HG#,36,HN,41,42,1,pseudoatom_group,1.78,6.56,3.154816951900696,HG12,H,0.0,0.0,SATISFIED
0,333,35,HG#,36,HA,41,42,1,pseudoatom_group,1.78,7.45,3.5326304646820903,HG12,HA,0.0,0.0,SATISFIED
0,335,36,HN,36,HD21,42,42,0,direct_unambiguous,1.78,5.5,4.051224382825518,H,HD21,0.0,0.0,SATISFIED
0,336,36,HN,36,HD22,42,42,0,direct_unambiguous,1.78,6.0,4.071115571928659,H,HD22,0.0,0.0,SATISFIED
0,337,36,HN,37,HN,42,43,1,direct_unambiguous,1.78,4.7,3.3668558032680878,H,H,0.0,0.0,SATISFIED
0,338,36,HA,37,HB#,42,43,1,pseudoatom_group,1.78,6.38,5.827356604842371,HA,HB3,0.0,0.0,SATISFIED
0,339,36,HA,38,HN,42,44,2,direct_unambiguous,1.78,4.7,6.072495533139568,HA,H,1.3724955331395678,0.0,VIOLATED
0,340,36,HB2,37,HN,42,43,1,legacy_stereospecific,1.78,5.83,4.5341365219851975,HB3,H,0.0,0.0,SATISFIED
0,341,36,HB1,37,HN,42,43,1,legacy_stereospecific,1.78,5.83,3.902857030432962,HB2,H,0.0,0.0,SATISFIED
0,342,36,HD21,37,HN,42,43,1,direct_unambiguous,1.78,5.5,6.94498444922665,HD21,H,1.4449844492266504,0.0,VIOLATED
0,343,36,HD22,37,HD#,42,43,1,pseudoatom_group,1.78,8.7,6.515198999263184,HD22,HD23,0.0,0.0,SATISFIED
0,344,36,OD1,38,HN,42,44,2,direct_unambiguous,1.78,2.4,8.409679779872711,OD1,H,6.009679779872711,0.0,VIOLATED
0,346,37,HN,37,HD1#,43,43,0,pseudoatom_group,1.78,8.49,4.257002466525007,H,HD13,0.0,0.0,SATISFIED
0,347,37,HN,37,HD2#,43,43,0,pseudoatom_group,1.78,8.49,4.873731424688891,H,HD21,0.0,0.0,SATISFIED
0,348,37,HN,37,HD#,43,43,0,pseudoatom_group,1.78,7.99,4.257002466525007,H,HD13,0.0,0.0,SATISFIED
0,349,37,HN,38,HN,43,44,1,direct_unambiguous,1.78,4.2,4.709256629235658,H,H,0.509256629235658,0.0,VIOLATED
0,350,37,HA,37,HD1#,43,43,0,pseudoatom_group,1.78,7.39,4.775293289422127,HA,HD12,0.0,0.0,SATISFIED
0,351,37,HA,37,HD2#,43,43,0,pseudoatom_group,1.78,7.39,2.373741771970996,HA,HD21,0.0,0.0,SATISFIED
0,352,37,HA,38,HN,43,44,1,direct_unambiguous,1.78,3.43,2.318543939631078,HA,H,0.0,0.0,SATISFIED
0,353,37,HD1#,38,HN,43,44,1,pseudoatom_group,1.78,8.52,6.071892867961357,HD11,H,0.0,0.0,SATISFIED
0,354,37,HD2#,38,HN,43,44,1,pseudoatom_group,1.78,8.52,3.3223627134917093,HD21,H,0.0,0.0,SATISFIED
0,355,37,HD#,38,HN,43,44,1,pseudoatom_group,1.78,8.13,3.3223627134917093,HD21,H,0.0,0.0,SATISFIED
0,357,38,HN,38,HG#,44,44,0,pseudoatom_group,1.78,6.9,2.5767561002159303,H,HG3,0.0,0.0,SATISFIED
0,358,38,HN,38,HD#,44,44,0,pseudoatom_group,1.78,6.9,3.9699850125661684,H,HD3,0.0,0.0,SATISFIED
0,359,38,HA,38,HD#,44,44,0,pseudoatom_group,1.78,6.9,2.414846371925138,HA,HD3,0.0,0.0,SATISFIED
0,360,38,HB#,38,HE#,44,44,0,pseudoatom_group,1.78,7.78,4.4557581846415335,HB3,HE3,0.0,0.0,SATISFIED
1,14,1,HA,2,HN,7,8,1,direct_unambiguous,1.78,3.63,3.780777697775946,HA,H,0.15077769777594607,0.0,VIOLATED
1,15,1,HG#,2,HN,7,8,1,pseudoatom_group,1.78,7.04,4.928875530990815,HG2,H,0.0,0.0,SATISFIED
1,17,2,HN,3,HN,8,9,1,direct_unambiguous,1.78,4.33,3.915890320220931,H,H,0.0,0.0,SATISFIED
1,18,2,HA,3,HD#,8,9,1,pseudoatom_group,1.78,9.41,7.769124596761211,HA,HD1,0.0,0.0,SATISFIED
1,20,3,HN,3,HD#,9,9,0,pseudoatom_group,1.78,7.72,4.558871022523011,H,HD1,0.0,0.0,SATISFIED
1,21,3,HN,3,HE#,9,9,0,pseudoatom_group,1.78,8.82,6.911722867708167,H,HE1,0.0,0.0,SATISFIED
1,22,3,HN,4,HN,9,10,1,direct_unambiguous,1.78,4.7,3.621127724894552,H,H,0.0,0.0,SATISFIED
1,23,3,HA,4,HB#,9,10,1,pseudoatom_group,1.78,7.64,6.176240118389179,HA,HB2,0.0,0.0,SATISFIED
1,24,3,HA,4,HG#,9,10,1,pseudoatom_group,1.78,6.53,5.756729887705347,HA,HG2,0.0,0.0,SATISFIED
1,25,3,HD#,4,HN,9,10,1,pseudoatom_group,1.78,7.84,3.1030752488458933,HD2,H,0.0,0.0,SATISFIED
1,26,3,HE#,4,HN,9,10,1,pseudoatom_group,1.78,7.29,5.25930965051498,HE2,H,0.0,0.0,SATISFIED
1,27,3,HD#,4,HA,9,10,1,pseudoatom_group,1.78,7.87,3.5808660963515506,HD2,HA,0.0,0.0,SATISFIED
1,28,3,HE#,4,HD#,9,10,1,pseudoatom_group,1.78,8.68,7.318281902195351,HE2,HD3,0.0,0.0,SATISFIED
1,29,3,HE#,5,HA,9,11,2,pseudoatom_group,1.78,7.69,9.447138667342617,HE2,HA,1.757138667342617,0.0,VIOLATED
1,30,3,HE#,5,HG#,9,11,2,pseudoatom_group,1.78,8.58,11.559780317981827,HE2,HG2,2.9797803179818274,0.0,VIOLATED
1,32,4,HN,4,HG#,10,10,0,pseudoatom_group,1.78,5.8,2.303990668383882,H,HG2,0.0,0.0,SATISFIED
1,33,4,HN,4,HD#,10,10,0,pseudoatom_group,1.78,6.9,4.147228713249367,H,HD2,0.0,0.0,SATISFIED
1,34,4,HN,5,HN,10,11,1,direct_unambiguous,1.78,4.7,3.792662521237554,H,H,0.0,0.0,SATISFIED
1,35,4,HB#,4,HE#,10,10,0,pseudoatom_group,1.78,7.8,4.257765846074675,HB3,HE3,0.0,0.0,SATISFIED
1,36,4,HB#,5,HN,10,11,1,pseudoatom_group,1.78,5.73,2.365176314780784,HB2,H,0.0,0.0,SATISFIED
1,38,5,HN,5,HG#,11,11,0,pseudoatom_group,1.78,6.9,4.079840192948734,H,HG3,0.0,0.0,SATISFIED
1,39,5,HN,5,HD#,11,11,0,pseudoatom_group,1.78,5.5,4.668910365385054,H,HD3,0.0,0.0,SATISFIED
1,40,5,HN,6,HN,11,12,1,direct_unambiguous,1.78,4.7,3.38036299825921,H,H,0.0,0.0,SATISFIED
1,41,5,HA,5,HD#,11,11,0,pseudoatom_group,1.78,6.9,4.333526277755796,HA,HD3,0.0,0.0,SATISFIED
1,43,7,HN,7,HG#,13,13,0,pseudoatom_group,1.78,6.9,4.518227639240857,H,HG2,0.0,0.0,SATISFIED
1,44,7,HN,7,HD#,13,13,0,pseudoatom_group,1.78,5.16,4.802491436744058,H,HD3,0.0,0.0,SATISFIED
1,45,7,HB#,8,HN,13,14,1,pseudoatom_group,1.78,4.57,2.694855098145354,HB2,H,0.0,0.0,SATISFIED
1,46,7,HB#,8,HG#,13,14,1,pseudoatom_group,1.78,7.8,6.570539247276439,HB2,HG3,0.0,0.0,SATISFIED
1,48,8,HN,8,HB2,14,14,0,legacy_stereospecific,1.78,3.77,2.576306464689323,H,HB3,0.0,0.0,SATISFIED
1,49,8,HN,8,HB1,14,14,0,legacy_stereospecific,1.78,3.77,2.6703694500948725,H,HB2,0.0,0.0,SATISFIED
1,50,8,HN,8,HB#,14,14,0,pseudoatom_group,1.78,3.57,2.576306464689323,H,HB3,0.0,0.0,SATISFIED
1,51,8,HN,8,HG#,14,14,0,pseudoatom_group,1.78,5.23,4.625777880529933,H,HG2,0.0,0.0,SATISFIED
1,52,8,HN,9,HN,14,15,1,direct_unambiguous,1.78,4.2,2.527704887837974,H,H,0.0,0.0,SATISFIED
1,53,8,HB2,9,HN,14,15,1,legacy_stereospecific,1.78,4.3,4.104859924528483,HB3,H,0.0,0.0,SATISFIED
1,54,8,HB1,9,HN,14,15,1,legacy_stereospecific,1.78,4.3,3.0096220692970728,HB2,H,0.0,0.0,SATISFIED
1,55,8,HB#,9,HN,14,15,1,pseudoatom_group,1.78,4.11,3.0096220692970728,HB2,H,0.0,0.0,SATISFIED
1,56,8,HG#,9,HN,14,15,1,pseudoatom_group,1.78,5.68,4.240371328079652,HG2,H,0.0,0.0,SATISFIED
1,58,9,HN,10,HN,15,16,1,direct_unambiguous,1.78,4.2,2.7084929388868644,H,H,0.0,0.0,SATISFIED
1,59,9,HN,12,HB#,15,18,3,pseudoatom_group,1.78,6.41,5.417000000000001,H,HB3,0.0,0.0,SATISFIED
1,61,10,HN,10,HB2,16,16,0,legacy_stereospecific,1.78,4.12,2.6497497995093804,H,HB3,0.0,0.0,SATISFIED
1,62,10,HN,10,HB1,16,16,0,legacy_stereospecific,1.78,4.12,2.6599415407109985,H,HB2,0.0,0.0,SATISFIED
1,63,10,HN,11,HN,16,17,1,direct_unambiguous,1.78,5.5,2.6883753458176187,H,H,0.0,0.0,SATISFIED
1,64,10,HN,11,HB#,16,17,1,pseudoatom_group,1.78,6.88,5.035273676772692,H,HB2,0.0,0.0,SATISFIED
1,65,10,HN,11,HG#,16,17,1,pseudoatom_group,1.78,6.9,4.643777880131649,H,HG3,0.0,0.0,SATISFIED
1,66,10,HA,11,HN,16,17,1,direct_unambiguous,1.78,3.28,3.835171573736957,HA,H,0.5551715737369571,0.0,VIOLATED
1,67,10,HA,11,HB#,16,17,1,pseudoatom_group,1.78,5.67,6.128273003057225,HA,HB2,0.45827300305722485,0.0,VIOLATED
1,68,10,HA,11,HG#,16,17,1,pseudoatom_group,1.78,5.85,5.66228363825056,HA,HG3,0.0,0.0,SATISFIED
1,69,10,HA,13,HN,16,19,3,direct_unambiguous,1.78,4.7,3.22690532863919,HA,H,0.0,0.0,SATISFIED
1,70,10,HA,13,HB#,16,19,3,pseudoatom_group,1.78,6.9,3.0142479990870013,HA,HB2,0.0,0.0,SATISFIED
1,71,10,HB2,11,HN,16,17,1,legacy_stereospecific,1.78,4.59,2.7539386340294514,HB3,H,0.0,0.0,SATISFIED
1,72,10,HB2,11,HG#,16,17,1,pseudoatom_group,1.78,6.9,3.465748259755747,HB3,HG3,0.0,0.0,SATISFIED
1,73,10,HB2,13,HN,16,19,3,legacy_stereospecific,1.78,6.0,5.51901993111096,HB3,H,0.0,0.0,SATISFIED
1,74,10,HB2,14,HB#,16,20,4,pseudoatom_group,1.78,6.9,5.649803624905913,HB3,HB3,0.0,0.0,SATISFIED
1,75,10,HB1,11,HN,16,17,1,legacy_stereospecific,1.78,4.59,4.127102979088359,HB2,H,0.0,0.0,SATISFIED
1,76,10,HB1,11,HG#,16,17,1,pseudoatom_group,1.78,6.9,5.391165922135952,HB2,HG3,0.0,0.0,SATISFIED
1,77,10,HB1,13,HN,16,19,3,legacy_stereospecific,1.78,6.0,5.618610504386295,HB2,H,0.0,0.0,SATISFIED
1,78,10,HB1,14,HB#,16,20,4,pseudoatom_group,1.78,6.9,6.305735643047526,HB2,HB3,0.0,0.0,SATISFIED
1,79,10,HB#,14,HB#,16,20,4,pseudoatom_group,1.78,6.78,5.649803624905913,HB3,HB3,0.0,0.0,SATISFIED
1,81,11,HN,11,HB2,17,17,0,legacy_stereospecific,1.78,3.98,3.5959908231251085,H,HB3,0.0,0.0,SATISFIED
1,82,11,HN,11,HB1,17,17,0,legacy_stereospecific,1.78,3.98,2.719675899808651,H,HB2,0.0,0.0,SATISFIED
1,83,11,HN,11,HB#,17,17,0,pseudoatom_group,1.78,3.74,2.719675899808651,H,HB2,0.0,0.0,SATISFIED
1,84,11,HN,11,HG#,17,17,0,pseudoatom_group,1.78,5.08,2.386157790256126,H,HG3,0.0,0.0,SATISFIED
1,85,11,HN,12,HN,17,18,1,direct_unambiguous,1.78,4.2,3.0173461849777854,H,H,0.0,0.0,SATISFIED
1,86,11,HN,12,HB#,17,18,1,pseudoatom_group,1.78,5.54,5.514430251621649,H,HB3,0.0,0.0,SATISFIED
1,87,11,HA,14,HN,17,20,3,direct_unambiguous,1.78,5.5,3.3021850341856998,HA,H,0.0,0.0,SATISFIED
1,88,11,HA,14,HB#,17,20,3,pseudoatom_group,1.78,6.9,2.7588059011101174,HA,HB2,0.0,0.0,SATISFIED
1,89,11,HA,15,HN,17,21,4,direct_unambiguous,1.78,5.5,3.876237092851779,HA,H,0.0,0.0,SATISFIED
1,90,11,HB2,12,HN,17,18,1,legacy_stereospecific,1.78,6.0,3.999392953936884,HB3,H,0.0,0.0,SATISFIED
1,91,11,HB1,12,HN,17,18,1,legacy_stereospecific,1.78,6.0,3.00126256765382,HB2,H,0.0,0.0,SATISFIED
1,92,11,HG#,12,HN,17,18,1,pseudoatom_group,1.78,6.9,5.013363242375322,HG3,H,0.0,0.0,SATISFIED
1,93,11,HG#,12,HA,17,18,1,pseudoatom_group,1.78,5.56,6.484369283130008,HG2,HA,0.9243692831300088,0.0,VIOLATED
1,94,11,HG#,12,HB#,17,18,1,pseudoatom_group,1.78,7.8,7.6221377578734435,HG3,HB3,0.0,0.0,SATISFIED
1,96,12,HA,14,HN,18,20,2,direct_unambiguous,1.78,5.5,4.649198210444463,HA,H,0.0,0.0,SATISFIED
1,97,12,HA,15,HN,18,21,3,direct_unambiguous,1.78,4.7,3.898529722857067,HA,H,0.0,0.0,SATISFIED
1,98,12,HA,15,HB2,18,21,3,legacy_stereospecific,1.78,4.25,2.8749528691789017,HA,HB3,0.0,0.0,SATISFIED
1,99,12,HA,15,HB1,18,21,3,legacy_stereospecific,1.78,4.25,3.751694817012706,HA,HB2,0.0,0.0,SATISFIED
1,100,12,HA,16,HN,18,22,4,direct_unambiguous,1.78,4.72,4.069520979181702,HA,H,0.0,0.0,SATISFIED
1,101,12,HB#,13,HB#,18,19,1,pseudoatom_group,1.78,7.93,4.397098702553764,HB3,HB1,0.0,0.0,SATISFIED
1,102,12,HB#,14,HN,18,20,2,pseudoatom_group,1.78,5.33,5.667677654912989,HB3,H,0.33767765491298896,0.0,VIOLATED
1,103,12,HB#,15,HB2,18,21,3,pseudoatom_group,1.78,6.9,4.650862930682864,HB2,HB3,0.0,0.0,SATISFIED
1,104,12,HB#,15,HB1,18,21,3,pseudoatom_group,1.78,6.9,6.001066738505747,HB2,HB2,0.0,0.0,SATISFIED
1,106,13,HN,14,HN,19,20,1,direct_unambiguous,1.78,4.2,2.3789707858651816,H,H,0.0,0.0,SATISFIED
1,107,13,HN,15,HN,19,21,2,direct_unambiguous,1.78,4.7,4.496928952073848,H,H,0.0,0.0,SATISFIED
1,108,13,HA,16,HN,19,22,3,direct_unambiguous,1.78,4.2,3.2123681295891364,HA,H,0.0,0.0,SATISFIED
1,109,13,HB#,14,HB#,19,20,1,pseudoatom_group,1.78,7.93,4.3669074869980955,HB2,HB3,0.0,0.0,SATISFIED
1,110,13,HB#,14,HG#,19,20,1,pseudoatom_group,1.78,7.91,6.276756009277405,HB2,HG3,0.0,0.0,SATISFIED
1,112,14,HN,14,HG2,20,20,0,legacy_stereospecific,1.78,4.63,4.601884287984651,H,HG3,0.0,0.0,SATISFIED
1,113,14,HN,14,HG1,20,20,0,legacy_stereospecific,1.78,4.63,4.402859298228823,H,HG2,0.0,0.0,SATISFIED
1,114,14,HN,14,HG#,20,20,0,pseudoatom_group,1.78,4.33,4.402859298228823,H,HG2,0.0728592982288232,0.0,VIOLATED
1,115,14,HN,15,HN,20,21,1,direct_unambiguous,1.78,4.2,3.136990596096838,H,H,0.0,0.0,SATISFIED
1,116,14,HN,15,HA,20,21,1,direct_unambiguous,1.78,5.5,5.348872124102426,H,HA,0.0,0.0,SATISFIED
1,117,14,HN,16,HN,20,22,2,direct_unambiguous,1.78,5.5,4.050845467306794,H,H,0.0,0.0,SATISFIED
1,118,14,HN,17,HN,20,23,3,direct_unambiguous,1.78,5.5,5.105917841093803,H,H,0.0,0.0,SATISFIED
1,119,14,HA,17,HN,20,23,3,direct_unambiguous,1.78,4.2,3.7569813680666555,HA,H,0.0,0.0,SATISFIED
1,120,14,HG#,15,HN,20,21,1,pseudoatom_group,1.78,6.32,3.227818148533155,HG2,H,0.0,0.0,SATISFIED
1,122,15,HN,15,HG#,21,21,0,pseudoatom_group,1.78,4.92,4.55496245868174,H,HG2,0.0,0.0,SATISFIED
1,123,15,HN,16,HN,21,22,1,direct_unambiguous,1.78,5.5,3.207894480808244,H,H,0.0,0.0,SATISFIED
1,124,15,HN,17,HN,21,23,2,direct_unambiguous,1.78,4.4,5.277057039676565,H,H,0.8770570396765649,0.0,VIOLATED
1,125,15,HN,18,HB#,21,24,3,pseudoatom_group,1.78,6.9,5.3604938205355674,H,HB3,0.0,0.0,SATISFIED
1,126,15,HA,15,HE21,21,21,0,direct_unambiguous,1.78,4.61,4.457224921405695,HA,HE21,0.0,0.0,SATISFIED
1,127,15,HA,15,HE22,21,21,0,direct_unambiguous,1.78,4.89,3.6596928832895252,HA,HE22,0.0,0.0,SATISFIED
1,128,15,HA,18,HN,21,24,3,direct_unambiguous,1.78,4.39,3.3393637118469135,HA,H,0.0,0.0,SATISFIED
1,129,15,HA,18,HB#,21,24,3,pseudoatom_group,1.78,4.66,2.9337298784993826,HA,HB3,0.0,0.0,SATISFIED
1,130,15,HA,18,HD2,21,24,3,legacy_stereospecific,1.78,5.12,4.4446693915295885,HA,HD3,0.0,0.0,SATISFIED
1,131,15,HA,18,HD1,21,24,3,legacy_stereospecific,1.78,5.12,2.6045715578574535,HA,HD2,0.0,0.0,SATISFIED
1,132,15,HA,18,HD#,21,24,3,pseudoatom_group,1.78,4.96,2.6045715578574535,HA,HD2,0.0,0.0,SATISFIED
1,133,15,HA,19,HN,21,25,4,direct_unambiguous,1.78,5.08,4.242178096214256,HA,H,0.0,0.0,SATISFIED
1,134,15,HB2,15,HE21,21,21,0,legacy_stereospecific,1.78,5.75,4.879826533802201,HB3,HE21,0.0,0.0,SATISFIED
1,135,15,HB1,15,HE21,21,21,0,legacy_stereospecific,1.78,5.75,4.732153315352324,HB2,HE21,0.0,0.0,SATISFIED
1,136,15,HB#,18,HG#,21,24,3,pseudoatom_group,1.78,7.78,6.340453690391564,HB2,HG2,0.0,0.0,SATISFIED
1,137,15,HB#,18,HD#,21,24,3,pseudoatom_group,1.78,7.75,4.640427782004585,HB2,HD2,0.0,0.0,SATISFIED
1,138,15,HG#,18,HN,21,24,3,pseudoatom_group,1.78,5.81,5.579960125305556,HG3,H,0.0,0.0,SATISFIED
1,139,15,HG#,18,HB#,21,24,3,pseudoatom_group,1.78,7.8,4.723198280826246,HG3,HB3,0.0,0.0,SATISFIED
1,140,15,HG#,18,HG#,21,24,3,pseudoatom_group,1.78,7.8,7.050431830746256,HG3,HG2,0.0,0.0,SATISFIED
1,141,15,HG#,19,HN,21,25,4,pseudoatom_group,1.78,6.47,4.374663187035089,HG3,H,0.0,0.0,SATISFIED
1,142,15,HE21,18,HB#,21,24,3,pseudoatom_group,1.78,5.03,4.346949390089561,HE21,HB3,0.0,0.0,SATISFIED
1,143,15,HE21,19,HB#,21,25,4,pseudoatom_group,1.78,6.78,5.486127778315048,HE21,HB3,0.0,0.0,SATISFIED
1,144,15,HE22,18,HB#,21,24,3,pseudoatom_group,1.78,5.94,2.8542576968451887,HE22,HB3,0.0,0.0,SATISFIED
1,145,15,HE22,18,HD#,21,24,3,pseudoatom_group,1.78,6.54,3.4898121725961126,HE22,HD2,0.0,0.0,SATISFIED
1,147,16,HN,17,HN,22,23,1,direct_unambiguous,1.78,3.38,2.984543516184678,H,H,0.0,0.0,SATISFIED
1,148,16,HN,19,HN,22,25,3,direct_unambiguous,1.78,5.5,4.676586041120168,H,H,0.0,0.0,SATISFIED
1,149,16,HA,19,HN,22,25,3,direct_unambiguous,1.78,4.01,3.1961193657308864,HA,H,0.0,0.0,SATISFIED
1,150,16,HA,19,HB#,22,25,3,pseudoatom_group,1.78,4.6,2.6324021349330353,HA,HB2,0.0,0.0,SATISFIED
1,152,17,HA,19,HN,23,25,2,direct_unambiguous,1.78,4.7,4.623949177921401,HA,H,0.0,0.0,SATISFIED
1,154,18,HN,18,HG#,24,24,0,pseudoatom_group,1.78,6.9,2.5447817195193774,H,HG2,0.0,0.0,SATISFIED
1,155,18,HN,18,HD2,24,24,0,legacy_stereospecific,1.78,6.0,4.796771414191009,H,HD3,0.0,0.0,SATISFIED
1,156,18,HN,18,HD1,24,24,0,legacy_stereospecific,1.78,6.0,3.931909586956445,H,HD2,0.0,0.0,SATISFIED
1,157,18,HN,19,HN,24,25,1,direct_unambiguous,1.78,3.52,2.9306355965899282,H,H,0.0,0.0,SATISFIED
1,158,18,HN,19,HA,24,25,1,direct_unambiguous,1.78,5.09,5.501378554507951,H,HA,0.4113785545079516,0.0,VIOLATED
1,159,18,HN,19,HB#,24,25,1,pseudoatom_group,1.78,6.03,5.325233046543597,H,HB2,0.0,0.0,SATISFIED
1,160,18,HN,20,HN,24,26,2,direct_unambiguous,1.78,5.5,4.059336522142504,H,H,0.0,0.0,SATISFIED
1,161,18,HA,18,HD2,24,24,0,legacy_stereospecific,1.78,6.0,4.2650546303652455,HA,HD3,0.0,0.0,SATISFIED
1,162,18,HA,18,HD1,24,24,0,legacy_stereospecific,1.78,6.0,4.722944632324205,HA,HD2,0.0,0.0,SATISFIED
1,163,18,HA,20,HN,24,26,2,direct_unambiguous,1.78,4.7,4.213204718501109,HA,H,0.0,0.0,SATISFIED
1,164,18,HA,21,HN,24,27,3,direct_unambiguous,1.78,4.2,3.2102448504748047,HA,H,0.0,0.0,SATISFIED
1,165,18,HA,22,HN,24,28,4,direct_unambiguous,1.78,4.7,3.8303771354789595,HA,H,0.0,0.0,SATISFIED
1,166,18,HB#,18,HE#,24,24,0,pseudoatom_group,1.78,7.8,4.27134241193562,HB2,HE3,0.0,0.0,SATISFIED
1,167,18,HB#,19,HN,24,25,1,pseudoatom_group,1.78,4.93,2.7914598331339104,HB3,H,0.0,0.0,SATISFIED
1,168,18,HB#,19,HA,24,25,1,pseudoatom_group,1.78,5.83,4.257625277076412,HB3,HA,0.0,0.0,SATISFIED
1,169,18,HB#,19,HB2,24,25,1,pseudoatom_group,1.78,7.11,5.660700751673771,HB3,HB3,0.0,0.0,SATISFIED
1,170,18,HB#,19,HB1,24,25,1,pseudoatom_group,1.78,7.11,5.243188533707328,HB3,HB2,0.0,0.0,SATISFIED
1,171,18,HB#,19,HB#,24,25,1,pseudoatom_group,1.78,6.73,5.243188533707328,HB3,HB2,0.0,0.0,SATISFIED
1,172,18,HB#,20,HN,24,26,2,pseudoatom_group,1.78,5.39,4.939885626206339,HB3,H,0.0,0.0,SATISFIED
1,173,18,HB#,22,HD22,24,28,4,pseudoatom_group,1.78,6.39,4.409068949336129,HB2,HD22,0.0,0.0,SATISFIED
1,174,18,HG#,19,HN,24,25,1,pseudoatom_group,1.78,4.99,4.9764978649648794,HG2,H,0.0,0.0,SATISFIED
1,175,18,HD2,19,HN,24,25,1,legacy_stereospecific,1.78,6.18,5.835635440978131,HD3,H,0.0,0.0,SATISFIED
1,176,18,HD1,19,HN,24,25,1,legacy_stereospecific,1.78,6.18,5.177405721015113,HD2,H,0.0,0.0,SATISFIED
1,177,18,HD#,19,HN,24,25,1,pseudoatom_group,1.78,5.85,5.177405721015113,HD2,H,0.0,0.0,SATISFIED
1,178,18,HD#,22,HD22,24,28,4,pseudoatom_group,1.78,6.76,5.626657800150993,HD3,HD22,0.0,0.0,SATISFIED
1,180,19,HN,20,HN,25,26,1,direct_unambiguous,1.78,3.58,2.6814760860391793,H,H,0.0,0.0,SATISFIED
1,181,19,HN,21,HN,25,27,2,direct_unambiguous,1.78,4.45,4.2589132416615385,H,H,0.0,0.0,SATISFIED
1,182,19,HN,22,HB#,25,28,3,pseudoatom_group,1.78,5.63,5.485669877052392,H,HB3,0.0,0.0,SATISFIED
1,183,19,HN,22,HD21,25,28,3,direct_unambiguous,1.78,4.79,4.898749330186227,H,HD21,0.10874933018622723,0.0,VIOLATED
1,184,19,HA,21,HN,25,27,2,direct_unambiguous,1.78,4.9,4.369379475394647,HA,H,0.0,0.0,SATISFIED
1,185,19,HA,22,HN,25,28,3,direct_unambiguous,1.78,4.38,4.124767387380772,HA,H,0.0,0.0,SATISFIED
1,186,19,HA,22,HB#,25,28,3,pseudoatom_group,1.78,4.61,2.7363956219815884,HA,HB3,0.0,0.0,SATISFIED
1,187,19,HA,22,HD21,25,28,3,direct_unambiguous,1.78,4.98,2.9912134661371126,HA,HD21,0.0,0.0,SATISFIED
1,188,19,HA,22,HD22,25,28,3,direct_unambiguous,1.78,5.82,4.741599940948203,HA,HD22,0.0,0.0,SATISFIED
1,189,19,HA,23,HN,25,29,4,direct_unambiguous,1.78,4.7,3.7781320781571424,HA,H,0.0,0.0,SATISFIED
1,190,19,HB#,21,HN,25,27,2,pseudoatom_group,1.78,6.11,5.5359082362336895,HB2,H,0.0,0.0,SATISFIED
1,192,20,HN,21,HN,26,27,1,direct_unambiguous,1.78,4.2,2.5148188801581712,H,H,0.0,0.0,SATISFIED
1,193,20,HN,21,HB#,26,27,1,pseudoatom_group,1.78,6.9,4.808725922736709,H,HB3,0.0,0.0,SATISFIED
1,194,20,HN,21,HG#,26,27,1,pseudoatom_group,1.78,5.83,4.5312188205823825,H,HG2,0.0,0.0,SATISFIED
1,195,20,HN,22,HN,26,28,2,direct_unambiguous,1.78,4.2,4.794715737142297,H,H,0.5947157371422964,0.0,VIOLATED
1,196,20,HN,22,HB#,26,28,2,pseudoatom_group,1.78,6.18,5.571026117332425,H,HB3,0.0,0.0,SATISFIED
1,197,20,HN,23,HN,26,29,3,direct_unambiguous,1.78,5.5,5.390119200908268,H,H,0.0,0.0,SATISFIED
1,199,21,HN,21,HG2,27,27,0,legacy_stereospecific,1.78,4.53,3.9882194021894044,H,HG3,0.0,0.0,SATISFIED
1,200,21,HN,21,HG1,27,27,0,legacy_stereospecific,1.78,4.53,2.8019032816997806,H,HG2,0.0,0.0,SATISFIED
1,201,21,HN,21,HG#,27,27,0,pseudoatom_group,1.78,4.28,2.8019032816997806,H,HG2,0.0,0.0,SATISFIED
1,202,21,HN,22,HN,27,28,1,direct_unambiguous,1.78,3.27,2.907277936489733,H,H,0.0,0.0,SATISFIED
1,203,21,HN,22,HA,27,28,1,direct_unambiguous,1.78,5.5,5.196961997167191,H,HA,0.0,0.0,SATISFIED
1,204,21,HN,22,HB#,27,28,1,pseudoatom_group,1.78,6.14,4.996268807820492,H,HB3,0.0,0.0,SATISFIED
1,205,21,HN,23,HN,27,29,2,direct_unambiguous,1.78,4.7,4.910520237205015,H,H,0.21052023720501456,0.0,VIOLATED
1,206,21,HA,24,HN,27,30,3,direct_unambiguous,1.78,4.2,3.1865738654548714,HA,H,0.0,0.0,SATISFIED
1,207,21,HA,24,HB#,27,30,3,pseudoatom_group,1.78,5.72,2.5352847966254206,HA,HB3,0.0,0.0,SATISFIED
1,208,21,HB#,22,HB#,27,28,1,pseudoatom_group,1.78,6.87,5.461423715479326,HB3,HB3,0.0,0.0,SATISFIED
1,209,21,HG#,22,HN,27,28,1,pseudoatom_group,1.78,5.51,4.86600071927656,HG2,H,0.0,0.0,SATISFIED
1,211,22,HN,22,HD21,28,28,0,direct_unambiguous,1.78,4.96,4.087868393184888,H,HD21,0.0,0.0,SATISFIED
1,212,22,HN,22,HD22,28,28,0,direct_unambiguous,1.78,6.15,4.403829696979665,H,HD22,0.0,0.0,SATISFIED
1,213,22,HN,23,HN,28,29,1,direct_unambiguous,1.78,3.7,3.9046964030510747,H,H,0.2046964030510745,0.0,VIOLATED
1,214,22,HN,24,HN,28,30,2,direct_unambiguous,1.78,4.7,4.349124279668263,H,H,0.0,0.0,SATISFIED
1,215,22,HN,25,HN,28,31,3,direct_unambiguous,1.78,5.5,4.887838070149215,H,H,0.0,0.0,SATISFIED
1,216,22,HN,25,HB#,28,31,3,pseudoatom_group,1.78,5.58,5.152407689614633,H,HB2,0.0,0.0,SATISFIED
1,217,22,HN,25,HG#,28,31,3,pseudoatom_group,1.78,6.9,5.153191438322469,H,HG2,0.0,0.0,SATISFIED
1,218,22,HA,22,HD21,28,28,0,direct_unambiguous,1.78,5.67,4.9857662400076475,HA,HD21,0.0,0.0,SATISFIED
1,219,22,HA,24,HN,28,30,2,direct_unambiguous,1.78,5.27,4.137241955699473,HA,H,0.0,0.0,SATISFIED
1,220,22,HA,25,HN,28,31,3,direct_unambiguous,1.78,4.69,3.675063536865723,HA,H,0.0,0.0,SATISFIED
1,221,22,HA,25,HB#,28,31,3,pseudoatom_group,1.78,4.79,2.772550811076327,HA,HB2,0.0,0.0,SATISFIED
1,222,22,HA,25,HG#,28,31,3,pseudoatom_group,1.78,5.68,4.044308964458576,HA,HG2,0.0,0.0,SATISFIED
1,223,22,HA,25,HD2,28,31,3,legacy_stereospecific,1.78,5.53,2.778008099340247,HA,HD3,0.0,0.0,SATISFIED
1,224,22,HA,25,HD1,28,31,3,legacy_stereospecific,1.78,5.53,4.472134613358591,HA,HD2,0.0,0.0,SATISFIED
1,225,22,HA,25,HD#,28,31,3,pseudoatom_group,1.78,5.31,2.778008099340247,HA,HD3,0.0,0.0,SATISFIED
1,226,22,HA,26,HN,28,32,4,direct_unambiguous,1.78,4.7,3.9146989667150645,HA,H,0.0,0.0,SATISFIED
1,227,22,HB#,23,HA,28,29,1,pseudoatom_group,1.78,5.72,4.437741317382075,HB2,HA,0.0,0.0,SATISFIED
1,228,22,HB#,25,HN,28,31,3,pseudoatom_group,1.78,6.28,5.770573888271425,HB2,H,0.0,0.0,SATISFIED
1,229,22,HB#,25,HB#,28,31,3,pseudoatom_group,1.78,6.58,4.480713447655407,HB2,HB2,0.0,0.0,SATISFIED
1,230,22,HB#,25,HG#,28,31,3,pseudoatom_group,1.78,6.48,6.4640996279451,HB2,HG2,0.0,0.0,SATISFIED
1,231,22,HB#,25,HD#,28,31,3,pseudoatom_group,1.78,8.12,4.786505405825843,HB2,HD3,0.0,0.0,SATISFIED
1,233,23,HN,24,HN,29,30,1,direct_unambiguous,1.78,4.7,3.466328893801048,H,H,0.0,0.0,SATISFIED
1,234,23,HN,24,HA,29,30,1,direct_unambiguous,1.78,5.5,5.898240246039492,H,HA,0.39824024603949226,0.0,VIOLATED
1,235,23,HN,25,HN,29,31,2,direct_unambiguous,1.78,4.7,5.227547321641382,H,H,0.5275473216413822,0.0,VIOLATED
1,236,23,HN,25,HB#,29,31,2,pseudoatom_group,1.78,7.03,5.4686277072040665,H,HB2,0.0,0.0,SATISFIED
1,237,23,HN,26,HB#,29,32,3,pseudoatom_group,1.78,7.03,5.045251629007219,H,HB2,0.0,0.0,SATISFIED
1,238,23,HA,26,HN,29,32,3,direct_unambiguous,1.78,4.7,3.5856629791434673,HA,H,0.0,0.0,SATISFIED
1,239,23,HA,26,HB#,29,32,3,pseudoatom_group,1.78,6.9,2.7255274718850284,HA,HB2,0.0,0.0,SATISFIED
1,241,24,HN,25,HN,30,31,1,direct_unambiguous,1.78,4.7,2.7487879146998586,H,H,0.0,0.0,SATISFIED
1,242,24,HA,25,HB#,30,31,1,pseudoatom_group,1.78,5.93,6.103012452879316,HA,HB2,0.17301245287931621,0.0,VIOLATED
1,243,24,HA,26,HN,30,32,2,direct_unambiguous,1.78,4.77,5.133028832960127,HA,H,0.36302883296012745,0.0,VIOLATED
1,244,24,HA,26,HG#,30,32,2,pseudoatom_group,1.78,6.96,6.998593358668584,HA,HG3,0.038593358668584266,0.0,VIOLATED
1,245,24,HA,27,HN,30,33,3,direct_unambiguous,1.78,4.7,3.172654566762667,HA,H,0.0,0.0,SATISFIED
1,246,24,HA,27,HB#,30,33,3,pseudoatom_group,1.78,6.9,2.650996227835869,HA,HB2,0.0,0.0,SATISFIED
1,247,24,HB#,25,HB#,30,31,1,pseudoatom_group,1.78,7.8,5.3344841362591,HB3,HB2,0.0,0.0,SATISFIED
1,248,24,HB#,27,HN,30,33,3,pseudoatom_group,1.78,6.9,5.4634192590355,HB2,H,0.0,0.0,SATISFIED
1,250,25,HN,25,HG#,31,31,0,pseudoatom_group,1.78,6.9,2.2290758174633716,H,HG2,0.0,0.0,SATISFIED
1,251,25,HN,25,HD2,31,31,0,legacy_stereospecific,1.78,4.76,4.07966187324391,H,HD3,0.0,0.0,SATISFIED
1,252,25,HN,25,HD1,31,31,0,legacy_stereospecific,1.78,4.76,4.690191467307065,H,HD2,0.0,0.0,SATISFIED
1,253,25,HN,25,HD#,31,31,0,pseudoatom_group,1.78,4.36,4.07966187324391,H,HD3,0.0,0.0,SATISFIED
1,254,25,HN,26,HN,31,32,1,direct_unambiguous,1.78,4.2,3.5354852566514814,H,H,0.0,0.0,SATISFIED
1,255,25,HA,28,HB#,31,34,3,pseudoatom_group,1.78,6.9,2.6608073962615175,HA,HB3,0.0,0.0,SATISFIED
1,256,25,HB#,26,HN,31,32,1,pseudoatom_group,1.78,4.95,2.3848802904967785,HB2,H,0.0,0.0,SATISFIED
1,257,25,HB#,26,HA,31,32,1,pseudoatom_group,1.78,6.9,4.4129188753023785,HB2,HA,0.0,0.0,SATISFIED
1,259,26,HN,26,HG#,32,32,0,pseudoatom_group,1.78,5.22,2.254409457041911,H,HG3,0.0,0.0,SATISFIED
1,260,26,HN,27,HN,32,33,1,direct_unambiguous,1.78,4.2,3.266221976534969,H,H,0.0,0.0,SATISFIED
1,261,26,HN,28,HN,32,34,2,direct_unambiguous,1.78,5.5,4.458420572355192,H,H,0.0,0.0,SATISFIED
1,262,26,HA,29,HN,32,35,3,direct_unambiguous,1.78,4.7,3.4914302227024385,HA,H,0.0,0.0,SATISFIED
1,264,27,HN,28,HN,33,34,1,direct_unambiguous,1.78,4.2,2.565549843600782,H,H,0.0,0.0,SATISFIED
1,265,27,HA,30,HN,33,36,3,direct_unambiguous,1.78,4.7,3.307681514293662,HA,H,0.0,0.0,SATISFIED
1,267,28,HN,28,HG2,34,34,0,legacy_stereospecific,1.78,6.0,4.0417587755827284,H,HG3,0.0,0.0,SATISFIED
1,268,28,HN,28,HG1,34,34,0,legacy_stereospecific,1.78,6.0,2.9262518688588637,H,HG2,0.0,0.0,SATISFIED
1,269,28,HA,31,HN,34,37,3,direct_unambiguous,1.78,4.7,3.265140272637611,HA,H,0.0,0.0,SATISFIED
1,270,28,HG#,29,HN,34,35,1,pseudoatom_group,1.78,6.88,5.0209236202117244,HG2,H,0.0,0.0,SATISFIED
1,272,29,HN,29,HG#,35,35,0,pseudoatom_group,1.78,6.9,2.55386354373134,H,HG3,0.0,0.0,SATISFIED
1,273,29,HN,30,HN,35,36,1,direct_unambiguous,1.78,4.7,2.8414751450611,H,H,0.0,0.0,SATISFIED
1,274,29,HN,31,HN,35,37,2,direct_unambiguous,1.78,4.7,4.2038350348223705,H,H,0.0,0.0,SATISFIED
1,275,29,HN,32,HB#,35,38,3,pseudoatom_group,1.78,6.9,5.549769094295726,H,HB2,0.0,0.0,SATISFIED
1,276,29,HA,32,HN,35,38,3,direct_unambiguous,1.78,4.2,3.2447959874235552,HA,H,0.0,0.0,SATISFIED
1,277,29,HA,32,HB#,35,38,3,pseudoatom_group,1.78,6.9,2.856770729337587,HA,HB2,0.0,0.0,SATISFIED
1,278,29,HA,32,HG#,35,38,3,pseudoatom_group,1.78,6.9,3.9981201832861406,HA,HG3,0.0,0.0,SATISFIED
1,279,29,HA,33,HN,35,39,4,direct_unambiguous,1.78,5.5,3.9499545567006233,HA,H,0.0,0.0,SATISFIED
1,280,29,HB#,32,HG#,35,38,3,pseudoatom_group,1.78,7.8,6.4572900662739325,HB3,HG3,0.0,0.0,SATISFIED
1,282,30,HN,31,HN,36,37,1,direct_unambiguous,1.78,3.32,2.6885750872906637,H,H,0.0,0.0,SATISFIED
1,283,30,HN,32,HN,36,38,2,direct_unambiguous,1.78,4.7,4.194227461642966,H,H,0.0,0.0,SATISFIED
1,285,31,HN,32,HN,37,38,1,direct_unambiguous,1.78,4.2,2.580332536709174,H,H,0.0,0.0,SATISFIED
1,286,31,HN,33,HN,37,39,2,direct_unambiguous,1.78,5.5,4.6470919939248025,H,H,0.0,0.0,SATISFIED
1,287,31,HA,36,HD21,37,42,5,direct_unambiguous,1.78,5.01,8.830050396232176,HA,HD21,3.820050396232176,0.0,VIOLATED
1,289,32,HN,32,HG#,38,38,0,pseudoatom_group,1.78,5.44,2.7367232231265186,H,HG3,0.0,0.0,SATISFIED
1,290,32,HN,32,HD#,38,38,0,pseudoatom_group,1.78,6.01,4.015217179680322,H,HD2,0.0,0.0,SATISFIED
1,291,32,HN,33,HN,38,39,1,direct_unambiguous,1.78,3.37,2.8063449538501137,H,H,0.0,0.0,SATISFIED
1,292,32,HA,34,HN,38,40,2,direct_unambiguous,1.78,4.7,4.176671042828246,HA,H,0.0,0.0,SATISFIED
1,293,32,HA,35,HN,38,41,3,direct_unambiguous,1.78,4.7,3.316462422521925,HA,H,0.0,0.0,SATISFIED
1,294,32,HA,35,HG1#,38,41,3,pseudoatom_group,1.78,7.12,4.865709506331013,HA,HG11,0.0,0.0,SATISFIED
1,295,32,HA,35,HG2#,38,41,3,pseudoatom_group,1.78,7.12,3.532230032146832,HA,HG23,0.0,0.0,SATISFIED
1,296,32,HA,35,HG#,38,41,3,pseudoatom_group,1.78,6.67,3.532230032146832,HA,HG23,0.0,0.0,SATISFIED
1,297,32,HB#,32,HE#,38,38,0,pseudoatom_group,1.78,7.8,4.419229344580342,HB3,HE2,0.0,0.0,SATISFIED
1,298,32,HB#,33,HN,38,39,1,pseudoatom_group,1.78,4.78,2.291785766602105,HB2,H,0.0,0.0,SATISFIED
1,300,33,HN,33,HB2,39,39,0,legacy_stereospecific,1.78,4.01,2.807711345562431,H,HB3,0.0,0.0,SATISFIED
1,301,33,HN,33,HB1,39,39,0,legacy_stereospecific,1.78,4.01,3.691863215234279,H,HB2,0.0,0.0,SATISFIED
1,302,33,HN,33,HB#,39,39,0,pseudoatom_group,1.78,3.86,2.807711345562431,H,HB3,0.0,0.0,SATISFIED
1,303,33,HN,33,HG2,39,39,0,legacy_stereospecific,1.78,4.51,3.4043889319523974,H,HG3,0.0,0.0,SATISFIED
1,304,33,HN,33,HG1,39,39,0,legacy_stereospecific,1.78,4.51,2.2888079867039957,H,HG2,0.0,0.0,SATISFIED
1,305,33,HN,33,HG#,39,39,0,pseudoatom_group,1.78,4.33,2.2888079867039957,H,HG2,0.0,0.0,SATISFIED
1,306,33,HB2,34,HN,39,40,1,legacy_stereospecific,1.78,4.36,3.008966766184034,HB3,H,0.0,0.0,SATISFIED
1,307,33,HB1,34,HN,39,40,1,legacy_stereospecific,1.78,4.36,3.977521841549084,HB2,H,0.0,0.0,SATISFIED
1,308,33,HB#,34,HN,39,40,1,pseudoatom_group,1.78,4.21,3.008966766184034,HB3,H,0.0,0.0,SATISFIED
1,309,33,HG2,34,HN,39,40,1,legacy_stereospecific,1.78,5.69,5.347367763675883,HG3,H,0.0,0.0,SATISFIED
1,310,33,HG1,34,HN,39,40,1,legacy_stereospecific,1.78,5.69,4.977133110536627,HG2,H,0.0,0.0,SATISFIED
1,311,33,HG#,34,HN,39,40,1,pseudoatom_group,1.78,5.41,4.977133110536627,HG2,H,0.0,0.0,SATISFIED
1,313,34,HN,35,HN,40,41,1,direct_unambiguous,1.78,3.72,2.5571793054066445,H,H,0.0,0.0,SATISFIED
1,314,34,HN,35,HG1#,40,41,1,pseudoatom_group,1.78,7.89,6.8554918860720715,H,HG13,0.0,0.0,SATISFIED
1,315,34,HN,35,HG2#,40,41,1,pseudoatom_group,1.78,7.89,4.433384937043026,H,HG23,0.0,0.0,SATISFIED
1,316,34,HN,35,HG#,40,41,1,pseudoatom_group,1.78,7.59,4.433384937043026,H,HG23,0.0,0.0,SATISFIED
1,317,34,HN,36,HN,40,42,2,direct_unambiguous,1.78,4.7,4.213747382081655,H,H,0.0,0.0,SATISFIED
1,318,34,HA,35,HG1#,40,41,1,pseudoatom_group,1.78,7.8,7.3469376613661295,HA,HG12,0.0,0.0,SATISFIED
1,319,34,HA,35,HG2#,40,41,1,pseudoatom_group,1.78,7.8,5.898300857026538,HA,HG23,0.0,0.0,SATISFIED
1,320,34,HA,35,HG#,40,41,1,pseudoatom_group,1.78,7.28,5.898300857026538,HA,HG23,0.0,0.0,SATISFIED
1,321,34,HA,37,HB#,40,43,3,pseudoatom_group,1.78,6.9,2.882885707065061,HA,HB3,0.0,0.0,SATISFIED
1,322,34,HA,37,HG,40,43,3,direct_unambiguous,1.78,6.0,3.655283436342525,HA,HG,0.0,0.0,SATISFIED
1,323,34,HA,37,HD#,40,43,3,pseudoatom_group,1.78,7.8,2.263789080281112,HA,HD13,0.0,0.0,SATISFIED
1,325,35,HN,35,HB,41,41,0,direct_unambiguous,1.78,4.02,2.4557666827286346,H,HB,0.0,0.0,SATISFIED
1,326,35,HN,36,HN,41,42,1,direct_unambiguous,1.78,3.39,2.6206184384606614,H,H,0.0,0.0,SATISFIED
1,327,35,HB,36,HN,41,42,1,direct_unambiguous,1.78,6.0,2.9509339199649993,HB,H,0.0,0.0,SATISFIED
1,328,35,HG1#,36,HN,41,42,1,pseudoatom_group,1.78,6.85,3.6890814574904702,HG13,H,0.0,0.0,SATISFIED
1,329,35,HG1#,36,HA,41,42,1,pseudoatom_group,1.78,7.8,3.679263105568832,HG13,HA,0.0,0.0,SATISFIED
1,330,35,HG2#,36,HN,41,42,1,pseudoatom_group,1.78,6.85,4.931993207619003,HG23,H,0.0,0.0,SATISFIED
1,331,35,HG2#,36,HA,41,42,1,pseudoatom_group,1.78,7.8,6.780394826261963,HG22,HA,0.0,0.0,SATISFIED
1,332,35,HG#,36,HN,41,42,1,pseudoatom_group,1.78,6.56,3.6890814574904702,HG13,H,0.0,0.0,SATISFIED
1,333,35,HG#,36,HA,41,42,1,pseudoatom_group,1.78,7.45,3.679263105568832,HG13,HA,0.0,0.0,SATISFIED
1,335,36,HN,36,HD21,42,42,0,direct_unambiguous,1.78,5.5,3.860112174535864,H,HD21,0.0,0.0,SATISFIED
1,336,36,HN,36,HD22,42,42,0,direct_unambiguous,1.78,6.0,4.227547515995531,H,HD22,0.0,0.0,SATISFIED
1,337,36,HN,37,HN,42,43,1,direct_unambiguous,1.78,4.7,3.165914401875075,H,H,0.0,0.0,SATISFIED
1,338,36,HA,37,HB#,42,43,1,pseudoatom_group,1.78,6.38,5.850393576504063,HA,HB3,0.0,0.0,SATISFIED
1,339,36,HA,38,HN,42,44,2,direct_unambiguous,1.78,4.7,5.809862304736667,HA,H,1.1098623047366667,0.0,VIOLATED
1,340,36,HB2,37,HN,42,43,1,legacy_stereospecific,1.78,5.83,4.908541942369445,HB3,H,0.0,0.0,SATISFIED
1,341,36,HB1,37,HN,42,43,1,legacy_stereospecific,1.78,5.83,3.5979931906550373,HB2,H,0.0,0.0,SATISFIED
1,342,36,HD21,37,HN,42,43,1,direct_unambiguous,1.78,5.5,6.426859730848341,HD21,H,0.9268597308483413,0.0,VIOLATED
1,343,36,HD22,37,HD#,42,43,1,pseudoatom_group,1.78,8.7,7.969757148119383,HD22,HD21,0.0,0.0,SATISFIED
1,344,36,OD1,38,HN,42,44,2,direct_unambiguous,1.78,2.4,8.180771907344688,OD1,H,5.780771907344688,0.0,VIOLATED
1,346,37,HN,37,HD1#,43,43,0,pseudoatom_group,1.78,8.49,4.307852481225422,H,HD13,0.0,0.0,SATISFIED
1,347,37,HN,37,HD2#,43,43,0,pseudoatom_group,1.78,8.49,5.016246505107182,H,HD21,0.0,0.0,SATISFIED
1,348,37,HN,37,HD#,43,43,0,pseudoatom_group,1.78,7.99,4.307852481225422,H,HD13,0.0,0.0,SATISFIED
1,349,37,HN,38,HN,43,44,1,direct_unambiguous,1.78,4.2,4.574387937199908,H,H,0.3743879371999075,0.0,VIOLATED
1,350,37,HA,37,HD1#,43,43,0,pseudoatom_group,1.78,7.39,4.830129087301912,HA,HD12,0.0,0.0,SATISFIED
1,351,37,HA,37,HD2#,43,43,0,pseudoatom_group,1.78,7.39,2.4761221698454214,HA,HD23,0.0,0.0,SATISFIED
1,352,37,HA,38,HN,43,44,1,direct_unambiguous,1.78,3.43,2.255452504487737,HA,H,0.0,0.0,SATISFIED
1,353,37,HD1#,38,HN,43,44,1,pseudoatom_group,1.78,8.52,6.308476361214334,HD13,H,0.0,0.0,SATISFIED
1,354,37,HD2#,38,HN,43,44,1,pseudoatom_group,1.78,8.52,3.5772362236788333,HD23,H,0.0,0.0,SATISFIED
1,355,37,HD#,38,HN,43,44,1,pseudoatom_group,1.78,8.13,3.5772362236788333,HD23,H,0.0,0.0,SATISFIED
1,357,38,HN,38,HG#,44,44,0,pseudoatom_group,1.78,6.9,2.63980700052106,H,HG3,0.0,0.0,SATISFIED
1,358,38,HN,38,HD#,44,44,0,pseudoatom_group,1.78,6.9,4.045570787911143,H,HD2,0.0,0.0,SATISFIED
1,359,38,HA,38,HD#,44,44,0,pseudoatom_group,1.78,6.9,4.4570998418254,HA,HD3,0.0,0.0,SATISFIED
1,360,38,HB#,38,HE#,44,44,0,pseudoatom_group,1.78,7.78,4.452747129581918,HB3,HE3,0.0,0.0,SATISFIED
2,14,1,HA,2,HN,7,8,1,direct_unambiguous,1.78,3.63,3.8671163675276192,HA,H,0.23711636752761933,0.0,VIOLATED
2,15,1,HG#,2,HN,7,8,1,pseudoatom_group,1.78,7.04,4.743432828659008,HG3,H,0.0,0.0,SATISFIED
2,17,2,HN,3,HN,8,9,1,direct_unambiguous,1.78,4.33,3.2421593113232414,H,H,0.0,0.0,SATISFIED
2,18,2,HA,3,HD#,8,9,1,pseudoatom_group,1.78,9.41,7.985736847655324,HA,HD2,0.0,0.0,SATISFIED
2,20,3,HN,3,HD#,9,9,0,pseudoatom_group,1.78,7.72,4.884237299722446,H,HD2,0.0,0.0,SATISFIED
2,21,3,HN,3,HE#,9,9,0,pseudoatom_group,1.78,8.82,6.730730866703855,H,HE1,0.0,0.0,SATISFIED
2,22,3,HN,4,HN,9,10,1,direct_unambiguous,1.78,4.7,2.9316440779876447,H,H,0.0,0.0,SATISFIED
2,23,3,HA,4,HB#,9,10,1,pseudoatom_group,1.78,7.64,5.874355879583736,HA,HB2,0.0,0.0,SATISFIED
2,24,3,HA,4,HG#,9,10,1,pseudoatom_group,1.78,6.53,7.238223331729963,HA,HG2,0.7082233317299629,0.0,VIOLATED
2,25,3,HD#,4,HN,9,10,1,pseudoatom_group,1.78,7.84,3.6478622506887524,HD2,H,0.0,0.0,SATISFIED
2,26,3,HE#,4,HN,9,10,1,pseudoatom_group,1.78,7.29,5.755469311880658,HE2,H,0.0,0.0,SATISFIED
2,27,3,HD#,4,HA,9,10,1,pseudoatom_group,1.78,7.87,3.429116650101013,HD2,HA,0.0,0.0,SATISFIED
2,28,3,HE#,4,HD#,9,10,1,pseudoatom_group,1.78,8.68,7.094609855376123,HE2,HD2,0.0,0.0,SATISFIED
2,29,3,HE#,5,HA,9,11,2,pseudoatom_group,1.78,7.69,9.300767548971432,HE2,HA,1.610767548971432,0.0,VIOLATED
2,30,3,HE#,5,HG#,9,11,2,pseudoatom_group,1.78,8.58,11.476339921769483,HE2,HG2,2.896339921769483,0.0,VIOLATED
2,32,4,HN,4,HG#,10,10,0,pseudoatom_group,1.78,5.8,4.497742211376724,H,HG2,0.0,0.0,SATISFIED
2,33,4,HN,4,HD#,10,10,0,pseudoatom_group,1.78,6.9,4.794206503687548,H,HD3,0.0,0.0,SATISFIED
2,34,4,HN,5,HN,10,11,1,direct_unambiguous,1.78,4.7,2.690375624332035,H,H,0.0,0.0,SATISFIED
2,35,4,HB#,4,HE#,10,10,0,pseudoatom_group,1.78,7.8,4.212258420372619,HB3,HE2,0.0,0.0,SATISFIED
2,36,4,HB#,5,HN,10,11,1,pseudoatom_group,1.78,5.73,2.9864577679920408,HB3,H,0.0,0.0,SATISFIED
2,38,5,HN,5,HG#,11,11,0,pseudoatom_group,1.78,6.9,4.537382946148582,H,HG2,0.0,0.0,SATISFIED
2,39,5,HN,5,HD#,11,11,0,pseudoatom_group,1.78,5.5,4.941039161957735,H,HD3,0.0,0.0,SATISFIED
2,40,5,HN,6,HN,11,12,1,direct_unambiguous,1.78,4.7,2.86910212435877,H,H,0.0,0.0,SATISFIED
2,41,5,HA,5,HD#,11,11,0,pseudoatom_group,1.78,6.9,4.253617989429705,HA,HD2,0.0,0.0,SATISFIED
2,43,7,HN,7,HG#,13,13,0,pseudoatom_group,1.78,6.9,4.555000878155787,H,HG2,0.0,0.0,SATISFIED
2,44,7,HN,7,HD#,13,13,0,pseudoatom_group,1.78,5.16,4.845471390896865,H,HD3,0.0,0.0,SATISFIED
2,45,7,HB#,8,HN,13,14,1,pseudoatom_group,1.78,4.57,2.7373194917656187,HB3,H,0.0,0.0,SATISFIED
2,46,7,HB#,8,HG#,13,14,1,pseudoatom_group,1.78,7.8,6.5916614749242095,HB3,HG3,0.0,0.0,SATISFIED
2,48,8,HN,8,HB2,14,14,0,legacy_stereospecific,1.78,3.77,2.5361320943515575,H,HB3,0.0,0.0,SATISFIED
2,49,8,HN,8,HB1,14,14,0,legacy_stereospecific,1.78,3.77,2.6747211069567634,H,HB2,0.0,0.0,SATISFIED
2,50,8,HN,8,HB#,14,14,0,pseudoatom_group,1.78,3.57,2.5361320943515575,H,HB3,0.0,0.0,SATISFIED
2,51,8,HN,8,HG#,14,14,0,pseudoatom_group,1.78,5.23,4.619808978734947,H,HG3,0.0,0.0,SATISFIED
2,52,8,HN,9,HN,14,15,1,direct_unambiguous,1.78,4.2,3.1639453219042872,H,H,0.0,0.0,SATISFIED
2,53,8,HB2,9,HN,14,15,1,legacy_stereospecific,1.78,4.3,3.8802649394081334,HB3,H,0.0,0.0,SATISFIED
2,54,8,HB1,9,HN,14,15,1,legacy_stereospecific,1.78,4.3,2.4578797773691052,HB2,H,0.0,0.0,SATISFIED
2,55,8,HB#,9,HN,14,15,1,pseudoatom_group,1.78,4.11,2.4578797773691052,HB2,H,0.0,0.0,SATISFIED
2,56,8,HG#,9,HN,14,15,1,pseudoatom_group,1.78,5.68,3.2117912447729227,HG2,H,0.0,0.0,SATISFIED
2,58,9,HN,10,HN,15,16,1,direct_unambiguous,1.78,4.2,3.869931007136949,H,H,0.0,0.0,SATISFIED
2,59,9,HN,12,HB#,15,18,3,pseudoatom_group,1.78,6.41,4.521006967479701,H,HB3,0.0,0.0,SATISFIED
2,61,10,HN,10,HB2,16,16,0,legacy_stereospecific,1.78,4.12,2.7881221278846455,H,HB3,0.0,0.0,SATISFIED
2,62,10,HN,10,HB1,16,16,0,legacy_stereospecific,1.78,4.12,2.3837755766850206,H,HB2,0.0,0.0,SATISFIED
2,63,10,HN,11,HN,16,17,1,direct_unambiguous,1.78,5.5,3.177828818548917,H,H,0.0,0.0,SATISFIED
2,64,10,HN,11,HB#,16,17,1,pseudoatom_group,1.78,6.88,5.5646704304927175,H,HB2,0.0,0.0,SATISFIED
2,65,10,HN,11,HG#,16,17,1,pseudoatom_group,1.78,6.9,5.213960203146932,H,HG2,0.0,0.0,SATISFIED
2,66,10,HA,11,HN,16,17,1,direct_unambiguous,1.78,3.28,3.845308440164456,HA,H,0.5653084401644564,0.0,VIOLATED
2,67,10,HA,11,HB#,16,17,1,pseudoatom_group,1.78,5.67,6.118107223643599,HA,HB2,0.448107223643599,0.0,VIOLATED
2,68,10,HA,11,HG#,16,17,1,pseudoatom_group,1.78,5.85,5.7219819992726295,HA,HG2,0.0,0.0,SATISFIED
2,69,10,HA,13,HN,16,19,3,direct_unambiguous,1.78,4.7,3.9266256506063826,HA,H,0.0,0.0,SATISFIED
2,70,10,HA,13,HB#,16,19,3,pseudoatom_group,1.78,6.9,3.031164957569944,HA,HB1,0.0,0.0,SATISFIED
2,71,10,HB2,11,HN,16,17,1,legacy_stereospecific,1.78,4.59,2.7573713931931616,HB3,H,0.0,0.0,SATISFIED
2,72,10,HB2,11,HG#,16,17,1,pseudoatom_group,1.78,6.9,3.3802260279454672,HB3,HG2,0.0,0.0,SATISFIED
2,73,10,HB2,13,HN,16,19,3,legacy_stereospecific,1.78,6.0,6.0558673202110365,HB3,H,0.055867320211036464,0.0,VIOLATED
2,74,10,HB2,14,HB#,16,20,4,pseudoatom_group,1.78,6.9,5.615432129409099,HB3,HB2,0.0,0.0,SATISFIED
2,75,10,HB1,11,HN,16,17,1,legacy_stereospecific,1.78,4.59,4.205918924563335,HB2,H,0.0,0.0,SATISFIED
2,76,10,HB1,11,HG#,16,17,1,pseudoatom_group,1.78,6.9,5.453502452552854,HB2,HG2,0.0,0.0,SATISFIED
2,77,10,HB1,13,HN,16,19,3,legacy_stereospecific,1.78,6.0,6.088630880583911,HB2,H,0.08863088058391089,0.0,VIOLATED
2,78,10,HB1,14,HB#,16,20,4,pseudoatom_group,1.78,6.9,6.330514276107433,HB2,HB2,0.0,0.0,SATISFIED
2,79,10,HB#,14,HB#,16,20,4,pseudoatom_group,1.78,6.78,5.615432129409099,HB3,HB2,0.0,0.0,SATISFIED
2,81,11,HN,11,HB2,17,17,0,legacy_stereospecific,1.78,3.98,3.6385410537741625,H,HB3,0.0,0.0,SATISFIED
2,82,11,HN,11,HB1,17,17,0,legacy_stereospecific,1.78,3.98,2.575386767070143,H,HB2,0.0,0.0,SATISFIED
2,83,11,HN,11,HB#,17,17,0,pseudoatom_group,1.78,3.74,2.575386767070143,H,HB2,0.0,0.0,SATISFIED
2,84,11,HN,11,HG#,17,17,0,pseudoatom_group,1.78,5.08,2.6465609760593067,H,HG2,0.0,0.0,SATISFIED
2,85,11,HN,12,HN,17,18,1,direct_unambiguous,1.78,4.2,2.7925022828996933,H,H,0.0,0.0,SATISFIED
2,86,11,HN,12,HB#,17,18,1,pseudoatom_group,1.78,5.54,5.249499214210821,H,HB3,0.0,0.0,SATISFIED
2,87,11,HA,14,HN,17,20,3,direct_unambiguous,1.78,5.5,3.222219576627266,HA,H,0.0,0.0,SATISFIED
2,88,11,HA,14,HB#,17,20,3,pseudoatom_group,1.78,6.9,2.7856361930445974,HA,HB3,0.0,0.0,SATISFIED
2,89,11,HA,15,HN,17,21,4,direct_unambiguous,1.78,5.5,4.171832451093883,HA,H,0.0,0.0,SATISFIED
2,90,11,HB2,12,HN,17,18,1,legacy_stereospecific,1.78,6.0,4.048293961658416,HB3,H,0.0,0.0,SATISFIED
2,91,11,HB1,12,HN,17,18,1,legacy_stereospecific,1.78,6.0,2.9599763512568797,HB2,H,0.0,0.0,SATISFIED
2,92,11,HG#,12,HN,17,18,1,pseudoatom_group,1.78,6.9,5.054177875777621,HG2,H,0.0,0.0,SATISFIED
2,93,11,HG#,12,HA,17,18,1,pseudoatom_group,1.78,5.56,6.49936796927209,HG3,HA,0.93936796927209,0.0,VIOLATED
2,94,11,HG#,12,HB#,17,18,1,pseudoatom_group,1.78,7.8,7.64863406105953,HG2,HB3,0.0,0.0,SATISFIED
2,96,12,HA,14,HN,18,20,2,direct_unambiguous,1.78,5.5,4.316294823109284,HA,H,0.0,0.0,SATISFIED
2,97,12,HA,15,HN,18,21,3,direct_unambiguous,1.78,4.7,3.252758521624377,HA,H,0.0,0.0,SATISFIED
2,98,12,HA,15,HB2,18,21,3,legacy_stereospecific,1.78,4.25,2.823849500238992,HA,HB3,0.0,0.0,SATISFIED
2,99,12,HA,15,HB1,18,21,3,legacy_stereospecific,1.78,4.25,3.853753494970845,HA,HB2,0.0,0.0,SATISFIED
2,100,12,HA,16,HN,18,22,4,direct_unambiguous,1.78,4.72,3.9788492054864317,HA,H,0.0,0.0,SATISFIED
2,101,12,HB#,13,HB#,18,19,1,pseudoatom_group,1.78,7.93,4.463033721584456,HB3,HB1,0.0,0.0,SATISFIED
2,102,12,HB#,14,HN,18,20,2,pseudoatom_group,1.78,5.33,5.479939415723499,HB3,H,0.149939415723499,0.0,VIOLATED
2,103,12,HB#,15,HB2,18,21,3,pseudoatom_group,1.78,6.9,4.559710846095398,HB2,HB3,0.0,0.0,SATISFIED
2,104,12,HB#,15,HB1,18,21,3,pseudoatom_group,1.78,6.9,6.032227200628306,HB2,HB2,0.0,0.0,SATISFIED
2,106,13,HN,14,HN,19,20,1,direct_unambiguous,1.78,4.2,3.2598978511603716,H,H,0.0,0.0,SATISFIED
2,107,13,HN,15,HN,19,21,2,direct_unambiguous,1.78,4.7,4.457079200552757,H,H,0.0,0.0,SATISFIED
2,108,13,HA,16,HN,19,22,3,direct_unambiguous,1.78,4.2,4.032685085647032,HA,H,0.0,0.0,SATISFIED
2,109,13,HB#,14,HB#,19,20,1,pseudoatom_group,1.78,7.93,4.37231060195865,HB3,HB2,0.0,0.0,SATISFIED
2,110,13,HB#,14,HG#,19,20,1,pseudoatom_group,1.78,7.91,6.276901385237784,HB3,HG3,0.0,0.0,SATISFIED
2,112,14,HN,14,HG2,20,20,0,legacy_stereospecific,1.78,4.63,4.782476555091514,H,HG3,0.15247655509151414,0.0,VIOLATED
2,113,14,HN,14,HG1,20,20,0,legacy_stereospecific,1.78,4.63,4.441310167056563,H,HG2,0.0,0.0,SATISFIED
2,114,14,HN,14,HG#,20,20,0,pseudoatom_group,1.78,4.33,4.441310167056563,H,HG2,0.11131016705656283,0.0,VIOLATED
2,115,14,HN,15,HN,20,21,1,direct_unambiguous,1.78,4.2,2.6562885761904695,H,H,0.0,0.0,SATISFIED
2,116,14,HN,15,HA,20,21,1,direct_unambiguous,1.78,5.5,5.171130147269549,H,HA,0.0,0.0,SATISFIED
2,117,14,HN,16,HN,20,22,2,direct_unambiguous,1.78,5.5,5.040635079035181,H,H,0.0,0.0,SATISFIED
2,118,14,HN,17,HN,20,23,3,direct_unambiguous,1.78,5.5,5.345086902941804,H,H,0.0,0.0,SATISFIED
2,119,14,HA,17,HN,20,23,3,direct_unambiguous,1.78,4.2,4.111774920882708,HA,H,0.0,0.0,SATISFIED
2,120,14,HG#,15,HN,20,21,1,pseudoatom_group,1.78,6.32,3.9727155699848438,HG2,H,0.0,0.0,SATISFIED
2,122,15,HN,15,HG#,21,21,0,pseudoatom_group,1.78,4.92,4.509352170766884,H,HG3,0.0,0.0,SATISFIED
2,123,15,HN,16,HN,21,22,1,direct_unambiguous,1.78,5.5,3.1256799260320958,H,H,0.0,0.0,SATISFIED
2,124,15,HN,17,HN,21,23,2,direct_unambiguous,1.78,4.4,5.073489233259494,H,H,0.6734892332594935,0.0,VIOLATED
2,125,15,HN,18,HB#,21,24,3,pseudoatom_group,1.78,6.9,5.578328244196465,H,HB3,0.0,0.0,SATISFIED
2,126,15,HA,15,HE21,21,21,0,direct_unambiguous,1.78,4.61,4.3727236363621245,HA,HE21,0.0,0.0,SATISFIED
2,127,15,HA,15,HE22,21,21,0,direct_unambiguous,1.78,4.89,3.8349477180269353,HA,HE22,0.0,0.0,SATISFIED
2,128,15,HA,18,HN,21,24,3,direct_unambiguous,1.78,4.39,3.3127330106726083,HA,H,0.0,0.0,SATISFIED
2,129,15,HA,18,HB#,21,24,3,pseudoatom_group,1.78,4.66,2.8586944572654143,HA,HB3,0.0,0.0,SATISFIED
2,130,15,HA,18,HD2,21,24,3,legacy_stereospecific,1.78,5.12,4.426962954441792,HA,HD3,0.0,0.0,SATISFIED
2,131,15,HA,18,HD1,21,24,3,legacy_stereospecific,1.78,5.12,2.709714929655885,HA,HD2,0.0,0.0,SATISFIED
2,132,15,HA,18,HD#,21,24,3,pseudoatom_group,1.78,4.96,2.709714929655885,HA,HD2,0.0,0.0,SATISFIED
2,133,15,HA,19,HN,21,25,4,direct_unambiguous,1.78,5.08,4.28341475927793,HA,H,0.0,0.0,SATISFIED
2,134,15,HB2,15,HE21,21,21,0,legacy_stereospecific,1.78,5.75,4.810323481846101,HB3,HE21,0.0,0.0,SATISFIED
2,135,15,HB1,15,HE21,21,21,0,legacy_stereospecific,1.78,5.75,4.663468451699871,HB2,HE21,0.0,0.0,SATISFIED
2,136,15,HB#,18,HG#,21,24,3,pseudoatom_group,1.78,7.78,6.2170724621802504,HB2,HG3,0.0,0.0,SATISFIED
2,137,15,HB#,18,HD#,21,24,3,pseudoatom_group,1.78,7.75,4.504768695504797,HB2,HD2,0.0,0.0,SATISFIED
2,138,15,HG#,18,HN,21,24,3,pseudoatom_group,1.78,5.81,5.634006301025941,HG3,H,0.0,0.0,SATISFIED
2,139,15,HG#,18,HB#,21,24,3,pseudoatom_group,1.78,7.8,4.777885829527533,HG3,HB3,0.0,0.0,SATISFIED
2,140,15,HG#,18,HG#,21,24,3,pseudoatom_group,1.78,7.8,7.091682663515057,HG3,HG3,0.0,0.0,SATISFIED
2,141,15,HG#,19,HN,21,25,4,pseudoatom_group,1.78,6.47,4.497952534209316,HG3,H,0.0,0.0,SATISFIED
2,142,15,HE21,18,HB#,21,24,3,pseudoatom_group,1.78,5.03,4.174727056946358,HE21,HB3,0.0,0.0,SATISFIED
2,143,15,HE21,19,HB#,21,25,4,pseudoatom_group,1.78,6.78,5.157812520827021,HE21,HB2,0.0,0.0,SATISFIED
2,144,15,HE22,18,HB#,21,24,3,pseudoatom_group,1.78,5.94,3.1835963940173055,HE22,HB3,0.0,0.0,SATISFIED
2,145,15,HE22,18,HD#,21,24,3,pseudoatom_group,1.78,6.54,3.6912733575285372,HE22,HD2,0.0,0.0,SATISFIED
2,147,16,HN,17,HN,22,23,1,direct_unambiguous,1.78,3.38,4.118738399073193,H,H,0.7387383990731928,0.0,VIOLATED
2,148,16,HN,19,HN,22,25,3,direct_unambiguous,1.78,5.5,4.310476887770076,H,H,0.0,0.0,SATISFIED
2,149,16,HA,19,HN,22,25,3,direct_unambiguous,1.78,4.01,3.138253973151313,HA,H,0.0,0.0,SATISFIED
2,150,16,HA,19,HB#,22,25,3,pseudoatom_group,1.78,4.6,2.586321712393878,HA,HB3,0.0,0.0,SATISFIED
2,152,17,HA,19,HN,23,25,2,direct_unambiguous,1.78,4.7,4.50018910713761,HA,H,0.0,0.0,SATISFIED
2,154,18,HN,18,HG#,24,24,0,pseudoatom_group,1.78,6.9,2.475964458549437,H,HG3,0.0,0.0,SATISFIED
2,155,18,HN,18,HD2,24,24,0,legacy_stereospecific,1.78,6.0,4.783138404855122,H,HD3,0.0,0.0,SATISFIED
2,156,18,HN,18,HD1,24,24,0,legacy_stereospecific,1.78,6.0,4.040317190518586,H,HD2,0.0,0.0,SATISFIED
2,157,18,HN,19,HN,24,25,1,direct_unambiguous,1.78,3.52,2.900264470699181,H,H,0.0,0.0,SATISFIED
2,158,18,HN,19,HA,24,25,1,direct_unambiguous,1.78,5.09,5.496720840646722,H,HA,0.406720840646722,0.0,VIOLATED
2,159,18,HN,19,HB#,24,25,1,pseudoatom_group,1.78,6.03,5.364164427010045,H,HB3,0.0,0.0,SATISFIED
2,160,18,HN,20,HN,24,26,2,direct_unambiguous,1.78,5.5,4.07742982772236,H,H,0.0,0.0,SATISFIED
2,161,18,HA,18,HD2,24,24,0,legacy_stereospecific,1.78,6.0,4.324697214834814,HA,HD3,0.0,0.0,SATISFIED
2,162,18,HA,18,HD1,24,24,0,legacy_stereospecific,1.78,6.0,4.850858686871841,HA,HD2,0.0,0.0,SATISFIED
2,163,18,HA,20,HN,24,26,2,direct_unambiguous,1.78,4.7,4.134137273966601,HA,H,0.0,0.0,SATISFIED
2,164,18,HA,21,HN,24,27,3,direct_unambiguous,1.78,4.2,3.4357574128567343,HA,H,0.0,0.0,SATISFIED
2,165,18,HA,22,HN,24,28,4,direct_unambiguous,1.78,4.7,4.05541921384214,HA,H,0.0,0.0,SATISFIED
2,166,18,HB#,18,HE#,24,24,0,pseudoatom_group,1.78,7.8,4.312043367128861,HB2,HE2,0.0,0.0,SATISFIED
2,167,18,HB#,19,HN,24,25,1,pseudoatom_group,1.78,4.93,2.983851537861763,HB3,H,0.0,0.0,SATISFIED
2,168,18,HB#,19,HA,24,25,1,pseudoatom_group,1.78,5.83,4.391230123780808,HB3,HA,0.0,0.0,SATISFIED
2,169,18,HB#,19,HB2,24,25,1,pseudoatom_group,1.78,7.11,5.391937128713577,HB3,HB3,0.0,0.0,SATISFIED
2,170,18,HB#,19,HB1,24,25,1,pseudoatom_group,1.78,7.11,5.833527749141167,HB3,HB2,0.0,0.0,SATISFIED
2,171,18,HB#,19,HB#,24,25,1,pseudoatom_group,1.78,6.73,5.391937128713577,HB3,HB3,0.0,0.0,SATISFIED
2,172,18,HB#,20,HN,24,26,2,pseudoatom_group,1.78,5.39,5.069496621953703,HB3,H,0.0,0.0,SATISFIED
2,173,18,HB#,22,HD22,24,28,4,pseudoatom_group,1.78,6.39,4.8224436751505975,HB2,HD22,0.0,0.0,SATISFIED
2,174,18,HG#,19,HN,24,25,1,pseudoatom_group,1.78,4.99,4.934516592332019,HG3,H,0.0,0.0,SATISFIED
2,175,18,HD2,19,HN,24,25,1,legacy_stereospecific,1.78,6.18,5.906819871978492,HD3,H,0.0,0.0,SATISFIED
2,176,18,HD1,19,HN,24,25,1,legacy_stereospecific,1.78,6.18,5.402496552520881,HD2,H,0.0,0.0,SATISFIED
2,177,18,HD#,19,HN,24,25,1,pseudoatom_group,1.78,5.85,5.402496552520881,HD2,H,0.0,0.0,SATISFIED
2,178,18,HD#,22,HD22,24,28,4,pseudoatom_group,1.78,6.76,6.263376166254107,HD3,HD22,0.0,0.0,SATISFIED
2,180,19,HN,20,HN,25,26,1,direct_unambiguous,1.78,3.58,2.6247258904502764,H,H,0.0,0.0,SATISFIED
2,181,19,HN,21,HN,25,27,2,direct_unambiguous,1.78,4.45,4.544463224628406,H,H,0.09446322462840584,0.0,VIOLATED
2,182,19,HN,22,HB#,25,28,3,pseudoatom_group,1.78,5.63,5.574225058248008,H,HB3,0.0,0.0,SATISFIED
2,183,19,HN,22,HD21,25,28,3,direct_unambiguous,1.78,4.79,5.282418385550316,H,HD21,0.4924183855503159,0.0,VIOLATED
2,184,19,HA,21,HN,25,27,2,direct_unambiguous,1.78,4.9,4.995615277420792,HA,H,0.09561527742079168,0.0,VIOLATED
2,185,19,HA,22,HN,25,28,3,direct_unambiguous,1.78,4.38,3.2549129020605143,HA,H,0.0,0.0,SATISFIED
2,186,19,HA,22,HB#,25,28,3,pseudoatom_group,1.78,4.61,2.7880008967,HA,HB3,0.0,0.0,SATISFIED
2,187,19,HA,22,HD21,25,28,3,direct_unambiguous,1.78,4.98,3.7886612411246277,HA,HD21,0.0,0.0,SATISFIED
2,188,19,HA,22,HD22,25,28,3,direct_unambiguous,1.78,5.82,4.267751867201279,HA,HD22,0.0,0.0,SATISFIED
2,189,19,HA,23,HN,25,29,4,direct_unambiguous,1.78,4.7,4.071157697756253,HA,H,0.0,0.0,SATISFIED
2,190,19,HB#,21,HN,25,27,2,pseudoatom_group,1.78,6.11,5.896187581819291,HB3,H,0.0,0.0,SATISFIED
2,192,20,HN,21,HN,26,27,1,direct_unambiguous,1.78,4.2,2.5664009819200126,H,H,0.0,0.0,SATISFIED
2,193,20,HN,21,HB#,26,27,1,pseudoatom_group,1.78,6.9,4.670054068209488,H,HB3,0.0,0.0,SATISFIED
2,194,20,HN,21,HG#,26,27,1,pseudoatom_group,1.78,5.83,4.529813351563175,H,HG2,0.0,0.0,SATISFIED
2,195,20,HN,22,HN,26,28,2,direct_unambiguous,1.78,4.2,3.925767950350606,H,H,0.0,0.0,SATISFIED
2,196,20,HN,22,HB#,26,28,2,pseudoatom_group,1.78,6.18,5.568723462338564,H,HB3,0.0,0.0,SATISFIED
2,197,20,HN,23,HN,26,29,3,direct_unambiguous,1.78,5.5,4.558742260755701,H,H,0.0,0.0,SATISFIED
2,199,21,HN,21,HG2,27,27,0,legacy_stereospecific,1.78,4.53,3.607758029580143,H,HG3,0.0,0.0,SATISFIED
2,200,21,HN,21,HG1,27,27,0,legacy_stereospecific,1.78,4.53,2.370047467879072,H,HG2,0.0,0.0,SATISFIED
2,201,21,HN,21,HG#,27,27,0,pseudoatom_group,1.78,4.28,2.370047467879072,H,HG2,0.0,0.0,SATISFIED
2,202,21,HN,22,HN,27,28,1,direct_unambiguous,1.78,3.27,3.17433174069756,H,H,0.0,0.0,SATISFIED
2,203,21,HN,22,HA,27,28,1,direct_unambiguous,1.78,5.5,5.697771932957654,H,HA,0.19777193295765372,0.0,VIOLATED
2,204,21,HN,22,HB#,27,28,1,pseudoatom_group,1.78,6.14,5.672239504816419,H,HB3,0.0,0.0,SATISFIED
2,205,21,HN,23,HN,27,29,2,direct_unambiguous,1.78,4.7,4.29672305367707,H,H,0.0,0.0,SATISFIED
2,206,21,HA,24,HN,27,30,3,direct_unambiguous,1.78,4.2,4.221501273243917,HA,H,0.02150127324391704,0.0,VIOLATED
2,207,21,HA,24,HB#,27,30,3,pseudoatom_group,1.78,5.72,2.5576766801142004,HA,HB2,0.0,0.0,SATISFIED
2,208,21,HB#,22,HB#,27,28,1,pseudoatom_group,1.78,6.87,5.498046562189157,HB3,HB3,0.0,0.0,SATISFIED
2,209,21,HG#,22,HN,27,28,1,pseudoatom_group,1.78,5.51,5.167740995831739,HG2,H,0.0,0.0,SATISFIED
2,211,22,HN,22,HD21,28,28,0,direct_unambiguous,1.78,4.96,3.9938525260705355,H,HD21,0.0,0.0,SATISFIED
2,212,22,HN,22,HD22,28,28,0,direct_unambiguous,1.78,6.15,4.637812630971631,H,HD22,0.0,0.0,SATISFIED
2,213,22,HN,23,HN,28,29,1,direct_unambiguous,1.78,3.7,2.539270958365806,H,H,0.0,0.0,SATISFIED
2,214,22,HN,24,HN,28,30,2,direct_unambiguous,1.78,4.7,5.091945109680584,H,H,0.3919451096805835,0.0,VIOLATED
2,215,22,HN,25,HN,28,31,3,direct_unambiguous,1.78,5.5,5.241335993809212,H,H,0.0,0.0,SATISFIED
2,216,22,HN,25,HB#,28,31,3,pseudoatom_group,1.78,5.58,5.64924446275783,H,HB3,0.0692444627578297,0.0,VIOLATED
2,217,22,HN,25,HG#,28,31,3,pseudoatom_group,1.78,6.9,5.738015859162468,H,HG2,0.0,0.0,SATISFIED
2,218,22,HA,22,HD21,28,28,0,direct_unambiguous,1.78,5.67,4.815120040040539,HA,HD21,0.0,0.0,SATISFIED
2,219,22,HA,24,HN,28,30,2,direct_unambiguous,1.78,5.27,5.568163970286795,HA,H,0.29816397028679553,0.0,VIOLATED
2,220,22,HA,25,HN,28,31,3,direct_unambiguous,1.78,4.69,3.838135484841565,HA,H,0.0,0.0,SATISFIED
2,221,22,HA,25,HB#,28,31,3,pseudoatom_group,1.78,4.79,2.8185059872208886,HA,HB3,0.0,0.0,SATISFIED
2,222,22,HA,25,HG#,28,31,3,pseudoatom_group,1.78,5.68,3.9863473255600783,HA,HG2,0.0,0.0,SATISFIED
2,223,22,HA,25,HD2,28,31,3,legacy_stereospecific,1.78,5.53,2.7910017914720147,HA,HD3,0.0,0.0,SATISFIED
2,224,22,HA,25,HD1,28,31,3,legacy_stereospecific,1.78,5.53,4.548128516214115,HA,HD2,0.0,0.0,SATISFIED
2,225,22,HA,25,HD#,28,31,3,pseudoatom_group,1.78,5.31,2.7910017914720147,HA,HD3,0.0,0.0,SATISFIED
2,226,22,HA,26,HN,28,32,4,direct_unambiguous,1.78,4.7,4.101217502157133,HA,H,0.0,0.0,SATISFIED
2,227,22,HB#,23,HA,28,29,1,pseudoatom_group,1.78,5.72,4.3105368575155465,HB2,HA,0.0,0.0,SATISFIED
2,228,22,HB#,25,HN,28,31,3,pseudoatom_group,1.78,6.28,5.84119456960646,HB2,H,0.0,0.0,SATISFIED
2,229,22,HB#,25,HB#,28,31,3,pseudoatom_group,1.78,6.58,4.426073429124284,HB2,HB3,0.0,0.0,SATISFIED
2,230,22,HB#,25,HG#,28,31,3,pseudoatom_group,1.78,6.48,6.307514011082337,HB2,HG2,0.0,0.0,SATISFIED
2,231,22,HB#,25,HD#,28,31,3,pseudoatom_group,1.78,8.12,4.7181391458921595,HB2,HD3,0.0,0.0,SATISFIED
2,233,23,HN,24,HN,29,30,1,direct_unambiguous,1.78,4.7,3.0922913834242736,H,H,0.0,0.0,SATISFIED
2,234,23,HN,24,HA,29,30,1,direct_unambiguous,1.78,5.5,5.243596284993726,H,HA,0.0,0.0,SATISFIED
2,235,23,HN,25,HN,29,31,2,direct_unambiguous,1.78,4.7,4.71636830622885,H,H,0.016368306228850216,0.0,VIOLATED
2,236,23,HN,25,HB#,29,31,2,pseudoatom_group,1.78,7.03,5.558865531742965,H,HB3,0.0,0.0,SATISFIED
2,237,23,HN,26,HB#,29,32,3,pseudoatom_group,1.78,7.03,5.4848886953155205,H,HB2,0.0,0.0,SATISFIED
2,238,23,HA,26,HN,29,32,3,direct_unambiguous,1.78,4.7,3.1878062990087708,HA,H,0.0,0.0,SATISFIED
2,239,23,HA,26,HB#,29,32,3,pseudoatom_group,1.78,6.9,2.6258054002534155,HA,HB2,0.0,0.0,SATISFIED
2,241,24,HN,25,HN,30,31,1,direct_unambiguous,1.78,4.7,3.933185223200148,H,H,0.0,0.0,SATISFIED
2,242,24,HA,25,HB#,30,31,1,pseudoatom_group,1.78,5.93,6.146048974747924,HA,HB3,0.21604897474792395,0.0,VIOLATED
2,243,24,HA,26,HN,30,32,2,direct_unambiguous,1.78,4.77,4.458677943067878,HA,H,0.0,0.0,SATISFIED
2,244,24,HA,26,HG#,30,32,2,pseudoatom_group,1.78,6.96,7.006742752520603,HA,HG2,0.046742752520603226,0.0,VIOLATED
2,245,24,HA,27,HN,30,33,3,direct_unambiguous,1.78,4.7,3.819665037670189,HA,H,0.0,0.0,SATISFIED
2,246,24,HA,27,HB#,30,33,3,pseudoatom_group,1.78,6.9,2.3713850383267574,HA,HB1,0.0,0.0,SATISFIED
2,247,24,HB#,25,HB#,30,31,1,pseudoatom_group,1.78,7.8,5.322637973787058,HB2,HB3,0.0,0.0,SATISFIED
2,248,24,HB#,27,HN,30,33,3,pseudoatom_group,1.78,6.9,6.185956999527237,HB3,H,0.0,0.0,SATISFIED
2,250,25,HN,25,HG#,31,31,0,pseudoatom_group,1.78,6.9,2.167320234759967,H,HG2,0.0,0.0,SATISFIED
2,251,25,HN,25,HD2,31,31,0,legacy_stereospecific,1.78,4.76,4.151010840747107,H,HD3,0.0,0.0,SATISFIED
2,252,25,HN,25,HD1,31,31,0,legacy_stereospecific,1.78,4.76,4.737635380651407,H,HD2,0.0,0.0,SATISFIED
2,253,25,HN,25,HD#,31,31,0,pseudoatom_group,1.78,4.36,4.151010840747107,H,HD3,0.0,0.0,SATISFIED
2,254,25,HN,26,HN,31,32,1,direct_unambiguous,1.78,4.2,3.3902260986547783,H,H,0.0,0.0,SATISFIED
2,255,25,HA,28,HB#,31,34,3,pseudoatom_group,1.78,6.9,2.632937143191989,HA,HB2,0.0,0.0,SATISFIED
2,256,25,HB#,26,HN,31,32,1,pseudoatom_group,1.78,4.95,2.8427263322381213,HB3,H,0.0,0.0,SATISFIED
2,257,25,HB#,26,HA,31,32,1,pseudoatom_group,1.78,6.9,4.378345121161648,HB2,HA,0.0,0.0,SATISFIED
2,259,26,HN,26,HG#,32,32,0,pseudoatom_group,1.78,5.22,2.680903019506674,H,HG2,0.0,0.0,SATISFIED
2,260,26,HN,27,HN,32,33,1,direct_unambiguous,1.78,4.2,3.0054460567443235,H,H,0.0,0.0,SATISFIED
2,261,26,HN,28,HN,32,34,2,direct_unambiguous,1.78,5.5,4.749382065069097,H,H,0.0,0.0,SATISFIED
2,262,26,HA,29,HN,32,35,3,direct_unambiguous,1.78,4.7,3.3837937289379805,HA,H,0.0,0.0,SATISFIED
2,264,27,HN,28,HN,33,34,1,direct_unambiguous,1.78,4.2,3.6178510195971314,H,H,0.0,0.0,SATISFIED
2,265,27,HA,30,HN,33,36,3,direct_unambiguous,1.78,4.7,3.4328568277747915,HA,H,0.0,0.0,SATISFIED
2,267,28,HN,28,HG2,34,34,0,legacy_stereospecific,1.78,6.0,3.5567022647390663,H,HG3,0.0,0.0,SATISFIED
2,268,28,HN,28,HG1,34,34,0,legacy_stereospecific,1.78,6.0,2.4032334468378225,H,HG2,0.0,0.0,SATISFIED
2,269,28,HA,31,HN,34,37,3,direct_unambiguous,1.78,4.7,4.119946237513302,HA,H,0.0,0.0,SATISFIED
2,270,28,HG#,29,HN,34,35,1,pseudoatom_group,1.78,6.88,5.079856494036027,HG2,H,0.0,0.0,SATISFIED
2,272,29,HN,29,HG#,35,35,0,pseudoatom_group,1.78,6.9,2.8720753820190716,H,HG2,0.0,0.0,SATISFIED
2,273,29,HN,30,HN,35,36,1,direct_unambiguous,1.78,4.7,2.663537872830044,H,H,0.0,0.0,SATISFIED
2,274,29,HN,31,HN,35,37,2,direct_unambiguous,1.78,4.7,4.8522156794602616,H,H,0.15221567946026138,0.0,VIOLATED
2,275,29,HN,32,HB#,35,38,3,pseudoatom_group,1.78,6.9,5.547618047414586,H,HB2,0.0,0.0,SATISFIED
2,276,29,HA,32,HN,35,38,3,direct_unambiguous,1.78,4.2,4.010581254631303,HA,H,0.0,0.0,SATISFIED
2,277,29,HA,32,HB#,35,38,3,pseudoatom_group,1.78,6.9,2.7621953225650073,HA,HB2,0.0,0.0,SATISFIED
2,278,29,HA,32,HG#,35,38,3,pseudoatom_group,1.78,6.9,5.075136451367587,HA,HG3,0.0,0.0,SATISFIED
2,279,29,HA,33,HN,35,39,4,direct_unambiguous,1.78,5.5,4.026295319521406,HA,H,0.0,0.0,SATISFIED
2,280,29,HB#,32,HG#,35,38,3,pseudoatom_group,1.78,7.8,6.447581329459908,HB2,HG3,0.0,0.0,SATISFIED
2,282,30,HN,31,HN,36,37,1,direct_unambiguous,1.78,3.32,3.4410444635313864,H,H,0.12104446353138654,0.0,VIOLATED
2,283,30,HN,32,HN,36,38,2,direct_unambiguous,1.78,4.7,5.312828531018106,H,H,0.6128285310181054,0.0,VIOLATED
2,285,31,HN,32,HN,37,38,1,direct_unambiguous,1.78,4.2,3.9760472834210616,H,H,0.0,0.0,SATISFIED
2,286,31,HN,33,HN,37,39,2,direct_unambiguous,1.78,5.5,4.711546455252245,H,H,0.0,0.0,SATISFIED
2,287,31,HA,36,HD21,37,42,5,direct_unambiguous,1.78,5.01,9.96426188937244,HA,HD21,4.9542618893724395,0.0,VIOLATED
2,289,32,HN,32,HG#,38,38,0,pseudoatom_group,1.78,5.44,4.241332337839139,H,HG2,0.0,0.0,SATISFIED
2,290,32,HN,32,HD#,38,38,0,pseudoatom_group,1.78,6.01,4.7174149700869,H,HD3,0.0,0.0,SATISFIED
2,291,32,HN,33,HN,38,39,1,direct_unambiguous,1.78,3.37,3.5319272359435714,H,H,0.16192723594357128,0.0,VIOLATED
2,292,32,HA,34,HN,38,40,2,direct_unambiguous,1.78,4.7,4.260729867053299,HA,H,0.0,0.0,SATISFIED
2,293,32,HA,35,HN,38,41,3,direct_unambiguous,1.78,4.7,3.413886494891127,HA,H,0.0,0.0,SATISFIED
2,294,32,HA,35,HG1#,38,41,3,pseudoatom_group,1.78,7.12,4.600228472586989,HA,HG13,0.0,0.0,SATISFIED
2,295,32,HA,35,HG2#,38,41,3,pseudoatom_group,1.78,7.12,3.047993438313148,HA,HG21,0.0,0.0,SATISFIED
2,296,32,HA,35,HG#,38,41,3,pseudoatom_group,1.78,6.67,3.047993438313148,HA,HG21,0.0,0.0,SATISFIED
2,297,32,HB#,32,HE#,38,38,0,pseudoatom_group,1.78,7.8,4.249093785738318,HB3,HE2,0.0,0.0,SATISFIED
2,298,32,HB#,33,HN,38,39,1,pseudoatom_group,1.78,4.78,2.6060024942428544,HB2,H,0.0,0.0,SATISFIED
2,300,33,HN,33,HB2,39,39,0,legacy_stereospecific,1.78,4.01,2.544022405561712,H,HB3,0.0,0.0,SATISFIED
2,301,33,HN,33,HB1,39,39,0,legacy_stereospecific,1.78,4.01,3.685338790396351,H,HB2,0.0,0.0,SATISFIED
2,302,33,HN,33,HB#,39,39,0,pseudoatom_group,1.78,3.86,2.544022405561712,H,HB3,0.0,0.0,SATISFIED
2,303,33,HN,33,HG2,39,39,0,legacy_stereospecific,1.78,4.51,3.7578241044519367,H,HG3,0.0,0.0,SATISFIED
2,304,33,HN,33,HG1,39,39,0,legacy_stereospecific,1.78,4.51,2.5321425710255734,H,HG2,0.0,0.0,SATISFIED
2,305,33,HN,33,HG#,39,39,0,pseudoatom_group,1.78,4.33,2.5321425710255734,H,HG2,0.0,0.0,SATISFIED
2,306,33,HB2,34,HN,39,40,1,legacy_stereospecific,1.78,4.36,2.9860760204656542,HB3,H,0.0,0.0,SATISFIED
2,307,33,HB1,34,HN,39,40,1,legacy_stereospecific,1.78,4.36,3.9885759363462063,HB2,H,0.0,0.0,SATISFIED
2,308,33,HB#,34,HN,39,40,1,pseudoatom_group,1.78,4.21,2.9860760204656542,HB3,H,0.0,0.0,SATISFIED
2,309,33,HG2,34,HN,39,40,1,legacy_stereospecific,1.78,5.69,5.3790936039448125,HG3,H,0.0,0.0,SATISFIED
2,310,33,HG1,34,HN,39,40,1,legacy_stereospecific,1.78,5.69,4.858434933185789,HG2,H,0.0,0.0,SATISFIED
2,311,33,HG#,34,HN,39,40,1,pseudoatom_group,1.78,5.41,4.858434933185789,HG2,H,0.0,0.0,SATISFIED
2,313,34,HN,35,HN,40,41,1,direct_unambiguous,1.78,3.72,2.586489126209503,H,H,0.0,0.0,SATISFIED
2,314,34,HN,35,HG1#,40,41,1,pseudoatom_group,1.78,7.89,6.853927122460526,H,HG13,0.0,0.0,SATISFIED
2,315,34,HN,35,HG2#,40,41,1,pseudoatom_group,1.78,7.89,4.666710297415085,H,HG22,0.0,0.0,SATISFIED
2,316,34,HN,35,HG#,40,41,1,pseudoatom_group,1.78,7.59,4.666710297415085,H,HG22,0.0,0.0,SATISFIED
2,317,34,HN,36,HN,40,42,2,direct_unambiguous,1.78,4.7,4.16633243992843,H,H,0.0,0.0,SATISFIED
2,318,34,HA,35,HG1#,40,41,1,pseudoatom_group,1.78,7.8,7.243562866435274,HA,HG12,0.0,0.0,SATISFIED
2,319,34,HA,35,HG2#,40,41,1,pseudoatom_group,1.78,7.8,5.522930381599971,HA,HG22,0.0,0.0,SATISFIED
2,320,34,HA,35,HG#,40,41,1,pseudoatom_group,1.78,7.28,5.522930381599971,HA,HG22,0.0,0.0,SATISFIED
2,321,34,HA,37,HB#,40,43,3,pseudoatom_group,1.78,6.9,2.868161257670148,HA,HB2,0.0,0.0,SATISFIED
2,322,34,HA,37,HG,40,43,3,direct_unambiguous,1.78,6.0,3.86514643965788,HA,HG,0.0,0.0,SATISFIED
2,323,34,HA,37,HD#,40,43,3,pseudoatom_group,1.78,7.8,2.3091758269997533,HA,HD11,0.0,0.0,SATISFIED
2,325,35,HN,35,HB,41,41,0,direct_unambiguous,1.78,4.02,2.4675560783901154,H,HB,0.0,0.0,SATISFIED
2,326,35,HN,36,HN,41,42,1,direct_unambiguous,1.78,3.39,2.8320963966644905,H,H,0.0,0.0,SATISFIED
2,327,35,HB,36,HN,41,42,1,direct_unambiguous,1.78,6.0,2.849676648323455,HB,H,0.0,0.0,SATISFIED
2,328,35,HG1#,36,HN,41,42,1,pseudoatom_group,1.78,6.85,4.050706728461098,HG13,H,0.0,0.0,SATISFIED
2,329,35,HG1#,36,HA,41,42,1,pseudoatom_group,1.78,7.8,3.9306342999571955,HG12,HA,0.0,0.0,SATISFIED
2,330,35,HG2#,36,HN,41,42,1,pseudoatom_group,1.78,6.85,4.761986245255228,HG21,H,0.0,0.0,SATISFIED
2,331,35,HG2#,36,HA,41,42,1,pseudoatom_group,1.78,7.8,6.6636466743067935,HG21,HA,0.0,0.0,SATISFIED
2,332,35,HG#,36,HN,41,42,1,pseudoatom_group,1.78,6.56,4.050706728461098,HG13,H,0.0,0.0,SATISFIED
2,333,35,HG#,36,HA,41,42,1,pseudoatom_group,1.78,7.45,3.9306342999571955,HG12,HA,0.0,0.0,SATISFIED
2,335,36,HN,36,HD21,42,42,0,direct_unambiguous,1.78,5.5,4.472393319018355,H,HD21,0.0,0.0,SATISFIED
2,336,36,HN,36,HD22,42,42,0,direct_unambiguous,1.78,6.0,3.7526156211368087,H,HD22,0.0,0.0,SATISFIED
2,337,36,HN,37,HN,42,43,1,direct_unambiguous,1.78,4.7,3.1676996385389873,H,H,0.0,0.0,SATISFIED
2,338,36,HA,37,HB#,42,43,1,pseudoatom_group,1.78,6.38,5.70808198960036,HA,HB2,0.0,0.0,SATISFIED
2,339,36,HA,38,HN,42,44,2,direct_unambiguous,1.78,4.7,5.932232800556632,HA,H,1.2322328005566314,0.0,VIOLATED
2,340,36,HB2,37,HN,42,43,1,legacy_stereospecific,1.78,5.83,4.573477123589884,HB3,H,0.0,0.0,SATISFIED
2,341,36,HB1,37,HN,42,43,1,legacy_stereospecific,1.78,5.83,4.00590801192439,HB2,H,0.0,0.0,SATISFIED
2,342,36,HD21,37,HN,42,43,1,direct_unambiguous,1.78,5.5,7.006521176732435,HD21,H,1.5065211767324351,0.0,VIOLATED
2,343,36,HD22,37,HD#,42,43,1,pseudoatom_group,1.78,8.7,6.624294452996483,HD22,HD23,0.0,0.0,SATISFIED
2,344,36,OD1,38,HN,42,44,2,direct_unambiguous,1.78,2.4,8.293349263114386,OD1,H,5.893349263114386,0.0,VIOLATED
2,346,37,HN,37,HD1#,43,43,0,pseudoatom_group,1.78,8.49,4.189115539108466,H,HD11,0.0,0.0,SATISFIED
2,347,37,HN,37,HD2#,43,43,0,pseudoatom_group,1.78,8.49,4.805604852669432,H,HD23,0.0,0.0,SATISFIED
2,348,37,HN,37,HD#,43,43,0,pseudoatom_group,1.78,7.99,4.189115539108466,H,HD11,0.0,0.0,SATISFIED
2,349,37,HN,38,HN,43,44,1,direct_unambiguous,1.78,4.2,4.562524191716681,H,H,0.36252419171668127,0.0,VIOLATED
2,350,37,HA,37,HD1#,43,43,0,pseudoatom_group,1.78,7.39,4.70405155158827,HA,HD11,0.0,0.0,SATISFIED
2,351,37,HA,37,HD2#,43,43,0,pseudoatom_group,1.78,7.39,2.649201011625959,HA,HD23,0.0,0.0,SATISFIED
2,352,37,HA,38,HN,43,44,1,direct_unambiguous,1.78,3.43,2.3112825443895852,HA,H,0.0,0.0,SATISFIED
2,353,37,HD1#,38,HN,43,44,1,pseudoatom_group,1.78,8.52,5.676369614463102,HD12,H,0.0,0.0,SATISFIED
2,354,37,HD2#,38,HN,43,44,1,pseudoatom_group,1.78,8.52,3.5322451783532807,HD21,H,0.0,0.0,SATISFIED
2,355,37,HD#,38,HN,43,44,1,pseudoatom_group,1.78,8.13,3.5322451783532807,HD21,H,0.0,0.0,SATISFIED
2,357,38,HN,38,HG#,44,44,0,pseudoatom_group,1.78,6.9,2.498744284635785,H,HG2,0.0,0.0,SATISFIED
2,358,38,HN,38,HD#,44,44,0,pseudoatom_group,1.78,6.9,3.9868480031222635,H,HD3,0.0,0.0,SATISFIED
2,359,38,HA,38,HD#,44,44,0,pseudoatom_group,1.78,6.9,4.455338146538377,HA,HD2,0.0,0.0,SATISFIED
2,360,38,HB#,38,HE#,44,44,0,pseudoatom_group,1.78,7.78,4.429693668866957,HB3,HE3,0.0,0.0,SATISFIED
3,14,1,HA,2,HN,7,8,1,direct_unambiguous,1.78,3.63,3.7692097314954496,HA,H,0.13920973149544968,0.0,VIOLATED
3,15,1,HG#,2,HN,7,8,1,pseudoatom_group,1.78,7.04,4.90113354235528,HG2,H,0.0,0.0,SATISFIED
3,17,2,HN,3,HN,8,9,1,direct_unambiguous,1.78,4.33,4.048231342203652,H,H,0.0,0.0,SATISFIED
3,18,2,HA,3,HD#,8,9,1,pseudoatom_group,1.78,9.41,7.921567142933272,HA,HD2,0.0,0.0,SATISFIED
3,20,3,HN,3,HD#,9,9,0,pseudoatom_group,1.78,7.72,4.5269223540944425,H,HD1,0.0,0.0,SATISFIED
3,21,3,HN,3,HE#,9,9,0,pseudoatom_group,1.78,8.82,6.83293480138659,H,HE1,0.0,0.0,SATISFIED
3,22,3,HN,4,HN,9,10,1,direct_unambiguous,1.78,4.7,3.4822858871723903,H,H,0.0,0.0,SATISFIED
3,23,3,HA,4,HB#,9,10,1,pseudoatom_group,1.78,7.64,6.2210173605287435,HA,HB3,0.0,0.0,SATISFIED
3,24,3,HA,4,HG#,9,10,1,pseudoatom_group,1.78,6.53,5.728190028272458,HA,HG3,0.0,0.0,SATISFIED
3,25,3,HD#,4,HN,9,10,1,pseudoatom_group,1.78,7.84,3.9892010478289985,HD2,H,0.0,0.0,SATISFIED
3,26,3,HE#,4,HN,9,10,1,pseudoatom_group,1.78,7.29,6.119922711930275,HE2,H,0.0,0.0,SATISFIED
3,27,3,HD#,4,HA,9,10,1,pseudoatom_group,1.78,7.87,3.4931006283816113,HD2,HA,0.0,0.0,SATISFIED
3,28,3,HE#,4,HD#,9,10,1,pseudoatom_group,1.78,8.68,7.033335339652164,HE2,HD3,0.0,0.0,SATISFIED
3,29,3,HE#,5,HA,9,11,2,pseudoatom_group,1.78,7.69,9.451144533864671,HE2,HA,1.7611445338646705,0.0,VIOLATED
3,30,3,HE#,5,HG#,9,11,2,pseudoatom_group,1.78,8.58,11.522417150928014,HE2,HG2,2.942417150928014,0.0,VIOLATED
3,32,4,HN,4,HG#,10,10,0,pseudoatom_group,1.78,5.8,2.8962694971290217,H,HG3,0.0,0.0,SATISFIED
3,33,4,HN,4,HD#,10,10,0,pseudoatom_group,1.78,6.9,4.226008400370257,H,HD2,0.0,0.0,SATISFIED
3,34,4,HN,5,HN,10,11,1,direct_unambiguous,1.78,4.7,3.0461053822873594,H,H,0.0,0.0,SATISFIED
3,35,4,HB#,4,HE#,10,10,0,pseudoatom_group,1.78,7.8,4.221618883793278,HB2,HE2,0.0,0.0,SATISFIED
3,36,4,HB#,5,HN,10,11,1,pseudoatom_group,1.78,5.73,2.3207423381323475,HB3,H,0.0,0.0,SATISFIED
3,38,5,HN,5,HG#,11,11,0,pseudoatom_group,1.78,6.9,4.069198446868869,H,HG3,0.0,0.0,SATISFIED
3,39,5,HN,5,HD#,11,11,0,pseudoatom_group,1.78,5.5,4.667254760563216,H,HD2,0.0,0.0,SATISFIED
3,40,5,HN,6,HN,11,12,1,direct_unambiguous,1.78,4.7,3.5586841669358638,H,H,0.0,0.0,SATISFIED
3,41,5,HA,5,HD#,11,11,0,pseudoatom_group,1.78,6.9,4.222031027834825,HA,HD2,0.0,0.0,SATISFIED
3,43,7,HN,7,HG#,13,13,0,pseudoatom_group,1.78,6.9,4.397328620878817,H,HG2,0.0,0.0,SATISFIED
3,44,7,HN,7,HD#,13,13,0,pseudoatom_group,1.78,5.16,4.795743320904488,H,HD3,0.0,0.0,SATISFIED
3,45,7,HB#,8,HN,13,14,1,pseudoatom_group,1.78,4.57,2.8422615995013545,HB2,H,0.0,0.0,SATISFIED
3,46,7,HB#,8,HG#,13,14,1,pseudoatom_group,1.78,7.8,6.471721718368303,HB2,HG2,0.0,0.0,SATISFIED
3,48,8,HN,8,HB2,14,14,0,legacy_stereospecific,1.78,3.77,2.701181037990604,H,HB3,0.0,0.0,SATISFIED
3,49,8,HN,8,HB1,14,14,0,legacy_stereospecific,1.78,3.77,2.6325415476303498,H,HB2,0.0,0.0,SATISFIED
3,50,8,HN,8,HB#,14,14,0,pseudoatom_group,1.78,3.57,2.6325415476303498,H,HB2,0.0,0.0,SATISFIED
3,51,8,HN,8,HG#,14,14,0,pseudoatom_group,1.78,5.23,4.60036802875596,H,HG3,0.0,0.0,SATISFIED
3,52,8,HN,9,HN,14,15,1,direct_unambiguous,1.78,4.2,3.031398687074994,H,H,0.0,0.0,SATISFIED
3,53,8,HB2,9,HN,14,15,1,legacy_stereospecific,1.78,4.3,3.9253928465823638,HB3,H,0.0,0.0,SATISFIED
3,54,8,HB1,9,HN,14,15,1,legacy_stereospecific,1.78,4.3,2.4987350799954773,HB2,H,0.0,0.0,SATISFIED
3,55,8,HB#,9,HN,14,15,1,pseudoatom_group,1.78,4.11,2.4987350799954773,HB2,H,0.0,0.0,SATISFIED
3,56,8,HG#,9,HN,14,15,1,pseudoatom_group,1.78,5.68,3.1617504645370107,HG3,H,0.0,0.0,SATISFIED
3,58,9,HN,10,HN,15,16,1,direct_unambiguous,1.78,4.2,3.9748929545334923,H,H,0.0,0.0,SATISFIED
3,59,9,HN,12,HB#,15,18,3,pseudoatom_group,1.78,6.41,4.479358101335504,H,HB2,0.0,0.0,SATISFIED
3,61,10,HN,10,HB2,16,16,0,legacy_stereospecific,1.78,4.12,2.888185243366497,H,HB3,0.0,0.0,SATISFIED
3,62,10,HN,10,HB1,16,16,0,legacy_stereospecific,1.78,4.12,2.4697307545560503,H,HB2,0.0,0.0,SATISFIED
3,63,10,HN,11,HN,16,17,1,direct_unambiguous,1.78,5.5,3.3361530240682913,H,H,0.0,0.0,SATISFIED
3,64,10,HN,11,HB#,16,17,1,pseudoatom_group,1.78,6.88,5.753370664228059,H,HB2,0.0,0.0,SATISFIED
3,65,10,HN,11,HG#,16,17,1,pseudoatom_group,1.78,6.9,5.3575092160443365,H,HG3,0.0,0.0,SATISFIED
3,66,10,HA,11,HN,16,17,1,direct_unambiguous,1.78,3.28,3.849195630258354,HA,H,0.5691956302583541,0.0,VIOLATED
3,67,10,HA,11,HB#,16,17,1,pseudoatom_group,1.78,5.67,6.172164774210098,HA,HB2,0.5021647742100983,0.0,VIOLATED
3,68,10,HA,11,HG#,16,17,1,pseudoatom_group,1.78,5.85,5.6586601771090645,HA,HG3,0.0,0.0,SATISFIED
3,69,10,HA,13,HN,16,19,3,direct_unambiguous,1.78,4.7,4.095758049494624,HA,H,0.0,0.0,SATISFIED
3,70,10,HA,13,HB#,16,19,3,pseudoatom_group,1.78,6.9,2.5846674834492758,HA,HB3,0.0,0.0,SATISFIED
3,71,10,HB2,11,HN,16,17,1,legacy_stereospecific,1.78,4.59,2.863764480539556,HB3,H,0.0,0.0,SATISFIED
3,72,10,HB2,11,HG#,16,17,1,pseudoatom_group,1.78,6.9,3.362384124397449,HB3,HG3,0.0,0.0,SATISFIED
3,73,10,HB2,13,HN,16,19,3,legacy_stereospecific,1.78,6.0,6.373528849860176,HB3,H,0.3735288498601763,0.0,VIOLATED
3,74,10,HB2,14,HB#,16,20,4,pseudoatom_group,1.78,6.9,5.707739044490383,HB3,HB2,0.0,0.0,SATISFIED
3,75,10,HB1,11,HN,16,17,1,legacy_stereospecific,1.78,4.59,4.297340223905945,HB2,H,0.0,0.0,SATISFIED
3,76,10,HB1,11,HG#,16,17,1,pseudoatom_group,1.78,6.9,5.367352885734271,HB2,HG3,0.0,0.0,SATISFIED
3,77,10,HB1,13,HN,16,19,3,legacy_stereospecific,1.78,6.0,6.4296021649865684,HB2,H,0.42960216498656845,0.0,VIOLATED
3,78,10,HB1,14,HB#,16,20,4,pseudoatom_group,1.78,6.9,6.273811680310462,HB2,HB2,0.0,0.0,SATISFIED
3,79,10,HB#,14,HB#,16,20,4,pseudoatom_group,1.78,6.78,5.707739044490383,HB3,HB2,0.0,0.0,SATISFIED
3,81,11,HN,11,HB2,17,17,0,legacy_stereospecific,1.78,3.98,3.648694835143108,H,HB3,0.0,0.0,SATISFIED
3,82,11,HN,11,HB1,17,17,0,legacy_stereospecific,1.78,3.98,2.5642490128690696,H,HB2,0.0,0.0,SATISFIED
3,83,11,HN,11,HB#,17,17,0,pseudoatom_group,1.78,3.74,2.5642490128690696,H,HB2,0.0,0.0,SATISFIED
3,84,11,HN,11,HG#,17,17,0,pseudoatom_group,1.78,5.08,2.638540505658383,H,HG3,0.0,0.0,SATISFIED
3,85,11,HN,12,HN,17,18,1,direct_unambiguous,1.78,4.2,2.996580384371493,H,H,0.0,0.0,SATISFIED
3,86,11,HN,12,HB#,17,18,1,pseudoatom_group,1.78,5.54,5.145770884911222,H,HB2,0.0,0.0,SATISFIED
3,87,11,HA,14,HN,17,20,3,direct_unambiguous,1.78,5.5,3.827891848001978,HA,H,0.0,0.0,SATISFIED
3,88,11,HA,14,HB#,17,20,3,pseudoatom_group,1.78,6.9,2.731213283506068,HA,HB3,0.0,0.0,SATISFIED
3,89,11,HA,15,HN,17,21,4,direct_unambiguous,1.78,5.5,4.122490145530977,HA,H,0.0,0.0,SATISFIED
3,90,11,HB2,12,HN,17,18,1,legacy_stereospecific,1.78,6.0,3.415970433127312,HB3,H,0.0,0.0,SATISFIED
3,91,11,HB1,12,HN,17,18,1,legacy_stereospecific,1.78,6.0,2.35607873382873,HB2,H,0.0,0.0,SATISFIED
3,92,11,HG#,12,HN,17,18,1,pseudoatom_group,1.78,6.9,4.827114044644067,HG3,H,0.0,0.0,SATISFIED
3,93,11,HG#,12,HA,17,18,1,pseudoatom_group,1.78,5.56,6.5275221179249945,HG2,HA,0.9675221179249949,0.0,VIOLATED
3,94,11,HG#,12,HB#,17,18,1,pseudoatom_group,1.78,7.8,7.526246474837243,HG3,HB2,0.0,0.0,SATISFIED
3,96,12,HA,14,HN,18,20,2,direct_unambiguous,1.78,5.5,5.203820231330058,HA,H,0.0,0.0,SATISFIED
3,97,12,HA,15,HN,18,21,3,direct_unambiguous,1.78,4.7,3.3379062299591347,HA,H,0.0,0.0,SATISFIED
3,98,12,HA,15,HB2,18,21,3,legacy_stereospecific,1.78,4.25,2.860847776446696,HA,HB3,0.0,0.0,SATISFIED
3,99,12,HA,15,HB1,18,21,3,legacy_stereospecific,1.78,4.25,3.8794234107660905,HA,HB2,0.0,0.0,SATISFIED
3,100,12,HA,16,HN,18,22,4,direct_unambiguous,1.78,4.72,3.7740113937294897,HA,H,0.0,0.0,SATISFIED
3,101,12,HB#,13,HB#,18,19,1,pseudoatom_group,1.78,7.93,4.554317182630124,HB2,HB2,0.0,0.0,SATISFIED
3,102,12,HB#,14,HN,18,20,2,pseudoatom_group,1.78,5.33,5.9844490139026165,HB2,H,0.6544490139026164,0.0,VIOLATED
3,103,12,HB#,15,HB2,18,21,3,pseudoatom_group,1.78,6.9,4.621818365102637,HB3,HB3,0.0,0.0,SATISFIED
3,104,12,HB#,15,HB1,18,21,3,pseudoatom_group,1.78,6.9,6.078596795313868,HB3,HB2,0.0,0.0,SATISFIED
3,106,13,HN,14,HN,19,20,1,direct_unambiguous,1.78,4.2,3.640541305904934,H,H,0.0,0.0,SATISFIED
3,107,13,HN,15,HN,19,21,2,direct_unambiguous,1.78,4.7,4.61601494798273,H,H,0.0,0.0,SATISFIED
3,108,13,HA,16,HN,19,22,3,direct_unambiguous,1.78,4.2,3.761474577875012,HA,H,0.0,0.0,SATISFIED
3,109,13,HB#,14,HB#,19,20,1,pseudoatom_group,1.78,7.93,4.614705732763467,HB3,HB2,0.0,0.0,SATISFIED
3,110,13,HB#,14,HG#,19,20,1,pseudoatom_group,1.78,7.91,6.7289425617997365,HB3,HG3,0.0,0.0,SATISFIED
3,112,14,HN,14,HG2,20,20,0,legacy_stereospecific,1.78,4.63,4.626032965727763,H,HG3,0.0,0.0,SATISFIED
3,113,14,HN,14,HG1,20,20,0,legacy_stereospecific,1.78,4.63,4.745728816525445,H,HG2,0.11572881652544531,0.0,VIOLATED
3,114,14,HN,14,HG#,20,20,0,pseudoatom_group,1.78,4.33,4.626032965727763,H,HG3,0.29603296572776294,0.0,VIOLATED
3,115,14,HN,15,HN,20,21,1,direct_unambiguous,1.78,4.2,3.477817850319366,H,H,0.0,0.0,SATISFIED
3,116,14,HN,15,HA,20,21,1,direct_unambiguous,1.78,5.5,5.792656212826721,H,HA,0.2926562128267207,0.0,VIOLATED
3,117,14,HN,16,HN,20,22,2,direct_unambiguous,1.78,5.5,5.227417048600581,H,H,0.0,0.0,SATISFIED
3,118,14,HN,17,HN,20,23,3,direct_unambiguous,1.78,5.5,5.342855509930997,H,H,0.0,0.0,SATISFIED
3,119,14,HA,17,HN,20,23,3,direct_unambiguous,1.78,4.2,4.2382780701600975,HA,H,0.03827807016009732,0.0,VIOLATED
3,120,14,HG#,15,HN,20,21,1,pseudoatom_group,1.78,6.32,3.9177119598051116,HG2,H,0.0,0.0,SATISFIED
3,122,15,HN,15,HG#,21,21,0,pseudoatom_group,1.78,4.92,4.547969437012522,H,HG3,0.0,0.0,SATISFIED
3,123,15,HN,16,HN,21,22,1,direct_unambiguous,1.78,5.5,2.8838446560104436,H,H,0.0,0.0,SATISFIED
3,124,15,HN,17,HN,21,23,2,direct_unambiguous,1.78,4.4,5.21897020493507,H,H,0.81897020493507,0.0,VIOLATED
3,125,15,HN,18,HB#,21,24,3,pseudoatom_group,1.78,6.9,5.579034504284769,H,HB2,0.0,0.0,SATISFIED
3,126,15,HA,15,HE21,21,21,0,direct_unambiguous,1.78,4.61,3.6584693520651492,HA,HE21,0.0,0.0,SATISFIED
3,127,15,HA,15,HE22,21,21,0,direct_unambiguous,1.78,4.89,4.51540419010303,HA,HE22,0.0,0.0,SATISFIED
3,128,15,HA,18,HN,21,24,3,direct_unambiguous,1.78,4.39,3.3578073202612435,HA,H,0.0,0.0,SATISFIED
3,129,15,HA,18,HB#,21,24,3,pseudoatom_group,1.78,4.66,2.896629938393926,HA,HB2,0.0,0.0,SATISFIED
3,130,15,HA,18,HD2,21,24,3,legacy_stereospecific,1.78,5.12,4.495809382080163,HA,HD3,0.0,0.0,SATISFIED
3,131,15,HA,18,HD1,21,24,3,legacy_stereospecific,1.78,5.12,2.771567246162359,HA,HD2,0.0,0.0,SATISFIED
3,132,15,HA,18,HD#,21,24,3,pseudoatom_group,1.78,4.96,2.771567246162359,HA,HD2,0.0,0.0,SATISFIED
3,133,15,HA,19,HN,21,25,4,direct_unambiguous,1.78,5.08,4.412031391547435,HA,H,0.0,0.0,SATISFIED
3,134,15,HB2,15,HE21,21,21,0,legacy_stereospecific,1.78,5.75,5.391104803284758,HB3,HE21,0.0,0.0,SATISFIED
3,135,15,HB1,15,HE21,21,21,0,legacy_stereospecific,1.78,5.75,4.770889330093499,HB2,HE21,0.0,0.0,SATISFIED
3,136,15,HB#,18,HG#,21,24,3,pseudoatom_group,1.78,7.78,6.322492625539392,HB2,HG2,0.0,0.0,SATISFIED
3,137,15,HB#,18,HD#,21,24,3,pseudoatom_group,1.78,7.75,4.645700593021465,HB2,HD2,0.0,0.0,SATISFIED
3,138,15,HG#,18,HN,21,24,3,pseudoatom_group,1.78,5.81,5.553176208261359,HG2,H,0.0,0.0,SATISFIED
3,139,15,HG#,18,HB#,21,24,3,pseudoatom_group,1.78,7.8,4.750828454069879,HG2,HB2,0.0,0.0,SATISFIED
3,140,15,HG#,18,HG#,21,24,3,pseudoatom_group,1.78,7.8,7.065219458728794,HG2,HG2,0.0,0.0,SATISFIED
3,141,15,HG#,19,HN,21,25,4,pseudoatom_group,1.78,6.47,4.5705300567877245,HG2,H,0.0,0.0,SATISFIED
3,142,15,HE21,18,HB#,21,24,3,pseudoatom_group,1.78,5.03,2.7042091265284935,HE21,HB2,0.0,0.0,SATISFIED
3,143,15,HE21,19,HB#,21,25,4,pseudoatom_group,1.78,6.78,5.554834020922676,HE21,HB2,0.0,0.0,SATISFIED
3,144,15,HE22,18,HB#,21,24,3,pseudoatom_group,1.78,5.94,4.4249625987119945,HE22,HB2,0.0,0.0,SATISFIED
3,145,15,HE22,18,HD#,21,24,3,pseudoatom_group,1.78,6.54,5.187880299313006,HE22,HD2,0.0,0.0,SATISFIED
3,147,16,HN,17,HN,22,23,1,direct_unambiguous,1.78,3.38,4.0261110267850295,H,H,0.6461110267850296,0.0,VIOLATED
3,148,16,HN,19,HN,22,25,3,direct_unambiguous,1.78,5.5,4.5913268234792435,H,H,0.0,0.0,SATISFIED
3,149,16,HA,19,HN,22,25,3,direct_unambiguous,1.78,4.01,3.206189638808035,HA,H,0.0,0.0,SATISFIED
3,150,16,HA,19,HB#,22,25,3,pseudoatom_group,1.78,4.6,2.5725384350870257,HA,HB2,0.0,0.0,SATISFIED
3,152,17,HA,19,HN,23,25,2,direct_unambiguous,1.78,4.7,4.429980812599531,HA,H,0.0,0.0,SATISFIED
3,154,18,HN,18,HG#,24,24,0,pseudoatom_group,1.78,6.9,2.535290910329621,H,HG2,0.0,0.0,SATISFIED
3,155,18,HN,18,HD2,24,24,0,legacy_stereospecific,1.78,6.0,4.807986064871654,H,HD3,0.0,0.0,SATISFIED
3,156,18,HN,18,HD1,24,24,0,legacy_stereospecific,1.78,6.0,4.086324876952394,H,HD2,0.0,0.0,SATISFIED
3,157,18,HN,19,HN,24,25,1,direct_unambiguous,1.78,3.52,2.793616115360162,H,H,0.0,0.0,SATISFIED
3,158,18,HN,19,HA,24,25,1,direct_unambiguous,1.78,5.09,5.461830004677919,H,HA,0.3718300046779195,0.0,VIOLATED
3,159,18,HN,19,HB#,24,25,1,pseudoatom_group,1.78,6.03,5.2599837452220335,H,HB2,0.0,0.0,SATISFIED
3,160,18,HN,20,HN,24,26,2,direct_unambiguous,1.78,5.5,5.128683651776545,H,H,0.0,0.0,SATISFIED
3,161,18,HA,18,HD2,24,24,0,legacy_stereospecific,1.78,6.0,4.346580955187654,HA,HD3,0.0,0.0,SATISFIED
3,162,18,HA,18,HD1,24,24,0,legacy_stereospecific,1.78,6.0,4.898513345904041,HA,HD2,0.0,0.0,SATISFIED
3,163,18,HA,20,HN,24,26,2,direct_unambiguous,1.78,4.7,5.531763733204809,HA,H,0.8317637332048085,0.0,VIOLATED
3,164,18,HA,21,HN,24,27,3,direct_unambiguous,1.78,4.2,3.806968478986922,HA,H,0.0,0.0,SATISFIED
3,165,18,HA,22,HN,24,28,4,direct_unambiguous,1.78,4.7,4.148979272061986,HA,H,0.0,0.0,SATISFIED
3,166,18,HB#,18,HE#,24,24,0,pseudoatom_group,1.78,7.8,4.321176460178409,HB3,HE2,0.0,0.0,SATISFIED
3,167,18,HB#,19,HN,24,25,1,pseudoatom_group,1.78,4.93,3.0476230081819504,HB2,H,0.0,0.0,SATISFIED
3,168,18,HB#,19,HA,24,25,1,pseudoatom_group,1.78,5.83,4.3885634323773886,HB3,HA,0.0,0.0,SATISFIED
3,169,18,HB#,19,HB2,24,25,1,pseudoatom_group,1.78,7.11,5.857610605016349,HB2,HB3,0.0,0.0,SATISFIED
3,170,18,HB#,19,HB1,24,25,1,pseudoatom_group,1.78,7.11,5.332520417213608,HB2,HB2,0.0,0.0,SATISFIED
3,171,18,HB#,19,HB#,24,25,1,pseudoatom_group,1.78,6.73,5.332520417213608,HB2,HB2,0.0,0.0,SATISFIED
3,172,18,HB#,20,HN,24,26,2,pseudoatom_group,1.78,5.39,5.911054474457158,HB2,H,0.5210544744571584,0.0,VIOLATED
3,173,18,HB#,22,HD22,24,28,4,pseudoatom_group,1.78,6.39,3.056299396328836,HB3,HD22,0.0,0.0,SATISFIED
3,174,18,HG#,19,HN,24,25,1,pseudoatom_group,1.78,4.99,4.911587421598032,HG2,H,0.0,0.0,SATISFIED
3,175,18,HD2,19,HN,24,25,1,legacy_stereospecific,1.78,6.18,5.955736478387876,HD3,H,0.0,0.0,SATISFIED
3,176,18,HD1,19,HN,24,25,1,legacy_stereospecific,1.78,6.18,5.503638432891463,HD2,H,0.0,0.0,SATISFIED
3,177,18,HD#,19,HN,24,25,1,pseudoatom_group,1.78,5.85,5.503638432891463,HD2,H,0.0,0.0,SATISFIED
3,178,18,HD#,22,HD22,24,28,4,pseudoatom_group,1.78,6.76,4.849141161071721,HD3,HD22,0.0,0.0,SATISFIED
3,180,19,HN,20,HN,25,26,1,direct_unambiguous,1.78,3.58,2.9561439410150507,H,H,0.0,0.0,SATISFIED
3,181,19,HN,21,HN,25,27,2,direct_unambiguous,1.78,4.45,4.6859720443041475,H,H,0.2359720443041473,0.0,VIOLATED
3,182,19,HN,22,HB#,25,28,3,pseudoatom_group,1.78,5.63,5.57192471234133,H,HB3,0.0,0.0,SATISFIED
3,183,19,HN,22,HD21,25,28,3,direct_unambiguous,1.78,4.79,6.796501232251784,H,HD21,2.006501232251784,0.0,VIOLATED
3,184,19,HA,21,HN,25,27,2,direct_unambiguous,1.78,4.9,5.3116259280939575,HA,H,0.41162592809395715,0.0,VIOLATED
3,185,19,HA,22,HN,25,28,3,direct_unambiguous,1.78,4.38,3.3072659403198896,HA,H,0.0,0.0,SATISFIED
3,186,19,HA,22,HB#,25,28,3,pseudoatom_group,1.78,4.61,2.7831286351873863,HA,HB3,0.0,0.0,SATISFIED
3,187,19,HA,22,HD21,25,28,3,direct_unambiguous,1.78,4.98,4.61675048058697,HA,HD21,0.0,0.0,SATISFIED
3,188,19,HA,22,HD22,25,28,3,direct_unambiguous,1.78,5.82,3.185461505025606,HA,HD22,0.0,0.0,SATISFIED
3,189,19,HA,23,HN,25,29,4,direct_unambiguous,1.78,4.7,3.9205813344451865,HA,H,0.0,0.0,SATISFIED
3,190,19,HB#,21,HN,25,27,2,pseudoatom_group,1.78,6.11,6.081168473245911,HB2,H,0.0,0.0,SATISFIED
3,192,20,HN,21,HN,26,27,1,direct_unambiguous,1.78,4.2,3.8977143302196993,H,H,0.0,0.0,SATISFIED
3,193,20,HN,21,HB#,26,27,1,pseudoatom_group,1.78,6.9,5.878755480541779,H,HB3,0.0,0.0,SATISFIED
3,194,20,HN,21,HG#,26,27,1,pseudoatom_group,1.78,5.83,6.055356058895299,H,HG3,0.22535605889529897,0.0,VIOLATED
3,195,20,HN,22,HN,26,28,2,direct_unambiguous,1.78,4.2,4.530955197306634,H,H,0.3309551973066336,0.0,VIOLATED
3,196,20,HN,22,HB#,26,28,2,pseudoatom_group,1.78,6.18,5.701391584516888,H,HB3,0.0,0.0,SATISFIED
3,197,20,HN,23,HN,26,29,3,direct_unambiguous,1.78,5.5,5.2436743796692795,H,H,0.0,0.0,SATISFIED
3,199,21,HN,21,HG2,27,27,0,legacy_stereospecific,1.78,4.53,2.3851377318721037,H,HG3,0.0,0.0,SATISFIED
3,200,21,HN,21,HG1,27,27,0,legacy_stereospecific,1.78,4.53,3.508738947257263,H,HG2,0.0,0.0,SATISFIED
3,201,21,HN,21,HG#,27,27,0,pseudoatom_group,1.78,4.28,2.3851377318721037,H,HG3,0.0,0.0,SATISFIED
3,202,21,HN,22,HN,27,28,1,direct_unambiguous,1.78,3.27,3.411915297893544,H,H,0.14191529789354407,0.0,VIOLATED
3,203,21,HN,22,HA,27,28,1,direct_unambiguous,1.78,5.5,5.897221210027652,H,HA,0.3972212100276522,0.0,VIOLATED
3,204,21,HN,22,HB#,27,28,1,pseudoatom_group,1.78,6.14,5.976063671012885,H,HB3,0.0,0.0,SATISFIED
3,205,21,HN,23,HN,27,29,2,direct_unambiguous,1.78,4.7,5.683622260495502,H,H,0.983622260495502,0.0,VIOLATED
3,206,21,HA,24,HN,27,30,3,direct_unambiguous,1.78,4.2,4.22330415670006,HA,H,0.023304156700059586,0.0,VIOLATED
3,207,21,HA,24,HB#,27,30,3,pseudoatom_group,1.78,5.72,2.6354608705120253,HA,HB2,0.0,0.0,SATISFIED
3,208,21,HB#,22,HB#,27,28,1,pseudoatom_group,1.78,6.87,5.337279644163307,HB3,HB3,0.0,0.0,SATISFIED
3,209,21,HG#,22,HN,27,28,1,pseudoatom_group,1.78,5.51,5.24623960566042,HG3,H,0.0,0.0,SATISFIED
3,211,22,HN,22,HD21,28,28,0,direct_unambiguous,1.78,4.96,4.828854626099238,H,HD21,0.0,0.0,SATISFIED
3,212,22,HN,22,HD22,28,28,0,direct_unambiguous,1.78,6.15,3.9428909444720888,H,HD22,0.0,0.0,SATISFIED
3,213,22,HN,23,HN,28,29,1,direct_unambiguous,1.78,3.7,3.0695481752205818,H,H,0.0,0.0,SATISFIED
3,214,22,HN,24,HN,28,30,2,direct_unambiguous,1.78,4.7,4.910062830555226,H,H,0.21006283055522612,0.0,VIOLATED
3,215,22,HN,25,HN,28,31,3,direct_unambiguous,1.78,5.5,4.811839772893523,H,H,0.0,0.0,SATISFIED
3,216,22,HN,25,HB#,28,31,3,pseudoatom_group,1.78,5.58,5.734535203484238,H,HB2,0.15453520348423755,0.0,VIOLATED
3,217,22,HN,25,HG#,28,31,3,pseudoatom_group,1.78,6.9,5.7925967406682135,H,HG2,0.0,0.0,SATISFIED
3,218,22,HA,22,HD21,28,28,0,direct_unambiguous,1.78,5.67,4.582104865670362,HA,HD21,0.0,0.0,SATISFIED
3,219,22,HA,24,HN,28,30,2,direct_unambiguous,1.78,5.27,5.511113408377658,HA,H,0.24111340837765827,0.0,VIOLATED
3,220,22,HA,25,HN,28,31,3,direct_unambiguous,1.78,4.69,3.3036452594066454,HA,H,0.0,0.0,SATISFIED
3,221,22,HA,25,HB#,28,31,3,pseudoatom_group,1.78,4.79,2.8958932991393183,HA,HB2,0.0,0.0,SATISFIED
3,222,22,HA,25,HG#,28,31,3,pseudoatom_group,1.78,5.68,4.000713311398357,HA,HG2,0.0,0.0,SATISFIED
3,223,22,HA,25,HD2,28,31,3,legacy_stereospecific,1.78,5.53,4.5425233075901765,HA,HD3,0.0,0.0,SATISFIED
3,224,22,HA,25,HD1,28,31,3,legacy_stereospecific,1.78,5.53,2.806584757316265,HA,HD2,0.0,0.0,SATISFIED
3,225,22,HA,25,HD#,28,31,3,pseudoatom_group,1.78,5.31,2.806584757316265,HA,HD2,0.0,0.0,SATISFIED
3,226,22,HA,26,HN,28,32,4,direct_unambiguous,1.78,4.7,4.126149173260705,HA,H,0.0,0.0,SATISFIED
3,227,22,HB#,23,HA,28,29,1,pseudoatom_group,1.78,5.72,4.360798436066496,HB2,HA,0.0,0.0,SATISFIED
3,228,22,HB#,25,HN,28,31,3,pseudoatom_group,1.78,6.28,5.178767614017836,HB2,H,0.0,0.0,SATISFIED
3,229,22,HB#,25,HB#,28,31,3,pseudoatom_group,1.78,6.58,4.458841777861153,HB2,HB2,0.0,0.0,SATISFIED
3,230,22,HB#,25,HG#,28,31,3,pseudoatom_group,1.78,6.48,6.322598279188708,HB2,HG2,0.0,0.0,SATISFIED
3,231,22,HB#,25,HD#,28,31,3,pseudoatom_group,1.78,8.12,4.750813404039355,HB2,HD2,0.0,0.0,SATISFIED
3,233,23,HN,24,HN,29,30,1,direct_unambiguous,1.78,4.7,3.995817938795511,H,H,0.0,0.0,SATISFIED
3,234,23,HN,24,HA,29,30,1,direct_unambiguous,1.78,5.5,5.973399953125523,H,HA,0.4733999531255231,0.0,VIOLATED
3,235,23,HN,25,HN,29,31,2,direct_unambiguous,1.78,4.7,4.749837681437125,H,H,0.04983768143712464,0.0,VIOLATED
3,236,23,HN,25,HB#,29,31,2,pseudoatom_group,1.78,7.03,5.551121148020463,H,HB2,0.0,0.0,SATISFIED
3,237,23,HN,26,HB#,29,32,3,pseudoatom_group,1.78,7.03,4.774064515693101,H,HB3,0.0,0.0,SATISFIED
3,238,23,HA,26,HN,29,32,3,direct_unambiguous,1.78,4.7,3.2347676887220196,HA,H,0.0,0.0,SATISFIED
3,239,23,HA,26,HB#,29,32,3,pseudoatom_group,1.78,6.9,2.5976718422464375,HA,HB3,0.0,0.0,SATISFIED
3,241,24,HN,25,HN,30,31,1,direct_unambiguous,1.78,4.7,3.7337631151426844,H,H,0.0,0.0,SATISFIED
3,242,24,HA,25,HB#,30,31,1,pseudoatom_group,1.78,5.93,6.1493467132696304,HA,HB2,0.21934671326963073,0.0,VIOLATED
3,243,24,HA,26,HN,30,32,2,direct_unambiguous,1.78,4.77,4.511586638866642,HA,H,0.0,0.0,SATISFIED
3,244,24,HA,26,HG#,30,32,2,pseudoatom_group,1.78,6.96,7.046073303620961,HA,HG3,0.0860733036209611,0.0,VIOLATED
3,245,24,HA,27,HN,30,33,3,direct_unambiguous,1.78,4.7,3.0960523251392247,HA,H,0.0,0.0,SATISFIED
3,246,24,HA,27,HB#,30,33,3,pseudoatom_group,1.78,6.9,2.9076158618359482,HA,HB3,0.0,0.0,SATISFIED
3,247,24,HB#,25,HB#,30,31,1,pseudoatom_group,1.78,7.8,5.264304227530929,HB2,HB2,0.0,0.0,SATISFIED
3,248,24,HB#,27,HN,30,33,3,pseudoatom_group,1.78,6.9,5.448963020612272,HB2,H,0.0,0.0,SATISFIED
3,250,25,HN,25,HG#,31,31,0,pseudoatom_group,1.78,6.9,2.4559468642460494,H,HG2,0.0,0.0,SATISFIED
3,251,25,HN,25,HD2,31,31,0,legacy_stereospecific,1.78,4.76,4.757553362811603,H,HD3,0.0,0.0,SATISFIED
3,252,25,HN,25,HD1,31,31,0,legacy_stereospecific,1.78,4.76,3.985011166860138,H,HD2,0.0,0.0,SATISFIED
3,253,25,HN,25,HD#,31,31,0,pseudoatom_group,1.78,4.36,3.985011166860138,H,HD2,0.0,0.0,SATISFIED
3,254,25,HN,26,HN,31,32,1,direct_unambiguous,1.78,4.2,2.8527423648131984,H,H,0.0,0.0,SATISFIED
3,255,25,HA,28,HB#,31,34,3,pseudoatom_group,1.78,6.9,2.6736198308660115,HA,HB2,0.0,0.0,SATISFIED
3,256,25,HB#,26,HN,31,32,1,pseudoatom_group,1.78,4.95,2.8141401884056885,HB2,H,0.0,0.0,SATISFIED
3,257,25,HB#,26,HA,31,32,1,pseudoatom_group,1.78,6.9,4.333240127202738,HB3,HA,0.0,0.0,SATISFIED
3,259,26,HN,26,HG#,32,32,0,pseudoatom_group,1.78,5.22,2.6743692714357907,H,HG3,0.0,0.0,SATISFIED
3,260,26,HN,27,HN,32,33,1,direct_unambiguous,1.78,4.2,2.8442176428677186,H,H,0.0,0.0,SATISFIED
3,261,26,HN,28,HN,32,34,2,direct_unambiguous,1.78,5.5,4.279697886533582,H,H,0.0,0.0,SATISFIED
3,262,26,HA,29,HN,32,35,3,direct_unambiguous,1.78,4.7,3.361821678792615,HA,H,0.0,0.0,SATISFIED
3,264,27,HN,28,HN,33,34,1,direct_unambiguous,1.78,4.2,2.7517020187513044,H,H,0.0,0.0,SATISFIED
3,265,27,HA,30,HN,33,36,3,direct_unambiguous,1.78,4.7,3.3425355645078776,HA,H,0.0,0.0,SATISFIED
3,267,28,HN,28,HG2,34,34,0,legacy_stereospecific,1.78,6.0,3.952897418350241,H,HG3,0.0,0.0,SATISFIED
3,268,28,HN,28,HG1,34,34,0,legacy_stereospecific,1.78,6.0,2.8846166123074313,H,HG2,0.0,0.0,SATISFIED
3,269,28,HA,31,HN,34,37,3,direct_unambiguous,1.78,4.7,4.0585291670751875,HA,H,0.0,0.0,SATISFIED
3,270,28,HG#,29,HN,34,35,1,pseudoatom_group,1.78,6.88,5.088967478772093,HG2,H,0.0,0.0,SATISFIED
3,272,29,HN,29,HG#,35,35,0,pseudoatom_group,1.78,6.9,4.534972877537418,H,HG2,0.0,0.0,SATISFIED
3,273,29,HN,30,HN,35,36,1,direct_unambiguous,1.78,4.7,2.6418048754592,H,H,0.0,0.0,SATISFIED
3,274,29,HN,31,HN,35,37,2,direct_unambiguous,1.78,4.7,4.8300585917771235,H,H,0.1300585917771233,0.0,VIOLATED
3,275,29,HN,32,HB#,35,38,3,pseudoatom_group,1.78,6.9,5.58687336530908,H,HB2,0.0,0.0,SATISFIED
3,276,29,HA,32,HN,35,38,3,direct_unambiguous,1.78,4.2,3.717431640259172,HA,H,0.0,0.0,SATISFIED
3,277,29,HA,32,HB#,35,38,3,pseudoatom_group,1.78,6.9,2.9490644279160807,HA,HB2,0.0,0.0,SATISFIED
3,278,29,HA,32,HG#,35,38,3,pseudoatom_group,1.78,6.9,3.849707131717944,HA,HG3,0.0,0.0,SATISFIED
3,279,29,HA,33,HN,35,39,4,direct_unambiguous,1.78,5.5,4.2741064563251125,HA,H,0.0,0.0,SATISFIED
3,280,29,HB#,32,HG#,35,38,3,pseudoatom_group,1.78,7.8,6.056204917272862,HB2,HG3,0.0,0.0,SATISFIED
3,282,30,HN,31,HN,36,37,1,direct_unambiguous,1.78,3.32,3.2317718050629765,H,H,0.0,0.0,SATISFIED
3,283,30,HN,32,HN,36,38,2,direct_unambiguous,1.78,4.7,4.80070307350913,H,H,0.10070307350912966,0.0,VIOLATED
3,285,31,HN,32,HN,37,38,1,direct_unambiguous,1.78,4.2,3.6928150508792057,H,H,0.0,0.0,SATISFIED
3,286,31,HN,33,HN,37,39,2,direct_unambiguous,1.78,5.5,4.664933975952929,H,H,0.0,0.0,SATISFIED
3,287,31,HA,36,HD21,37,42,5,direct_unambiguous,1.78,5.01,8.313586771063378,HA,HD21,3.3035867710633777,0.0,VIOLATED
3,289,32,HN,32,HG#,38,38,0,pseudoatom_group,1.78,5.44,2.1842863823226133,H,HG3,0.0,0.0,SATISFIED
3,290,32,HN,32,HD#,38,38,0,pseudoatom_group,1.78,6.01,4.10492947564267,H,HD2,0.0,0.0,SATISFIED
3,291,32,HN,33,HN,38,39,1,direct_unambiguous,1.78,3.37,3.259584942903009,H,H,0.0,0.0,SATISFIED
3,292,32,HA,34,HN,38,40,2,direct_unambiguous,1.78,4.7,4.39017858406694,HA,H,0.0,0.0,SATISFIED
3,293,32,HA,35,HN,38,41,3,direct_unambiguous,1.78,4.7,3.3687324025514434,HA,H,0.0,0.0,SATISFIED
3,294,32,HA,35,HG1#,38,41,3,pseudoatom_group,1.78,7.12,4.7145317901144725,HA,HG13,0.0,0.0,SATISFIED
3,295,32,HA,35,HG2#,38,41,3,pseudoatom_group,1.78,7.12,2.970617949181616,HA,HG23,0.0,0.0,SATISFIED
3,296,32,HA,35,HG#,38,41,3,pseudoatom_group,1.78,6.67,2.970617949181616,HA,HG23,0.0,0.0,SATISFIED
3,297,32,HB#,32,HE#,38,38,0,pseudoatom_group,1.78,7.8,4.412431189265167,HB3,HE2,0.0,0.0,SATISFIED
3,298,32,HB#,33,HN,38,39,1,pseudoatom_group,1.78,4.78,2.6580931134932086,HB2,H,0.0,0.0,SATISFIED
3,300,33,HN,33,HB2,39,39,0,legacy_stereospecific,1.78,4.01,3.6289709285140312,H,HB3,0.0,0.0,SATISFIED
3,301,33,HN,33,HB1,39,39,0,legacy_stereospecific,1.78,4.01,2.5054921672198436,H,HB2,0.0,0.0,SATISFIED
3,302,33,HN,33,HB#,39,39,0,pseudoatom_group,1.78,3.86,2.5054921672198436,H,HB2,0.0,0.0,SATISFIED
3,303,33,HN,33,HG2,39,39,0,legacy_stereospecific,1.78,4.51,2.609054426415823,H,HG3,0.0,0.0,SATISFIED
3,304,33,HN,33,HG1,39,39,0,legacy_stereospecific,1.78,4.51,3.7779261506810844,H,HG2,0.0,0.0,SATISFIED
3,305,33,HN,33,HG#,39,39,0,pseudoatom_group,1.78,4.33,2.609054426415823,H,HG3,0.0,0.0,SATISFIED
3,306,33,HB2,34,HN,39,40,1,legacy_stereospecific,1.78,4.36,4.0042954436454865,HB3,H,0.0,0.0,SATISFIED
3,307,33,HB1,34,HN,39,40,1,legacy_stereospecific,1.78,4.36,3.0637625560738204,HB2,H,0.0,0.0,SATISFIED
3,308,33,HB#,34,HN,39,40,1,pseudoatom_group,1.78,4.21,3.0637625560738204,HB2,H,0.0,0.0,SATISFIED
3,309,33,HG2,34,HN,39,40,1,legacy_stereospecific,1.78,5.69,4.970083399702665,HG3,H,0.0,0.0,SATISFIED
3,310,33,HG1,34,HN,39,40,1,legacy_stereospecific,1.78,5.69,5.422982942993644,HG2,H,0.0,0.0,SATISFIED
3,311,33,HG#,34,HN,39,40,1,pseudoatom_group,1.78,5.41,4.970083399702665,HG3,H,0.0,0.0,SATISFIED
3,313,34,HN,35,HN,40,41,1,direct_unambiguous,1.78,3.72,2.6892560309498257,H,H,0.0,0.0,SATISFIED
3,314,34,HN,35,HG1#,40,41,1,pseudoatom_group,1.78,7.89,6.996521564320374,H,HG12,0.0,0.0,SATISFIED
3,315,34,HN,35,HG2#,40,41,1,pseudoatom_group,1.78,7.89,4.7506940545566625,H,HG22,0.0,0.0,SATISFIED
3,316,34,HN,35,HG#,40,41,1,pseudoatom_group,1.78,7.59,4.7506940545566625,H,HG22,0.0,0.0,SATISFIED
3,317,34,HN,36,HN,40,42,2,direct_unambiguous,1.78,4.7,4.306059683748011,H,H,0.0,0.0,SATISFIED
3,318,34,HA,35,HG1#,40,41,1,pseudoatom_group,1.78,7.8,7.422441512063266,HA,HG12,0.0,0.0,SATISFIED
3,319,34,HA,35,HG2#,40,41,1,pseudoatom_group,1.78,7.8,5.591100249503671,HA,HG22,0.0,0.0,SATISFIED
3,320,34,HA,35,HG#,40,41,1,pseudoatom_group,1.78,7.28,5.591100249503671,HA,HG22,0.0,0.0,SATISFIED
3,321,34,HA,37,HB#,40,43,3,pseudoatom_group,1.78,6.9,2.9064751848243984,HA,HB2,0.0,0.0,SATISFIED
3,322,34,HA,37,HG,40,43,3,direct_unambiguous,1.78,6.0,3.7957283885968454,HA,HG,0.0,0.0,SATISFIED
3,323,34,HA,37,HD#,40,43,3,pseudoatom_group,1.78,7.8,2.330865289972802,HA,HD12,0.0,0.0,SATISFIED
3,325,35,HN,35,HB,41,41,0,direct_unambiguous,1.78,4.02,2.4721278284101746,H,HB,0.0,0.0,SATISFIED
3,326,35,HN,36,HN,41,42,1,direct_unambiguous,1.78,3.39,2.6508028972369875,H,H,0.0,0.0,SATISFIED
3,327,35,HB,36,HN,41,42,1,direct_unambiguous,1.78,6.0,2.9325817976656685,HB,H,0.0,0.0,SATISFIED
3,328,35,HG1#,36,HN,41,42,1,pseudoatom_group,1.78,6.85,3.7572724149308097,HG12,H,0.0,0.0,SATISFIED
3,329,35,HG1#,36,HA,41,42,1,pseudoatom_group,1.78,7.8,3.632166984046852,HG12,HA,0.0,0.0,SATISFIED
3,330,35,HG2#,36,HN,41,42,1,pseudoatom_group,1.78,6.85,4.741668588165986,HG23,H,0.0,0.0,SATISFIED
3,331,35,HG2#,36,HA,41,42,1,pseudoatom_group,1.78,7.8,6.700189400308024,HG23,HA,0.0,0.0,SATISFIED
3,332,35,HG#,36,HN,41,42,1,pseudoatom_group,1.78,6.56,3.7572724149308097,HG12,H,0.0,0.0,SATISFIED
3,333,35,HG#,36,HA,41,42,1,pseudoatom_group,1.78,7.45,3.632166984046852,HG12,HA,0.0,0.0,SATISFIED
3,335,36,HN,36,HD21,42,42,0,direct_unambiguous,1.78,5.5,3.663882230640066,H,HD21,0.0,0.0,SATISFIED
3,336,36,HN,36,HD22,42,42,0,direct_unambiguous,1.78,6.0,4.492626292047893,H,HD22,0.0,0.0,SATISFIED
3,337,36,HN,37,HN,42,43,1,direct_unambiguous,1.78,4.7,3.2267348821990263,H,H,0.0,0.0,SATISFIED
3,338,36,HA,37,HB#,42,43,1,pseudoatom_group,1.78,6.38,5.7528699794102796,HA,HB2,0.0,0.0,SATISFIED
3,339,36,HA,38,HN,42,44,2,direct_unambiguous,1.78,4.7,5.940817199678846,HA,H,1.2408171996788457,0.0,VIOLATED
3,340,36,HB2,37,HN,42,43,1,legacy_stereospecific,1.78,5.83,4.1239136751391845,HB3,H,0.0,0.0,SATISFIED
3,341,36,HB1,37,HN,42,43,1,legacy_stereospecific,1.78,5.83,4.6437250133917285,HB2,H,0.0,0.0,SATISFIED
3,342,36,HD21,37,HN,42,43,1,direct_unambiguous,1.78,5.5,6.596582524307567,HD21,H,1.0965825243075669,0.0,VIOLATED
3,343,36,HD22,37,HD#,42,43,1,pseudoatom_group,1.78,8.7,7.798855300619447,HD22,HD22,0.0,0.0,SATISFIED
3,344,36,OD1,38,HN,42,44,2,direct_unambiguous,1.78,2.4,8.318475160749115,OD1,H,5.918475160749114,0.0,VIOLATED
3,346,37,HN,37,HD1#,43,43,0,pseudoatom_group,1.78,8.49,4.406068201923344,H,HD12,0.0,0.0,SATISFIED
3,347,37,HN,37,HD2#,43,43,0,pseudoatom_group,1.78,8.49,4.769381616100775,H,HD22,0.0,0.0,SATISFIED
3,348,37,HN,37,HD#,43,43,0,pseudoatom_group,1.78,7.99,4.406068201923344,H,HD12,0.0,0.0,SATISFIED
3,349,37,HN,38,HN,43,44,1,direct_unambiguous,1.78,4.2,4.512008200347161,H,H,0.3120082003471607,0.0,VIOLATED
3,350,37,HA,37,HD1#,43,43,0,pseudoatom_group,1.78,7.39,4.739390994632117,HA,HD13,0.0,0.0,SATISFIED
3,351,37,HA,37,HD2#,43,43,0,pseudoatom_group,1.78,7.39,2.3541476164420976,HA,HD22,0.0,0.0,SATISFIED
3,352,37,HA,38,HN,43,44,1,direct_unambiguous,1.78,3.43,2.294441108418347,HA,H,0.0,0.0,SATISFIED
3,353,37,HD1#,38,HN,43,44,1,pseudoatom_group,1.78,8.52,5.79219776941361,HD13,H,0.0,0.0,SATISFIED
3,354,37,HD2#,38,HN,43,44,1,pseudoatom_group,1.78,8.52,3.9588396027118855,HD22,H,0.0,0.0,SATISFIED
3,355,37,HD#,38,HN,43,44,1,pseudoatom_group,1.78,8.13,3.9588396027118855,HD22,H,0.0,0.0,SATISFIED
3,357,38,HN,38,HG#,44,44,0,pseudoatom_group,1.78,6.9,2.6746366108314583,H,HG3,0.0,0.0,SATISFIED
3,358,38,HN,38,HD#,44,44,0,pseudoatom_group,1.78,6.9,4.07738801195079,H,HD3,0.0,0.0,SATISFIED
3,359,38,HA,38,HD#,44,44,0,pseudoatom_group,1.78,6.9,4.455094387327833,HA,HD2,0.0,0.0,SATISFIED
3,360,38,HB#,38,HE#,44,44,0,pseudoatom_group,1.78,7.78,4.451213767052759,HB3,HE3,0.0,0.0,SATISFIED
4,14,1,HA,2,HN,7,8,1,direct_unambiguous,1.78,3.63,3.7273715940324514,HA,H,0.09737159403245155,0.0,VIOLATED
4,15,1,HG#,2,HN,7,8,1,pseudoatom_group,1.78,7.04,4.817334221330301,HG3,H,0.0,0.0,SATISFIED
4,17,2,HN,3,HN,8,9,1,direct_unambiguous,1.78,4.33,3.565912646153857,H,H,0.0,0.0,SATISFIED
4,18,2,HA,3,HD#,8,9,1,pseudoatom_group,1.78,9.41,7.796290977124958,HA,HD1,0.0,0.0,SATISFIED
4,20,3,HN,3,HD#,9,9,0,pseudoatom_group,1.78,7.72,4.848814803640164,H,HD2,0.0,0.0,SATISFIED
4,21,3,HN,3,HE#,9,9,0,pseudoatom_group,1.78,8.82,6.952081199180573,H,HE2,0.0,0.0,SATISFIED
4,22,3,HN,4,HN,9,10,1,direct_unambiguous,1.78,4.7,2.765574443040723,H,H,0.0,0.0,SATISFIED
4,23,3,HA,4,HB#,9,10,1,pseudoatom_group,1.78,7.64,6.2315297479832354,HA,HB3,0.0,0.0,SATISFIED
4,24,3,HA,4,HG#,9,10,1,pseudoatom_group,1.78,6.53,5.702806765093834,HA,HG2,0.0,0.0,SATISFIED
4,25,3,HD#,4,HN,9,10,1,pseudoatom_group,1.78,7.84,3.8549045383770513,HD2,H,0.0,0.0,SATISFIED
4,26,3,HE#,4,HN,9,10,1,pseudoatom_group,1.78,7.29,5.920656298080474,HE2,H,0.0,0.0,SATISFIED
4,27,3,HD#,4,HA,9,10,1,pseudoatom_group,1.78,7.87,3.5072500623708027,HD2,HA,0.0,0.0,SATISFIED
4,28,3,HE#,4,HD#,9,10,1,pseudoatom_group,1.78,8.68,6.96533681884803,HE2,HD3,0.0,0.0,SATISFIED
4,29,3,HE#,5,HA,9,11,2,pseudoatom_group,1.78,7.69,9.292569666136488,HE2,HA,1.602569666136488,0.0,VIOLATED
4,30,3,HE#,5,HG#,9,11,2,pseudoatom_group,1.78,8.58,11.181571043462544,HE2,HG3,2.6015710434625436,0.0,VIOLATED
4,32,4,HN,4,HG#,10,10,0,pseudoatom_group,1.78,5.8,2.7698810443771773,H,HG2,0.0,0.0,SATISFIED
4,33,4,HN,4,HD#,10,10,0,pseudoatom_group,1.78,6.9,4.111246769533546,H,HD2,0.0,0.0,SATISFIED
4,34,4,HN,5,HN,10,11,1,direct_unambiguous,1.78,4.7,3.0286564678087857,H,H,0.0,0.0,SATISFIED
4,35,4,HB#,4,HE#,10,10,0,pseudoatom_group,1.78,7.8,4.331469612037004,HB2,HE3,0.0,0.0,SATISFIED
4,36,4,HB#,5,HN,10,11,1,pseudoatom_group,1.78,5.73,2.38321568474194,HB3,H,0.0,0.0,SATISFIED
4,38,5,HN,5,HG#,11,11,0,pseudoatom_group,1.78,6.9,4.368604926060496,H,HG2,0.0,0.0,SATISFIED
4,39,5,HN,5,HD#,11,11,0,pseudoatom_group,1.78,5.5,4.721216898215968,H,HD2,0.0,0.0,SATISFIED
4,40,5,HN,6,HN,11,12,1,direct_unambiguous,1.78,4.7,3.8013325295217224,H,H,0.0,0.0,SATISFIED
4,41,5,HA,5,HD#,11,11,0,pseudoatom_group,1.78,6.9,4.354147103624313,HA,HD2,0.0,0.0,SATISFIED
4,43,7,HN,7,HG#,13,13,0,pseudoatom_group,1.78,6.9,4.606785538746079,H,HG3,0.0,0.0,SATISFIED
4,44,7,HN,7,HD#,13,13,0,pseudoatom_group,1.78,5.16,4.945474092541586,H,HD3,0.0,0.0,SATISFIED
4,45,7,HB#,8,HN,13,14,1,pseudoatom_group,1.78,4.57,2.873205352911621,HB2,H,0.0,0.0,SATISFIED
4,46,7,HB#,8,HG#,13,14,1,pseudoatom_group,1.78,7.8,6.555555048964199,HB2,HG3,0.0,0.0,SATISFIED
4,48,8,HN,8,HB2,14,14,0,legacy_stereospecific,1.78,3.77,2.6370439890149724,H,HB3,0.0,0.0,SATISFIED
4,49,8,HN,8,HB1,14,14,0,legacy_stereospecific,1.78,3.77,2.600377472598931,H,HB2,0.0,0.0,SATISFIED
4,50,8,HN,8,HB#,14,14,0,pseudoatom_group,1.78,3.57,2.600377472598931,H,HB2,0.0,0.0,SATISFIED
4,51,8,HN,8,HG#,14,14,0,pseudoatom_group,1.78,5.23,4.477657423251585,H,HG2,0.0,0.0,SATISFIED
4,52,8,HN,9,HN,14,15,1,direct_unambiguous,1.78,4.2,3.03372691585779,H,H,0.0,0.0,SATISFIED
4,53,8,HB2,9,HN,14,15,1,legacy_stereospecific,1.78,4.3,3.937097153995569,HB3,H,0.0,0.0,SATISFIED
4,54,8,HB1,9,HN,14,15,1,legacy_stereospecific,1.78,4.3,2.496040063781029,HB2,H,0.0,0.0,SATISFIED
4,55,8,HB#,9,HN,14,15,1,pseudoatom_group,1.78,4.11,2.496040063781029,HB2,H,0.0,0.0,SATISFIED
4,56,8,HG#,9,HN,14,15,1,pseudoatom_group,1.78,5.68,3.0924377115796533,HG2,H,0.0,0.0,SATISFIED
4,58,9,HN,10,HN,15,16,1,direct_unambiguous,1.78,4.2,3.681995247145221,H,H,0.0,0.0,SATISFIED
4,59,9,HN,12,HB#,15,18,3,pseudoatom_group,1.78,6.41,4.669336248333373,H,HB3,0.0,0.0,SATISFIED
4,61,10,HN,10,HB2,16,16,0,legacy_stereospecific,1.78,4.12,2.5905659613296868,H,HB3,0.0,0.0,SATISFIED
4,62,10,HN,10,HB1,16,16,0,legacy_stereospecific,1.78,4.12,2.610900419395578,H,HB2,0.0,0.0,SATISFIED
4,63,10,HN,11,HN,16,17,1,direct_unambiguous,1.78,5.5,2.896121717055415,H,H,0.0,0.0,SATISFIED
4,64,10,HN,11,HB#,16,17,1,pseudoatom_group,1.78,6.88,5.285942962234838,H,HB3,0.0,0.0,SATISFIED
4,65,10,HN,11,HG#,16,17,1,pseudoatom_group,1.78,6.9,4.795849351261986,H,HG3,0.0,0.0,SATISFIED
4,66,10,HA,11,HN,16,17,1,direct_unambiguous,1.78,3.28,3.893109168775004,HA,H,0.6131091687750043,0.0,VIOLATED
4,67,10,HA,11,HB#,16,17,1,pseudoatom_group,1.78,5.67,6.17095300581685,HA,HB3,0.5009530058168501,0.0,VIOLATED
4,68,10,HA,11,HG#,16,17,1,pseudoatom_group,1.78,5.85,5.63932877211464,HA,HG3,0.0,0.0,SATISFIED
4,69,10,HA,13,HN,16,19,3,direct_unambiguous,1.78,4.7,3.931687678338655,HA,H,0.0,0.0,SATISFIED
4,70,10,HA,13,HB#,16,19,3,pseudoatom_group,1.78,6.9,2.9341612089317803,HA,HB1,0.0,0.0,SATISFIED
4,71,10,HB2,11,HN,16,17,1,legacy_stereospecific,1.78,4.59,2.889849304029538,HB3,H,0.0,0.0,SATISFIED
4,72,10,HB2,11,HG#,16,17,1,pseudoatom_group,1.78,6.9,3.4464792179846384,HB3,HG3,0.0,0.0,SATISFIED
4,73,10,HB2,13,HN,16,19,3,legacy_stereospecific,1.78,6.0,6.136616168541096,HB3,H,0.13661616854109582,0.0,VIOLATED
4,74,10,HB2,14,HB#,16,20,4,pseudoatom_group,1.78,6.9,5.745749211373571,HB3,HB3,0.0,0.0,SATISFIED
4,75,10,HB1,11,HN,16,17,1,legacy_stereospecific,1.78,4.59,4.26191154295816,HB2,H,0.0,0.0,SATISFIED
4,76,10,HB1,11,HG#,16,17,1,pseudoatom_group,1.78,6.9,5.362213535472082,HB2,HG3,0.0,0.0,SATISFIED
4,77,10,HB1,13,HN,16,19,3,legacy_stereospecific,1.78,6.0,6.147843931005404,HB2,H,0.14784393100540427,0.0,VIOLATED
4,78,10,HB1,14,HB#,16,20,4,pseudoatom_group,1.78,6.9,6.311011091734825,HB2,HB3,0.0,0.0,SATISFIED
4,79,10,HB#,14,HB#,16,20,4,pseudoatom_group,1.78,6.78,5.745749211373571,HB3,HB3,0.0,0.0,SATISFIED
4,81,11,HN,11,HB2,17,17,0,legacy_stereospecific,1.78,3.98,2.6107045026199347,H,HB3,0.0,0.0,SATISFIED
4,82,11,HN,11,HB1,17,17,0,legacy_stereospecific,1.78,3.98,3.591733843145953,H,HB2,0.0,0.0,SATISFIED
4,83,11,HN,11,HB#,17,17,0,pseudoatom_group,1.78,3.74,2.6107045026199347,H,HB3,0.0,0.0,SATISFIED
4,84,11,HN,11,HG#,17,17,0,pseudoatom_group,1.78,5.08,2.511568036108121,H,HG3,0.0,0.0,SATISFIED
4,85,11,HN,12,HN,17,18,1,direct_unambiguous,1.78,4.2,2.8458063883546254,H,H,0.0,0.0,SATISFIED
4,86,11,HN,12,HB#,17,18,1,pseudoatom_group,1.78,5.54,5.34838900978603,H,HB3,0.0,0.0,SATISFIED
4,87,11,HA,14,HN,17,20,3,direct_unambiguous,1.78,5.5,3.2495621243484467,HA,H,0.0,0.0,SATISFIED
4,88,11,HA,14,HB#,17,20,3,pseudoatom_group,1.78,6.9,2.7190432140736553,HA,HB2,0.0,0.0,SATISFIED
4,89,11,HA,15,HN,17,21,4,direct_unambiguous,1.78,5.5,4.060211447695797,HA,H,0.0,0.0,SATISFIED
4,90,11,HB2,12,HN,17,18,1,legacy_stereospecific,1.78,6.0,2.8683022853248925,HB3,H,0.0,0.0,SATISFIED
4,91,11,HB1,12,HN,17,18,1,legacy_stereospecific,1.78,6.0,3.9843998293343996,HB2,H,0.0,0.0,SATISFIED
4,92,11,HG#,12,HN,17,18,1,pseudoatom_group,1.78,6.9,4.984098313637082,HG3,H,0.0,0.0,SATISFIED
4,93,11,HG#,12,HA,17,18,1,pseudoatom_group,1.78,5.56,6.549656555881383,HG2,HA,0.9896565558813837,0.0,VIOLATED
4,94,11,HG#,12,HB#,17,18,1,pseudoatom_group,1.78,7.8,7.637939709110042,HG3,HB3,0.0,0.0,SATISFIED
4,96,12,HA,14,HN,18,20,2,direct_unambiguous,1.78,5.5,4.297545113201257,HA,H,0.0,0.0,SATISFIED
4,97,12,HA,15,HN,18,21,3,direct_unambiguous,1.78,4.7,3.369901037122605,HA,H,0.0,0.0,SATISFIED
4,98,12,HA,15,HB2,18,21,3,legacy_stereospecific,1.78,4.25,2.8673266294581787,HA,HB3,0.0,0.0,SATISFIED
4,99,12,HA,15,HB1,18,21,3,legacy_stereospecific,1.78,4.25,3.792238916524116,HA,HB2,0.0,0.0,SATISFIED
4,100,12,HA,16,HN,18,22,4,direct_unambiguous,1.78,4.72,3.9179019895857534,HA,H,0.0,0.0,SATISFIED
4,101,12,HB#,13,HB#,18,19,1,pseudoatom_group,1.78,7.93,4.627603483445832,HB3,HB1,0.0,0.0,SATISFIED
4,102,12,HB#,14,HN,18,20,2,pseudoatom_group,1.78,5.33,5.462175116196844,HB3,H,0.1321751161968443,0.0,VIOLATED
4,103,12,HB#,15,HB2,18,21,3,pseudoatom_group,1.78,6.9,4.622382394393609,HB2,HB3,0.0,0.0,SATISFIED
4,104,12,HB#,15,HB1,18,21,3,pseudoatom_group,1.78,6.9,6.016440891424097,HB2,HB2,0.0,0.0,SATISFIED
4,106,13,HN,14,HN,19,20,1,direct_unambiguous,1.78,4.2,3.2002182738057106,H,H,0.0,0.0,SATISFIED
4,107,13,HN,15,HN,19,21,2,direct_unambiguous,1.78,4.7,4.643089057944075,H,H,0.0,0.0,SATISFIED
4,108,13,HA,16,HN,19,22,3,direct_unambiguous,1.78,4.2,3.9161069954739487,HA,H,0.0,0.0,SATISFIED
4,109,13,HB#,14,HB#,19,20,1,pseudoatom_group,1.78,7.93,4.381077264783171,HB3,HB3,0.0,0.0,SATISFIED
4,110,13,HB#,14,HG#,19,20,1,pseudoatom_group,1.78,7.91,6.284442855178175,HB3,HG2,0.0,0.0,SATISFIED
4,112,14,HN,14,HG2,20,20,0,legacy_stereospecific,1.78,4.63,4.492032168184018,H,HG3,0.0,0.0,SATISFIED
4,113,14,HN,14,HG1,20,20,0,legacy_stereospecific,1.78,4.63,4.7949491133900475,H,HG2,0.16494911339004759,0.0,VIOLATED
4,114,14,HN,14,HG#,20,20,0,pseudoatom_group,1.78,4.33,4.492032168184018,H,HG3,0.16203216818401778,0.0,VIOLATED
4,115,14,HN,15,HN,20,21,1,direct_unambiguous,1.78,4.2,2.7106340586659794,H,H,0.0,0.0,SATISFIED
4,116,14,HN,15,HA,20,21,1,direct_unambiguous,1.78,5.5,5.157168021307819,H,HA,0.0,0.0,SATISFIED
4,117,14,HN,16,HN,20,22,2,direct_unambiguous,1.78,5.5,4.844755308578545,H,H,0.0,0.0,SATISFIED
4,118,14,HN,17,HN,20,23,3,direct_unambiguous,1.78,5.5,4.686601113813718,H,H,0.0,0.0,SATISFIED
4,119,14,HA,17,HN,20,23,3,direct_unambiguous,1.78,4.2,3.337824890553725,HA,H,0.0,0.0,SATISFIED
4,120,14,HG#,15,HN,20,21,1,pseudoatom_group,1.78,6.32,3.823104497656323,HG3,H,0.0,0.0,SATISFIED
4,122,15,HN,15,HG#,21,21,0,pseudoatom_group,1.78,4.92,4.463186977934042,H,HG2,0.0,0.0,SATISFIED
4,123,15,HN,16,HN,21,22,1,direct_unambiguous,1.78,5.5,3.204051341661053,H,H,0.0,0.0,SATISFIED
4,124,15,HN,17,HN,21,23,2,direct_unambiguous,1.78,4.4,4.291305745341384,H,H,0.0,0.0,SATISFIED
4,125,15,HN,18,HB#,21,24,3,pseudoatom_group,1.78,6.9,5.533684667561027,H,HB2,0.0,0.0,SATISFIED
4,126,15,HA,15,HE21,21,21,0,direct_unambiguous,1.78,4.61,3.730578909499167,HA,HE21,0.0,0.0,SATISFIED
4,127,15,HA,15,HE22,21,21,0,direct_unambiguous,1.78,4.89,4.50445090993342,HA,HE22,0.0,0.0,SATISFIED
4,128,15,HA,18,HN,21,24,3,direct_unambiguous,1.78,4.39,3.3181092507631513,HA,H,0.0,0.0,SATISFIED
4,129,15,HA,18,HB#,21,24,3,pseudoatom_group,1.78,4.66,2.91732942946113,HA,HB2,0.0,0.0,SATISFIED
4,130,15,HA,18,HD2,21,24,3,legacy_stereospecific,1.78,5.12,4.420012782786946,HA,HD3,0.0,0.0,SATISFIED
4,131,15,HA,18,HD1,21,24,3,legacy_stereospecific,1.78,5.12,2.6861383061934845,HA,HD2,0.0,0.0,SATISFIED
4,132,15,HA,18,HD#,21,24,3,pseudoatom_group,1.78,4.96,2.6861383061934845,HA,HD2,0.0,0.0,SATISFIED
4,133,15,HA,19,HN,21,25,4,direct_unambiguous,1.78,5.08,4.289109581253434,HA,H,0.0,0.0,SATISFIED
4,134,15,HB2,15,HE21,21,21,0,legacy_stereospecific,1.78,5.75,5.448826387397565,HB3,HE21,0.0,0.0,SATISFIED
4,135,15,HB1,15,HE21,21,21,0,legacy_stereospecific,1.78,5.75,4.835736448567063,HB2,HE21,0.0,0.0,SATISFIED
4,136,15,HB#,18,HG#,21,24,3,pseudoatom_group,1.78,7.78,6.306992706512353,HB2,HG3,0.0,0.0,SATISFIED
4,137,15,HB#,18,HD#,21,24,3,pseudoatom_group,1.78,7.75,4.600722877983415,HB2,HD2,0.0,0.0,SATISFIED
4,138,15,HG#,18,HN,21,24,3,pseudoatom_group,1.78,5.81,5.542849988949729,HG3,H,0.0,0.0,SATISFIED
4,139,15,HG#,18,HB#,21,24,3,pseudoatom_group,1.78,7.8,4.634544853596738,HG3,HB2,0.0,0.0,SATISFIED
4,140,15,HG#,18,HG#,21,24,3,pseudoatom_group,1.78,7.8,7.021770859263352,HG3,HG3,0.0,0.0,SATISFIED
4,141,15,HG#,19,HN,21,25,4,pseudoatom_group,1.78,6.47,4.303404930981978,HG3,H,0.0,0.0,SATISFIED
4,142,15,HE21,18,HB#,21,24,3,pseudoatom_group,1.78,5.03,2.8050675571187242,HE21,HB2,0.0,0.0,SATISFIED
4,143,15,HE21,19,HB#,21,25,4,pseudoatom_group,1.78,6.78,5.810093028515121,HE21,HB2,0.0,0.0,SATISFIED
4,144,15,HE22,18,HB#,21,24,3,pseudoatom_group,1.78,5.94,4.284671399302403,HE22,HB2,0.0,0.0,SATISFIED
4,145,15,HE22,18,HD#,21,24,3,pseudoatom_group,1.78,6.54,4.9861465080761525,HE22,HD2,0.0,0.0,SATISFIED
4,147,16,HN,17,HN,22,23,1,direct_unambiguous,1.78,3.38,3.5607496401741017,H,H,0.18074964017410178,0.0,VIOLATED
4,148,16,HN,19,HN,22,25,3,direct_unambiguous,1.78,5.5,4.500281880060404,H,H,0.0,0.0,SATISFIED
4,149,16,HA,19,HN,22,25,3,direct_unambiguous,1.78,4.01,3.125906108634743,HA,H,0.0,0.0,SATISFIED
4,150,16,HA,19,HB#,22,25,3,pseudoatom_group,1.78,4.6,2.5697443452608284,HA,HB3,0.0,0.0,SATISFIED
4,152,17,HA,19,HN,23,25,2,direct_unambiguous,1.78,4.7,4.757132854987341,HA,H,0.057132854987340664,0.0,VIOLATED
4,154,18,HN,18,HG#,24,24,0,pseudoatom_group,1.78,6.9,2.4930992760016597,H,HG3,0.0,0.0,SATISFIED
4,155,18,HN,18,HD2,24,24,0,legacy_stereospecific,1.78,6.0,4.787992898908686,H,HD3,0.0,0.0,SATISFIED
4,156,18,HN,18,HD1,24,24,0,legacy_stereospecific,1.78,6.0,3.982116773777486,H,HD2,0.0,0.0,SATISFIED
4,157,18,HN,19,HN,24,25,1,direct_unambiguous,1.78,3.52,2.972450840636394,H,H,0.0,0.0,SATISFIED
4,158,18,HN,19,HA,24,25,1,direct_unambiguous,1.78,5.09,5.473556978784455,H,HA,0.3835569787844548,0.0,VIOLATED
4,159,18,HN,19,HB#,24,25,1,pseudoatom_group,1.78,6.03,5.373298893603446,H,HB3,0.0,0.0,SATISFIED
4,160,18,HN,20,HN,24,26,2,direct_unambiguous,1.78,5.5,4.889402928783841,H,H,0.0,0.0,SATISFIED
4,161,18,HA,18,HD2,24,24,0,legacy_stereospecific,1.78,6.0,4.377588948268213,HA,HD3,0.0,0.0,SATISFIED
4,162,18,HA,18,HD1,24,24,0,legacy_stereospecific,1.78,6.0,4.787444098890348,HA,HD2,0.0,0.0,SATISFIED
4,163,18,HA,20,HN,24,26,2,direct_unambiguous,1.78,4.7,5.301523931852048,HA,H,0.6015239318520482,0.0,VIOLATED
4,164,18,HA,21,HN,24,27,3,direct_unambiguous,1.78,4.2,3.282098566466279,HA,H,0.0,0.0,SATISFIED
4,165,18,HA,22,HN,24,28,4,direct_unambiguous,1.78,4.7,4.22137110427406,HA,H,0.0,0.0,SATISFIED
4,166,18,HB#,18,HE#,24,24,0,pseudoatom_group,1.78,7.8,4.402971496614532,HB3,HE3,0.0,0.0,SATISFIED
4,167,18,HB#,19,HN,24,25,1,pseudoatom_group,1.78,4.93,2.7159952135451197,HB2,H,0.0,0.0,SATISFIED
4,168,18,HB#,19,HA,24,25,1,pseudoatom_group,1.78,5.83,4.308719763456427,HB2,HA,0.0,0.0,SATISFIED
4,169,18,HB#,19,HB2,24,25,1,pseudoatom_group,1.78,7.11,5.2635686563395385,HB2,HB3,0.0,0.0,SATISFIED
4,170,18,HB#,19,HB1,24,25,1,pseudoatom_group,1.78,7.11,5.699563579783983,HB2,HB2,0.0,0.0,SATISFIED
4,171,18,HB#,19,HB#,24,25,1,pseudoatom_group,1.78,6.73,5.2635686563395385,HB2,HB3,0.0,0.0,SATISFIED
4,172,18,HB#,20,HN,24,26,2,pseudoatom_group,1.78,5.39,5.539746293829709,HB2,H,0.1497462938297094,0.0,VIOLATED
4,173,18,HB#,22,HD22,24,28,4,pseudoatom_group,1.78,6.39,3.1624503158152533,HB3,HD22,0.0,0.0,SATISFIED
4,174,18,HG#,19,HN,24,25,1,pseudoatom_group,1.78,4.99,4.9666141384246885,HG3,H,0.0,0.0,SATISFIED
4,175,18,HD2,19,HN,24,25,1,legacy_stereospecific,1.78,6.18,5.804111990649388,HD3,H,0.0,0.0,SATISFIED
4,176,18,HD1,19,HN,24,25,1,legacy_stereospecific,1.78,6.18,5.200728602801728,HD2,H,0.0,0.0,SATISFIED
4,177,18,HD#,19,HN,24,25,1,pseudoatom_group,1.78,5.85,5.200728602801728,HD2,H,0.0,0.0,SATISFIED
4,178,18,HD#,22,HD22,24,28,4,pseudoatom_group,1.78,6.76,4.972926804206956,HD3,HD22,0.0,0.0,SATISFIED
4,180,19,HN,20,HN,25,26,1,direct_unambiguous,1.78,3.58,3.0059256477830587,H,H,0.0,0.0,SATISFIED
4,181,19,HN,21,HN,25,27,2,direct_unambiguous,1.78,4.45,4.372849185599705,H,H,0.0,0.0,SATISFIED
4,182,19,HN,22,HB#,25,28,3,pseudoatom_group,1.78,5.63,5.46194406782054,H,HB2,0.0,0.0,SATISFIED
4,183,19,HN,22,HD21,25,28,3,direct_unambiguous,1.78,4.79,6.5545156190217435,H,HD21,1.7645156190217435,0.0,VIOLATED
4,184,19,HA,21,HN,25,27,2,direct_unambiguous,1.78,4.9,4.551046692794967,HA,H,0.0,0.0,SATISFIED
4,185,19,HA,22,HN,25,28,3,direct_unambiguous,1.78,4.38,3.2679772031028613,HA,H,0.0,0.0,SATISFIED
4,186,19,HA,22,HB#,25,28,3,pseudoatom_group,1.78,4.61,2.765137428772755,HA,HB2,0.0,0.0,SATISFIED
4,187,19,HA,22,HD21,25,28,3,direct_unambiguous,1.78,4.98,4.557215487553776,HA,HD21,0.0,0.0,SATISFIED
4,188,19,HA,22,HD22,25,28,3,direct_unambiguous,1.78,5.82,3.1285525407127177,HA,HD22,0.0,0.0,SATISFIED
4,189,19,HA,23,HN,25,29,4,direct_unambiguous,1.78,4.7,3.9807578424214656,HA,H,0.0,0.0,SATISFIED
4,190,19,HB#,21,HN,25,27,2,pseudoatom_group,1.78,6.11,5.5994750646824025,HB3,H,0.0,0.0,SATISFIED
4,192,20,HN,21,HN,26,27,1,direct_unambiguous,1.78,4.2,3.476742584661683,H,H,0.0,0.0,SATISFIED
4,193,20,HN,21,HB#,26,27,1,pseudoatom_group,1.78,6.9,5.877500404083356,H,HB3,0.0,0.0,SATISFIED
4,194,20,HN,21,HG#,26,27,1,pseudoatom_group,1.78,5.83,5.415647237403856,H,HG3,0.0,0.0,SATISFIED
4,195,20,HN,22,HN,26,28,2,direct_unambiguous,1.78,4.2,4.469284730244875,H,H,0.2692847302448751,0.0,VIOLATED
4,196,20,HN,22,HB#,26,28,2,pseudoatom_group,1.78,6.18,5.668710611770546,H,HB2,0.0,0.0,SATISFIED
4,197,20,HN,23,HN,26,29,3,direct_unambiguous,1.78,5.5,5.4125844104272405,H,H,0.0,0.0,SATISFIED
4,199,21,HN,21,HG2,27,27,0,legacy_stereospecific,1.78,4.53,2.284061295149498,H,HG3,0.0,0.0,SATISFIED
4,200,21,HN,21,HG1,27,27,0,legacy_stereospecific,1.78,4.53,3.973434031162465,H,HG2,0.0,0.0,SATISFIED
4,201,21,HN,21,HG#,27,27,0,pseudoatom_group,1.78,4.28,2.284061295149498,H,HG3,0.0,0.0,SATISFIED
4,202,21,HN,22,HN,27,28,1,direct_unambiguous,1.78,3.27,2.7688627629407714,H,H,0.0,0.0,SATISFIED
4,203,21,HN,22,HA,27,28,1,direct_unambiguous,1.78,5.5,5.434361140005327,H,HA,0.0,0.0,SATISFIED
4,204,21,HN,22,HB#,27,28,1,pseudoatom_group,1.78,6.14,5.2245086850344125,H,HB2,0.0,0.0,SATISFIED
4,205,21,HN,23,HN,27,29,2,direct_unambiguous,1.78,4.7,5.255541170992764,H,H,0.5555411709927638,0.0,VIOLATED
4,206,21,HA,24,HN,27,30,3,direct_unambiguous,1.78,4.2,3.9312218202487643,HA,H,0.0,0.0,SATISFIED
4,207,21,HA,24,HB#,27,30,3,pseudoatom_group,1.78,5.72,2.5107188213736724,HA,HB3,0.0,0.0,SATISFIED
4,208,21,HB#,22,HB#,27,28,1,pseudoatom_group,1.78,6.87,5.384043369067527,HB3,HB2,0.0,0.0,SATISFIED
4,209,21,HG#,22,HN,27,28,1,pseudoatom_group,1.78,5.51,4.462806852195153,HG3,H,0.0,0.0,SATISFIED
4,211,22,HN,22,HD21,28,28,0,direct_unambiguous,1.78,4.96,4.8711856872839485,H,HD21,0.0,0.0,SATISFIED
4,212,22,HN,22,HD22,28,28,0,direct_unambiguous,1.78,6.15,4.072040029272796,H,HD22,0.0,0.0,SATISFIED
4,213,22,HN,23,HN,28,29,1,direct_unambiguous,1.78,3.7,3.066403430731188,H,H,0.0,0.0,SATISFIED
4,214,22,HN,24,HN,28,30,2,direct_unambiguous,1.78,4.7,4.697419078600503,H,H,0.0,0.0,SATISFIED
4,215,22,HN,25,HN,28,31,3,direct_unambiguous,1.78,5.5,4.745856508576718,H,H,0.0,0.0,SATISFIED
4,216,22,HN,25,HB#,28,31,3,pseudoatom_group,1.78,5.58,5.84252659386331,H,HB3,0.2625265938633099,0.0,VIOLATED
4,217,22,HN,25,HG#,28,31,3,pseudoatom_group,1.78,6.9,5.7215603640964945,H,HG2,0.0,0.0,SATISFIED
4,218,22,HA,22,HD21,28,28,0,direct_unambiguous,1.78,5.67,4.604982518967907,HA,HD21,0.0,0.0,SATISFIED
4,219,22,HA,24,HN,28,30,2,direct_unambiguous,1.78,5.27,5.360633917737715,HA,H,0.09063391773771556,0.0,VIOLATED
4,220,22,HA,25,HN,28,31,3,direct_unambiguous,1.78,4.69,3.212454824585087,HA,H,0.0,0.0,SATISFIED
4,221,22,HA,25,HB#,28,31,3,pseudoatom_group,1.78,4.79,2.9710811163615185,HA,HB3,0.0,0.0,SATISFIED
4,222,22,HA,25,HG#,28,31,3,pseudoatom_group,1.78,5.68,3.8753839809753052,HA,HG2,0.0,0.0,SATISFIED
4,223,22,HA,25,HD2,28,31,3,legacy_stereospecific,1.78,5.53,2.688370510178981,HA,HD3,0.0,0.0,SATISFIED
4,224,22,HA,25,HD1,28,31,3,legacy_stereospecific,1.78,5.53,4.430712245226496,HA,HD2,0.0,0.0,SATISFIED
4,225,22,HA,25,HD#,28,31,3,pseudoatom_group,1.78,5.31,2.688370510178981,HA,HD3,0.0,0.0,SATISFIED
4,226,22,HA,26,HN,28,32,4,direct_unambiguous,1.78,4.7,4.137166421598241,HA,H,0.0,0.0,SATISFIED
4,227,22,HB#,23,HA,28,29,1,pseudoatom_group,1.78,5.72,4.3875235611902985,HB3,HA,0.0,0.0,SATISFIED
4,228,22,HB#,25,HN,28,31,3,pseudoatom_group,1.78,6.28,5.106486952886495,HB3,H,0.0,0.0,SATISFIED
4,229,22,HB#,25,HB#,28,31,3,pseudoatom_group,1.78,6.58,4.578700470657587,HB3,HB3,0.0,0.0,SATISFIED
4,230,22,HB#,25,HG#,28,31,3,pseudoatom_group,1.78,6.48,6.319938132608578,HB3,HG2,0.0,0.0,SATISFIED
4,231,22,HB#,25,HD#,28,31,3,pseudoatom_group,1.78,8.12,4.777542150520496,HB3,HD3,0.0,0.0,SATISFIED
4,233,23,HN,24,HN,29,30,1,direct_unambiguous,1.78,4.7,3.94921941654297,H,H,0.0,0.0,SATISFIED
4,234,23,HN,24,HA,29,30,1,direct_unambiguous,1.78,5.5,5.988408219218192,H,HA,0.4884082192181918,0.0,VIOLATED
4,235,23,HN,25,HN,29,31,2,direct_unambiguous,1.78,4.7,4.560704331569851,H,H,0.0,0.0,SATISFIED
4,236,23,HN,25,HB#,29,31,2,pseudoatom_group,1.78,7.03,5.63291620743643,H,HB3,0.0,0.0,SATISFIED
4,237,23,HN,26,HB#,29,32,3,pseudoatom_group,1.78,7.03,4.7541162165012345,H,HB3,0.0,0.0,SATISFIED
4,238,23,HA,26,HN,29,32,3,direct_unambiguous,1.78,4.7,3.1867654447731173,HA,H,0.0,0.0,SATISFIED
4,239,23,HA,26,HB#,29,32,3,pseudoatom_group,1.78,6.9,2.587430578778879,HA,HB3,0.0,0.0,SATISFIED
4,241,24,HN,25,HN,30,31,1,direct_unambiguous,1.78,4.7,3.5510085891194345,H,H,0.0,0.0,SATISFIED
4,242,24,HA,25,HB#,30,31,1,pseudoatom_group,1.78,5.93,6.301913201560301,HA,HB3,0.37191320156030105,0.0,VIOLATED
4,243,24,HA,26,HN,30,32,2,direct_unambiguous,1.78,4.77,4.648559024041751,HA,H,0.0,0.0,SATISFIED
4,244,24,HA,26,HG#,30,32,2,pseudoatom_group,1.78,6.96,6.848296284478352,HA,HG2,0.0,0.0,SATISFIED
4,245,24,HA,27,HN,30,33,3,direct_unambiguous,1.78,4.7,3.2139136578321446,HA,H,0.0,0.0,SATISFIED
4,246,24,HA,27,HB#,30,33,3,pseudoatom_group,1.78,6.9,2.7613056694252442,HA,HB2,0.0,0.0,SATISFIED
4,247,24,HB#,25,HB#,30,31,1,pseudoatom_group,1.78,7.8,5.474382613592149,HB3,HB3,0.0,0.0,SATISFIED
4,248,24,HB#,27,HN,30,33,3,pseudoatom_group,1.78,6.9,5.518237943401862,HB3,H,0.0,0.0,SATISFIED
4,250,25,HN,25,HG#,31,31,0,pseudoatom_group,1.78,6.9,2.674548746985181,H,HG2,0.0,0.0,SATISFIED
4,251,25,HN,25,HD2,31,31,0,legacy_stereospecific,1.78,4.76,3.9480367272861083,H,HD3,0.0,0.0,SATISFIED
4,252,25,HN,25,HD1,31,31,0,legacy_stereospecific,1.78,4.76,4.7935662089930515,H,HD2,0.03356620899305174,0.0,VIOLATED
4,253,25,HN,25,HD#,31,31,0,pseudoatom_group,1.78,4.36,3.9480367272861083,H,HD3,0.0,0.0,SATISFIED
4,254,25,HN,26,HN,31,32,1,direct_unambiguous,1.78,4.2,2.6797470029836776,H,H,0.0,0.0,SATISFIED
4,255,25,HA,28,HB#,31,34,3,pseudoatom_group,1.78,6.9,2.7183531779369656,HA,HB2,0.0,0.0,SATISFIED
4,256,25,HB#,26,HN,31,32,1,pseudoatom_group,1.78,4.95,2.8576712547107306,HB3,H,0.0,0.0,SATISFIED
4,257,25,HB#,26,HA,31,32,1,pseudoatom_group,1.78,6.9,4.3706745474812,HB2,HA,0.0,0.0,SATISFIED
4,259,26,HN,26,HG#,32,32,0,pseudoatom_group,1.78,5.22,2.2773218920477634,H,HG2,0.0,0.0,SATISFIED
4,260,26,HN,27,HN,32,33,1,direct_unambiguous,1.78,4.2,2.8445699147674333,H,H,0.0,0.0,SATISFIED
4,261,26,HN,28,HN,32,34,2,direct_unambiguous,1.78,5.5,4.280458503478336,H,H,0.0,0.0,SATISFIED
4,262,26,HA,29,HN,32,35,3,direct_unambiguous,1.78,4.7,3.192832128377563,HA,H,0.0,0.0,SATISFIED
4,264,27,HN,28,HN,33,34,1,direct_unambiguous,1.78,4.2,2.6282589294055483,H,H,0.0,0.0,SATISFIED
4,265,27,HA,30,HN,33,36,3,direct_unambiguous,1.78,4.7,3.855139167397205,HA,H,0.0,0.0,SATISFIED
4,267,28,HN,28,HG2,34,34,0,legacy_stereospecific,1.78,6.0,3.9636832618159596,H,HG3,0.0,0.0,SATISFIED
4,268,28,HN,28,HG1,34,34,0,legacy_stereospecific,1.78,6.0,2.8676865240119955,H,HG2,0.0,0.0,SATISFIED
4,269,28,HA,31,HN,34,37,3,direct_unambiguous,1.78,4.7,3.6437214492878014,HA,H,0.0,0.0,SATISFIED
4,270,28,HG#,29,HN,34,35,1,pseudoatom_group,1.78,6.88,5.130152141993451,HG2,H,0.0,0.0,SATISFIED
4,272,29,HN,29,HG#,35,35,0,pseudoatom_group,1.78,6.9,4.529326881557568,H,HG3,0.0,0.0,SATISFIED
4,273,29,HN,30,HN,35,36,1,direct_unambiguous,1.78,4.7,2.8808731315349534,H,H,0.0,0.0,SATISFIED
4,274,29,HN,31,HN,35,37,2,direct_unambiguous,1.78,4.7,4.235691442964183,H,H,0.0,0.0,SATISFIED
4,275,29,HN,32,HB#,35,38,3,pseudoatom_group,1.78,6.9,5.647958746308264,H,HB2,0.0,0.0,SATISFIED
4,276,29,HA,32,HN,35,38,3,direct_unambiguous,1.78,4.2,3.2967423314538853,HA,H,0.0,0.0,SATISFIED
4,277,29,HA,32,HB#,35,38,3,pseudoatom_group,1.78,6.9,2.976598226163552,HA,HB2,0.0,0.0,SATISFIED
4,278,29,HA,32,HG#,35,38,3,pseudoatom_group,1.78,6.9,3.825148493849617,HA,HG3,0.0,0.0,SATISFIED
4,279,29,HA,33,HN,35,39,4,direct_unambiguous,1.78,5.5,4.275496345455109,HA,H,0.0,0.0,SATISFIED
4,280,29,HB#,32,HG#,35,38,3,pseudoatom_group,1.78,7.8,6.223317925351394,HB3,HG3,0.0,0.0,SATISFIED
4,282,30,HN,31,HN,36,37,1,direct_unambiguous,1.78,3.32,3.463078976864375,H,H,0.1430789768643752,0.0,VIOLATED
4,283,30,HN,32,HN,36,38,2,direct_unambiguous,1.78,4.7,4.640627867002482,H,H,0.0,0.0,SATISFIED
4,285,31,HN,32,HN,37,38,1,direct_unambiguous,1.78,4.2,3.1366840771744924,H,H,0.0,0.0,SATISFIED
4,286,31,HN,33,HN,37,39,2,direct_unambiguous,1.78,5.5,4.501405780420157,H,H,0.0,0.0,SATISFIED
4,287,31,HA,36,HD21,37,42,5,direct_unambiguous,1.78,5.01,9.966922945423025,HA,HD21,4.956922945423026,0.0,VIOLATED
4,289,32,HN,32,HG#,38,38,0,pseudoatom_group,1.78,5.44,2.5565639049317737,H,HG3,0.0,0.0,SATISFIED
4,290,32,HN,32,HD#,38,38,0,pseudoatom_group,1.78,6.01,4.044615432893467,H,HD3,0.0,0.0,SATISFIED
4,291,32,HN,33,HN,38,39,1,direct_unambiguous,1.78,3.37,2.7279034073808406,H,H,0.0,0.0,SATISFIED
4,292,32,HA,34,HN,38,40,2,direct_unambiguous,1.78,4.7,4.640988795504682,HA,H,0.0,0.0,SATISFIED
4,293,32,HA,35,HN,38,41,3,direct_unambiguous,1.78,4.7,3.461082634090091,HA,H,0.0,0.0,SATISFIED
4,294,32,HA,35,HG1#,38,41,3,pseudoatom_group,1.78,7.12,4.651944324688333,HA,HG13,0.0,0.0,SATISFIED
4,295,32,HA,35,HG2#,38,41,3,pseudoatom_group,1.78,7.12,3.2213470784750933,HA,HG22,0.0,0.0,SATISFIED
4,296,32,HA,35,HG#,38,41,3,pseudoatom_group,1.78,6.67,3.2213470784750933,HA,HG22,0.0,0.0,SATISFIED
4,297,32,HB#,32,HE#,38,38,0,pseudoatom_group,1.78,7.8,4.443789036396756,HB3,HE3,0.0,0.0,SATISFIED
4,298,32,HB#,33,HN,38,39,1,pseudoatom_group,1.78,4.78,2.6791942818690844,HB2,H,0.0,0.0,SATISFIED
4,300,33,HN,33,HB2,39,39,0,legacy_stereospecific,1.78,4.01,2.529784971099325,H,HB3,0.0,0.0,SATISFIED
4,301,33,HN,33,HB1,39,39,0,legacy_stereospecific,1.78,4.01,3.6276298047071993,H,HB2,0.0,0.0,SATISFIED
4,302,33,HN,33,HB#,39,39,0,pseudoatom_group,1.78,3.86,2.529784971099325,H,HB3,0.0,0.0,SATISFIED
4,303,33,HN,33,HG2,39,39,0,legacy_stereospecific,1.78,4.51,3.748014674464337,H,HG3,0.0,0.0,SATISFIED
4,304,33,HN,33,HG1,39,39,0,legacy_stereospecific,1.78,4.51,2.5528111955254364,H,HG2,0.0,0.0,SATISFIED
4,305,33,HN,33,HG#,39,39,0,pseudoatom_group,1.78,4.33,2.5528111955254364,H,HG2,0.0,0.0,SATISFIED
4,306,33,HB2,34,HN,39,40,1,legacy_stereospecific,1.78,4.36,2.85588305082684,HB3,H,0.0,0.0,SATISFIED
4,307,33,HB1,34,HN,39,40,1,legacy_stereospecific,1.78,4.36,3.8423854569785143,HB2,H,0.0,0.0,SATISFIED
4,308,33,HB#,34,HN,39,40,1,pseudoatom_group,1.78,4.21,2.85588305082684,HB3,H,0.0,0.0,SATISFIED
4,309,33,HG2,34,HN,39,40,1,legacy_stereospecific,1.78,5.69,5.334812274110496,HG3,H,0.0,0.0,SATISFIED
4,310,33,HG1,34,HN,39,40,1,legacy_stereospecific,1.78,5.69,4.919760258386582,HG2,H,0.0,0.0,SATISFIED
4,311,33,HG#,34,HN,39,40,1,pseudoatom_group,1.78,5.41,4.919760258386582,HG2,H,0.0,0.0,SATISFIED
4,313,34,HN,35,HN,40,41,1,direct_unambiguous,1.78,3.72,2.9294975678433324,H,H,0.0,0.0,SATISFIED
4,314,34,HN,35,HG1#,40,41,1,pseudoatom_group,1.78,7.89,7.269110193139185,H,HG13,0.0,0.0,SATISFIED
4,315,34,HN,35,HG2#,40,41,1,pseudoatom_group,1.78,7.89,4.851034528840216,H,HG23,0.0,0.0,SATISFIED
4,316,34,HN,35,HG#,40,41,1,pseudoatom_group,1.78,7.59,4.851034528840216,H,HG23,0.0,0.0,SATISFIED
4,317,34,HN,36,HN,40,42,2,direct_unambiguous,1.78,4.7,4.41471879059131,H,H,0.0,0.0,SATISFIED
4,318,34,HA,35,HG1#,40,41,1,pseudoatom_group,1.78,7.8,7.294960109555091,HA,HG11,0.0,0.0,SATISFIED
4,319,34,HA,35,HG2#,40,41,1,pseudoatom_group,1.78,7.8,5.649994336280348,HA,HG23,0.0,0.0,SATISFIED
4,320,34,HA,35,HG#,40,41,1,pseudoatom_group,1.78,7.28,5.649994336280348,HA,HG23,0.0,0.0,SATISFIED
4,321,34,HA,37,HB#,40,43,3,pseudoatom_group,1.78,6.9,2.9718282251839505,HA,HB2,0.0,0.0,SATISFIED
4,322,34,HA,37,HG,40,43,3,direct_unambiguous,1.78,6.0,3.6561348443403987,HA,HG,0.0,0.0,SATISFIED
4,323,34,HA,37,HD#,40,43,3,pseudoatom_group,1.78,7.8,2.162286058781309,HA,HD11,0.0,0.0,SATISFIED
4,325,35,HN,35,HB,41,41,0,direct_unambiguous,1.78,4.02,2.4988463338108655,H,HB,0.0,0.0,SATISFIED
4,326,35,HN,36,HN,41,42,1,direct_unambiguous,1.78,3.39,2.9935220059321415,H,H,0.0,0.0,SATISFIED
4,327,35,HB,36,HN,41,42,1,direct_unambiguous,1.78,6.0,3.0232795107300285,HB,H,0.0,0.0,SATISFIED
4,328,35,HG1#,36,HN,41,42,1,pseudoatom_group,1.78,6.85,4.188745516261401,HG13,H,0.0,0.0,SATISFIED
4,329,35,HG1#,36,HA,41,42,1,pseudoatom_group,1.78,7.8,3.9910820587905746,HG11,HA,0.0,0.0,SATISFIED
4,330,35,HG2#,36,HN,41,42,1,pseudoatom_group,1.78,6.85,5.016416051325886,HG22,H,0.0,0.0,SATISFIED
4,331,35,HG2#,36,HA,41,42,1,pseudoatom_group,1.78,7.8,6.6600472220548115,HG22,HA,0.0,0.0,SATISFIED
4,332,35,HG#,36,HN,41,42,1,pseudoatom_group,1.78,6.56,4.188745516261401,HG13,H,0.0,0.0,SATISFIED
4,333,35,HG#,36,HA,41,42,1,pseudoatom_group,1.78,7.45,3.9910820587905746,HG11,HA,0.0,0.0,SATISFIED
4,335,36,HN,36,HD21,42,42,0,direct_unambiguous,1.78,5.5,4.591291866130927,H,HD21,0.0,0.0,SATISFIED
4,336,36,HN,36,HD22,42,42,0,direct_unambiguous,1.78,6.0,3.6987551960085185,H,HD22,0.0,0.0,SATISFIED
4,337,36,HN,37,HN,42,43,1,direct_unambiguous,1.78,4.7,2.763529627125427,H,H,0.0,0.0,SATISFIED
4,338,36,HA,37,HB#,42,43,1,pseudoatom_group,1.78,6.38,5.859256266797008,HA,HB2,0.0,0.0,SATISFIED
4,339,36,HA,38,HN,42,44,2,direct_unambiguous,1.78,4.7,5.848030352178418,HA,H,1.1480303521784174,0.0,VIOLATED
4,340,36,HB2,37,HN,42,43,1,legacy_stereospecific,1.78,5.83,4.293750807860188,HB3,H,0.0,0.0,SATISFIED
4,341,36,HB1,37,HN,42,43,1,legacy_stereospecific,1.78,5.83,3.833343579696451,HB2,H,0.0,0.0,SATISFIED
4,342,36,HD21,37,HN,42,43,1,direct_unambiguous,1.78,5.5,6.758648163649297,HD21,H,1.2586481636492968,0.0,VIOLATED
4,343,36,HD22,37,HD#,42,43,1,pseudoatom_group,1.78,8.7,7.637714383243201,HD22,HD21,0.0,0.0,SATISFIED
4,344,36,OD1,38,HN,42,44,2,direct_unambiguous,1.78,2.4,8.205604243442403,OD1,H,5.805604243442403,0.0,VIOLATED
4,346,37,HN,37,HD1#,43,43,0,pseudoatom_group,1.78,8.49,3.9518275519055748,H,HD11,0.0,0.0,SATISFIED
4,347,37,HN,37,HD2#,43,43,0,pseudoatom_group,1.78,8.49,4.580956450349643,H,HD23,0.0,0.0,SATISFIED
4,348,37,HN,37,HD#,43,43,0,pseudoatom_group,1.78,7.99,3.9518275519055748,H,HD11,0.0,0.0,SATISFIED
4,349,37,HN,38,HN,43,44,1,direct_unambiguous,1.78,4.2,4.774365507583184,H,H,0.5743655075831837,0.0,VIOLATED
4,350,37,HA,37,HD1#,43,43,0,pseudoatom_group,1.78,7.39,4.709683959672878,HA,HD13,0.0,0.0,SATISFIED
4,351,37,HA,37,HD2#,43,43,0,pseudoatom_group,1.78,7.39,2.24249191748822,HA,HD23,0.0,0.0,SATISFIED
4,352,37,HA,38,HN,43,44,1,direct_unambiguous,1.78,3.43,2.257483997728447,HA,H,0.0,0.0,SATISFIED
4,353,37,HD1#,38,HN,43,44,1,pseudoatom_group,1.78,8.52,5.781935056708959,HD13,H,0.0,0.0,SATISFIED
4,354,37,HD2#,38,HN,43,44,1,pseudoatom_group,1.78,8.52,3.6189874274443135,HD23,H,0.0,0.0,SATISFIED
4,355,37,HD#,38,HN,43,44,1,pseudoatom_group,1.78,8.13,3.6189874274443135,HD23,H,0.0,0.0,SATISFIED
4,357,38,HN,38,HG#,44,44,0,pseudoatom_group,1.78,6.9,2.5521336171916995,H,HG2,0.0,0.0,SATISFIED
4,358,38,HN,38,HD#,44,44,0,pseudoatom_group,1.78,6.9,4.061219644392554,H,HD2,0.0,0.0,SATISFIED
4,359,38,HA,38,HD#,44,44,0,pseudoatom_group,1.78,6.9,4.426145501449314,HA,HD3,0.0,0.0,SATISFIED
4,360,38,HB#,38,HE#,44,44,0,pseudoatom_group,1.78,7.78,4.347837278463857,HB2,HE3,0.0,0.0,SATISFIED
