                      :-) GROMACS - gmx mdrun, 2019.1 (-:

                            GROMACS is written by:
     Emile Apol      Rossen Apostolov      Paul Bauer     Herman J.C. Berendsen
    Par Bjelkmar      Christian Blau   Viacheslav Bolnykh     Kevin Boyd    
 Aldert van Buuren   Rudi van Drunen     Anton Feenstra       Alan Gray     
  Gerrit Groenhof     Anca Hamuraru    Vincent Hindriksen  M. Eric Irrgang  
  Aleksei Iupinov   Christoph Junghans     Joe Jordan     Dimitrios Karkoulis
    Peter Kasson        Jiri Kraus      Carsten Kutzner      Per Larsson    
  Justin A. Lemkul    Viveca Lindahl    Magnus Lundborg     Erik Marklund   
    Pascal Merz     Pieter Meulenhoff    Teemu Murtola       Szilard Pall   
    Sander Pronk      Roland Schulz      Michael Shirts    Alexey Shvetsov  
   Alfons Sijbers     Peter Tieleman      Jon Vincent      Teemu Virolainen 
 Christian Wennberg    Maarten Wolf   
                           and the project leaders:
        Mark Abraham, Berk Hess, Erik Lindahl, and David van der Spoel

Copyright (c) 1991-2000, University of Groningen, The Netherlands.
Copyright (c) 2001-2018, The GROMACS development team at
Uppsala University, Stockholm University and
the Royal Institute of Technology, Sweden.
check out http://www.gromacs.org for more information.

GROMACS is free software; you can redistribute it and/or modify it
under the terms of the GNU Lesser General Public License
as published by the Free Software Foundation; either version 2.1
of the License, or (at your option) any later version.

GROMACS:      gmx mdrun, version 2019.1
Executable:   /programs/x86_64-linux/gromacs/2019.1/bin//gmx
Data prefix:  /programs/x86_64-linux/gromacs/2019.1
Working dir:  /home/dalal/Desktop/2OAY/74
Process ID:   18935
Command line:
  gmx mdrun -deffnm npt

GROMACS version:    2019.1
Precision:          single
Memory model:       64 bit
MPI library:        thread_mpi
OpenMP support:     enabled (GMX_OPENMP_MAX_THREADS = 64)
GPU support:        disabled
SIMD instructions:  SSE2
FFT library:        fftw-3.3.8-sse2
RDTSCP usage:       disabled
TNG support:        enabled
Hwloc support:      disabled
Tracing support:    disabled
C compiler:         /nfs/build/x86_64-linux/spack/0.12.1/lib/spack/env/gcc/gcc GNU 4.9.2
C compiler flags:    -msse2     -O2 -g -DNDEBUG -funroll-all-loops -fexcess-precision=fast  
C++ compiler:       /nfs/build/x86_64-linux/spack/0.12.1/lib/spack/env/gcc/g++ GNU 4.9.2
C++ compiler flags:  -msse2    -std=c++11   -O2 -g -DNDEBUG -funroll-all-loops -fexcess-precision=fast  


Running on 1 node with total 16 cores, 32 logical cores
Hardware detected:
  CPU info:
    Vendor: Intel
    Brand:  Intel(R) Xeon(R) CPU E5-2687W 0 @ 3.10GHz
    Family: 6   Model: 45   Stepping: 7
    Features: aes apic avx clfsh cmov cx8 cx16 htt intel lahf mmx msr nonstop_tsc pcid pclmuldq pdcm pdpe1gb popcnt pse rdtscp sse2 sse3 sse4.1 sse4.2 ssse3 tdt x2apic
  Hardware topology: Basic
    Sockets, cores, and logical processors:
      Socket  0: [   0  16] [   1  17] [   2  18] [   3  19] [   4  20] [   5  21] [   6  22] [   7  23]
      Socket  1: [   8  24] [   9  25] [  10  26] [  11  27] [  12  28] [  13  29] [  14  30] [  15  31]

Highest SIMD level requested by all nodes in run: AVX_256
SIMD instructions selected at compile time:       SSE2
This program was compiled for different hardware than you are running on,
which could influence performance.
The current CPU can measure timings more accurately than the code in
gmx mdrun was configured to use. This might affect your simulation
speed as accurate timings are needed for load-balancing.
Please consider rebuilding gmx mdrun with the GMX_USE_RDTSCP=ON CMake option.

++++ PLEASE READ AND CITE THE FOLLOWING REFERENCE ++++
M. J. Abraham, T. Murtola, R. Schulz, S. Páll, J. C. Smith, B. Hess, E.
Lindahl
GROMACS: High performance molecular simulations through multi-level
parallelism from laptops to supercomputers
SoftwareX 1 (2015) pp. 19-25
-------- -------- --- Thank You --- -------- --------


++++ PLEASE READ AND CITE THE FOLLOWING REFERENCE ++++
S. Páll, M. J. Abraham, C. Kutzner, B. Hess, E. Lindahl
Tackling Exascale Software Challenges in Molecular Dynamics Simulations with
GROMACS
In S. Markidis & E. Laure (Eds.), Solving Software Challenges for Exascale 8759 (2015) pp. 3-27
-------- -------- --- Thank You --- -------- --------


++++ PLEASE READ AND CITE THE FOLLOWING REFERENCE ++++
S. Pronk, S. Páll, R. Schulz, P. Larsson, P. Bjelkmar, R. Apostolov, M. R.
Shirts, J. C. Smith, P. M. Kasson, D. van der Spoel, B. Hess, and E. Lindahl
GROMACS 4.5: a high-throughput and highly parallel open source molecular
simulation toolkit
Bioinformatics 29 (2013) pp. 845-54
-------- -------- --- Thank You --- -------- --------


++++ PLEASE READ AND CITE THE FOLLOWING REFERENCE ++++
B. Hess and C. Kutzner and D. van der Spoel and E. Lindahl
GROMACS 4: Algorithms for highly efficient, load-balanced, and scalable
molecular simulation
J. Chem. Theory Comput. 4 (2008) pp. 435-447
-------- -------- --- Thank You --- -------- --------


++++ PLEASE READ AND CITE THE FOLLOWING REFERENCE ++++
D. van der Spoel, E. Lindahl, B. Hess, G. Groenhof, A. E. Mark and H. J. C.
Berendsen
GROMACS: Fast, Flexible and Free
J. Comp. Chem. 26 (2005) pp. 1701-1719
-------- -------- --- Thank You --- -------- --------


++++ PLEASE READ AND CITE THE FOLLOWING REFERENCE ++++
E. Lindahl and B. Hess and D. van der Spoel
GROMACS 3.0: A package for molecular simulation and trajectory analysis
J. Mol. Mod. 7 (2001) pp. 306-317
-------- -------- --- Thank You --- -------- --------


++++ PLEASE READ AND CITE THE FOLLOWING REFERENCE ++++
H. J. C. Berendsen, D. van der Spoel and R. van Drunen
GROMACS: A message-passing parallel molecular dynamics implementation
Comp. Phys. Comm. 91 (1995) pp. 43-56
-------- -------- --- Thank You --- -------- --------


++++ PLEASE CITE THE DOI FOR THIS VERSION OF GROMACS ++++
https://doi.org/10.5281/zenodo.2564764
-------- -------- --- Thank You --- -------- --------

Input Parameters:
   integrator                     = md
   tinit                          = 0
   dt                             = 0.002
   nsteps                         = 500000
   init-step                      = 0
   simulation-part                = 1
   comm-mode                      = Linear
   nstcomm                        = 100
   bd-fric                        = 0
   ld-seed                        = -1310585617
   emtol                          = 10
   emstep                         = 0.01
   niter                          = 20
   fcstep                         = 0
   nstcgsteep                     = 1000
   nbfgscorr                      = 10
   rtpi                           = 0.05
   nstxout                        = 5000
   nstvout                        = 50000
   nstfout                        = 0
   nstlog                         = 500
   nstcalcenergy                  = 100
   nstenergy                      = 500
   nstxout-compressed             = 0
   compressed-x-precision         = 1000
   cutoff-scheme                  = Verlet
   nstlist                        = 10
   ns-type                        = Grid
   pbc                            = xyz
   periodic-molecules             = false
   verlet-buffer-tolerance        = 0.005
   rlist                          = 1.2
   coulombtype                    = PME
   coulomb-modifier               = Potential-shift
   rcoulomb-switch                = 0
   rcoulomb                       = 1.2
   epsilon-r                      = 1
   epsilon-rf                     = inf
   vdw-type                       = Cut-off
   vdw-modifier                   = Potential-shift
   rvdw-switch                    = 1
   rvdw                           = 1.2
   DispCorr                       = No
   table-extension                = 1
   fourierspacing                 = 0.16
   fourier-nx                     = 64
   fourier-ny                     = 64
   fourier-nz                     = 64
   pme-order                      = 4
   ewald-rtol                     = 1e-05
   ewald-rtol-lj                  = 0.001
   lj-pme-comb-rule               = Geometric
   ewald-geometry                 = 0
   epsilon-surface                = 0
   tcoupl                         = V-rescale
   nsttcouple                     = 10
   nh-chain-length                = 0
   print-nose-hoover-chain-variables = false
   pcoupl                         = Parrinello-Rahman
   pcoupltype                     = Isotropic
   nstpcouple                     = 10
   tau-p                          = 2
   compressibility (3x3):
      compressibility[    0]={ 4.50000e-05,  0.00000e+00,  0.00000e+00}
      compressibility[    1]={ 0.00000e+00,  4.50000e-05,  0.00000e+00}
      compressibility[    2]={ 0.00000e+00,  0.00000e+00,  4.50000e-05}
   ref-p (3x3):
      ref-p[    0]={ 1.00000e+00,  0.00000e+00,  0.00000e+00}
      ref-p[    1]={ 0.00000e+00,  1.00000e+00,  0.00000e+00}
      ref-p[    2]={ 0.00000e+00,  0.00000e+00,  1.00000e+00}
   refcoord-scaling               = COM
   posres-com (3):
      posres-com[0]= 4.98455e-01
      posres-com[1]= 4.99589e-01
      posres-com[2]= 4.99735e-01
   posres-comB (3):
      posres-comB[0]= 4.98455e-01
      posres-comB[1]= 4.99589e-01
      posres-comB[2]= 4.99735e-01
   QMMM                           = false
   QMconstraints                  = 0
   QMMMscheme                     = 0
   MMChargeScaleFactor            = 1
qm-opts:
   ngQM                           = 0
   constraint-algorithm           = Lincs
   continuation                   = true
   Shake-SOR                      = false
   shake-tol                      = 0.0001
   lincs-order                    = 4
   lincs-iter                     = 1
   lincs-warnangle                = 30
   nwall                          = 0
   wall-type                      = 9-3
   wall-r-linpot                  = -1
   wall-atomtype[0]               = -1
   wall-atomtype[1]               = -1
   wall-density[0]                = 0
   wall-density[1]                = 0
   wall-ewald-zfac                = 3
   pull                           = false
   awh                            = false
   rotation                       = false
   interactiveMD                  = false
   disre                          = No
   disre-weighting                = Conservative
   disre-mixed                    = false
   dr-fc                          = 1000
   dr-tau                         = 0
   nstdisreout                    = 100
   orire-fc                       = 0
   orire-tau                      = 0
   nstorireout                    = 100
   free-energy                    = no
   cos-acceleration               = 0
   deform (3x3):
      deform[    0]={ 0.00000e+00,  0.00000e+00,  0.00000e+00}
      deform[    1]={ 0.00000e+00,  0.00000e+00,  0.00000e+00}
      deform[    2]={ 0.00000e+00,  0.00000e+00,  0.00000e+00}
   simulated-tempering            = false
   swapcoords                     = no
   userint1                       = 0
   userint2                       = 0
   userint3                       = 0
   userint4                       = 0
   userreal1                      = 0
   userreal2                      = 0
   userreal3                      = 0
   userreal4                      = 0
   applied-forces:
     electric-field:
       x:
         E0                       = 0
         omega                    = 0
         t0                       = 0
         sigma                    = 0
       y:
         E0                       = 0
         omega                    = 0
         t0                       = 0
         sigma                    = 0
       z:
         E0                       = 0
         omega                    = 0
         t0                       = 0
         sigma                    = 0
grpopts:
   nrdf:     20305.7      169107
   ref-t:         300         300
   tau-t:         0.1         0.1
annealing:          No          No
annealing-npoints:           0           0
   acc:	           0           0           0
   nfreeze:           N           N           N
   energygrp-flags[  0]: 0

Changing nstlist from 10 to 80, rlist from 1.2 to 1.326


Initializing Domain Decomposition on 32 ranks
Dynamic load balancing: locked
Using update groups, nr 32303, average size 2.9 atoms, max. radius 0.139 nm
Minimum cell size due to atom displacement: 0.563 nm
Initial maximum distances in bonded interactions:
    two-body bonded interactions: 0.439 nm, LJ-14, atoms 2169 7038
  multi-body bonded interactions: 0.489 nm, CMAP Dih., atoms 5485 5507
Minimum cell size due to bonded interactions: 0.538 nm
Guess for relative PME load: 0.08
Will use 24 particle-particle and 8 PME only ranks
This is a guess, check the performance at the end of the log file
Using 8 separate PME ranks, as guessed by mdrun
Scaling the initial minimum size with 1/0.8 (option -dds) = 1.25
Optimizing the DD grid for 24 cells with a minimum initial size of 0.704 nm
The maximum allowed number of cells is: X 13 Y 13 Z 13
Domain decomposition grid 4 x 2 x 3, separate PME ranks 8
PME domain decomposition: 4 x 2 x 1
Interleaving PP and PME ranks
This rank does only particle-particle work.
Domain decomposition rank 0, coordinates 0 0 0

The initial number of communication pulses is: X 1 Y 1 Z 1
The initial domain decomposition cell size is: X 2.45 nm Y 4.89 nm Z 3.26 nm

The maximum allowed distance for atom groups involved in interactions is:
                 non-bonded interactions           1.604 nm
(the following are initial values, they could change due to box deformation)
            two-body bonded interactions  (-rdd)   1.604 nm
          multi-body bonded interactions  (-rdd)   1.604 nm

When dynamic load balancing gets turned on, these settings will change to:
The maximum number of communication pulses is: X 1 Y 1 Z 1
The minimum size for domain decomposition cells is 1.604 nm
The requested allowed shrink of DD cells (option -dds) is: 0.80
The allowed shrink of domain decomposition cells is: X 0.66 Y 0.33 Z 0.49
The maximum allowed distance for atom groups involved in interactions is:
                 non-bonded interactions           1.604 nm
            two-body bonded interactions  (-rdd)   1.604 nm
          multi-body bonded interactions  (-rdd)   1.604 nm

Using 32 MPI threads
Using 1 OpenMP thread per tMPI thread

Pinning threads with an auto-selected logical core stride of 1
System total charge: 0.000
Will do PME sum in reciprocal space for electrostatic interactions.

++++ PLEASE READ AND CITE THE FOLLOWING REFERENCE ++++
U. Essmann, L. Perera, M. L. Berkowitz, T. Darden, H. Lee and L. G. Pedersen 
A smooth particle mesh Ewald method
J. Chem. Phys. 103 (1995) pp. 8577-8592
-------- -------- --- Thank You --- -------- --------

Using a Gaussian width (1/beta) of 0.384195 nm for Ewald
Potential shift: LJ r^-12: -1.122e-01 r^-6: -3.349e-01, Ewald -8.333e-06
Initialized non-bonded Ewald correction tables, spacing: 1.02e-03 size: 1176

Generated table with 1163 data points for 1-4 COUL.
Tabscale = 500 points/nm
Generated table with 1163 data points for 1-4 LJ6.
Tabscale = 500 points/nm
Generated table with 1163 data points for 1-4 LJ12.
Tabscale = 500 points/nm

Using SIMD 4x4 nonbonded short-range kernels

Using a dual 4x4 pair-list setup updated with dynamic pruning:
  outer list: updated every 80 steps, buffer 0.126 nm, rlist 1.326 nm
  inner list: updated every 13 steps, buffer 0.001 nm, rlist 1.201 nm
At tolerance 0.005 kJ/mol/ps per atom, equivalent classical 1x1 list would be:
  outer list: updated every 80 steps, buffer 0.275 nm, rlist 1.475 nm
  inner list: updated every 13 steps, buffer 0.051 nm, rlist 1.251 nm

Using Lorentz-Berthelot Lennard-Jones combination rule


Initializing LINear Constraint Solver

++++ PLEASE READ AND CITE THE FOLLOWING REFERENCE ++++
B. Hess and H. Bekker and H. J. C. Berendsen and J. G. E. M. Fraaije
LINCS: A Linear Constraint Solver for molecular simulations
J. Comp. Chem. 18 (1997) pp. 1463-1472
-------- -------- --- Thank You --- -------- --------

The number of constraints is 4090

++++ PLEASE READ AND CITE THE FOLLOWING REFERENCE ++++
S. Miyamoto and P. A. Kollman
SETTLE: An Analytical Version of the SHAKE and RATTLE Algorithms for Rigid
Water Models
J. Comp. Chem. 13 (1992) pp. 952-962
-------- -------- --- Thank You --- -------- --------


Linking all bonded interactions to atoms


Intra-simulation communication will occur every 10 steps.
Center of mass motion removal mode is Linear
We have the following groups for center of mass motion removal:
  0:  rest

++++ PLEASE READ AND CITE THE FOLLOWING REFERENCE ++++
G. Bussi, D. Donadio and M. Parrinello
Canonical sampling through velocity rescaling
J. Chem. Phys. 126 (2007) pp. 014101
-------- -------- --- Thank You --- -------- --------

There are: 92611 Atoms
Atom distribution over 24 domains: av 3858 stddev 108 min 3770 max 4056

Started mdrun on rank 0 Mon Oct  5 04:39:18 2020

           Step           Time
              0        0.00000

   Energies (kJ/mol)
           Bond            U-B    Proper Dih.  Improper Dih.      CMAP Dih.
    6.04162e+03    1.80436e+04    1.17048e+04    1.14274e+03   -2.41754e+03
          LJ-14     Coulomb-14        LJ (SR)   Coulomb (SR)   Coul. recip.
    5.86081e+03    1.12958e+05    2.37528e+05   -1.80590e+06    4.70963e+03
 Position Rest.      Potential    Kinetic En.   Total Energy  Conserved En.
    5.04690e-01   -1.41033e+06    2.36312e+05   -1.17402e+06   -1.17396e+06
    Temperature Pressure (bar)   Constr. rmsd
    3.00104e+02   -1.27722e+02    3.08216e-06


DD  step 79 load imb.: force 18.4%  pme mesh/force 0.288

step 240 Turning on dynamic load balancing, because the performance loss due to load imbalance is 14.6 %.
           Step           Time
            500        1.00000

   Energies (kJ/mol)
           Bond            U-B    Proper Dih.  Improper Dih.      CMAP Dih.
    6.27400e+03    1.84412e+04    1.15118e+04    1.03784e+03   -2.42384e+03
          LJ-14     Coulomb-14        LJ (SR)   Coulomb (SR)   Coul. recip.
    5.62476e+03    1.12791e+05    2.41662e+05   -1.81364e+06    4.63224e+03
 Position Rest.      Potential    Kinetic En.   Total Energy  Conserved En.
    1.75229e+03   -1.41234e+06    2.37114e+05   -1.17522e+06   -1.17387e+06
    Temperature Pressure (bar)   Constr. rmsd
    3.01122e+02    4.15260e+01    3.14144e-06

           Step           Time
           1000        2.00000

   Energies (kJ/mol)
           Bond            U-B    Proper Dih.  Improper Dih.      CMAP Dih.
    6.20208e+03    1.76508e+04    1.16803e+04    1.07350e+03   -2.46986e+03
          LJ-14     Coulomb-14        LJ (SR)   Coulomb (SR)   Coul. recip.
    5.78244e+03    1.13633e+05    2.39581e+05   -1.81057e+06    4.59698e+03
 Position Rest.      Potential    Kinetic En.   Total Energy  Conserved En.
    1.90723e+03   -1.41093e+06    2.35746e+05   -1.17518e+06   -1.17386e+06
    Temperature Pressure (bar)   Constr. rmsd
    2.99385e+02   -9.36714e+00    3.16264e-06

           Step           Time
           1500        3.00000

   Energies (kJ/mol)
           Bond            U-B    Proper Dih.  Improper Dih.      CMAP Dih.
    6.30657e+03    1.80973e+04    1.16076e+04    1.15703e+03   -2.38915e+03
          LJ-14     Coulomb-14        LJ (SR)   Coulomb (SR)   Coul. recip.
    5.73065e+03    1.12718e+05    2.40165e+05   -1.81079e+06    4.66161e+03
 Position Rest.      Potential    Kinetic En.   Total Energy  Conserved En.
    1.79715e+03   -1.41094e+06    2.37246e+05   -1.17369e+06   -1.17385e+06
    Temperature Pressure (bar)   Constr. rmsd
    3.01289e+02   -1.07805e+02    2.97891e-06


DD  step 1999  vol min/aver 0.797  load imb.: force  1.1%  pme mesh/force 0.303
           Step           Time
           2000        4.00000

   Energies (kJ/mol)
           Bond            U-B    Proper Dih.  Improper Dih.      CMAP Dih.
    6.34729e+03    1.78236e+04    1.14867e+04    1.02113e+03   -2.44812e+03
          LJ-14     Coulomb-14        LJ (SR)   Coulomb (SR)   Coul. recip.
    5.76647e+03    1.12684e+05    2.42177e+05   -1.81311e+06    4.51328e+03
 Position Rest.      Potential    Kinetic En.   Total Energy  Conserved En.
    2.02899e+03   -1.41171e+06    2.36907e+05   -1.17480e+06   -1.17383e+06
    Temperature Pressure (bar)   Constr. rmsd
    3.00859e+02   -5.05330e+01    3.22275e-06

           Step           Time
           2500        5.00000

   Energies (kJ/mol)
           Bond            U-B    Proper Dih.  Improper Dih.      CMAP Dih.
    6.00629e+03    1.80130e+04    1.15967e+04    1.07947e+03   -2.43118e+03
          LJ-14     Coulomb-14        LJ (SR)   Coulomb (SR)   Coul. recip.
    5.72444e+03    1.13010e+05    2.40084e+05   -1.81158e+06    4.59725e+03
 Position Rest.      Potential    Kinetic En.   Total Energy  Conserved En.
    1.87106e+03   -1.41203e+06    2.35221e+05   -1.17681e+06   -1.17385e+06
    Temperature Pressure (bar)   Constr. rmsd
    2.98718e+02   -1.11335e+01    3.11092e-06

           Step           Time
           3000        6.00000

   Energies (kJ/mol)
           Bond            U-B    Proper Dih.  Improper Dih.      CMAP Dih.
    6.24631e+03    1.82032e+04    1.17414e+04    1.08403e+03   -2.51012e+03
          LJ-14     Coulomb-14        LJ (SR)   Coulomb (SR)   Coul. recip.
    5.65621e+03    1.12578e+05    2.39763e+05   -1.80994e+06    4.61362e+03
 Position Rest.      Potential    Kinetic En.   Total Energy  Conserved En.
    1.85191e+03   -1.41071e+06    2.34234e+05   -1.17648e+06   -1.17376e+06
    Temperature Pressure (bar)   Constr. rmsd
    2.97465e+02   -1.05350e+02    2.97631e-06

           Step           Time
           3500        7.00000

   Energies (kJ/mol)
           Bond            U-B    Proper Dih.  Improper Dih.      CMAP Dih.
    6.15734e+03    1.78549e+04    1.16135e+04    1.12220e+03   -2.46933e+03
          LJ-14     Coulomb-14        LJ (SR)   Coulomb (SR)   Coul. recip.
    5.79147e+03    1.12969e+05    2.43504e+05   -1.81415e+06    4.65434e+03
 Position Rest.      Potential    Kinetic En.   Total Energy  Conserved En.
    2.01562e+03   -1.41094e+06    2.36162e+05   -1.17477e+06   -1.17376e+06
    Temperature Pressure (bar)   Constr. rmsd
    2.99913e+02    2.09846e+02    3.23710e-06


DD  step 3999  vol min/aver 0.792  load imb.: force  1.4%  pme mesh/force 0.301
           Step           Time
           4000        8.00000

   Energies (kJ/mol)
           Bond            U-B    Proper Dih.  Improper Dih.      CMAP Dih.
    6.18911e+03    1.81093e+04    1.15471e+04    1.14547e+03   -2.42531e+03
          LJ-14     Coulomb-14        LJ (SR)   Coulomb (SR)   Coul. recip.
    5.68842e+03    1.12880e+05    2.41984e+05   -1.81388e+06    4.60111e+03
 Position Rest.      Potential    Kinetic En.   Total Energy  Conserved En.
    1.88082e+03   -1.41228e+06    2.35813e+05   -1.17647e+06   -1.17374e+06
    Temperature Pressure (bar)   Constr. rmsd
    2.99470e+02    5.07090e+01    3.05807e-06

           Step           Time
           4500        9.00000

   Energies (kJ/mol)
           Bond            U-B    Proper Dih.  Improper Dih.      CMAP Dih.
    6.13075e+03    1.81227e+04    1.15926e+04    1.14689e+03   -2.37060e+03
          LJ-14     Coulomb-14        LJ (SR)   Coulomb (SR)   Coul. recip.
    5.78376e+03    1.12574e+05    2.41276e+05   -1.81187e+06    4.64044e+03
 Position Rest.      Potential    Kinetic En.   Total Energy  Conserved En.
    1.88477e+03   -1.41109e+06    2.36454e+05   -1.17464e+06   -1.17372e+06
    Temperature Pressure (bar)   Constr. rmsd
    3.00284e+02    1.37239e+02    3.04039e-06

           Step           Time
           5000       10.00000

   Energies (kJ/mol)
           Bond            U-B    Proper Dih.  Improper Dih.      CMAP Dih.
    5.90788e+03    1.80426e+04    1.14561e+04    1.13908e+03   -2.41012e+03
          LJ-14     Coulomb-14        LJ (SR)   Coulomb (SR)   Coul. recip.
    5.76354e+03    1.12943e+05    2.41708e+05   -1.81443e+06    4.55725e+03
 Position Rest.      Potential    Kinetic En.   Total Energy  Conserved En.
    1.91320e+03   -1.41341e+06    2.35509e+05   -1.17790e+06   -1.17371e+06
    Temperature Pressure (bar)   Constr. rmsd
    2.99084e+02   -5.95367e+01    3.27986e-06

           Step           Time
           5500       11.00000

   Energies (kJ/mol)
           Bond            U-B    Proper Dih.  Improper Dih.      CMAP Dih.
    6.35186e+03    1.82486e+04    1.17130e+04    1.09463e+03   -2.45298e+03
          LJ-14     Coulomb-14        LJ (SR)   Coulomb (SR)   Coul. recip.
    5.63561e+03    1.12445e+05    2.40117e+05   -1.81160e+06    4.53651e+03
 Position Rest.      Potential    Kinetic En.   Total Energy  Conserved En.
    1.87157e+03   -1.41204e+06    2.35690e+05   -1.17635e+06   -1.17368e+06
    Temperature Pressure (bar)   Constr. rmsd
    2.99315e+02   -1.19607e+02    3.10565e-06


DD  step 5999  vol min/aver 0.797  load imb.: force  1.2%  pme mesh/force 0.302
           Step           Time
           6000       12.00000

   Energies (kJ/mol)
           Bond            U-B    Proper Dih.  Improper Dih.      CMAP Dih.
    5.97766e+03    1.79223e+04    1.16397e+04    1.15134e+03   -2.50890e+03
          LJ-14     Coulomb-14        LJ (SR)   Coulomb (SR)   Coul. recip.
    5.77512e+03    1.12813e+05    2.41112e+05   -1.81266e+06    4.56873e+03
 Position Rest.      Potential    Kinetic En.   Total Energy  Conserved En.
    1.95226e+03   -1.41226e+06    2.36473e+05   -1.17579e+06   -1.17368e+06
    Temperature Pressure (bar)   Constr. rmsd
    3.00308e+02    9.84442e+01    3.10598e-06

           Step           Time
           6500       13.00000

   Energies (kJ/mol)
           Bond            U-B    Proper Dih.  Improper Dih.      CMAP Dih.
    6.26932e+03    1.80346e+04    1.16490e+04    1.11620e+03   -2.43763e+03
          LJ-14     Coulomb-14        LJ (SR)   Coulomb (SR)   Coul. recip.
    5.65354e+03    1.13024e+05    2.40275e+05   -1.81195e+06    4.59973e+03
 Position Rest.      Potential    Kinetic En.   Total Energy  Conserved En.
    1.97384e+03   -1.41179e+06    2.36065e+05   -1.17573e+06   -1.17363e+06
    Temperature Pressure (bar)   Constr. rmsd
    2.99791e+02   -1.44732e+02    3.09503e-06

           Step           Time
           7000       14.00000

   Energies (kJ/mol)
           Bond            U-B    Proper Dih.  Improper Dih.      CMAP Dih.
    6.13290e+03    1.81673e+04    1.16084e+04    1.06801e+03   -2.44759e+03
          LJ-14     Coulomb-14        LJ (SR)   Coulomb (SR)   Coul. recip.
    5.84923e+03    1.13076e+05    2.40909e+05   -1.81198e+06    4.55597e+03
 Position Rest.      Potential    Kinetic En.   Total Energy  Conserved En.
    1.99890e+03   -1.41106e+06    2.36863e+05   -1.17420e+06   -1.17360e+06
    Temperature Pressure (bar)   Constr. rmsd
    3.00803e+02    9.38603e+01    2.96777e-06

           Step           Time
           7500       15.00000

   Energies (kJ/mol)
           Bond            U-B    Proper Dih.  Improper Dih.      CMAP Dih.
    6.41673e+03    1.78880e+04    1.18002e+04    1.12374e+03   -2.52280e+03
          LJ-14     Coulomb-14        LJ (SR)   Coulomb (SR)   Coul. recip.
    5.71118e+03    1.12602e+05    2.39478e+05   -1.81107e+06    4.54031e+03
 Position Rest.      Potential    Kinetic En.   Total Energy  Conserved En.
    1.92930e+03   -1.41210e+06    2.36512e+05   -1.17559e+06   -1.17362e+06
    Temperature Pressure (bar)   Constr. rmsd
    3.00358e+02   -9.36239e+01    3.08308e-06


DD  step 7999  vol min/aver 0.810  load imb.: force  1.2%  pme mesh/force 0.300
           Step           Time
           8000       16.00000

   Energies (kJ/mol)
           Bond            U-B    Proper Dih.  Improper Dih.      CMAP Dih.
    6.24618e+03    1.80858e+04    1.16488e+04    1.11733e+03   -2.42076e+03
          LJ-14     Coulomb-14        LJ (SR)   Coulomb (SR)   Coul. recip.
    5.79725e+03    1.12669e+05    2.40171e+05   -1.81100e+06    4.57547e+03
 Position Rest.      Potential    Kinetic En.   Total Energy  Conserved En.
    2.01702e+03   -1.41109e+06    2.36693e+05   -1.17440e+06   -1.17359e+06
    Temperature Pressure (bar)   Constr. rmsd
    3.00587e+02    2.77762e+01    3.22729e-06

           Step           Time
           8500       17.00000

   Energies (kJ/mol)
           Bond            U-B    Proper Dih.  Improper Dih.      CMAP Dih.
    6.27217e+03    1.76781e+04    1.16915e+04    1.09398e+03   -2.47290e+03
          LJ-14     Coulomb-14        LJ (SR)   Coulomb (SR)   Coul. recip.
    5.77685e+03    1.13012e+05    2.40176e+05   -1.81117e+06    4.61394e+03
 Position Rest.      Potential    Kinetic En.   Total Energy  Conserved En.
    1.97635e+03   -1.41135e+06    2.37075e+05   -1.17427e+06   -1.17359e+06
    Temperature Pressure (bar)   Constr. rmsd
    3.01073e+02   -5.44376e+01    3.03493e-06

           Step           Time
           9000       18.00000

   Energies (kJ/mol)
           Bond            U-B    Proper Dih.  Improper Dih.      CMAP Dih.
    6.37174e+03    1.77567e+04    1.17011e+04    1.13233e+03   -2.45838e+03
          LJ-14     Coulomb-14        LJ (SR)   Coulomb (SR)   Coul. recip.
    5.69957e+03    1.12675e+05    2.40303e+05   -1.81031e+06    4.65458e+03
 Position Rest.      Potential    Kinetic En.   Total Energy  Conserved En.
    1.89070e+03   -1.41058e+06    2.34625e+05   -1.17596e+06   -1.17353e+06
    Temperature Pressure (bar)   Constr. rmsd
    2.97962e+02   -6.28718e+01    2.94577e-06

           Step           Time
           9500       19.00000

   Energies (kJ/mol)
           Bond            U-B    Proper Dih.  Improper Dih.      CMAP Dih.
    6.31182e+03    1.78901e+04    1.16082e+04    1.10304e+03   -2.47002e+03
          LJ-14     Coulomb-14        LJ (SR)   Coulomb (SR)   Coul. recip.
    5.81425e+03    1.13228e+05    2.39404e+05   -1.81174e+06    4.56270e+03
 Position Rest.      Potential    Kinetic En.   Total Energy  Conserved En.
    1.83585e+03   -1.41245e+06    2.36452e+05   -1.17600e+06   -1.17351e+06
    Temperature Pressure (bar)   Constr. rmsd
    3.00282e+02   -1.42464e+02    3.01871e-06


DD  step 9999  vol min/aver 0.803  load imb.: force  1.4%  pme mesh/force 0.308
           Step           Time
          10000       20.00000

   Energies (kJ/mol)
           Bond            U-B    Proper Dih.  Improper Dih.      CMAP Dih.
    6.25429e+03    1.79356e+04    1.15436e+04    1.09794e+03   -2.41823e+03
          LJ-14     Coulomb-14        LJ (SR)   Coulomb (SR)   Coul. recip.
    5.66893e+03    1.12830e+05    2.40635e+05   -1.81175e+06    4.60663e+03
 Position Rest.      Potential    Kinetic En.   Total Energy  Conserved En.
    1.96145e+03   -1.41164e+06    2.35348e+05   -1.17629e+06   -1.17349e+06
    Temperature Pressure (bar)   Constr. rmsd
    2.98880e+02   -6.63751e+01    3.07097e-06

           Step           Time
          10500       21.00000

   Energies (kJ/mol)
           Bond            U-B    Proper Dih.  Improper Dih.      CMAP Dih.
    6.19061e+03    1.81044e+04    1.16850e+04    1.10483e+03   -2.46673e+03
          LJ-14     Coulomb-14        LJ (SR)   Coulomb (SR)   Coul. recip.
    5.71858e+03    1.12687e+05    2.38683e+05   -1.81201e+06    4.65793e+03
 Position Rest.      Potential    Kinetic En.   Total Energy  Conserved En.
    1.93831e+03   -1.41371e+06    2.36258e+05   -1.17745e+06   -1.17349e+06
    Temperature Pressure (bar)   Constr. rmsd
    3.00036e+02   -1.55386e+02    3.18113e-06

           Step           Time
          11000       22.00000

   Energies (kJ/mol)
           Bond            U-B    Proper Dih.  Improper Dih.      CMAP Dih.
    6.34514e+03    1.82966e+04    1.15607e+04    1.06028e+03   -2.40331e+03
          LJ-14     Coulomb-14        LJ (SR)   Coulomb (SR)   Coul. recip.
    5.72184e+03    1.12767e+05    2.40207e+05   -1.81136e+06    4.51959e+03
 Position Rest.      Potential    Kinetic En.   Total Energy  Conserved En.
    2.03640e+03   -1.41125e+06    2.36184e+05   -1.17506e+06   -1.17345e+06
    Temperature Pressure (bar)   Constr. rmsd
    2.99942e+02   -8.89602e+01    3.18648e-06

           Step           Time
          11500       23.00000

   Energies (kJ/mol)
           Bond            U-B    Proper Dih.  Improper Dih.      CMAP Dih.
    6.26305e+03    1.83062e+04    1.16011e+04    1.06042e+03   -2.45402e+03
          LJ-14     Coulomb-14        LJ (SR)   Coulomb (SR)   Coul. recip.
    5.82509e+03    1.13128e+05    2.40488e+05   -1.81260e+06    4.56859e+03
 Position Rest.      Potential    Kinetic En.   Total Energy  Conserved En.
    1.88809e+03   -1.41193e+06    2.35697e+05   -1.17623e+06   -1.17340e+06
    Temperature Pressure (bar)   Constr. rmsd
    2.99323e+02   -3.21838e+01    3.12124e-06


DD  step 11999  vol min/aver 0.786  load imb.: force  1.7%  pme mesh/force 0.305
           Step           Time
          12000       24.00000

   Energies (kJ/mol)
           Bond            U-B    Proper Dih.  Improper Dih.      CMAP Dih.
    6.12637e+03    1.81918e+04    1.16957e+04    1.10228e+03   -2.44440e+03
          LJ-14     Coulomb-14        LJ (SR)   Coulomb (SR)   Coul. recip.
    5.79603e+03    1.12786e+05    2.40027e+05   -1.81137e+06    4.55304e+03
 Position Rest.      Potential    Kinetic En.   Total Energy  Conserved En.
    1.97476e+03   -1.41156e+06    2.35456e+05   -1.17610e+06   -1.17339e+06
    Temperature Pressure (bar)   Constr. rmsd
    2.99017e+02   -3.25122e+01    2.96834e-06

           Step           Time
          12500       25.00000

   Energies (kJ/mol)
           Bond            U-B    Proper Dih.  Improper Dih.      CMAP Dih.
    6.14615e+03    1.84556e+04    1.15096e+04    1.04872e+03   -2.41382e+03
          LJ-14     Coulomb-14        LJ (SR)   Coulomb (SR)   Coul. recip.
    5.82137e+03    1.12438e+05    2.40974e+05   -1.81193e+06    4.64995e+03
 Position Rest.      Potential    Kinetic En.   Total Energy  Conserved En.
    1.97615e+03   -1.41132e+06    2.35737e+05   -1.17558e+06   -1.17337e+06
    Temperature Pressure (bar)   Constr. rmsd
    2.99373e+02   -2.92954e+01    3.13646e-06

           Step           Time
          13000       26.00000

   Energies (kJ/mol)
           Bond            U-B    Proper Dih.  Improper Dih.      CMAP Dih.
    6.05337e+03    1.81745e+04    1.16291e+04    1.10402e+03   -2.39251e+03
          LJ-14     Coulomb-14        LJ (SR)   Coulomb (SR)   Coul. recip.
    5.86981e+03    1.13121e+05    2.40599e+05   -1.81360e+06    4.69371e+03
 Position Rest.      Potential    Kinetic En.   Total Energy  Conserved En.
    1.89739e+03   -1.41285e+06    2.35647e+05   -1.17721e+06   -1.17334e+06
    Temperature Pressure (bar)   Constr. rmsd
    2.99259e+02   -2.23871e+01    3.42170e-06

           Step           Time
          13500       27.00000

   Energies (kJ/mol)
           Bond            U-B    Proper Dih.  Improper Dih.      CMAP Dih.
    6.10545e+03    1.78679e+04    1.17255e+04    1.06344e+03   -2.47381e+03
          LJ-14     Coulomb-14        LJ (SR)   Coulomb (SR)   Coul. recip.
    5.72637e+03    1.13327e+05    2.41049e+05   -1.81388e+06    4.56905e+03
 Position Rest.      Potential    Kinetic En.   Total Energy  Conserved En.
    1.88855e+03   -1.41303e+06    2.36265e+05   -1.17677e+06   -1.17333e+06
    Temperature Pressure (bar)   Constr. rmsd
    3.00045e+02    4.37153e+00    3.16124e-06


DD  step 13999  vol min/aver 0.786  load imb.: force  1.2%  pme mesh/force 0.300
           Step           Time
          14000       28.00000

   Energies (kJ/mol)
           Bond            U-B    Proper Dih.  Improper Dih.      CMAP Dih.
    6.44721e+03    1.84381e+04    1.16088e+04    1.11519e+03   -2.52917e+03
          LJ-14     Coulomb-14        LJ (SR)   Coulomb (SR)   Coul. recip.
    5.69104e+03    1.12500e+05    2.43405e+05   -1.81717e+06    4.60710e+03
 Position Rest.      Potential    Kinetic En.   Total Energy  Conserved En.
    1.91407e+03   -1.41397e+06    2.35493e+05   -1.17848e+06   -1.17330e+06
    Temperature Pressure (bar)   Constr. rmsd
    2.99064e+02    7.19651e+01    3.04318e-06

           Step           Time
          14500       29.00000

   Energies (kJ/mol)
           Bond            U-B    Proper Dih.  Improper Dih.      CMAP Dih.
    6.31451e+03    1.82328e+04    1.18131e+04    1.10539e+03   -2.42597e+03
          LJ-14     Coulomb-14        LJ (SR)   Coulomb (SR)   Coul. recip.
    5.75142e+03    1.12669e+05    2.41519e+05   -1.81184e+06    4.68396e+03
 Position Rest.      Potential    Kinetic En.   Total Energy  Conserved En.
    2.00801e+03   -1.41017e+06    2.36199e+05   -1.17397e+06   -1.17331e+06
    Temperature Pressure (bar)   Constr. rmsd
    2.99961e+02    1.01168e+02    3.18905e-06

           Step           Time
          15000       30.00000

   Energies (kJ/mol)
           Bond            U-B    Proper Dih.  Improper Dih.      CMAP Dih.
    6.36038e+03    1.82886e+04    1.16941e+04    1.09921e+03   -2.41341e+03
          LJ-14     Coulomb-14        LJ (SR)   Coulomb (SR)   Coul. recip.
    5.72999e+03    1.12797e+05    2.39707e+05   -1.81007e+06    4.63689e+03
 Position Rest.      Potential    Kinetic En.   Total Energy  Conserved En.
    2.06893e+03   -1.41010e+06    2.36849e+05   -1.17325e+06   -1.17329e+06
    Temperature Pressure (bar)   Constr. rmsd
    3.00786e+02   -1.39937e+02    3.28059e-06

           Step           Time
          15500       31.00000

   Energies (kJ/mol)
           Bond            U-B    Proper Dih.  Improper Dih.      CMAP Dih.
    6.16533e+03    1.84094e+04    1.15735e+04    1.02385e+03   -2.41501e+03
          LJ-14     Coulomb-14        LJ (SR)   Coulomb (SR)   Coul. recip.
    5.65421e+03    1.12644e+05    2.41322e+05   -1.81236e+06    4.60473e+03
 Position Rest.      Potential    Kinetic En.   Total Energy  Conserved En.
    2.01248e+03   -1.41136e+06    2.37350e+05   -1.17401e+06   -1.17329e+06
    Temperature Pressure (bar)   Constr. rmsd
    3.01422e+02    1.58982e+02    3.27867e-06


DD  step 15999  vol min/aver 0.798  load imb.: force  2.2%  pme mesh/force 0.305
           Step           Time
          16000       32.00000

   Energies (kJ/mol)
           Bond            U-B    Proper Dih.  Improper Dih.      CMAP Dih.
    6.29645e+03    1.82935e+04    1.17080e+04    1.08745e+03   -2.34230e+03
          LJ-14     Coulomb-14        LJ (SR)   Coulomb (SR)   Coul. recip.
    5.67620e+03    1.12797e+05    2.40858e+05   -1.81246e+06    4.65754e+03
 Position Rest.      Potential    Kinetic En.   Total Energy  Conserved En.
    2.03476e+03   -1.41139e+06    2.37357e+05   -1.17403e+06   -1.17324e+06
    Temperature Pressure (bar)   Constr. rmsd
    3.01431e+02   -2.16901e+02    3.16648e-06

           Step           Time
          16500       33.00000

   Energies (kJ/mol)
           Bond            U-B    Proper Dih.  Improper Dih.      CMAP Dih.
    6.26195e+03    1.83905e+04    1.16595e+04    1.17881e+03   -2.48034e+03
          LJ-14     Coulomb-14        LJ (SR)   Coulomb (SR)   Coul. recip.
    5.73071e+03    1.12613e+05    2.41483e+05   -1.81235e+06    4.63192e+03
 Position Rest.      Potential    Kinetic En.   Total Energy  Conserved En.
    1.86955e+03   -1.41101e+06    2.36565e+05   -1.17444e+06   -1.17320e+06
    Temperature Pressure (bar)   Constr. rmsd
    3.00425e+02    1.12171e+02    3.00861e-06

           Step           Time
          17000       34.00000

   Energies (kJ/mol)
           Bond            U-B    Proper Dih.  Improper Dih.      CMAP Dih.
    6.36314e+03    1.79258e+04    1.15638e+04    1.07152e+03   -2.48382e+03
          LJ-14     Coulomb-14        LJ (SR)   Coulomb (SR)   Coul. recip.
    5.74893e+03    1.12836e+05    2.40288e+05   -1.81337e+06    4.54345e+03
 Position Rest.      Potential    Kinetic En.   Total Energy  Conserved En.
    1.93909e+03   -1.41358e+06    2.35305e+05   -1.17827e+06   -1.17317e+06
    Temperature Pressure (bar)   Constr. rmsd
    2.98826e+02   -4.61107e+01    3.10882e-06

           Step           Time
          17500       35.00000

   Energies (kJ/mol)
           Bond            U-B    Proper Dih.  Improper Dih.      CMAP Dih.
    6.16464e+03    1.82030e+04    1.16058e+04    1.11059e+03   -2.44877e+03
          LJ-14     Coulomb-14        LJ (SR)   Coulomb (SR)   Coul. recip.
    5.75913e+03    1.12697e+05    2.40293e+05   -1.81009e+06    4.50614e+03
 Position Rest.      Potential    Kinetic En.   Total Energy  Conserved En.
    1.96488e+03   -1.41024e+06    2.35760e+05   -1.17448e+06   -1.17316e+06
    Temperature Pressure (bar)   Constr. rmsd
    2.99403e+02    8.03800e+01    3.08644e-06


DD  step 17999  vol min/aver 0.806  load imb.: force  1.2%  pme mesh/force 0.302
           Step           Time
          18000       36.00000

   Energies (kJ/mol)
           Bond            U-B    Proper Dih.  Improper Dih.      CMAP Dih.
    6.38370e+03    1.80760e+04    1.14544e+04    1.11433e+03   -2.49364e+03
          LJ-14     Coulomb-14        LJ (SR)   Coulomb (SR)   Coul. recip.
    5.62398e+03    1.12899e+05    2.38618e+05   -1.80708e+06    4.61479e+03
 Position Rest.      Potential    Kinetic En.   Total Energy  Conserved En.
    1.99131e+03   -1.40880e+06    2.36441e+05   -1.17236e+06   -1.17313e+06
    Temperature Pressure (bar)   Constr. rmsd
    3.00268e+02   -5.19478e+01    3.25767e-06

           Step           Time
          18500       37.00000

   Energies (kJ/mol)
           Bond            U-B    Proper Dih.  Improper Dih.      CMAP Dih.
    6.34464e+03    1.79464e+04    1.16464e+04    1.13003e+03   -2.52059e+03
          LJ-14     Coulomb-14        LJ (SR)   Coulomb (SR)   Coul. recip.
    5.66787e+03    1.12670e+05    2.42360e+05   -1.81457e+06    4.68770e+03
 Position Rest.      Potential    Kinetic En.   Total Energy  Conserved En.
    1.98149e+03   -1.41266e+06    2.35361e+05   -1.17730e+06   -1.17310e+06
    Temperature Pressure (bar)   Constr. rmsd
    2.98896e+02    9.21159e+01    2.98296e-06

           Step           Time
          19000       38.00000

   Energies (kJ/mol)
           Bond            U-B    Proper Dih.  Improper Dih.      CMAP Dih.
    6.27879e+03    1.79688e+04    1.15974e+04    1.13502e+03   -2.44860e+03
          LJ-14     Coulomb-14        LJ (SR)   Coulomb (SR)   Coul. recip.
    5.87566e+03    1.12808e+05    2.40528e+05   -1.81427e+06    4.56567e+03
 Position Rest.      Potential    Kinetic En.   Total Energy  Conserved En.
    1.90763e+03   -1.41405e+06    2.38559e+05   -1.17550e+06   -1.17314e+06
    Temperature Pressure (bar)   Constr. rmsd
    3.02957e+02   -8.84522e+01    3.05323e-06

           Step           Time
          19500       39.00000

   Energies (kJ/mol)
           Bond            U-B    Proper Dih.  Improper Dih.      CMAP Dih.
    6.37100e+03    1.79486e+04    1.15301e+04    1.11312e+03   -2.38912e+03
          LJ-14     Coulomb-14        LJ (SR)   Coulomb (SR)   Coul. recip.
    5.55368e+03    1.12480e+05    2.41582e+05   -1.81440e+06    4.70446e+03
 Position Rest.      Potential    Kinetic En.   Total Energy  Conserved En.
    1.97353e+03   -1.41353e+06    2.35839e+05   -1.17769e+06   -1.17309e+06
    Temperature Pressure (bar)   Constr. rmsd
    2.99503e+02   -9.96757e+01    3.01031e-06


DD  step 19999  vol min/aver 0.798  load imb.: force  1.8%  pme mesh/force 0.301
           Step           Time
          20000       40.00000

   Energies (kJ/mol)
           Bond            U-B    Proper Dih.  Improper Dih.      CMAP Dih.
    6.17669e+03    1.79759e+04    1.15736e+04    1.07231e+03   -2.41106e+03
          LJ-14     Coulomb-14        LJ (SR)   Coulomb (SR)   Coul. recip.
    5.67728e+03    1.12822e+05    2.41494e+05   -1.81435e+06    4.58948e+03
 Position Rest.      Potential    Kinetic En.   Total Energy  Conserved En.
    1.94337e+03   -1.41344e+06    2.35695e+05   -1.17774e+06   -1.17307e+06
    Temperature Pressure (bar)   Constr. rmsd
    2.99321e+02    1.26307e+02    3.25497e-06

           Step           Time
          20500       41.00000

   Energies (kJ/mol)
           Bond            U-B    Proper Dih.  Improper Dih.      CMAP Dih.
    6.19234e+03    1.78139e+04    1.16692e+04    1.15086e+03   -2.52007e+03
          LJ-14     Coulomb-14        LJ (SR)   Coulomb (SR)   Coul. recip.
    5.69362e+03    1.13351e+05    2.39833e+05   -1.81270e+06    4.63333e+03
 Position Rest.      Potential    Kinetic En.   Total Energy  Conserved En.
    1.88392e+03   -1.41300e+06    2.36007e+05   -1.17699e+06   -1.17307e+06
    Temperature Pressure (bar)   Constr. rmsd
    2.99716e+02   -1.64706e+01    3.09250e-06

           Step           Time
          21000       42.00000

   Energies (kJ/mol)
           Bond            U-B    Proper Dih.  Improper Dih.      CMAP Dih.
    6.12456e+03    1.78607e+04    1.15450e+04    1.03984e+03   -2.44893e+03
          LJ-14     Coulomb-14        LJ (SR)   Coulomb (SR)   Coul. recip.
    5.70205e+03    1.12628e+05    2.40266e+05   -1.81295e+06    4.58752e+03
 Position Rest.      Potential    Kinetic En.   Total Energy  Conserved En.
    2.02063e+03   -1.41362e+06    2.36034e+05   -1.17759e+06   -1.17303e+06
    Temperature Pressure (bar)   Constr. rmsd
    2.99751e+02   -1.29534e+02    2.93185e-06

           Step           Time
          21500       43.00000

   Energies (kJ/mol)
           Bond            U-B    Proper Dih.  Improper Dih.      CMAP Dih.
    6.01810e+03    1.80278e+04    1.14940e+04    1.12068e+03   -2.43918e+03
          LJ-14     Coulomb-14        LJ (SR)   Coulomb (SR)   Coul. recip.
    5.83151e+03    1.12708e+05    2.40216e+05   -1.81112e+06    4.63538e+03
 Position Rest.      Potential    Kinetic En.   Total Energy  Conserved En.
    1.93223e+03   -1.41158e+06    2.35174e+05   -1.17640e+06   -1.17303e+06
    Temperature Pressure (bar)   Constr. rmsd
    2.98658e+02   -3.76681e+01    2.93544e-06


DD  step 21999  vol min/aver 0.797  load imb.: force  1.4%  pme mesh/force 0.299
           Step           Time
          22000       44.00000

   Energies (kJ/mol)
           Bond            U-B    Proper Dih.  Improper Dih.      CMAP Dih.
    6.14974e+03    1.80162e+04    1.16065e+04    1.09406e+03   -2.47470e+03
          LJ-14     Coulomb-14        LJ (SR)   Coulomb (SR)   Coul. recip.
    5.67734e+03    1.12494e+05    2.41985e+05   -1.81243e+06    4.55487e+03
 Position Rest.      Potential    Kinetic En.   Total Energy  Conserved En.
    1.87984e+03   -1.41144e+06    2.35694e+05   -1.17575e+06   -1.17300e+06
    Temperature Pressure (bar)   Constr. rmsd
    2.99319e+02    3.26304e+01    3.23793e-06

           Step           Time
          22500       45.00000

   Energies (kJ/mol)
           Bond            U-B    Proper Dih.  Improper Dih.      CMAP Dih.
    6.25541e+03    1.84095e+04    1.16744e+04    1.13693e+03   -2.48543e+03
          LJ-14     Coulomb-14        LJ (SR)   Coulomb (SR)   Coul. recip.
    5.66114e+03    1.12821e+05    2.40992e+05   -1.81143e+06    4.62359e+03
 Position Rest.      Potential    Kinetic En.   Total Energy  Conserved En.
    1.97797e+03   -1.41036e+06    2.38064e+05   -1.17230e+06   -1.17297e+06
    Temperature Pressure (bar)   Constr. rmsd
    3.02329e+02    9.28572e+01    3.19405e-06

           Step           Time
          23000       46.00000

   Energies (kJ/mol)
           Bond            U-B    Proper Dih.  Improper Dih.      CMAP Dih.
    6.05635e+03    1.78827e+04    1.14846e+04    1.06987e+03   -2.44088e+03
          LJ-14     Coulomb-14        LJ (SR)   Coulomb (SR)   Coul. recip.
    5.71594e+03    1.13063e+05    2.39650e+05   -1.81104e+06    4.48312e+03
 Position Rest.      Potential    Kinetic En.   Total Energy  Conserved En.
    1.97464e+03   -1.41210e+06    2.36593e+05   -1.17551e+06   -1.17298e+06
    Temperature Pressure (bar)   Constr. rmsd
    3.00460e+02   -7.79891e+01    3.05891e-06

           Step           Time
          23500       47.00000

   Energies (kJ/mol)
           Bond            U-B    Proper Dih.  Improper Dih.      CMAP Dih.
    6.31550e+03    1.84101e+04    1.17106e+04    1.03015e+03   -2.45789e+03
          LJ-14     Coulomb-14        LJ (SR)   Coulomb (SR)   Coul. recip.
    5.67400e+03    1.12400e+05    2.38999e+05   -1.80707e+06    4.67214e+03
 Position Rest.      Potential    Kinetic En.   Total Energy  Conserved En.
    1.89958e+03   -1.40841e+06    2.37247e+05   -1.17117e+06   -1.17294e+06
    Temperature Pressure (bar)   Constr. rmsd
    3.01291e+02    1.23324e+01    3.17900e-06


DD  step 23999  vol min/aver 0.813  load imb.: force  1.4%  pme mesh/force 0.304
           Step           Time
          24000       48.00000

   Energies (kJ/mol)
           Bond            U-B    Proper Dih.  Improper Dih.      CMAP Dih.
    6.17723e+03    1.83031e+04    1.17109e+04    1.08850e+03   -2.55584e+03
          LJ-14     Coulomb-14        LJ (SR)   Coulomb (SR)   Coul. recip.
    5.66453e+03    1.13006e+05    2.40474e+05   -1.81046e+06    4.63656e+03
 Position Rest.      Potential    Kinetic En.   Total Energy  Conserved En.
    2.03962e+03   -1.40991e+06    2.38223e+05   -1.17169e+06   -1.17294e+06
    Temperature Pressure (bar)   Constr. rmsd
    3.02531e+02    9.26113e+00    3.11855e-06

           Step           Time
          24500       49.00000

   Energies (kJ/mol)
           Bond            U-B    Proper Dih.  Improper Dih.      CMAP Dih.
    5.99450e+03    1.82840e+04    1.16409e+04    1.11422e+03   -2.46214e+03
          LJ-14     Coulomb-14        LJ (SR)   Coulomb (SR)   Coul. recip.
    5.69134e+03    1.13075e+05    2.38646e+05   -1.80892e+06    4.74123e+03
 Position Rest.      Potential    Kinetic En.   Total Energy  Conserved En.
    2.01082e+03   -1.41019e+06    2.35930e+05   -1.17426e+06   -1.17286e+06
    Temperature Pressure (bar)   Constr. rmsd
    2.99618e+02   -8.25564e+01    3.11493e-06

           Step           Time
          25000       50.00000

   Energies (kJ/mol)
           Bond            U-B    Proper Dih.  Improper Dih.      CMAP Dih.
    6.04160e+03    1.84744e+04    1.15930e+04    9.62465e+02   -2.48163e+03
          LJ-14     Coulomb-14        LJ (SR)   Coulomb (SR)   Coul. recip.
    5.71059e+03    1.12423e+05    2.40537e+05   -1.81138e+06    4.63813e+03
 Position Rest.      Potential    Kinetic En.   Total Energy  Conserved En.
    2.00987e+03   -1.41147e+06    2.34399e+05   -1.17707e+06   -1.17284e+06
    Temperature Pressure (bar)   Constr. rmsd
    2.97675e+02    4.99590e+01    2.94753e-06

           Step           Time
          25500       51.00000

   Energies (kJ/mol)
           Bond            U-B    Proper Dih.  Improper Dih.      CMAP Dih.
    6.16807e+03    1.77205e+04    1.17105e+04    1.01599e+03   -2.51500e+03
          LJ-14     Coulomb-14        LJ (SR)   Coulomb (SR)   Coul. recip.
    5.79435e+03    1.12699e+05    2.41114e+05   -1.81278e+06    4.55539e+03
 Position Rest.      Potential    Kinetic En.   Total Energy  Conserved En.
    1.96694e+03   -1.41255e+06    2.34916e+05   -1.17763e+06   -1.17288e+06
    Temperature Pressure (bar)   Constr. rmsd
    2.98331e+02   -2.31902e+01    3.04426e-06


DD  step 25999  vol min/aver 0.819  load imb.: force  1.4%  pme mesh/force 0.302
           Step           Time
          26000       52.00000

   Energies (kJ/mol)
           Bond            U-B    Proper Dih.  Improper Dih.      CMAP Dih.
    6.27612e+03    1.81872e+04    1.15273e+04    1.07265e+03   -2.43852e+03
          LJ-14     Coulomb-14        LJ (SR)   Coulomb (SR)   Coul. recip.
    5.71484e+03    1.12700e+05    2.38951e+05   -1.80864e+06    4.59788e+03
 Position Rest.      Potential    Kinetic En.   Total Energy  Conserved En.
    1.95861e+03   -1.41010e+06    2.35598e+05   -1.17450e+06   -1.17283e+06
    Temperature Pressure (bar)   Constr. rmsd
    2.99197e+02   -3.83188e+00    3.15342e-06

           Step           Time
          26500       53.00000

   Energies (kJ/mol)
           Bond            U-B    Proper Dih.  Improper Dih.      CMAP Dih.
    6.16086e+03    1.81321e+04    1.16797e+04    1.21566e+03   -2.39651e+03
          LJ-14     Coulomb-14        LJ (SR)   Coulomb (SR)   Coul. recip.
    5.77142e+03    1.12747e+05    2.40249e+05   -1.81123e+06    4.61656e+03
 Position Rest.      Potential    Kinetic En.   Total Energy  Conserved En.
    2.00098e+03   -1.41106e+06    2.36545e+05   -1.17451e+06   -1.17282e+06
    Temperature Pressure (bar)   Constr. rmsd
    3.00399e+02    2.62590e+01    3.09984e-06

           Step           Time
          27000       54.00000

   Energies (kJ/mol)
           Bond            U-B    Proper Dih.  Improper Dih.      CMAP Dih.
    6.10476e+03    1.78449e+04    1.16665e+04    1.17650e+03   -2.42520e+03
          LJ-14     Coulomb-14        LJ (SR)   Coulomb (SR)   Coul. recip.
    5.73528e+03    1.13049e+05    2.40130e+05   -1.81266e+06    4.66614e+03
 Position Rest.      Potential    Kinetic En.   Total Energy  Conserved En.
    1.97070e+03   -1.41274e+06    2.36202e+05   -1.17654e+06   -1.17280e+06
    Temperature Pressure (bar)   Constr. rmsd
    2.99964e+02   -6.19438e+01    2.96481e-06

           Step           Time
          27500       55.00000

   Energies (kJ/mol)
           Bond            U-B    Proper Dih.  Improper Dih.      CMAP Dih.
    6.22212e+03    1.81084e+04    1.16632e+04    1.17101e+03   -2.41872e+03
          LJ-14     Coulomb-14        LJ (SR)   Coulomb (SR)   Coul. recip.
    5.62574e+03    1.12390e+05    2.39332e+05   -1.81059e+06    4.49466e+03
 Position Rest.      Potential    Kinetic En.   Total Energy  Conserved En.
    2.01230e+03   -1.41199e+06    2.35361e+05   -1.17663e+06   -1.17279e+06
    Temperature Pressure (bar)   Constr. rmsd
    2.98896e+02   -1.30982e+02    3.04120e-06


DD  step 27999  vol min/aver 0.819  load imb.: force  1.4%  pme mesh/force 0.308
           Step           Time
          28000       56.00000

   Energies (kJ/mol)
           Bond            U-B    Proper Dih.  Improper Dih.      CMAP Dih.
    5.93039e+03    1.78970e+04    1.16998e+04    1.19502e+03   -2.44111e+03
          LJ-14     Coulomb-14        LJ (SR)   Coulomb (SR)   Coul. recip.
    5.74687e+03    1.13088e+05    2.41761e+05   -1.81338e+06    4.57897e+03
 Position Rest.      Potential    Kinetic En.   Total Energy  Conserved En.
    1.98774e+03   -1.41193e+06    2.36198e+05   -1.17574e+06   -1.17277e+06
    Temperature Pressure (bar)   Constr. rmsd
    2.99959e+02    8.11185e+01    3.18305e-06

           Step           Time
          28500       57.00000

   Energies (kJ/mol)
           Bond            U-B    Proper Dih.  Improper Dih.      CMAP Dih.
    6.15047e+03    1.85065e+04    1.16453e+04    1.04886e+03   -2.47359e+03
          LJ-14     Coulomb-14        LJ (SR)   Coulomb (SR)   Coul. recip.
    5.67688e+03    1.12600e+05    2.41552e+05   -1.81257e+06    4.67501e+03
 Position Rest.      Potential    Kinetic En.   Total Energy  Conserved En.
    2.04786e+03   -1.41114e+06    2.36535e+05   -1.17461e+06   -1.17272e+06
    Temperature Pressure (bar)   Constr. rmsd
    3.00388e+02    1.90597e+01    3.28669e-06

           Step           Time
          29000       58.00000

   Energies (kJ/mol)
           Bond            U-B    Proper Dih.  Improper Dih.      CMAP Dih.
    6.04412e+03    1.78230e+04    1.15611e+04    1.02121e+03   -2.40158e+03
          LJ-14     Coulomb-14        LJ (SR)   Coulomb (SR)   Coul. recip.
    5.68499e+03    1.13052e+05    2.38994e+05   -1.80914e+06    4.58372e+03
 Position Rest.      Potential    Kinetic En.   Total Energy  Conserved En.
    1.93542e+03   -1.41085e+06    2.34944e+05   -1.17590e+06   -1.17272e+06
    Temperature Pressure (bar)   Constr. rmsd
    2.98366e+02   -8.53428e+01    3.15306e-06

           Step           Time
          29500       59.00000

   Energies (kJ/mol)
           Bond            U-B    Proper Dih.  Improper Dih.      CMAP Dih.
    6.16800e+03    1.78420e+04    1.15843e+04    1.15340e+03   -2.51668e+03
          LJ-14     Coulomb-14        LJ (SR)   Coulomb (SR)   Coul. recip.
    5.69312e+03    1.13033e+05    2.37725e+05   -1.80624e+06    4.65725e+03
 Position Rest.      Potential    Kinetic En.   Total Energy  Conserved En.
    1.98600e+03   -1.40891e+06    2.34605e+05   -1.17431e+06   -1.17272e+06
    Temperature Pressure (bar)   Constr. rmsd
    2.97937e+02   -1.58672e+02    3.08858e-06


DD  step 29999  vol min/aver 0.818  load imb.: force  1.2%  pme mesh/force 0.304
           Step           Time
          30000       60.00000

   Energies (kJ/mol)
           Bond            U-B    Proper Dih.  Improper Dih.      CMAP Dih.
    6.34959e+03    1.77636e+04    1.15975e+04    1.12403e+03   -2.44112e+03
          LJ-14     Coulomb-14        LJ (SR)   Coulomb (SR)   Coul. recip.
    5.74351e+03    1.13085e+05    2.38804e+05   -1.81065e+06    4.64520e+03
 Position Rest.      Potential    Kinetic En.   Total Energy  Conserved En.
    2.04027e+03   -1.41193e+06    2.35531e+05   -1.17640e+06   -1.17266e+06
    Temperature Pressure (bar)   Constr. rmsd
    2.99112e+02   -1.03581e+02    3.36013e-06

           Step           Time
          30500       61.00000

   Energies (kJ/mol)
           Bond            U-B    Proper Dih.  Improper Dih.      CMAP Dih.
    6.21109e+03    1.82521e+04    1.16936e+04    1.06994e+03   -2.32288e+03
          LJ-14     Coulomb-14        LJ (SR)   Coulomb (SR)   Coul. recip.
    5.68869e+03    1.12916e+05    2.39893e+05   -1.81113e+06    4.64115e+03
 Position Rest.      Potential    Kinetic En.   Total Energy  Conserved En.
    2.08926e+03   -1.41100e+06    2.35829e+05   -1.17517e+06   -1.17262e+06
    Temperature Pressure (bar)   Constr. rmsd
    2.99491e+02   -3.10588e+01    3.22049e-06

           Step           Time
          31000       62.00000

   Energies (kJ/mol)
           Bond            U-B    Proper Dih.  Improper Dih.      CMAP Dih.
    6.37653e+03    1.82290e+04    1.15791e+04    1.08042e+03   -2.45354e+03
          LJ-14     Coulomb-14        LJ (SR)   Coulomb (SR)   Coul. recip.
    5.68582e+03    1.12899e+05    2.40893e+05   -1.81202e+06    4.57348e+03
 Position Rest.      Potential    Kinetic En.   Total Energy  Conserved En.
    1.99588e+03   -1.41116e+06    2.36169e+05   -1.17499e+06   -1.17259e+06
    Temperature Pressure (bar)   Constr. rmsd
    2.99922e+02    1.35470e+01    3.11166e-06

           Step           Time
          31500       63.00000

   Energies (kJ/mol)
           Bond            U-B    Proper Dih.  Improper Dih.      CMAP Dih.
    6.16721e+03    1.79923e+04    1.15611e+04    1.11378e+03   -2.40094e+03
          LJ-14     Coulomb-14        LJ (SR)   Coulomb (SR)   Coul. recip.
    5.74398e+03    1.12892e+05    2.42335e+05   -1.81360e+06    4.62701e+03
 Position Rest.      Potential    Kinetic En.   Total Energy  Conserved En.
    1.94210e+03   -1.41162e+06    2.35482e+05   -1.17614e+06   -1.17259e+06
    Temperature Pressure (bar)   Constr. rmsd
    2.99050e+02    8.40341e+01    3.08645e-06


DD  step 31999  vol min/aver 0.789  load imb.: force  1.4%  pme mesh/force 0.303
           Step           Time
          32000       64.00000

   Energies (kJ/mol)
           Bond            U-B    Proper Dih.  Improper Dih.      CMAP Dih.
    6.03043e+03    1.83236e+04    1.15593e+04    1.05024e+03   -2.44070e+03
          LJ-14     Coulomb-14        LJ (SR)   Coulomb (SR)   Coul. recip.
    5.84113e+03    1.12949e+05    2.39477e+05   -1.81070e+06    4.62134e+03
 Position Rest.      Potential    Kinetic En.   Total Energy  Conserved En.
    1.96536e+03   -1.41132e+06    2.36960e+05   -1.17436e+06   -1.17261e+06
    Temperature Pressure (bar)   Constr. rmsd
    3.00928e+02    1.69996e+02    3.11542e-06

           Step           Time
          32500       65.00000

   Energies (kJ/mol)
           Bond            U-B    Proper Dih.  Improper Dih.      CMAP Dih.
    6.28354e+03    1.84969e+04    1.15039e+04    1.12725e+03   -2.43481e+03
          LJ-14     Coulomb-14        LJ (SR)   Coulomb (SR)   Coul. recip.
    5.64048e+03    1.12542e+05    2.43976e+05   -1.81554e+06    4.72596e+03
 Position Rest.      Potential    Kinetic En.   Total Energy  Conserved En.
    2.01953e+03   -1.41166e+06    2.35260e+05   -1.17640e+06   -1.17253e+06
    Temperature Pressure (bar)   Constr. rmsd
    2.98768e+02    5.49297e+01    3.00105e-06

           Step           Time
          33000       66.00000

   Energies (kJ/mol)
           Bond            U-B    Proper Dih.  Improper Dih.      CMAP Dih.
    6.30432e+03    1.79534e+04    1.14918e+04    1.04513e+03   -2.43392e+03
          LJ-14     Coulomb-14        LJ (SR)   Coulomb (SR)   Coul. recip.
    5.70658e+03    1.13296e+05    2.39728e+05   -1.81080e+06    4.67680e+03
 Position Rest.      Potential    Kinetic En.   Total Energy  Conserved En.
    2.04900e+03   -1.41099e+06    2.36893e+05   -1.17409e+06   -1.17252e+06
    Temperature Pressure (bar)   Constr. rmsd
    3.00842e+02    2.91234e+01    2.96231e-06

           Step           Time
          33500       67.00000

   Energies (kJ/mol)
           Bond            U-B    Proper Dih.  Improper Dih.      CMAP Dih.
    6.36811e+03    1.78820e+04    1.15821e+04    1.11591e+03   -2.37636e+03
          LJ-14     Coulomb-14        LJ (SR)   Coulomb (SR)   Coul. recip.
    5.70331e+03    1.13004e+05    2.44161e+05   -1.81652e+06    4.69187e+03
 Position Rest.      Potential    Kinetic En.   Total Energy  Conserved En.
    2.08764e+03   -1.41230e+06    2.37005e+05   -1.17530e+06   -1.17248e+06
    Temperature Pressure (bar)   Constr. rmsd
    3.00984e+02    9.99591e+01    3.14973e-06


DD  step 33999  vol min/aver 0.804  load imb.: force  1.5%  pme mesh/force 0.303
           Step           Time
          34000       68.00000

   Energies (kJ/mol)
           Bond            U-B    Proper Dih.  Improper Dih.      CMAP Dih.
    6.27377e+03    1.78602e+04    1.14291e+04    1.09840e+03   -2.41573e+03
          LJ-14     Coulomb-14        LJ (SR)   Coulomb (SR)   Coul. recip.
    5.67603e+03    1.12940e+05    2.42516e+05   -1.81563e+06    4.63957e+03
 Position Rest.      Potential    Kinetic En.   Total Energy  Conserved En.
    1.97601e+03   -1.41363e+06    2.35234e+05   -1.17840e+06   -1.17248e+06
    Temperature Pressure (bar)   Constr. rmsd
    2.98735e+02    6.54743e+01    3.11557e-06

           Step           Time
          34500       69.00000

   Energies (kJ/mol)
           Bond            U-B    Proper Dih.  Improper Dih.      CMAP Dih.
    6.12772e+03    1.80282e+04    1.14989e+04    1.15684e+03   -2.51546e+03
          LJ-14     Coulomb-14        LJ (SR)   Coulomb (SR)   Coul. recip.
    5.80436e+03    1.12497e+05    2.40246e+05   -1.81254e+06    4.56461e+03
 Position Rest.      Potential    Kinetic En.   Total Energy  Conserved En.
    2.01197e+03   -1.41312e+06    2.37548e+05   -1.17557e+06   -1.17252e+06
    Temperature Pressure (bar)   Constr. rmsd
    3.01673e+02    1.60061e+01    3.17527e-06

           Step           Time
          35000       70.00000

   Energies (kJ/mol)
           Bond            U-B    Proper Dih.  Improper Dih.      CMAP Dih.
    6.10164e+03    1.81249e+04    1.17126e+04    1.13542e+03   -2.41094e+03
          LJ-14     Coulomb-14        LJ (SR)   Coulomb (SR)   Coul. recip.
    5.78356e+03    1.12680e+05    2.41665e+05   -1.81301e+06    4.64098e+03
 Position Rest.      Potential    Kinetic En.   Total Energy  Conserved En.
    1.98632e+03   -1.41159e+06    2.35246e+05   -1.17634e+06   -1.17243e+06
    Temperature Pressure (bar)   Constr. rmsd
    2.98750e+02    1.97571e+02    3.09063e-06

           Step           Time
          35500       71.00000

   Energies (kJ/mol)
           Bond            U-B    Proper Dih.  Improper Dih.      CMAP Dih.
    6.33015e+03    1.83056e+04    1.15802e+04    1.06902e+03   -2.40763e+03
          LJ-14     Coulomb-14        LJ (SR)   Coulomb (SR)   Coul. recip.
    5.68856e+03    1.12864e+05    2.39111e+05   -1.80984e+06    4.60586e+03
 Position Rest.      Potential    Kinetic En.   Total Energy  Conserved En.
    1.88586e+03   -1.41081e+06    2.37119e+05   -1.17369e+06   -1.17241e+06
    Temperature Pressure (bar)   Constr. rmsd
    3.01129e+02   -2.16454e+02    3.02119e-06


DD  step 35999  vol min/aver 0.799  load imb.: force  1.7%  pme mesh/force 0.300
           Step           Time
          36000       72.00000

   Energies (kJ/mol)
           Bond            U-B    Proper Dih.  Improper Dih.      CMAP Dih.
    6.04817e+03    1.81360e+04    1.18287e+04    1.07822e+03   -2.42814e+03
          LJ-14     Coulomb-14        LJ (SR)   Coulomb (SR)   Coul. recip.
    5.76647e+03    1.12907e+05    2.39165e+05   -1.80778e+06    4.76787e+03
 Position Rest.      Potential    Kinetic En.   Total Energy  Conserved En.
    2.02730e+03   -1.40848e+06    2.35834e+05   -1.17264e+06   -1.17242e+06
    Temperature Pressure (bar)   Constr. rmsd
    2.99497e+02   -2.16346e+01    3.12215e-06

           Step           Time
          36500       73.00000

   Energies (kJ/mol)
           Bond            U-B    Proper Dih.  Improper Dih.      CMAP Dih.
    6.14236e+03    1.79411e+04    1.16454e+04    1.12265e+03   -2.45282e+03
          LJ-14     Coulomb-14        LJ (SR)   Coulomb (SR)   Coul. recip.
    5.75652e+03    1.13283e+05    2.40248e+05   -1.80970e+06    4.61605e+03
 Position Rest.      Potential    Kinetic En.   Total Energy  Conserved En.
    2.01918e+03   -1.40938e+06    2.34829e+05   -1.17455e+06   -1.17235e+06
    Temperature Pressure (bar)   Constr. rmsd
    2.98220e+02    5.25939e+01    3.19255e-06

           Step           Time
          37000       74.00000

   Energies (kJ/mol)
           Bond            U-B    Proper Dih.  Improper Dih.      CMAP Dih.
    6.43143e+03    1.81095e+04    1.17396e+04    1.05544e+03   -2.56708e+03
          LJ-14     Coulomb-14        LJ (SR)   Coulomb (SR)   Coul. recip.
    5.64331e+03    1.12745e+05    2.41498e+05   -1.81313e+06    4.67141e+03
 Position Rest.      Potential    Kinetic En.   Total Energy  Conserved En.
    1.97917e+03   -1.41182e+06    2.35644e+05   -1.17618e+06   -1.17234e+06
    Temperature Pressure (bar)   Constr. rmsd
    2.99256e+02   -9.73943e+01    2.89126e-06

           Step           Time
          37500       75.00000

   Energies (kJ/mol)
           Bond            U-B    Proper Dih.  Improper Dih.      CMAP Dih.
    6.05351e+03    1.78343e+04    1.15505e+04    1.03834e+03   -2.41317e+03
          LJ-14     Coulomb-14        LJ (SR)   Coulomb (SR)   Coul. recip.
    5.73112e+03    1.12435e+05    2.38932e+05   -1.81058e+06    4.53227e+03
 Position Rest.      Potential    Kinetic En.   Total Energy  Conserved En.
    1.95493e+03   -1.41293e+06    2.36582e+05   -1.17635e+06   -1.17238e+06
    Temperature Pressure (bar)   Constr. rmsd
    3.00447e+02   -1.11556e+02    3.05589e-06


DD  step 37999  vol min/aver 0.813  load imb.: force  2.0%  pme mesh/force 0.308
           Step           Time
          38000       76.00000

   Energies (kJ/mol)
           Bond            U-B    Proper Dih.  Improper Dih.      CMAP Dih.
    6.16388e+03    1.82033e+04    1.16107e+04    1.02431e+03   -2.50728e+03
          LJ-14     Coulomb-14        LJ (SR)   Coulomb (SR)   Coul. recip.
    5.65666e+03    1.12775e+05    2.37406e+05   -1.81027e+06    4.52454e+03
 Position Rest.      Potential    Kinetic En.   Total Energy  Conserved En.
    1.92344e+03   -1.41349e+06    2.35100e+05   -1.17839e+06   -1.17231e+06
    Temperature Pressure (bar)   Constr. rmsd
    2.98564e+02   -2.98094e+02    2.94884e-06

           Step           Time
          38500       77.00000

   Energies (kJ/mol)
           Bond            U-B    Proper Dih.  Improper Dih.      CMAP Dih.
    6.12651e+03    1.80526e+04    1.14834e+04    1.23244e+03   -2.44759e+03
          LJ-14     Coulomb-14        LJ (SR)   Coulomb (SR)   Coul. recip.
    5.73114e+03    1.13083e+05    2.43446e+05   -1.81706e+06    4.53849e+03
 Position Rest.      Potential    Kinetic En.   Total Energy  Conserved En.
    1.88035e+03   -1.41393e+06    2.34105e+05   -1.17983e+06   -1.17226e+06
    Temperature Pressure (bar)   Constr. rmsd
    2.97301e+02    1.79945e+02    2.89690e-06

           Step           Time
          39000       78.00000

   Energies (kJ/mol)
           Bond            U-B    Proper Dih.  Improper Dih.      CMAP Dih.
    6.10686e+03    1.77486e+04    1.14741e+04    1.11544e+03   -2.37991e+03
          LJ-14     Coulomb-14        LJ (SR)   Coulomb (SR)   Coul. recip.
    5.69274e+03    1.13067e+05    2.41116e+05   -1.81430e+06    4.59020e+03
 Position Rest.      Potential    Kinetic En.   Total Energy  Conserved En.
    1.91728e+03   -1.41385e+06    2.36149e+05   -1.17770e+06   -1.17228e+06
    Temperature Pressure (bar)   Constr. rmsd
    2.99898e+02   -1.01663e+02    3.22135e-06

           Step           Time
          39500       79.00000

   Energies (kJ/mol)
           Bond            U-B    Proper Dih.  Improper Dih.      CMAP Dih.
    6.10073e+03    1.81307e+04    1.17147e+04    1.03395e+03   -2.34480e+03
          LJ-14     Coulomb-14        LJ (SR)   Coulomb (SR)   Coul. recip.
    5.82336e+03    1.12889e+05    2.41530e+05   -1.81256e+06    4.68341e+03
 Position Rest.      Potential    Kinetic En.   Total Energy  Conserved En.
    2.00841e+03   -1.41099e+06    2.35132e+05   -1.17586e+06   -1.17223e+06
    Temperature Pressure (bar)   Constr. rmsd
    2.98605e+02    1.78424e+02    3.26117e-06


DD  step 39999  vol min/aver 0.800  load imb.: force  1.1%  pme mesh/force 0.302
           Step           Time
          40000       80.00000

   Energies (kJ/mol)
           Bond            U-B    Proper Dih.  Improper Dih.      CMAP Dih.
    6.11694e+03    1.77098e+04    1.14899e+04    1.10159e+03   -2.48331e+03
          LJ-14     Coulomb-14        LJ (SR)   Coulomb (SR)   Coul. recip.
    5.65788e+03    1.13320e+05    2.38912e+05   -1.81053e+06    4.56448e+03
 Position Rest.      Potential    Kinetic En.   Total Energy  Conserved En.
    1.84481e+03   -1.41230e+06    2.35096e+05   -1.17720e+06   -1.17226e+06
    Temperature Pressure (bar)   Constr. rmsd
    2.98560e+02    2.96890e+01    3.03363e-06

           Step           Time
          40500       81.00000

   Energies (kJ/mol)
           Bond            U-B    Proper Dih.  Improper Dih.      CMAP Dih.
    6.26901e+03    1.79994e+04    1.15661e+04    1.04158e+03   -2.48844e+03
          LJ-14     Coulomb-14        LJ (SR)   Coulomb (SR)   Coul. recip.
    5.58949e+03    1.12500e+05    2.41855e+05   -1.81217e+06    4.61907e+03
 Position Rest.      Potential    Kinetic En.   Total Energy  Conserved En.
    1.89362e+03   -1.41132e+06    2.35639e+05   -1.17568e+06   -1.17219e+06
    Temperature Pressure (bar)   Constr. rmsd
    2.99250e+02    5.34361e+01    3.04615e-06

           Step           Time
          41000       82.00000

   Energies (kJ/mol)
           Bond            U-B    Proper Dih.  Improper Dih.      CMAP Dih.
    6.20490e+03    1.83151e+04    1.15100e+04    1.08013e+03   -2.46240e+03
          LJ-14     Coulomb-14        LJ (SR)   Coulomb (SR)   Coul. recip.
    5.67631e+03    1.12453e+05    2.42006e+05   -1.81463e+06    4.67652e+03
 Position Rest.      Potential    Kinetic En.   Total Energy  Conserved En.
    1.94447e+03   -1.41322e+06    2.35620e+05   -1.17760e+06   -1.17218e+06
    Temperature Pressure (bar)   Constr. rmsd
    2.99226e+02   -9.43161e+01    3.01996e-06

           Step           Time
          41500       83.00000

   Energies (kJ/mol)
           Bond            U-B    Proper Dih.  Improper Dih.      CMAP Dih.
    6.06756e+03    1.84752e+04    1.17396e+04    1.15654e+03   -2.41096e+03
          LJ-14     Coulomb-14        LJ (SR)   Coulomb (SR)   Coul. recip.
    5.70045e+03    1.12863e+05    2.39358e+05   -1.81128e+06    4.53429e+03
 Position Rest.      Potential    Kinetic En.   Total Energy  Conserved En.
    2.02630e+03   -1.41176e+06    2.36810e+05   -1.17496e+06   -1.17215e+06
    Temperature Pressure (bar)   Constr. rmsd
    3.00736e+02   -1.01532e+02    3.20760e-06


DD  step 41999  vol min/aver 0.798  load imb.: force  1.6%  pme mesh/force 0.303
           Step           Time
          42000       84.00000

   Energies (kJ/mol)
           Bond            U-B    Proper Dih.  Improper Dih.      CMAP Dih.
    6.28464e+03    1.82487e+04    1.15687e+04    1.09609e+03   -2.42542e+03
          LJ-14     Coulomb-14        LJ (SR)   Coulomb (SR)   Coul. recip.
    5.73195e+03    1.12849e+05    2.40091e+05   -1.81038e+06    4.62047e+03
 Position Rest.      Potential    Kinetic En.   Total Energy  Conserved En.
    1.97363e+03   -1.41034e+06    2.37698e+05   -1.17264e+06   -1.17213e+06
    Temperature Pressure (bar)   Constr. rmsd
    3.01864e+02   -4.74822e+01    3.09810e-06

           Step           Time
          42500       85.00000

   Energies (kJ/mol)
           Bond            U-B    Proper Dih.  Improper Dih.      CMAP Dih.
    6.29441e+03    1.83259e+04    1.16176e+04    1.08289e+03   -2.48176e+03
          LJ-14     Coulomb-14        LJ (SR)   Coulomb (SR)   Coul. recip.
    5.76579e+03    1.12927e+05    2.40275e+05   -1.81107e+06    4.67469e+03
 Position Rest.      Potential    Kinetic En.   Total Energy  Conserved En.
    1.92125e+03   -1.41066e+06    2.37745e+05   -1.17292e+06   -1.17212e+06
    Temperature Pressure (bar)   Constr. rmsd
    3.01923e+02   -1.96284e-01    3.23293e-06

           Step           Time
          43000       86.00000

   Energies (kJ/mol)
           Bond            U-B    Proper Dih.  Improper Dih.      CMAP Dih.
    6.34788e+03    1.83686e+04    1.15408e+04    1.08317e+03   -2.40951e+03
          LJ-14     Coulomb-14        LJ (SR)   Coulomb (SR)   Coul. recip.
    5.81008e+03    1.12557e+05    2.39051e+05   -1.80949e+06    4.54253e+03
 Position Rest.      Potential    Kinetic En.   Total Energy  Conserved En.
    1.90074e+03   -1.41069e+06    2.37689e+05   -1.17300e+06   -1.17212e+06
    Temperature Pressure (bar)   Constr. rmsd
    3.01853e+02   -6.63617e+01    3.32602e-06

           Step           Time
          43500       87.00000

   Energies (kJ/mol)
           Bond            U-B    Proper Dih.  Improper Dih.      CMAP Dih.
    6.38571e+03    1.82759e+04    1.16117e+04    1.03668e+03   -2.51146e+03
          LJ-14     Coulomb-14        LJ (SR)   Coulomb (SR)   Coul. recip.
    5.79087e+03    1.12856e+05    2.38022e+05   -1.80830e+06    4.69917e+03
 Position Rest.      Potential    Kinetic En.   Total Energy  Conserved En.
    2.07667e+03   -1.41006e+06    2.36057e+05   -1.17400e+06   -1.17209e+06
    Temperature Pressure (bar)   Constr. rmsd
    2.99781e+02   -1.38619e+02    3.13742e-06


DD  step 43999  vol min/aver 0.799  load imb.: force  1.7%  pme mesh/force 0.307
           Step           Time
          44000       88.00000

   Energies (kJ/mol)
           Bond            U-B    Proper Dih.  Improper Dih.      CMAP Dih.
    6.18634e+03    1.82777e+04    1.17998e+04    1.12814e+03   -2.43794e+03
          LJ-14     Coulomb-14        LJ (SR)   Coulomb (SR)   Coul. recip.
    5.81522e+03    1.12936e+05    2.38522e+05   -1.80925e+06    4.65236e+03
 Position Rest.      Potential    Kinetic En.   Total Energy  Conserved En.
    1.95891e+03   -1.41041e+06    2.36188e+05   -1.17422e+06   -1.17205e+06
    Temperature Pressure (bar)   Constr. rmsd
    2.99946e+02   -8.39718e+01    3.01541e-06

           Step           Time
          44500       89.00000

   Energies (kJ/mol)
           Bond            U-B    Proper Dih.  Improper Dih.      CMAP Dih.
    5.99474e+03    1.81874e+04    1.15775e+04    1.05371e+03   -2.49856e+03
          LJ-14     Coulomb-14        LJ (SR)   Coulomb (SR)   Coul. recip.
    5.76476e+03    1.12918e+05    2.38986e+05   -1.80825e+06    4.67405e+03
 Position Rest.      Potential    Kinetic En.   Total Energy  Conserved En.
    1.96455e+03   -1.40963e+06    2.37417e+05   -1.17221e+06   -1.17206e+06
    Temperature Pressure (bar)   Constr. rmsd
    3.01507e+02   -6.30423e+01    3.04811e-06

           Step           Time
          45000       90.00000

   Energies (kJ/mol)
           Bond            U-B    Proper Dih.  Improper Dih.      CMAP Dih.
    6.29789e+03    1.82697e+04    1.15177e+04    1.07766e+03   -2.41767e+03
          LJ-14     Coulomb-14        LJ (SR)   Coulomb (SR)   Coul. recip.
    5.74424e+03    1.12592e+05    2.42150e+05   -1.81393e+06    4.73101e+03
 Position Rest.      Potential    Kinetic En.   Total Energy  Conserved En.
    1.96120e+03   -1.41200e+06    2.37401e+05   -1.17460e+06   -1.17202e+06
    Temperature Pressure (bar)   Constr. rmsd
    3.01487e+02    1.80174e+02    3.17692e-06

           Step           Time
          45500       91.00000

   Energies (kJ/mol)
           Bond            U-B    Proper Dih.  Improper Dih.      CMAP Dih.
    6.25586e+03    1.79561e+04    1.15410e+04    1.09735e+03   -2.37361e+03
          LJ-14     Coulomb-14        LJ (SR)   Coulomb (SR)   Coul. recip.
    5.65720e+03    1.12929e+05    2.39670e+05   -1.81251e+06    4.61649e+03
 Position Rest.      Potential    Kinetic En.   Total Energy  Conserved En.
    2.08036e+03   -1.41308e+06    2.37036e+05   -1.17605e+06   -1.17204e+06
    Temperature Pressure (bar)   Constr. rmsd
    3.01023e+02   -2.73314e+02    3.18336e-06


DD  step 45999  vol min/aver 0.781  load imb.: force  2.0%  pme mesh/force 0.305
           Step           Time
          46000       92.00000

   Energies (kJ/mol)
           Bond            U-B    Proper Dih.  Improper Dih.      CMAP Dih.
    6.17673e+03    1.82561e+04    1.15774e+04    1.09889e+03   -2.51992e+03
          LJ-14     Coulomb-14        LJ (SR)   Coulomb (SR)   Coul. recip.
    5.77042e+03    1.12981e+05    2.43011e+05   -1.81554e+06    4.57279e+03
 Position Rest.      Potential    Kinetic En.   Total Energy  Conserved En.
    1.88927e+03   -1.41273e+06    2.35122e+05   -1.17760e+06   -1.17192e+06
    Temperature Pressure (bar)   Constr. rmsd
    2.98593e+02    9.29716e+00    3.05178e-06

           Step           Time
          46500       93.00000

   Energies (kJ/mol)
           Bond            U-B    Proper Dih.  Improper Dih.      CMAP Dih.
    6.28783e+03    1.79833e+04    1.17726e+04    1.13234e+03   -2.56500e+03
          LJ-14     Coulomb-14        LJ (SR)   Coulomb (SR)   Coul. recip.
    5.74976e+03    1.12931e+05    2.42276e+05   -1.81480e+06    4.59972e+03
 Position Rest.      Potential    Kinetic En.   Total Energy  Conserved En.
    1.89288e+03   -1.41274e+06    2.36977e+05   -1.17576e+06   -1.17197e+06
    Temperature Pressure (bar)   Constr. rmsd
    3.00948e+02    2.07034e+02    3.24334e-06

           Step           Time
          47000       94.00000

   Energies (kJ/mol)
           Bond            U-B    Proper Dih.  Improper Dih.      CMAP Dih.
    6.22581e+03    1.81639e+04    1.17442e+04    1.09200e+03   -2.46702e+03
          LJ-14     Coulomb-14        LJ (SR)   Coulomb (SR)   Coul. recip.
    5.74362e+03    1.12662e+05    2.38904e+05   -1.81065e+06    4.48292e+03
 Position Rest.      Potential    Kinetic En.   Total Energy  Conserved En.
    1.93573e+03   -1.41217e+06    2.37515e+05   -1.17465e+06   -1.17196e+06
    Temperature Pressure (bar)   Constr. rmsd
    3.01632e+02   -1.09896e+02    3.09902e-06

           Step           Time
          47500       95.00000

   Energies (kJ/mol)
           Bond            U-B    Proper Dih.  Improper Dih.      CMAP Dih.
    6.34986e+03    1.84587e+04    1.15560e+04    1.03211e+03   -2.47395e+03
          LJ-14     Coulomb-14        LJ (SR)   Coulomb (SR)   Coul. recip.
    5.75572e+03    1.12619e+05    2.39514e+05   -1.81011e+06    4.75103e+03
 Position Rest.      Potential    Kinetic En.   Total Energy  Conserved En.
    1.95042e+03   -1.41060e+06    2.38006e+05   -1.17259e+06   -1.17192e+06
    Temperature Pressure (bar)   Constr. rmsd
    3.02256e+02   -2.06232e+01    3.04765e-06


DD  step 47999  vol min/aver 0.782  load imb.: force  1.1%  pme mesh/force 0.303
           Step           Time
          48000       96.00000

   Energies (kJ/mol)
           Bond            U-B    Proper Dih.  Improper Dih.      CMAP Dih.
    6.16061e+03    1.79644e+04    1.16297e+04    1.03580e+03   -2.49434e+03
          LJ-14     Coulomb-14        LJ (SR)   Coulomb (SR)   Coul. recip.
    5.55428e+03    1.12604e+05    2.41098e+05   -1.80990e+06    4.74516e+03
 Position Rest.      Potential    Kinetic En.   Total Energy  Conserved En.
    1.92695e+03   -1.40968e+06    2.34809e+05   -1.17487e+06   -1.17191e+06
    Temperature Pressure (bar)   Constr. rmsd
    2.98195e+02   -6.64769e+01    2.96588e-06

           Step           Time
          48500       97.00000

   Energies (kJ/mol)
           Bond            U-B    Proper Dih.  Improper Dih.      CMAP Dih.
    6.19892e+03    1.83528e+04    1.15503e+04    1.10509e+03   -2.42846e+03
          LJ-14     Coulomb-14        LJ (SR)   Coulomb (SR)   Coul. recip.
    5.73230e+03    1.12804e+05    2.41418e+05   -1.81360e+06    4.63493e+03
 Position Rest.      Potential    Kinetic En.   Total Energy  Conserved En.
    2.04326e+03   -1.41219e+06    2.34903e+05   -1.17729e+06   -1.17185e+06
    Temperature Pressure (bar)   Constr. rmsd
    2.98315e+02   -4.09488e+01    3.12906e-06

           Step           Time
          49000       98.00000

   Energies (kJ/mol)
           Bond            U-B    Proper Dih.  Improper Dih.      CMAP Dih.
    6.22682e+03    1.78547e+04    1.16239e+04    1.09218e+03   -2.51241e+03
          LJ-14     Coulomb-14        LJ (SR)   Coulomb (SR)   Coul. recip.
    5.68839e+03    1.12949e+05    2.40796e+05   -1.81290e+06    4.67838e+03
 Position Rest.      Potential    Kinetic En.   Total Energy  Conserved En.
    2.03283e+03   -1.41247e+06    2.35734e+05   -1.17673e+06   -1.17187e+06
    Temperature Pressure (bar)   Constr. rmsd
    2.99370e+02    2.12363e+01    3.09240e-06

           Step           Time
          49500       99.00000

   Energies (kJ/mol)
           Bond            U-B    Proper Dih.  Improper Dih.      CMAP Dih.
    5.86006e+03    1.79590e+04    1.16157e+04    1.14456e+03   -2.38965e+03
          LJ-14     Coulomb-14        LJ (SR)   Coulomb (SR)   Coul. recip.
    5.69877e+03    1.12780e+05    2.40317e+05   -1.81218e+06    4.62349e+03
 Position Rest.      Potential    Kinetic En.   Total Energy  Conserved En.
    2.02079e+03   -1.41255e+06    2.34871e+05   -1.17768e+06   -1.17187e+06
    Temperature Pressure (bar)   Constr. rmsd
    2.98275e+02   -1.40784e+02    2.96995e-06


DD  step 49999  vol min/aver 0.793  load imb.: force  1.3%  pme mesh/force 0.303
           Step           Time
          50000      100.00000

   Energies (kJ/mol)
           Bond            U-B    Proper Dih.  Improper Dih.      CMAP Dih.
    5.99764e+03    1.77031e+04    1.17020e+04    1.02679e+03   -2.43419e+03
          LJ-14     Coulomb-14        LJ (SR)   Coulomb (SR)   Coul. recip.
    5.76959e+03    1.13221e+05    2.42042e+05   -1.81494e+06    4.50284e+03
 Position Rest.      Potential    Kinetic En.   Total Energy  Conserved En.
    1.99523e+03   -1.41341e+06    2.36110e+05   -1.17730e+06   -1.17185e+06
    Temperature Pressure (bar)   Constr. rmsd
    2.99847e+02    2.34611e+01    2.97276e-06

           Step           Time
          50500      101.00000

   Energies (kJ/mol)
           Bond            U-B    Proper Dih.  Improper Dih.      CMAP Dih.
    6.20940e+03    1.85711e+04    1.16898e+04    1.19046e+03   -2.43307e+03
          LJ-14     Coulomb-14        LJ (SR)   Coulomb (SR)   Coul. recip.
    5.72478e+03    1.12787e+05    2.38921e+05   -1.80932e+06    4.70441e+03
 Position Rest.      Potential    Kinetic En.   Total Energy  Conserved En.
    2.05675e+03   -1.40990e+06    2.37488e+05   -1.17241e+06   -1.17183e+06
    Temperature Pressure (bar)   Constr. rmsd
    3.01597e+02   -1.30353e+02    2.98352e-06

           Step           Time
          51000      102.00000

   Energies (kJ/mol)
           Bond            U-B    Proper Dih.  Improper Dih.      CMAP Dih.
    6.18199e+03    1.78149e+04    1.16085e+04    1.07618e+03   -2.42042e+03
          LJ-14     Coulomb-14        LJ (SR)   Coulomb (SR)   Coul. recip.
    5.89032e+03    1.12929e+05    2.38693e+05   -1.80967e+06    4.63519e+03
 Position Rest.      Potential    Kinetic En.   Total Energy  Conserved En.
    1.95332e+03   -1.41131e+06    2.35692e+05   -1.17562e+06   -1.17181e+06
    Temperature Pressure (bar)   Constr. rmsd
    2.99316e+02   -9.28487e+01    2.97140e-06

           Step           Time
          51500      103.00000

   Energies (kJ/mol)
           Bond            U-B    Proper Dih.  Improper Dih.      CMAP Dih.
    6.38927e+03    1.82246e+04    1.15452e+04    1.10099e+03   -2.42983e+03
          LJ-14     Coulomb-14        LJ (SR)   Coulomb (SR)   Coul. recip.
    5.61116e+03    1.12872e+05    2.37985e+05   -1.80704e+06    4.77482e+03
 Position Rest.      Potential    Kinetic En.   Total Energy  Conserved En.
    1.97858e+03   -1.40899e+06    2.35910e+05   -1.17308e+06   -1.17176e+06
    Temperature Pressure (bar)   Constr. rmsd
    2.99594e+02   -1.81083e+02    2.98743e-06


DD  step 51999  vol min/aver 0.803  load imb.: force  1.9%  pme mesh/force 0.307
           Step           Time
          52000      104.00000

   Energies (kJ/mol)
           Bond            U-B    Proper Dih.  Improper Dih.      CMAP Dih.
    6.08750e+03    1.81952e+04    1.15854e+04    1.03280e+03   -2.44869e+03
          LJ-14     Coulomb-14        LJ (SR)   Coulomb (SR)   Coul. recip.
    5.73635e+03    1.12691e+05    2.39365e+05   -1.81004e+06    4.63175e+03
 Position Rest.      Potential    Kinetic En.   Total Energy  Conserved En.
    1.92755e+03   -1.41124e+06    2.36985e+05   -1.17425e+06   -1.17177e+06
    Temperature Pressure (bar)   Constr. rmsd
    3.00958e+02   -5.40856e+01    3.05739e-06

           Step           Time
          52500      105.00000

   Energies (kJ/mol)
           Bond            U-B    Proper Dih.  Improper Dih.      CMAP Dih.
    6.13936e+03    1.81633e+04    1.16306e+04    1.20071e+03   -2.47730e+03
          LJ-14     Coulomb-14        LJ (SR)   Coulomb (SR)   Coul. recip.
    5.77696e+03    1.12819e+05    2.38492e+05   -1.80878e+06    4.56195e+03
 Position Rest.      Potential    Kinetic En.   Total Energy  Conserved En.
    1.91902e+03   -1.41056e+06    2.36505e+05   -1.17405e+06   -1.17172e+06
    Temperature Pressure (bar)   Constr. rmsd
    3.00350e+02   -2.05777e+02    3.00630e-06

           Step           Time
          53000      106.00000

   Energies (kJ/mol)
           Bond            U-B    Proper Dih.  Improper Dih.      CMAP Dih.
    6.33563e+03    1.77499e+04    1.16224e+04    1.05158e+03   -2.50772e+03
          LJ-14     Coulomb-14        LJ (SR)   Coulomb (SR)   Coul. recip.
    5.69005e+03    1.13147e+05    2.40268e+05   -1.81073e+06    4.59823e+03
 Position Rest.      Potential    Kinetic En.   Total Energy  Conserved En.
    1.99150e+03   -1.41078e+06    2.37386e+05   -1.17339e+06   -1.17173e+06
    Temperature Pressure (bar)   Constr. rmsd
    3.01468e+02   -1.26553e+01    2.99101e-06

           Step           Time
          53500      107.00000

   Energies (kJ/mol)
           Bond            U-B    Proper Dih.  Improper Dih.      CMAP Dih.
    6.21264e+03    1.78811e+04    1.17119e+04    1.10039e+03   -2.46626e+03
          LJ-14     Coulomb-14        LJ (SR)   Coulomb (SR)   Coul. recip.
    5.81756e+03    1.13170e+05    2.43438e+05   -1.81701e+06    4.58527e+03
 Position Rest.      Potential    Kinetic En.   Total Energy  Conserved En.
    1.90263e+03   -1.41365e+06    2.37234e+05   -1.17642e+06   -1.17169e+06
    Temperature Pressure (bar)   Constr. rmsd
    3.01275e+02    1.47449e+02    3.11020e-06


DD  step 53999  vol min/aver 0.811  load imb.: force  0.9%  pme mesh/force 0.303
           Step           Time
          54000      108.00000

   Energies (kJ/mol)
           Bond            U-B    Proper Dih.  Improper Dih.      CMAP Dih.
    6.30894e+03    1.80817e+04    1.16953e+04    9.91016e+02   -2.44960e+03
          LJ-14     Coulomb-14        LJ (SR)   Coulomb (SR)   Coul. recip.
    5.81336e+03    1.12839e+05    2.42528e+05   -1.81422e+06    4.58530e+03
 Position Rest.      Potential    Kinetic En.   Total Energy  Conserved En.
    1.97422e+03   -1.41186e+06    2.35587e+05   -1.17627e+06   -1.17164e+06
    Temperature Pressure (bar)   Constr. rmsd
    2.99183e+02    1.21234e+02    3.17970e-06

           Step           Time
          54500      109.00000

   Energies (kJ/mol)
           Bond            U-B    Proper Dih.  Improper Dih.      CMAP Dih.
    6.22620e+03    1.80205e+04    1.16432e+04    1.10251e+03   -2.34296e+03
          LJ-14     Coulomb-14        LJ (SR)   Coulomb (SR)   Coul. recip.
    5.74294e+03    1.12772e+05    2.37519e+05   -1.80793e+06    4.61713e+03
 Position Rest.      Potential    Kinetic En.   Total Energy  Conserved En.
    2.05101e+03   -1.41058e+06    2.37003e+05   -1.17357e+06   -1.17168e+06
    Temperature Pressure (bar)   Constr. rmsd
    3.00982e+02   -1.21073e+02    3.12226e-06

           Step           Time
          55000      110.00000

   Energies (kJ/mol)
           Bond            U-B    Proper Dih.  Improper Dih.      CMAP Dih.
    6.14052e+03    1.84083e+04    1.15502e+04    1.05539e+03   -2.42821e+03
          LJ-14     Coulomb-14        LJ (SR)   Coulomb (SR)   Coul. recip.
    5.68720e+03    1.13008e+05    2.41864e+05   -1.81368e+06    4.61090e+03
 Position Rest.      Potential    Kinetic En.   Total Energy  Conserved En.
    2.06062e+03   -1.41173e+06    2.35003e+05   -1.17672e+06   -1.17159e+06
    Temperature Pressure (bar)   Constr. rmsd
    2.98441e+02    1.07400e+02    3.14271e-06

           Step           Time
          55500      111.00000

   Energies (kJ/mol)
           Bond            U-B    Proper Dih.  Improper Dih.      CMAP Dih.
    6.37652e+03    1.78976e+04    1.15170e+04    1.09957e+03   -2.37480e+03
          LJ-14     Coulomb-14        LJ (SR)   Coulomb (SR)   Coul. recip.
    5.82055e+03    1.12843e+05    2.39074e+05   -1.80981e+06    4.66777e+03
 Position Rest.      Potential    Kinetic En.   Total Energy  Conserved En.
    1.95352e+03   -1.41094e+06    2.36361e+05   -1.17457e+06   -1.17161e+06
    Temperature Pressure (bar)   Constr. rmsd
    3.00167e+02    2.68116e+01    3.35877e-06


DD  step 55999  vol min/aver 0.795  load imb.: force  1.3%  pme mesh/force 0.304
           Step           Time
          56000      112.00000

   Energies (kJ/mol)
           Bond            U-B    Proper Dih.  Improper Dih.      CMAP Dih.
    6.34390e+03    1.78746e+04    1.15295e+04    1.08168e+03   -2.40670e+03
          LJ-14     Coulomb-14        LJ (SR)   Coulomb (SR)   Coul. recip.
    5.69142e+03    1.12930e+05    2.39681e+05   -1.81019e+06    4.57733e+03
 Position Rest.      Potential    Kinetic En.   Total Energy  Conserved En.
    1.89643e+03   -1.41100e+06    2.38571e+05   -1.17243e+06   -1.17165e+06
    Temperature Pressure (bar)   Constr. rmsd
    3.02973e+02   -1.70737e+02    3.26037e-06

           Step           Time
          56500      113.00000

   Energies (kJ/mol)
           Bond            U-B    Proper Dih.  Improper Dih.      CMAP Dih.
    6.06575e+03    1.79488e+04    1.17363e+04    1.04945e+03   -2.55805e+03
          LJ-14     Coulomb-14        LJ (SR)   Coulomb (SR)   Coul. recip.
    5.83385e+03    1.12914e+05    2.41221e+05   -1.81112e+06    4.66901e+03
 Position Rest.      Potential    Kinetic En.   Total Energy  Conserved En.
    2.02300e+03   -1.41022e+06    2.36331e+05   -1.17388e+06   -1.17159e+06
    Temperature Pressure (bar)   Constr. rmsd
    3.00128e+02    1.11940e+02    3.25236e-06

           Step           Time
          57000      114.00000

   Energies (kJ/mol)
           Bond            U-B    Proper Dih.  Improper Dih.      CMAP Dih.
    6.18382e+03    1.79710e+04    1.16413e+04    1.09657e+03   -2.46285e+03
          LJ-14     Coulomb-14        LJ (SR)   Coulomb (SR)   Coul. recip.
    5.65814e+03    1.13030e+05    2.39720e+05   -1.81132e+06    4.64235e+03
 Position Rest.      Potential    Kinetic En.   Total Energy  Conserved En.
    1.99310e+03   -1.41185e+06    2.37678e+05   -1.17417e+06   -1.17158e+06
    Temperature Pressure (bar)   Constr. rmsd
    3.01839e+02   -5.65352e+01    3.11108e-06

           Step           Time
          57500      115.00000

   Energies (kJ/mol)
           Bond            U-B    Proper Dih.  Improper Dih.      CMAP Dih.
    6.24302e+03    1.79071e+04    1.14702e+04    1.06232e+03   -2.50836e+03
          LJ-14     Coulomb-14        LJ (SR)   Coulomb (SR)   Coul. recip.
    5.70498e+03    1.12387e+05    2.39627e+05   -1.81046e+06    4.50857e+03
 Position Rest.      Potential    Kinetic En.   Total Energy  Conserved En.
    1.99240e+03   -1.41207e+06    2.34927e+05   -1.17714e+06   -1.17155e+06
    Temperature Pressure (bar)   Constr. rmsd
    2.98345e+02   -8.51916e+01    3.15849e-06


DD  step 57999  vol min/aver 0.816  load imb.: force  1.6%  pme mesh/force 0.305
           Step           Time
          58000      116.00000

   Energies (kJ/mol)
           Bond            U-B    Proper Dih.  Improper Dih.      CMAP Dih.
    6.06739e+03    1.85006e+04    1.15629e+04    1.17307e+03   -2.55363e+03
          LJ-14     Coulomb-14        LJ (SR)   Coulomb (SR)   Coul. recip.
    5.78998e+03    1.13164e+05    2.39939e+05   -1.81209e+06    4.52778e+03
 Position Rest.      Potential    Kinetic En.   Total Energy  Conserved En.
    2.04571e+03   -1.41187e+06    2.36194e+05   -1.17568e+06   -1.17150e+06
    Temperature Pressure (bar)   Constr. rmsd
    2.99954e+02    6.57405e+01    2.98814e-06

           Step           Time
          58500      117.00000

   Energies (kJ/mol)
           Bond            U-B    Proper Dih.  Improper Dih.      CMAP Dih.
    6.26456e+03    1.81299e+04    1.15194e+04    1.05699e+03   -2.40599e+03
          LJ-14     Coulomb-14        LJ (SR)   Coulomb (SR)   Coul. recip.
    5.71218e+03    1.12785e+05    2.40057e+05   -1.80997e+06    4.60894e+03
 Position Rest.      Potential    Kinetic En.   Total Energy  Conserved En.
    2.07161e+03   -1.41017e+06    2.36842e+05   -1.17333e+06   -1.17148e+06
    Temperature Pressure (bar)   Constr. rmsd
    3.00777e+02   -1.26826e+02    3.06658e-06

           Step           Time
          59000      118.00000

   Energies (kJ/mol)
           Bond            U-B    Proper Dih.  Improper Dih.      CMAP Dih.
    6.05723e+03    1.81906e+04    1.14915e+04    1.12185e+03   -2.38150e+03
          LJ-14     Coulomb-14        LJ (SR)   Coulomb (SR)   Coul. recip.
    5.71782e+03    1.12870e+05    2.42290e+05   -1.81392e+06    4.61724e+03
 Position Rest.      Potential    Kinetic En.   Total Energy  Conserved En.
    1.98660e+03   -1.41196e+06    2.36481e+05   -1.17548e+06   -1.17144e+06
    Temperature Pressure (bar)   Constr. rmsd
    3.00319e+02    1.09130e+02    3.10124e-06

           Step           Time
          59500      119.00000

   Energies (kJ/mol)
           Bond            U-B    Proper Dih.  Improper Dih.      CMAP Dih.
    6.30236e+03    1.80847e+04    1.16239e+04    1.00591e+03   -2.47737e+03
          LJ-14     Coulomb-14        LJ (SR)   Coulomb (SR)   Coul. recip.
    5.78700e+03    1.13113e+05    2.39265e+05   -1.80887e+06    4.63117e+03
 Position Rest.      Potential    Kinetic En.   Total Energy  Conserved En.
    2.03886e+03   -1.40950e+06    2.36824e+05   -1.17267e+06   -1.17142e+06
    Temperature Pressure (bar)   Constr. rmsd
    3.00754e+02   -1.04549e+02    3.10252e-06


DD  step 59999  vol min/aver 0.805  load imb.: force  1.2%  pme mesh/force 0.300
           Step           Time
          60000      120.00000

   Energies (kJ/mol)
           Bond            U-B    Proper Dih.  Improper Dih.      CMAP Dih.
    6.09285e+03    1.78825e+04    1.16756e+04    1.08703e+03   -2.39407e+03
          LJ-14     Coulomb-14        LJ (SR)   Coulomb (SR)   Coul. recip.
    5.71240e+03    1.13003e+05    2.41595e+05   -1.81423e+06    4.49330e+03
 Position Rest.      Potential    Kinetic En.   Total Energy  Conserved En.
    2.02266e+03   -1.41306e+06    2.36405e+05   -1.17666e+06   -1.17144e+06
    Temperature Pressure (bar)   Constr. rmsd
    3.00222e+02    5.54733e+01    3.15416e-06

           Step           Time
          60500      121.00000

   Energies (kJ/mol)
           Bond            U-B    Proper Dih.  Improper Dih.      CMAP Dih.
    6.18778e+03    1.82671e+04    1.16474e+04    1.06627e+03   -2.44878e+03
          LJ-14     Coulomb-14        LJ (SR)   Coulomb (SR)   Coul. recip.
    5.64154e+03    1.12923e+05    2.39778e+05   -1.81182e+06    4.59765e+03
 Position Rest.      Potential    Kinetic En.   Total Energy  Conserved En.
    1.89165e+03   -1.41227e+06    2.36181e+05   -1.17609e+06   -1.17137e+06
    Temperature Pressure (bar)   Constr. rmsd
    2.99938e+02    2.52823e+01    3.14747e-06

           Step           Time
          61000      122.00000

   Energies (kJ/mol)
           Bond            U-B    Proper Dih.  Improper Dih.      CMAP Dih.
    5.98439e+03    1.80212e+04    1.16026e+04    1.11782e+03   -2.36344e+03
          LJ-14     Coulomb-14        LJ (SR)   Coulomb (SR)   Coul. recip.
    5.75233e+03    1.13314e+05    2.39362e+05   -1.81121e+06    4.60763e+03
 Position Rest.      Potential    Kinetic En.   Total Energy  Conserved En.
    1.94243e+03   -1.41186e+06    2.35365e+05   -1.17650e+06   -1.17140e+06
    Temperature Pressure (bar)   Constr. rmsd
    2.98901e+02    3.08728e+01    3.02800e-06

           Step           Time
          61500      123.00000

   Energies (kJ/mol)
           Bond            U-B    Proper Dih.  Improper Dih.      CMAP Dih.
    6.28528e+03    1.81810e+04    1.15295e+04    1.10052e+03   -2.40023e+03
          LJ-14     Coulomb-14        LJ (SR)   Coulomb (SR)   Coul. recip.
    5.67571e+03    1.12864e+05    2.39778e+05   -1.80944e+06    4.66481e+03
 Position Rest.      Potential    Kinetic En.   Total Energy  Conserved En.
    1.95260e+03   -1.40981e+06    2.36364e+05   -1.17345e+06   -1.17134e+06
    Temperature Pressure (bar)   Constr. rmsd
    3.00170e+02    8.79985e+00    3.12023e-06


DD  step 61999  vol min/aver 0.810  load imb.: force  0.9%  pme mesh/force 0.301
           Step           Time
          62000      124.00000

   Energies (kJ/mol)
           Bond            U-B    Proper Dih.  Improper Dih.      CMAP Dih.
    6.16934e+03    1.80770e+04    1.15792e+04    1.11392e+03   -2.46013e+03
          LJ-14     Coulomb-14        LJ (SR)   Coulomb (SR)   Coul. recip.
    5.64193e+03    1.12905e+05    2.39904e+05   -1.81016e+06    4.61398e+03
 Position Rest.      Potential    Kinetic En.   Total Energy  Conserved En.
    1.94322e+03   -1.41068e+06    2.35539e+05   -1.17514e+06   -1.17135e+06
    Temperature Pressure (bar)   Constr. rmsd
    2.99122e+02   -9.28961e+01    3.09327e-06

           Step           Time
          62500      125.00000

   Energies (kJ/mol)
           Bond            U-B    Proper Dih.  Improper Dih.      CMAP Dih.
    6.35736e+03    1.82083e+04    1.16467e+04    1.06144e+03   -2.42767e+03
          LJ-14     Coulomb-14        LJ (SR)   Coulomb (SR)   Coul. recip.
    5.70118e+03    1.12454e+05    2.39628e+05   -1.81012e+06    4.58311e+03
 Position Rest.      Potential    Kinetic En.   Total Energy  Conserved En.
    1.93718e+03   -1.41097e+06    2.36376e+05   -1.17459e+06   -1.17132e+06
    Temperature Pressure (bar)   Constr. rmsd
    3.00185e+02   -1.54745e+01    3.14770e-06

           Step           Time
          63000      126.00000

   Energies (kJ/mol)
           Bond            U-B    Proper Dih.  Improper Dih.      CMAP Dih.
    6.40110e+03    1.84128e+04    1.17430e+04    1.06676e+03   -2.46286e+03
          LJ-14     Coulomb-14        LJ (SR)   Coulomb (SR)   Coul. recip.
    5.72094e+03    1.12798e+05    2.38468e+05   -1.80874e+06    4.59754e+03
 Position Rest.      Potential    Kinetic En.   Total Energy  Conserved En.
    2.00057e+03   -1.40999e+06    2.38027e+05   -1.17197e+06   -1.17131e+06
    Temperature Pressure (bar)   Constr. rmsd
    3.02282e+02   -1.03315e+02    3.01087e-06

           Step           Time
          63500      127.00000

   Energies (kJ/mol)
           Bond            U-B    Proper Dih.  Improper Dih.      CMAP Dih.
    6.25705e+03    1.81605e+04    1.16471e+04    1.11700e+03   -2.43009e+03
          LJ-14     Coulomb-14        LJ (SR)   Coulomb (SR)   Coul. recip.
    5.66738e+03    1.12990e+05    2.41766e+05   -1.81304e+06    4.64002e+03
 Position Rest.      Potential    Kinetic En.   Total Energy  Conserved En.
    1.92714e+03   -1.41130e+06    2.36931e+05   -1.17437e+06   -1.17129e+06
    Temperature Pressure (bar)   Constr. rmsd
    3.00890e+02    4.28966e+01    3.01922e-06

Writing checkpoint, step 63680 at Mon Oct  5 04:54:18 2020



DD  step 63999  vol min/aver 0.786  load imb.: force  1.6%  pme mesh/force 0.301
           Step           Time
          64000      128.00000

   Energies (kJ/mol)
           Bond            U-B    Proper Dih.  Improper Dih.      CMAP Dih.
    6.12232e+03    1.78030e+04    1.16710e+04    9.57439e+02   -2.45991e+03
          LJ-14     Coulomb-14        LJ (SR)   Coulomb (SR)   Coul. recip.
    5.77475e+03    1.13147e+05    2.39028e+05   -1.81194e+06    4.66495e+03
 Position Rest.      Potential    Kinetic En.   Total Energy  Conserved En.
    2.05393e+03   -1.41318e+06    2.35438e+05   -1.17774e+06   -1.17128e+06
    Temperature Pressure (bar)   Constr. rmsd
    2.98995e+02   -1.13217e+02    3.02285e-06

           Step           Time
          64500      129.00000

   Energies (kJ/mol)
           Bond            U-B    Proper Dih.  Improper Dih.      CMAP Dih.
    6.09725e+03    1.81562e+04    1.16453e+04    1.18705e+03   -2.43957e+03
          LJ-14     Coulomb-14        LJ (SR)   Coulomb (SR)   Coul. recip.
    5.65842e+03    1.12759e+05    2.41388e+05   -1.81317e+06    4.68349e+03
 Position Rest.      Potential    Kinetic En.   Total Energy  Conserved En.
    2.08422e+03   -1.41195e+06    2.35642e+05   -1.17631e+06   -1.17123e+06
    Temperature Pressure (bar)   Constr. rmsd
    2.99253e+02   -3.23197e+01    3.02249e-06

           Step           Time
          65000      130.00000

   Energies (kJ/mol)
           Bond            U-B    Proper Dih.  Improper Dih.      CMAP Dih.
    5.99071e+03    1.81255e+04    1.16696e+04    1.14203e+03   -2.39102e+03
          LJ-14     Coulomb-14        LJ (SR)   Coulomb (SR)   Coul. recip.
    5.79953e+03    1.12721e+05    2.40270e+05   -1.80884e+06    4.67597e+03
 Position Rest.      Potential    Kinetic En.   Total Energy  Conserved En.
    1.90385e+03   -1.40893e+06    2.36846e+05   -1.17208e+06   -1.17124e+06
    Temperature Pressure (bar)   Constr. rmsd
    3.00782e+02    9.07118e+01    3.11827e-06

           Step           Time
          65500      131.00000

   Energies (kJ/mol)
           Bond            U-B    Proper Dih.  Improper Dih.      CMAP Dih.
    6.44989e+03    1.82164e+04    1.17968e+04    1.15198e+03   -2.48337e+03
          LJ-14     Coulomb-14        LJ (SR)   Coulomb (SR)   Coul. recip.
    5.74141e+03    1.12716e+05    2.39395e+05   -1.80832e+06    4.60829e+03
 Position Rest.      Potential    Kinetic En.   Total Energy  Conserved En.
    1.90881e+03   -1.40882e+06    2.37345e+05   -1.17147e+06   -1.17120e+06
    Temperature Pressure (bar)   Constr. rmsd
    3.01416e+02   -4.01595e+01    3.15347e-06


DD  step 65999  vol min/aver 0.816  load imb.: force  1.6%  pme mesh/force 0.305
           Step           Time
          66000      132.00000

   Energies (kJ/mol)
           Bond            U-B    Proper Dih.  Improper Dih.      CMAP Dih.
    6.16500e+03    1.80213e+04    1.15980e+04    1.10171e+03   -2.40502e+03
          LJ-14     Coulomb-14        LJ (SR)   Coulomb (SR)   Coul. recip.
    5.74865e+03    1.12921e+05    2.39119e+05   -1.80931e+06    4.68915e+03
 Position Rest.      Potential    Kinetic En.   Total Energy  Conserved En.
    2.01505e+03   -1.41033e+06    2.35689e+05   -1.17465e+06   -1.17117e+06
    Temperature Pressure (bar)   Constr. rmsd
    2.99313e+02   -8.05014e+01    3.14723e-06

           Step           Time
          66500      133.00000

   Energies (kJ/mol)
           Bond            U-B    Proper Dih.  Improper Dih.      CMAP Dih.
    6.08291e+03    1.81859e+04    1.16343e+04    1.05916e+03   -2.51746e+03
          LJ-14     Coulomb-14        LJ (SR)   Coulomb (SR)   Coul. recip.
    5.71180e+03    1.13014e+05    2.40652e+05   -1.81138e+06    4.70450e+03
 Position Rest.      Potential    Kinetic En.   Total Energy  Conserved En.
    1.96601e+03   -1.41088e+06    2.35657e+05   -1.17523e+06   -1.17117e+06
    Temperature Pressure (bar)   Constr. rmsd
    2.99272e+02    2.82753e+01    2.97263e-06

           Step           Time
          67000      134.00000

   Energies (kJ/mol)
           Bond            U-B    Proper Dih.  Improper Dih.      CMAP Dih.
    6.33393e+03    1.79025e+04    1.14855e+04    1.06579e+03   -2.43828e+03
          LJ-14     Coulomb-14        LJ (SR)   Coulomb (SR)   Coul. recip.
    5.71997e+03    1.12548e+05    2.39015e+05   -1.81034e+06    4.63938e+03
 Position Rest.      Potential    Kinetic En.   Total Energy  Conserved En.
    1.96226e+03   -1.41210e+06    2.35742e+05   -1.17636e+06   -1.17114e+06
    Temperature Pressure (bar)   Constr. rmsd
    2.99380e+02   -7.45009e+01    3.04228e-06

           Step           Time
          67500      135.00000

   Energies (kJ/mol)
           Bond            U-B    Proper Dih.  Improper Dih.      CMAP Dih.
    6.10226e+03    1.79980e+04    1.17239e+04    1.09551e+03   -2.46683e+03
          LJ-14     Coulomb-14        LJ (SR)   Coulomb (SR)   Coul. recip.
    5.87266e+03    1.13203e+05    2.38655e+05   -1.81047e+06    4.57373e+03
 Position Rest.      Potential    Kinetic En.   Total Energy  Conserved En.
    2.04778e+03   -1.41167e+06    2.36246e+05   -1.17542e+06   -1.17114e+06
    Temperature Pressure (bar)   Constr. rmsd
    3.00021e+02    2.14528e+01    3.13602e-06


DD  step 67999  vol min/aver 0.788  load imb.: force  1.9%  pme mesh/force 0.304
           Step           Time
          68000      136.00000

   Energies (kJ/mol)
           Bond            U-B    Proper Dih.  Improper Dih.      CMAP Dih.
    6.27273e+03    1.80836e+04    1.16306e+04    1.18598e+03   -2.46040e+03
          LJ-14     Coulomb-14        LJ (SR)   Coulomb (SR)   Coul. recip.
    5.63453e+03    1.12440e+05    2.40020e+05   -1.81098e+06    4.71080e+03
 Position Rest.      Potential    Kinetic En.   Total Energy  Conserved En.
    2.02057e+03   -1.41144e+06    2.37337e+05   -1.17410e+06   -1.17112e+06
    Temperature Pressure (bar)   Constr. rmsd
    3.01406e+02   -5.49270e+01    3.14702e-06

           Step           Time
          68500      137.00000

   Energies (kJ/mol)
           Bond            U-B    Proper Dih.  Improper Dih.      CMAP Dih.
    6.26598e+03    1.81394e+04    1.15258e+04    1.13346e+03   -2.41855e+03
          LJ-14     Coulomb-14        LJ (SR)   Coulomb (SR)   Coul. recip.
    5.64098e+03    1.13038e+05    2.38937e+05   -1.80872e+06    4.57436e+03
 Position Rest.      Potential    Kinetic En.   Total Energy  Conserved En.
    1.96862e+03   -1.40991e+06    2.34880e+05   -1.17503e+06   -1.17105e+06
    Temperature Pressure (bar)   Constr. rmsd
    2.98285e+02   -1.48946e+02    3.17046e-06

           Step           Time
          69000      138.00000

   Energies (kJ/mol)
           Bond            U-B    Proper Dih.  Improper Dih.      CMAP Dih.
    6.16628e+03    1.80908e+04    1.16048e+04    1.06848e+03   -2.42508e+03
          LJ-14     Coulomb-14        LJ (SR)   Coulomb (SR)   Coul. recip.
    5.81706e+03    1.12838e+05    2.41944e+05   -1.81267e+06    4.55117e+03
 Position Rest.      Potential    Kinetic En.   Total Energy  Conserved En.
    1.96531e+03   -1.41105e+06    2.36612e+05   -1.17444e+06   -1.17107e+06
    Temperature Pressure (bar)   Constr. rmsd
    3.00485e+02    2.04609e+02    2.97759e-06

           Step           Time
          69500      139.00000

   Energies (kJ/mol)
           Bond            U-B    Proper Dih.  Improper Dih.      CMAP Dih.
    6.41326e+03    1.81688e+04    1.15847e+04    1.18857e+03   -2.44395e+03
          LJ-14     Coulomb-14        LJ (SR)   Coulomb (SR)   Coul. recip.
    5.76891e+03    1.12386e+05    2.38784e+05   -1.81049e+06    4.70684e+03
 Position Rest.      Potential    Kinetic En.   Total Energy  Conserved En.
    2.03634e+03   -1.41190e+06    2.37258e+05   -1.17464e+06   -1.17104e+06
    Temperature Pressure (bar)   Constr. rmsd
    3.01305e+02   -7.64450e+01    3.07914e-06


DD  step 69999  vol min/aver 0.820  load imb.: force  1.2%  pme mesh/force 0.300
           Step           Time
          70000      140.00000

   Energies (kJ/mol)
           Bond            U-B    Proper Dih.  Improper Dih.      CMAP Dih.
    6.24536e+03    1.85883e+04    1.16533e+04    1.11348e+03   -2.51796e+03
          LJ-14     Coulomb-14        LJ (SR)   Coulomb (SR)   Coul. recip.
    5.67396e+03    1.12398e+05    2.39308e+05   -1.81149e+06    4.59615e+03
 Position Rest.      Potential    Kinetic En.   Total Energy  Conserved En.
    2.02111e+03   -1.41241e+06    2.36711e+05   -1.17570e+06   -1.17101e+06
    Temperature Pressure (bar)   Constr. rmsd
    3.00611e+02    7.52344e+01    3.08773e-06

           Step           Time
          70500      141.00000

   Energies (kJ/mol)
           Bond            U-B    Proper Dih.  Improper Dih.      CMAP Dih.
    6.00825e+03    1.81490e+04    1.15505e+04    1.09646e+03   -2.40445e+03
          LJ-14     Coulomb-14        LJ (SR)   Coulomb (SR)   Coul. recip.
    5.71822e+03    1.12720e+05    2.39823e+05   -1.81279e+06    4.63444e+03
 Position Rest.      Potential    Kinetic En.   Total Energy  Conserved En.
    1.93468e+03   -1.41356e+06    2.36808e+05   -1.17675e+06   -1.17102e+06
    Temperature Pressure (bar)   Constr. rmsd
    3.00733e+02   -1.31685e+01    3.10860e-06

           Step           Time
          71000      142.00000

   Energies (kJ/mol)
           Bond            U-B    Proper Dih.  Improper Dih.      CMAP Dih.
    6.14189e+03    1.80265e+04    1.14852e+04    1.14113e+03   -2.46431e+03
          LJ-14     Coulomb-14        LJ (SR)   Coulomb (SR)   Coul. recip.
    5.85584e+03    1.12637e+05    2.39566e+05   -1.81064e+06    4.70049e+03
 Position Rest.      Potential    Kinetic En.   Total Energy  Conserved En.
    1.89347e+03   -1.41166e+06    2.34942e+05   -1.17672e+06   -1.17097e+06
    Temperature Pressure (bar)   Constr. rmsd
    2.98365e+02    3.27975e+01    3.03821e-06

           Step           Time
          71500      143.00000

   Energies (kJ/mol)
           Bond            U-B    Proper Dih.  Improper Dih.      CMAP Dih.
    6.10269e+03    1.81230e+04    1.15673e+04    1.03068e+03   -2.51143e+03
          LJ-14     Coulomb-14        LJ (SR)   Coulomb (SR)   Coul. recip.
    5.72072e+03    1.12986e+05    2.44001e+05   -1.81637e+06    4.66884e+03
 Position Rest.      Potential    Kinetic En.   Total Energy  Conserved En.
    1.92503e+03   -1.41276e+06    2.36240e+05   -1.17652e+06   -1.17096e+06
    Temperature Pressure (bar)   Constr. rmsd
    3.00013e+02    2.54578e+02    3.07063e-06


DD  step 71999  vol min/aver 0.817  load imb.: force  1.4%  pme mesh/force 0.302
           Step           Time
          72000      144.00000

   Energies (kJ/mol)
           Bond            U-B    Proper Dih.  Improper Dih.      CMAP Dih.
    6.16104e+03    1.78691e+04    1.15016e+04    1.13835e+03   -2.48278e+03
          LJ-14     Coulomb-14        LJ (SR)   Coulomb (SR)   Coul. recip.
    5.73129e+03    1.12815e+05    2.42754e+05   -1.81536e+06    4.53913e+03
 Position Rest.      Potential    Kinetic En.   Total Energy  Conserved En.
    1.98729e+03   -1.41334e+06    2.37385e+05   -1.17596e+06   -1.17095e+06
    Temperature Pressure (bar)   Constr. rmsd
    3.01466e+02    8.62860e+01    3.09894e-06

           Step           Time
          72500      145.00000

   Energies (kJ/mol)
           Bond            U-B    Proper Dih.  Improper Dih.      CMAP Dih.
    6.03059e+03    1.84957e+04    1.15671e+04    1.05964e+03   -2.48480e+03
          LJ-14     Coulomb-14        LJ (SR)   Coulomb (SR)   Coul. recip.
    5.79341e+03    1.12913e+05    2.40165e+05   -1.81114e+06    4.52193e+03
 Position Rest.      Potential    Kinetic En.   Total Energy  Conserved En.
    2.01847e+03   -1.41106e+06    2.36893e+05   -1.17417e+06   -1.17092e+06
    Temperature Pressure (bar)   Constr. rmsd
    3.00842e+02   -5.46211e+01    3.24304e-06

           Step           Time
          73000      146.00000

   Energies (kJ/mol)
           Bond            U-B    Proper Dih.  Improper Dih.      CMAP Dih.
    6.31199e+03    1.83098e+04    1.14918e+04    1.07272e+03   -2.45733e+03
          LJ-14     Coulomb-14        LJ (SR)   Coulomb (SR)   Coul. recip.
    5.57345e+03    1.12511e+05    2.41681e+05   -1.81262e+06    4.66325e+03
 Position Rest.      Potential    Kinetic En.   Total Energy  Conserved En.
    1.91866e+03   -1.41154e+06    2.35640e+05   -1.17590e+06   -1.17088e+06
    Temperature Pressure (bar)   Constr. rmsd
    2.99250e+02    5.77019e+01    3.18849e-06

           Step           Time
          73500      147.00000

   Energies (kJ/mol)
           Bond            U-B    Proper Dih.  Improper Dih.      CMAP Dih.
    6.11262e+03    1.83109e+04    1.16408e+04    1.04867e+03   -2.47997e+03
          LJ-14     Coulomb-14        LJ (SR)   Coulomb (SR)   Coul. recip.
    5.66915e+03    1.13241e+05    2.38864e+05   -1.80975e+06    4.51150e+03
 Position Rest.      Potential    Kinetic En.   Total Energy  Conserved En.
    1.89056e+03   -1.41094e+06    2.36961e+05   -1.17398e+06   -1.17090e+06
    Temperature Pressure (bar)   Constr. rmsd
    3.00928e+02   -5.77065e+01    2.98805e-06


DD  step 73999  vol min/aver 0.807  load imb.: force  2.0%  pme mesh/force 0.302
           Step           Time
          74000      148.00000

   Energies (kJ/mol)
           Bond            U-B    Proper Dih.  Improper Dih.      CMAP Dih.
    6.25910e+03    1.84646e+04    1.15443e+04    1.08336e+03   -2.41498e+03
          LJ-14     Coulomb-14        LJ (SR)   Coulomb (SR)   Coul. recip.
    5.65496e+03    1.12328e+05    2.41902e+05   -1.81361e+06    4.54831e+03
 Position Rest.      Potential    Kinetic En.   Total Energy  Conserved En.
    2.11279e+03   -1.41213e+06    2.35459e+05   -1.17667e+06   -1.17086e+06
    Temperature Pressure (bar)   Constr. rmsd
    2.99021e+02    9.53860e+00    3.00367e-06

           Step           Time
          74500      149.00000

   Energies (kJ/mol)
           Bond            U-B    Proper Dih.  Improper Dih.      CMAP Dih.
    6.31445e+03    1.82183e+04    1.16099e+04    1.04470e+03   -2.42010e+03
          LJ-14     Coulomb-14        LJ (SR)   Coulomb (SR)   Coul. recip.
    5.67366e+03    1.12853e+05    2.43271e+05   -1.81516e+06    4.59879e+03
 Position Rest.      Potential    Kinetic En.   Total Energy  Conserved En.
    1.87256e+03   -1.41212e+06    2.37192e+05   -1.17493e+06   -1.17082e+06
    Temperature Pressure (bar)   Constr. rmsd
    3.01222e+02    2.02683e+02    3.10593e-06

           Step           Time
          75000      150.00000

   Energies (kJ/mol)
           Bond            U-B    Proper Dih.  Improper Dih.      CMAP Dih.
    6.26628e+03    1.83462e+04    1.15901e+04    1.10006e+03   -2.48675e+03
          LJ-14     Coulomb-14        LJ (SR)   Coulomb (SR)   Coul. recip.
    5.71985e+03    1.12798e+05    2.40137e+05   -1.81185e+06    4.59470e+03
 Position Rest.      Potential    Kinetic En.   Total Energy  Conserved En.
    1.93881e+03   -1.41185e+06    2.37142e+05   -1.17470e+06   -1.17081e+06
    Temperature Pressure (bar)   Constr. rmsd
    3.01158e+02    3.81200e+01    3.26812e-06

           Step           Time
          75500      151.00000

   Energies (kJ/mol)
           Bond            U-B    Proper Dih.  Improper Dih.      CMAP Dih.
    6.31487e+03    1.77662e+04    1.16259e+04    1.09673e+03   -2.40892e+03
          LJ-14     Coulomb-14        LJ (SR)   Coulomb (SR)   Coul. recip.
    5.76431e+03    1.12750e+05    2.39188e+05   -1.81091e+06    4.66179e+03
 Position Rest.      Potential    Kinetic En.   Total Energy  Conserved En.
    2.03172e+03   -1.41212e+06    2.36661e+05   -1.17546e+06   -1.17084e+06
    Temperature Pressure (bar)   Constr. rmsd
    3.00548e+02   -1.92251e+02    3.14318e-06


DD  step 75999  vol min/aver 0.792  load imb.: force  1.5%  pme mesh/force 0.304
           Step           Time
          76000      152.00000

   Energies (kJ/mol)
           Bond            U-B    Proper Dih.  Improper Dih.      CMAP Dih.
    6.18884e+03    1.79131e+04    1.15994e+04    1.08942e+03   -2.51151e+03
          LJ-14     Coulomb-14        LJ (SR)   Coulomb (SR)   Coul. recip.
    5.76810e+03    1.12497e+05    2.40344e+05   -1.81291e+06    4.57966e+03
 Position Rest.      Potential    Kinetic En.   Total Energy  Conserved En.
    2.03605e+03   -1.41341e+06    2.35902e+05   -1.17750e+06   -1.17079e+06
    Temperature Pressure (bar)   Constr. rmsd
    2.99584e+02   -2.08953e+02    3.18625e-06

           Step           Time
          76500      153.00000

   Energies (kJ/mol)
           Bond            U-B    Proper Dih.  Improper Dih.      CMAP Dih.
    6.17552e+03    1.82598e+04    1.16779e+04    1.09707e+03   -2.47013e+03
          LJ-14     Coulomb-14        LJ (SR)   Coulomb (SR)   Coul. recip.
    5.80295e+03    1.12742e+05    2.37187e+05   -1.80869e+06    4.59420e+03
 Position Rest.      Potential    Kinetic En.   Total Energy  Conserved En.
    1.98290e+03   -1.41164e+06    2.37291e+05   -1.17435e+06   -1.17076e+06
    Temperature Pressure (bar)   Constr. rmsd
    3.01347e+02   -9.59905e+01    3.13387e-06

           Step           Time
          77000      154.00000

   Energies (kJ/mol)
           Bond            U-B    Proper Dih.  Improper Dih.      CMAP Dih.
    6.38478e+03    1.81278e+04    1.16065e+04    1.09270e+03   -2.53485e+03
          LJ-14     Coulomb-14        LJ (SR)   Coulomb (SR)   Coul. recip.
    5.68319e+03    1.12620e+05    2.39601e+05   -1.81065e+06    4.66709e+03
 Position Rest.      Potential    Kinetic En.   Total Energy  Conserved En.
    2.03469e+03   -1.41137e+06    2.35851e+05   -1.17552e+06   -1.17073e+06
    Temperature Pressure (bar)   Constr. rmsd
    2.99519e+02   -1.11199e+02    3.19520e-06

           Step           Time
          77500      155.00000

   Energies (kJ/mol)
           Bond            U-B    Proper Dih.  Improper Dih.      CMAP Dih.
    6.10694e+03    1.83810e+04    1.15594e+04    1.04454e+03   -2.42312e+03
          LJ-14     Coulomb-14        LJ (SR)   Coulomb (SR)   Coul. recip.
    5.75945e+03    1.12772e+05    2.40752e+05   -1.81127e+06    4.57462e+03
 Position Rest.      Potential    Kinetic En.   Total Energy  Conserved En.
    2.01029e+03   -1.41073e+06    2.36264e+05   -1.17447e+06   -1.17074e+06
    Temperature Pressure (bar)   Constr. rmsd
    3.00043e+02    1.30715e+02    3.11415e-06


DD  step 77999  vol min/aver 0.800  load imb.: force  1.3%  pme mesh/force 0.302
           Step           Time
          78000      156.00000

   Energies (kJ/mol)
           Bond            U-B    Proper Dih.  Improper Dih.      CMAP Dih.
    6.15828e+03    1.80145e+04    1.15590e+04    1.04731e+03   -2.45197e+03
          LJ-14     Coulomb-14        LJ (SR)   Coulomb (SR)   Coul. recip.
    5.77687e+03    1.13118e+05    2.42372e+05   -1.81278e+06    4.62775e+03
 Position Rest.      Potential    Kinetic En.   Total Energy  Conserved En.
    2.00296e+03   -1.41056e+06    2.36567e+05   -1.17399e+06   -1.17070e+06
    Temperature Pressure (bar)   Constr. rmsd
    3.00427e+02    1.98188e+02    3.13483e-06

           Step           Time
          78500      157.00000

   Energies (kJ/mol)
           Bond            U-B    Proper Dih.  Improper Dih.      CMAP Dih.
    5.91432e+03    1.80811e+04    1.16084e+04    1.07458e+03   -2.51242e+03
          LJ-14     Coulomb-14        LJ (SR)   Coulomb (SR)   Coul. recip.
    5.75027e+03    1.12879e+05    2.38178e+05   -1.81001e+06    4.60137e+03
 Position Rest.      Potential    Kinetic En.   Total Energy  Conserved En.
    1.88211e+03   -1.41255e+06    2.34369e+05   -1.17818e+06   -1.17065e+06
    Temperature Pressure (bar)   Constr. rmsd
    2.97636e+02   -2.28945e+02    3.05835e-06

           Step           Time
          79000      158.00000

   Energies (kJ/mol)
           Bond            U-B    Proper Dih.  Improper Dih.      CMAP Dih.
    6.20500e+03    1.81537e+04    1.16067e+04    1.06846e+03   -2.42407e+03
          LJ-14     Coulomb-14        LJ (SR)   Coulomb (SR)   Coul. recip.
    5.73494e+03    1.12887e+05    2.41364e+05   -1.81182e+06    4.67733e+03
 Position Rest.      Potential    Kinetic En.   Total Energy  Conserved En.
    1.98029e+03   -1.41056e+06    2.37026e+05   -1.17354e+06   -1.17064e+06
    Temperature Pressure (bar)   Constr. rmsd
    3.01011e+02    1.93111e+01    3.23966e-06

           Step           Time
          79500      159.00000

   Energies (kJ/mol)
           Bond            U-B    Proper Dih.  Improper Dih.      CMAP Dih.
    6.14106e+03    1.81630e+04    1.15669e+04    1.08673e+03   -2.42760e+03
          LJ-14     Coulomb-14        LJ (SR)   Coulomb (SR)   Coul. recip.
    5.71066e+03    1.12803e+05    2.43676e+05   -1.81477e+06    4.69378e+03
 Position Rest.      Potential    Kinetic En.   Total Energy  Conserved En.
    1.92310e+03   -1.41143e+06    2.36491e+05   -1.17494e+06   -1.17060e+06
    Temperature Pressure (bar)   Constr. rmsd
    3.00331e+02    1.16402e+02    3.14802e-06


DD  step 79999  vol min/aver 0.813  load imb.: force  1.4%  pme mesh/force 0.301
           Step           Time
          80000      160.00000

   Energies (kJ/mol)
           Bond            U-B    Proper Dih.  Improper Dih.      CMAP Dih.
    6.00260e+03    1.76947e+04    1.15834e+04    1.13741e+03   -2.51374e+03
          LJ-14     Coulomb-14        LJ (SR)   Coulomb (SR)   Coul. recip.
    5.86757e+03    1.13112e+05    2.40696e+05   -1.81208e+06    4.54394e+03
 Position Rest.      Potential    Kinetic En.   Total Energy  Conserved En.
    1.92194e+03   -1.41204e+06    2.36539e+05   -1.17550e+06   -1.17060e+06
    Temperature Pressure (bar)   Constr. rmsd
    3.00392e+02    1.58407e+02    3.09300e-06

           Step           Time
          80500      161.00000

   Energies (kJ/mol)
           Bond            U-B    Proper Dih.  Improper Dih.      CMAP Dih.
    6.06297e+03    1.80843e+04    1.16214e+04    1.11613e+03   -2.48068e+03
          LJ-14     Coulomb-14        LJ (SR)   Coulomb (SR)   Coul. recip.
    5.79765e+03    1.13085e+05    2.41038e+05   -1.81254e+06    4.56016e+03
 Position Rest.      Potential    Kinetic En.   Total Energy  Conserved En.
    1.97101e+03   -1.41169e+06    2.35015e+05   -1.17667e+06   -1.17058e+06
    Temperature Pressure (bar)   Constr. rmsd
    2.98456e+02   -1.78181e+01    3.04586e-06

           Step           Time
          81000      162.00000

   Energies (kJ/mol)
           Bond            U-B    Proper Dih.  Improper Dih.      CMAP Dih.
    6.19338e+03    1.80267e+04    1.14401e+04    1.02540e+03   -2.44657e+03
          LJ-14     Coulomb-14        LJ (SR)   Coulomb (SR)   Coul. recip.
    5.63473e+03    1.12637e+05    2.40995e+05   -1.81360e+06    4.60722e+03
 Position Rest.      Potential    Kinetic En.   Total Energy  Conserved En.
    2.00515e+03   -1.41348e+06    2.36015e+05   -1.17747e+06   -1.17058e+06
    Temperature Pressure (bar)   Constr. rmsd
    2.99727e+02    9.32053e+01    3.01002e-06

           Step           Time
          81500      163.00000

   Energies (kJ/mol)
           Bond            U-B    Proper Dih.  Improper Dih.      CMAP Dih.
    6.18011e+03    1.78259e+04    1.15617e+04    1.04164e+03   -2.48591e+03
          LJ-14     Coulomb-14        LJ (SR)   Coulomb (SR)   Coul. recip.
    5.76966e+03    1.12408e+05    2.40716e+05   -1.81371e+06    4.56213e+03
 Position Rest.      Potential    Kinetic En.   Total Energy  Conserved En.
    1.95511e+03   -1.41418e+06    2.36038e+05   -1.17814e+06   -1.17058e+06
    Temperature Pressure (bar)   Constr. rmsd
    2.99756e+02   -1.07965e+02    3.15876e-06


DD  step 81999  vol min/aver 0.779  load imb.: force  2.1%  pme mesh/force 0.305
           Step           Time
          82000      164.00000

   Energies (kJ/mol)
           Bond            U-B    Proper Dih.  Improper Dih.      CMAP Dih.
    6.18559e+03    1.81690e+04    1.17354e+04    1.11477e+03   -2.44399e+03
          LJ-14     Coulomb-14        LJ (SR)   Coulomb (SR)   Coul. recip.
    5.82462e+03    1.12952e+05    2.39534e+05   -1.81194e+06    4.62282e+03
 Position Rest.      Potential    Kinetic En.   Total Energy  Conserved En.
    1.92262e+03   -1.41232e+06    2.36255e+05   -1.17606e+06   -1.17048e+06
    Temperature Pressure (bar)   Constr. rmsd
    3.00032e+02   -6.35677e+01    3.04030e-06

           Step           Time
          82500      165.00000

   Energies (kJ/mol)
           Bond            U-B    Proper Dih.  Improper Dih.      CMAP Dih.
    6.22328e+03    1.77427e+04    1.16383e+04    1.08035e+03   -2.46517e+03
          LJ-14     Coulomb-14        LJ (SR)   Coulomb (SR)   Coul. recip.
    5.74741e+03    1.13093e+05    2.37759e+05   -1.81030e+06    4.56294e+03
 Position Rest.      Potential    Kinetic En.   Total Energy  Conserved En.
    1.85621e+03   -1.41306e+06    2.36477e+05   -1.17659e+06   -1.17052e+06
    Temperature Pressure (bar)   Constr. rmsd
    3.00314e+02   -3.03671e+02    3.06714e-06

           Step           Time
          83000      166.00000

   Energies (kJ/mol)
           Bond            U-B    Proper Dih.  Improper Dih.      CMAP Dih.
    6.00967e+03    1.79754e+04    1.17031e+04    1.08730e+03   -2.41395e+03
          LJ-14     Coulomb-14        LJ (SR)   Coulomb (SR)   Coul. recip.
    5.69563e+03    1.12456e+05    2.42909e+05   -1.81536e+06    4.58911e+03
 Position Rest.      Potential    Kinetic En.   Total Energy  Conserved En.
    1.99564e+03   -1.41335e+06    2.35829e+05   -1.17752e+06   -1.17050e+06
    Temperature Pressure (bar)   Constr. rmsd
    2.99491e+02    8.17722e+01    3.15462e-06

           Step           Time
          83500      167.00000

   Energies (kJ/mol)
           Bond            U-B    Proper Dih.  Improper Dih.      CMAP Dih.
    6.16702e+03    1.81807e+04    1.16953e+04    1.02309e+03   -2.38280e+03
          LJ-14     Coulomb-14        LJ (SR)   Coulomb (SR)   Coul. recip.
    5.68987e+03    1.12778e+05    2.41044e+05   -1.81216e+06    4.54387e+03
 Position Rest.      Potential    Kinetic En.   Total Energy  Conserved En.
    2.02343e+03   -1.41139e+06    2.37866e+05   -1.17353e+06   -1.17050e+06
    Temperature Pressure (bar)   Constr. rmsd
    3.02078e+02   -2.86797e+01    3.10590e-06


DD  step 83999  vol min/aver 0.779  load imb.: force  1.4%  pme mesh/force 0.309
           Step           Time
          84000      168.00000

   Energies (kJ/mol)
           Bond            U-B    Proper Dih.  Improper Dih.      CMAP Dih.
    6.45576e+03    1.82261e+04    1.15061e+04    1.04429e+03   -2.45364e+03
          LJ-14     Coulomb-14        LJ (SR)   Coulomb (SR)   Coul. recip.
    5.71321e+03    1.12671e+05    2.40130e+05   -1.80999e+06    4.65601e+03
 Position Rest.      Potential    Kinetic En.   Total Energy  Conserved En.
    2.03993e+03   -1.41000e+06    2.34528e+05   -1.17547e+06   -1.17039e+06
    Temperature Pressure (bar)   Constr. rmsd
    2.97838e+02    2.67898e+00    3.04068e-06

           Step           Time
          84500      169.00000

   Energies (kJ/mol)
           Bond            U-B    Proper Dih.  Improper Dih.      CMAP Dih.
    6.19681e+03    1.82109e+04    1.15216e+04    1.11546e+03   -2.53514e+03
          LJ-14     Coulomb-14        LJ (SR)   Coulomb (SR)   Coul. recip.
    5.69081e+03    1.12603e+05    2.40776e+05   -1.81165e+06    4.66497e+03
 Position Rest.      Potential    Kinetic En.   Total Energy  Conserved En.
    1.96973e+03   -1.41143e+06    2.34289e+05   -1.17714e+06   -1.17040e+06
    Temperature Pressure (bar)   Constr. rmsd
    2.97535e+02   -3.81760e+01    3.11641e-06

           Step           Time
          85000      170.00000

   Energies (kJ/mol)
           Bond            U-B    Proper Dih.  Improper Dih.      CMAP Dih.
    6.32567e+03    1.81336e+04    1.17259e+04    1.14642e+03   -2.38795e+03
          LJ-14     Coulomb-14        LJ (SR)   Coulomb (SR)   Coul. recip.
    5.73424e+03    1.12603e+05    2.38911e+05   -1.80925e+06    4.61308e+03
 Position Rest.      Potential    Kinetic En.   Total Energy  Conserved En.
    2.02769e+03   -1.41042e+06    2.37118e+05   -1.17330e+06   -1.17044e+06
    Temperature Pressure (bar)   Constr. rmsd
    3.01128e+02   -2.53198e+02    3.18732e-06

           Step           Time
          85500      171.00000

   Energies (kJ/mol)
           Bond            U-B    Proper Dih.  Improper Dih.      CMAP Dih.
    6.18376e+03    1.79623e+04    1.15941e+04    1.13951e+03   -2.44627e+03
          LJ-14     Coulomb-14        LJ (SR)   Coulomb (SR)   Coul. recip.
    5.60602e+03    1.12686e+05    2.40512e+05   -1.81227e+06    4.71115e+03
 Position Rest.      Potential    Kinetic En.   Total Energy  Conserved En.
    1.93650e+03   -1.41239e+06    2.37679e+05   -1.17471e+06   -1.17042e+06
    Temperature Pressure (bar)   Constr. rmsd
    3.01841e+02    5.40603e+01    3.24710e-06


DD  step 85999  vol min/aver 0.790  load imb.: force  1.2%  pme mesh/force 0.302
           Step           Time
          86000      172.00000

   Energies (kJ/mol)
           Bond            U-B    Proper Dih.  Improper Dih.      CMAP Dih.
    6.08701e+03    1.83441e+04    1.16738e+04    1.06406e+03   -2.47403e+03
          LJ-14     Coulomb-14        LJ (SR)   Coulomb (SR)   Coul. recip.
    5.68606e+03    1.12659e+05    2.40988e+05   -1.81233e+06    4.54438e+03
 Position Rest.      Potential    Kinetic En.   Total Energy  Conserved En.
    1.97954e+03   -1.41178e+06    2.36669e+05   -1.17511e+06   -1.17038e+06
    Temperature Pressure (bar)   Constr. rmsd
    3.00557e+02    2.64340e+01    3.16736e-06

           Step           Time
          86500      173.00000

   Energies (kJ/mol)
           Bond            U-B    Proper Dih.  Improper Dih.      CMAP Dih.
    6.00069e+03    1.82741e+04    1.14539e+04    1.12705e+03   -2.42449e+03
          LJ-14     Coulomb-14        LJ (SR)   Coulomb (SR)   Coul. recip.
    5.74266e+03    1.13172e+05    2.40172e+05   -1.81080e+06    4.72834e+03
 Position Rest.      Potential    Kinetic En.   Total Energy  Conserved En.
    1.97357e+03   -1.41058e+06    2.35824e+05   -1.17476e+06   -1.17033e+06
    Temperature Pressure (bar)   Constr. rmsd
    2.99485e+02   -4.61525e+01    3.09380e-06

           Step           Time
          87000      174.00000

   Energies (kJ/mol)
           Bond            U-B    Proper Dih.  Improper Dih.      CMAP Dih.
    6.27542e+03    1.79874e+04    1.14922e+04    1.06031e+03   -2.44565e+03
          LJ-14     Coulomb-14        LJ (SR)   Coulomb (SR)   Coul. recip.
    5.74067e+03    1.12935e+05    2.37493e+05   -1.80716e+06    4.58092e+03
 Position Rest.      Potential    Kinetic En.   Total Energy  Conserved En.
    2.03670e+03   -1.41000e+06    2.37020e+05   -1.17298e+06   -1.17036e+06
    Temperature Pressure (bar)   Constr. rmsd
    3.01003e+02   -2.34501e+02    3.13518e-06

           Step           Time
          87500      175.00000

   Energies (kJ/mol)
           Bond            U-B    Proper Dih.  Improper Dih.      CMAP Dih.
    6.35613e+03    1.79440e+04    1.16013e+04    1.09305e+03   -2.39501e+03
          LJ-14     Coulomb-14        LJ (SR)   Coulomb (SR)   Coul. recip.
    5.69791e+03    1.12724e+05    2.41299e+05   -1.81302e+06    4.63084e+03
 Position Rest.      Potential    Kinetic En.   Total Energy  Conserved En.
    1.86562e+03   -1.41220e+06    2.36263e+05   -1.17594e+06   -1.17034e+06
    Temperature Pressure (bar)   Constr. rmsd
    3.00042e+02    3.89959e+01    2.95857e-06


DD  step 87999  vol min/aver 0.792  load imb.: force  2.2%  pme mesh/force 0.309
           Step           Time
          88000      176.00000

   Energies (kJ/mol)
           Bond            U-B    Proper Dih.  Improper Dih.      CMAP Dih.
    6.22054e+03    1.82053e+04    1.16664e+04    1.07954e+03   -2.35334e+03
          LJ-14     Coulomb-14        LJ (SR)   Coulomb (SR)   Coul. recip.
    5.62407e+03    1.12496e+05    2.38838e+05   -1.80894e+06    4.53882e+03
 Position Rest.      Potential    Kinetic En.   Total Energy  Conserved En.
    1.95640e+03   -1.41067e+06    2.36636e+05   -1.17403e+06   -1.17031e+06
    Temperature Pressure (bar)   Constr. rmsd
    3.00515e+02   -1.15523e+02    3.16022e-06

           Step           Time
          88500      177.00000

   Energies (kJ/mol)
           Bond            U-B    Proper Dih.  Improper Dih.      CMAP Dih.
    6.03026e+03    1.84034e+04    1.15741e+04    1.02936e+03   -2.48442e+03
          LJ-14     Coulomb-14        LJ (SR)   Coulomb (SR)   Coul. recip.
    5.75333e+03    1.12827e+05    2.41194e+05   -1.81174e+06    4.51798e+03
 Position Rest.      Potential    Kinetic En.   Total Energy  Conserved En.
    2.08095e+03   -1.41081e+06    2.36036e+05   -1.17478e+06   -1.17026e+06
    Temperature Pressure (bar)   Constr. rmsd
    2.99753e+02    8.22898e+01    3.14889e-06

           Step           Time
          89000      178.00000

   Energies (kJ/mol)
           Bond            U-B    Proper Dih.  Improper Dih.      CMAP Dih.
    6.22049e+03    1.82968e+04    1.16725e+04    1.06822e+03   -2.47323e+03
          LJ-14     Coulomb-14        LJ (SR)   Coulomb (SR)   Coul. recip.
    5.70084e+03    1.12862e+05    2.38942e+05   -1.80884e+06    4.59564e+03
 Position Rest.      Potential    Kinetic En.   Total Energy  Conserved En.
    2.04220e+03   -1.40991e+06    2.38367e+05   -1.17154e+06   -1.17024e+06
    Temperature Pressure (bar)   Constr. rmsd
    3.02714e+02   -1.26919e+02    3.13086e-06

           Step           Time
          89500      179.00000

   Energies (kJ/mol)
           Bond            U-B    Proper Dih.  Improper Dih.      CMAP Dih.
    6.00952e+03    1.78908e+04    1.15955e+04    1.09860e+03   -2.48005e+03
          LJ-14     Coulomb-14        LJ (SR)   Coulomb (SR)   Coul. recip.
    5.75375e+03    1.12945e+05    2.39625e+05   -1.81137e+06    4.55812e+03
 Position Rest.      Potential    Kinetic En.   Total Energy  Conserved En.
    2.01999e+03   -1.41236e+06    2.36262e+05   -1.17609e+06   -1.17023e+06
    Temperature Pressure (bar)   Constr. rmsd
    3.00041e+02   -8.38454e+01    3.17769e-06


DD  step 89999  vol min/aver 0.797  load imb.: force  1.2%  pme mesh/force 0.301
           Step           Time
          90000      180.00000

   Energies (kJ/mol)
           Bond            U-B    Proper Dih.  Improper Dih.      CMAP Dih.
    6.03221e+03    1.79291e+04    1.16693e+04    1.11779e+03   -2.48356e+03
          LJ-14     Coulomb-14        LJ (SR)   Coulomb (SR)   Coul. recip.
    5.77195e+03    1.13077e+05    2.40739e+05   -1.81163e+06    4.65617e+03
 Position Rest.      Potential    Kinetic En.   Total Energy  Conserved En.
    2.13590e+03   -1.41099e+06    2.35460e+05   -1.17553e+06   -1.17021e+06
    Temperature Pressure (bar)   Constr. rmsd
    2.99021e+02    1.44235e+01    3.13129e-06

           Step           Time
          90500      181.00000

   Energies (kJ/mol)
           Bond            U-B    Proper Dih.  Improper Dih.      CMAP Dih.
    6.25563e+03    1.77955e+04    1.15120e+04    1.08349e+03   -2.40364e+03
          LJ-14     Coulomb-14        LJ (SR)   Coulomb (SR)   Coul. recip.
    5.73557e+03    1.12674e+05    2.38845e+05   -1.80990e+06    4.59866e+03
 Position Rest.      Potential    Kinetic En.   Total Energy  Conserved En.
    2.03523e+03   -1.41176e+06    2.36560e+05   -1.17520e+06   -1.17020e+06
    Temperature Pressure (bar)   Constr. rmsd
    3.00418e+02   -1.53299e+02    3.13601e-06

           Step           Time
          91000      182.00000

   Energies (kJ/mol)
           Bond            U-B    Proper Dih.  Improper Dih.      CMAP Dih.
    6.40454e+03    1.80196e+04    1.15556e+04    1.09664e+03   -2.41627e+03
          LJ-14     Coulomb-14        LJ (SR)   Coulomb (SR)   Coul. recip.
    5.77723e+03    1.12746e+05    2.41970e+05   -1.81391e+06    4.69089e+03
 Position Rest.      Potential    Kinetic En.   Total Energy  Conserved En.
    2.12344e+03   -1.41194e+06    2.36123e+05   -1.17582e+06   -1.17011e+06
    Temperature Pressure (bar)   Constr. rmsd
    2.99865e+02    3.70250e+01    3.06857e-06

           Step           Time
          91500      183.00000

   Energies (kJ/mol)
           Bond            U-B    Proper Dih.  Improper Dih.      CMAP Dih.
    6.31955e+03    1.80969e+04    1.16595e+04    1.14526e+03   -2.41917e+03
          LJ-14     Coulomb-14        LJ (SR)   Coulomb (SR)   Coul. recip.
    5.77274e+03    1.12756e+05    2.41746e+05   -1.81182e+06    4.66367e+03
 Position Rest.      Potential    Kinetic En.   Total Energy  Conserved En.
    2.00489e+03   -1.41008e+06    2.35750e+05   -1.17433e+06   -1.17011e+06
    Temperature Pressure (bar)   Constr. rmsd
    2.99390e+02    1.68081e+02    3.16901e-06


DD  step 91999  vol min/aver 0.797  load imb.: force  2.2%  pme mesh/force 0.302
           Step           Time
          92000      184.00000

   Energies (kJ/mol)
           Bond            U-B    Proper Dih.  Improper Dih.      CMAP Dih.
    6.31966e+03    1.79513e+04    1.15623e+04    1.06141e+03   -2.44272e+03
          LJ-14     Coulomb-14        LJ (SR)   Coulomb (SR)   Coul. recip.
    5.72585e+03    1.12681e+05    2.39005e+05   -1.81082e+06    4.57275e+03
 Position Rest.      Potential    Kinetic En.   Total Energy  Conserved En.
    1.95562e+03   -1.41243e+06    2.37694e+05   -1.17474e+06   -1.17013e+06
    Temperature Pressure (bar)   Constr. rmsd
    3.01859e+02   -2.24125e+02    3.19259e-06

           Step           Time
          92500      185.00000

   Energies (kJ/mol)
           Bond            U-B    Proper Dih.  Improper Dih.      CMAP Dih.
    6.20182e+03    1.85098e+04    1.15570e+04    1.09166e+03   -2.39917e+03
          LJ-14     Coulomb-14        LJ (SR)   Coulomb (SR)   Coul. recip.
    5.71248e+03    1.12648e+05    2.42677e+05   -1.81228e+06    4.75653e+03
 Position Rest.      Potential    Kinetic En.   Total Energy  Conserved En.
    2.12256e+03   -1.40941e+06    2.34925e+05   -1.17448e+06   -1.17004e+06
    Temperature Pressure (bar)   Constr. rmsd
    2.98342e+02    1.57386e+01    3.02526e-06

           Step           Time
          93000      186.00000

   Energies (kJ/mol)
           Bond            U-B    Proper Dih.  Improper Dih.      CMAP Dih.
    6.14952e+03    1.84460e+04    1.16446e+04    1.11836e+03   -2.46839e+03
          LJ-14     Coulomb-14        LJ (SR)   Coulomb (SR)   Coul. recip.
    5.73093e+03    1.12692e+05    2.43514e+05   -1.81310e+06    4.62898e+03
 Position Rest.      Potential    Kinetic En.   Total Energy  Conserved En.
    1.95630e+03   -1.40969e+06    2.36858e+05   -1.17283e+06   -1.17006e+06
    Temperature Pressure (bar)   Constr. rmsd
    3.00797e+02    1.62489e+02    3.11462e-06

           Step           Time
          93500      187.00000

   Energies (kJ/mol)
           Bond            U-B    Proper Dih.  Improper Dih.      CMAP Dih.
    6.16823e+03    1.81119e+04    1.15481e+04    1.07488e+03   -2.41364e+03
          LJ-14     Coulomb-14        LJ (SR)   Coulomb (SR)   Coul. recip.
    5.88025e+03    1.12561e+05    2.41833e+05   -1.81390e+06    4.49235e+03
 Position Rest.      Potential    Kinetic En.   Total Energy  Conserved En.
    1.86231e+03   -1.41278e+06    2.37917e+05   -1.17486e+06   -1.17005e+06
    Temperature Pressure (bar)   Constr. rmsd
    3.02142e+02    7.10443e+01    3.20328e-06


DD  step 93999  vol min/aver 0.795  load imb.: force  1.4%  pme mesh/force 0.301
           Step           Time
          94000      188.00000

   Energies (kJ/mol)
           Bond            U-B    Proper Dih.  Improper Dih.      CMAP Dih.
    6.18850e+03    1.80375e+04    1.14473e+04    1.10867e+03   -2.43460e+03
          LJ-14     Coulomb-14        LJ (SR)   Coulomb (SR)   Coul. recip.
    5.75299e+03    1.12694e+05    2.42161e+05   -1.81467e+06    4.59229e+03
 Position Rest.      Potential    Kinetic En.   Total Energy  Conserved En.
    1.99338e+03   -1.41312e+06    2.36265e+05   -1.17686e+06   -1.17004e+06
    Temperature Pressure (bar)   Constr. rmsd
    3.00044e+02    1.33197e+02    3.12575e-06

           Step           Time
          94500      189.00000

   Energies (kJ/mol)
           Bond            U-B    Proper Dih.  Improper Dih.      CMAP Dih.
    6.19423e+03    1.80591e+04    1.16886e+04    1.13608e+03   -2.46801e+03
          LJ-14     Coulomb-14        LJ (SR)   Coulomb (SR)   Coul. recip.
    5.68214e+03    1.12478e+05    2.38432e+05   -1.80628e+06    4.71083e+03
 Position Rest.      Potential    Kinetic En.   Total Energy  Conserved En.
    2.05913e+03   -1.40831e+06    2.34616e+05   -1.17369e+06   -1.17002e+06
    Temperature Pressure (bar)   Constr. rmsd
    2.97951e+02   -1.30528e+02    3.20994e-06

           Step           Time
          95000      190.00000

   Energies (kJ/mol)
           Bond            U-B    Proper Dih.  Improper Dih.      CMAP Dih.
    6.41866e+03    1.79422e+04    1.17471e+04    1.09333e+03   -2.49926e+03
          LJ-14     Coulomb-14        LJ (SR)   Coulomb (SR)   Coul. recip.
    5.76097e+03    1.12586e+05    2.42058e+05   -1.81304e+06    4.64241e+03
 Position Rest.      Potential    Kinetic En.   Total Energy  Conserved En.
    1.97538e+03   -1.41132e+06    2.36511e+05   -1.17481e+06   -1.17000e+06
    Temperature Pressure (bar)   Constr. rmsd
    3.00357e+02   -1.95355e+00    3.04928e-06

           Step           Time
          95500      191.00000

   Energies (kJ/mol)
           Bond            U-B    Proper Dih.  Improper Dih.      CMAP Dih.
    6.20860e+03    1.79266e+04    1.14912e+04    1.05173e+03   -2.42091e+03
          LJ-14     Coulomb-14        LJ (SR)   Coulomb (SR)   Coul. recip.
    5.76073e+03    1.12767e+05    2.43369e+05   -1.81536e+06    4.69010e+03
 Position Rest.      Potential    Kinetic En.   Total Energy  Conserved En.
    1.90579e+03   -1.41261e+06    2.36054e+05   -1.17655e+06   -1.17000e+06
    Temperature Pressure (bar)   Constr. rmsd
    2.99777e+02    5.84928e+01    3.12537e-06


DD  step 95999  vol min/aver 0.800  load imb.: force  1.5%  pme mesh/force 0.303
           Step           Time
          96000      192.00000

   Energies (kJ/mol)
           Bond            U-B    Proper Dih.  Improper Dih.      CMAP Dih.
    6.19875e+03    1.78180e+04    1.15092e+04    1.10567e+03   -2.48939e+03
          LJ-14     Coulomb-14        LJ (SR)   Coulomb (SR)   Coul. recip.
    5.67798e+03    1.13022e+05    2.39987e+05   -1.81139e+06    4.62368e+03
 Position Rest.      Potential    Kinetic En.   Total Energy  Conserved En.
    1.91630e+03   -1.41202e+06    2.35947e+05   -1.17607e+06   -1.17001e+06
    Temperature Pressure (bar)   Constr. rmsd
    2.99641e+02   -1.48017e+01    2.97592e-06

           Step           Time
          96500      193.00000

   Energies (kJ/mol)
           Bond            U-B    Proper Dih.  Improper Dih.      CMAP Dih.
    6.16433e+03    1.83358e+04    1.14392e+04    1.01868e+03   -2.49681e+03
          LJ-14     Coulomb-14        LJ (SR)   Coulomb (SR)   Coul. recip.
    5.65052e+03    1.12691e+05    2.41346e+05   -1.81159e+06    4.65855e+03
 Position Rest.      Potential    Kinetic En.   Total Energy  Conserved En.
    2.01797e+03   -1.41076e+06    2.36218e+05   -1.17454e+06   -1.16995e+06
    Temperature Pressure (bar)   Constr. rmsd
    2.99985e+02    4.62335e+01    3.00247e-06

           Step           Time
          97000      194.00000

   Energies (kJ/mol)
           Bond            U-B    Proper Dih.  Improper Dih.      CMAP Dih.
    6.16931e+03    1.80677e+04    1.14589e+04    1.01179e+03   -2.43467e+03
          LJ-14     Coulomb-14        LJ (SR)   Coulomb (SR)   Coul. recip.
    5.60889e+03    1.12816e+05    2.37191e+05   -1.80744e+06    4.54860e+03
 Position Rest.      Potential    Kinetic En.   Total Energy  Conserved En.
    2.00540e+03   -1.41100e+06    2.35071e+05   -1.17593e+06   -1.16994e+06
    Temperature Pressure (bar)   Constr. rmsd
    2.98528e+02   -2.63567e+02    3.11074e-06

           Step           Time
          97500      195.00000

   Energies (kJ/mol)
           Bond            U-B    Proper Dih.  Improper Dih.      CMAP Dih.
    6.23013e+03    1.82366e+04    1.17471e+04    1.11398e+03   -2.41229e+03
          LJ-14     Coulomb-14        LJ (SR)   Coulomb (SR)   Coul. recip.
    5.92327e+03    1.12509e+05    2.40413e+05   -1.80974e+06    4.61264e+03
 Position Rest.      Potential    Kinetic En.   Total Energy  Conserved En.
    2.08826e+03   -1.40928e+06    2.36826e+05   -1.17245e+06   -1.16988e+06
    Temperature Pressure (bar)   Constr. rmsd
    3.00757e+02    1.62656e+02    3.13095e-06


DD  step 97999  vol min/aver 0.788  load imb.: force  1.0%  pme mesh/force 0.303
           Step           Time
          98000      196.00000

   Energies (kJ/mol)
           Bond            U-B    Proper Dih.  Improper Dih.      CMAP Dih.
    6.02851e+03    1.79063e+04    1.16449e+04    1.13541e+03   -2.51038e+03
          LJ-14     Coulomb-14        LJ (SR)   Coulomb (SR)   Coul. recip.
    5.70811e+03    1.12933e+05    2.41628e+05   -1.81337e+06    4.52341e+03
 Position Rest.      Potential    Kinetic En.   Total Energy  Conserved En.
    2.07093e+03   -1.41230e+06    2.34958e+05   -1.17735e+06   -1.16988e+06
    Temperature Pressure (bar)   Constr. rmsd
    2.98384e+02   -4.00643e+01    3.07882e-06

           Step           Time
          98500      197.00000

   Energies (kJ/mol)
           Bond            U-B    Proper Dih.  Improper Dih.      CMAP Dih.
    6.13313e+03    1.80820e+04    1.15644e+04    1.14959e+03   -2.45649e+03
          LJ-14     Coulomb-14        LJ (SR)   Coulomb (SR)   Coul. recip.
    5.76335e+03    1.13169e+05    2.40509e+05   -1.81166e+06    4.55366e+03
 Position Rest.      Potential    Kinetic En.   Total Energy  Conserved En.
    2.01406e+03   -1.41118e+06    2.37424e+05   -1.17375e+06   -1.16989e+06
    Temperature Pressure (bar)   Constr. rmsd
    3.01517e+02    5.35547e+01    3.15340e-06

           Step           Time
          99000      198.00000

   Energies (kJ/mol)
           Bond            U-B    Proper Dih.  Improper Dih.      CMAP Dih.
    6.08598e+03    1.82394e+04    1.15242e+04    1.05833e+03   -2.48734e+03
          LJ-14     Coulomb-14        LJ (SR)   Coulomb (SR)   Coul. recip.
    5.72074e+03    1.12928e+05    2.42049e+05   -1.81598e+06    4.65551e+03
 Position Rest.      Potential    Kinetic En.   Total Energy  Conserved En.
    1.93224e+03   -1.41427e+06    2.36748e+05   -1.17752e+06   -1.16986e+06
    Temperature Pressure (bar)   Constr. rmsd
    3.00658e+02    3.76231e+01    3.08016e-06

           Step           Time
          99500      199.00000

   Energies (kJ/mol)
           Bond            U-B    Proper Dih.  Improper Dih.      CMAP Dih.
    6.17142e+03    1.81236e+04    1.15624e+04    1.00772e+03   -2.45925e+03
          LJ-14     Coulomb-14        LJ (SR)   Coulomb (SR)   Coul. recip.
    5.72517e+03    1.12445e+05    2.39585e+05   -1.80998e+06    4.63198e+03
 Position Rest.      Potential    Kinetic En.   Total Energy  Conserved En.
    2.04936e+03   -1.41114e+06    2.36355e+05   -1.17479e+06   -1.16985e+06
    Temperature Pressure (bar)   Constr. rmsd
    3.00158e+02   -1.32016e+02    3.04358e-06


DD  step 99999  vol min/aver 0.802  load imb.: force  1.2%  pme mesh/force 0.302
           Step           Time
         100000      200.00000

   Energies (kJ/mol)
           Bond            U-B    Proper Dih.  Improper Dih.      CMAP Dih.
    6.59158e+03    1.79173e+04    1.15626e+04    1.06296e+03   -2.43533e+03
          LJ-14     Coulomb-14        LJ (SR)   Coulomb (SR)   Coul. recip.
    5.60881e+03    1.12778e+05    2.41340e+05   -1.81299e+06    4.63541e+03
 Position Rest.      Potential    Kinetic En.   Total Energy  Conserved En.
    2.07670e+03   -1.41185e+06    2.36390e+05   -1.17546e+06   -1.16982e+06
    Temperature Pressure (bar)   Constr. rmsd
    3.00203e+02   -7.04404e+01    2.96494e-06

           Step           Time
         100500      201.00000

   Energies (kJ/mol)
           Bond            U-B    Proper Dih.  Improper Dih.      CMAP Dih.
    5.76331e+03    1.82271e+04    1.16954e+04    1.07419e+03   -2.44309e+03
          LJ-14     Coulomb-14        LJ (SR)   Coulomb (SR)   Coul. recip.
    5.79575e+03    1.13139e+05    2.40287e+05   -1.81132e+06    4.52984e+03
 Position Rest.      Potential    Kinetic En.   Total Energy  Conserved En.
    2.04274e+03   -1.41121e+06    2.35843e+05   -1.17536e+06   -1.16981e+06
    Temperature Pressure (bar)   Constr. rmsd
    2.99508e+02    1.29187e+02    3.13958e-06

           Step           Time
         101000      202.00000

   Energies (kJ/mol)
           Bond            U-B    Proper Dih.  Improper Dih.      CMAP Dih.
    6.21053e+03    1.79936e+04    1.16201e+04    1.13966e+03   -2.38134e+03
          LJ-14     Coulomb-14        LJ (SR)   Coulomb (SR)   Coul. recip.
    5.69819e+03    1.12981e+05    2.40439e+05   -1.81202e+06    4.50762e+03
 Position Rest.      Potential    Kinetic En.   Total Energy  Conserved En.
    2.06436e+03   -1.41175e+06    2.35480e+05   -1.17627e+06   -1.16980e+06
    Temperature Pressure (bar)   Constr. rmsd
    2.99047e+02   -3.73020e+01    3.14386e-06

           Step           Time
         101500      203.00000

   Energies (kJ/mol)
           Bond            U-B    Proper Dih.  Improper Dih.      CMAP Dih.
    6.39962e+03    1.81095e+04    1.15250e+04    1.18148e+03   -2.39096e+03
          LJ-14     Coulomb-14        LJ (SR)   Coulomb (SR)   Coul. recip.
    5.58498e+03    1.12438e+05    2.36717e+05   -1.80507e+06    4.65239e+03
 Position Rest.      Potential    Kinetic En.   Total Energy  Conserved En.
    2.14740e+03   -1.40871e+06    2.37152e+05   -1.17156e+06   -1.16980e+06
    Temperature Pressure (bar)   Constr. rmsd
    3.01171e+02   -3.43895e+02    3.24220e-06


DD  step 101999  vol min/aver 0.783  load imb.: force  1.8%  pme mesh/force 0.307
           Step           Time
         102000      204.00000

   Energies (kJ/mol)
           Bond            U-B    Proper Dih.  Improper Dih.      CMAP Dih.
    6.21185e+03    1.82240e+04    1.16282e+04    1.11975e+03   -2.38317e+03
          LJ-14     Coulomb-14        LJ (SR)   Coulomb (SR)   Coul. recip.
    5.66093e+03    1.13149e+05    2.38306e+05   -1.80996e+06    4.52568e+03
 Position Rest.      Potential    Kinetic En.   Total Energy  Conserved En.
    2.01962e+03   -1.41150e+06    2.37587e+05   -1.17391e+06   -1.16976e+06
    Temperature Pressure (bar)   Constr. rmsd
    3.01723e+02   -2.37758e+02    3.21058e-06

           Step           Time
         102500      205.00000

   Energies (kJ/mol)
           Bond            U-B    Proper Dih.  Improper Dih.      CMAP Dih.
    5.83430e+03    1.80865e+04    1.14958e+04    1.06217e+03   -2.39295e+03
          LJ-14     Coulomb-14        LJ (SR)   Coulomb (SR)   Coul. recip.
    5.75534e+03    1.12851e+05    2.40370e+05   -1.81134e+06    4.54759e+03
 Position Rest.      Potential    Kinetic En.   Total Energy  Conserved En.
    2.03816e+03   -1.41169e+06    2.36239e+05   -1.17545e+06   -1.16976e+06
    Temperature Pressure (bar)   Constr. rmsd
    3.00012e+02   -2.17445e+01    3.09895e-06

           Step           Time
         103000      206.00000

   Energies (kJ/mol)
           Bond            U-B    Proper Dih.  Improper Dih.      CMAP Dih.
    6.19442e+03    1.80469e+04    1.15951e+04    1.00038e+03   -2.40619e+03
          LJ-14     Coulomb-14        LJ (SR)   Coulomb (SR)   Coul. recip.
    5.66621e+03    1.12602e+05    2.41087e+05   -1.81206e+06    4.62112e+03
 Position Rest.      Potential    Kinetic En.   Total Energy  Conserved En.
    2.12342e+03   -1.41153e+06    2.36212e+05   -1.17532e+06   -1.16973e+06
    Temperature Pressure (bar)   Constr. rmsd
    2.99977e+02   -8.81198e+01    3.25183e-06

           Step           Time
         103500      207.00000

   Energies (kJ/mol)
           Bond            U-B    Proper Dih.  Improper Dih.      CMAP Dih.
    6.25716e+03    1.79383e+04    1.15663e+04    1.08954e+03   -2.46027e+03
          LJ-14     Coulomb-14        LJ (SR)   Coulomb (SR)   Coul. recip.
    5.70739e+03    1.13068e+05    2.42349e+05   -1.81454e+06    4.62165e+03
 Position Rest.      Potential    Kinetic En.   Total Energy  Conserved En.
    2.06396e+03   -1.41234e+06    2.36384e+05   -1.17596e+06   -1.16967e+06
    Temperature Pressure (bar)   Constr. rmsd
    3.00196e+02    3.62153e+01    3.12036e-06


DD  step 103999  vol min/aver 0.793  load imb.: force  1.1%  pme mesh/force 0.303
           Step           Time
         104000      208.00000

   Energies (kJ/mol)
           Bond            U-B    Proper Dih.  Improper Dih.      CMAP Dih.
    5.99872e+03    1.81799e+04    1.15938e+04    1.12732e+03   -2.41470e+03
          LJ-14     Coulomb-14        LJ (SR)   Coulomb (SR)   Coul. recip.
    5.73789e+03    1.12843e+05    2.41828e+05   -1.81402e+06    4.71018e+03
 Position Rest.      Potential    Kinetic En.   Total Energy  Conserved En.
    2.03099e+03   -1.41238e+06    2.36216e+05   -1.17617e+06   -1.16969e+06
    Temperature Pressure (bar)   Constr. rmsd
    2.99982e+02    4.92256e+01    3.09874e-06

           Step           Time
         104500      209.00000

   Energies (kJ/mol)
           Bond            U-B    Proper Dih.  Improper Dih.      CMAP Dih.
    6.12345e+03    1.79032e+04    1.14389e+04    1.07288e+03   -2.44986e+03
          LJ-14     Coulomb-14        LJ (SR)   Coulomb (SR)   Coul. recip.
    5.82272e+03    1.12876e+05    2.39492e+05   -1.81256e+06    4.55709e+03
 Position Rest.      Potential    Kinetic En.   Total Energy  Conserved En.
    2.07980e+03   -1.41364e+06    2.36463e+05   -1.17718e+06   -1.16965e+06
    Temperature Pressure (bar)   Constr. rmsd
    3.00296e+02   -1.71717e+02    3.17444e-06

           Step           Time
         105000      210.00000

   Energies (kJ/mol)
           Bond            U-B    Proper Dih.  Improper Dih.      CMAP Dih.
    6.21337e+03    1.78726e+04    1.16823e+04    1.09424e+03   -2.37227e+03
          LJ-14     Coulomb-14        LJ (SR)   Coulomb (SR)   Coul. recip.
    5.67262e+03    1.12796e+05    2.39537e+05   -1.81260e+06    4.59782e+03
 Position Rest.      Potential    Kinetic En.   Total Energy  Conserved En.
    2.00277e+03   -1.41350e+06    2.36019e+05   -1.17748e+06   -1.16963e+06
    Temperature Pressure (bar)   Constr. rmsd
    2.99732e+02   -1.58731e+02    3.10796e-06

           Step           Time
         105500      211.00000

   Energies (kJ/mol)
           Bond            U-B    Proper Dih.  Improper Dih.      CMAP Dih.
    6.35655e+03    1.79494e+04    1.15604e+04    1.14007e+03   -2.53182e+03
          LJ-14     Coulomb-14        LJ (SR)   Coulomb (SR)   Coul. recip.
    5.68078e+03    1.12392e+05    2.39026e+05   -1.80893e+06    4.65576e+03
 Position Rest.      Potential    Kinetic En.   Total Energy  Conserved En.
    2.06548e+03   -1.41064e+06    2.36039e+05   -1.17460e+06   -1.16960e+06
    Temperature Pressure (bar)   Constr. rmsd
    2.99757e+02   -2.96893e+02    3.21552e-06


DD  step 105999  vol min/aver 0.792  load imb.: force  1.7%  pme mesh/force 0.302
           Step           Time
         106000      212.00000

   Energies (kJ/mol)
           Bond            U-B    Proper Dih.  Improper Dih.      CMAP Dih.
    6.16467e+03    1.80051e+04    1.15875e+04    1.08885e+03   -2.43922e+03
          LJ-14     Coulomb-14        LJ (SR)   Coulomb (SR)   Coul. recip.
    5.75800e+03    1.12591e+05    2.41925e+05   -1.81376e+06    4.58580e+03
 Position Rest.      Potential    Kinetic En.   Total Energy  Conserved En.
    2.03183e+03   -1.41246e+06    2.36357e+05   -1.17611e+06   -1.16958e+06
    Temperature Pressure (bar)   Constr. rmsd
    3.00161e+02    1.59376e+02    3.22688e-06

           Step           Time
         106500      213.00000

   Energies (kJ/mol)
           Bond            U-B    Proper Dih.  Improper Dih.      CMAP Dih.
    6.18818e+03    1.79255e+04    1.16681e+04    1.07441e+03   -2.43289e+03
          LJ-14     Coulomb-14        LJ (SR)   Coulomb (SR)   Coul. recip.
    5.73407e+03    1.12984e+05    2.42521e+05   -1.81378e+06    4.58761e+03
 Position Rest.      Potential    Kinetic En.   Total Energy  Conserved En.
    2.01481e+03   -1.41151e+06    2.36883e+05   -1.17463e+06   -1.16957e+06
    Temperature Pressure (bar)   Constr. rmsd
    3.00830e+02    6.00425e+00    3.10338e-06

           Step           Time
         107000      214.00000

   Energies (kJ/mol)
           Bond            U-B    Proper Dih.  Improper Dih.      CMAP Dih.
    6.34319e+03    1.80557e+04    1.15150e+04    1.02614e+03   -2.39321e+03
          LJ-14     Coulomb-14        LJ (SR)   Coulomb (SR)   Coul. recip.
    5.69445e+03    1.12501e+05    2.41714e+05   -1.81317e+06    4.64289e+03
 Position Rest.      Potential    Kinetic En.   Total Energy  Conserved En.
    2.05541e+03   -1.41202e+06    2.36769e+05   -1.17525e+06   -1.16954e+06
    Temperature Pressure (bar)   Constr. rmsd
    3.00685e+02   -1.91678e+01    2.91796e-06

           Step           Time
         107500      215.00000

   Energies (kJ/mol)
           Bond            U-B    Proper Dih.  Improper Dih.      CMAP Dih.
    6.23484e+03    1.81453e+04    1.16181e+04    1.10103e+03   -2.41122e+03
          LJ-14     Coulomb-14        LJ (SR)   Coulomb (SR)   Coul. recip.
    5.82532e+03    1.12746e+05    2.42723e+05   -1.81393e+06    4.48738e+03
 Position Rest.      Potential    Kinetic En.   Total Energy  Conserved En.
    1.97119e+03   -1.41149e+06    2.35878e+05   -1.17561e+06   -1.16949e+06
    Temperature Pressure (bar)   Constr. rmsd
    2.99553e+02    1.75120e+02    3.16554e-06


DD  step 107999  vol min/aver 0.797  load imb.: force  1.9%  pme mesh/force 0.307
           Step           Time
         108000      216.00000

   Energies (kJ/mol)
           Bond            U-B    Proper Dih.  Improper Dih.      CMAP Dih.
    5.98216e+03    1.81167e+04    1.16228e+04    1.04438e+03   -2.51096e+03
          LJ-14     Coulomb-14        LJ (SR)   Coulomb (SR)   Coul. recip.
    5.72371e+03    1.12400e+05    2.40321e+05   -1.81203e+06    4.61045e+03
 Position Rest.      Potential    Kinetic En.   Total Energy  Conserved En.
    2.05289e+03   -1.41266e+06    2.35797e+05   -1.17687e+06   -1.16952e+06
    Temperature Pressure (bar)   Constr. rmsd
    2.99450e+02    5.47552e+01    3.04501e-06

           Step           Time
         108500      217.00000

   Energies (kJ/mol)
           Bond            U-B    Proper Dih.  Improper Dih.      CMAP Dih.
    6.51784e+03    1.82062e+04    1.15235e+04    1.06951e+03   -2.45098e+03
          LJ-14     Coulomb-14        LJ (SR)   Coulomb (SR)   Coul. recip.
    5.62569e+03    1.12877e+05    2.37899e+05   -1.80648e+06    4.69172e+03
 Position Rest.      Potential    Kinetic En.   Total Energy  Conserved En.
    1.98298e+03   -1.40854e+06    2.37339e+05   -1.17120e+06   -1.16945e+06
    Temperature Pressure (bar)   Constr. rmsd
    3.01408e+02   -1.21775e+02    3.16595e-06

           Step           Time
         109000      218.00000

   Energies (kJ/mol)
           Bond            U-B    Proper Dih.  Improper Dih.      CMAP Dih.
    6.39799e+03    1.81249e+04    1.16114e+04    1.05730e+03   -2.44392e+03
          LJ-14     Coulomb-14        LJ (SR)   Coulomb (SR)   Coul. recip.
    5.68002e+03    1.12466e+05    2.40094e+05   -1.81059e+06    4.56752e+03
 Position Rest.      Potential    Kinetic En.   Total Energy  Conserved En.
    1.91579e+03   -1.41112e+06    2.37033e+05   -1.17408e+06   -1.16948e+06
    Temperature Pressure (bar)   Constr. rmsd
    3.01020e+02   -1.25824e+02    3.15458e-06

           Step           Time
         109500      219.00000

   Energies (kJ/mol)
           Bond            U-B    Proper Dih.  Improper Dih.      CMAP Dih.
    6.22077e+03    1.83021e+04    1.14426e+04    1.05769e+03   -2.46629e+03
          LJ-14     Coulomb-14        LJ (SR)   Coulomb (SR)   Coul. recip.
    5.63002e+03    1.12684e+05    2.40781e+05   -1.81137e+06    4.58552e+03
 Position Rest.      Potential    Kinetic En.   Total Energy  Conserved En.
    1.96425e+03   -1.41116e+06    2.36098e+05   -1.17507e+06   -1.16942e+06
    Temperature Pressure (bar)   Constr. rmsd
    2.99832e+02    1.00052e+02    3.05213e-06


DD  step 109999  vol min/aver 0.798  load imb.: force  1.4%  pme mesh/force 0.306
           Step           Time
         110000      220.00000

   Energies (kJ/mol)
           Bond            U-B    Proper Dih.  Improper Dih.      CMAP Dih.
    6.26013e+03    1.79047e+04    1.17380e+04    1.10753e+03   -2.43919e+03
          LJ-14     Coulomb-14        LJ (SR)   Coulomb (SR)   Coul. recip.
    5.67145e+03    1.12718e+05    2.41868e+05   -1.81372e+06    4.64827e+03
 Position Rest.      Potential    Kinetic En.   Total Energy  Conserved En.
    2.02941e+03   -1.41221e+06    2.36281e+05   -1.17593e+06   -1.16942e+06
    Temperature Pressure (bar)   Constr. rmsd
    3.00064e+02    9.89199e+01    2.98175e-06

           Step           Time
         110500      221.00000

   Energies (kJ/mol)
           Bond            U-B    Proper Dih.  Improper Dih.      CMAP Dih.
    6.20398e+03    1.83259e+04    1.15721e+04    1.10035e+03   -2.42135e+03
          LJ-14     Coulomb-14        LJ (SR)   Coulomb (SR)   Coul. recip.
    5.75801e+03    1.12778e+05    2.41113e+05   -1.81146e+06    4.62051e+03
 Position Rest.      Potential    Kinetic En.   Total Energy  Conserved En.
    1.92120e+03   -1.41049e+06    2.35851e+05   -1.17464e+06   -1.16937e+06
    Temperature Pressure (bar)   Constr. rmsd
    2.99519e+02   -1.13540e+02    3.05223e-06

           Step           Time
         111000      222.00000

   Energies (kJ/mol)
           Bond            U-B    Proper Dih.  Improper Dih.      CMAP Dih.
    6.16532e+03    1.82530e+04    1.16105e+04    1.07476e+03   -2.42730e+03
          LJ-14     Coulomb-14        LJ (SR)   Coulomb (SR)   Coul. recip.
    5.74169e+03    1.12753e+05    2.39892e+05   -1.81142e+06    4.62704e+03
 Position Rest.      Potential    Kinetic En.   Total Energy  Conserved En.
    1.94925e+03   -1.41178e+06    2.36190e+05   -1.17559e+06   -1.16938e+06
    Temperature Pressure (bar)   Constr. rmsd
    2.99949e+02   -9.25154e+01    3.12406e-06

           Step           Time
         111500      223.00000

   Energies (kJ/mol)
           Bond            U-B    Proper Dih.  Improper Dih.      CMAP Dih.
    6.30107e+03    1.78737e+04    1.17217e+04    1.05388e+03   -2.43996e+03
          LJ-14     Coulomb-14        LJ (SR)   Coulomb (SR)   Coul. recip.
    5.84596e+03    1.13021e+05    2.40581e+05   -1.81199e+06    4.62546e+03
 Position Rest.      Potential    Kinetic En.   Total Energy  Conserved En.
    2.05196e+03   -1.41136e+06    2.37604e+05   -1.17375e+06   -1.16937e+06
    Temperature Pressure (bar)   Constr. rmsd
    3.01745e+02   -1.34913e+01    3.01652e-06


DD  step 111999  vol min/aver 0.780  load imb.: force  1.3%  pme mesh/force 0.303
           Step           Time
         112000      224.00000

   Energies (kJ/mol)
           Bond            U-B    Proper Dih.  Improper Dih.      CMAP Dih.
    6.29826e+03    1.81434e+04    1.17403e+04    1.06751e+03   -2.47431e+03
          LJ-14     Coulomb-14        LJ (SR)   Coulomb (SR)   Coul. recip.
    5.75113e+03    1.13096e+05    2.39274e+05   -1.81006e+06    4.53322e+03
 Position Rest.      Potential    Kinetic En.   Total Energy  Conserved En.
    1.88130e+03   -1.41074e+06    2.36454e+05   -1.17429e+06   -1.16933e+06
    Temperature Pressure (bar)   Constr. rmsd
    3.00284e+02   -1.16704e+02    3.18068e-06

           Step           Time
         112500      225.00000

   Energies (kJ/mol)
           Bond            U-B    Proper Dih.  Improper Dih.      CMAP Dih.
    6.36740e+03    1.83893e+04    1.16635e+04    1.09784e+03   -2.37969e+03
          LJ-14     Coulomb-14        LJ (SR)   Coulomb (SR)   Coul. recip.
    5.68512e+03    1.12919e+05    2.40097e+05   -1.80868e+06    4.50538e+03
 Position Rest.      Potential    Kinetic En.   Total Energy  Conserved En.
    1.95953e+03   -1.40837e+06    2.35355e+05   -1.17302e+06   -1.16930e+06
    Temperature Pressure (bar)   Constr. rmsd
    2.98889e+02    5.58435e+01    3.03845e-06

           Step           Time
         113000      226.00000

   Energies (kJ/mol)
           Bond            U-B    Proper Dih.  Improper Dih.      CMAP Dih.
    6.20368e+03    1.80664e+04    1.17106e+04    1.09159e+03   -2.40011e+03
          LJ-14     Coulomb-14        LJ (SR)   Coulomb (SR)   Coul. recip.
    5.69194e+03    1.12702e+05    2.40667e+05   -1.80908e+06    4.50241e+03
 Position Rest.      Potential    Kinetic En.   Total Energy  Conserved En.
    2.03954e+03   -1.40880e+06    2.35893e+05   -1.17291e+06   -1.16929e+06
    Temperature Pressure (bar)   Constr. rmsd
    2.99572e+02   -5.51073e+01    3.05544e-06

           Step           Time
         113500      227.00000

   Energies (kJ/mol)
           Bond            U-B    Proper Dih.  Improper Dih.      CMAP Dih.
    5.97654e+03    1.83963e+04    1.15597e+04    1.08663e+03   -2.53454e+03
          LJ-14     Coulomb-14        LJ (SR)   Coulomb (SR)   Coul. recip.
    5.84409e+03    1.12697e+05    2.43025e+05   -1.81320e+06    4.65135e+03
 Position Rest.      Potential    Kinetic En.   Total Energy  Conserved En.
    1.98964e+03   -1.41051e+06    2.35050e+05   -1.17546e+06   -1.16925e+06
    Temperature Pressure (bar)   Constr. rmsd
    2.98501e+02    2.44557e+02    2.99653e-06


DD  step 113999  vol min/aver 0.791  load imb.: force  1.2%  pme mesh/force 0.304
           Step           Time
         114000      228.00000

   Energies (kJ/mol)
           Bond            U-B    Proper Dih.  Improper Dih.      CMAP Dih.
    6.15071e+03    1.82721e+04    1.15408e+04    1.07480e+03   -2.47888e+03
          LJ-14     Coulomb-14        LJ (SR)   Coulomb (SR)   Coul. recip.
    5.69340e+03    1.12717e+05    2.41717e+05   -1.81203e+06    4.52896e+03
 Position Rest.      Potential    Kinetic En.   Total Energy  Conserved En.
    1.96253e+03   -1.41085e+06    2.36787e+05   -1.17406e+06   -1.16927e+06
    Temperature Pressure (bar)   Constr. rmsd
    3.00707e+02    7.99883e+00    3.24480e-06

           Step           Time
         114500      229.00000

   Energies (kJ/mol)
           Bond            U-B    Proper Dih.  Improper Dih.      CMAP Dih.
    6.36620e+03    1.82525e+04    1.14608e+04    1.07986e+03   -2.41909e+03
          LJ-14     Coulomb-14        LJ (SR)   Coulomb (SR)   Coul. recip.
    5.59995e+03    1.12783e+05    2.40527e+05   -1.81086e+06    4.52312e+03
 Position Rest.      Potential    Kinetic En.   Total Energy  Conserved En.
    2.04437e+03   -1.41064e+06    2.35377e+05   -1.17526e+06   -1.16923e+06
    Temperature Pressure (bar)   Constr. rmsd
    2.98917e+02   -1.00854e+02    3.06653e-06

           Step           Time
         115000      230.00000

   Energies (kJ/mol)
           Bond            U-B    Proper Dih.  Improper Dih.      CMAP Dih.
    6.18730e+03    1.77048e+04    1.15732e+04    1.13399e+03   -2.48793e+03
          LJ-14     Coulomb-14        LJ (SR)   Coulomb (SR)   Coul. recip.
    5.76926e+03    1.12790e+05    2.39863e+05   -1.81131e+06    4.54280e+03
 Position Rest.      Potential    Kinetic En.   Total Energy  Conserved En.
    1.95205e+03   -1.41228e+06    2.35010e+05   -1.17727e+06   -1.16924e+06
    Temperature Pressure (bar)   Constr. rmsd
    2.98451e+02   -1.27327e+01    3.09081e-06

           Step           Time
         115500      231.00000

   Energies (kJ/mol)
           Bond            U-B    Proper Dih.  Improper Dih.      CMAP Dih.
    6.68004e+03    1.83902e+04    1.15906e+04    1.11449e+03   -2.46473e+03
          LJ-14     Coulomb-14        LJ (SR)   Coulomb (SR)   Coul. recip.
    5.60110e+03    1.12483e+05    2.41205e+05   -1.81055e+06    4.70653e+03
 Position Rest.      Potential    Kinetic En.   Total Energy  Conserved En.
    1.96981e+03   -1.40927e+06    2.37930e+05   -1.17134e+06   -1.16919e+06
    Temperature Pressure (bar)   Constr. rmsd
    3.02159e+02    4.73100e+01    3.11997e-06


DD  step 115999  vol min/aver 0.806  load imb.: force  2.1%  pme mesh/force 0.308
           Step           Time
         116000      232.00000

   Energies (kJ/mol)
           Bond            U-B    Proper Dih.  Improper Dih.      CMAP Dih.
    5.85753e+03    1.79285e+04    1.15602e+04    1.08832e+03   -2.40658e+03
          LJ-14     Coulomb-14        LJ (SR)   Coulomb (SR)   Coul. recip.
    5.78521e+03    1.12916e+05    2.40290e+05   -1.81287e+06    4.56652e+03
 Position Rest.      Potential    Kinetic En.   Total Energy  Conserved En.
    1.94978e+03   -1.41334e+06    2.36154e+05   -1.17718e+06   -1.16920e+06
    Temperature Pressure (bar)   Constr. rmsd
    2.99904e+02    3.50456e+00    3.05268e-06

           Step           Time
         116500      233.00000

   Energies (kJ/mol)
           Bond            U-B    Proper Dih.  Improper Dih.      CMAP Dih.
    6.14388e+03    1.80782e+04    1.15753e+04    1.02467e+03   -2.34778e+03
          LJ-14     Coulomb-14        LJ (SR)   Coulomb (SR)   Coul. recip.
    5.82147e+03    1.12669e+05    2.41125e+05   -1.81329e+06    4.55189e+03
 Position Rest.      Potential    Kinetic En.   Total Energy  Conserved En.
    1.96093e+03   -1.41268e+06    2.35957e+05   -1.17673e+06   -1.16918e+06
    Temperature Pressure (bar)   Constr. rmsd
    2.99653e+02    4.15941e+01    2.95715e-06

           Step           Time
         117000      234.00000

   Energies (kJ/mol)
           Bond            U-B    Proper Dih.  Improper Dih.      CMAP Dih.
    6.46233e+03    1.78081e+04    1.16210e+04    1.12571e+03   -2.44363e+03
          LJ-14     Coulomb-14        LJ (SR)   Coulomb (SR)   Coul. recip.
    5.69966e+03    1.12879e+05    2.39466e+05   -1.81066e+06    4.56841e+03
 Position Rest.      Potential    Kinetic En.   Total Energy  Conserved En.
    1.99247e+03   -1.41148e+06    2.36486e+05   -1.17499e+06   -1.16916e+06
    Temperature Pressure (bar)   Constr. rmsd
    3.00324e+02   -2.09232e+02    2.99256e-06

           Step           Time
         117500      235.00000

   Energies (kJ/mol)
           Bond            U-B    Proper Dih.  Improper Dih.      CMAP Dih.
    6.28939e+03    1.80828e+04    1.16176e+04    1.06834e+03   -2.46074e+03
          LJ-14     Coulomb-14        LJ (SR)   Coulomb (SR)   Coul. recip.
    5.78775e+03    1.12825e+05    2.42816e+05   -1.81515e+06    4.58967e+03
 Position Rest.      Potential    Kinetic En.   Total Energy  Conserved En.
    1.98182e+03   -1.41255e+06    2.35711e+05   -1.17684e+06   -1.16910e+06
    Temperature Pressure (bar)   Constr. rmsd
    2.99341e+02    1.32035e+02    3.03938e-06


DD  step 117999  vol min/aver 0.800  load imb.: force  1.9%  pme mesh/force 0.309
           Step           Time
         118000      236.00000

   Energies (kJ/mol)
           Bond            U-B    Proper Dih.  Improper Dih.      CMAP Dih.
    6.25542e+03    1.81733e+04    1.14608e+04    1.06852e+03   -2.45084e+03
          LJ-14     Coulomb-14        LJ (SR)   Coulomb (SR)   Coul. recip.
    5.61896e+03    1.12456e+05    2.41649e+05   -1.81406e+06    4.64939e+03
 Position Rest.      Potential    Kinetic En.   Total Energy  Conserved En.
    2.01900e+03   -1.41316e+06    2.35370e+05   -1.17779e+06   -1.16910e+06
    Temperature Pressure (bar)   Constr. rmsd
    2.98908e+02    3.74178e+01    3.09185e-06

           Step           Time
         118500      237.00000

   Energies (kJ/mol)
           Bond            U-B    Proper Dih.  Improper Dih.      CMAP Dih.
    6.16643e+03    1.82293e+04    1.15529e+04    1.12210e+03   -2.44714e+03
          LJ-14     Coulomb-14        LJ (SR)   Coulomb (SR)   Coul. recip.
    5.68125e+03    1.13005e+05    2.41630e+05   -1.81349e+06    4.46626e+03
 Position Rest.      Potential    Kinetic En.   Total Energy  Conserved En.
    2.06841e+03   -1.41201e+06    2.37423e+05   -1.17459e+06   -1.16910e+06
    Temperature Pressure (bar)   Constr. rmsd
    3.01515e+02   -1.04979e+02    3.08972e-06

           Step           Time
         119000      238.00000

   Energies (kJ/mol)
           Bond            U-B    Proper Dih.  Improper Dih.      CMAP Dih.
    6.30128e+03    1.85999e+04    1.16660e+04    1.07953e+03   -2.52659e+03
          LJ-14     Coulomb-14        LJ (SR)   Coulomb (SR)   Coul. recip.
    5.68134e+03    1.12755e+05    2.39791e+05   -1.81020e+06    4.52277e+03
 Position Rest.      Potential    Kinetic En.   Total Energy  Conserved En.
    1.97467e+03   -1.41036e+06    2.36940e+05   -1.17342e+06   -1.16905e+06
    Temperature Pressure (bar)   Constr. rmsd
    3.00902e+02   -1.55140e+01    3.07650e-06

           Step           Time
         119500      239.00000

   Energies (kJ/mol)
           Bond            U-B    Proper Dih.  Improper Dih.      CMAP Dih.
    6.28691e+03    1.82865e+04    1.16918e+04    1.12002e+03   -2.45398e+03
          LJ-14     Coulomb-14        LJ (SR)   Coulomb (SR)   Coul. recip.
    5.71912e+03    1.12906e+05    2.42736e+05   -1.81295e+06    4.46855e+03
 Position Rest.      Potential    Kinetic En.   Total Energy  Conserved En.
    2.04062e+03   -1.41015e+06    2.36284e+05   -1.17387e+06   -1.16903e+06
    Temperature Pressure (bar)   Constr. rmsd
    3.00069e+02    2.34024e+02    3.11506e-06


DD  step 119999  vol min/aver 0.804  load imb.: force  0.7%  pme mesh/force 0.303
           Step           Time
         120000      240.00000

   Energies (kJ/mol)
           Bond            U-B    Proper Dih.  Improper Dih.      CMAP Dih.
    6.14534e+03    1.81340e+04    1.16452e+04    1.15325e+03   -2.50047e+03
          LJ-14     Coulomb-14        LJ (SR)   Coulomb (SR)   Coul. recip.
    5.79581e+03    1.12917e+05    2.39652e+05   -1.81068e+06    4.50422e+03
 Position Rest.      Potential    Kinetic En.   Total Energy  Conserved En.
    1.93573e+03   -1.41129e+06    2.35619e+05   -1.17567e+06   -1.16903e+06
    Temperature Pressure (bar)   Constr. rmsd
    2.99224e+02   -3.49210e+01    3.07525e-06

           Step           Time
         120500      241.00000

   Energies (kJ/mol)
           Bond            U-B    Proper Dih.  Improper Dih.      CMAP Dih.
    6.29795e+03    1.82027e+04    1.16934e+04    1.02627e+03   -2.47664e+03
          LJ-14     Coulomb-14        LJ (SR)   Coulomb (SR)   Coul. recip.
    5.73167e+03    1.12591e+05    2.41948e+05   -1.81122e+06    4.51891e+03
 Position Rest.      Potential    Kinetic En.   Total Energy  Conserved En.
    1.99379e+03   -1.40969e+06    2.34637e+05   -1.17506e+06   -1.16903e+06
    Temperature Pressure (bar)   Constr. rmsd
    2.97977e+02    1.30685e+02    3.04446e-06

           Step           Time
         121000      242.00000

   Energies (kJ/mol)
           Bond            U-B    Proper Dih.  Improper Dih.      CMAP Dih.
    5.87458e+03    1.83468e+04    1.14682e+04    1.00222e+03   -2.50684e+03
          LJ-14     Coulomb-14        LJ (SR)   Coulomb (SR)   Coul. recip.
    5.78460e+03    1.12889e+05    2.40210e+05   -1.81171e+06    4.54361e+03
 Position Rest.      Potential    Kinetic En.   Total Energy  Conserved En.
    2.03234e+03   -1.41207e+06    2.36746e+05   -1.17532e+06   -1.16898e+06
    Temperature Pressure (bar)   Constr. rmsd
    3.00656e+02    3.12278e+01    3.23832e-06

           Step           Time
         121500      243.00000

   Energies (kJ/mol)
           Bond            U-B    Proper Dih.  Improper Dih.      CMAP Dih.
    6.19737e+03    1.81372e+04    1.17435e+04    1.10970e+03   -2.43515e+03
          LJ-14     Coulomb-14        LJ (SR)   Coulomb (SR)   Coul. recip.
    5.66713e+03    1.12770e+05    2.41454e+05   -1.81303e+06    4.53671e+03
 Position Rest.      Potential    Kinetic En.   Total Energy  Conserved En.
    2.00745e+03   -1.41185e+06    2.36595e+05   -1.17525e+06   -1.16899e+06
    Temperature Pressure (bar)   Constr. rmsd
    3.00464e+02    5.29338e+01    3.16903e-06


DD  step 121999  vol min/aver 0.780  load imb.: force  1.9%  pme mesh/force 0.302
           Step           Time
         122000      244.00000

   Energies (kJ/mol)
           Bond            U-B    Proper Dih.  Improper Dih.      CMAP Dih.
    6.13392e+03    1.79083e+04    1.16372e+04    1.05517e+03   -2.49252e+03
          LJ-14     Coulomb-14        LJ (SR)   Coulomb (SR)   Coul. recip.
    5.84031e+03    1.12817e+05    2.39622e+05   -1.81002e+06    4.68053e+03
 Position Rest.      Potential    Kinetic En.   Total Energy  Conserved En.
    2.05557e+03   -1.41077e+06    2.35377e+05   -1.17539e+06   -1.16899e+06
    Temperature Pressure (bar)   Constr. rmsd
    2.98917e+02   -6.45489e+01    3.00929e-06

           Step           Time
         122500      245.00000

   Energies (kJ/mol)
           Bond            U-B    Proper Dih.  Improper Dih.      CMAP Dih.
    6.17968e+03    1.81941e+04    1.15546e+04    1.15674e+03   -2.37384e+03
          LJ-14     Coulomb-14        LJ (SR)   Coulomb (SR)   Coul. recip.
    5.73297e+03    1.12406e+05    2.41616e+05   -1.81214e+06    4.67091e+03
 Position Rest.      Potential    Kinetic En.   Total Energy  Conserved En.
    1.94705e+03   -1.41106e+06    2.35143e+05   -1.17591e+06   -1.16892e+06
    Temperature Pressure (bar)   Constr. rmsd
    2.98620e+02    4.23039e+01    3.02489e-06

           Step           Time
         123000      246.00000

   Energies (kJ/mol)
           Bond            U-B    Proper Dih.  Improper Dih.      CMAP Dih.
    6.22564e+03    1.79894e+04    1.16600e+04    1.00281e+03   -2.48857e+03
          LJ-14     Coulomb-14        LJ (SR)   Coulomb (SR)   Coul. recip.
    5.73202e+03    1.12644e+05    2.41942e+05   -1.81310e+06    4.60220e+03
 Position Rest.      Potential    Kinetic En.   Total Energy  Conserved En.
    2.00413e+03   -1.41179e+06    2.36421e+05   -1.17537e+06   -1.16890e+06
    Temperature Pressure (bar)   Constr. rmsd
    3.00243e+02    5.31294e+01    3.08606e-06

           Step           Time
         123500      247.00000

   Energies (kJ/mol)
           Bond            U-B    Proper Dih.  Improper Dih.      CMAP Dih.
    6.25482e+03    1.82323e+04    1.16675e+04    1.16014e+03   -2.38783e+03
          LJ-14     Coulomb-14        LJ (SR)   Coulomb (SR)   Coul. recip.
    5.76545e+03    1.12804e+05    2.40837e+05   -1.81051e+06    4.70250e+03
 Position Rest.      Potential    Kinetic En.   Total Energy  Conserved En.
    2.10008e+03   -1.40937e+06    2.36041e+05   -1.17333e+06   -1.16884e+06
    Temperature Pressure (bar)   Constr. rmsd
    2.99760e+02    1.13288e+02    3.07976e-06


DD  step 123999  vol min/aver 0.785  load imb.: force  1.2%  pme mesh/force 0.302
           Step           Time
         124000      248.00000

   Energies (kJ/mol)
           Bond            U-B    Proper Dih.  Improper Dih.      CMAP Dih.
    6.26158e+03    1.78135e+04    1.15984e+04    1.15897e+03   -2.53739e+03
          LJ-14     Coulomb-14        LJ (SR)   Coulomb (SR)   Coul. recip.
    5.75468e+03    1.12323e+05    2.41858e+05   -1.81253e+06    4.55489e+03
 Position Rest.      Potential    Kinetic En.   Total Energy  Conserved En.
    2.05917e+03   -1.41169e+06    2.38366e+05   -1.17332e+06   -1.16890e+06
    Temperature Pressure (bar)   Constr. rmsd
    3.02712e+02    8.20579e+01    3.11871e-06

           Step           Time
         124500      249.00000

   Energies (kJ/mol)
           Bond            U-B    Proper Dih.  Improper Dih.      CMAP Dih.
    6.33295e+03    1.82570e+04    1.15794e+04    1.08029e+03   -2.45804e+03
          LJ-14     Coulomb-14        LJ (SR)   Coulomb (SR)   Coul. recip.
    5.65515e+03    1.12800e+05    2.43067e+05   -1.81454e+06    4.61019e+03
 Position Rest.      Potential    Kinetic En.   Total Energy  Conserved En.
    2.03679e+03   -1.41158e+06    2.36287e+05   -1.17529e+06   -1.16884e+06
    Temperature Pressure (bar)   Constr. rmsd
    3.00072e+02   -4.29668e+01    3.08202e-06

           Step           Time
         125000      250.00000

   Energies (kJ/mol)
           Bond            U-B    Proper Dih.  Improper Dih.      CMAP Dih.
    6.11513e+03    1.80558e+04    1.14101e+04    1.03803e+03   -2.46370e+03
          LJ-14     Coulomb-14        LJ (SR)   Coulomb (SR)   Coul. recip.
    5.84077e+03    1.12925e+05    2.39107e+05   -1.81038e+06    4.44725e+03
 Position Rest.      Potential    Kinetic En.   Total Energy  Conserved En.
    2.11984e+03   -1.41179e+06    2.35031e+05   -1.17676e+06   -1.16883e+06
    Temperature Pressure (bar)   Constr. rmsd
    2.98477e+02    1.84686e+01    3.19741e-06

           Step           Time
         125500      251.00000

   Energies (kJ/mol)
           Bond            U-B    Proper Dih.  Improper Dih.      CMAP Dih.
    6.27395e+03    1.82704e+04    1.15666e+04    1.04611e+03   -2.50091e+03
          LJ-14     Coulomb-14        LJ (SR)   Coulomb (SR)   Coul. recip.
    5.72526e+03    1.12792e+05    2.40366e+05   -1.81190e+06    4.58375e+03
 Position Rest.      Potential    Kinetic En.   Total Energy  Conserved En.
    2.06509e+03   -1.41171e+06    2.35389e+05   -1.17632e+06   -1.16879e+06
    Temperature Pressure (bar)   Constr. rmsd
    2.98932e+02   -4.24426e+01    2.94097e-06


DD  step 125999  vol min/aver 0.797  load imb.: force  1.7%  pme mesh/force 0.308
           Step           Time
         126000      252.00000

   Energies (kJ/mol)
           Bond            U-B    Proper Dih.  Improper Dih.      CMAP Dih.
    6.31151e+03    1.82737e+04    1.15800e+04    1.06872e+03   -2.41767e+03
          LJ-14     Coulomb-14        LJ (SR)   Coulomb (SR)   Coul. recip.
    5.73280e+03    1.12563e+05    2.41870e+05   -1.81227e+06    4.62981e+03
 Position Rest.      Potential    Kinetic En.   Total Energy  Conserved En.
    2.00536e+03   -1.41065e+06    2.38127e+05   -1.17252e+06   -1.16881e+06
    Temperature Pressure (bar)   Constr. rmsd
    3.02408e+02    4.46113e+01    3.17887e-06

           Step           Time
         126500      253.00000

   Energies (kJ/mol)
           Bond            U-B    Proper Dih.  Improper Dih.      CMAP Dih.
    6.15464e+03    1.85147e+04    1.15849e+04    1.07096e+03   -2.54170e+03
          LJ-14     Coulomb-14        LJ (SR)   Coulomb (SR)   Coul. recip.
    5.79192e+03    1.12597e+05    2.41508e+05   -1.81300e+06    4.65126e+03
 Position Rest.      Potential    Kinetic En.   Total Energy  Conserved En.
    2.08096e+03   -1.41159e+06    2.36950e+05   -1.17464e+06   -1.16873e+06
    Temperature Pressure (bar)   Constr. rmsd
    3.00914e+02   -6.77253e+01    3.00537e-06

           Step           Time
         127000      254.00000

   Energies (kJ/mol)
           Bond            U-B    Proper Dih.  Improper Dih.      CMAP Dih.
    6.41123e+03    1.84070e+04    1.15618e+04    1.02315e+03   -2.44297e+03
          LJ-14     Coulomb-14        LJ (SR)   Coulomb (SR)   Coul. recip.
    5.55472e+03    1.12528e+05    2.40713e+05   -1.80970e+06    4.56216e+03
 Position Rest.      Potential    Kinetic En.   Total Energy  Conserved En.
    2.00775e+03   -1.40938e+06    2.36023e+05   -1.17336e+06   -1.16871e+06
    Temperature Pressure (bar)   Constr. rmsd
    2.99737e+02   -1.24683e+02    3.02867e-06

Writing checkpoint, step 127440 at Mon Oct  5 05:09:19 2020


           Step           Time
         127500      255.00000

   Energies (kJ/mol)
           Bond            U-B    Proper Dih.  Improper Dih.      CMAP Dih.
    5.96226e+03    1.83015e+04    1.17058e+04    1.06515e+03   -2.44618e+03
          LJ-14     Coulomb-14        LJ (SR)   Coulomb (SR)   Coul. recip.
    5.92517e+03    1.12806e+05    2.40415e+05   -1.81037e+06    4.50596e+03
 Position Rest.      Potential    Kinetic En.   Total Energy  Conserved En.
    2.10011e+03   -1.41003e+06    2.36149e+05   -1.17388e+06   -1.16872e+06
    Temperature Pressure (bar)   Constr. rmsd
    2.99898e+02    1.31829e+02    3.21423e-06


DD  step 127999  vol min/aver 0.799  load imb.: force  1.6%  pme mesh/force 0.306
           Step           Time
         128000      256.00000

   Energies (kJ/mol)
           Bond            U-B    Proper Dih.  Improper Dih.      CMAP Dih.
    6.33052e+03    1.81065e+04    1.16517e+04    1.11708e+03   -2.47664e+03
          LJ-14     Coulomb-14        LJ (SR)   Coulomb (SR)   Coul. recip.
    5.76584e+03    1.12688e+05    2.40774e+05   -1.81270e+06    4.51364e+03
 Position Rest.      Potential    Kinetic En.   Total Energy  Conserved En.
    1.99624e+03   -1.41224e+06    2.35273e+05   -1.17696e+06   -1.16869e+06
    Temperature Pressure (bar)   Constr. rmsd
    2.98784e+02   -1.22738e+02    3.11415e-06

           Step           Time
         128500      257.00000

   Energies (kJ/mol)
           Bond            U-B    Proper Dih.  Improper Dih.      CMAP Dih.
    6.32751e+03    1.80660e+04    1.14797e+04    1.08873e+03   -2.49042e+03
          LJ-14     Coulomb-14        LJ (SR)   Coulomb (SR)   Coul. recip.
    5.71946e+03    1.12817e+05    2.42394e+05   -1.81634e+06    4.57908e+03
 Position Rest.      Potential    Kinetic En.   Total Energy  Conserved En.
    1.98516e+03   -1.41437e+06    2.35398e+05   -1.17897e+06   -1.16868e+06
    Temperature Pressure (bar)   Constr. rmsd
    2.98944e+02    9.84210e+01    3.02875e-06

           Step           Time
         129000      258.00000

   Energies (kJ/mol)
           Bond            U-B    Proper Dih.  Improper Dih.      CMAP Dih.
    5.99029e+03    1.80628e+04    1.17226e+04    1.18129e+03   -2.43958e+03
          LJ-14     Coulomb-14        LJ (SR)   Coulomb (SR)   Coul. recip.
    5.77077e+03    1.12849e+05    2.41010e+05   -1.81207e+06    4.63292e+03
 Position Rest.      Potential    Kinetic En.   Total Energy  Conserved En.
    2.00222e+03   -1.41129e+06    2.36410e+05   -1.17488e+06   -1.16867e+06
    Temperature Pressure (bar)   Constr. rmsd
    3.00228e+02    1.17399e+02    3.36016e-06

           Step           Time
         129500      259.00000

   Energies (kJ/mol)
           Bond            U-B    Proper Dih.  Improper Dih.      CMAP Dih.
    6.03437e+03    1.81044e+04    1.16427e+04    1.07638e+03   -2.43531e+03
          LJ-14     Coulomb-14        LJ (SR)   Coulomb (SR)   Coul. recip.
    5.67029e+03    1.12791e+05    2.42493e+05   -1.81403e+06    4.66540e+03
 Position Rest.      Potential    Kinetic En.   Total Energy  Conserved En.
    1.98408e+03   -1.41200e+06    2.35060e+05   -1.17694e+06   -1.16861e+06
    Temperature Pressure (bar)   Constr. rmsd
    2.98514e+02    9.58588e+01    2.98147e-06


DD  step 129999  vol min/aver 0.806  load imb.: force  1.9%  pme mesh/force 0.306
           Step           Time
         130000      260.00000

   Energies (kJ/mol)
           Bond            U-B    Proper Dih.  Improper Dih.      CMAP Dih.
    6.02908e+03    1.80622e+04    1.15820e+04    1.12715e+03   -2.50234e+03
          LJ-14     Coulomb-14        LJ (SR)   Coulomb (SR)   Coul. recip.
    5.85488e+03    1.12919e+05    2.38982e+05   -1.80949e+06    4.52237e+03
 Position Rest.      Potential    Kinetic En.   Total Energy  Conserved En.
    1.97335e+03   -1.41094e+06    2.36029e+05   -1.17491e+06   -1.16862e+06
    Temperature Pressure (bar)   Constr. rmsd
    2.99744e+02   -7.45040e+01    3.20129e-06

           Step           Time
         130500      261.00000

   Energies (kJ/mol)
           Bond            U-B    Proper Dih.  Improper Dih.      CMAP Dih.
    6.06439e+03    1.77960e+04    1.16268e+04    1.01758e+03   -2.52454e+03
          LJ-14     Coulomb-14        LJ (SR)   Coulomb (SR)   Coul. recip.
    5.78875e+03    1.12830e+05    2.38398e+05   -1.81099e+06    4.73688e+03
 Position Rest.      Potential    Kinetic En.   Total Energy  Conserved En.
    1.99250e+03   -1.41326e+06    2.35330e+05   -1.17793e+06   -1.16861e+06
    Temperature Pressure (bar)   Constr. rmsd
    2.98857e+02   -1.39373e+02    3.02599e-06

           Step           Time
         131000      262.00000

   Energies (kJ/mol)
           Bond            U-B    Proper Dih.  Improper Dih.      CMAP Dih.
    6.46438e+03    1.76923e+04    1.17183e+04    1.09485e+03   -2.45701e+03
          LJ-14     Coulomb-14        LJ (SR)   Coulomb (SR)   Coul. recip.
    5.72897e+03    1.12569e+05    2.41138e+05   -1.81406e+06    4.55798e+03
 Position Rest.      Potential    Kinetic En.   Total Energy  Conserved En.
    2.03649e+03   -1.41352e+06    2.36706e+05   -1.17681e+06   -1.16858e+06
    Temperature Pressure (bar)   Constr. rmsd
    3.00605e+02    1.34993e+01    3.11298e-06

           Step           Time
         131500      263.00000

   Energies (kJ/mol)
           Bond            U-B    Proper Dih.  Improper Dih.      CMAP Dih.
    6.25753e+03    1.78278e+04    1.17340e+04    1.11978e+03   -2.48359e+03
          LJ-14     Coulomb-14        LJ (SR)   Coulomb (SR)   Coul. recip.
    5.74245e+03    1.12962e+05    2.38013e+05   -1.80900e+06    4.72549e+03
 Position Rest.      Potential    Kinetic En.   Total Energy  Conserved En.
    2.01670e+03   -1.41109e+06    2.36333e+05   -1.17476e+06   -1.16857e+06
    Temperature Pressure (bar)   Constr. rmsd
    3.00131e+02   -8.85447e+01    3.11117e-06


DD  step 131999  vol min/aver 0.807  load imb.: force  1.1%  pme mesh/force 0.303
           Step           Time
         132000      264.00000

   Energies (kJ/mol)
           Bond            U-B    Proper Dih.  Improper Dih.      CMAP Dih.
    6.39876e+03    1.76082e+04    1.16529e+04    1.05388e+03   -2.53842e+03
          LJ-14     Coulomb-14        LJ (SR)   Coulomb (SR)   Coul. recip.
    5.75092e+03    1.12994e+05    2.40247e+05   -1.81132e+06    4.53557e+03
 Position Rest.      Potential    Kinetic En.   Total Energy  Conserved En.
    1.98217e+03   -1.41164e+06    2.37116e+05   -1.17452e+06   -1.16855e+06
    Temperature Pressure (bar)   Constr. rmsd
    3.01125e+02   -8.71303e+01    3.10827e-06

           Step           Time
         132500      265.00000

   Energies (kJ/mol)
           Bond            U-B    Proper Dih.  Improper Dih.      CMAP Dih.
    6.36979e+03    1.79564e+04    1.16893e+04    1.06211e+03   -2.53482e+03
          LJ-14     Coulomb-14        LJ (SR)   Coulomb (SR)   Coul. recip.
    5.76034e+03    1.12872e+05    2.41938e+05   -1.81439e+06    4.63606e+03
 Position Rest.      Potential    Kinetic En.   Total Energy  Conserved En.
    1.94996e+03   -1.41269e+06    2.34403e+05   -1.17829e+06   -1.16848e+06
    Temperature Pressure (bar)   Constr. rmsd
    2.97680e+02    4.01596e+01    3.13875e-06

           Step           Time
         133000      266.00000

   Energies (kJ/mol)
           Bond            U-B    Proper Dih.  Improper Dih.      CMAP Dih.
    6.14269e+03    1.80709e+04    1.18636e+04    1.08851e+03   -2.40339e+03
          LJ-14     Coulomb-14        LJ (SR)   Coulomb (SR)   Coul. recip.
    5.72606e+03    1.12829e+05    2.37807e+05   -1.80849e+06    4.59955e+03
 Position Rest.      Potential    Kinetic En.   Total Energy  Conserved En.
    2.07911e+03   -1.41069e+06    2.36749e+05   -1.17394e+06   -1.16850e+06
    Temperature Pressure (bar)   Constr. rmsd
    3.00659e+02   -1.50889e+02    3.12241e-06

           Step           Time
         133500      267.00000

   Energies (kJ/mol)
           Bond            U-B    Proper Dih.  Improper Dih.      CMAP Dih.
    6.27162e+03    1.79310e+04    1.16431e+04    1.05539e+03   -2.48552e+03
          LJ-14     Coulomb-14        LJ (SR)   Coulomb (SR)   Coul. recip.
    5.68918e+03    1.12794e+05    2.40517e+05   -1.81307e+06    4.57693e+03
 Position Rest.      Potential    Kinetic En.   Total Energy  Conserved En.
    2.03606e+03   -1.41304e+06    2.35862e+05   -1.17718e+06   -1.16848e+06
    Temperature Pressure (bar)   Constr. rmsd
    2.99533e+02   -4.96469e+01    3.20570e-06


DD  step 133999  vol min/aver 0.800  load imb.: force  1.4%  pme mesh/force 0.302
           Step           Time
         134000      268.00000

   Energies (kJ/mol)
           Bond            U-B    Proper Dih.  Improper Dih.      CMAP Dih.
    5.94188e+03    1.79983e+04    1.17472e+04    1.17624e+03   -2.39525e+03
          LJ-14     Coulomb-14        LJ (SR)   Coulomb (SR)   Coul. recip.
    5.83397e+03    1.12809e+05    2.41319e+05   -1.81201e+06    4.64161e+03
 Position Rest.      Potential    Kinetic En.   Total Energy  Conserved En.
    2.06789e+03   -1.41087e+06    2.36156e+05   -1.17472e+06   -1.16845e+06
    Temperature Pressure (bar)   Constr. rmsd
    2.99905e+02    3.30193e+02    3.21652e-06

           Step           Time
         134500      269.00000

   Energies (kJ/mol)
           Bond            U-B    Proper Dih.  Improper Dih.      CMAP Dih.
    6.10640e+03    1.82232e+04    1.16191e+04    9.87200e+02   -2.46544e+03
          LJ-14     Coulomb-14        LJ (SR)   Coulomb (SR)   Coul. recip.
    5.82064e+03    1.12716e+05    2.40888e+05   -1.81111e+06    4.58326e+03
 Position Rest.      Potential    Kinetic En.   Total Energy  Conserved En.
    2.05519e+03   -1.41057e+06    2.35514e+05   -1.17506e+06   -1.16842e+06
    Temperature Pressure (bar)   Constr. rmsd
    2.99090e+02    1.35310e+02    3.05202e-06

           Step           Time
         135000      270.00000

   Energies (kJ/mol)
           Bond            U-B    Proper Dih.  Improper Dih.      CMAP Dih.
    6.10511e+03    1.80282e+04    1.15968e+04    1.15081e+03   -2.54695e+03
          LJ-14     Coulomb-14        LJ (SR)   Coulomb (SR)   Coul. recip.
    5.70801e+03    1.13014e+05    2.40414e+05   -1.81246e+06    4.69610e+03
 Position Rest.      Potential    Kinetic En.   Total Energy  Conserved En.
    2.03663e+03   -1.41226e+06    2.35760e+05   -1.17650e+06   -1.16842e+06
    Temperature Pressure (bar)   Constr. rmsd
    2.99403e+02   -7.22607e+01    3.11123e-06

           Step           Time
         135500      271.00000

   Energies (kJ/mol)
           Bond            U-B    Proper Dih.  Improper Dih.      CMAP Dih.
    6.24975e+03    1.80356e+04    1.15298e+04    1.13391e+03   -2.40953e+03
          LJ-14     Coulomb-14        LJ (SR)   Coulomb (SR)   Coul. recip.
    5.69728e+03    1.12874e+05    2.42101e+05   -1.81450e+06    4.59082e+03
 Position Rest.      Potential    Kinetic En.   Total Energy  Conserved En.
    2.02265e+03   -1.41268e+06    2.36968e+05   -1.17571e+06   -1.16840e+06
    Temperature Pressure (bar)   Constr. rmsd
    3.00937e+02    1.07906e+01    3.21134e-06


DD  step 135999  vol min/aver 0.806  load imb.: force  1.3%  pme mesh/force 0.301
           Step           Time
         136000      272.00000

   Energies (kJ/mol)
           Bond            U-B    Proper Dih.  Improper Dih.      CMAP Dih.
    6.25783e+03    1.83476e+04    1.17260e+04    1.06374e+03   -2.42421e+03
          LJ-14     Coulomb-14        LJ (SR)   Coulomb (SR)   Coul. recip.
    5.70397e+03    1.12718e+05    2.39156e+05   -1.81153e+06    4.58909e+03
 Position Rest.      Potential    Kinetic En.   Total Energy  Conserved En.
    2.02549e+03   -1.41236e+06    2.35182e+05   -1.17718e+06   -1.16835e+06
    Temperature Pressure (bar)   Constr. rmsd
    2.98670e+02   -7.76409e+01    2.96386e-06

           Step           Time
         136500      273.00000

   Energies (kJ/mol)
           Bond            U-B    Proper Dih.  Improper Dih.      CMAP Dih.
    6.11353e+03    1.77684e+04    1.16717e+04    1.07502e+03   -2.47255e+03
          LJ-14     Coulomb-14        LJ (SR)   Coulomb (SR)   Coul. recip.
    5.79611e+03    1.12814e+05    2.41083e+05   -1.81239e+06    4.54336e+03
 Position Rest.      Potential    Kinetic En.   Total Energy  Conserved En.
    1.99164e+03   -1.41201e+06    2.36574e+05   -1.17543e+06   -1.16839e+06
    Temperature Pressure (bar)   Constr. rmsd
    3.00437e+02    5.29240e+01    3.02309e-06

           Step           Time
         137000      274.00000

   Energies (kJ/mol)
           Bond            U-B    Proper Dih.  Improper Dih.      CMAP Dih.
    6.16721e+03    1.80548e+04    1.15285e+04    1.07495e+03   -2.52973e+03
          LJ-14     Coulomb-14        LJ (SR)   Coulomb (SR)   Coul. recip.
    5.73354e+03    1.12683e+05    2.40501e+05   -1.81134e+06    4.72570e+03
 Position Rest.      Potential    Kinetic En.   Total Energy  Conserved En.
    2.12140e+03   -1.41128e+06    2.36594e+05   -1.17469e+06   -1.16837e+06
    Temperature Pressure (bar)   Constr. rmsd
    3.00462e+02   -3.89688e+01    3.28113e-06

           Step           Time
         137500      275.00000

   Energies (kJ/mol)
           Bond            U-B    Proper Dih.  Improper Dih.      CMAP Dih.
    6.14321e+03    1.81101e+04    1.16397e+04    1.13031e+03   -2.43180e+03
          LJ-14     Coulomb-14        LJ (SR)   Coulomb (SR)   Coul. recip.
    5.62108e+03    1.12942e+05    2.41804e+05   -1.81341e+06    4.58334e+03
 Position Rest.      Potential    Kinetic En.   Total Energy  Conserved En.
    2.00028e+03   -1.41187e+06    2.35798e+05   -1.17607e+06   -1.16832e+06
    Temperature Pressure (bar)   Constr. rmsd
    2.99451e+02    9.57681e+01    3.00838e-06


DD  step 137999  vol min/aver 0.800  load imb.: force  1.4%  pme mesh/force 0.303
           Step           Time
         138000      276.00000

   Energies (kJ/mol)
           Bond            U-B    Proper Dih.  Improper Dih.      CMAP Dih.
    6.41447e+03    1.80331e+04    1.16395e+04    1.22773e+03   -2.39650e+03
          LJ-14     Coulomb-14        LJ (SR)   Coulomb (SR)   Coul. recip.
    5.69397e+03    1.12886e+05    2.38193e+05   -1.80688e+06    4.64499e+03
 Position Rest.      Potential    Kinetic En.   Total Energy  Conserved En.
    1.94162e+03   -1.40860e+06    2.36626e+05   -1.17198e+06   -1.16832e+06
    Temperature Pressure (bar)   Constr. rmsd
    3.00503e+02   -4.97451e+01    2.99568e-06

           Step           Time
         138500      277.00000

   Energies (kJ/mol)
           Bond            U-B    Proper Dih.  Improper Dih.      CMAP Dih.
    6.26648e+03    1.80273e+04    1.16683e+04    1.05029e+03   -2.44905e+03
          LJ-14     Coulomb-14        LJ (SR)   Coulomb (SR)   Coul. recip.
    5.73884e+03    1.12578e+05    2.41859e+05   -1.81424e+06    4.70529e+03
 Position Rest.      Potential    Kinetic En.   Total Energy  Conserved En.
    1.93106e+03   -1.41287e+06    2.37937e+05   -1.17493e+06   -1.16832e+06
    Temperature Pressure (bar)   Constr. rmsd
    3.02168e+02    5.02757e+01    3.17290e-06

           Step           Time
         139000      278.00000

   Energies (kJ/mol)
           Bond            U-B    Proper Dih.  Improper Dih.      CMAP Dih.
    6.15755e+03    1.80720e+04    1.16218e+04    1.11558e+03   -2.49831e+03
          LJ-14     Coulomb-14        LJ (SR)   Coulomb (SR)   Coul. recip.
    5.75488e+03    1.13179e+05    2.40196e+05   -1.81061e+06    4.64165e+03
 Position Rest.      Potential    Kinetic En.   Total Energy  Conserved En.
    1.96548e+03   -1.41040e+06    2.36630e+05   -1.17377e+06   -1.16826e+06
    Temperature Pressure (bar)   Constr. rmsd
    3.00508e+02    1.64822e+02    3.07170e-06

           Step           Time
         139500      279.00000

   Energies (kJ/mol)
           Bond            U-B    Proper Dih.  Improper Dih.      CMAP Dih.
    6.33641e+03    1.79602e+04    1.15778e+04    1.14519e+03   -2.46037e+03
          LJ-14     Coulomb-14        LJ (SR)   Coulomb (SR)   Coul. recip.
    5.72485e+03    1.12733e+05    2.39042e+05   -1.81009e+06    4.68453e+03
 Position Rest.      Potential    Kinetic En.   Total Energy  Conserved En.
    2.02456e+03   -1.41132e+06    2.35975e+05   -1.17535e+06   -1.16825e+06
    Temperature Pressure (bar)   Constr. rmsd
    2.99676e+02   -1.17316e+01    2.98524e-06


DD  step 139999  vol min/aver 0.810  load imb.: force  1.3%  pme mesh/force 0.300
           Step           Time
         140000      280.00000

   Energies (kJ/mol)
           Bond            U-B    Proper Dih.  Improper Dih.      CMAP Dih.
    6.17034e+03    1.80980e+04    1.17402e+04    1.13590e+03   -2.47683e+03
          LJ-14     Coulomb-14        LJ (SR)   Coulomb (SR)   Coul. recip.
    5.76862e+03    1.12690e+05    2.40491e+05   -1.81209e+06    4.68771e+03
 Position Rest.      Potential    Kinetic En.   Total Energy  Conserved En.
    2.00934e+03   -1.41178e+06    2.36674e+05   -1.17510e+06   -1.16823e+06
    Temperature Pressure (bar)   Constr. rmsd
    3.00564e+02   -4.65104e+01    3.19160e-06

           Step           Time
         140500      281.00000

   Energies (kJ/mol)
           Bond            U-B    Proper Dih.  Improper Dih.      CMAP Dih.
    6.23335e+03    1.80691e+04    1.16569e+04    1.10533e+03   -2.45786e+03
          LJ-14     Coulomb-14        LJ (SR)   Coulomb (SR)   Coul. recip.
    5.64820e+03    1.12997e+05    2.39596e+05   -1.80989e+06    4.53587e+03
 Position Rest.      Potential    Kinetic En.   Total Energy  Conserved En.
    1.91165e+03   -1.41059e+06    2.35792e+05   -1.17480e+06   -1.16820e+06
    Temperature Pressure (bar)   Constr. rmsd
    2.99444e+02    1.67659e+00    3.23176e-06

           Step           Time
         141000      282.00000

   Energies (kJ/mol)
           Bond            U-B    Proper Dih.  Improper Dih.      CMAP Dih.
    6.35465e+03    1.81361e+04    1.15771e+04    1.05625e+03   -2.43257e+03
          LJ-14     Coulomb-14        LJ (SR)   Coulomb (SR)   Coul. recip.
    5.63469e+03    1.12713e+05    2.40361e+05   -1.81084e+06    4.58493e+03
 Position Rest.      Potential    Kinetic En.   Total Energy  Conserved En.
    2.10232e+03   -1.41076e+06    2.37051e+05   -1.17370e+06   -1.16819e+06
    Temperature Pressure (bar)   Constr. rmsd
    3.01042e+02   -1.28598e+02    3.20236e-06

           Step           Time
         141500      283.00000

   Energies (kJ/mol)
           Bond            U-B    Proper Dih.  Improper Dih.      CMAP Dih.
    6.22365e+03    1.81955e+04    1.14603e+04    1.03530e+03   -2.48173e+03
          LJ-14     Coulomb-14        LJ (SR)   Coulomb (SR)   Coul. recip.
    5.72634e+03    1.12831e+05    2.41495e+05   -1.81178e+06    4.59887e+03
 Position Rest.      Potential    Kinetic En.   Total Energy  Conserved En.
    1.98605e+03   -1.41071e+06    2.35781e+05   -1.17493e+06   -1.16815e+06
    Temperature Pressure (bar)   Constr. rmsd
    2.99430e+02   -6.89623e+01    3.08769e-06


DD  step 141999  vol min/aver 0.775  load imb.: force  1.6%  pme mesh/force 0.306
           Step           Time
         142000      284.00000

   Energies (kJ/mol)
           Bond            U-B    Proper Dih.  Improper Dih.      CMAP Dih.
    6.09794e+03    1.81631e+04    1.15304e+04    1.13436e+03   -2.40150e+03
          LJ-14     Coulomb-14        LJ (SR)   Coulomb (SR)   Coul. recip.
    5.66302e+03    1.12972e+05    2.39450e+05   -1.81002e+06    4.65869e+03
 Position Rest.      Potential    Kinetic En.   Total Energy  Conserved En.
    1.95870e+03   -1.41079e+06    2.36417e+05   -1.17437e+06   -1.16816e+06
    Temperature Pressure (bar)   Constr. rmsd
    3.00238e+02   -3.18088e+01    3.25252e-06

           Step           Time
         142500      285.00000

   Energies (kJ/mol)
           Bond            U-B    Proper Dih.  Improper Dih.      CMAP Dih.
    6.00293e+03    1.77838e+04    1.15203e+04    1.14237e+03   -2.45921e+03
          LJ-14     Coulomb-14        LJ (SR)   Coulomb (SR)   Coul. recip.
    5.87120e+03    1.12872e+05    2.39821e+05   -1.81073e+06    4.61400e+03
 Position Rest.      Potential    Kinetic En.   Total Energy  Conserved En.
    2.09130e+03   -1.41147e+06    2.35647e+05   -1.17582e+06   -1.16814e+06
    Temperature Pressure (bar)   Constr. rmsd
    2.99259e+02    5.75362e+01    3.09760e-06

           Step           Time
         143000      286.00000

   Energies (kJ/mol)
           Bond            U-B    Proper Dih.  Improper Dih.      CMAP Dih.
    6.25065e+03    1.79608e+04    1.15503e+04    1.03790e+03   -2.46443e+03
          LJ-14     Coulomb-14        LJ (SR)   Coulomb (SR)   Coul. recip.
    5.67428e+03    1.12853e+05    2.40684e+05   -1.81119e+06    4.65762e+03
 Position Rest.      Potential    Kinetic En.   Total Energy  Conserved En.
    2.00254e+03   -1.41098e+06    2.35132e+05   -1.17585e+06   -1.16813e+06
    Temperature Pressure (bar)   Constr. rmsd
    2.98605e+02    3.92424e+01    3.01661e-06

           Step           Time
         143500      287.00000

   Energies (kJ/mol)
           Bond            U-B    Proper Dih.  Improper Dih.      CMAP Dih.
    6.28259e+03    1.83290e+04    1.15213e+04    1.07192e+03   -2.46511e+03
          LJ-14     Coulomb-14        LJ (SR)   Coulomb (SR)   Coul. recip.
    5.71158e+03    1.12682e+05    2.41700e+05   -1.81314e+06    4.51045e+03
 Position Rest.      Potential    Kinetic En.   Total Energy  Conserved En.
    2.02600e+03   -1.41177e+06    2.34774e+05   -1.17699e+06   -1.16806e+06
    Temperature Pressure (bar)   Constr. rmsd
    2.98151e+02    3.09158e+01    3.19515e-06


DD  step 143999  vol min/aver 0.781  load imb.: force  1.5%  pme mesh/force 0.303
           Step           Time
         144000      288.00000

   Energies (kJ/mol)
           Bond            U-B    Proper Dih.  Improper Dih.      CMAP Dih.
    6.33942e+03    1.79651e+04    1.15934e+04    1.04504e+03   -2.45307e+03
          LJ-14     Coulomb-14        LJ (SR)   Coulomb (SR)   Coul. recip.
    5.68158e+03    1.12618e+05    2.40341e+05   -1.81310e+06    4.63476e+03
 Position Rest.      Potential    Kinetic En.   Total Energy  Conserved En.
    2.06184e+03   -1.41327e+06    2.35627e+05   -1.17765e+06   -1.16806e+06
    Temperature Pressure (bar)   Constr. rmsd
    2.99234e+02   -1.78185e+02    3.05369e-06

           Step           Time
         144500      289.00000

   Energies (kJ/mol)
           Bond            U-B    Proper Dih.  Improper Dih.      CMAP Dih.
    6.58178e+03    1.80412e+04    1.15627e+04    1.11093e+03   -2.46163e+03
          LJ-14     Coulomb-14        LJ (SR)   Coulomb (SR)   Coul. recip.
    5.67957e+03    1.12545e+05    2.40122e+05   -1.81194e+06    4.63888e+03
 Position Rest.      Potential    Kinetic En.   Total Energy  Conserved En.
    2.02609e+03   -1.41209e+06    2.34940e+05   -1.17715e+06   -1.16802e+06
    Temperature Pressure (bar)   Constr. rmsd
    2.98361e+02   -1.46465e+02    3.18078e-06

           Step           Time
         145000      290.00000

   Energies (kJ/mol)
           Bond            U-B    Proper Dih.  Improper Dih.      CMAP Dih.
    6.22696e+03    1.79627e+04    1.16156e+04    1.06003e+03   -2.53956e+03
          LJ-14     Coulomb-14        LJ (SR)   Coulomb (SR)   Coul. recip.
    5.75285e+03    1.12905e+05    2.42477e+05   -1.81375e+06    4.53690e+03
 Position Rest.      Potential    Kinetic En.   Total Energy  Conserved En.
    2.06746e+03   -1.41168e+06    2.35584e+05   -1.17610e+06   -1.16802e+06
    Temperature Pressure (bar)   Constr. rmsd
    2.99180e+02    2.18951e+02    2.97393e-06

           Step           Time
         145500      291.00000

   Energies (kJ/mol)
           Bond            U-B    Proper Dih.  Improper Dih.      CMAP Dih.
    6.35259e+03    1.82016e+04    1.17087e+04    1.14690e+03   -2.44214e+03
          LJ-14     Coulomb-14        LJ (SR)   Coulomb (SR)   Coul. recip.
    5.63525e+03    1.12811e+05    2.40850e+05   -1.81204e+06    4.48147e+03
 Position Rest.      Potential    Kinetic En.   Total Energy  Conserved En.
    2.12411e+03   -1.41117e+06    2.36730e+05   -1.17444e+06   -1.16801e+06
    Temperature Pressure (bar)   Constr. rmsd
    3.00635e+02   -1.48254e+01    2.93046e-06


DD  step 145999  vol min/aver 0.782  load imb.: force  1.3%  pme mesh/force 0.302
           Step           Time
         146000      292.00000

   Energies (kJ/mol)
           Bond            U-B    Proper Dih.  Improper Dih.      CMAP Dih.
    6.20293e+03    1.82001e+04    1.16160e+04    1.01199e+03   -2.49320e+03
          LJ-14     Coulomb-14        LJ (SR)   Coulomb (SR)   Coul. recip.
    5.73393e+03    1.12747e+05    2.40450e+05   -1.81192e+06    4.60373e+03
 Position Rest.      Potential    Kinetic En.   Total Energy  Conserved En.
    1.98912e+03   -1.41185e+06    2.36844e+05   -1.17501e+06   -1.16799e+06
    Temperature Pressure (bar)   Constr. rmsd
    3.00780e+02   -9.10186e+01    3.10800e-06

           Step           Time
         146500      293.00000

   Energies (kJ/mol)
           Bond            U-B    Proper Dih.  Improper Dih.      CMAP Dih.
    6.27343e+03    1.82963e+04    1.16381e+04    1.06590e+03   -2.45006e+03
          LJ-14     Coulomb-14        LJ (SR)   Coulomb (SR)   Coul. recip.
    5.75678e+03    1.12703e+05    2.39215e+05   -1.81081e+06    4.63733e+03
 Position Rest.      Potential    Kinetic En.   Total Energy  Conserved En.
    2.04077e+03   -1.41164e+06    2.37412e+05   -1.17422e+06   -1.16797e+06
    Temperature Pressure (bar)   Constr. rmsd
    3.01501e+02    4.68958e+01    3.14890e-06

           Step           Time
         147000      294.00000

   Energies (kJ/mol)
           Bond            U-B    Proper Dih.  Improper Dih.      CMAP Dih.
    6.01478e+03    1.79997e+04    1.15396e+04    1.06662e+03   -2.46715e+03
          LJ-14     Coulomb-14        LJ (SR)   Coulomb (SR)   Coul. recip.
    5.73083e+03    1.12927e+05    2.42159e+05   -1.81396e+06    4.62323e+03
 Position Rest.      Potential    Kinetic En.   Total Energy  Conserved En.
    2.03601e+03   -1.41233e+06    2.33262e+05   -1.17907e+06   -1.16791e+06
    Temperature Pressure (bar)   Constr. rmsd
    2.96231e+02    8.27176e+01    2.95687e-06

           Step           Time
         147500      295.00000

   Energies (kJ/mol)
           Bond            U-B    Proper Dih.  Improper Dih.      CMAP Dih.
    6.19427e+03    1.79247e+04    1.17197e+04    1.10420e+03   -2.37884e+03
          LJ-14     Coulomb-14        LJ (SR)   Coulomb (SR)   Coul. recip.
    5.65504e+03    1.12762e+05    2.41726e+05   -1.81555e+06    4.68848e+03
 Position Rest.      Potential    Kinetic En.   Total Energy  Conserved En.
    2.04927e+03   -1.41411e+06    2.36174e+05   -1.17793e+06   -1.16794e+06
    Temperature Pressure (bar)   Constr. rmsd
    2.99929e+02   -5.20748e+01    3.03995e-06


DD  step 147999  vol min/aver 0.798  load imb.: force  1.4%  pme mesh/force 0.303
           Step           Time
         148000      296.00000

   Energies (kJ/mol)
           Bond            U-B    Proper Dih.  Improper Dih.      CMAP Dih.
    6.33913e+03    1.80093e+04    1.16559e+04    1.10671e+03   -2.40565e+03
          LJ-14     Coulomb-14        LJ (SR)   Coulomb (SR)   Coul. recip.
    5.71573e+03    1.12522e+05    2.40859e+05   -1.81313e+06    4.66698e+03
 Position Rest.      Potential    Kinetic En.   Total Energy  Conserved En.
    2.04171e+03   -1.41262e+06    2.37161e+05   -1.17546e+06   -1.16795e+06
    Temperature Pressure (bar)   Constr. rmsd
    3.01182e+02   -9.12935e+01    3.17436e-06

           Step           Time
         148500      297.00000

   Energies (kJ/mol)
           Bond            U-B    Proper Dih.  Improper Dih.      CMAP Dih.
    6.17045e+03    1.79405e+04    1.16558e+04    1.14576e+03   -2.39038e+03
          LJ-14     Coulomb-14        LJ (SR)   Coulomb (SR)   Coul. recip.
    5.65489e+03    1.12578e+05    2.41139e+05   -1.81297e+06    4.67616e+03
 Position Rest.      Potential    Kinetic En.   Total Energy  Conserved En.
    1.98904e+03   -1.41241e+06    2.35584e+05   -1.17683e+06   -1.16789e+06
    Temperature Pressure (bar)   Constr. rmsd
    2.99179e+02    1.43631e+02    2.94582e-06

           Step           Time
         149000      298.00000

   Energies (kJ/mol)
           Bond            U-B    Proper Dih.  Improper Dih.      CMAP Dih.
    6.07268e+03    1.79669e+04    1.15470e+04    1.07548e+03   -2.44381e+03
          LJ-14     Coulomb-14        LJ (SR)   Coulomb (SR)   Coul. recip.
    5.76096e+03    1.13076e+05    2.39121e+05   -1.81171e+06    4.64009e+03
 Position Rest.      Potential    Kinetic En.   Total Energy  Conserved En.
    1.88286e+03   -1.41301e+06    2.36736e+05   -1.17627e+06   -1.16787e+06
    Temperature Pressure (bar)   Constr. rmsd
    3.00643e+02   -5.16769e+01    3.06920e-06

           Step           Time
         149500      299.00000

   Energies (kJ/mol)
           Bond            U-B    Proper Dih.  Improper Dih.      CMAP Dih.
    6.19864e+03    1.81229e+04    1.16347e+04    1.05243e+03   -2.50371e+03
          LJ-14     Coulomb-14        LJ (SR)   Coulomb (SR)   Coul. recip.
    5.77167e+03    1.12634e+05    2.41486e+05   -1.81343e+06    4.61690e+03
 Position Rest.      Potential    Kinetic En.   Total Energy  Conserved En.
    1.99274e+03   -1.41242e+06    2.34957e+05   -1.17746e+06   -1.16784e+06
    Temperature Pressure (bar)   Constr. rmsd
    2.98383e+02    2.89486e+01    3.23298e-06


DD  step 149999  vol min/aver 0.793  load imb.: force  1.6%  pme mesh/force 0.306
           Step           Time
         150000      300.00000

   Energies (kJ/mol)
           Bond            U-B    Proper Dih.  Improper Dih.      CMAP Dih.
    6.32770e+03    1.80820e+04    1.15856e+04    1.15484e+03   -2.40728e+03
          LJ-14     Coulomb-14        LJ (SR)   Coulomb (SR)   Coul. recip.
    5.66514e+03    1.12913e+05    2.39752e+05   -1.80919e+06    4.57363e+03
 Position Rest.      Potential    Kinetic En.   Total Energy  Conserved En.
    1.95834e+03   -1.40958e+06    2.36966e+05   -1.17262e+06   -1.16784e+06
    Temperature Pressure (bar)   Constr. rmsd
    3.00934e+02   -4.94552e+01    3.30511e-06

           Step           Time
         150500      301.00000

   Energies (kJ/mol)
           Bond            U-B    Proper Dih.  Improper Dih.      CMAP Dih.
    6.29909e+03    1.81821e+04    1.16278e+04    1.17306e+03   -2.43391e+03
          LJ-14     Coulomb-14        LJ (SR)   Coulomb (SR)   Coul. recip.
    5.62668e+03    1.12770e+05    2.37376e+05   -1.80737e+06    4.57685e+03
 Position Rest.      Potential    Kinetic En.   Total Energy  Conserved En.
    1.91049e+03   -1.41026e+06    2.36057e+05   -1.17420e+06   -1.16782e+06
    Temperature Pressure (bar)   Constr. rmsd
    2.99781e+02   -1.43561e+02    3.22574e-06

           Step           Time
         151000      302.00000

   Energies (kJ/mol)
           Bond            U-B    Proper Dih.  Improper Dih.      CMAP Dih.
    6.05395e+03    1.83447e+04    1.16117e+04    1.07027e+03   -2.45281e+03
          LJ-14     Coulomb-14        LJ (SR)   Coulomb (SR)   Coul. recip.
    5.74605e+03    1.12735e+05    2.39956e+05   -1.81020e+06    4.46162e+03
 Position Rest.      Potential    Kinetic En.   Total Energy  Conserved En.
    2.05650e+03   -1.41062e+06    2.36007e+05   -1.17461e+06   -1.16780e+06
    Temperature Pressure (bar)   Constr. rmsd
    2.99717e+02    7.78156e+01    2.95335e-06

           Step           Time
         151500      303.00000

   Energies (kJ/mol)
           Bond            U-B    Proper Dih.  Improper Dih.      CMAP Dih.
    6.32029e+03    1.81644e+04    1.15589e+04    1.17402e+03   -2.52473e+03
          LJ-14     Coulomb-14        LJ (SR)   Coulomb (SR)   Coul. recip.
    5.79940e+03    1.13047e+05    2.39214e+05   -1.80839e+06    4.54907e+03
 Position Rest.      Potential    Kinetic En.   Total Energy  Conserved En.
    1.89574e+03   -1.40919e+06    2.37765e+05   -1.17143e+06   -1.16779e+06
    Temperature Pressure (bar)   Constr. rmsd
    3.01949e+02    3.71472e+01    3.15091e-06


DD  step 151999  vol min/aver 0.797  load imb.: force  0.8%  pme mesh/force 0.303
           Step           Time
         152000      304.00000

   Energies (kJ/mol)
           Bond            U-B    Proper Dih.  Improper Dih.      CMAP Dih.
    6.52105e+03    1.80218e+04    1.15654e+04    1.16692e+03   -2.36052e+03
          LJ-14     Coulomb-14        LJ (SR)   Coulomb (SR)   Coul. recip.
    5.65127e+03    1.12819e+05    2.39834e+05   -1.80926e+06    4.65783e+03
 Position Rest.      Potential    Kinetic En.   Total Energy  Conserved En.
    1.92002e+03   -1.40946e+06    2.36881e+05   -1.17258e+06   -1.16774e+06
    Temperature Pressure (bar)   Constr. rmsd
    3.00827e+02   -2.57042e+01    3.08161e-06

           Step           Time
         152500      305.00000

   Energies (kJ/mol)
           Bond            U-B    Proper Dih.  Improper Dih.      CMAP Dih.
    6.19020e+03    1.84127e+04    1.14188e+04    1.10098e+03   -2.43639e+03
          LJ-14     Coulomb-14        LJ (SR)   Coulomb (SR)   Coul. recip.
    5.73367e+03    1.12622e+05    2.40753e+05   -1.81316e+06    4.63735e+03
 Position Rest.      Potential    Kinetic En.   Total Energy  Conserved En.
    1.95601e+03   -1.41277e+06    2.34610e+05   -1.17816e+06   -1.16770e+06
    Temperature Pressure (bar)   Constr. rmsd
    2.97943e+02    1.05750e+02    3.21381e-06

           Step           Time
         153000      306.00000

   Energies (kJ/mol)
           Bond            U-B    Proper Dih.  Improper Dih.      CMAP Dih.
    6.14340e+03    1.80998e+04    1.14560e+04    1.08998e+03   -2.42028e+03
          LJ-14     Coulomb-14        LJ (SR)   Coulomb (SR)   Coul. recip.
    5.74397e+03    1.13083e+05    2.42724e+05   -1.81604e+06    4.63161e+03
 Position Rest.      Potential    Kinetic En.   Total Energy  Conserved En.
    1.87842e+03   -1.41361e+06    2.36663e+05   -1.17695e+06   -1.16770e+06
    Temperature Pressure (bar)   Constr. rmsd
    3.00549e+02    1.69908e+02    3.15252e-06

           Step           Time
         153500      307.00000

   Energies (kJ/mol)
           Bond            U-B    Proper Dih.  Improper Dih.      CMAP Dih.
    6.23707e+03    1.81429e+04    1.16528e+04    1.15622e+03   -2.48125e+03
          LJ-14     Coulomb-14        LJ (SR)   Coulomb (SR)   Coul. recip.
    5.87750e+03    1.13060e+05    2.39174e+05   -1.81099e+06    4.61109e+03
 Position Rest.      Potential    Kinetic En.   Total Energy  Conserved En.
    1.98631e+03   -1.41157e+06    2.37591e+05   -1.17398e+06   -1.16769e+06
    Temperature Pressure (bar)   Constr. rmsd
    3.01728e+02   -4.85293e+01    3.21489e-06


DD  step 153999  vol min/aver 0.806  load imb.: force  1.5%  pme mesh/force 0.303
           Step           Time
         154000      308.00000

   Energies (kJ/mol)
           Bond            U-B    Proper Dih.  Improper Dih.      CMAP Dih.
    6.28067e+03    1.81693e+04    1.15307e+04    1.13265e+03   -2.49010e+03
          LJ-14     Coulomb-14        LJ (SR)   Coulomb (SR)   Coul. recip.
    5.69524e+03    1.12590e+05    2.40734e+05   -1.81036e+06    4.62971e+03
 Position Rest.      Potential    Kinetic En.   Total Energy  Conserved En.
    2.03638e+03   -1.41005e+06    2.37543e+05   -1.17250e+06   -1.16768e+06
    Temperature Pressure (bar)   Constr. rmsd
    3.01668e+02    7.68368e+01    3.09930e-06

           Step           Time
         154500      309.00000

   Energies (kJ/mol)
           Bond            U-B    Proper Dih.  Improper Dih.      CMAP Dih.
    6.12438e+03    1.76857e+04    1.16610e+04    1.09072e+03   -2.43281e+03
          LJ-14     Coulomb-14        LJ (SR)   Coulomb (SR)   Coul. recip.
    5.68408e+03    1.12845e+05    2.41367e+05   -1.81210e+06    4.49077e+03
 Position Rest.      Potential    Kinetic En.   Total Energy  Conserved En.
    2.00921e+03   -1.41157e+06    2.35452e+05   -1.17612e+06   -1.16766e+06
    Temperature Pressure (bar)   Constr. rmsd
    2.99011e+02    5.56006e+01    3.14599e-06

           Step           Time
         155000      310.00000

   Energies (kJ/mol)
           Bond            U-B    Proper Dih.  Improper Dih.      CMAP Dih.
    6.18509e+03    1.81268e+04    1.16816e+04    1.12036e+03   -2.42375e+03
          LJ-14     Coulomb-14        LJ (SR)   Coulomb (SR)   Coul. recip.
    5.61771e+03    1.12708e+05    2.41153e+05   -1.81270e+06    4.59954e+03
 Position Rest.      Potential    Kinetic En.   Total Energy  Conserved En.
    2.01336e+03   -1.41192e+06    2.35549e+05   -1.17637e+06   -1.16766e+06
    Temperature Pressure (bar)   Constr. rmsd
    2.99135e+02    6.57754e+01    2.96644e-06

           Step           Time
         155500      311.00000

   Energies (kJ/mol)
           Bond            U-B    Proper Dih.  Improper Dih.      CMAP Dih.
    6.32026e+03    1.80597e+04    1.14989e+04    1.12204e+03   -2.42800e+03
          LJ-14     Coulomb-14        LJ (SR)   Coulomb (SR)   Coul. recip.
    5.73773e+03    1.12372e+05    2.39903e+05   -1.81076e+06    4.61620e+03
 Position Rest.      Potential    Kinetic En.   Total Energy  Conserved En.
    1.99042e+03   -1.41156e+06    2.35608e+05   -1.17596e+06   -1.16762e+06
    Temperature Pressure (bar)   Constr. rmsd
    2.99210e+02   -5.53300e+01    3.00168e-06


DD  step 155999  vol min/aver 0.803  load imb.: force  2.2%  pme mesh/force 0.314
           Step           Time
         156000      312.00000

   Energies (kJ/mol)
           Bond            U-B    Proper Dih.  Improper Dih.      CMAP Dih.
    6.41753e+03    1.78563e+04    1.16788e+04    1.09582e+03   -2.51116e+03
          LJ-14     Coulomb-14        LJ (SR)   Coulomb (SR)   Coul. recip.
    5.72839e+03    1.13028e+05    2.39062e+05   -1.80857e+06    4.68442e+03
 Position Rest.      Potential    Kinetic En.   Total Energy  Conserved En.
    2.09308e+03   -1.40943e+06    2.35086e+05   -1.17435e+06   -1.16758e+06
    Temperature Pressure (bar)   Constr. rmsd
    2.98547e+02   -7.06895e+01    3.12556e-06

           Step           Time
         156500      313.00000

   Energies (kJ/mol)
           Bond            U-B    Proper Dih.  Improper Dih.      CMAP Dih.
    6.01136e+03    1.79082e+04    1.16205e+04    1.07499e+03   -2.37176e+03
          LJ-14     Coulomb-14        LJ (SR)   Coulomb (SR)   Coul. recip.
    5.85260e+03    1.12733e+05    2.40330e+05   -1.81126e+06    4.62992e+03
 Position Rest.      Potential    Kinetic En.   Total Energy  Conserved En.
    1.99575e+03   -1.41147e+06    2.36246e+05   -1.17522e+06   -1.16758e+06
    Temperature Pressure (bar)   Constr. rmsd
    3.00020e+02    1.27280e+02    3.14589e-06

           Step           Time
         157000      314.00000

   Energies (kJ/mol)
           Bond            U-B    Proper Dih.  Improper Dih.      CMAP Dih.
    6.32217e+03    1.85437e+04    1.15585e+04    1.13339e+03   -2.47408e+03
          LJ-14     Coulomb-14        LJ (SR)   Coulomb (SR)   Coul. recip.
    5.63000e+03    1.12519e+05    2.41241e+05   -1.81214e+06    4.44765e+03
 Position Rest.      Potential    Kinetic En.   Total Energy  Conserved En.
    2.02946e+03   -1.41118e+06    2.37727e+05   -1.17346e+06   -1.16755e+06
    Temperature Pressure (bar)   Constr. rmsd
    3.01901e+02    3.92024e+01    3.05331e-06

           Step           Time
         157500      315.00000

   Energies (kJ/mol)
           Bond            U-B    Proper Dih.  Improper Dih.      CMAP Dih.
    6.21220e+03    1.82143e+04    1.17492e+04    1.07911e+03   -2.40820e+03
          LJ-14     Coulomb-14        LJ (SR)   Coulomb (SR)   Coul. recip.
    5.75775e+03    1.12555e+05    2.41181e+05   -1.81097e+06    4.53559e+03
 Position Rest.      Potential    Kinetic En.   Total Energy  Conserved En.
    2.12167e+03   -1.40997e+06    2.36737e+05   -1.17324e+06   -1.16753e+06
    Temperature Pressure (bar)   Constr. rmsd
    3.00644e+02    9.89066e+01    3.13276e-06


DD  step 157999  vol min/aver 0.805  load imb.: force  1.1%  pme mesh/force 0.305
           Step           Time
         158000      316.00000

   Energies (kJ/mol)
           Bond            U-B    Proper Dih.  Improper Dih.      CMAP Dih.
    6.29182e+03    1.82163e+04    1.15685e+04    1.11015e+03   -2.47251e+03
          LJ-14     Coulomb-14        LJ (SR)   Coulomb (SR)   Coul. recip.
    5.67316e+03    1.12812e+05    2.40473e+05   -1.81270e+06    4.67665e+03
 Position Rest.      Potential    Kinetic En.   Total Energy  Conserved En.
    1.98150e+03   -1.41237e+06    2.35777e+05   -1.17660e+06   -1.16745e+06
    Temperature Pressure (bar)   Constr. rmsd
    2.99425e+02   -8.28383e+01    3.10122e-06

           Step           Time
         158500      317.00000

   Energies (kJ/mol)
           Bond            U-B    Proper Dih.  Improper Dih.      CMAP Dih.
    6.28687e+03    1.84604e+04    1.15006e+04    1.09678e+03   -2.40460e+03
          LJ-14     Coulomb-14        LJ (SR)   Coulomb (SR)   Coul. recip.
    5.76119e+03    1.12550e+05    2.38786e+05   -1.80875e+06    4.53439e+03
 Position Rest.      Potential    Kinetic En.   Total Energy  Conserved En.
    1.95132e+03   -1.41023e+06    2.35630e+05   -1.17460e+06   -1.16747e+06
    Temperature Pressure (bar)   Constr. rmsd
    2.99237e+02   -4.25984e+01    3.12190e-06

           Step           Time
         159000      318.00000

   Energies (kJ/mol)
           Bond            U-B    Proper Dih.  Improper Dih.      CMAP Dih.
    6.07612e+03    1.80538e+04    1.16017e+04    1.13936e+03   -2.48881e+03
          LJ-14     Coulomb-14        LJ (SR)   Coulomb (SR)   Coul. recip.
    5.74176e+03    1.12426e+05    2.39177e+05   -1.80883e+06    4.64822e+03
 Position Rest.      Potential    Kinetic En.   Total Energy  Conserved En.
    1.97434e+03   -1.41048e+06    2.36545e+05   -1.17393e+06   -1.16750e+06
    Temperature Pressure (bar)   Constr. rmsd
    3.00400e+02   -4.06208e+01    3.11984e-06

           Step           Time
         159500      319.00000

   Energies (kJ/mol)
           Bond            U-B    Proper Dih.  Improper Dih.      CMAP Dih.
    6.18683e+03    1.82462e+04    1.15976e+04    1.05080e+03   -2.44741e+03
          LJ-14     Coulomb-14        LJ (SR)   Coulomb (SR)   Coul. recip.
    5.75276e+03    1.12998e+05    2.38480e+05   -1.80676e+06    4.53433e+03
 Position Rest.      Potential    Kinetic En.   Total Energy  Conserved En.
    2.02898e+03   -1.40833e+06    2.35365e+05   -1.17296e+06   -1.16743e+06
    Temperature Pressure (bar)   Constr. rmsd
    2.98901e+02   -1.30457e+01    3.13088e-06


DD  step 159999  vol min/aver 0.806  load imb.: force  1.1%  pme mesh/force 0.305
           Step           Time
         160000      320.00000

   Energies (kJ/mol)
           Bond            U-B    Proper Dih.  Improper Dih.      CMAP Dih.
    6.29488e+03    1.81171e+04    1.16634e+04    1.12505e+03   -2.45372e+03
          LJ-14     Coulomb-14        LJ (SR)   Coulomb (SR)   Coul. recip.
    5.63961e+03    1.12538e+05    2.41797e+05   -1.81267e+06    4.57311e+03
 Position Rest.      Potential    Kinetic En.   Total Energy  Conserved En.
    1.95098e+03   -1.41142e+06    2.37182e+05   -1.17424e+06   -1.16746e+06
    Temperature Pressure (bar)   Constr. rmsd
    3.01209e+02    1.15068e+02    3.22901e-06

           Step           Time
         160500      321.00000

   Energies (kJ/mol)
           Bond            U-B    Proper Dih.  Improper Dih.      CMAP Dih.
    6.16607e+03    1.79537e+04    1.16045e+04    1.19093e+03   -2.45455e+03
          LJ-14     Coulomb-14        LJ (SR)   Coulomb (SR)   Coul. recip.
    5.72092e+03    1.12921e+05    2.41458e+05   -1.81186e+06    4.70171e+03
 Position Rest.      Potential    Kinetic En.   Total Energy  Conserved En.
    1.99542e+03   -1.41060e+06    2.36975e+05   -1.17363e+06   -1.16741e+06
    Temperature Pressure (bar)   Constr. rmsd
    3.00945e+02    2.86552e+01    3.07047e-06

           Step           Time
         161000      322.00000

   Energies (kJ/mol)
           Bond            U-B    Proper Dih.  Improper Dih.      CMAP Dih.
    6.17187e+03    1.81960e+04    1.16217e+04    1.10380e+03   -2.47946e+03
          LJ-14     Coulomb-14        LJ (SR)   Coulomb (SR)   Coul. recip.
    5.68332e+03    1.12631e+05    2.40683e+05   -1.81029e+06    4.64416e+03
 Position Rest.      Potential    Kinetic En.   Total Energy  Conserved En.
    1.99561e+03   -1.41004e+06    2.34689e+05   -1.17535e+06   -1.16736e+06
    Temperature Pressure (bar)   Constr. rmsd
    2.98043e+02   -1.21132e+02    3.05584e-06

           Step           Time
         161500      323.00000

   Energies (kJ/mol)
           Bond            U-B    Proper Dih.  Improper Dih.      CMAP Dih.
    6.26660e+03    1.80884e+04    1.17271e+04    1.03488e+03   -2.45693e+03
          LJ-14     Coulomb-14        LJ (SR)   Coulomb (SR)   Coul. recip.
    5.72652e+03    1.12695e+05    2.38279e+05   -1.80879e+06    4.62248e+03
 Position Rest.      Potential    Kinetic En.   Total Energy  Conserved En.
    1.87922e+03   -1.41093e+06    2.35434e+05   -1.17550e+06   -1.16734e+06
    Temperature Pressure (bar)   Constr. rmsd
    2.98990e+02   -3.97520e+01    3.03951e-06


DD  step 161999  vol min/aver 0.800  load imb.: force  0.8%  pme mesh/force 0.302
           Step           Time
         162000      324.00000

   Energies (kJ/mol)
           Bond            U-B    Proper Dih.  Improper Dih.      CMAP Dih.
    6.29415e+03    1.81667e+04    1.18310e+04    1.03778e+03   -2.45104e+03
          LJ-14     Coulomb-14        LJ (SR)   Coulomb (SR)   Coul. recip.
    5.65064e+03    1.12627e+05    2.38798e+05   -1.80792e+06    4.69389e+03
 Position Rest.      Potential    Kinetic En.   Total Energy  Conserved En.
    2.02428e+03   -1.40925e+06    2.35858e+05   -1.17339e+06   -1.16732e+06
    Temperature Pressure (bar)   Constr. rmsd
    2.99528e+02   -5.18991e+01    3.19954e-06

           Step           Time
         162500      325.00000

   Energies (kJ/mol)
           Bond            U-B    Proper Dih.  Improper Dih.      CMAP Dih.
    6.11206e+03    1.81663e+04    1.17810e+04    1.06943e+03   -2.52289e+03
          LJ-14     Coulomb-14        LJ (SR)   Coulomb (SR)   Coul. recip.
    5.74706e+03    1.12948e+05    2.40394e+05   -1.81054e+06    4.61762e+03
 Position Rest.      Potential    Kinetic En.   Total Energy  Conserved En.
    1.98141e+03   -1.41025e+06    2.36004e+05   -1.17424e+06   -1.16730e+06
    Temperature Pressure (bar)   Constr. rmsd
    2.99713e+02    3.80071e+01    3.15204e-06

           Step           Time
         163000      326.00000

   Energies (kJ/mol)
           Bond            U-B    Proper Dih.  Improper Dih.      CMAP Dih.
    6.06366e+03    1.80206e+04    1.15910e+04    1.09246e+03   -2.39260e+03
          LJ-14     Coulomb-14        LJ (SR)   Coulomb (SR)   Coul. recip.
    5.73097e+03    1.12641e+05    2.40756e+05   -1.81311e+06    4.52235e+03
 Position Rest.      Potential    Kinetic En.   Total Energy  Conserved En.
    2.08221e+03   -1.41300e+06    2.35311e+05   -1.17769e+06   -1.16728e+06
    Temperature Pressure (bar)   Constr. rmsd
    2.98833e+02   -3.60732e+01    3.06094e-06

           Step           Time
         163500      327.00000

   Energies (kJ/mol)
           Bond            U-B    Proper Dih.  Improper Dih.      CMAP Dih.
    6.03610e+03    1.84010e+04    1.15680e+04    1.07712e+03   -2.45756e+03
          LJ-14     Coulomb-14        LJ (SR)   Coulomb (SR)   Coul. recip.
    5.69089e+03    1.12535e+05    2.36852e+05   -1.80601e+06    4.69187e+03
 Position Rest.      Potential    Kinetic En.   Total Energy  Conserved En.
    2.04289e+03   -1.40957e+06    2.36160e+05   -1.17341e+06   -1.16729e+06
    Temperature Pressure (bar)   Constr. rmsd
    2.99911e+02   -1.71088e+02    3.24331e-06


DD  step 163999  vol min/aver 0.803  load imb.: force  0.9%  pme mesh/force 0.302
           Step           Time
         164000      328.00000

   Energies (kJ/mol)
           Bond            U-B    Proper Dih.  Improper Dih.      CMAP Dih.
    6.28606e+03    1.83150e+04    1.16714e+04    1.05365e+03   -2.49846e+03
          LJ-14     Coulomb-14        LJ (SR)   Coulomb (SR)   Coul. recip.
    5.75817e+03    1.12776e+05    2.40700e+05   -1.81129e+06    4.65094e+03
 Position Rest.      Potential    Kinetic En.   Total Energy  Conserved En.
    2.08679e+03   -1.41049e+06    2.36354e+05   -1.17414e+06   -1.16722e+06
    Temperature Pressure (bar)   Constr. rmsd
    3.00158e+02    3.21649e+01    2.98769e-06

           Step           Time
         164500      329.00000

   Energies (kJ/mol)
           Bond            U-B    Proper Dih.  Improper Dih.      CMAP Dih.
    6.09690e+03    1.80936e+04    1.15789e+04    1.11819e+03   -2.46339e+03
          LJ-14     Coulomb-14        LJ (SR)   Coulomb (SR)   Coul. recip.
    5.72106e+03    1.12779e+05    2.39729e+05   -1.81049e+06    4.57334e+03
 Position Rest.      Potential    Kinetic En.   Total Energy  Conserved En.
    2.10984e+03   -1.41115e+06    2.35914e+05   -1.17524e+06   -1.16723e+06
    Temperature Pressure (bar)   Constr. rmsd
    2.99599e+02    3.73452e+01    3.16050e-06

           Step           Time
         165000      330.00000

   Energies (kJ/mol)
           Bond            U-B    Proper Dih.  Improper Dih.      CMAP Dih.
    6.08623e+03    1.80057e+04    1.15441e+04    1.07816e+03   -2.45838e+03
          LJ-14     Coulomb-14        LJ (SR)   Coulomb (SR)   Coul. recip.
    5.59242e+03    1.12434e+05    2.41671e+05   -1.81312e+06    4.60030e+03
 Position Rest.      Potential    Kinetic En.   Total Energy  Conserved En.
    2.13223e+03   -1.41243e+06    2.35811e+05   -1.17662e+06   -1.16727e+06
    Temperature Pressure (bar)   Constr. rmsd
    2.99468e+02   -1.00464e+02    3.20532e-06

           Step           Time
         165500      331.00000

   Energies (kJ/mol)
           Bond            U-B    Proper Dih.  Improper Dih.      CMAP Dih.
    6.07336e+03    1.82352e+04    1.17801e+04    1.02030e+03   -2.55414e+03
          LJ-14     Coulomb-14        LJ (SR)   Coulomb (SR)   Coul. recip.
    5.73149e+03    1.12717e+05    2.39303e+05   -1.81090e+06    4.72075e+03
 Position Rest.      Potential    Kinetic En.   Total Energy  Conserved En.
    1.93818e+03   -1.41193e+06    2.37170e+05   -1.17476e+06   -1.16722e+06
    Temperature Pressure (bar)   Constr. rmsd
    3.01194e+02   -1.38817e+02    3.14838e-06


DD  step 165999  vol min/aver 0.799  load imb.: force  2.0%  pme mesh/force 0.308
           Step           Time
         166000      332.00000

   Energies (kJ/mol)
           Bond            U-B    Proper Dih.  Improper Dih.      CMAP Dih.
    6.18162e+03    1.80201e+04    1.14470e+04    1.08559e+03   -2.42383e+03
          LJ-14     Coulomb-14        LJ (SR)   Coulomb (SR)   Coul. recip.
    5.70018e+03    1.12822e+05    2.40186e+05   -1.81049e+06    4.63465e+03
 Position Rest.      Potential    Kinetic En.   Total Energy  Conserved En.
    1.97895e+03   -1.41086e+06    2.37632e+05   -1.17323e+06   -1.16721e+06
    Temperature Pressure (bar)   Constr. rmsd
    3.01781e+02   -1.24259e+01    3.08271e-06

           Step           Time
         166500      333.00000

   Energies (kJ/mol)
           Bond            U-B    Proper Dih.  Improper Dih.      CMAP Dih.
    6.40770e+03    1.83152e+04    1.16500e+04    1.10585e+03   -2.48573e+03
          LJ-14     Coulomb-14        LJ (SR)   Coulomb (SR)   Coul. recip.
    5.54639e+03    1.12405e+05    2.40636e+05   -1.81232e+06    4.56834e+03
 Position Rest.      Potential    Kinetic En.   Total Energy  Conserved En.
    2.01216e+03   -1.41216e+06    2.36520e+05   -1.17564e+06   -1.16718e+06
    Temperature Pressure (bar)   Constr. rmsd
    3.00368e+02   -1.59913e+02    3.05780e-06

           Step           Time
         167000      334.00000

   Energies (kJ/mol)
           Bond            U-B    Proper Dih.  Improper Dih.      CMAP Dih.
    6.19271e+03    1.79032e+04    1.16726e+04    1.10681e+03   -2.47440e+03
          LJ-14     Coulomb-14        LJ (SR)   Coulomb (SR)   Coul. recip.
    5.77416e+03    1.13192e+05    2.38679e+05   -1.81083e+06    4.69090e+03
 Position Rest.      Potential    Kinetic En.   Total Energy  Conserved En.
    2.01680e+03   -1.41207e+06    2.36548e+05   -1.17553e+06   -1.16712e+06
    Temperature Pressure (bar)   Constr. rmsd
    3.00404e+02   -3.95174e+01    3.02042e-06

           Step           Time
         167500      335.00000

   Energies (kJ/mol)
           Bond            U-B    Proper Dih.  Improper Dih.      CMAP Dih.
    6.54663e+03    1.79903e+04    1.16865e+04    1.01450e+03   -2.43897e+03
          LJ-14     Coulomb-14        LJ (SR)   Coulomb (SR)   Coul. recip.
    5.79689e+03    1.12615e+05    2.41398e+05   -1.81341e+06    4.65366e+03
 Position Rest.      Potential    Kinetic En.   Total Energy  Conserved En.
    1.95517e+03   -1.41219e+06    2.36730e+05   -1.17546e+06   -1.16708e+06
    Temperature Pressure (bar)   Constr. rmsd
    3.00634e+02   -2.75488e+00    3.08944e-06


DD  step 167999  vol min/aver 0.786  load imb.: force  1.7%  pme mesh/force 0.304
           Step           Time
         168000      336.00000

   Energies (kJ/mol)
           Bond            U-B    Proper Dih.  Improper Dih.      CMAP Dih.
    6.18979e+03    1.80097e+04    1.17153e+04    1.11588e+03   -2.48491e+03
          LJ-14     Coulomb-14        LJ (SR)   Coulomb (SR)   Coul. recip.
    5.72709e+03    1.13123e+05    2.38804e+05   -1.81048e+06    4.52813e+03
 Position Rest.      Potential    Kinetic En.   Total Energy  Conserved En.
    2.03175e+03   -1.41172e+06    2.37311e+05   -1.17441e+06   -1.16710e+06
    Temperature Pressure (bar)   Constr. rmsd
    3.01373e+02   -1.01595e+02    3.10324e-06

           Step           Time
         168500      337.00000

   Energies (kJ/mol)
           Bond            U-B    Proper Dih.  Improper Dih.      CMAP Dih.
    6.18016e+03    1.82135e+04    1.16215e+04    1.04629e+03   -2.46893e+03
          LJ-14     Coulomb-14        LJ (SR)   Coulomb (SR)   Coul. recip.
    5.71764e+03    1.12717e+05    2.39188e+05   -1.81192e+06    4.69545e+03
 Position Rest.      Potential    Kinetic En.   Total Energy  Conserved En.
    2.00145e+03   -1.41301e+06    2.35395e+05   -1.17762e+06   -1.16705e+06
    Temperature Pressure (bar)   Constr. rmsd
    2.98939e+02   -6.45318e+01    3.00831e-06

           Step           Time
         169000      338.00000

   Energies (kJ/mol)
           Bond            U-B    Proper Dih.  Improper Dih.      CMAP Dih.
    6.35687e+03    1.81914e+04    1.17395e+04    1.02811e+03   -2.42412e+03
          LJ-14     Coulomb-14        LJ (SR)   Coulomb (SR)   Coul. recip.
    5.60230e+03    1.12701e+05    2.41515e+05   -1.81326e+06    4.64349e+03
 Position Rest.      Potential    Kinetic En.   Total Energy  Conserved En.
    2.04048e+03   -1.41187e+06    2.38404e+05   -1.17347e+06   -1.16706e+06
    Temperature Pressure (bar)   Constr. rmsd
    3.02761e+02   -5.55878e+01    3.03921e-06

           Step           Time
         169500      339.00000

   Energies (kJ/mol)
           Bond            U-B    Proper Dih.  Improper Dih.      CMAP Dih.
    6.35384e+03    1.80195e+04    1.17175e+04    1.07936e+03   -2.48804e+03
          LJ-14     Coulomb-14        LJ (SR)   Coulomb (SR)   Coul. recip.
    5.81977e+03    1.12706e+05    2.41258e+05   -1.81376e+06    4.66958e+03
 Position Rest.      Potential    Kinetic En.   Total Energy  Conserved En.
    2.01262e+03   -1.41262e+06    2.36634e+05   -1.17598e+06   -1.16699e+06
    Temperature Pressure (bar)   Constr. rmsd
    3.00513e+02    1.28732e+02    3.08405e-06


DD  step 169999  vol min/aver 0.792  load imb.: force  1.4%  pme mesh/force 0.303
           Step           Time
         170000      340.00000

   Energies (kJ/mol)
           Bond            U-B    Proper Dih.  Improper Dih.      CMAP Dih.
    6.37130e+03    1.79506e+04    1.15445e+04    1.10147e+03   -2.46760e+03
          LJ-14     Coulomb-14        LJ (SR)   Coulomb (SR)   Coul. recip.
    5.74025e+03    1.12621e+05    2.41631e+05   -1.81413e+06    4.62650e+03
 Position Rest.      Potential    Kinetic En.   Total Energy  Conserved En.
    1.98111e+03   -1.41303e+06    2.36061e+05   -1.17697e+06   -1.16701e+06
    Temperature Pressure (bar)   Constr. rmsd
    2.99785e+02    4.63449e+01    3.19721e-06

           Step           Time
         170500      341.00000

   Energies (kJ/mol)
           Bond            U-B    Proper Dih.  Improper Dih.      CMAP Dih.
    6.36087e+03    1.80737e+04    1.14790e+04    1.10111e+03   -2.44020e+03
          LJ-14     Coulomb-14        LJ (SR)   Coulomb (SR)   Coul. recip.
    5.72665e+03    1.12972e+05    2.38738e+05   -1.80853e+06    4.57736e+03
 Position Rest.      Potential    Kinetic En.   Total Energy  Conserved En.
    2.00795e+03   -1.40993e+06    2.37132e+05   -1.17280e+06   -1.16699e+06
    Temperature Pressure (bar)   Constr. rmsd
    3.01146e+02   -1.43022e+02    3.15689e-06

           Step           Time
         171000      342.00000

   Energies (kJ/mol)
           Bond            U-B    Proper Dih.  Improper Dih.      CMAP Dih.
    6.06787e+03    1.84048e+04    1.15801e+04    1.03432e+03   -2.46693e+03
          LJ-14     Coulomb-14        LJ (SR)   Coulomb (SR)   Coul. recip.
    5.64499e+03    1.12498e+05    2.41380e+05   -1.81321e+06    4.57771e+03
 Position Rest.      Potential    Kinetic En.   Total Energy  Conserved En.
    1.87747e+03   -1.41261e+06    2.37244e+05   -1.17536e+06   -1.16698e+06
    Temperature Pressure (bar)   Constr. rmsd
    3.01288e+02    5.04591e+01    2.94774e-06

           Step           Time
         171500      343.00000

   Energies (kJ/mol)
           Bond            U-B    Proper Dih.  Improper Dih.      CMAP Dih.
    6.17714e+03    1.84222e+04    1.16335e+04    1.17388e+03   -2.37481e+03
          LJ-14     Coulomb-14        LJ (SR)   Coulomb (SR)   Coul. recip.
    5.75268e+03    1.12547e+05    2.38885e+05   -1.81005e+06    4.61950e+03
 Position Rest.      Potential    Kinetic En.   Total Energy  Conserved En.
    2.00670e+03   -1.41121e+06    2.35305e+05   -1.17590e+06   -1.16692e+06
    Temperature Pressure (bar)   Constr. rmsd
    2.98825e+02   -9.11777e+01    3.03590e-06


DD  step 171999  vol min/aver 0.792  load imb.: force  1.2%  pme mesh/force 0.304
           Step           Time
         172000      344.00000

   Energies (kJ/mol)
           Bond            U-B    Proper Dih.  Improper Dih.      CMAP Dih.
    6.26335e+03    1.85119e+04    1.15497e+04    1.14329e+03   -2.47281e+03
          LJ-14     Coulomb-14        LJ (SR)   Coulomb (SR)   Coul. recip.
    5.79314e+03    1.12723e+05    2.41052e+05   -1.81218e+06    4.56550e+03
 Position Rest.      Potential    Kinetic En.   Total Energy  Conserved En.
    1.98470e+03   -1.41106e+06    2.37823e+05   -1.17324e+06   -1.16692e+06
    Temperature Pressure (bar)   Constr. rmsd
    3.02023e+02    5.28319e+00    3.15387e-06

           Step           Time
         172500      345.00000

   Energies (kJ/mol)
           Bond            U-B    Proper Dih.  Improper Dih.      CMAP Dih.
    6.58959e+03    1.78046e+04    1.16829e+04    1.08492e+03   -2.38006e+03
          LJ-14     Coulomb-14        LJ (SR)   Coulomb (SR)   Coul. recip.
    5.65962e+03    1.12561e+05    2.41328e+05   -1.81272e+06    4.58244e+03
 Position Rest.      Potential    Kinetic En.   Total Energy  Conserved En.
    2.02497e+03   -1.41178e+06    2.36329e+05   -1.17545e+06   -1.16688e+06
    Temperature Pressure (bar)   Constr. rmsd
    3.00125e+02   -5.15938e+01    2.98170e-06

           Step           Time
         173000      346.00000

   Energies (kJ/mol)
           Bond            U-B    Proper Dih.  Improper Dih.      CMAP Dih.
    6.24044e+03    1.78535e+04    1.16532e+04    1.11722e+03   -2.45476e+03
          LJ-14     Coulomb-14        LJ (SR)   Coulomb (SR)   Coul. recip.
    5.73016e+03    1.12741e+05    2.41789e+05   -1.81340e+06    4.63611e+03
 Position Rest.      Potential    Kinetic En.   Total Energy  Conserved En.
    2.10212e+03   -1.41199e+06    2.35249e+05   -1.17674e+06   -1.16688e+06
    Temperature Pressure (bar)   Constr. rmsd
    2.98754e+02    1.65594e+02    3.04329e-06

           Step           Time
         173500      347.00000

   Energies (kJ/mol)
           Bond            U-B    Proper Dih.  Improper Dih.      CMAP Dih.
    6.46878e+03    1.82846e+04    1.16284e+04    1.09090e+03   -2.45933e+03
          LJ-14     Coulomb-14        LJ (SR)   Coulomb (SR)   Coul. recip.
    5.70759e+03    1.12222e+05    2.39360e+05   -1.80724e+06    4.74296e+03
 Position Rest.      Potential    Kinetic En.   Total Energy  Conserved En.
    2.03511e+03   -1.40816e+06    2.36930e+05   -1.17123e+06   -1.16684e+06
    Temperature Pressure (bar)   Constr. rmsd
    3.00888e+02   -4.32568e+01    3.27414e-06


DD  step 173999  vol min/aver 0.781  load imb.: force  1.0%  pme mesh/force 0.303
           Step           Time
         174000      348.00000

   Energies (kJ/mol)
           Bond            U-B    Proper Dih.  Improper Dih.      CMAP Dih.
    6.38879e+03    1.77544e+04    1.15081e+04    1.07346e+03   -2.53961e+03
          LJ-14     Coulomb-14        LJ (SR)   Coulomb (SR)   Coul. recip.
    5.76010e+03    1.13132e+05    2.41477e+05   -1.81286e+06    4.65309e+03
 Position Rest.      Potential    Kinetic En.   Total Energy  Conserved En.
    2.00168e+03   -1.41165e+06    2.36048e+05   -1.17561e+06   -1.16684e+06
    Temperature Pressure (bar)   Constr. rmsd
    2.99769e+02    1.39822e+02    3.24471e-06

           Step           Time
         174500      349.00000

   Energies (kJ/mol)
           Bond            U-B    Proper Dih.  Improper Dih.      CMAP Dih.
    6.05386e+03    1.81756e+04    1.16543e+04    1.05351e+03   -2.42068e+03
          LJ-14     Coulomb-14        LJ (SR)   Coulomb (SR)   Coul. recip.
    5.63776e+03    1.12523e+05    2.40984e+05   -1.81107e+06    4.56913e+03
 Position Rest.      Potential    Kinetic En.   Total Energy  Conserved En.
    2.07023e+03   -1.41077e+06    2.35678e+05   -1.17510e+06   -1.16683e+06
    Temperature Pressure (bar)   Constr. rmsd
    2.99299e+02    8.27858e+01    3.29897e-06

           Step           Time
         175000      350.00000

   Energies (kJ/mol)
           Bond            U-B    Proper Dih.  Improper Dih.      CMAP Dih.
    6.33813e+03    1.82081e+04    1.15091e+04    1.01935e+03   -2.47224e+03
          LJ-14     Coulomb-14        LJ (SR)   Coulomb (SR)   Coul. recip.
    5.70542e+03    1.12964e+05    2.37807e+05   -1.80745e+06    4.65572e+03
 Position Rest.      Potential    Kinetic En.   Total Energy  Conserved En.
    1.97022e+03   -1.40975e+06    2.35770e+05   -1.17398e+06   -1.16677e+06
    Temperature Pressure (bar)   Constr. rmsd
    2.99416e+02   -2.13536e+02    3.08390e-06

           Step           Time
         175500      351.00000

   Energies (kJ/mol)
           Bond            U-B    Proper Dih.  Improper Dih.      CMAP Dih.
    5.85422e+03    1.80727e+04    1.17247e+04    1.14701e+03   -2.47935e+03
          LJ-14     Coulomb-14        LJ (SR)   Coulomb (SR)   Coul. recip.
    5.70434e+03    1.13174e+05    2.40580e+05   -1.81233e+06    4.66615e+03
 Position Rest.      Potential    Kinetic En.   Total Energy  Conserved En.
    1.98942e+03   -1.41189e+06    2.34922e+05   -1.17697e+06   -1.16676e+06
    Temperature Pressure (bar)   Constr. rmsd
    2.98339e+02    7.46196e+01    3.17370e-06


DD  step 175999  vol min/aver 0.792  load imb.: force  1.6%  pme mesh/force 0.305
           Step           Time
         176000      352.00000

   Energies (kJ/mol)
           Bond            U-B    Proper Dih.  Improper Dih.      CMAP Dih.
    6.12044e+03    1.82114e+04    1.16294e+04    1.05274e+03   -2.49581e+03
          LJ-14     Coulomb-14        LJ (SR)   Coulomb (SR)   Coul. recip.
    5.72545e+03    1.12850e+05    2.40873e+05   -1.81001e+06    4.63459e+03
 Position Rest.      Potential    Kinetic En.   Total Energy  Conserved En.
    1.99388e+03   -1.40942e+06    2.36928e+05   -1.17249e+06   -1.16678e+06
    Temperature Pressure (bar)   Constr. rmsd
    3.00886e+02    7.06340e+01    3.17099e-06

           Step           Time
         176500      353.00000

   Energies (kJ/mol)
           Bond            U-B    Proper Dih.  Improper Dih.      CMAP Dih.
    6.14475e+03    1.79390e+04    1.16833e+04    1.11612e+03   -2.45878e+03
          LJ-14     Coulomb-14        LJ (SR)   Coulomb (SR)   Coul. recip.
    5.82396e+03    1.12968e+05    2.41279e+05   -1.81120e+06    4.56967e+03
 Position Rest.      Potential    Kinetic En.   Total Energy  Conserved En.
    2.09617e+03   -1.41004e+06    2.37305e+05   -1.17274e+06   -1.16675e+06
    Temperature Pressure (bar)   Constr. rmsd
    3.01365e+02    1.88674e+02    3.29777e-06

           Step           Time
         177000      354.00000

   Energies (kJ/mol)
           Bond            U-B    Proper Dih.  Improper Dih.      CMAP Dih.
    6.33038e+03    1.83852e+04    1.15970e+04    1.04038e+03   -2.53478e+03
          LJ-14     Coulomb-14        LJ (SR)   Coulomb (SR)   Coul. recip.
    5.65538e+03    1.12774e+05    2.39246e+05   -1.80895e+06    4.60550e+03
 Position Rest.      Potential    Kinetic En.   Total Energy  Conserved En.
    2.00974e+03   -1.40984e+06    2.36403e+05   -1.17343e+06   -1.16672e+06
    Temperature Pressure (bar)   Constr. rmsd
    3.00220e+02   -8.54049e+01    3.17292e-06

           Step           Time
         177500      355.00000

   Energies (kJ/mol)
           Bond            U-B    Proper Dih.  Improper Dih.      CMAP Dih.
    6.23208e+03    1.79322e+04    1.15694e+04    1.07303e+03   -2.43409e+03
          LJ-14     Coulomb-14        LJ (SR)   Coulomb (SR)   Coul. recip.
    5.85229e+03    1.13152e+05    2.40680e+05   -1.81175e+06    4.67339e+03
 Position Rest.      Potential    Kinetic En.   Total Energy  Conserved En.
    2.11731e+03   -1.41090e+06    2.35796e+05   -1.17511e+06   -1.16666e+06
    Temperature Pressure (bar)   Constr. rmsd
    2.99449e+02    1.93485e+02    3.05451e-06


DD  step 177999  vol min/aver 0.796  load imb.: force  1.3%  pme mesh/force 0.305
           Step           Time
         178000      356.00000

   Energies (kJ/mol)
           Bond            U-B    Proper Dih.  Improper Dih.      CMAP Dih.
    6.44493e+03    1.78647e+04    1.16688e+04    1.19318e+03   -2.43713e+03
          LJ-14     Coulomb-14        LJ (SR)   Coulomb (SR)   Coul. recip.
    5.65603e+03    1.12867e+05    2.39588e+05   -1.80971e+06    4.52542e+03
 Position Rest.      Potential    Kinetic En.   Total Energy  Conserved En.
    1.92126e+03   -1.41042e+06    2.37540e+05   -1.17288e+06   -1.16668e+06
    Temperature Pressure (bar)   Constr. rmsd
    3.01664e+02   -8.72950e+01    3.06894e-06

           Step           Time
         178500      357.00000

   Energies (kJ/mol)
           Bond            U-B    Proper Dih.  Improper Dih.      CMAP Dih.
    6.00024e+03    1.81401e+04    1.16482e+04    1.10998e+03   -2.43796e+03
          LJ-14     Coulomb-14        LJ (SR)   Coulomb (SR)   Coul. recip.
    5.89180e+03    1.13435e+05    2.37684e+05   -1.80667e+06    4.67601e+03
 Position Rest.      Potential    Kinetic En.   Total Energy  Conserved En.
    2.06093e+03   -1.40846e+06    2.36288e+05   -1.17218e+06   -1.16666e+06
    Temperature Pressure (bar)   Constr. rmsd
    3.00073e+02   -5.24416e+01    3.15810e-06

           Step           Time
         179000      358.00000

   Energies (kJ/mol)
           Bond            U-B    Proper Dih.  Improper Dih.      CMAP Dih.
    6.24471e+03    1.82206e+04    1.14856e+04    1.16889e+03   -2.39225e+03
          LJ-14     Coulomb-14        LJ (SR)   Coulomb (SR)   Coul. recip.
    5.78896e+03    1.13007e+05    2.39780e+05   -1.81000e+06    4.64137e+03
 Position Rest.      Potential    Kinetic En.   Total Energy  Conserved En.
    1.95800e+03   -1.41009e+06    2.38010e+05   -1.17208e+06   -1.16666e+06
    Temperature Pressure (bar)   Constr. rmsd
    3.02260e+02   -7.05694e+01    3.24825e-06

           Step           Time
         179500      359.00000

   Energies (kJ/mol)
           Bond            U-B    Proper Dih.  Improper Dih.      CMAP Dih.
    6.36777e+03    1.82091e+04    1.16719e+04    1.15150e+03   -2.45072e+03
          LJ-14     Coulomb-14        LJ (SR)   Coulomb (SR)   Coul. recip.
    5.66775e+03    1.12615e+05    2.38589e+05   -1.80793e+06    4.62014e+03
 Position Rest.      Potential    Kinetic En.   Total Energy  Conserved En.
    1.95713e+03   -1.40953e+06    2.38109e+05   -1.17143e+06   -1.16661e+06
    Temperature Pressure (bar)   Constr. rmsd
    3.02386e+02   -9.15562e+01    3.18162e-06


DD  step 179999  vol min/aver 0.778  load imb.: force  1.9%  pme mesh/force 0.303
           Step           Time
         180000      360.00000

   Energies (kJ/mol)
           Bond            U-B    Proper Dih.  Improper Dih.      CMAP Dih.
    6.19052e+03    1.81855e+04    1.15340e+04    1.09081e+03   -2.43133e+03
          LJ-14     Coulomb-14        LJ (SR)   Coulomb (SR)   Coul. recip.
    5.77572e+03    1.12649e+05    2.41838e+05   -1.81500e+06    4.54650e+03
 Position Rest.      Potential    Kinetic En.   Total Energy  Conserved En.
    2.01889e+03   -1.41360e+06    2.36948e+05   -1.17665e+06   -1.16659e+06
    Temperature Pressure (bar)   Constr. rmsd
    3.00912e+02    7.48153e+01    3.16528e-06

           Step           Time
         180500      361.00000

   Energies (kJ/mol)
           Bond            U-B    Proper Dih.  Improper Dih.      CMAP Dih.
    6.12807e+03    1.81538e+04    1.15622e+04    1.10078e+03   -2.45429e+03
          LJ-14     Coulomb-14        LJ (SR)   Coulomb (SR)   Coul. recip.
    5.63988e+03    1.12970e+05    2.40467e+05   -1.81270e+06    4.60987e+03
 Position Rest.      Potential    Kinetic En.   Total Energy  Conserved En.
    1.96573e+03   -1.41256e+06    2.35590e+05   -1.17697e+06   -1.16654e+06
    Temperature Pressure (bar)   Constr. rmsd
    2.99188e+02   -7.92706e+01    3.06065e-06

           Step           Time
         181000      362.00000

   Energies (kJ/mol)
           Bond            U-B    Proper Dih.  Improper Dih.      CMAP Dih.
    6.26930e+03    1.77724e+04    1.15096e+04    1.10236e+03   -2.44136e+03
          LJ-14     Coulomb-14        LJ (SR)   Coulomb (SR)   Coul. recip.
    5.77170e+03    1.13194e+05    2.41045e+05   -1.81451e+06    4.56885e+03
 Position Rest.      Potential    Kinetic En.   Total Energy  Conserved En.
    2.01996e+03   -1.41369e+06    2.34347e+05   -1.17935e+06   -1.16657e+06
    Temperature Pressure (bar)   Constr. rmsd
    2.97608e+02    3.80984e+01    3.13520e-06

           Step           Time
         181500      363.00000

   Energies (kJ/mol)
           Bond            U-B    Proper Dih.  Improper Dih.      CMAP Dih.
    6.15527e+03    1.80988e+04    1.14781e+04    1.07310e+03   -2.34700e+03
          LJ-14     Coulomb-14        LJ (SR)   Coulomb (SR)   Coul. recip.
    5.79029e+03    1.13026e+05    2.39383e+05   -1.80981e+06    4.61798e+03
 Position Rest.      Potential    Kinetic En.   Total Energy  Conserved En.
    2.00451e+03   -1.41053e+06    2.36678e+05   -1.17385e+06   -1.16657e+06
    Temperature Pressure (bar)   Constr. rmsd
    3.00568e+02   -4.68075e+01    3.01261e-06


DD  step 181999  vol min/aver 0.793  load imb.: force  1.5%  pme mesh/force 0.302
           Step           Time
         182000      364.00000

   Energies (kJ/mol)
           Bond            U-B    Proper Dih.  Improper Dih.      CMAP Dih.
    6.24329e+03    1.77762e+04    1.14206e+04    1.06386e+03   -2.40098e+03
          LJ-14     Coulomb-14        LJ (SR)   Coulomb (SR)   Coul. recip.
    5.89045e+03    1.12804e+05    2.42367e+05   -1.81612e+06    4.49123e+03
 Position Rest.      Potential    Kinetic En.   Total Energy  Conserved En.
    2.04868e+03   -1.41441e+06    2.35431e+05   -1.17898e+06   -1.16653e+06
    Temperature Pressure (bar)   Constr. rmsd
    2.98985e+02    1.50510e+02    2.95318e-06

           Step           Time
         182500      365.00000

   Energies (kJ/mol)
           Bond            U-B    Proper Dih.  Improper Dih.      CMAP Dih.
    6.12923e+03    1.77997e+04    1.15353e+04    1.04201e+03   -2.43584e+03
          LJ-14     Coulomb-14        LJ (SR)   Coulomb (SR)   Coul. recip.
    5.79414e+03    1.12817e+05    2.39515e+05   -1.81127e+06    4.55558e+03
 Position Rest.      Potential    Kinetic En.   Total Energy  Conserved En.
    2.04932e+03   -1.41247e+06    2.34913e+05   -1.17756e+06   -1.16652e+06
    Temperature Pressure (bar)   Constr. rmsd
    2.98328e+02   -5.34223e+01    3.15047e-06

           Step           Time
         183000      366.00000

   Energies (kJ/mol)
           Bond            U-B    Proper Dih.  Improper Dih.      CMAP Dih.
    6.06927e+03    1.79005e+04    1.14400e+04    1.03490e+03   -2.41406e+03
          LJ-14     Coulomb-14        LJ (SR)   Coulomb (SR)   Coul. recip.
    5.85609e+03    1.12619e+05    2.38188e+05   -1.80863e+06    4.62954e+03
 Position Rest.      Potential    Kinetic En.   Total Energy  Conserved En.
    2.00724e+03   -1.41130e+06    2.36878e+05   -1.17443e+06   -1.16654e+06
    Temperature Pressure (bar)   Constr. rmsd
    3.00823e+02   -1.10934e+02    3.11644e-06

           Step           Time
         183500      367.00000

   Energies (kJ/mol)
           Bond            U-B    Proper Dih.  Improper Dih.      CMAP Dih.
    6.00760e+03    1.81435e+04    1.15900e+04    1.11539e+03   -2.45584e+03
          LJ-14     Coulomb-14        LJ (SR)   Coulomb (SR)   Coul. recip.
    5.77204e+03    1.13152e+05    2.41752e+05   -1.81413e+06    4.54523e+03
 Position Rest.      Potential    Kinetic En.   Total Energy  Conserved En.
    1.93815e+03   -1.41257e+06    2.36973e+05   -1.17560e+06   -1.16650e+06
    Temperature Pressure (bar)   Constr. rmsd
    3.00944e+02    6.10761e+01    3.20342e-06


DD  step 183999  vol min/aver 0.804  load imb.: force  1.7%  pme mesh/force 0.308
           Step           Time
         184000      368.00000

   Energies (kJ/mol)
           Bond            U-B    Proper Dih.  Improper Dih.      CMAP Dih.
    6.23220e+03    1.82750e+04    1.16400e+04    1.08445e+03   -2.44812e+03
          LJ-14     Coulomb-14        LJ (SR)   Coulomb (SR)   Coul. recip.
    5.68395e+03    1.12436e+05    2.40999e+05   -1.81221e+06    4.50340e+03
 Position Rest.      Potential    Kinetic En.   Total Energy  Conserved En.
    1.94863e+03   -1.41185e+06    2.36178e+05   -1.17567e+06   -1.16643e+06
    Temperature Pressure (bar)   Constr. rmsd
    2.99934e+02   -8.92811e+01    3.11630e-06

           Step           Time
         184500      369.00000

   Energies (kJ/mol)
           Bond            U-B    Proper Dih.  Improper Dih.      CMAP Dih.
    6.17414e+03    1.81055e+04    1.15829e+04    1.05304e+03   -2.46165e+03
          LJ-14     Coulomb-14        LJ (SR)   Coulomb (SR)   Coul. recip.
    5.76721e+03    1.12869e+05    2.40949e+05   -1.81276e+06    4.76558e+03
 Position Rest.      Potential    Kinetic En.   Total Energy  Conserved En.
    1.99053e+03   -1.41196e+06    2.36085e+05   -1.17587e+06   -1.16642e+06
    Temperature Pressure (bar)   Constr. rmsd
    2.99816e+02    1.63788e+02    3.12673e-06

           Step           Time
         185000      370.00000

   Energies (kJ/mol)
           Bond            U-B    Proper Dih.  Improper Dih.      CMAP Dih.
    6.35493e+03    1.80232e+04    1.16027e+04    1.09728e+03   -2.48915e+03
          LJ-14     Coulomb-14        LJ (SR)   Coulomb (SR)   Coul. recip.
    5.65853e+03    1.12844e+05    2.36868e+05   -1.80760e+06    4.54534e+03
 Position Rest.      Potential    Kinetic En.   Total Energy  Conserved En.
    2.00294e+03   -1.41110e+06    2.37576e+05   -1.17352e+06   -1.16639e+06
    Temperature Pressure (bar)   Constr. rmsd
    3.01709e+02   -3.01478e+02    3.12578e-06

           Step           Time
         185500      371.00000

   Energies (kJ/mol)
           Bond            U-B    Proper Dih.  Improper Dih.      CMAP Dih.
    6.33128e+03    1.80130e+04    1.16372e+04    1.03807e+03   -2.45089e+03
          LJ-14     Coulomb-14        LJ (SR)   Coulomb (SR)   Coul. recip.
    5.74315e+03    1.12591e+05    2.40601e+05   -1.81034e+06    4.48187e+03
 Position Rest.      Potential    Kinetic En.   Total Energy  Conserved En.
    2.01358e+03   -1.41034e+06    2.37467e+05   -1.17287e+06   -1.16637e+06
    Temperature Pressure (bar)   Constr. rmsd
    3.01571e+02    3.83087e+01    3.14085e-06


DD  step 185999  vol min/aver 0.806  load imb.: force  1.4%  pme mesh/force 0.302
           Step           Time
         186000      372.00000

   Energies (kJ/mol)
           Bond            U-B    Proper Dih.  Improper Dih.      CMAP Dih.
    6.30930e+03    1.82358e+04    1.14443e+04    1.14230e+03   -2.42930e+03
          LJ-14     Coulomb-14        LJ (SR)   Coulomb (SR)   Coul. recip.
    5.73554e+03    1.12653e+05    2.41254e+05   -1.81177e+06    4.58274e+03
 Position Rest.      Potential    Kinetic En.   Total Energy  Conserved En.
    1.96005e+03   -1.41088e+06    2.36039e+05   -1.17484e+06   -1.16631e+06
    Temperature Pressure (bar)   Constr. rmsd
    2.99757e+02   -1.14977e+01    3.11267e-06

           Step           Time
         186500      373.00000

   Energies (kJ/mol)
           Bond            U-B    Proper Dih.  Improper Dih.      CMAP Dih.
    6.15296e+03    1.81165e+04    1.14727e+04    1.10220e+03   -2.43163e+03
          LJ-14     Coulomb-14        LJ (SR)   Coulomb (SR)   Coul. recip.
    5.70468e+03    1.12908e+05    2.40555e+05   -1.80973e+06    4.59254e+03
 Position Rest.      Potential    Kinetic En.   Total Energy  Conserved En.
    2.08477e+03   -1.40947e+06    2.36429e+05   -1.17304e+06   -1.16631e+06
    Temperature Pressure (bar)   Constr. rmsd
    3.00253e+02   -5.35515e+01    3.07190e-06

           Step           Time
         187000      374.00000

   Energies (kJ/mol)
           Bond            U-B    Proper Dih.  Improper Dih.      CMAP Dih.
    6.08768e+03    1.81086e+04    1.15168e+04    1.11428e+03   -2.48393e+03
          LJ-14     Coulomb-14        LJ (SR)   Coulomb (SR)   Coul. recip.
    5.74350e+03    1.13111e+05    2.39201e+05   -1.80876e+06    4.69671e+03
 Position Rest.      Potential    Kinetic En.   Total Energy  Conserved En.
    1.99096e+03   -1.40967e+06    2.35384e+05   -1.17429e+06   -1.16628e+06
    Temperature Pressure (bar)   Constr. rmsd
    2.98926e+02   -2.22111e+01    3.09859e-06

           Step           Time
         187500      375.00000

   Energies (kJ/mol)
           Bond            U-B    Proper Dih.  Improper Dih.      CMAP Dih.
    6.28228e+03    1.80036e+04    1.16920e+04    1.05912e+03   -2.43854e+03
          LJ-14     Coulomb-14        LJ (SR)   Coulomb (SR)   Coul. recip.
    5.77834e+03    1.13166e+05    2.39461e+05   -1.80811e+06    4.69646e+03
 Position Rest.      Potential    Kinetic En.   Total Energy  Conserved En.
    1.99420e+03   -1.40841e+06    2.35815e+05   -1.17260e+06   -1.16622e+06
    Temperature Pressure (bar)   Constr. rmsd
    2.99473e+02    2.37244e+00    3.05579e-06


DD  step 187999  vol min/aver 0.815  load imb.: force  1.2%  pme mesh/force 0.305
           Step           Time
         188000      376.00000

   Energies (kJ/mol)
           Bond            U-B    Proper Dih.  Improper Dih.      CMAP Dih.
    6.22392e+03    1.82027e+04    1.18073e+04    1.11790e+03   -2.47493e+03
          LJ-14     Coulomb-14        LJ (SR)   Coulomb (SR)   Coul. recip.
    5.73939e+03    1.12605e+05    2.41607e+05   -1.81257e+06    4.65408e+03
 Position Rest.      Potential    Kinetic En.   Total Energy  Conserved En.
    2.03136e+03   -1.41106e+06    2.36610e+05   -1.17445e+06   -1.16621e+06
    Temperature Pressure (bar)   Constr. rmsd
    3.00483e+02    1.29980e+02    2.96294e-06

           Step           Time
         188500      377.00000

   Energies (kJ/mol)
           Bond            U-B    Proper Dih.  Improper Dih.      CMAP Dih.
    6.33031e+03    1.77852e+04    1.15660e+04    1.08112e+03   -2.50004e+03
          LJ-14     Coulomb-14        LJ (SR)   Coulomb (SR)   Coul. recip.
    5.63124e+03    1.12826e+05    2.39799e+05   -1.81155e+06    4.65366e+03
 Position Rest.      Potential    Kinetic En.   Total Energy  Conserved En.
    2.12225e+03   -1.41225e+06    2.36039e+05   -1.17621e+06   -1.16622e+06
    Temperature Pressure (bar)   Constr. rmsd
    2.99757e+02   -1.70090e+02    3.08108e-06

           Step           Time
         189000      378.00000

   Energies (kJ/mol)
           Bond            U-B    Proper Dih.  Improper Dih.      CMAP Dih.
    6.40869e+03    1.81146e+04    1.16218e+04    1.03447e+03   -2.50592e+03
          LJ-14     Coulomb-14        LJ (SR)   Coulomb (SR)   Coul. recip.
    5.79460e+03    1.13012e+05    2.41499e+05   -1.81266e+06    4.61686e+03
 Position Rest.      Potential    Kinetic En.   Total Energy  Conserved En.
    2.04406e+03   -1.41102e+06    2.36515e+05   -1.17450e+06   -1.16618e+06
    Temperature Pressure (bar)   Constr. rmsd
    3.00362e+02    1.26405e+02    3.16519e-06

           Step           Time
         189500      379.00000

   Energies (kJ/mol)
           Bond            U-B    Proper Dih.  Improper Dih.      CMAP Dih.
    6.09987e+03    1.78031e+04    1.15767e+04    1.12398e+03   -2.48092e+03
          LJ-14     Coulomb-14        LJ (SR)   Coulomb (SR)   Coul. recip.
    5.70237e+03    1.12966e+05    2.40878e+05   -1.81488e+06    4.62239e+03
 Position Rest.      Potential    Kinetic En.   Total Energy  Conserved En.
    2.07636e+03   -1.41451e+06    2.35159e+05   -1.17935e+06   -1.16616e+06
    Temperature Pressure (bar)   Constr. rmsd
    2.98640e+02   -1.47781e+01    3.30498e-06


DD  step 189999  vol min/aver 0.795  load imb.: force  2.3%  pme mesh/force 0.315
           Step           Time
         190000      380.00000

   Energies (kJ/mol)
           Bond            U-B    Proper Dih.  Improper Dih.      CMAP Dih.
    6.05589e+03    1.81175e+04    1.15291e+04    1.07671e+03   -2.42500e+03
          LJ-14     Coulomb-14        LJ (SR)   Coulomb (SR)   Coul. recip.
    5.74630e+03    1.12716e+05    2.40279e+05   -1.81158e+06    4.55641e+03
 Position Rest.      Potential    Kinetic En.   Total Energy  Conserved En.
    1.97359e+03   -1.41195e+06    2.35695e+05   -1.17626e+06   -1.16614e+06
    Temperature Pressure (bar)   Constr. rmsd
    2.99320e+02   -4.15160e+01    3.29060e-06

           Step           Time
         190500      381.00000

   Energies (kJ/mol)
           Bond            U-B    Proper Dih.  Improper Dih.      CMAP Dih.
    6.27757e+03    1.79596e+04    1.15815e+04    1.07043e+03   -2.48344e+03
          LJ-14     Coulomb-14        LJ (SR)   Coulomb (SR)   Coul. recip.
    5.68447e+03    1.12783e+05    2.37829e+05   -1.81008e+06    4.51443e+03
 Position Rest.      Potential    Kinetic En.   Total Energy  Conserved En.
    2.11025e+03   -1.41276e+06    2.36668e+05   -1.17609e+06   -1.16613e+06
    Temperature Pressure (bar)   Constr. rmsd
    3.00557e+02   -1.79000e+02    3.00132e-06

           Step           Time
         191000      382.00000

   Energies (kJ/mol)
           Bond            U-B    Proper Dih.  Improper Dih.      CMAP Dih.
    6.27841e+03    1.79969e+04    1.16447e+04    1.08665e+03   -2.49241e+03
          LJ-14     Coulomb-14        LJ (SR)   Coulomb (SR)   Coul. recip.
    5.72110e+03    1.13007e+05    2.40135e+05   -1.81266e+06    4.47696e+03
 Position Rest.      Potential    Kinetic En.   Total Energy  Conserved En.
    1.96128e+03   -1.41285e+06    2.35438e+05   -1.17741e+06   -1.16611e+06
    Temperature Pressure (bar)   Constr. rmsd
    2.98995e+02   -3.07032e+01    2.94951e-06

Writing checkpoint, step 191120 at Mon Oct  5 05:24:19 2020


           Step           Time
         191500      383.00000

   Energies (kJ/mol)
           Bond            U-B    Proper Dih.  Improper Dih.      CMAP Dih.
    6.11787e+03    1.83143e+04    1.16069e+04    1.06864e+03   -2.44359e+03
          LJ-14     Coulomb-14        LJ (SR)   Coulomb (SR)   Coul. recip.
    5.76519e+03    1.12839e+05    2.41504e+05   -1.81326e+06    4.55892e+03
 Position Rest.      Potential    Kinetic En.   Total Energy  Conserved En.
    2.02002e+03   -1.41191e+06    2.36926e+05   -1.17498e+06   -1.16610e+06
    Temperature Pressure (bar)   Constr. rmsd
    3.00884e+02    1.73207e+01    3.11909e-06


DD  step 191999  vol min/aver 0.798  load imb.: force  1.6%  pme mesh/force 0.307
           Step           Time
         192000      384.00000

   Energies (kJ/mol)
           Bond            U-B    Proper Dih.  Improper Dih.      CMAP Dih.
    6.28731e+03    1.80940e+04    1.16300e+04    1.14813e+03   -2.41790e+03
          LJ-14     Coulomb-14        LJ (SR)   Coulomb (SR)   Coul. recip.
    5.71814e+03    1.12867e+05    2.41528e+05   -1.81340e+06    4.59741e+03
 Position Rest.      Potential    Kinetic En.   Total Energy  Conserved En.
    2.04927e+03   -1.41190e+06    2.36155e+05   -1.17575e+06   -1.16606e+06
    Temperature Pressure (bar)   Constr. rmsd
    2.99904e+02    1.48562e+01    3.09801e-06

           Step           Time
         192500      385.00000

   Energies (kJ/mol)
           Bond            U-B    Proper Dih.  Improper Dih.      CMAP Dih.
    6.44955e+03    1.82098e+04    1.15607e+04    1.11045e+03   -2.42538e+03
          LJ-14     Coulomb-14        LJ (SR)   Coulomb (SR)   Coul. recip.
    5.82326e+03    1.12736e+05    2.40921e+05   -1.81082e+06    4.54726e+03
 Position Rest.      Potential    Kinetic En.   Total Energy  Conserved En.
    2.05430e+03   -1.40983e+06    2.36086e+05   -1.17375e+06   -1.16603e+06
    Temperature Pressure (bar)   Constr. rmsd
    2.99817e+02    4.32501e+01    3.16939e-06

           Step           Time
         193000      386.00000

   Energies (kJ/mol)
           Bond            U-B    Proper Dih.  Improper Dih.      CMAP Dih.
    6.22498e+03    1.81558e+04    1.16074e+04    1.08487e+03   -2.51967e+03
          LJ-14     Coulomb-14        LJ (SR)   Coulomb (SR)   Coul. recip.
    5.74284e+03    1.12743e+05    2.41418e+05   -1.81113e+06    4.74045e+03
 Position Rest.      Potential    Kinetic En.   Total Energy  Conserved En.
    2.02542e+03   -1.40991e+06    2.36366e+05   -1.17354e+06   -1.16602e+06
    Temperature Pressure (bar)   Constr. rmsd
    3.00172e+02    1.38841e+02    3.14117e-06

           Step           Time
         193500      387.00000

   Energies (kJ/mol)
           Bond            U-B    Proper Dih.  Improper Dih.      CMAP Dih.
    6.29346e+03    1.77614e+04    1.14135e+04    1.02111e+03   -2.42087e+03
          LJ-14     Coulomb-14        LJ (SR)   Coulomb (SR)   Coul. recip.
    5.69582e+03    1.12523e+05    2.41575e+05   -1.81380e+06    4.61666e+03
 Position Rest.      Potential    Kinetic En.   Total Energy  Conserved En.
    1.95513e+03   -1.41336e+06    2.36337e+05   -1.17703e+06   -1.16604e+06
    Temperature Pressure (bar)   Constr. rmsd
    3.00136e+02    5.36436e+01    2.96940e-06


DD  step 193999  vol min/aver 0.806  load imb.: force  1.1%  pme mesh/force 0.303
           Step           Time
         194000      388.00000

   Energies (kJ/mol)
           Bond            U-B    Proper Dih.  Improper Dih.      CMAP Dih.
    6.50967e+03    1.80529e+04    1.15300e+04    1.11648e+03   -2.39848e+03
          LJ-14     Coulomb-14        LJ (SR)   Coulomb (SR)   Coul. recip.
    5.66046e+03    1.12692e+05    2.42255e+05   -1.81410e+06    4.63623e+03
 Position Rest.      Potential    Kinetic En.   Total Energy  Conserved En.
    2.07208e+03   -1.41198e+06    2.36986e+05   -1.17499e+06   -1.16599e+06
    Temperature Pressure (bar)   Constr. rmsd
    3.00960e+02    8.84008e+00    3.03900e-06

           Step           Time
         194500      389.00000

   Energies (kJ/mol)
           Bond            U-B    Proper Dih.  Improper Dih.      CMAP Dih.
    6.19547e+03    1.79737e+04    1.15054e+04    1.03974e+03   -2.45709e+03
          LJ-14     Coulomb-14        LJ (SR)   Coulomb (SR)   Coul. recip.
    5.70975e+03    1.12874e+05    2.41471e+05   -1.81336e+06    4.64106e+03
 Position Rest.      Potential    Kinetic En.   Total Energy  Conserved En.
    2.03994e+03   -1.41237e+06    2.34854e+05   -1.17751e+06   -1.16595e+06
    Temperature Pressure (bar)   Constr. rmsd
    2.98253e+02    9.38863e+01    3.18671e-06

           Step           Time
         195000      390.00000

   Energies (kJ/mol)
           Bond            U-B    Proper Dih.  Improper Dih.      CMAP Dih.
    6.24099e+03    1.83872e+04    1.14152e+04    1.16331e+03   -2.42871e+03
          LJ-14     Coulomb-14        LJ (SR)   Coulomb (SR)   Coul. recip.
    5.78901e+03    1.12553e+05    2.42890e+05   -1.81530e+06    4.54813e+03
 Position Rest.      Potential    Kinetic En.   Total Energy  Conserved En.
    2.04699e+03   -1.41270e+06    2.35293e+05   -1.17741e+06   -1.16591e+06
    Temperature Pressure (bar)   Constr. rmsd
    2.98810e+02    5.25669e+01    3.20012e-06

           Step           Time
         195500      391.00000

   Energies (kJ/mol)
           Bond            U-B    Proper Dih.  Improper Dih.      CMAP Dih.
    6.04277e+03    1.80887e+04    1.14506e+04    1.14279e+03   -2.42573e+03
          LJ-14     Coulomb-14        LJ (SR)   Coulomb (SR)   Coul. recip.
    5.77805e+03    1.12584e+05    2.37246e+05   -1.80893e+06    4.62464e+03
 Position Rest.      Potential    Kinetic En.   Total Energy  Conserved En.
    1.98721e+03   -1.41241e+06    2.35371e+05   -1.17704e+06   -1.16595e+06
    Temperature Pressure (bar)   Constr. rmsd
    2.98909e+02   -1.69782e+02    2.92346e-06


DD  step 195999  vol min/aver 0.801  load imb.: force  1.6%  pme mesh/force 0.303
           Step           Time
         196000      392.00000

   Energies (kJ/mol)
           Bond            U-B    Proper Dih.  Improper Dih.      CMAP Dih.
    6.10839e+03    1.81647e+04    1.15235e+04    1.10428e+03   -2.44972e+03
          LJ-14     Coulomb-14        LJ (SR)   Coulomb (SR)   Coul. recip.
    5.68607e+03    1.12900e+05    2.41328e+05   -1.81379e+06    4.52728e+03
 Position Rest.      Potential    Kinetic En.   Total Energy  Conserved En.
    1.89178e+03   -1.41300e+06    2.34948e+05   -1.17805e+06   -1.16590e+06
    Temperature Pressure (bar)   Constr. rmsd
    2.98371e+02    7.31951e+01    3.10111e-06

           Step           Time
         196500      393.00000

   Energies (kJ/mol)
           Bond            U-B    Proper Dih.  Improper Dih.      CMAP Dih.
    6.34058e+03    1.82071e+04    1.15099e+04    1.15807e+03   -2.45864e+03
          LJ-14     Coulomb-14        LJ (SR)   Coulomb (SR)   Coul. recip.
    5.65261e+03    1.12652e+05    2.36686e+05   -1.80514e+06    4.65142e+03
 Position Rest.      Potential    Kinetic En.   Total Energy  Conserved En.
    2.10040e+03   -1.40864e+06    2.35442e+05   -1.17320e+06   -1.16591e+06
    Temperature Pressure (bar)   Constr. rmsd
    2.99000e+02   -1.99306e+02    3.17703e-06

           Step           Time
         197000      394.00000

   Energies (kJ/mol)
           Bond            U-B    Proper Dih.  Improper Dih.      CMAP Dih.
    6.29256e+03    1.79560e+04    1.15396e+04    1.14814e+03   -2.47735e+03
          LJ-14     Coulomb-14        LJ (SR)   Coulomb (SR)   Coul. recip.
    5.76120e+03    1.12559e+05    2.40317e+05   -1.81152e+06    4.64392e+03
 Position Rest.      Potential    Kinetic En.   Total Energy  Conserved En.
    1.94884e+03   -1.41183e+06    2.34653e+05   -1.17718e+06   -1.16585e+06
    Temperature Pressure (bar)   Constr. rmsd
    2.97997e+02   -2.10379e+01    3.08040e-06

           Step           Time
         197500      395.00000

   Energies (kJ/mol)
           Bond            U-B    Proper Dih.  Improper Dih.      CMAP Dih.
    6.38725e+03    1.78988e+04    1.15069e+04    1.09590e+03   -2.47621e+03
          LJ-14     Coulomb-14        LJ (SR)   Coulomb (SR)   Coul. recip.
    5.73527e+03    1.12720e+05    2.40480e+05   -1.81332e+06    4.61204e+03
 Position Rest.      Potential    Kinetic En.   Total Energy  Conserved En.
    1.99054e+03   -1.41337e+06    2.34212e+05   -1.17916e+06   -1.16579e+06
    Temperature Pressure (bar)   Constr. rmsd
    2.97438e+02   -1.72043e+01    2.99808e-06


DD  step 197999  vol min/aver 0.801  load imb.: force  1.4%  pme mesh/force 0.303
           Step           Time
         198000      396.00000

   Energies (kJ/mol)
           Bond            U-B    Proper Dih.  Improper Dih.      CMAP Dih.
    6.09937e+03    1.79249e+04    1.17567e+04    1.04017e+03   -2.48096e+03
          LJ-14     Coulomb-14        LJ (SR)   Coulomb (SR)   Coul. recip.
    5.78180e+03    1.12716e+05    2.41008e+05   -1.81275e+06    4.60912e+03
 Position Rest.      Potential    Kinetic En.   Total Energy  Conserved En.
    2.02219e+03   -1.41228e+06    2.36351e+05   -1.17593e+06   -1.16585e+06
    Temperature Pressure (bar)   Constr. rmsd
    3.00153e+02   -6.29727e+00    3.03652e-06

           Step           Time
         198500      397.00000

   Energies (kJ/mol)
           Bond            U-B    Proper Dih.  Improper Dih.      CMAP Dih.
    6.20337e+03    1.80561e+04    1.16408e+04    1.13719e+03   -2.46368e+03
          LJ-14     Coulomb-14        LJ (SR)   Coulomb (SR)   Coul. recip.
    5.61579e+03    1.12659e+05    2.42007e+05   -1.81508e+06    4.58244e+03
 Position Rest.      Potential    Kinetic En.   Total Energy  Conserved En.
    2.03883e+03   -1.41360e+06    2.35974e+05   -1.17763e+06   -1.16581e+06
    Temperature Pressure (bar)   Constr. rmsd
    2.99675e+02    6.79018e+01    3.00616e-06

           Step           Time
         199000      398.00000

   Energies (kJ/mol)
           Bond            U-B    Proper Dih.  Improper Dih.      CMAP Dih.
    6.09542e+03    1.82151e+04    1.15184e+04    1.08206e+03   -2.46343e+03
          LJ-14     Coulomb-14        LJ (SR)   Coulomb (SR)   Coul. recip.
    5.71422e+03    1.12887e+05    2.39045e+05   -1.80977e+06    4.60976e+03
 Position Rest.      Potential    Kinetic En.   Total Energy  Conserved En.
    1.97255e+03   -1.41110e+06    2.36111e+05   -1.17498e+06   -1.16580e+06
    Temperature Pressure (bar)   Constr. rmsd
    2.99849e+02   -5.25454e+01    3.15597e-06

           Step           Time
         199500      399.00000

   Energies (kJ/mol)
           Bond            U-B    Proper Dih.  Improper Dih.      CMAP Dih.
    6.17779e+03    1.81983e+04    1.17404e+04    1.09236e+03   -2.45212e+03
          LJ-14     Coulomb-14        LJ (SR)   Coulomb (SR)   Coul. recip.
    5.74656e+03    1.13214e+05    2.41335e+05   -1.81337e+06    4.65814e+03
 Position Rest.      Potential    Kinetic En.   Total Energy  Conserved En.
    2.03584e+03   -1.41162e+06    2.35125e+05   -1.17650e+06   -1.16574e+06
    Temperature Pressure (bar)   Constr. rmsd
    2.98596e+02    1.75209e+02    3.06486e-06


DD  step 199999  vol min/aver 0.778  load imb.: force  1.7%  pme mesh/force 0.302
           Step           Time
         200000      400.00000

   Energies (kJ/mol)
           Bond            U-B    Proper Dih.  Improper Dih.      CMAP Dih.
    6.23610e+03    1.81255e+04    1.15380e+04    1.14789e+03   -2.40609e+03
          LJ-14     Coulomb-14        LJ (SR)   Coulomb (SR)   Coul. recip.
    5.73064e+03    1.13007e+05    2.40438e+05   -1.81080e+06    4.44557e+03
 Position Rest.      Potential    Kinetic En.   Total Energy  Conserved En.
    2.01999e+03   -1.41051e+06    2.35488e+05   -1.17503e+06   -1.16572e+06
    Temperature Pressure (bar)   Constr. rmsd
    2.99058e+02   -6.02106e+01    3.02991e-06

           Step           Time
         200500      401.00000

   Energies (kJ/mol)
           Bond            U-B    Proper Dih.  Improper Dih.      CMAP Dih.
    6.21066e+03    1.77460e+04    1.15134e+04    1.11097e+03   -2.44475e+03
          LJ-14     Coulomb-14        LJ (SR)   Coulomb (SR)   Coul. recip.
    5.72781e+03    1.12562e+05    2.39500e+05   -1.81044e+06    4.54463e+03
 Position Rest.      Potential    Kinetic En.   Total Energy  Conserved En.
    1.96493e+03   -1.41200e+06    2.33636e+05   -1.17837e+06   -1.16575e+06
    Temperature Pressure (bar)   Constr. rmsd
    2.96705e+02   -2.19357e+01    3.07256e-06

           Step           Time
         201000      402.00000

   Energies (kJ/mol)
           Bond            U-B    Proper Dih.  Improper Dih.      CMAP Dih.
    6.02093e+03    1.80096e+04    1.16076e+04    1.11432e+03   -2.48045e+03
          LJ-14     Coulomb-14        LJ (SR)   Coulomb (SR)   Coul. recip.
    5.78959e+03    1.13194e+05    2.41044e+05   -1.80970e+06    4.62249e+03
 Position Rest.      Potential    Kinetic En.   Total Energy  Conserved En.
    1.99274e+03   -1.40878e+06    2.36179e+05   -1.17260e+06   -1.16572e+06
    Temperature Pressure (bar)   Constr. rmsd
    2.99936e+02    2.06221e+02    3.13608e-06

           Step           Time
         201500      403.00000

   Energies (kJ/mol)
           Bond            U-B    Proper Dih.  Improper Dih.      CMAP Dih.
    6.26248e+03    1.80227e+04    1.17094e+04    1.09061e+03   -2.47040e+03
          LJ-14     Coulomb-14        LJ (SR)   Coulomb (SR)   Coul. recip.
    5.82223e+03    1.12336e+05    2.38831e+05   -1.80966e+06    4.68079e+03
 Position Rest.      Potential    Kinetic En.   Total Energy  Conserved En.
    2.02215e+03   -1.41135e+06    2.35312e+05   -1.17604e+06   -1.16568e+06
    Temperature Pressure (bar)   Constr. rmsd
    2.98834e+02   -6.23884e+01    3.05993e-06


DD  step 201999  vol min/aver 0.781  load imb.: force  1.8%  pme mesh/force 0.301
           Step           Time
         202000      404.00000

   Energies (kJ/mol)
           Bond            U-B    Proper Dih.  Improper Dih.      CMAP Dih.
    6.25358e+03    1.80152e+04    1.14962e+04    1.06110e+03   -2.46024e+03
          LJ-14     Coulomb-14        LJ (SR)   Coulomb (SR)   Coul. recip.
    5.64922e+03    1.12961e+05    2.42301e+05   -1.81325e+06    4.61548e+03
 Position Rest.      Potential    Kinetic En.   Total Energy  Conserved En.
    2.04958e+03   -1.41131e+06    2.36225e+05   -1.17509e+06   -1.16567e+06
    Temperature Pressure (bar)   Constr. rmsd
    2.99994e+02    1.14070e+01    3.03503e-06

           Step           Time
         202500      405.00000

   Energies (kJ/mol)
           Bond            U-B    Proper Dih.  Improper Dih.      CMAP Dih.
    6.21381e+03    1.79803e+04    1.16720e+04    1.15510e+03   -2.39621e+03
          LJ-14     Coulomb-14        LJ (SR)   Coulomb (SR)   Coul. recip.
    5.80090e+03    1.12842e+05    2.39611e+05   -1.80995e+06    4.57368e+03
 Position Rest.      Potential    Kinetic En.   Total Energy  Conserved En.
    2.05211e+03   -1.41045e+06    2.37452e+05   -1.17300e+06   -1.16564e+06
    Temperature Pressure (bar)   Constr. rmsd
    3.01552e+02   -1.32932e+02    3.13202e-06

           Step           Time
         203000      406.00000

   Energies (kJ/mol)
           Bond            U-B    Proper Dih.  Improper Dih.      CMAP Dih.
    6.14401e+03    1.78367e+04    1.15275e+04    1.08209e+03   -2.54412e+03
          LJ-14     Coulomb-14        LJ (SR)   Coulomb (SR)   Coul. recip.
    5.77927e+03    1.12785e+05    2.39758e+05   -1.81105e+06    4.58497e+03
 Position Rest.      Potential    Kinetic En.   Total Energy  Conserved En.
    2.02304e+03   -1.41207e+06    2.36485e+05   -1.17559e+06   -1.16564e+06
    Temperature Pressure (bar)   Constr. rmsd
    3.00323e+02    9.31343e+01    3.06156e-06

           Step           Time
         203500      407.00000

   Energies (kJ/mol)
           Bond            U-B    Proper Dih.  Improper Dih.      CMAP Dih.
    6.30139e+03    1.80917e+04    1.15516e+04    1.05357e+03   -2.45494e+03
          LJ-14     Coulomb-14        LJ (SR)   Coulomb (SR)   Coul. recip.
    5.66882e+03    1.12544e+05    2.40524e+05   -1.81080e+06    4.62120e+03
 Position Rest.      Potential    Kinetic En.   Total Energy  Conserved En.
    2.05252e+03   -1.41085e+06    2.35988e+05   -1.17486e+06   -1.16560e+06
    Temperature Pressure (bar)   Constr. rmsd
    2.99692e+02    1.23188e+02    3.00611e-06


DD  step 203999  vol min/aver 0.792  load imb.: force  2.5%  pme mesh/force 0.307
           Step           Time
         204000      408.00000

   Energies (kJ/mol)
           Bond            U-B    Proper Dih.  Improper Dih.      CMAP Dih.
    6.17853e+03    1.83419e+04    1.16480e+04    1.13642e+03   -2.50505e+03
          LJ-14     Coulomb-14        LJ (SR)   Coulomb (SR)   Coul. recip.
    5.61785e+03    1.12737e+05    2.40834e+05   -1.81192e+06    4.57485e+03
 Position Rest.      Potential    Kinetic En.   Total Energy  Conserved En.
    2.06965e+03   -1.41128e+06    2.35291e+05   -1.17599e+06   -1.16557e+06
    Temperature Pressure (bar)   Constr. rmsd
    2.98807e+02   -1.02097e+02    2.95911e-06

           Step           Time
         204500      409.00000

   Energies (kJ/mol)
           Bond            U-B    Proper Dih.  Improper Dih.      CMAP Dih.
    6.09223e+03    1.80968e+04    1.15571e+04    1.09154e+03   -2.44770e+03
          LJ-14     Coulomb-14        LJ (SR)   Coulomb (SR)   Coul. recip.
    5.75202e+03    1.12859e+05    2.39947e+05   -1.81107e+06    4.57627e+03
 Position Rest.      Potential    Kinetic En.   Total Energy  Conserved En.
    1.99927e+03   -1.41154e+06    2.36413e+05   -1.17513e+06   -1.16555e+06
    Temperature Pressure (bar)   Constr. rmsd
    3.00232e+02   -5.41589e+01    2.99926e-06

           Step           Time
         205000      410.00000

   Energies (kJ/mol)
           Bond            U-B    Proper Dih.  Improper Dih.      CMAP Dih.
    6.25644e+03    1.80138e+04    1.16052e+04    1.05282e+03   -2.43925e+03
          LJ-14     Coulomb-14        LJ (SR)   Coulomb (SR)   Coul. recip.
    5.68701e+03    1.12796e+05    2.41435e+05   -1.81032e+06    4.54716e+03
 Position Rest.      Potential    Kinetic En.   Total Energy  Conserved En.
    2.06212e+03   -1.40931e+06    2.36131e+05   -1.17318e+06   -1.16556e+06
    Temperature Pressure (bar)   Constr. rmsd
    2.99874e+02   -3.14409e+01    3.04435e-06

           Step           Time
         205500      411.00000

   Energies (kJ/mol)
           Bond            U-B    Proper Dih.  Improper Dih.      CMAP Dih.
    6.14340e+03    1.81366e+04    1.16184e+04    1.13065e+03   -2.45458e+03
          LJ-14     Coulomb-14        LJ (SR)   Coulomb (SR)   Coul. recip.
    5.77752e+03    1.12705e+05    2.40346e+05   -1.80929e+06    4.57893e+03
 Position Rest.      Potential    Kinetic En.   Total Energy  Conserved En.
    1.92464e+03   -1.40938e+06    2.37344e+05   -1.17204e+06   -1.16554e+06
    Temperature Pressure (bar)   Constr. rmsd
    3.01414e+02    1.59090e+02    3.09045e-06


DD  step 205999  vol min/aver 0.798  load imb.: force  1.3%  pme mesh/force 0.307
           Step           Time
         206000      412.00000

   Energies (kJ/mol)
           Bond            U-B    Proper Dih.  Improper Dih.      CMAP Dih.
    6.30169e+03    1.81292e+04    1.16748e+04    1.10004e+03   -2.40343e+03
          LJ-14     Coulomb-14        LJ (SR)   Coulomb (SR)   Coul. recip.
    5.65573e+03    1.12823e+05    2.39599e+05   -1.80987e+06    4.55813e+03
 Position Rest.      Potential    Kinetic En.   Total Energy  Conserved En.
    2.07443e+03   -1.41036e+06    2.36648e+05   -1.17371e+06   -1.16551e+06
    Temperature Pressure (bar)   Constr. rmsd
    3.00531e+02   -1.60540e+02    2.93780e-06

           Step           Time
         206500      413.00000

   Energies (kJ/mol)
           Bond            U-B    Proper Dih.  Improper Dih.      CMAP Dih.
    6.12512e+03    1.81410e+04    1.16289e+04    1.03293e+03   -2.52263e+03
          LJ-14     Coulomb-14        LJ (SR)   Coulomb (SR)   Coul. recip.
    5.70040e+03    1.13091e+05    2.38945e+05   -1.80880e+06    4.55063e+03
 Position Rest.      Potential    Kinetic En.   Total Energy  Conserved En.
    2.02610e+03   -1.41008e+06    2.36212e+05   -1.17387e+06   -1.16549e+06
    Temperature Pressure (bar)   Constr. rmsd
    2.99977e+02   -8.35237e+01    3.09988e-06

           Step           Time
         207000      414.00000

   Energies (kJ/mol)
           Bond            U-B    Proper Dih.  Improper Dih.      CMAP Dih.
    6.18731e+03    1.81283e+04    1.15554e+04    1.09815e+03   -2.46989e+03
          LJ-14     Coulomb-14        LJ (SR)   Coulomb (SR)   Coul. recip.
    5.72846e+03    1.12935e+05    2.43787e+05   -1.81534e+06    4.53450e+03
 Position Rest.      Potential    Kinetic En.   Total Energy  Conserved En.
    2.03787e+03   -1.41182e+06    2.34548e+05   -1.17727e+06   -1.16539e+06
    Temperature Pressure (bar)   Constr. rmsd
    2.97864e+02    2.59144e+02    3.16048e-06

           Step           Time
         207500      415.00000

   Energies (kJ/mol)
           Bond            U-B    Proper Dih.  Improper Dih.      CMAP Dih.
    6.27905e+03    1.80585e+04    1.15489e+04    1.09517e+03   -2.43800e+03
          LJ-14     Coulomb-14        LJ (SR)   Coulomb (SR)   Coul. recip.
    5.65117e+03    1.12723e+05    2.42139e+05   -1.81478e+06    4.58954e+03
 Position Rest.      Potential    Kinetic En.   Total Energy  Conserved En.
    2.00657e+03   -1.41313e+06    2.36887e+05   -1.17624e+06   -1.16544e+06
    Temperature Pressure (bar)   Constr. rmsd
    3.00835e+02    1.69968e+02    3.16095e-06


DD  step 207999  vol min/aver 0.793  load imb.: force  0.9%  pme mesh/force 0.304
           Step           Time
         208000      416.00000

   Energies (kJ/mol)
           Bond            U-B    Proper Dih.  Improper Dih.      CMAP Dih.
    6.11382e+03    1.76401e+04    1.15982e+04    1.06153e+03   -2.48550e+03
          LJ-14     Coulomb-14        LJ (SR)   Coulomb (SR)   Coul. recip.
    5.77946e+03    1.13279e+05    2.39533e+05   -1.81255e+06    4.53964e+03
 Position Rest.      Potential    Kinetic En.   Total Energy  Conserved En.
    2.01797e+03   -1.41347e+06    2.34855e+05   -1.17862e+06   -1.16543e+06
    Temperature Pressure (bar)   Constr. rmsd
    2.98253e+02   -1.89444e+02    3.04527e-06

           Step           Time
         208500      417.00000

   Energies (kJ/mol)
           Bond            U-B    Proper Dih.  Improper Dih.      CMAP Dih.
    5.90977e+03    1.79067e+04    1.14717e+04    1.07550e+03   -2.48954e+03
          LJ-14     Coulomb-14        LJ (SR)   Coulomb (SR)   Coul. recip.
    5.72356e+03    1.13312e+05    2.40076e+05   -1.81230e+06    4.55159e+03
 Position Rest.      Potential    Kinetic En.   Total Energy  Conserved En.
    2.01582e+03   -1.41275e+06    2.36360e+05   -1.17639e+06   -1.16539e+06
    Temperature Pressure (bar)   Constr. rmsd
    3.00165e+02   -4.74048e+01    3.08886e-06

           Step           Time
         209000      418.00000

   Energies (kJ/mol)
           Bond            U-B    Proper Dih.  Improper Dih.      CMAP Dih.
    6.16692e+03    1.82324e+04    1.15531e+04    1.03485e+03   -2.42242e+03
          LJ-14     Coulomb-14        LJ (SR)   Coulomb (SR)   Coul. recip.
    5.77874e+03    1.12737e+05    2.41438e+05   -1.81209e+06    4.56818e+03
 Position Rest.      Potential    Kinetic En.   Total Energy  Conserved En.
    2.04369e+03   -1.41096e+06    2.36399e+05   -1.17456e+06   -1.16540e+06
    Temperature Pressure (bar)   Constr. rmsd
    3.00214e+02    8.36482e+01    3.15608e-06

           Step           Time
         209500      419.00000

   Energies (kJ/mol)
           Bond            U-B    Proper Dih.  Improper Dih.      CMAP Dih.
    6.22571e+03    1.76761e+04    1.13826e+04    1.07888e+03   -2.45738e+03
          LJ-14     Coulomb-14        LJ (SR)   Coulomb (SR)   Coul. recip.
    5.78043e+03    1.12916e+05    2.42315e+05   -1.81514e+06    4.54508e+03
 Position Rest.      Potential    Kinetic En.   Total Energy  Conserved En.
    2.05166e+03   -1.41363e+06    2.34445e+05   -1.17918e+06   -1.16537e+06
    Temperature Pressure (bar)   Constr. rmsd
    2.97732e+02    4.09739e+01    3.08188e-06


DD  step 209999  vol min/aver 0.791  load imb.: force  1.2%  pme mesh/force 0.304
           Step           Time
         210000      420.00000

   Energies (kJ/mol)
           Bond            U-B    Proper Dih.  Improper Dih.      CMAP Dih.
    6.46993e+03    1.81654e+04    1.16224e+04    1.07254e+03   -2.41167e+03
          LJ-14     Coulomb-14        LJ (SR)   Coulomb (SR)   Coul. recip.
    5.68151e+03    1.12768e+05    2.41933e+05   -1.81241e+06    4.61423e+03
 Position Rest.      Potential    Kinetic En.   Total Energy  Conserved En.
    2.10750e+03   -1.41039e+06    2.36397e+05   -1.17399e+06   -1.16532e+06
    Temperature Pressure (bar)   Constr. rmsd
    3.00212e+02   -4.17958e+01    2.91458e-06

           Step           Time
         210500      421.00000

   Energies (kJ/mol)
           Bond            U-B    Proper Dih.  Improper Dih.      CMAP Dih.
    6.08030e+03    1.82617e+04    1.16089e+04    1.22752e+03   -2.42405e+03
          LJ-14     Coulomb-14        LJ (SR)   Coulomb (SR)   Coul. recip.
    5.68329e+03    1.12703e+05    2.41624e+05   -1.81328e+06    4.56872e+03
 Position Rest.      Potential    Kinetic En.   Total Energy  Conserved En.
    2.04497e+03   -1.41190e+06    2.35588e+05   -1.17631e+06   -1.16533e+06
    Temperature Pressure (bar)   Constr. rmsd
    2.99185e+02    1.31274e+02    3.09854e-06

           Step           Time
         211000      422.00000

   Energies (kJ/mol)
           Bond            U-B    Proper Dih.  Improper Dih.      CMAP Dih.
    6.07046e+03    1.80435e+04    1.14395e+04    1.03594e+03   -2.40847e+03
          LJ-14     Coulomb-14        LJ (SR)   Coulomb (SR)   Coul. recip.
    5.79851e+03    1.12827e+05    2.40828e+05   -1.81367e+06    4.59458e+03
 Position Rest.      Potential    Kinetic En.   Total Energy  Conserved En.
    2.00285e+03   -1.41344e+06    2.34947e+05   -1.17849e+06   -1.16531e+06
    Temperature Pressure (bar)   Constr. rmsd
    2.98370e+02   -4.23161e+01    2.85337e-06

           Step           Time
         211500      423.00000

   Energies (kJ/mol)
           Bond            U-B    Proper Dih.  Improper Dih.      CMAP Dih.
    5.98460e+03    1.81352e+04    1.15973e+04    1.07568e+03   -2.46094e+03
          LJ-14     Coulomb-14        LJ (SR)   Coulomb (SR)   Coul. recip.
    5.73026e+03    1.12737e+05    2.41495e+05   -1.81395e+06    4.57083e+03
 Position Rest.      Potential    Kinetic En.   Total Energy  Conserved En.
    2.05336e+03   -1.41303e+06    2.36640e+05   -1.17639e+06   -1.16532e+06
    Temperature Pressure (bar)   Constr. rmsd
    3.00521e+02    1.64823e+02    3.14308e-06


DD  step 211999  vol min/aver 0.810  load imb.: force  1.3%  pme mesh/force 0.307
           Step           Time
         212000      424.00000

   Energies (kJ/mol)
           Bond            U-B    Proper Dih.  Improper Dih.      CMAP Dih.
    6.34777e+03    1.80845e+04    1.16761e+04    1.05211e+03   -2.44986e+03
          LJ-14     Coulomb-14        LJ (SR)   Coulomb (SR)   Coul. recip.
    5.66369e+03    1.12685e+05    2.42429e+05   -1.81342e+06    4.68570e+03
 Position Rest.      Potential    Kinetic En.   Total Energy  Conserved En.
    2.08520e+03   -1.41116e+06    2.36794e+05   -1.17436e+06   -1.16529e+06
    Temperature Pressure (bar)   Constr. rmsd
    3.00716e+02    6.32164e+01    3.11647e-06

           Step           Time
         212500      425.00000

   Energies (kJ/mol)
           Bond            U-B    Proper Dih.  Improper Dih.      CMAP Dih.
    6.34956e+03    1.79765e+04    1.16780e+04    1.06968e+03   -2.40517e+03
          LJ-14     Coulomb-14        LJ (SR)   Coulomb (SR)   Coul. recip.
    5.67315e+03    1.12931e+05    2.40211e+05   -1.81072e+06    4.56331e+03
 Position Rest.      Potential    Kinetic En.   Total Energy  Conserved En.
    2.14909e+03   -1.41052e+06    2.37283e+05   -1.17324e+06   -1.16527e+06
    Temperature Pressure (bar)   Constr. rmsd
    3.01337e+02   -9.87032e+01    3.12110e-06

           Step           Time
         213000      426.00000

   Energies (kJ/mol)
           Bond            U-B    Proper Dih.  Improper Dih.      CMAP Dih.
    5.95835e+03    1.84035e+04    1.15471e+04    1.08061e+03   -2.44557e+03
          LJ-14     Coulomb-14        LJ (SR)   Coulomb (SR)   Coul. recip.
    5.81989e+03    1.12901e+05    2.39070e+05   -1.80995e+06    4.56307e+03
 Position Rest.      Potential    Kinetic En.   Total Energy  Conserved En.
    2.04286e+03   -1.41101e+06    2.35851e+05   -1.17516e+06   -1.16521e+06
    Temperature Pressure (bar)   Constr. rmsd
    2.99518e+02    9.04194e+01    3.04356e-06

           Step           Time
         213500      427.00000

   Energies (kJ/mol)
           Bond            U-B    Proper Dih.  Improper Dih.      CMAP Dih.
    6.43060e+03    1.79724e+04    1.16039e+04    1.12952e+03   -2.41207e+03
          LJ-14     Coulomb-14        LJ (SR)   Coulomb (SR)   Coul. recip.
    5.72381e+03    1.12643e+05    2.41740e+05   -1.81308e+06    4.68867e+03
 Position Rest.      Potential    Kinetic En.   Total Energy  Conserved En.
    2.00535e+03   -1.41155e+06    2.35575e+05   -1.17598e+06   -1.16519e+06
    Temperature Pressure (bar)   Constr. rmsd
    2.99167e+02    3.81989e+01    3.10164e-06


DD  step 213999  vol min/aver 0.801  load imb.: force  1.1%  pme mesh/force 0.303
           Step           Time
         214000      428.00000

   Energies (kJ/mol)
           Bond            U-B    Proper Dih.  Improper Dih.      CMAP Dih.
    6.26291e+03    1.83379e+04    1.16945e+04    1.06663e+03   -2.46843e+03
          LJ-14     Coulomb-14        LJ (SR)   Coulomb (SR)   Coul. recip.
    5.65351e+03    1.12177e+05    2.39900e+05   -1.81033e+06    4.54948e+03
 Position Rest.      Potential    Kinetic En.   Total Energy  Conserved En.
    2.01710e+03   -1.41114e+06    2.35762e+05   -1.17538e+06   -1.16522e+06
    Temperature Pressure (bar)   Constr. rmsd
    2.99405e+02   -3.89766e+01    3.22387e-06

           Step           Time
         214500      429.00000

   Energies (kJ/mol)
           Bond            U-B    Proper Dih.  Improper Dih.      CMAP Dih.
    6.37416e+03    1.79875e+04    1.16258e+04    1.06112e+03   -2.45432e+03
          LJ-14     Coulomb-14        LJ (SR)   Coulomb (SR)   Coul. recip.
    5.77406e+03    1.12696e+05    2.38638e+05   -1.80866e+06    4.49071e+03
 Position Rest.      Potential    Kinetic En.   Total Energy  Conserved En.
    1.93923e+03   -1.41053e+06    2.35280e+05   -1.17525e+06   -1.16513e+06
    Temperature Pressure (bar)   Constr. rmsd
    2.98794e+02   -6.05366e+01    3.02984e-06

           Step           Time
         215000      430.00000

   Energies (kJ/mol)
           Bond            U-B    Proper Dih.  Improper Dih.      CMAP Dih.
    6.42936e+03    1.79813e+04    1.15563e+04    1.11724e+03   -2.50994e+03
          LJ-14     Coulomb-14        LJ (SR)   Coulomb (SR)   Coul. recip.
    5.69516e+03    1.12673e+05    2.40564e+05   -1.80993e+06    4.63510e+03
 Position Rest.      Potential    Kinetic En.   Total Energy  Conserved En.
    1.98631e+03   -1.40980e+06    2.36507e+05   -1.17330e+06   -1.16514e+06
    Temperature Pressure (bar)   Constr. rmsd
    3.00352e+02   -4.20126e+01    3.08369e-06

           Step           Time
         215500      431.00000

   Energies (kJ/mol)
           Bond            U-B    Proper Dih.  Improper Dih.      CMAP Dih.
    6.29276e+03    1.81146e+04    1.16382e+04    1.15640e+03   -2.46435e+03
          LJ-14     Coulomb-14        LJ (SR)   Coulomb (SR)   Coul. recip.
    5.67645e+03    1.12776e+05    2.40320e+05   -1.81128e+06    4.63434e+03
 Position Rest.      Potential    Kinetic En.   Total Energy  Conserved En.
    1.92457e+03   -1.41121e+06    2.35189e+05   -1.17602e+06   -1.16511e+06
    Temperature Pressure (bar)   Constr. rmsd
    2.98677e+02    1.18505e+01    3.24037e-06


DD  step 215999  vol min/aver 0.802  load imb.: force  9.7%  pme mesh/force 0.424

step 216000 Turning off dynamic load balancing, because it is degrading performance.
Atom distribution over 24 domains: av 3858 stddev 103 min 3775 max 4047
           Step           Time
         216000      432.00000

   Energies (kJ/mol)
           Bond            U-B    Proper Dih.  Improper Dih.      CMAP Dih.
    6.20739e+03    1.78419e+04    1.15001e+04    1.10221e+03   -2.43059e+03
          LJ-14     Coulomb-14        LJ (SR)   Coulomb (SR)   Coul. recip.
    5.72818e+03    1.12476e+05    2.39279e+05   -1.81089e+06    4.55751e+03
 Position Rest.      Potential    Kinetic En.   Total Energy  Conserved En.
    2.04930e+03   -1.41258e+06    2.34921e+05   -1.17766e+06   -1.16515e+06
    Temperature Pressure (bar)   Constr. rmsd
    2.98337e+02   -5.45639e+01    2.94017e-06

           Step           Time
         216500      433.00000

   Energies (kJ/mol)
           Bond            U-B    Proper Dih.  Improper Dih.      CMAP Dih.
    6.16147e+03    1.82830e+04    1.16281e+04    1.07340e+03   -2.41913e+03
          LJ-14     Coulomb-14        LJ (SR)   Coulomb (SR)   Coul. recip.
    5.70268e+03    1.12529e+05    2.42740e+05   -1.81387e+06    4.53023e+03
 Position Rest.      Potential    Kinetic En.   Total Energy  Conserved En.
    1.91465e+03   -1.41172e+06    2.36990e+05   -1.17473e+06   -1.16510e+06
    Temperature Pressure (bar)   Constr. rmsd
    3.00965e+02    1.75108e+02    2.98707e-06

           Step           Time
         217000      434.00000

   Energies (kJ/mol)
           Bond            U-B    Proper Dih.  Improper Dih.      CMAP Dih.
    6.14578e+03    1.77033e+04    1.14895e+04    1.03606e+03   -2.42212e+03
          LJ-14     Coulomb-14        LJ (SR)   Coulomb (SR)   Coul. recip.
    5.82408e+03    1.12364e+05    2.42243e+05   -1.81427e+06    4.62606e+03
 Position Rest.      Potential    Kinetic En.   Total Energy  Conserved En.
    1.93762e+03   -1.41332e+06    2.34838e+05   -1.17848e+06   -1.16510e+06
    Temperature Pressure (bar)   Constr. rmsd
    2.98233e+02    7.04732e+01    3.06752e-06

           Step           Time
         217500      435.00000

   Energies (kJ/mol)
           Bond            U-B    Proper Dih.  Improper Dih.      CMAP Dih.
    6.32405e+03    1.80200e+04    1.15906e+04    1.05467e+03   -2.46499e+03
          LJ-14     Coulomb-14        LJ (SR)   Coulomb (SR)   Coul. recip.
    5.67434e+03    1.12748e+05    2.38776e+05   -1.80784e+06    4.65152e+03
 Position Rest.      Potential    Kinetic En.   Total Energy  Conserved En.
    1.94923e+03   -1.40952e+06    2.35675e+05   -1.17384e+06   -1.16506e+06
    Temperature Pressure (bar)   Constr. rmsd
    2.99295e+02   -7.55027e+01    3.04592e-06


DD  step 217999 load imb.: force 17.4%  pme mesh/force 0.274
           Step           Time
         218000      436.00000

   Energies (kJ/mol)
           Bond            U-B    Proper Dih.  Improper Dih.      CMAP Dih.
    6.12411e+03    1.82003e+04    1.16635e+04    1.07551e+03   -2.45643e+03
          LJ-14     Coulomb-14        LJ (SR)   Coulomb (SR)   Coul. recip.
    5.72548e+03    1.12669e+05    2.42445e+05   -1.81292e+06    4.59502e+03
 Position Rest.      Potential    Kinetic En.   Total Energy  Conserved En.
    2.02695e+03   -1.41085e+06    2.37497e+05   -1.17335e+06   -1.16506e+06
    Temperature Pressure (bar)   Constr. rmsd
    3.01609e+02    1.48951e+02    3.18900e-06

           Step           Time
         218500      437.00000

   Energies (kJ/mol)
           Bond            U-B    Proper Dih.  Improper Dih.      CMAP Dih.
    6.12337e+03    1.80882e+04    1.16137e+04    1.04905e+03   -2.44863e+03
          LJ-14     Coulomb-14        LJ (SR)   Coulomb (SR)   Coul. recip.
    5.74037e+03    1.13130e+05    2.40845e+05   -1.80985e+06    4.54550e+03
 Position Rest.      Potential    Kinetic En.   Total Energy  Conserved En.
    2.08584e+03   -1.40908e+06    2.35920e+05   -1.17316e+06   -1.16502e+06
    Temperature Pressure (bar)   Constr. rmsd
    2.99606e+02    1.69636e+02    3.16255e-06

           Step           Time
         219000      438.00000

   Energies (kJ/mol)
           Bond            U-B    Proper Dih.  Improper Dih.      CMAP Dih.
    6.01273e+03    1.80438e+04    1.15356e+04    1.02102e+03   -2.43351e+03
          LJ-14     Coulomb-14        LJ (SR)   Coulomb (SR)   Coul. recip.
    5.75240e+03    1.12841e+05    2.39660e+05   -1.81038e+06    4.66747e+03
 Position Rest.      Potential    Kinetic En.   Total Energy  Conserved En.
    1.89784e+03   -1.41139e+06    2.34871e+05   -1.17651e+06   -1.16500e+06
    Temperature Pressure (bar)   Constr. rmsd
    2.98274e+02   -5.97689e+01    3.15317e-06

           Step           Time
         219500      439.00000

   Energies (kJ/mol)
           Bond            U-B    Proper Dih.  Improper Dih.      CMAP Dih.
    6.35517e+03    1.82461e+04    1.16454e+04    1.12416e+03   -2.47351e+03
          LJ-14     Coulomb-14        LJ (SR)   Coulomb (SR)   Coul. recip.
    5.67237e+03    1.12499e+05    2.38911e+05   -1.80701e+06    4.64532e+03
 Position Rest.      Potential    Kinetic En.   Total Energy  Conserved En.
    2.05179e+03   -1.40833e+06    2.36225e+05   -1.17211e+06   -1.16499e+06
    Temperature Pressure (bar)   Constr. rmsd
    2.99994e+02   -4.15150e+01    3.34450e-06


DD  step 219999 load imb.: force 17.1%  pme mesh/force 0.259
           Step           Time
         220000      440.00000

   Energies (kJ/mol)
           Bond            U-B    Proper Dih.  Improper Dih.      CMAP Dih.
    6.37529e+03    1.80440e+04    1.15984e+04    1.02701e+03   -2.46812e+03
          LJ-14     Coulomb-14        LJ (SR)   Coulomb (SR)   Coul. recip.
    5.65557e+03    1.12996e+05    2.39574e+05   -1.80997e+06    4.61283e+03
 Position Rest.      Potential    Kinetic En.   Total Energy  Conserved En.
    1.98861e+03   -1.41057e+06    2.38404e+05   -1.17216e+06   -1.16499e+06
    Temperature Pressure (bar)   Constr. rmsd
    3.02761e+02   -7.60467e+01    3.13839e-06

           Step           Time
         220500      441.00000

   Energies (kJ/mol)
           Bond            U-B    Proper Dih.  Improper Dih.      CMAP Dih.
    6.27711e+03    1.80886e+04    1.16345e+04    1.05015e+03   -2.47284e+03
          LJ-14     Coulomb-14        LJ (SR)   Coulomb (SR)   Coul. recip.
    5.76443e+03    1.12943e+05    2.42214e+05   -1.81280e+06    4.59735e+03
 Position Rest.      Potential    Kinetic En.   Total Energy  Conserved En.
    1.99466e+03   -1.41071e+06    2.35386e+05   -1.17532e+06   -1.16492e+06
    Temperature Pressure (bar)   Constr. rmsd
    2.98928e+02    6.12149e+01    3.12677e-06

           Step           Time
         221000      442.00000

   Energies (kJ/mol)
           Bond            U-B    Proper Dih.  Improper Dih.      CMAP Dih.
    6.04799e+03    1.82742e+04    1.15645e+04    1.06140e+03   -2.37639e+03
          LJ-14     Coulomb-14        LJ (SR)   Coulomb (SR)   Coul. recip.
    5.75152e+03    1.13066e+05    2.40965e+05   -1.81210e+06    4.64688e+03
 Position Rest.      Potential    Kinetic En.   Total Energy  Conserved En.
    1.95015e+03   -1.41115e+06    2.35974e+05   -1.17517e+06   -1.16493e+06
    Temperature Pressure (bar)   Constr. rmsd
    2.99675e+02    8.42944e+01    3.11690e-06

           Step           Time
         221500      443.00000

   Energies (kJ/mol)
           Bond            U-B    Proper Dih.  Improper Dih.      CMAP Dih.
    6.16009e+03    1.81812e+04    1.15242e+04    1.05625e+03   -2.41006e+03
          LJ-14     Coulomb-14        LJ (SR)   Coulomb (SR)   Coul. recip.
    5.71917e+03    1.12722e+05    2.38540e+05   -1.80936e+06    4.62854e+03
 Position Rest.      Potential    Kinetic En.   Total Energy  Conserved En.
    1.98880e+03   -1.41125e+06    2.36412e+05   -1.17484e+06   -1.16489e+06
    Temperature Pressure (bar)   Constr. rmsd
    3.00231e+02   -5.90997e+01    3.05589e-06


DD  step 221999 load imb.: force 17.9%  pme mesh/force 0.277
           Step           Time
         222000      444.00000

   Energies (kJ/mol)
           Bond            U-B    Proper Dih.  Improper Dih.      CMAP Dih.
    6.54613e+03    1.80127e+04    1.15299e+04    1.00853e+03   -2.41719e+03
          LJ-14     Coulomb-14        LJ (SR)   Coulomb (SR)   Coul. recip.
    5.65958e+03    1.12663e+05    2.38288e+05   -1.80744e+06    4.69600e+03
 Position Rest.      Potential    Kinetic En.   Total Energy  Conserved En.
    2.02976e+03   -1.40943e+06    2.35584e+05   -1.17384e+06   -1.16487e+06
    Temperature Pressure (bar)   Constr. rmsd
    2.99180e+02   -1.91977e+02    3.05075e-06

           Step           Time
         222500      445.00000

   Energies (kJ/mol)
           Bond            U-B    Proper Dih.  Improper Dih.      CMAP Dih.
    6.10710e+03    1.83975e+04    1.15386e+04    1.10267e+03   -2.40399e+03
          LJ-14     Coulomb-14        LJ (SR)   Coulomb (SR)   Coul. recip.
    5.81898e+03    1.12882e+05    2.41858e+05   -1.81205e+06    4.60453e+03
 Position Rest.      Potential    Kinetic En.   Total Energy  Conserved En.
    2.03874e+03   -1.41010e+06    2.35016e+05   -1.17509e+06   -1.16481e+06
    Temperature Pressure (bar)   Constr. rmsd
    2.98458e+02    1.87727e+02    3.05713e-06

           Step           Time
         223000      446.00000

   Energies (kJ/mol)
           Bond            U-B    Proper Dih.  Improper Dih.      CMAP Dih.
    6.16142e+03    1.82102e+04    1.16230e+04    1.07090e+03   -2.47352e+03
          LJ-14     Coulomb-14        LJ (SR)   Coulomb (SR)   Coul. recip.
    5.73040e+03    1.12545e+05    2.38845e+05   -1.81014e+06    4.55540e+03
 Position Rest.      Potential    Kinetic En.   Total Energy  Conserved En.
    2.04375e+03   -1.41183e+06    2.35309e+05   -1.17652e+06   -1.16483e+06
    Temperature Pressure (bar)   Constr. rmsd
    2.98830e+02   -1.55868e+02    3.02028e-06

           Step           Time
         223500      447.00000

   Energies (kJ/mol)
           Bond            U-B    Proper Dih.  Improper Dih.      CMAP Dih.
    6.22157e+03    1.84489e+04    1.16613e+04    1.18813e+03   -2.50316e+03
          LJ-14     Coulomb-14        LJ (SR)   Coulomb (SR)   Coul. recip.
    5.71957e+03    1.12580e+05    2.39926e+05   -1.81050e+06    4.69667e+03
 Position Rest.      Potential    Kinetic En.   Total Energy  Conserved En.
    1.97442e+03   -1.41058e+06    2.36031e+05   -1.17455e+06   -1.16480e+06
    Temperature Pressure (bar)   Constr. rmsd
    2.99748e+02   -5.79750e+01    3.14121e-06


DD  step 223999 load imb.: force 17.0%  pme mesh/force 0.281

step 224000 Will no longer try dynamic load balancing, as it degraded performance.
           Step           Time
         224000      448.00000

   Energies (kJ/mol)
           Bond            U-B    Proper Dih.  Improper Dih.      CMAP Dih.
    6.02341e+03    1.83697e+04    1.15729e+04    1.10551e+03   -2.43504e+03
          LJ-14     Coulomb-14        LJ (SR)   Coulomb (SR)   Coul. recip.
    5.80418e+03    1.12747e+05    2.38906e+05   -1.80797e+06    4.71951e+03
 Position Rest.      Potential    Kinetic En.   Total Energy  Conserved En.
    1.93701e+03   -1.40922e+06    2.36910e+05   -1.17231e+06   -1.16482e+06
    Temperature Pressure (bar)   Constr. rmsd
    3.00863e+02    1.37695e+02    3.31015e-06

           Step           Time
         224500      449.00000

   Energies (kJ/mol)
           Bond            U-B    Proper Dih.  Improper Dih.      CMAP Dih.
    6.03376e+03    1.79454e+04    1.16961e+04    1.10470e+03   -2.48682e+03
          LJ-14     Coulomb-14        LJ (SR)   Coulomb (SR)   Coul. recip.
    5.71615e+03    1.13050e+05    2.40553e+05   -1.81183e+06    4.54958e+03
 Position Rest.      Potential    Kinetic En.   Total Energy  Conserved En.
    2.08291e+03   -1.41158e+06    2.37130e+05   -1.17445e+06   -1.16483e+06
    Temperature Pressure (bar)   Constr. rmsd
    3.01143e+02   -9.11876e+01    3.15418e-06

           Step           Time
         225000      450.00000

   Energies (kJ/mol)
           Bond            U-B    Proper Dih.  Improper Dih.      CMAP Dih.
    6.50883e+03    1.86596e+04    1.14933e+04    1.03010e+03   -2.42641e+03
          LJ-14     Coulomb-14        LJ (SR)   Coulomb (SR)   Coul. recip.
    5.70293e+03    1.12148e+05    2.38020e+05   -1.80764e+06    4.54003e+03
 Position Rest.      Potential    Kinetic En.   Total Energy  Conserved En.
    1.96513e+03   -1.41000e+06    2.37048e+05   -1.17295e+06   -1.16476e+06
    Temperature Pressure (bar)   Constr. rmsd
    3.01039e+02   -2.56820e+02    3.02312e-06

           Step           Time
         225500      451.00000

   Energies (kJ/mol)
           Bond            U-B    Proper Dih.  Improper Dih.      CMAP Dih.
    6.10058e+03    1.81718e+04    1.16607e+04    1.15889e+03   -2.45572e+03
          LJ-14     Coulomb-14        LJ (SR)   Coulomb (SR)   Coul. recip.
    5.81489e+03    1.12668e+05    2.39496e+05   -1.81119e+06    4.69863e+03
 Position Rest.      Potential    Kinetic En.   Total Energy  Conserved En.
    2.06556e+03   -1.41181e+06    2.35379e+05   -1.17643e+06   -1.16473e+06
    Temperature Pressure (bar)   Constr. rmsd
    2.98919e+02    3.85012e+01    3.02805e-06


DD  step 225999 load imb.: force 17.7%  pme mesh/force 0.278
           Step           Time
         226000      452.00000

   Energies (kJ/mol)
           Bond            U-B    Proper Dih.  Improper Dih.      CMAP Dih.
    6.25709e+03    1.79955e+04    1.17116e+04    1.06647e+03   -2.51246e+03
          LJ-14     Coulomb-14        LJ (SR)   Coulomb (SR)   Coul. recip.
    5.81080e+03    1.12386e+05    2.39906e+05   -1.81058e+06    4.65010e+03
 Position Rest.      Potential    Kinetic En.   Total Energy  Conserved En.
    1.97347e+03   -1.41134e+06    2.36244e+05   -1.17509e+06   -1.16474e+06
    Temperature Pressure (bar)   Constr. rmsd
    3.00018e+02   -2.40127e+01    3.34946e-06

           Step           Time
         226500      453.00000

   Energies (kJ/mol)
           Bond            U-B    Proper Dih.  Improper Dih.      CMAP Dih.
    6.05928e+03    1.83362e+04    1.17146e+04    1.06111e+03   -2.43500e+03
          LJ-14     Coulomb-14        LJ (SR)   Coulomb (SR)   Coul. recip.
    5.71935e+03    1.13020e+05    2.40680e+05   -1.81128e+06    4.74453e+03
 Position Rest.      Potential    Kinetic En.   Total Energy  Conserved En.
    2.12779e+03   -1.41026e+06    2.36280e+05   -1.17398e+06   -1.16470e+06
    Temperature Pressure (bar)   Constr. rmsd
    3.00064e+02   -3.47788e+01    3.25876e-06

           Step           Time
         227000      454.00000

   Energies (kJ/mol)
           Bond            U-B    Proper Dih.  Improper Dih.      CMAP Dih.
    6.37269e+03    1.76893e+04    1.15973e+04    1.07713e+03   -2.43407e+03
          LJ-14     Coulomb-14        LJ (SR)   Coulomb (SR)   Coul. recip.
    5.65041e+03    1.12904e+05    2.41161e+05   -1.81350e+06    4.53248e+03
 Position Rest.      Potential    Kinetic En.   Total Energy  Conserved En.
    1.98863e+03   -1.41296e+06    2.36327e+05   -1.17663e+06   -1.16467e+06
    Temperature Pressure (bar)   Constr. rmsd
    3.00124e+02    4.02434e+01    3.22949e-06

           Step           Time
         227500      455.00000

   Energies (kJ/mol)
           Bond            U-B    Proper Dih.  Improper Dih.      CMAP Dih.
    6.26803e+03    1.79794e+04    1.17263e+04    1.05849e+03   -2.48368e+03
          LJ-14     Coulomb-14        LJ (SR)   Coulomb (SR)   Coul. recip.
    5.79761e+03    1.12894e+05    2.38850e+05   -1.80887e+06    4.64849e+03
 Position Rest.      Potential    Kinetic En.   Total Energy  Conserved En.
    2.03261e+03   -1.41010e+06    2.36330e+05   -1.17377e+06   -1.16465e+06
    Temperature Pressure (bar)   Constr. rmsd
    3.00126e+02   -7.52145e+01    3.28120e-06


DD  step 227999 load imb.: force 16.7%  pme mesh/force 0.271
           Step           Time
         228000      456.00000

   Energies (kJ/mol)
           Bond            U-B    Proper Dih.  Improper Dih.      CMAP Dih.
    6.04796e+03    1.80436e+04    1.16908e+04    1.01952e+03   -2.45445e+03
          LJ-14     Coulomb-14        LJ (SR)   Coulomb (SR)   Coul. recip.
    5.70151e+03    1.12719e+05    2.39501e+05   -1.81053e+06    4.61344e+03
 Position Rest.      Potential    Kinetic En.   Total Energy  Conserved En.
    1.88881e+03   -1.41176e+06    2.35418e+05   -1.17634e+06   -1.16466e+06
    Temperature Pressure (bar)   Constr. rmsd
    2.98969e+02   -1.70924e+02    3.03370e-06

           Step           Time
         228500      457.00000

   Energies (kJ/mol)
           Bond            U-B    Proper Dih.  Improper Dih.      CMAP Dih.
    6.11786e+03    1.81680e+04    1.14794e+04    1.09066e+03   -2.48163e+03
          LJ-14     Coulomb-14        LJ (SR)   Coulomb (SR)   Coul. recip.
    5.66419e+03    1.12666e+05    2.41889e+05   -1.81451e+06    4.60432e+03
 Position Rest.      Potential    Kinetic En.   Total Energy  Conserved En.
    1.98071e+03   -1.41333e+06    2.35419e+05   -1.17791e+06   -1.16460e+06
    Temperature Pressure (bar)   Constr. rmsd
    2.98969e+02   -9.02755e+01    3.16593e-06

           Step           Time
         229000      458.00000

   Energies (kJ/mol)
           Bond            U-B    Proper Dih.  Improper Dih.      CMAP Dih.
    6.11754e+03    1.80192e+04    1.16259e+04    1.12232e+03   -2.34720e+03
          LJ-14     Coulomb-14        LJ (SR)   Coulomb (SR)   Coul. recip.
    5.71046e+03    1.12376e+05    2.38173e+05   -1.80865e+06    4.60714e+03
 Position Rest.      Potential    Kinetic En.   Total Energy  Conserved En.
    2.04643e+03   -1.41120e+06    2.35389e+05   -1.17581e+06   -1.16462e+06
    Temperature Pressure (bar)   Constr. rmsd
    2.98932e+02   -1.80938e+02    3.10502e-06

           Step           Time
         229500      459.00000

   Energies (kJ/mol)
           Bond            U-B    Proper Dih.  Improper Dih.      CMAP Dih.
    6.47296e+03    1.81095e+04    1.16584e+04    1.07621e+03   -2.52996e+03
          LJ-14     Coulomb-14        LJ (SR)   Coulomb (SR)   Coul. recip.
    5.73578e+03    1.12862e+05    2.40265e+05   -1.81115e+06    4.67344e+03
 Position Rest.      Potential    Kinetic En.   Total Energy  Conserved En.
    2.02433e+03   -1.41081e+06    2.36687e+05   -1.17412e+06   -1.16456e+06
    Temperature Pressure (bar)   Constr. rmsd
    3.00580e+02   -1.07666e+02    3.08135e-06


DD  step 229999 load imb.: force 18.0%  pme mesh/force 0.267
           Step           Time
         230000      460.00000

   Energies (kJ/mol)
           Bond            U-B    Proper Dih.  Improper Dih.      CMAP Dih.
    6.28416e+03    1.80541e+04    1.16126e+04    1.16382e+03   -2.46734e+03
          LJ-14     Coulomb-14        LJ (SR)   Coulomb (SR)   Coul. recip.
    5.76836e+03    1.12842e+05    2.40456e+05   -1.81117e+06    4.63634e+03
 Position Rest.      Potential    Kinetic En.   Total Energy  Conserved En.
    2.16440e+03   -1.41065e+06    2.36936e+05   -1.17372e+06   -1.16457e+06
    Temperature Pressure (bar)   Constr. rmsd
    3.00896e+02    1.76608e+01    3.17612e-06

           Step           Time
         230500      461.00000

   Energies (kJ/mol)
           Bond            U-B    Proper Dih.  Improper Dih.      CMAP Dih.
    6.27924e+03    1.81053e+04    1.15930e+04    1.06118e+03   -2.44565e+03
          LJ-14     Coulomb-14        LJ (SR)   Coulomb (SR)   Coul. recip.
    5.66878e+03    1.12547e+05    2.40966e+05   -1.81090e+06    4.62987e+03
 Position Rest.      Potential    Kinetic En.   Total Energy  Conserved En.
    2.06827e+03   -1.41043e+06    2.36007e+05   -1.17442e+06   -1.16453e+06
    Temperature Pressure (bar)   Constr. rmsd
    2.99717e+02    2.29106e+01    3.15437e-06

           Step           Time
         231000      462.00000

   Energies (kJ/mol)
           Bond            U-B    Proper Dih.  Improper Dih.      CMAP Dih.
    6.35901e+03    1.81918e+04    1.16978e+04    1.10329e+03   -2.49322e+03
          LJ-14     Coulomb-14        LJ (SR)   Coulomb (SR)   Coul. recip.
    5.67829e+03    1.12745e+05    2.39211e+05   -1.80869e+06    4.66310e+03
 Position Rest.      Potential    Kinetic En.   Total Energy  Conserved En.
    2.03957e+03   -1.40949e+06    2.34373e+05   -1.17512e+06   -1.16448e+06
    Temperature Pressure (bar)   Constr. rmsd
    2.97641e+02   -1.39271e+02    3.15636e-06

           Step           Time
         231500      463.00000

   Energies (kJ/mol)
           Bond            U-B    Proper Dih.  Improper Dih.      CMAP Dih.
    6.08387e+03    1.80077e+04    1.14900e+04    1.11935e+03   -2.44564e+03
          LJ-14     Coulomb-14        LJ (SR)   Coulomb (SR)   Coul. recip.
    5.64092e+03    1.12913e+05    2.40667e+05   -1.81318e+06    4.50994e+03
 Position Rest.      Potential    Kinetic En.   Total Energy  Conserved En.
    2.05205e+03   -1.41314e+06    2.34543e+05   -1.17860e+06   -1.16448e+06
    Temperature Pressure (bar)   Constr. rmsd
    2.97857e+02    1.25996e+02    3.08958e-06


DD  step 231999 load imb.: force 18.2%  pme mesh/force 0.274
           Step           Time
         232000      464.00000

   Energies (kJ/mol)
           Bond            U-B    Proper Dih.  Improper Dih.      CMAP Dih.
    6.04906e+03    1.82794e+04    1.15416e+04    1.11634e+03   -2.54205e+03
          LJ-14     Coulomb-14        LJ (SR)   Coulomb (SR)   Coul. recip.
    5.71021e+03    1.12858e+05    2.39735e+05   -1.81080e+06    4.68755e+03
 Position Rest.      Potential    Kinetic En.   Total Energy  Conserved En.
    2.00628e+03   -1.41136e+06    2.37216e+05   -1.17415e+06   -1.16446e+06
    Temperature Pressure (bar)   Constr. rmsd
    3.01252e+02   -1.65385e+02    3.18052e-06

           Step           Time
         232500      465.00000

   Energies (kJ/mol)
           Bond            U-B    Proper Dih.  Improper Dih.      CMAP Dih.
    6.12553e+03    1.78258e+04    1.16060e+04    1.04639e+03   -2.43851e+03
          LJ-14     Coulomb-14        LJ (SR)   Coulomb (SR)   Coul. recip.
    5.70014e+03    1.13041e+05    2.42191e+05   -1.81377e+06    4.61551e+03
 Position Rest.      Potential    Kinetic En.   Total Energy  Conserved En.
    1.95697e+03   -1.41210e+06    2.35241e+05   -1.17686e+06   -1.16449e+06
    Temperature Pressure (bar)   Constr. rmsd
    2.98744e+02    1.25597e+02    3.20189e-06

           Step           Time
         233000      466.00000

   Energies (kJ/mol)
           Bond            U-B    Proper Dih.  Improper Dih.      CMAP Dih.
    6.37983e+03    1.82309e+04    1.15813e+04    1.12245e+03   -2.48420e+03
          LJ-14     Coulomb-14        LJ (SR)   Coulomb (SR)   Coul. recip.
    5.61738e+03    1.12764e+05    2.40584e+05   -1.81041e+06    4.56336e+03
 Position Rest.      Potential    Kinetic En.   Total Energy  Conserved En.
    2.10254e+03   -1.40995e+06    2.37406e+05   -1.17254e+06   -1.16442e+06
    Temperature Pressure (bar)   Constr. rmsd
    3.01494e+02   -7.05673e+01    3.19527e-06

           Step           Time
         233500      467.00000

   Energies (kJ/mol)
           Bond            U-B    Proper Dih.  Improper Dih.      CMAP Dih.
    6.00229e+03    1.82541e+04    1.15630e+04    1.13689e+03   -2.43538e+03
          LJ-14     Coulomb-14        LJ (SR)   Coulomb (SR)   Coul. recip.
    5.69896e+03    1.13022e+05    2.39408e+05   -1.80930e+06    4.61894e+03
 Position Rest.      Potential    Kinetic En.   Total Energy  Conserved En.
    1.93816e+03   -1.41009e+06    2.36076e+05   -1.17401e+06   -1.16442e+06
    Temperature Pressure (bar)   Constr. rmsd
    2.99805e+02    7.04451e+01    3.02697e-06


DD  step 233999 load imb.: force 15.9%  pme mesh/force 0.309
           Step           Time
         234000      468.00000

   Energies (kJ/mol)
           Bond            U-B    Proper Dih.  Improper Dih.      CMAP Dih.
    6.20539e+03    1.81501e+04    1.14319e+04    1.07606e+03   -2.36855e+03
          LJ-14     Coulomb-14        LJ (SR)   Coulomb (SR)   Coul. recip.
    5.76446e+03    1.12930e+05    2.39554e+05   -1.81035e+06    4.66961e+03
 Position Rest.      Potential    Kinetic En.   Total Energy  Conserved En.
    2.09010e+03   -1.41084e+06    2.36039e+05   -1.17480e+06   -1.16439e+06
    Temperature Pressure (bar)   Constr. rmsd
    2.99758e+02   -7.89320e+01    3.11672e-06

           Step           Time
         234500      469.00000

   Energies (kJ/mol)
           Bond            U-B    Proper Dih.  Improper Dih.      CMAP Dih.
    6.39567e+03    1.80625e+04    1.16357e+04    1.10897e+03   -2.47420e+03
          LJ-14     Coulomb-14        LJ (SR)   Coulomb (SR)   Coul. recip.
    5.58388e+03    1.12713e+05    2.41413e+05   -1.81277e+06    4.50360e+03
 Position Rest.      Potential    Kinetic En.   Total Energy  Conserved En.
    1.94409e+03   -1.41189e+06    2.36914e+05   -1.17497e+06   -1.16438e+06
    Temperature Pressure (bar)   Constr. rmsd
    3.00868e+02   -5.15473e+01    3.05091e-06

           Step           Time
         235000      470.00000

   Energies (kJ/mol)
           Bond            U-B    Proper Dih.  Improper Dih.      CMAP Dih.
    6.42605e+03    1.81347e+04    1.17282e+04    1.10858e+03   -2.48958e+03
          LJ-14     Coulomb-14        LJ (SR)   Coulomb (SR)   Coul. recip.
    5.74517e+03    1.12867e+05    2.39217e+05   -1.80971e+06    4.57460e+03
 Position Rest.      Potential    Kinetic En.   Total Energy  Conserved En.
    1.95848e+03   -1.41044e+06    2.36840e+05   -1.17360e+06   -1.16434e+06
    Temperature Pressure (bar)   Constr. rmsd
    3.00775e+02   -1.95025e+02    3.20063e-06

           Step           Time
         235500      471.00000

   Energies (kJ/mol)
           Bond            U-B    Proper Dih.  Improper Dih.      CMAP Dih.
    6.09543e+03    1.81284e+04    1.17154e+04    9.89189e+02   -2.46045e+03
          LJ-14     Coulomb-14        LJ (SR)   Coulomb (SR)   Coul. recip.
    5.84237e+03    1.13012e+05    2.41626e+05   -1.81190e+06    4.71493e+03
 Position Rest.      Potential    Kinetic En.   Total Energy  Conserved En.
    1.94566e+03   -1.41029e+06    2.35442e+05   -1.17485e+06   -1.16430e+06
    Temperature Pressure (bar)   Constr. rmsd
    2.98999e+02    6.80471e+01    3.04487e-06


DD  step 235999 load imb.: force 17.5%  pme mesh/force 0.277
           Step           Time
         236000      472.00000

   Energies (kJ/mol)
           Bond            U-B    Proper Dih.  Improper Dih.      CMAP Dih.
    6.15406e+03    1.81412e+04    1.14666e+04    1.07584e+03   -2.52190e+03
          LJ-14     Coulomb-14        LJ (SR)   Coulomb (SR)   Coul. recip.
    5.76494e+03    1.12533e+05    2.40023e+05   -1.81070e+06    4.51518e+03
 Position Rest.      Potential    Kinetic En.   Total Energy  Conserved En.
    1.98150e+03   -1.41156e+06    2.36066e+05   -1.17550e+06   -1.16429e+06
    Temperature Pressure (bar)   Constr. rmsd
    2.99792e+02   -1.07098e+02    3.02830e-06

           Step           Time
         236500      473.00000

   Energies (kJ/mol)
           Bond            U-B    Proper Dih.  Improper Dih.      CMAP Dih.
    5.91264e+03    1.79808e+04    1.15273e+04    1.05488e+03   -2.40614e+03
          LJ-14     Coulomb-14        LJ (SR)   Coulomb (SR)   Coul. recip.
    5.73904e+03    1.13078e+05    2.41432e+05   -1.81297e+06    4.57390e+03
 Position Rest.      Potential    Kinetic En.   Total Energy  Conserved En.
    1.98404e+03   -1.41209e+06    2.35101e+05   -1.17699e+06   -1.16430e+06
    Temperature Pressure (bar)   Constr. rmsd
    2.98566e+02    4.99963e+01    3.12792e-06

           Step           Time
         237000      474.00000

   Energies (kJ/mol)
           Bond            U-B    Proper Dih.  Improper Dih.      CMAP Dih.
    6.23695e+03    1.83726e+04    1.15400e+04    1.08319e+03   -2.47967e+03
          LJ-14     Coulomb-14        LJ (SR)   Coulomb (SR)   Coul. recip.
    5.67438e+03    1.12576e+05    2.41771e+05   -1.81258e+06    4.65782e+03
 Position Rest.      Potential    Kinetic En.   Total Energy  Conserved En.
    2.01478e+03   -1.41113e+06    2.37019e+05   -1.17411e+06   -1.16424e+06
    Temperature Pressure (bar)   Constr. rmsd
    3.01001e+02   -5.41612e+01    3.20003e-06

           Step           Time
         237500      475.00000

   Energies (kJ/mol)
           Bond            U-B    Proper Dih.  Improper Dih.      CMAP Dih.
    6.31330e+03    1.84001e+04    1.16338e+04    1.06832e+03   -2.46289e+03
          LJ-14     Coulomb-14        LJ (SR)   Coulomb (SR)   Coul. recip.
    5.73368e+03    1.12226e+05    2.40418e+05   -1.81218e+06    4.62801e+03
 Position Rest.      Potential    Kinetic En.   Total Energy  Conserved En.
    2.07399e+03   -1.41215e+06    2.34975e+05   -1.17717e+06   -1.16422e+06
    Temperature Pressure (bar)   Constr. rmsd
    2.98406e+02   -2.84951e+01    2.96546e-06


DD  step 237999 load imb.: force 17.9%  pme mesh/force 0.280
           Step           Time
         238000      476.00000

   Energies (kJ/mol)
           Bond            U-B    Proper Dih.  Improper Dih.      CMAP Dih.
    6.11786e+03    1.81962e+04    1.16207e+04    1.11595e+03   -2.51132e+03
          LJ-14     Coulomb-14        LJ (SR)   Coulomb (SR)   Coul. recip.
    5.77159e+03    1.12665e+05    2.39273e+05   -1.81042e+06    4.75496e+03
 Position Rest.      Potential    Kinetic En.   Total Energy  Conserved En.
    2.04634e+03   -1.41137e+06    2.37165e+05   -1.17421e+06   -1.16423e+06
    Temperature Pressure (bar)   Constr. rmsd
    3.01187e+02   -9.94241e+01    3.01611e-06

           Step           Time
         238500      477.00000

   Energies (kJ/mol)
           Bond            U-B    Proper Dih.  Improper Dih.      CMAP Dih.
    6.09626e+03    1.80386e+04    1.16628e+04    1.10572e+03   -2.43876e+03
          LJ-14     Coulomb-14        LJ (SR)   Coulomb (SR)   Coul. recip.
    5.72770e+03    1.13063e+05    2.39040e+05   -1.80900e+06    4.62092e+03
 Position Rest.      Potential    Kinetic En.   Total Energy  Conserved En.
    1.95417e+03   -1.41013e+06    2.36475e+05   -1.17366e+06   -1.16421e+06
    Temperature Pressure (bar)   Constr. rmsd
    3.00311e+02   -8.23483e+00    3.10283e-06

           Step           Time
         239000      478.00000

   Energies (kJ/mol)
           Bond            U-B    Proper Dih.  Improper Dih.      CMAP Dih.
    6.35758e+03    1.78610e+04    1.15934e+04    1.12780e+03   -2.51125e+03
          LJ-14     Coulomb-14        LJ (SR)   Coulomb (SR)   Coul. recip.
    5.78837e+03    1.12800e+05    2.39943e+05   -1.80960e+06    4.71135e+03
 Position Rest.      Potential    Kinetic En.   Total Energy  Conserved En.
    1.92713e+03   -1.41000e+06    2.35706e+05   -1.17429e+06   -1.16417e+06
    Temperature Pressure (bar)   Constr. rmsd
    2.99334e+02   -8.42630e+01    3.15560e-06

           Step           Time
         239500      479.00000

   Energies (kJ/mol)
           Bond            U-B    Proper Dih.  Improper Dih.      CMAP Dih.
    6.00041e+03    1.83405e+04    1.15820e+04    1.08473e+03   -2.42465e+03
          LJ-14     Coulomb-14        LJ (SR)   Coulomb (SR)   Coul. recip.
    5.77104e+03    1.12771e+05    2.40045e+05   -1.81004e+06    4.61540e+03
 Position Rest.      Potential    Kinetic En.   Total Energy  Conserved En.
    2.02467e+03   -1.41023e+06    2.36852e+05   -1.17338e+06   -1.16415e+06
    Temperature Pressure (bar)   Constr. rmsd
    3.00790e+02    7.53958e+01    3.06494e-06


DD  step 239999 load imb.: force 17.6%  pme mesh/force 0.274
           Step           Time
         240000      480.00000

   Energies (kJ/mol)
           Bond            U-B    Proper Dih.  Improper Dih.      CMAP Dih.
    6.29563e+03    1.82347e+04    1.16574e+04    1.05744e+03   -2.44639e+03
          LJ-14     Coulomb-14        LJ (SR)   Coulomb (SR)   Coul. recip.
    5.71417e+03    1.12597e+05    2.40670e+05   -1.81308e+06    4.57063e+03
 Position Rest.      Potential    Kinetic En.   Total Energy  Conserved En.
    2.09295e+03   -1.41263e+06    2.36488e+05   -1.17614e+06   -1.16411e+06
    Temperature Pressure (bar)   Constr. rmsd
    3.00328e+02    5.23050e+01    2.98375e-06

           Step           Time
         240500      481.00000

   Energies (kJ/mol)
           Bond            U-B    Proper Dih.  Improper Dih.      CMAP Dih.
    6.28055e+03    1.86679e+04    1.16238e+04    1.06620e+03   -2.47718e+03
          LJ-14     Coulomb-14        LJ (SR)   Coulomb (SR)   Coul. recip.
    5.72739e+03    1.12471e+05    2.40132e+05   -1.81020e+06    4.71763e+03
 Position Rest.      Potential    Kinetic En.   Total Energy  Conserved En.
    2.05933e+03   -1.40993e+06    2.37987e+05   -1.17195e+06   -1.16411e+06
    Temperature Pressure (bar)   Constr. rmsd
    3.02231e+02   -1.20617e+02    3.47200e-06

           Step           Time
         241000      482.00000

   Energies (kJ/mol)
           Bond            U-B    Proper Dih.  Improper Dih.      CMAP Dih.
    6.11731e+03    1.82420e+04    1.16839e+04    1.01208e+03   -2.47139e+03
          LJ-14     Coulomb-14        LJ (SR)   Coulomb (SR)   Coul. recip.
    5.71143e+03    1.12438e+05    2.40337e+05   -1.81206e+06    4.59871e+03
 Position Rest.      Potential    Kinetic En.   Total Energy  Conserved En.
    2.07606e+03   -1.41232e+06    2.34596e+05   -1.17772e+06   -1.16409e+06
    Temperature Pressure (bar)   Constr. rmsd
    2.97925e+02   -3.85360e+01    3.06857e-06

           Step           Time
         241500      483.00000

   Energies (kJ/mol)
           Bond            U-B    Proper Dih.  Improper Dih.      CMAP Dih.
    6.37126e+03    1.79848e+04    1.15984e+04    1.08440e+03   -2.46872e+03
          LJ-14     Coulomb-14        LJ (SR)   Coulomb (SR)   Coul. recip.
    5.65387e+03    1.12770e+05    2.40855e+05   -1.81122e+06    4.57490e+03
 Position Rest.      Potential    Kinetic En.   Total Energy  Conserved En.
    2.02601e+03   -1.41078e+06    2.36113e+05   -1.17466e+06   -1.16407e+06
    Temperature Pressure (bar)   Constr. rmsd
    2.99851e+02   -7.49993e+01    3.23580e-06


DD  step 241999 load imb.: force 16.8%  pme mesh/force 0.281
           Step           Time
         242000      484.00000

   Energies (kJ/mol)
           Bond            U-B    Proper Dih.  Improper Dih.      CMAP Dih.
    6.27385e+03    1.82971e+04    1.16619e+04    1.10883e+03   -2.47233e+03
          LJ-14     Coulomb-14        LJ (SR)   Coulomb (SR)   Coul. recip.
    5.60058e+03    1.12867e+05    2.39683e+05   -1.80874e+06    4.67583e+03
 Position Rest.      Potential    Kinetic En.   Total Energy  Conserved En.
    2.09811e+03   -1.40895e+06    2.35875e+05   -1.17307e+06   -1.16405e+06
    Temperature Pressure (bar)   Constr. rmsd
    2.99549e+02   -1.18688e+02    2.99518e-06

           Step           Time
         242500      485.00000

   Energies (kJ/mol)
           Bond            U-B    Proper Dih.  Improper Dih.      CMAP Dih.
    6.13793e+03    1.82941e+04    1.16892e+04    1.07496e+03   -2.47927e+03
          LJ-14     Coulomb-14        LJ (SR)   Coulomb (SR)   Coul. recip.
    5.72092e+03    1.12426e+05    2.40836e+05   -1.81244e+06    4.47367e+03
 Position Rest.      Potential    Kinetic En.   Total Energy  Conserved En.
    2.10736e+03   -1.41216e+06    2.36587e+05   -1.17558e+06   -1.16402e+06
    Temperature Pressure (bar)   Constr. rmsd
    3.00453e+02    3.47188e+01    3.11437e-06

           Step           Time
         243000      486.00000

   Energies (kJ/mol)
           Bond            U-B    Proper Dih.  Improper Dih.      CMAP Dih.
    6.41144e+03    1.82830e+04    1.16771e+04    1.05972e+03   -2.40688e+03
          LJ-14     Coulomb-14        LJ (SR)   Coulomb (SR)   Coul. recip.
    5.67489e+03    1.12609e+05    2.40598e+05   -1.81066e+06    4.56341e+03
 Position Rest.      Potential    Kinetic En.   Total Energy  Conserved En.
    2.12184e+03   -1.41007e+06    2.36008e+05   -1.17406e+06   -1.16398e+06
    Temperature Pressure (bar)   Constr. rmsd
    2.99718e+02    1.83796e+01    3.10065e-06

           Step           Time
         243500      487.00000

   Energies (kJ/mol)
           Bond            U-B    Proper Dih.  Improper Dih.      CMAP Dih.
    6.14753e+03    1.80530e+04    1.16205e+04    1.09148e+03   -2.44442e+03
          LJ-14     Coulomb-14        LJ (SR)   Coulomb (SR)   Coul. recip.
    5.68343e+03    1.12524e+05    2.41533e+05   -1.81330e+06    4.65700e+03
 Position Rest.      Potential    Kinetic En.   Total Energy  Conserved En.
    2.00694e+03   -1.41243e+06    2.35324e+05   -1.17710e+06   -1.16398e+06
    Temperature Pressure (bar)   Constr. rmsd
    2.98849e+02    1.68753e+02    3.06581e-06


DD  step 243999 load imb.: force 17.1%  pme mesh/force 0.270
           Step           Time
         244000      488.00000

   Energies (kJ/mol)
           Bond            U-B    Proper Dih.  Improper Dih.      CMAP Dih.
    6.01592e+03    1.83498e+04    1.15278e+04    1.02605e+03   -2.44914e+03
          LJ-14     Coulomb-14        LJ (SR)   Coulomb (SR)   Coul. recip.
    5.73506e+03    1.12986e+05    2.40909e+05   -1.81498e+06    4.61310e+03
 Position Rest.      Potential    Kinetic En.   Total Energy  Conserved En.
    2.09961e+03   -1.41417e+06    2.35295e+05   -1.17888e+06   -1.16393e+06
    Temperature Pressure (bar)   Constr. rmsd
    2.98812e+02   -2.60642e+01    3.06884e-06

           Step           Time
         244500      489.00000

   Energies (kJ/mol)
           Bond            U-B    Proper Dih.  Improper Dih.      CMAP Dih.
    6.31326e+03    1.81546e+04    1.16649e+04    1.09999e+03   -2.53808e+03
          LJ-14     Coulomb-14        LJ (SR)   Coulomb (SR)   Coul. recip.
    5.73750e+03    1.12657e+05    2.40858e+05   -1.81108e+06    4.62955e+03
 Position Rest.      Potential    Kinetic En.   Total Energy  Conserved En.
    2.00550e+03   -1.41050e+06    2.36539e+05   -1.17396e+06   -1.16396e+06
    Temperature Pressure (bar)   Constr. rmsd
    3.00393e+02   -7.60749e+01    3.04430e-06

           Step           Time
         245000      490.00000

   Energies (kJ/mol)
           Bond            U-B    Proper Dih.  Improper Dih.      CMAP Dih.
    6.35019e+03    1.81733e+04    1.15452e+04    1.06993e+03   -2.48719e+03
          LJ-14     Coulomb-14        LJ (SR)   Coulomb (SR)   Coul. recip.
    5.62283e+03    1.12359e+05    2.40183e+05   -1.81077e+06    4.65566e+03
 Position Rest.      Potential    Kinetic En.   Total Energy  Conserved En.
    2.07583e+03   -1.41122e+06    2.35894e+05   -1.17533e+06   -1.16393e+06
    Temperature Pressure (bar)   Constr. rmsd
    2.99573e+02   -9.82562e+00    3.15197e-06

           Step           Time
         245500      491.00000

   Energies (kJ/mol)
           Bond            U-B    Proper Dih.  Improper Dih.      CMAP Dih.
    6.38593e+03    1.80964e+04    1.15949e+04    1.07464e+03   -2.49117e+03
          LJ-14     Coulomb-14        LJ (SR)   Coulomb (SR)   Coul. recip.
    5.67525e+03    1.12903e+05    2.38435e+05   -1.80922e+06    4.63150e+03
 Position Rest.      Potential    Kinetic En.   Total Energy  Conserved En.
    2.04062e+03   -1.41088e+06    2.33764e+05   -1.17711e+06   -1.16388e+06
    Temperature Pressure (bar)   Constr. rmsd
    2.96868e+02   -2.44540e+02    3.24661e-06


DD  step 245999 load imb.: force 16.0%  pme mesh/force 0.260
           Step           Time
         246000      492.00000

   Energies (kJ/mol)
           Bond            U-B    Proper Dih.  Improper Dih.      CMAP Dih.
    6.24286e+03    1.85042e+04    1.15669e+04    1.04738e+03   -2.47976e+03
          LJ-14     Coulomb-14        LJ (SR)   Coulomb (SR)   Coul. recip.
    5.70382e+03    1.12388e+05    2.39845e+05   -1.80958e+06    4.60107e+03
 Position Rest.      Potential    Kinetic En.   Total Energy  Conserved En.
    1.96429e+03   -1.41019e+06    2.36610e+05   -1.17358e+06   -1.16392e+06
    Temperature Pressure (bar)   Constr. rmsd
    3.00482e+02    3.07731e+01    3.12371e-06

           Step           Time
         246500      493.00000

   Energies (kJ/mol)
           Bond            U-B    Proper Dih.  Improper Dih.      CMAP Dih.
    6.18223e+03    1.84458e+04    1.16120e+04    1.07883e+03   -2.42347e+03
          LJ-14     Coulomb-14        LJ (SR)   Coulomb (SR)   Coul. recip.
    5.82136e+03    1.12569e+05    2.41182e+05   -1.81107e+06    4.66942e+03
 Position Rest.      Potential    Kinetic En.   Total Energy  Conserved En.
    1.98010e+03   -1.40995e+06    2.36052e+05   -1.17390e+06   -1.16386e+06
    Temperature Pressure (bar)   Constr. rmsd
    2.99774e+02    1.25589e+02    3.11694e-06

           Step           Time
         247000      494.00000

   Energies (kJ/mol)
           Bond            U-B    Proper Dih.  Improper Dih.      CMAP Dih.
    6.03244e+03    1.81085e+04    1.16051e+04    1.06327e+03   -2.44192e+03
          LJ-14     Coulomb-14        LJ (SR)   Coulomb (SR)   Coul. recip.
    5.72009e+03    1.12787e+05    2.41149e+05   -1.81152e+06    4.59678e+03
 Position Rest.      Potential    Kinetic En.   Total Energy  Conserved En.
    2.05290e+03   -1.41085e+06    2.36592e+05   -1.17425e+06   -1.16386e+06
    Temperature Pressure (bar)   Constr. rmsd
    3.00460e+02    1.11984e+01    3.23266e-06

           Step           Time
         247500      495.00000

   Energies (kJ/mol)
           Bond            U-B    Proper Dih.  Improper Dih.      CMAP Dih.
    6.09869e+03    1.82431e+04    1.14990e+04    1.06850e+03   -2.51138e+03
          LJ-14     Coulomb-14        LJ (SR)   Coulomb (SR)   Coul. recip.
    5.66918e+03    1.12867e+05    2.39490e+05   -1.80964e+06    4.62408e+03
 Position Rest.      Potential    Kinetic En.   Total Energy  Conserved En.
    2.00560e+03   -1.41058e+06    2.37328e+05   -1.17325e+06   -1.16388e+06
    Temperature Pressure (bar)   Constr. rmsd
    3.01395e+02    5.38071e+01    3.04688e-06


DD  step 247999 load imb.: force 17.1%  pme mesh/force 0.266
           Step           Time
         248000      496.00000

   Energies (kJ/mol)
           Bond            U-B    Proper Dih.  Improper Dih.      CMAP Dih.
    6.08492e+03    1.81805e+04    1.14372e+04    1.11008e+03   -2.42703e+03
          LJ-14     Coulomb-14        LJ (SR)   Coulomb (SR)   Coul. recip.
    5.77829e+03    1.12708e+05    2.39319e+05   -1.80971e+06    4.59767e+03
 Position Rest.      Potential    Kinetic En.   Total Energy  Conserved En.
    1.98752e+03   -1.41094e+06    2.36616e+05   -1.17432e+06   -1.16383e+06
    Temperature Pressure (bar)   Constr. rmsd
    3.00490e+02   -4.25968e+01    3.00237e-06

           Step           Time
         248500      497.00000

   Energies (kJ/mol)
           Bond            U-B    Proper Dih.  Improper Dih.      CMAP Dih.
    6.21249e+03    1.77795e+04    1.16312e+04    1.05397e+03   -2.45673e+03
          LJ-14     Coulomb-14        LJ (SR)   Coulomb (SR)   Coul. recip.
    5.68048e+03    1.12982e+05    2.40021e+05   -1.81080e+06    4.64983e+03
 Position Rest.      Potential    Kinetic En.   Total Energy  Conserved En.
    2.06247e+03   -1.41118e+06    2.36508e+05   -1.17467e+06   -1.16381e+06
    Temperature Pressure (bar)   Constr. rmsd
    3.00353e+02    3.74441e+01    3.11551e-06

Writing checkpoint, step 248960 at Mon Oct  5 05:39:19 2020


           Step           Time
         249000      498.00000

   Energies (kJ/mol)
           Bond            U-B    Proper Dih.  Improper Dih.      CMAP Dih.
    6.22408e+03    1.83346e+04    1.15106e+04    1.01089e+03   -2.45028e+03
          LJ-14     Coulomb-14        LJ (SR)   Coulomb (SR)   Coul. recip.
    5.74489e+03    1.12254e+05    2.39102e+05   -1.80847e+06    4.63850e+03
 Position Rest.      Potential    Kinetic En.   Total Energy  Conserved En.
    2.01120e+03   -1.41009e+06    2.36352e+05   -1.17374e+06   -1.16379e+06
    Temperature Pressure (bar)   Constr. rmsd
    3.00154e+02   -1.40093e+02    3.29528e-06

           Step           Time
         249500      499.00000

   Energies (kJ/mol)
           Bond            U-B    Proper Dih.  Improper Dih.      CMAP Dih.
    6.35344e+03    1.79407e+04    1.16746e+04    1.11799e+03   -2.53137e+03
          LJ-14     Coulomb-14        LJ (SR)   Coulomb (SR)   Coul. recip.
    5.79924e+03    1.12962e+05    2.41259e+05   -1.81031e+06    4.64011e+03
 Position Rest.      Potential    Kinetic En.   Total Energy  Conserved En.
    2.07642e+03   -1.40902e+06    2.36765e+05   -1.17225e+06   -1.16375e+06
    Temperature Pressure (bar)   Constr. rmsd
    3.00680e+02    1.15775e+02    3.02866e-06


DD  step 249999 load imb.: force 17.5%  pme mesh/force 0.263
           Step           Time
         250000      500.00000

   Energies (kJ/mol)
           Bond            U-B    Proper Dih.  Improper Dih.      CMAP Dih.
    6.35492e+03    1.79033e+04    1.15346e+04    1.13184e+03   -2.49114e+03
          LJ-14     Coulomb-14        LJ (SR)   Coulomb (SR)   Coul. recip.
    5.72051e+03    1.13081e+05    2.40469e+05   -1.81180e+06    4.69368e+03
 Position Rest.      Potential    Kinetic En.   Total Energy  Conserved En.
    1.96111e+03   -1.41144e+06    2.36697e+05   -1.17474e+06   -1.16375e+06
    Temperature Pressure (bar)   Constr. rmsd
    3.00593e+02   -4.69872e+01    2.93718e-06

           Step           Time
         250500      501.00000

   Energies (kJ/mol)
           Bond            U-B    Proper Dih.  Improper Dih.      CMAP Dih.
    6.06544e+03    1.81083e+04    1.16152e+04    1.06594e+03   -2.43736e+03
          LJ-14     Coulomb-14        LJ (SR)   Coulomb (SR)   Coul. recip.
    5.77780e+03    1.12866e+05    2.40766e+05   -1.81191e+06    4.46236e+03
 Position Rest.      Potential    Kinetic En.   Total Energy  Conserved En.
    2.08636e+03   -1.41153e+06    2.36208e+05   -1.17532e+06   -1.16371e+06
    Temperature Pressure (bar)   Constr. rmsd
    2.99973e+02    3.01840e+01    3.10164e-06

           Step           Time
         251000      502.00000

   Energies (kJ/mol)
           Bond            U-B    Proper Dih.  Improper Dih.      CMAP Dih.
    5.93420e+03    1.80164e+04    1.15915e+04    1.09826e+03   -2.44735e+03
          LJ-14     Coulomb-14        LJ (SR)   Coulomb (SR)   Coul. recip.
    5.72697e+03    1.13307e+05    2.41379e+05   -1.81314e+06    4.64459e+03
 Position Rest.      Potential    Kinetic En.   Total Energy  Conserved En.
    2.03226e+03   -1.41186e+06    2.34213e+05   -1.17764e+06   -1.16368e+06
    Temperature Pressure (bar)   Constr. rmsd
    2.97438e+02    1.39601e+02    2.92369e-06

           Step           Time
         251500      503.00000

   Energies (kJ/mol)
           Bond            U-B    Proper Dih.  Improper Dih.      CMAP Dih.
    6.27559e+03    1.80924e+04    1.15888e+04    1.09215e+03   -2.41556e+03
          LJ-14     Coulomb-14        LJ (SR)   Coulomb (SR)   Coul. recip.
    5.66014e+03    1.12654e+05    2.37710e+05   -1.80781e+06    4.67981e+03
 Position Rest.      Potential    Kinetic En.   Total Energy  Conserved En.
    2.08512e+03   -1.41038e+06    2.37109e+05   -1.17327e+06   -1.16371e+06
    Temperature Pressure (bar)   Constr. rmsd
    3.01117e+02   -2.14814e+02    3.01299e-06


DD  step 251999 load imb.: force 17.1%  pme mesh/force 0.265
           Step           Time
         252000      504.00000

   Energies (kJ/mol)
           Bond            U-B    Proper Dih.  Improper Dih.      CMAP Dih.
    6.19781e+03    1.82396e+04    1.15984e+04    1.12775e+03   -2.46254e+03
          LJ-14     Coulomb-14        LJ (SR)   Coulomb (SR)   Coul. recip.
    5.78748e+03    1.12809e+05    2.39506e+05   -1.81008e+06    4.48485e+03
 Position Rest.      Potential    Kinetic En.   Total Energy  Conserved En.
    2.03036e+03   -1.41076e+06    2.36960e+05   -1.17380e+06   -1.16365e+06
    Temperature Pressure (bar)   Constr. rmsd
    3.00927e+02   -1.95436e+02    3.17132e-06

           Step           Time
         252500      505.00000

   Energies (kJ/mol)
           Bond            U-B    Proper Dih.  Improper Dih.      CMAP Dih.
    6.27610e+03    1.80808e+04    1.15327e+04    1.03493e+03   -2.40273e+03
          LJ-14     Coulomb-14        LJ (SR)   Coulomb (SR)   Coul. recip.
    5.66902e+03    1.12919e+05    2.40995e+05   -1.81268e+06    4.57880e+03
 Position Rest.      Potential    Kinetic En.   Total Energy  Conserved En.
    2.02946e+03   -1.41197e+06    2.35431e+05   -1.17654e+06   -1.16360e+06
    Temperature Pressure (bar)   Constr. rmsd
    2.98986e+02    8.17647e+00    2.97709e-06

           Step           Time
         253000      506.00000

   Energies (kJ/mol)
           Bond            U-B    Proper Dih.  Improper Dih.      CMAP Dih.
    6.29639e+03    1.82622e+04    1.17416e+04    1.09934e+03   -2.46768e+03
          LJ-14     Coulomb-14        LJ (SR)   Coulomb (SR)   Coul. recip.
    5.84311e+03    1.12820e+05    2.40078e+05   -1.81070e+06    4.57959e+03
 Position Rest.      Potential    Kinetic En.   Total Energy  Conserved En.
    2.01834e+03   -1.41043e+06    2.36133e+05   -1.17430e+06   -1.16355e+06
    Temperature Pressure (bar)   Constr. rmsd
    2.99876e+02    1.27649e+02    3.16765e-06

           Step           Time
         253500      507.00000

   Energies (kJ/mol)
           Bond            U-B    Proper Dih.  Improper Dih.      CMAP Dih.
    6.28194e+03    1.77596e+04    1.13169e+04    9.99889e+02   -2.37548e+03
          LJ-14     Coulomb-14        LJ (SR)   Coulomb (SR)   Coul. recip.
    5.74774e+03    1.12965e+05    2.37869e+05   -1.80735e+06    4.68568e+03
 Position Rest.      Potential    Kinetic En.   Total Energy  Conserved En.
    2.01740e+03   -1.41008e+06    2.35832e+05   -1.17425e+06   -1.16359e+06
    Temperature Pressure (bar)   Constr. rmsd
    2.99494e+02   -7.09218e+01    3.17346e-06


DD  step 253999 load imb.: force 17.1%  pme mesh/force 0.261
           Step           Time
         254000      508.00000

   Energies (kJ/mol)
           Bond            U-B    Proper Dih.  Improper Dih.      CMAP Dih.
    6.32750e+03    1.79819e+04    1.17137e+04    1.14321e+03   -2.49378e+03
          LJ-14     Coulomb-14        LJ (SR)   Coulomb (SR)   Coul. recip.
    5.60468e+03    1.12839e+05    2.40728e+05   -1.81138e+06    4.54285e+03
 Position Rest.      Potential    Kinetic En.   Total Energy  Conserved En.
    1.90090e+03   -1.41110e+06    2.37097e+05   -1.17400e+06   -1.16355e+06
    Temperature Pressure (bar)   Constr. rmsd
    3.01101e+02   -5.19888e+00    3.19391e-06

           Step           Time
         254500      509.00000

   Energies (kJ/mol)
           Bond            U-B    Proper Dih.  Improper Dih.      CMAP Dih.
    6.10350e+03    1.81778e+04    1.15618e+04    1.08670e+03   -2.50506e+03
          LJ-14     Coulomb-14        LJ (SR)   Coulomb (SR)   Coul. recip.
    5.74700e+03    1.12584e+05    2.39867e+05   -1.81108e+06    4.60936e+03
 Position Rest.      Potential    Kinetic En.   Total Energy  Conserved En.
    1.96239e+03   -1.41188e+06    2.36355e+05   -1.17553e+06   -1.16354e+06
    Temperature Pressure (bar)   Constr. rmsd
    3.00159e+02    3.76367e+01    3.14165e-06

           Step           Time
         255000      510.00000

   Energies (kJ/mol)
           Bond            U-B    Proper Dih.  Improper Dih.      CMAP Dih.
    6.23610e+03    1.79886e+04    1.16827e+04    1.10657e+03   -2.48153e+03
          LJ-14     Coulomb-14        LJ (SR)   Coulomb (SR)   Coul. recip.
    5.60991e+03    1.12947e+05    2.41823e+05   -1.81281e+06    4.53106e+03
 Position Rest.      Potential    Kinetic En.   Total Energy  Conserved En.
    1.92267e+03   -1.41145e+06    2.36237e+05   -1.17521e+06   -1.16350e+06
    Temperature Pressure (bar)   Constr. rmsd
    3.00008e+02    1.35382e+02    3.13577e-06

           Step           Time
         255500      511.00000

   Energies (kJ/mol)
           Bond            U-B    Proper Dih.  Improper Dih.      CMAP Dih.
    6.30882e+03    1.82679e+04    1.14967e+04    1.10399e+03   -2.37452e+03
          LJ-14     Coulomb-14        LJ (SR)   Coulomb (SR)   Coul. recip.
    5.80328e+03    1.12681e+05    2.40038e+05   -1.81161e+06    4.69574e+03
 Position Rest.      Potential    Kinetic En.   Total Energy  Conserved En.
    2.06686e+03   -1.41152e+06    2.36863e+05   -1.17466e+06   -1.16345e+06
    Temperature Pressure (bar)   Constr. rmsd
    3.00804e+02    5.48812e+01    3.19792e-06


DD  step 255999 load imb.: force 17.7%  pme mesh/force 0.278
           Step           Time
         256000      512.00000

   Energies (kJ/mol)
           Bond            U-B    Proper Dih.  Improper Dih.      CMAP Dih.
    6.01199e+03    1.83553e+04    1.15654e+04    1.09330e+03   -2.39186e+03
          LJ-14     Coulomb-14        LJ (SR)   Coulomb (SR)   Coul. recip.
    5.72009e+03    1.12912e+05    2.41576e+05   -1.81298e+06    4.65220e+03
 Position Rest.      Potential    Kinetic En.   Total Energy  Conserved En.
    1.99621e+03   -1.41149e+06    2.37288e+05   -1.17421e+06   -1.16343e+06
    Temperature Pressure (bar)   Constr. rmsd
    3.01344e+02    1.52921e+02    2.99942e-06

           Step           Time
         256500      513.00000

   Energies (kJ/mol)
           Bond            U-B    Proper Dih.  Improper Dih.      CMAP Dih.
    6.12220e+03    1.79024e+04    1.17240e+04    1.11329e+03   -2.45291e+03
          LJ-14     Coulomb-14        LJ (SR)   Coulomb (SR)   Coul. recip.
    5.78100e+03    1.12713e+05    2.39292e+05   -1.80899e+06    4.51741e+03
 Position Rest.      Potential    Kinetic En.   Total Energy  Conserved En.
    2.04962e+03   -1.41023e+06    2.35257e+05   -1.17497e+06   -1.16347e+06
    Temperature Pressure (bar)   Constr. rmsd
    2.98764e+02    1.70518e+01    3.26570e-06

           Step           Time
         257000      514.00000

   Energies (kJ/mol)
           Bond            U-B    Proper Dih.  Improper Dih.      CMAP Dih.
    6.18636e+03    1.83275e+04    1.15320e+04    1.08627e+03   -2.42652e+03
          LJ-14     Coulomb-14        LJ (SR)   Coulomb (SR)   Coul. recip.
    5.72998e+03    1.13097e+05    2.39368e+05   -1.80968e+06    4.61208e+03
 Position Rest.      Potential    Kinetic En.   Total Energy  Conserved En.
    1.98879e+03   -1.41018e+06    2.37043e+05   -1.17313e+06   -1.16344e+06
    Temperature Pressure (bar)   Constr. rmsd
    3.01033e+02    5.49918e+01    3.06646e-06

           Step           Time
         257500      515.00000

   Energies (kJ/mol)
           Bond            U-B    Proper Dih.  Improper Dih.      CMAP Dih.
    6.31421e+03    1.79855e+04    1.16481e+04    1.14794e+03   -2.45197e+03
          LJ-14     Coulomb-14        LJ (SR)   Coulomb (SR)   Coul. recip.
    5.68571e+03    1.12644e+05    2.38119e+05   -1.80941e+06    4.55983e+03
 Position Rest.      Potential    Kinetic En.   Total Energy  Conserved En.
    1.97048e+03   -1.41179e+06    2.36458e+05   -1.17533e+06   -1.16340e+06
    Temperature Pressure (bar)   Constr. rmsd
    3.00289e+02   -1.38811e+02    3.15481e-06


DD  step 257999 load imb.: force 17.1%  pme mesh/force 0.281
           Step           Time
         258000      516.00000

   Energies (kJ/mol)
           Bond            U-B    Proper Dih.  Improper Dih.      CMAP Dih.
    6.28109e+03    1.81783e+04    1.15658e+04    1.08052e+03   -2.47896e+03
          LJ-14     Coulomb-14        LJ (SR)   Coulomb (SR)   Coul. recip.
    5.65262e+03    1.13022e+05    2.41043e+05   -1.81178e+06    4.68454e+03
 Position Rest.      Potential    Kinetic En.   Total Energy  Conserved En.
    2.03245e+03   -1.41072e+06    2.36554e+05   -1.17417e+06   -1.16340e+06
    Temperature Pressure (bar)   Constr. rmsd
    3.00411e+02   -5.74989e+00    3.01312e-06

           Step           Time
         258500      517.00000

   Energies (kJ/mol)
           Bond            U-B    Proper Dih.  Improper Dih.      CMAP Dih.
    6.11084e+03    1.80863e+04    1.16554e+04    1.02179e+03   -2.44504e+03
          LJ-14     Coulomb-14        LJ (SR)   Coulomb (SR)   Coul. recip.
    5.65695e+03    1.12625e+05    2.36243e+05   -1.80599e+06    4.69548e+03
 Position Rest.      Potential    Kinetic En.   Total Energy  Conserved En.
    1.98254e+03   -1.41036e+06    2.36497e+05   -1.17386e+06   -1.16339e+06
    Temperature Pressure (bar)   Constr. rmsd
    3.00340e+02   -2.63631e+02    3.14555e-06

           Step           Time
         259000      518.00000

   Energies (kJ/mol)
           Bond            U-B    Proper Dih.  Improper Dih.      CMAP Dih.
    6.26090e+03    1.80205e+04    1.15855e+04    1.07122e+03   -2.48458e+03
          LJ-14     Coulomb-14        LJ (SR)   Coulomb (SR)   Coul. recip.
    5.78533e+03    1.12732e+05    2.40004e+05   -1.81119e+06    4.55869e+03
 Position Rest.      Potential    Kinetic En.   Total Energy  Conserved En.
    2.03659e+03   -1.41162e+06    2.35610e+05   -1.17601e+06   -1.16334e+06
    Temperature Pressure (bar)   Constr. rmsd
    2.99213e+02   -1.05596e+02    2.99119e-06

           Step           Time
         259500      519.00000

   Energies (kJ/mol)
           Bond            U-B    Proper Dih.  Improper Dih.      CMAP Dih.
    6.38247e+03    1.84633e+04    1.15963e+04    1.10522e+03   -2.45025e+03
          LJ-14     Coulomb-14        LJ (SR)   Coulomb (SR)   Coul. recip.
    5.70963e+03    1.12680e+05    2.40281e+05   -1.81049e+06    4.63297e+03
 Position Rest.      Potential    Kinetic En.   Total Energy  Conserved En.
    2.01658e+03   -1.41008e+06    2.36738e+05   -1.17334e+06   -1.16327e+06
    Temperature Pressure (bar)   Constr. rmsd
    3.00645e+02    6.09424e+01    3.06706e-06


DD  step 259999 load imb.: force 17.2%  pme mesh/force 0.263
           Step           Time
         260000      520.00000

   Energies (kJ/mol)
           Bond            U-B    Proper Dih.  Improper Dih.      CMAP Dih.
    6.27854e+03    1.80877e+04    1.14396e+04    1.08691e+03   -2.45995e+03
          LJ-14     Coulomb-14        LJ (SR)   Coulomb (SR)   Coul. recip.
    5.76197e+03    1.12654e+05    2.38791e+05   -1.80845e+06    4.75411e+03
 Position Rest.      Potential    Kinetic En.   Total Energy  Conserved En.
    1.97081e+03   -1.41009e+06    2.36699e+05   -1.17339e+06   -1.16330e+06
    Temperature Pressure (bar)   Constr. rmsd
    3.00595e+02   -1.24277e+02    3.03625e-06

           Step           Time
         260500      521.00000

   Energies (kJ/mol)
           Bond            U-B    Proper Dih.  Improper Dih.      CMAP Dih.
    6.24058e+03    1.80912e+04    1.15989e+04    1.10140e+03   -2.45020e+03
          LJ-14     Coulomb-14        LJ (SR)   Coulomb (SR)   Coul. recip.
    5.77187e+03    1.12657e+05    2.41780e+05   -1.81365e+06    4.58496e+03
 Position Rest.      Potential    Kinetic En.   Total Energy  Conserved En.
    1.99917e+03   -1.41228e+06    2.36411e+05   -1.17587e+06   -1.16327e+06
    Temperature Pressure (bar)   Constr. rmsd
    3.00230e+02    2.23668e+02    3.09777e-06

           Step           Time
         261000      522.00000

   Energies (kJ/mol)
           Bond            U-B    Proper Dih.  Improper Dih.      CMAP Dih.
    6.08227e+03    1.81507e+04    1.16628e+04    1.02963e+03   -2.49209e+03
          LJ-14     Coulomb-14        LJ (SR)   Coulomb (SR)   Coul. recip.
    5.69047e+03    1.12913e+05    2.42207e+05   -1.81495e+06    4.54608e+03
 Position Rest.      Potential    Kinetic En.   Total Energy  Conserved En.
    1.97168e+03   -1.41319e+06    2.35748e+05   -1.17744e+06   -1.16324e+06
    Temperature Pressure (bar)   Constr. rmsd
    2.99388e+02    8.62054e+01    3.11167e-06

           Step           Time
         261500      523.00000

   Energies (kJ/mol)
           Bond            U-B    Proper Dih.  Improper Dih.      CMAP Dih.
    6.31939e+03    1.80438e+04    1.16021e+04    1.11748e+03   -2.39580e+03
          LJ-14     Coulomb-14        LJ (SR)   Coulomb (SR)   Coul. recip.
    5.76996e+03    1.13019e+05    2.42703e+05   -1.81342e+06    4.70617e+03
 Position Rest.      Potential    Kinetic En.   Total Energy  Conserved En.
    2.04071e+03   -1.41049e+06    2.37557e+05   -1.17293e+06   -1.16324e+06
    Temperature Pressure (bar)   Constr. rmsd
    3.01686e+02    7.46703e+01    3.29932e-06


DD  step 261999 load imb.: force 18.0%  pme mesh/force 0.277
           Step           Time
         262000      524.00000

   Energies (kJ/mol)
           Bond            U-B    Proper Dih.  Improper Dih.      CMAP Dih.
    6.08847e+03    1.81934e+04    1.16328e+04    1.08930e+03   -2.39146e+03
          LJ-14     Coulomb-14        LJ (SR)   Coulomb (SR)   Coul. recip.
    5.75341e+03    1.12835e+05    2.40439e+05   -1.80981e+06    4.61180e+03
 Position Rest.      Potential    Kinetic En.   Total Energy  Conserved En.
    2.02175e+03   -1.40953e+06    2.36824e+05   -1.17271e+06   -1.16323e+06
    Temperature Pressure (bar)   Constr. rmsd
    3.00755e+02    8.76412e+01    3.11814e-06

           Step           Time
         262500      525.00000

   Energies (kJ/mol)
           Bond            U-B    Proper Dih.  Improper Dih.      CMAP Dih.
    6.26368e+03    1.84282e+04    1.14511e+04    1.12536e+03   -2.51412e+03
          LJ-14     Coulomb-14        LJ (SR)   Coulomb (SR)   Coul. recip.
    5.74801e+03    1.12662e+05    2.40724e+05   -1.81163e+06    4.72413e+03
 Position Rest.      Potential    Kinetic En.   Total Energy  Conserved En.
    2.08176e+03   -1.41093e+06    2.37133e+05   -1.17380e+06   -1.16319e+06
    Temperature Pressure (bar)   Constr. rmsd
    3.01146e+02    8.14288e+01    3.15274e-06

           Step           Time
         263000      526.00000

   Energies (kJ/mol)
           Bond            U-B    Proper Dih.  Improper Dih.      CMAP Dih.
    6.27552e+03    1.80269e+04    1.15651e+04    1.06175e+03   -2.51153e+03
          LJ-14     Coulomb-14        LJ (SR)   Coulomb (SR)   Coul. recip.
    5.72433e+03    1.12587e+05    2.39871e+05   -1.81020e+06    4.63895e+03
 Position Rest.      Potential    Kinetic En.   Total Energy  Conserved En.
    2.00498e+03   -1.41095e+06    2.35977e+05   -1.17498e+06   -1.16319e+06
    Temperature Pressure (bar)   Constr. rmsd
    2.99679e+02   -8.03572e+01    3.17445e-06

           Step           Time
         263500      527.00000

   Energies (kJ/mol)
           Bond            U-B    Proper Dih.  Improper Dih.      CMAP Dih.
    6.27829e+03    1.82003e+04    1.15531e+04    1.00993e+03   -2.50318e+03
          LJ-14     Coulomb-14        LJ (SR)   Coulomb (SR)   Coul. recip.
    5.79621e+03    1.12854e+05    2.39208e+05   -1.80990e+06    4.61121e+03
 Position Rest.      Potential    Kinetic En.   Total Energy  Conserved En.
    1.99000e+03   -1.41090e+06    2.34684e+05   -1.17622e+06   -1.16313e+06
    Temperature Pressure (bar)   Constr. rmsd
    2.98037e+02   -9.93148e+01    3.13255e-06


DD  step 263999 load imb.: force 17.5%  pme mesh/force 0.263
           Step           Time
         264000      528.00000

   Energies (kJ/mol)
           Bond            U-B    Proper Dih.  Improper Dih.      CMAP Dih.
    6.08828e+03    1.80796e+04    1.16165e+04    1.02131e+03   -2.47533e+03
          LJ-14     Coulomb-14        LJ (SR)   Coulomb (SR)   Coul. recip.
    5.70872e+03    1.12703e+05    2.39191e+05   -1.80974e+06    4.59885e+03
 Position Rest.      Potential    Kinetic En.   Total Energy  Conserved En.
    2.05624e+03   -1.41115e+06    2.37162e+05   -1.17399e+06   -1.16317e+06
    Temperature Pressure (bar)   Constr. rmsd
    3.01183e+02   -4.03359e+01    3.15858e-06

           Step           Time
         264500      529.00000

   Energies (kJ/mol)
           Bond            U-B    Proper Dih.  Improper Dih.      CMAP Dih.
    6.49151e+03    1.77970e+04    1.16567e+04    1.10746e+03   -2.53349e+03
          LJ-14     Coulomb-14        LJ (SR)   Coulomb (SR)   Coul. recip.
    5.73803e+03    1.12821e+05    2.39059e+05   -1.80981e+06    4.68946e+03
 Position Rest.      Potential    Kinetic En.   Total Energy  Conserved En.
    2.01529e+03   -1.41097e+06    2.37106e+05   -1.17387e+06   -1.16314e+06
    Temperature Pressure (bar)   Constr. rmsd
    3.01112e+02   -1.33257e+02    3.08114e-06

           Step           Time
         265000      530.00000

   Energies (kJ/mol)
           Bond            U-B    Proper Dih.  Improper Dih.      CMAP Dih.
    6.35138e+03    1.80976e+04    1.16417e+04    1.09576e+03   -2.35509e+03
          LJ-14     Coulomb-14        LJ (SR)   Coulomb (SR)   Coul. recip.
    5.73250e+03    1.12843e+05    2.39882e+05   -1.81068e+06    4.53603e+03
 Position Rest.      Potential    Kinetic En.   Total Energy  Conserved En.
    1.87980e+03   -1.41097e+06    2.38268e+05   -1.17271e+06   -1.16313e+06
    Temperature Pressure (bar)   Constr. rmsd
    3.02588e+02   -2.43797e+01    3.11324e-06

           Step           Time
         265500      531.00000

   Energies (kJ/mol)
           Bond            U-B    Proper Dih.  Improper Dih.      CMAP Dih.
    5.93538e+03    1.78797e+04    1.17018e+04    1.10428e+03   -2.42405e+03
          LJ-14     Coulomb-14        LJ (SR)   Coulomb (SR)   Coul. recip.
    5.70333e+03    1.13050e+05    2.40294e+05   -1.81230e+06    4.71446e+03
 Position Rest.      Potential    Kinetic En.   Total Energy  Conserved En.
    2.01364e+03   -1.41232e+06    2.36142e+05   -1.17618e+06   -1.16308e+06
    Temperature Pressure (bar)   Constr. rmsd
    2.99888e+02    4.09968e+01    3.15812e-06


DD  step 265999 load imb.: force 18.5%  pme mesh/force 0.270
           Step           Time
         266000      532.00000

   Energies (kJ/mol)
           Bond            U-B    Proper Dih.  Improper Dih.      CMAP Dih.
    5.89820e+03    1.83769e+04    1.17240e+04    9.77546e+02   -2.51378e+03
          LJ-14     Coulomb-14        LJ (SR)   Coulomb (SR)   Coul. recip.
    5.82505e+03    1.13217e+05    2.41991e+05   -1.81431e+06    4.49624e+03
 Position Rest.      Potential    Kinetic En.   Total Energy  Conserved En.
    1.99406e+03   -1.41233e+06    2.36914e+05   -1.17541e+06   -1.16304e+06
    Temperature Pressure (bar)   Constr. rmsd
    3.00868e+02    1.01042e+02    3.05558e-06

           Step           Time
         266500      533.00000

   Energies (kJ/mol)
           Bond            U-B    Proper Dih.  Improper Dih.      CMAP Dih.
    6.09173e+03    1.81941e+04    1.15386e+04    1.09299e+03   -2.51120e+03
          LJ-14     Coulomb-14        LJ (SR)   Coulomb (SR)   Coul. recip.
    5.67550e+03    1.12570e+05    2.41942e+05   -1.81436e+06    4.64131e+03
 Position Rest.      Potential    Kinetic En.   Total Energy  Conserved En.
    2.13147e+03   -1.41299e+06    2.35967e+05   -1.17702e+06   -1.16301e+06
    Temperature Pressure (bar)   Constr. rmsd
    2.99666e+02    8.23281e+01    3.10062e-06

           Step           Time
         267000      534.00000

   Energies (kJ/mol)
           Bond            U-B    Proper Dih.  Improper Dih.      CMAP Dih.
    6.20885e+03    1.79120e+04    1.15696e+04    1.00818e+03   -2.45816e+03
          LJ-14     Coulomb-14        LJ (SR)   Coulomb (SR)   Coul. recip.
    5.71598e+03    1.12941e+05    2.39357e+05   -1.81223e+06    4.52996e+03
 Position Rest.      Potential    Kinetic En.   Total Energy  Conserved En.
    2.02346e+03   -1.41343e+06    2.36313e+05   -1.17711e+06   -1.16302e+06
    Temperature Pressure (bar)   Constr. rmsd
    3.00105e+02   -6.71254e+01    3.13991e-06

           Step           Time
         267500      535.00000

   Energies (kJ/mol)
           Bond            U-B    Proper Dih.  Improper Dih.      CMAP Dih.
    6.11259e+03    1.81197e+04    1.16124e+04    1.06410e+03   -2.42620e+03
          LJ-14     Coulomb-14        LJ (SR)   Coulomb (SR)   Coul. recip.
    5.64321e+03    1.13231e+05    2.41313e+05   -1.81176e+06    4.49840e+03
 Position Rest.      Potential    Kinetic En.   Total Energy  Conserved En.
    1.97076e+03   -1.41062e+06    2.35778e+05   -1.17485e+06   -1.16298e+06
    Temperature Pressure (bar)   Constr. rmsd
    2.99425e+02    6.40323e+01    3.05774e-06


DD  step 267999 load imb.: force 16.3%  pme mesh/force 0.276
           Step           Time
         268000      536.00000

   Energies (kJ/mol)
           Bond            U-B    Proper Dih.  Improper Dih.      CMAP Dih.
    6.09872e+03    1.82754e+04    1.15798e+04    1.08191e+03   -2.40521e+03
          LJ-14     Coulomb-14        LJ (SR)   Coulomb (SR)   Coul. recip.
    5.76758e+03    1.12566e+05    2.41795e+05   -1.81297e+06    4.64002e+03
 Position Rest.      Potential    Kinetic En.   Total Energy  Conserved En.
    2.00550e+03   -1.41157e+06    2.37524e+05   -1.17405e+06   -1.16296e+06
    Temperature Pressure (bar)   Constr. rmsd
    3.01643e+02    1.24448e+02    3.21030e-06

           Step           Time
         268500      537.00000

   Energies (kJ/mol)
           Bond            U-B    Proper Dih.  Improper Dih.      CMAP Dih.
    6.35896e+03    1.78433e+04    1.17644e+04    1.07603e+03   -2.44906e+03
          LJ-14     Coulomb-14        LJ (SR)   Coulomb (SR)   Coul. recip.
    5.80636e+03    1.12836e+05    2.40645e+05   -1.81038e+06    4.69934e+03
 Position Rest.      Potential    Kinetic En.   Total Energy  Conserved En.
    1.93665e+03   -1.40986e+06    2.36193e+05   -1.17367e+06   -1.16292e+06
    Temperature Pressure (bar)   Constr. rmsd
    2.99953e+02    1.00558e+02    3.13248e-06

           Step           Time
         269000      538.00000

   Energies (kJ/mol)
           Bond            U-B    Proper Dih.  Improper Dih.      CMAP Dih.
    6.24988e+03    1.79572e+04    1.16001e+04    1.11068e+03   -2.38098e+03
          LJ-14     Coulomb-14        LJ (SR)   Coulomb (SR)   Coul. recip.
    5.66638e+03    1.12792e+05    2.39190e+05   -1.81044e+06    4.62771e+03
 Position Rest.      Potential    Kinetic En.   Total Energy  Conserved En.
    2.04073e+03   -1.41159e+06    2.36641e+05   -1.17495e+06   -1.16293e+06
    Temperature Pressure (bar)   Constr. rmsd
    3.00522e+02   -2.36547e+02    3.23544e-06

           Step           Time
         269500      539.00000

   Energies (kJ/mol)
           Bond            U-B    Proper Dih.  Improper Dih.      CMAP Dih.
    6.09391e+03    1.82796e+04    1.16033e+04    1.06966e+03   -2.40789e+03
          LJ-14     Coulomb-14        LJ (SR)   Coulomb (SR)   Coul. recip.
    5.76064e+03    1.12964e+05    2.42212e+05   -1.81589e+06    4.52514e+03
 Position Rest.      Potential    Kinetic En.   Total Energy  Conserved En.
    2.03308e+03   -1.41376e+06    2.36736e+05   -1.17702e+06   -1.16286e+06
    Temperature Pressure (bar)   Constr. rmsd
    3.00643e+02    7.80069e+01    3.00577e-06


DD  step 269999 load imb.: force 16.9%  pme mesh/force 0.277
           Step           Time
         270000      540.00000

   Energies (kJ/mol)
           Bond            U-B    Proper Dih.  Improper Dih.      CMAP Dih.
    6.38403e+03    1.81763e+04    1.15305e+04    1.01149e+03   -2.41504e+03
          LJ-14     Coulomb-14        LJ (SR)   Coulomb (SR)   Coul. recip.
    5.73656e+03    1.12658e+05    2.42527e+05   -1.81577e+06    4.51257e+03
 Position Rest.      Potential    Kinetic En.   Total Energy  Conserved En.
    1.96980e+03   -1.41368e+06    2.35974e+05   -1.17771e+06   -1.16284e+06
    Temperature Pressure (bar)   Constr. rmsd
    2.99675e+02    1.02179e+02    2.94215e-06

           Step           Time
         270500      541.00000

   Energies (kJ/mol)
           Bond            U-B    Proper Dih.  Improper Dih.      CMAP Dih.
    6.23150e+03    1.84510e+04    1.17163e+04    1.11575e+03   -2.47415e+03
          LJ-14     Coulomb-14        LJ (SR)   Coulomb (SR)   Coul. recip.
    5.66694e+03    1.12550e+05    2.41542e+05   -1.81190e+06    4.62286e+03
 Position Rest.      Potential    Kinetic En.   Total Energy  Conserved En.
    1.93601e+03   -1.41054e+06    2.36073e+05   -1.17447e+06   -1.16281e+06
    Temperature Pressure (bar)   Constr. rmsd
    2.99800e+02   -2.21064e+01    2.91978e-06

           Step           Time
         271000      542.00000

   Energies (kJ/mol)
           Bond            U-B    Proper Dih.  Improper Dih.      CMAP Dih.
    6.38681e+03    1.84023e+04    1.14686e+04    1.06281e+03   -2.41638e+03
          LJ-14     Coulomb-14        LJ (SR)   Coulomb (SR)   Coul. recip.
    5.64962e+03    1.12418e+05    2.39442e+05   -1.80902e+06    4.68608e+03
 Position Rest.      Potential    Kinetic En.   Total Energy  Conserved En.
    1.97503e+03   -1.40995e+06    2.37192e+05   -1.17276e+06   -1.16284e+06
    Temperature Pressure (bar)   Constr. rmsd
    3.01221e+02    3.42498e+01    3.05489e-06

           Step           Time
         271500      543.00000

   Energies (kJ/mol)
           Bond            U-B    Proper Dih.  Improper Dih.      CMAP Dih.
    6.12130e+03    1.82730e+04    1.15914e+04    1.09649e+03   -2.40097e+03
          LJ-14     Coulomb-14        LJ (SR)   Coulomb (SR)   Coul. recip.
    5.72118e+03    1.12859e+05    2.41798e+05   -1.81203e+06    4.64071e+03
 Position Rest.      Potential    Kinetic En.   Total Energy  Conserved En.
    1.93689e+03   -1.41039e+06    2.36162e+05   -1.17423e+06   -1.16280e+06
    Temperature Pressure (bar)   Constr. rmsd
    2.99914e+02    1.25463e+02    3.16167e-06


DD  step 271999 load imb.: force 16.7%  pme mesh/force 0.259
           Step           Time
         272000      544.00000

   Energies (kJ/mol)
           Bond            U-B    Proper Dih.  Improper Dih.      CMAP Dih.
    6.40005e+03    1.81968e+04    1.16065e+04    1.11733e+03   -2.39847e+03
          LJ-14     Coulomb-14        LJ (SR)   Coulomb (SR)   Coul. recip.
    5.59782e+03    1.12853e+05    2.41213e+05   -1.81308e+06    4.58628e+03
 Position Rest.      Potential    Kinetic En.   Total Energy  Conserved En.
    1.94698e+03   -1.41196e+06    2.36537e+05   -1.17543e+06   -1.16278e+06
    Temperature Pressure (bar)   Constr. rmsd
    3.00390e+02    3.18164e+01    3.14891e-06

           Step           Time
         272500      545.00000

   Energies (kJ/mol)
           Bond            U-B    Proper Dih.  Improper Dih.      CMAP Dih.
    6.21030e+03    1.79930e+04    1.16496e+04    1.03665e+03   -2.50447e+03
          LJ-14     Coulomb-14        LJ (SR)   Coulomb (SR)   Coul. recip.
    5.77499e+03    1.13205e+05    2.41670e+05   -1.81407e+06    4.65778e+03
 Position Rest.      Potential    Kinetic En.   Total Energy  Conserved En.
    1.93307e+03   -1.41244e+06    2.37655e+05   -1.17479e+06   -1.16275e+06
    Temperature Pressure (bar)   Constr. rmsd
    3.01810e+02    5.52805e+01    3.16238e-06

           Step           Time
         273000      546.00000

   Energies (kJ/mol)
           Bond            U-B    Proper Dih.  Improper Dih.      CMAP Dih.
    6.12866e+03    1.81352e+04    1.16464e+04    1.14071e+03   -2.53811e+03
          LJ-14     Coulomb-14        LJ (SR)   Coulomb (SR)   Coul. recip.
    5.68217e+03    1.12628e+05    2.41687e+05   -1.81414e+06    4.57472e+03
 Position Rest.      Potential    Kinetic En.   Total Energy  Conserved En.
    2.09560e+03   -1.41295e+06    2.34176e+05   -1.17878e+06   -1.16273e+06
    Temperature Pressure (bar)   Constr. rmsd
    2.97391e+02   -8.01292e+00    3.06023e-06

           Step           Time
         273500      547.00000

   Energies (kJ/mol)
           Bond            U-B    Proper Dih.  Improper Dih.      CMAP Dih.
    6.27304e+03    1.83608e+04    1.15263e+04    1.07854e+03   -2.51301e+03
          LJ-14     Coulomb-14        LJ (SR)   Coulomb (SR)   Coul. recip.
    5.81714e+03    1.12761e+05    2.39117e+05   -1.81236e+06    4.56062e+03
 Position Rest.      Potential    Kinetic En.   Total Energy  Conserved En.
    2.02065e+03   -1.41336e+06    2.35822e+05   -1.17754e+06   -1.16271e+06
    Temperature Pressure (bar)   Constr. rmsd
    2.99481e+02   -1.27416e+01    3.16404e-06


DD  step 273999 load imb.: force 18.0%  pme mesh/force 0.284
           Step           Time
         274000      548.00000

   Energies (kJ/mol)
           Bond            U-B    Proper Dih.  Improper Dih.      CMAP Dih.
    6.24992e+03    1.83669e+04    1.15366e+04    1.10631e+03   -2.39965e+03
          LJ-14     Coulomb-14        LJ (SR)   Coulomb (SR)   Coul. recip.
    5.92607e+03    1.12617e+05    2.40849e+05   -1.81159e+06    4.63726e+03
 Position Rest.      Potential    Kinetic En.   Total Energy  Conserved En.
    1.89873e+03   -1.41080e+06    2.36472e+05   -1.17433e+06   -1.16267e+06
    Temperature Pressure (bar)   Constr. rmsd
    3.00307e+02    8.61124e+01    3.01138e-06

           Step           Time
         274500      549.00000

   Energies (kJ/mol)
           Bond            U-B    Proper Dih.  Improper Dih.      CMAP Dih.
    6.47026e+03    1.81962e+04    1.14472e+04    1.01671e+03   -2.45392e+03
          LJ-14     Coulomb-14        LJ (SR)   Coulomb (SR)   Coul. recip.
    5.75919e+03    1.12805e+05    2.39399e+05   -1.80871e+06    4.56972e+03
 Position Rest.      Potential    Kinetic En.   Total Energy  Conserved En.
    2.04157e+03   -1.40946e+06    2.36605e+05   -1.17285e+06   -1.16271e+06
    Temperature Pressure (bar)   Constr. rmsd
    3.00476e+02   -4.31644e+00    3.11933e-06

           Step           Time
         275000      550.00000

   Energies (kJ/mol)
           Bond            U-B    Proper Dih.  Improper Dih.      CMAP Dih.
    5.91727e+03    1.82385e+04    1.17318e+04    1.05276e+03   -2.40051e+03
          LJ-14     Coulomb-14        LJ (SR)   Coulomb (SR)   Coul. recip.
    5.78923e+03    1.12979e+05    2.40158e+05   -1.81008e+06    4.52905e+03
 Position Rest.      Potential    Kinetic En.   Total Energy  Conserved En.
    2.04448e+03   -1.41004e+06    2.37092e+05   -1.17295e+06   -1.16268e+06
    Temperature Pressure (bar)   Constr. rmsd
    3.01094e+02   -3.21768e+01    3.09032e-06

           Step           Time
         275500      551.00000

   Energies (kJ/mol)
           Bond            U-B    Proper Dih.  Improper Dih.      CMAP Dih.
    6.28842e+03    1.82114e+04    1.17941e+04    1.07974e+03   -2.43829e+03
          LJ-14     Coulomb-14        LJ (SR)   Coulomb (SR)   Coul. recip.
    5.74369e+03    1.13154e+05    2.39012e+05   -1.80765e+06    4.60076e+03
 Position Rest.      Potential    Kinetic En.   Total Energy  Conserved En.
    2.01944e+03   -1.40819e+06    2.36868e+05   -1.17132e+06   -1.16264e+06
    Temperature Pressure (bar)   Constr. rmsd
    3.00811e+02    6.57629e+01    3.13658e-06


DD  step 275999 load imb.: force 18.0%  pme mesh/force 0.264
           Step           Time
         276000      552.00000

   Energies (kJ/mol)
           Bond            U-B    Proper Dih.  Improper Dih.      CMAP Dih.
    6.29588e+03    1.83595e+04    1.16668e+04    1.10230e+03   -2.47607e+03
          LJ-14     Coulomb-14        LJ (SR)   Coulomb (SR)   Coul. recip.
    5.66385e+03    1.12053e+05    2.39159e+05   -1.80850e+06    4.59632e+03
 Position Rest.      Potential    Kinetic En.   Total Energy  Conserved En.
    1.94155e+03   -1.41014e+06    2.37715e+05   -1.17243e+06   -1.16265e+06
    Temperature Pressure (bar)   Constr. rmsd
    3.01886e+02   -2.63743e+01    3.14504e-06

           Step           Time
         276500      553.00000

   Energies (kJ/mol)
           Bond            U-B    Proper Dih.  Improper Dih.      CMAP Dih.
    6.18017e+03    1.81299e+04    1.17091e+04    1.04349e+03   -2.42682e+03
          LJ-14     Coulomb-14        LJ (SR)   Coulomb (SR)   Coul. recip.
    5.57919e+03    1.12654e+05    2.38754e+05   -1.80948e+06    4.64742e+03
 Position Rest.      Potential    Kinetic En.   Total Energy  Conserved En.
    2.03543e+03   -1.41118e+06    2.35365e+05   -1.17581e+06   -1.16259e+06
    Temperature Pressure (bar)   Constr. rmsd
    2.98902e+02   -1.24969e+02    3.02921e-06

           Step           Time
         277000      554.00000

   Energies (kJ/mol)
           Bond            U-B    Proper Dih.  Improper Dih.      CMAP Dih.
    6.21112e+03    1.77338e+04    1.16583e+04    1.05481e+03   -2.46934e+03
          LJ-14     Coulomb-14        LJ (SR)   Coulomb (SR)   Coul. recip.
    5.68188e+03    1.12946e+05    2.43908e+05   -1.81584e+06    4.58423e+03
 Position Rest.      Potential    Kinetic En.   Total Energy  Conserved En.
    2.11567e+03   -1.41241e+06    2.34620e+05   -1.17779e+06   -1.16257e+06
    Temperature Pressure (bar)   Constr. rmsd
    2.97955e+02    1.31807e+02    3.01563e-06

           Step           Time
         277500      555.00000

   Energies (kJ/mol)
           Bond            U-B    Proper Dih.  Improper Dih.      CMAP Dih.
    6.24997e+03    1.85667e+04    1.15900e+04    1.08721e+03   -2.46144e+03
          LJ-14     Coulomb-14        LJ (SR)   Coulomb (SR)   Coul. recip.
    5.66157e+03    1.12292e+05    2.42344e+05   -1.81288e+06    4.62554e+03
 Position Rest.      Potential    Kinetic En.   Total Energy  Conserved En.
    2.01548e+03   -1.41091e+06    2.35626e+05   -1.17528e+06   -1.16252e+06
    Temperature Pressure (bar)   Constr. rmsd
    2.99233e+02    1.68014e+02    3.08419e-06


DD  step 277999 load imb.: force 16.8%  pme mesh/force 0.261
           Step           Time
         278000      556.00000

   Energies (kJ/mol)
           Bond            U-B    Proper Dih.  Improper Dih.      CMAP Dih.
    6.23164e+03    1.83847e+04    1.14637e+04    1.08411e+03   -2.34691e+03
          LJ-14     Coulomb-14        LJ (SR)   Coulomb (SR)   Coul. recip.
    5.68623e+03    1.13003e+05    2.39597e+05   -1.81083e+06    4.54775e+03
 Position Rest.      Potential    Kinetic En.   Total Energy  Conserved En.
    2.04856e+03   -1.41113e+06    2.35778e+05   -1.17535e+06   -1.16252e+06
    Temperature Pressure (bar)   Constr. rmsd
    2.99426e+02   -1.62728e+02    3.03056e-06

           Step           Time
         278500      557.00000

   Energies (kJ/mol)
           Bond            U-B    Proper Dih.  Improper Dih.      CMAP Dih.
    6.26922e+03    1.79520e+04    1.16276e+04    1.08496e+03   -2.42572e+03
          LJ-14     Coulomb-14        LJ (SR)   Coulomb (SR)   Coul. recip.
    5.80725e+03    1.12983e+05    2.39696e+05   -1.81124e+06    4.72427e+03
 Position Rest.      Potential    Kinetic En.   Total Energy  Conserved En.
    2.07854e+03   -1.41145e+06    2.36521e+05   -1.17493e+06   -1.16253e+06
    Temperature Pressure (bar)   Constr. rmsd
    3.00370e+02   -3.39972e+01    3.13790e-06

           Step           Time
         279000      558.00000

   Energies (kJ/mol)
           Bond            U-B    Proper Dih.  Improper Dih.      CMAP Dih.
    6.02221e+03    1.78416e+04    1.16001e+04    1.16624e+03   -2.45649e+03
          LJ-14     Coulomb-14        LJ (SR)   Coulomb (SR)   Coul. recip.
    5.79092e+03    1.13353e+05    2.40716e+05   -1.81310e+06    4.64492e+03
 Position Rest.      Potential    Kinetic En.   Total Energy  Conserved En.
    1.94704e+03   -1.41247e+06    2.37458e+05   -1.17501e+06   -1.16252e+06
    Temperature Pressure (bar)   Constr. rmsd
    3.01560e+02    2.93424e+02    3.28706e-06

           Step           Time
         279500      559.00000

   Energies (kJ/mol)
           Bond            U-B    Proper Dih.  Improper Dih.      CMAP Dih.
    6.29829e+03    1.82604e+04    1.15663e+04    1.10638e+03   -2.44460e+03
          LJ-14     Coulomb-14        LJ (SR)   Coulomb (SR)   Coul. recip.
    5.64186e+03    1.12792e+05    2.40466e+05   -1.81229e+06    4.63024e+03
 Position Rest.      Potential    Kinetic En.   Total Energy  Conserved En.
    1.94899e+03   -1.41202e+06    2.36610e+05   -1.17541e+06   -1.16247e+06
    Temperature Pressure (bar)   Constr. rmsd
    3.00482e+02   -5.72699e+01    3.14202e-06


DD  step 279999 load imb.: force 17.0%  pme mesh/force 0.259
           Step           Time
         280000      560.00000

   Energies (kJ/mol)
           Bond            U-B    Proper Dih.  Improper Dih.      CMAP Dih.
    6.30513e+03    1.84458e+04    1.15165e+04    1.03478e+03   -2.45878e+03
          LJ-14     Coulomb-14        LJ (SR)   Coulomb (SR)   Coul. recip.
    5.75959e+03    1.12703e+05    2.41843e+05   -1.81096e+06    4.74454e+03
 Position Rest.      Potential    Kinetic En.   Total Energy  Conserved En.
    1.84682e+03   -1.40922e+06    2.36880e+05   -1.17234e+06   -1.16243e+06
    Temperature Pressure (bar)   Constr. rmsd
    3.00826e+02    1.43458e+02    3.06230e-06

           Step           Time
         280500      561.00000

   Energies (kJ/mol)
           Bond            U-B    Proper Dih.  Improper Dih.      CMAP Dih.
    6.09451e+03    1.82842e+04    1.14127e+04    1.03685e+03   -2.46279e+03
          LJ-14     Coulomb-14        LJ (SR)   Coulomb (SR)   Coul. recip.
    5.71253e+03    1.12992e+05    2.41440e+05   -1.81352e+06    4.69982e+03
 Position Rest.      Potential    Kinetic En.   Total Energy  Conserved En.
    2.02421e+03   -1.41228e+06    2.34786e+05   -1.17750e+06   -1.16240e+06
    Temperature Pressure (bar)   Constr. rmsd
    2.98167e+02    8.68241e+01    3.20151e-06

           Step           Time
         281000      562.00000

   Energies (kJ/mol)
           Bond            U-B    Proper Dih.  Improper Dih.      CMAP Dih.
    6.18634e+03    1.82424e+04    1.16589e+04    1.05401e+03   -2.49326e+03
          LJ-14     Coulomb-14        LJ (SR)   Coulomb (SR)   Coul. recip.
    5.70800e+03    1.12367e+05    2.40822e+05   -1.81348e+06    4.52531e+03
 Position Rest.      Potential    Kinetic En.   Total Energy  Conserved En.
    1.95858e+03   -1.41345e+06    2.37054e+05   -1.17640e+06   -1.16243e+06
    Temperature Pressure (bar)   Constr. rmsd
    3.01047e+02   -7.53709e+01    3.17667e-06

           Step           Time
         281500      563.00000

   Energies (kJ/mol)
           Bond            U-B    Proper Dih.  Improper Dih.      CMAP Dih.
    6.17567e+03    1.77838e+04    1.16489e+04    1.05394e+03   -2.49389e+03
          LJ-14     Coulomb-14        LJ (SR)   Coulomb (SR)   Coul. recip.
    5.83138e+03    1.12859e+05    2.43283e+05   -1.81465e+06    4.51662e+03
 Position Rest.      Potential    Kinetic En.   Total Energy  Conserved En.
    1.97141e+03   -1.41202e+06    2.37766e+05   -1.17425e+06   -1.16240e+06
    Temperature Pressure (bar)   Constr. rmsd
    3.01950e+02    2.27916e+02    3.23414e-06


DD  step 281999 load imb.: force 16.9%  pme mesh/force 0.262
           Step           Time
         282000      564.00000

   Energies (kJ/mol)
           Bond            U-B    Proper Dih.  Improper Dih.      CMAP Dih.
    6.05199e+03    1.78380e+04    1.14749e+04    1.03711e+03   -2.47720e+03
          LJ-14     Coulomb-14        LJ (SR)   Coulomb (SR)   Coul. recip.
    5.76863e+03    1.12944e+05    2.41727e+05   -1.81460e+06    4.48829e+03
 Position Rest.      Potential    Kinetic En.   Total Energy  Conserved En.
    1.92031e+03   -1.41383e+06    2.35828e+05   -1.17800e+06   -1.16239e+06
    Temperature Pressure (bar)   Constr. rmsd
    2.99489e+02    1.90406e+02    3.08482e-06

           Step           Time
         282500      565.00000

   Energies (kJ/mol)
           Bond            U-B    Proper Dih.  Improper Dih.      CMAP Dih.
    6.30520e+03    1.80925e+04    1.15846e+04    1.13275e+03   -2.48320e+03
          LJ-14     Coulomb-14        LJ (SR)   Coulomb (SR)   Coul. recip.
    5.57419e+03    1.12832e+05    2.40779e+05   -1.81178e+06    4.61658e+03
 Position Rest.      Potential    Kinetic En.   Total Energy  Conserved En.
    1.88012e+03   -1.41147e+06    2.35292e+05   -1.17618e+06   -1.16237e+06
    Temperature Pressure (bar)   Constr. rmsd
    2.98809e+02   -8.75862e+01    3.00553e-06

           Step           Time
         283000      566.00000

   Energies (kJ/mol)
           Bond            U-B    Proper Dih.  Improper Dih.      CMAP Dih.
    5.96103e+03    1.82195e+04    1.16174e+04    1.12190e+03   -2.53625e+03
          LJ-14     Coulomb-14        LJ (SR)   Coulomb (SR)   Coul. recip.
    5.66106e+03    1.12709e+05    2.43103e+05   -1.81621e+06    4.59956e+03
 Position Rest.      Potential    Kinetic En.   Total Energy  Conserved En.
    1.83547e+03   -1.41392e+06    2.35678e+05   -1.17824e+06   -1.16232e+06
    Temperature Pressure (bar)   Constr. rmsd
    2.99299e+02    2.25341e+02    3.18703e-06

           Step           Time
         283500      567.00000

   Energies (kJ/mol)
           Bond            U-B    Proper Dih.  Improper Dih.      CMAP Dih.
    6.15920e+03    1.79410e+04    1.16342e+04    1.04402e+03   -2.45738e+03
          LJ-14     Coulomb-14        LJ (SR)   Coulomb (SR)   Coul. recip.
    5.78934e+03    1.13030e+05    2.40875e+05   -1.81398e+06    4.59838e+03
 Position Rest.      Potential    Kinetic En.   Total Energy  Conserved En.
    1.90840e+03   -1.41346e+06    2.35853e+05   -1.17761e+06   -1.16230e+06
    Temperature Pressure (bar)   Constr. rmsd
    2.99521e+02    4.01776e+01    3.16608e-06


DD  step 283999 load imb.: force 17.1%  pme mesh/force 0.269
           Step           Time
         284000      568.00000

   Energies (kJ/mol)
           Bond            U-B    Proper Dih.  Improper Dih.      CMAP Dih.
    6.34419e+03    1.87357e+04    1.15021e+04    1.14964e+03   -2.50065e+03
          LJ-14     Coulomb-14        LJ (SR)   Coulomb (SR)   Coul. recip.
    5.71767e+03    1.12734e+05    2.40604e+05   -1.81170e+06    4.59828e+03
 Position Rest.      Potential    Kinetic En.   Total Energy  Conserved En.
    2.10935e+03   -1.41070e+06    2.36488e+05   -1.17422e+06   -1.16228e+06
    Temperature Pressure (bar)   Constr. rmsd
    3.00328e+02   -5.72542e+01    3.28467e-06

           Step           Time
         284500      569.00000

   Energies (kJ/mol)
           Bond            U-B    Proper Dih.  Improper Dih.      CMAP Dih.
    6.50367e+03    1.81310e+04    1.15781e+04    1.10364e+03   -2.49523e+03
          LJ-14     Coulomb-14        LJ (SR)   Coulomb (SR)   Coul. recip.
    5.61225e+03    1.12345e+05    2.40182e+05   -1.81163e+06    4.49175e+03
 Position Rest.      Potential    Kinetic En.   Total Energy  Conserved En.
    1.94726e+03   -1.41223e+06    2.36354e+05   -1.17587e+06   -1.16227e+06
    Temperature Pressure (bar)   Constr. rmsd
    3.00158e+02   -2.09859e+02    3.09439e-06

           Step           Time
         285000      570.00000

   Energies (kJ/mol)
           Bond            U-B    Proper Dih.  Improper Dih.      CMAP Dih.
    6.16918e+03    1.79218e+04    1.15588e+04    1.08313e+03   -2.45008e+03
          LJ-14     Coulomb-14        LJ (SR)   Coulomb (SR)   Coul. recip.
    5.69887e+03    1.12799e+05    2.40946e+05   -1.81210e+06    4.58243e+03
 Position Rest.      Potential    Kinetic En.   Total Energy  Conserved En.
    1.97835e+03   -1.41182e+06    2.36010e+05   -1.17581e+06   -1.16227e+06
    Temperature Pressure (bar)   Constr. rmsd
    2.99720e+02   -9.45081e+01    3.12275e-06

           Step           Time
         285500      571.00000

   Energies (kJ/mol)
           Bond            U-B    Proper Dih.  Improper Dih.      CMAP Dih.
    6.35775e+03    1.76776e+04    1.15730e+04    1.03795e+03   -2.44720e+03
          LJ-14     Coulomb-14        LJ (SR)   Coulomb (SR)   Coul. recip.
    5.63894e+03    1.12826e+05    2.41310e+05   -1.81220e+06    4.59590e+03
 Position Rest.      Potential    Kinetic En.   Total Energy  Conserved En.
    1.95115e+03   -1.41168e+06    2.36339e+05   -1.17534e+06   -1.16224e+06
    Temperature Pressure (bar)   Constr. rmsd
    3.00138e+02   -6.71671e+01    3.06974e-06


DD  step 285999 load imb.: force 16.3%  pme mesh/force 0.267
           Step           Time
         286000      572.00000

   Energies (kJ/mol)
           Bond            U-B    Proper Dih.  Improper Dih.      CMAP Dih.
    6.25529e+03    1.84010e+04    1.15509e+04    1.05458e+03   -2.41731e+03
          LJ-14     Coulomb-14        LJ (SR)   Coulomb (SR)   Coul. recip.
    5.76394e+03    1.12681e+05    2.42100e+05   -1.81325e+06    4.65633e+03
 Position Rest.      Potential    Kinetic En.   Total Energy  Conserved En.
    2.06007e+03   -1.41114e+06    2.36005e+05   -1.17514e+06   -1.16218e+06
    Temperature Pressure (bar)   Constr. rmsd
    2.99714e+02    2.10764e+01    3.19467e-06

           Step           Time
         286500      573.00000

   Energies (kJ/mol)
           Bond            U-B    Proper Dih.  Improper Dih.      CMAP Dih.
    6.19341e+03    1.80899e+04    1.15632e+04    1.01636e+03   -2.37795e+03
          LJ-14     Coulomb-14        LJ (SR)   Coulomb (SR)   Coul. recip.
    5.72040e+03    1.12747e+05    2.39211e+05   -1.81158e+06    4.57526e+03
 Position Rest.      Potential    Kinetic En.   Total Energy  Conserved En.
    2.02852e+03   -1.41282e+06    2.37564e+05   -1.17525e+06   -1.16222e+06
    Temperature Pressure (bar)   Constr. rmsd
    3.01695e+02   -1.53541e+02    3.14213e-06

           Step           Time
         287000      574.00000

   Energies (kJ/mol)
           Bond            U-B    Proper Dih.  Improper Dih.      CMAP Dih.
    6.30135e+03    1.83328e+04    1.15632e+04    1.11347e+03   -2.42436e+03
          LJ-14     Coulomb-14        LJ (SR)   Coulomb (SR)   Coul. recip.
    5.69657e+03    1.12458e+05    2.41614e+05   -1.81265e+06    4.56944e+03
 Position Rest.      Potential    Kinetic En.   Total Energy  Conserved En.
    2.06692e+03   -1.41136e+06    2.36413e+05   -1.17494e+06   -1.16217e+06
    Temperature Pressure (bar)   Constr. rmsd
    3.00232e+02    7.26367e+01    3.05026e-06

           Step           Time
         287500      575.00000

   Energies (kJ/mol)
           Bond            U-B    Proper Dih.  Improper Dih.      CMAP Dih.
    6.08597e+03    1.83769e+04    1.16589e+04    1.14913e+03   -2.42595e+03
          LJ-14     Coulomb-14        LJ (SR)   Coulomb (SR)   Coul. recip.
    5.77163e+03    1.12949e+05    2.41049e+05   -1.81297e+06    4.54315e+03
 Position Rest.      Potential    Kinetic En.   Total Energy  Conserved En.
    2.14290e+03   -1.41167e+06    2.34862e+05   -1.17680e+06   -1.16210e+06
    Temperature Pressure (bar)   Constr. rmsd
    2.98263e+02    1.63705e+01    2.98648e-06


DD  step 287999 load imb.: force 17.5%  pme mesh/force 0.261
           Step           Time
         288000      576.00000

   Energies (kJ/mol)
           Bond            U-B    Proper Dih.  Improper Dih.      CMAP Dih.
    6.18979e+03    1.78451e+04    1.15145e+04    1.09355e+03   -2.37895e+03
          LJ-14     Coulomb-14        LJ (SR)   Coulomb (SR)   Coul. recip.
    5.75819e+03    1.12837e+05    2.43282e+05   -1.81590e+06    4.73945e+03
 Position Rest.      Potential    Kinetic En.   Total Energy  Conserved En.
    2.01224e+03   -1.41301e+06    2.35338e+05   -1.17767e+06   -1.16216e+06
    Temperature Pressure (bar)   Constr. rmsd
    2.98867e+02    1.67031e+02    3.08958e-06

           Step           Time
         288500      577.00000

   Energies (kJ/mol)
           Bond            U-B    Proper Dih.  Improper Dih.      CMAP Dih.
    6.33258e+03    1.76196e+04    1.15890e+04    9.75638e+02   -2.38968e+03
          LJ-14     Coulomb-14        LJ (SR)   Coulomb (SR)   Coul. recip.
    5.78983e+03    1.13015e+05    2.42206e+05   -1.81471e+06    4.58193e+03
 Position Rest.      Potential    Kinetic En.   Total Energy  Conserved En.
    2.00634e+03   -1.41299e+06    2.36446e+05   -1.17654e+06   -1.16215e+06
    Temperature Pressure (bar)   Constr. rmsd
    3.00275e+02    4.20099e+01    3.12440e-06

           Step           Time
         289000      578.00000

   Energies (kJ/mol)
           Bond            U-B    Proper Dih.  Improper Dih.      CMAP Dih.
    6.14409e+03    1.77055e+04    1.15254e+04    1.09382e+03   -2.51782e+03
          LJ-14     Coulomb-14        LJ (SR)   Coulomb (SR)   Coul. recip.
    5.76851e+03    1.13400e+05    2.38314e+05   -1.80981e+06    4.56287e+03
 Position Rest.      Potential    Kinetic En.   Total Energy  Conserved En.
    2.04078e+03   -1.41177e+06    2.34925e+05   -1.17685e+06   -1.16213e+06
    Temperature Pressure (bar)   Constr. rmsd
    2.98343e+02   -1.52289e+02    3.12031e-06

           Step           Time
         289500      579.00000

   Energies (kJ/mol)
           Bond            U-B    Proper Dih.  Improper Dih.      CMAP Dih.
    6.11166e+03    1.80361e+04    1.17828e+04    1.13007e+03   -2.52027e+03
          LJ-14     Coulomb-14        LJ (SR)   Coulomb (SR)   Coul. recip.
    5.70089e+03    1.13110e+05    2.39989e+05   -1.81069e+06    4.65099e+03
 Position Rest.      Potential    Kinetic En.   Total Energy  Conserved En.
    2.03690e+03   -1.41066e+06    2.35735e+05   -1.17492e+06   -1.16206e+06
    Temperature Pressure (bar)   Constr. rmsd
    2.99372e+02   -5.66496e+01    3.05048e-06


DD  step 289999 load imb.: force 18.9%  pme mesh/force 0.279
           Step           Time
         290000      580.00000

   Energies (kJ/mol)
           Bond            U-B    Proper Dih.  Improper Dih.      CMAP Dih.
    6.06569e+03    1.80070e+04    1.15370e+04    1.08368e+03   -2.51246e+03
          LJ-14     Coulomb-14        LJ (SR)   Coulomb (SR)   Coul. recip.
    5.78590e+03    1.13151e+05    2.40808e+05   -1.81472e+06    4.67929e+03
 Position Rest.      Potential    Kinetic En.   Total Energy  Conserved En.
    2.03885e+03   -1.41408e+06    2.37038e+05   -1.17704e+06   -1.16206e+06
    Temperature Pressure (bar)   Constr. rmsd
    3.01026e+02    8.81646e+00    2.98846e-06

           Step           Time
         290500      581.00000

   Energies (kJ/mol)
           Bond            U-B    Proper Dih.  Improper Dih.      CMAP Dih.
    6.18471e+03    1.83299e+04    1.17795e+04    1.18369e+03   -2.49705e+03
          LJ-14     Coulomb-14        LJ (SR)   Coulomb (SR)   Coul. recip.
    5.72470e+03    1.13006e+05    2.37591e+05   -1.80666e+06    4.60031e+03
 Position Rest.      Potential    Kinetic En.   Total Energy  Conserved En.
    2.04454e+03   -1.40871e+06    2.37689e+05   -1.17102e+06   -1.16204e+06
    Temperature Pressure (bar)   Constr. rmsd
    3.01853e+02   -1.80017e+02    3.14981e-06

           Step           Time
         291000      582.00000

   Energies (kJ/mol)
           Bond            U-B    Proper Dih.  Improper Dih.      CMAP Dih.
    6.02188e+03    1.81084e+04    1.16135e+04    1.13252e+03   -2.41317e+03
          LJ-14     Coulomb-14        LJ (SR)   Coulomb (SR)   Coul. recip.
    5.83651e+03    1.13103e+05    2.39748e+05   -1.80849e+06    4.71238e+03
 Position Rest.      Potential    Kinetic En.   Total Energy  Conserved En.
    2.03585e+03   -1.40859e+06    2.37299e+05   -1.17129e+06   -1.16204e+06
    Temperature Pressure (bar)   Constr. rmsd
    3.01358e+02   -5.45860e+00    3.11596e-06

           Step           Time
         291500      583.00000

   Energies (kJ/mol)
           Bond            U-B    Proper Dih.  Improper Dih.      CMAP Dih.
    6.13739e+03    1.81499e+04    1.16665e+04    1.06940e+03   -2.39573e+03
          LJ-14     Coulomb-14        LJ (SR)   Coulomb (SR)   Coul. recip.
    5.62528e+03    1.12848e+05    2.41276e+05   -1.81140e+06    4.65969e+03
 Position Rest.      Potential    Kinetic En.   Total Energy  Conserved En.
    1.98906e+03   -1.41037e+06    2.34317e+05   -1.17605e+06   -1.16197e+06
    Temperature Pressure (bar)   Constr. rmsd
    2.97571e+02    3.71826e+00    3.02523e-06


DD  step 291999 load imb.: force 16.9%  pme mesh/force 0.272
           Step           Time
         292000      584.00000

   Energies (kJ/mol)
           Bond            U-B    Proper Dih.  Improper Dih.      CMAP Dih.
    6.22916e+03    1.78888e+04    1.15214e+04    1.05670e+03   -2.48430e+03
          LJ-14     Coulomb-14        LJ (SR)   Coulomb (SR)   Coul. recip.
    5.83457e+03    1.13033e+05    2.41622e+05   -1.81440e+06    4.51897e+03
 Position Rest.      Potential    Kinetic En.   Total Energy  Conserved En.
    2.01234e+03   -1.41317e+06    2.36102e+05   -1.17707e+06   -1.16198e+06
    Temperature Pressure (bar)   Constr. rmsd
    2.99837e+02    5.84158e+01    3.21733e-06

           Step           Time
         292500      585.00000

   Energies (kJ/mol)
           Bond            U-B    Proper Dih.  Improper Dih.      CMAP Dih.
    6.30441e+03    1.77515e+04    1.16117e+04    1.01877e+03   -2.54480e+03
          LJ-14     Coulomb-14        LJ (SR)   Coulomb (SR)   Coul. recip.
    5.74745e+03    1.12680e+05    2.41026e+05   -1.81263e+06    4.49013e+03
 Position Rest.      Potential    Kinetic En.   Total Energy  Conserved En.
    2.05227e+03   -1.41250e+06    2.35846e+05   -1.17665e+06   -1.16196e+06
    Temperature Pressure (bar)   Constr. rmsd
    2.99512e+02   -1.91450e+01    3.06531e-06

           Step           Time
         293000      586.00000

   Energies (kJ/mol)
           Bond            U-B    Proper Dih.  Improper Dih.      CMAP Dih.
    6.15472e+03    1.84521e+04    1.17135e+04    1.15754e+03   -2.46278e+03
          LJ-14     Coulomb-14        LJ (SR)   Coulomb (SR)   Coul. recip.
    5.73771e+03    1.12566e+05    2.41669e+05   -1.81137e+06    4.54525e+03
 Position Rest.      Potential    Kinetic En.   Total Energy  Conserved En.
    2.07724e+03   -1.40976e+06    2.37374e+05   -1.17238e+06   -1.16195e+06
    Temperature Pressure (bar)   Constr. rmsd
    3.01453e+02    1.68112e+02    3.15282e-06

           Step           Time
         293500      587.00000

   Energies (kJ/mol)
           Bond            U-B    Proper Dih.  Improper Dih.      CMAP Dih.
    6.14774e+03    1.82308e+04    1.15713e+04    1.07469e+03   -2.37103e+03
          LJ-14     Coulomb-14        LJ (SR)   Coulomb (SR)   Coul. recip.
    5.83094e+03    1.12667e+05    2.40824e+05   -1.81298e+06    4.69231e+03
 Position Rest.      Potential    Kinetic En.   Total Energy  Conserved En.
    2.10569e+03   -1.41221e+06    2.37233e+05   -1.17497e+06   -1.16190e+06
    Temperature Pressure (bar)   Constr. rmsd
    3.01274e+02   -1.08758e+01    2.96948e-06


DD  step 293999 load imb.: force 16.9%  pme mesh/force 0.273
           Step           Time
         294000      588.00000

   Energies (kJ/mol)
           Bond            U-B    Proper Dih.  Improper Dih.      CMAP Dih.
    6.34486e+03    1.78473e+04    1.16660e+04    1.14874e+03   -2.51089e+03
          LJ-14     Coulomb-14        LJ (SR)   Coulomb (SR)   Coul. recip.
    5.76029e+03    1.12809e+05    2.40547e+05   -1.81222e+06    4.70848e+03
 Position Rest.      Potential    Kinetic En.   Total Energy  Conserved En.
    2.10840e+03   -1.41179e+06    2.36860e+05   -1.17493e+06   -1.16193e+06
    Temperature Pressure (bar)   Constr. rmsd
    3.00800e+02    7.15222e+01    3.07741e-06

           Step           Time
         294500      589.00000

   Energies (kJ/mol)
           Bond            U-B    Proper Dih.  Improper Dih.      CMAP Dih.
    6.14344e+03    1.80549e+04    1.16540e+04    1.01935e+03   -2.48921e+03
          LJ-14     Coulomb-14        LJ (SR)   Coulomb (SR)   Coul. recip.
    5.60425e+03    1.12929e+05    2.40824e+05   -1.81228e+06    4.66591e+03
 Position Rest.      Potential    Kinetic En.   Total Energy  Conserved En.
    1.99464e+03   -1.41188e+06    2.36638e+05   -1.17524e+06   -1.16190e+06
    Temperature Pressure (bar)   Constr. rmsd
    3.00518e+02   -8.17284e+01    3.04977e-06

           Step           Time
         295000      590.00000

   Energies (kJ/mol)
           Bond            U-B    Proper Dih.  Improper Dih.      CMAP Dih.
    6.29486e+03    1.78531e+04    1.15940e+04    1.14800e+03   -2.44425e+03
          LJ-14     Coulomb-14        LJ (SR)   Coulomb (SR)   Coul. recip.
    5.73001e+03    1.13007e+05    2.40646e+05   -1.81119e+06    4.49062e+03
 Position Rest.      Potential    Kinetic En.   Total Energy  Conserved En.
    2.04918e+03   -1.41082e+06    2.35411e+05   -1.17541e+06   -1.16186e+06
    Temperature Pressure (bar)   Constr. rmsd
    2.98960e+02    3.09519e+01    3.09776e-06

           Step           Time
         295500      591.00000

   Energies (kJ/mol)
           Bond            U-B    Proper Dih.  Improper Dih.      CMAP Dih.
    6.24644e+03    1.84814e+04    1.15269e+04    1.01238e+03   -2.42124e+03
          LJ-14     Coulomb-14        LJ (SR)   Coulomb (SR)   Coul. recip.
    5.58651e+03    1.12721e+05    2.41342e+05   -1.81113e+06    4.62769e+03
 Position Rest.      Potential    Kinetic En.   Total Energy  Conserved En.
    1.96290e+03   -1.41005e+06    2.35517e+05   -1.17453e+06   -1.16181e+06
    Temperature Pressure (bar)   Constr. rmsd
    2.99094e+02   -4.21609e+01    3.02043e-06


DD  step 295999 load imb.: force 17.8%  pme mesh/force 0.273
           Step           Time
         296000      592.00000

   Energies (kJ/mol)
           Bond            U-B    Proper Dih.  Improper Dih.      CMAP Dih.
    6.09223e+03    1.83025e+04    1.13887e+04    1.01046e+03   -2.34428e+03
          LJ-14     Coulomb-14        LJ (SR)   Coulomb (SR)   Coul. recip.
    5.67953e+03    1.12686e+05    2.39552e+05   -1.80952e+06    4.57895e+03
 Position Rest.      Potential    Kinetic En.   Total Energy  Conserved En.
    2.04282e+03   -1.41053e+06    2.35667e+05   -1.17486e+06   -1.16181e+06
    Temperature Pressure (bar)   Constr. rmsd
    2.99284e+02   -6.90534e+01    3.06434e-06

           Step           Time
         296500      593.00000

   Energies (kJ/mol)
           Bond            U-B    Proper Dih.  Improper Dih.      CMAP Dih.
    6.22226e+03    1.80280e+04    1.14362e+04    1.04924e+03   -2.40093e+03
          LJ-14     Coulomb-14        LJ (SR)   Coulomb (SR)   Coul. recip.
    5.60794e+03    1.13230e+05    2.38148e+05   -1.80924e+06    4.61522e+03
 Position Rest.      Potential    Kinetic En.   Total Energy  Conserved En.
    2.02963e+03   -1.41127e+06    2.34978e+05   -1.17630e+06   -1.16179e+06
    Temperature Pressure (bar)   Constr. rmsd
    2.98409e+02   -1.48047e+02    2.99011e-06

           Step           Time
         297000      594.00000

   Energies (kJ/mol)
           Bond            U-B    Proper Dih.  Improper Dih.      CMAP Dih.
    6.23729e+03    1.79482e+04    1.15655e+04    1.03731e+03   -2.40512e+03
          LJ-14     Coulomb-14        LJ (SR)   Coulomb (SR)   Coul. recip.
    5.56332e+03    1.12799e+05    2.41728e+05   -1.81487e+06    4.64658e+03
 Position Rest.      Potential    Kinetic En.   Total Energy  Conserved En.
    1.96965e+03   -1.41378e+06    2.36619e+05   -1.17716e+06   -1.16181e+06
    Temperature Pressure (bar)   Constr. rmsd
    3.00494e+02   -5.11602e+01    3.14975e-06

           Step           Time
         297500      595.00000

   Energies (kJ/mol)
           Bond            U-B    Proper Dih.  Improper Dih.      CMAP Dih.
    6.08949e+03    1.81695e+04    1.15425e+04    1.05430e+03   -2.42255e+03
          LJ-14     Coulomb-14        LJ (SR)   Coulomb (SR)   Coul. recip.
    5.76381e+03    1.12905e+05    2.40612e+05   -1.81395e+06    4.64998e+03
 Position Rest.      Potential    Kinetic En.   Total Energy  Conserved En.
    2.00090e+03   -1.41358e+06    2.35786e+05   -1.17780e+06   -1.16177e+06
    Temperature Pressure (bar)   Constr. rmsd
    2.99436e+02    2.22298e+01    3.08945e-06


DD  step 297999 load imb.: force 17.2%  pme mesh/force 0.257
           Step           Time
         298000      596.00000

   Energies (kJ/mol)
           Bond            U-B    Proper Dih.  Improper Dih.      CMAP Dih.
    6.23190e+03    1.81570e+04    1.14714e+04    1.06367e+03   -2.37792e+03
          LJ-14     Coulomb-14        LJ (SR)   Coulomb (SR)   Coul. recip.
    5.76565e+03    1.12879e+05    2.40793e+05   -1.81240e+06    4.53822e+03
 Position Rest.      Potential    Kinetic En.   Total Energy  Conserved En.
    2.03013e+03   -1.41185e+06    2.35922e+05   -1.17593e+06   -1.16175e+06
    Temperature Pressure (bar)   Constr. rmsd
    2.99608e+02    7.16088e+01    3.25322e-06

           Step           Time
         298500      597.00000

   Energies (kJ/mol)
           Bond            U-B    Proper Dih.  Improper Dih.      CMAP Dih.
    6.05666e+03    1.82085e+04    1.15242e+04    1.12621e+03   -2.46626e+03
          LJ-14     Coulomb-14        LJ (SR)   Coulomb (SR)   Coul. recip.
    5.75829e+03    1.13376e+05    2.43208e+05   -1.81493e+06    4.54750e+03
 Position Rest.      Potential    Kinetic En.   Total Energy  Conserved En.
    2.10792e+03   -1.41148e+06    2.34399e+05   -1.17709e+06   -1.16169e+06
    Temperature Pressure (bar)   Constr. rmsd
    2.97675e+02    2.53887e+02    3.04777e-06

           Step           Time
         299000      598.00000

   Energies (kJ/mol)
           Bond            U-B    Proper Dih.  Improper Dih.      CMAP Dih.
    6.18007e+03    1.79691e+04    1.14691e+04    1.13148e+03   -2.40378e+03
          LJ-14     Coulomb-14        LJ (SR)   Coulomb (SR)   Coul. recip.
    5.72244e+03    1.12916e+05    2.40026e+05   -1.81081e+06    4.53948e+03
 Position Rest.      Potential    Kinetic En.   Total Energy  Conserved En.
    2.05236e+03   -1.41120e+06    2.35955e+05   -1.17525e+06   -1.16170e+06
    Temperature Pressure (bar)   Constr. rmsd
    2.99651e+02   -2.34674e+02    3.14405e-06

           Step           Time
         299500      599.00000

   Energies (kJ/mol)
           Bond            U-B    Proper Dih.  Improper Dih.      CMAP Dih.
    6.12110e+03    1.76760e+04    1.16468e+04    1.03201e+03   -2.52408e+03
          LJ-14     Coulomb-14        LJ (SR)   Coulomb (SR)   Coul. recip.
    5.78711e+03    1.12767e+05    2.40005e+05   -1.81332e+06    4.54261e+03
 Position Rest.      Potential    Kinetic En.   Total Energy  Conserved En.
    1.94793e+03   -1.41432e+06    2.33636e+05   -1.18068e+06   -1.16169e+06
    Temperature Pressure (bar)   Constr. rmsd
    2.96705e+02   -1.11766e+02    3.11482e-06


DD  step 299999 load imb.: force 17.6%  pme mesh/force 0.270
           Step           Time
         300000      600.00000

   Energies (kJ/mol)
           Bond            U-B    Proper Dih.  Improper Dih.      CMAP Dih.
    5.91612e+03    1.85153e+04    1.17481e+04    1.05791e+03   -2.50052e+03
          LJ-14     Coulomb-14        LJ (SR)   Coulomb (SR)   Coul. recip.
    5.70534e+03    1.12760e+05    2.39085e+05   -1.80903e+06    4.63338e+03
 Position Rest.      Potential    Kinetic En.   Total Energy  Conserved En.
    1.95784e+03   -1.41015e+06    2.36257e+05   -1.17389e+06   -1.16166e+06
    Temperature Pressure (bar)   Constr. rmsd
    3.00034e+02   -4.87574e+01    3.06221e-06

           Step           Time
         300500      601.00000

   Energies (kJ/mol)
           Bond            U-B    Proper Dih.  Improper Dih.      CMAP Dih.
    6.19483e+03    1.78540e+04    1.15614e+04    1.11956e+03   -2.42138e+03
          LJ-14     Coulomb-14        LJ (SR)   Coulomb (SR)   Coul. recip.
    5.66722e+03    1.12805e+05    2.40050e+05   -1.81186e+06    4.70380e+03
 Position Rest.      Potential    Kinetic En.   Total Energy  Conserved En.
    2.03558e+03   -1.41229e+06    2.36465e+05   -1.17582e+06   -1.16170e+06
    Temperature Pressure (bar)   Constr. rmsd
    3.00299e+02   -9.61440e+00    3.09654e-06

           Step           Time
         301000      602.00000

   Energies (kJ/mol)
           Bond            U-B    Proper Dih.  Improper Dih.      CMAP Dih.
    6.17252e+03    1.81632e+04    1.15518e+04    1.08545e+03   -2.49348e+03
          LJ-14     Coulomb-14        LJ (SR)   Coulomb (SR)   Coul. recip.
    5.85898e+03    1.12647e+05    2.40868e+05   -1.81271e+06    4.57220e+03
 Position Rest.      Potential    Kinetic En.   Total Energy  Conserved En.
    1.99469e+03   -1.41229e+06    2.36540e+05   -1.17575e+06   -1.16162e+06
    Temperature Pressure (bar)   Constr. rmsd
    3.00394e+02    6.36152e+01    3.28056e-06

           Step           Time
         301500      603.00000

   Energies (kJ/mol)
           Bond            U-B    Proper Dih.  Improper Dih.      CMAP Dih.
    6.41838e+03    1.80794e+04    1.18917e+04    1.10859e+03   -2.45546e+03
          LJ-14     Coulomb-14        LJ (SR)   Coulomb (SR)   Coul. recip.
    5.65483e+03    1.12609e+05    2.38838e+05   -1.80920e+06    4.61595e+03
 Position Rest.      Potential    Kinetic En.   Total Energy  Conserved En.
    1.95721e+03   -1.41048e+06    2.35980e+05   -1.17450e+06   -1.16163e+06
    Temperature Pressure (bar)   Constr. rmsd
    2.99682e+02   -2.16459e+02    3.04334e-06


DD  step 301999 load imb.: force 16.5%  pme mesh/force 0.266
           Step           Time
         302000      604.00000

   Energies (kJ/mol)
           Bond            U-B    Proper Dih.  Improper Dih.      CMAP Dih.
    6.21925e+03    1.81805e+04    1.14468e+04    1.00046e+03   -2.40845e+03
          LJ-14     Coulomb-14        LJ (SR)   Coulomb (SR)   Coul. recip.
    5.67892e+03    1.13101e+05    2.40750e+05   -1.81281e+06    4.53582e+03
 Position Rest.      Potential    Kinetic En.   Total Energy  Conserved En.
    1.94230e+03   -1.41236e+06    2.35816e+05   -1.17655e+06   -1.16157e+06
    Temperature Pressure (bar)   Constr. rmsd
    2.99474e+02   -5.48463e+01    2.92994e-06

           Step           Time
         302500      605.00000

   Energies (kJ/mol)
           Bond            U-B    Proper Dih.  Improper Dih.      CMAP Dih.
    6.11711e+03    1.79298e+04    1.15640e+04    1.02582e+03   -2.44226e+03
          LJ-14     Coulomb-14        LJ (SR)   Coulomb (SR)   Coul. recip.
    5.79597e+03    1.12607e+05    2.43044e+05   -1.81609e+06    4.64401e+03
 Position Rest.      Potential    Kinetic En.   Total Energy  Conserved En.
    2.04348e+03   -1.41376e+06    2.36483e+05   -1.17727e+06   -1.16162e+06
    Temperature Pressure (bar)   Constr. rmsd
    3.00321e+02    7.95281e+01    3.06091e-06

           Step           Time
         303000      606.00000

   Energies (kJ/mol)
           Bond            U-B    Proper Dih.  Improper Dih.      CMAP Dih.
    6.26277e+03    1.82713e+04    1.14621e+04    1.08946e+03   -2.42925e+03
          LJ-14     Coulomb-14        LJ (SR)   Coulomb (SR)   Coul. recip.
    5.70493e+03    1.12661e+05    2.40027e+05   -1.81189e+06    4.51375e+03
 Position Rest.      Potential    Kinetic En.   Total Energy  Conserved En.
    2.10160e+03   -1.41223e+06    2.36780e+05   -1.17545e+06   -1.16155e+06
    Temperature Pressure (bar)   Constr. rmsd
    3.00699e+02   -7.09727e+01    3.09081e-06

Writing checkpoint, step 303280 at Mon Oct  5 05:54:19 2020


           Step           Time
         303500      607.00000

   Energies (kJ/mol)
           Bond            U-B    Proper Dih.  Improper Dih.      CMAP Dih.
    6.15582e+03    1.79590e+04    1.14335e+04    1.11471e+03   -2.41278e+03
          LJ-14     Coulomb-14        LJ (SR)   Coulomb (SR)   Coul. recip.
    5.77177e+03    1.12594e+05    2.40074e+05   -1.81334e+06    4.45663e+03
 Position Rest.      Potential    Kinetic En.   Total Energy  Conserved En.
    1.92913e+03   -1.41427e+06    2.34853e+05   -1.17941e+06   -1.16153e+06
    Temperature Pressure (bar)   Constr. rmsd
    2.98251e+02   -7.16153e+01    3.02371e-06


DD  step 303999 load imb.: force 17.7%  pme mesh/force 0.261
           Step           Time
         304000      608.00000

   Energies (kJ/mol)
           Bond            U-B    Proper Dih.  Improper Dih.      CMAP Dih.
    6.32473e+03    1.80193e+04    1.15886e+04    1.12509e+03   -2.47594e+03
          LJ-14     Coulomb-14        LJ (SR)   Coulomb (SR)   Coul. recip.
    5.74140e+03    1.12733e+05    2.39832e+05   -1.81032e+06    4.48833e+03
 Position Rest.      Potential    Kinetic En.   Total Energy  Conserved En.
    1.99226e+03   -1.41095e+06    2.35109e+05   -1.17584e+06   -1.16151e+06
    Temperature Pressure (bar)   Constr. rmsd
    2.98577e+02   -1.83203e+01    3.14592e-06

           Step           Time
         304500      609.00000

   Energies (kJ/mol)
           Bond            U-B    Proper Dih.  Improper Dih.      CMAP Dih.
    6.29974e+03    1.82683e+04    1.16554e+04    1.06212e+03   -2.50232e+03
          LJ-14     Coulomb-14        LJ (SR)   Coulomb (SR)   Coul. recip.
    5.80157e+03    1.12640e+05    2.41861e+05   -1.81302e+06    4.51748e+03
 Position Rest.      Potential    Kinetic En.   Total Energy  Conserved En.
    2.10865e+03   -1.41131e+06    2.37223e+05   -1.17409e+06   -1.16151e+06
    Temperature Pressure (bar)   Constr. rmsd
    3.01261e+02    1.49172e+02    3.05402e-06

           Step           Time
         305000      610.00000

   Energies (kJ/mol)
           Bond            U-B    Proper Dih.  Improper Dih.      CMAP Dih.
    6.04749e+03    1.84031e+04    1.17386e+04    1.10273e+03   -2.49531e+03
          LJ-14     Coulomb-14        LJ (SR)   Coulomb (SR)   Coul. recip.
    5.69984e+03    1.12812e+05    2.39504e+05   -1.81123e+06    4.63536e+03
 Position Rest.      Potential    Kinetic En.   Total Energy  Conserved En.
    2.02115e+03   -1.41177e+06    2.35810e+05   -1.17596e+06   -1.16146e+06
    Temperature Pressure (bar)   Constr. rmsd
    2.99467e+02   -1.29815e+02    2.99982e-06

           Step           Time
         305500      611.00000

   Energies (kJ/mol)
           Bond            U-B    Proper Dih.  Improper Dih.      CMAP Dih.
    6.27797e+03    1.80620e+04    1.14832e+04    1.09674e+03   -2.44680e+03
          LJ-14     Coulomb-14        LJ (SR)   Coulomb (SR)   Coul. recip.
    5.72004e+03    1.12849e+05    2.41497e+05   -1.81428e+06    4.64311e+03
 Position Rest.      Potential    Kinetic En.   Total Energy  Conserved En.
    1.91579e+03   -1.41318e+06    2.36790e+05   -1.17639e+06   -1.16146e+06
    Temperature Pressure (bar)   Constr. rmsd
    3.00711e+02    1.36108e+01    3.05525e-06


DD  step 305999 load imb.: force 17.4%  pme mesh/force 0.269
           Step           Time
         306000      612.00000

   Energies (kJ/mol)
           Bond            U-B    Proper Dih.  Improper Dih.      CMAP Dih.
    6.35539e+03    1.77593e+04    1.15134e+04    1.12525e+03   -2.50955e+03
          LJ-14     Coulomb-14        LJ (SR)   Coulomb (SR)   Coul. recip.
    5.64096e+03    1.12564e+05    2.41335e+05   -1.81319e+06    4.56982e+03
 Position Rest.      Potential    Kinetic En.   Total Energy  Conserved En.
    2.08187e+03   -1.41275e+06    2.36542e+05   -1.17621e+06   -1.16146e+06
    Temperature Pressure (bar)   Constr. rmsd
    3.00396e+02   -1.85986e+01    3.11411e-06

           Step           Time
         306500      613.00000

   Energies (kJ/mol)
           Bond            U-B    Proper Dih.  Improper Dih.      CMAP Dih.
    6.25685e+03    1.83862e+04    1.17156e+04    9.95846e+02   -2.43478e+03
          LJ-14     Coulomb-14        LJ (SR)   Coulomb (SR)   Coul. recip.
    5.70721e+03    1.12709e+05    2.40271e+05   -1.80944e+06    4.59286e+03
 Position Rest.      Potential    Kinetic En.   Total Energy  Conserved En.
    2.01880e+03   -1.40922e+06    2.38545e+05   -1.17068e+06   -1.16141e+06
    Temperature Pressure (bar)   Constr. rmsd
    3.02939e+02   -1.70083e+02    3.03989e-06

           Step           Time
         307000      614.00000

   Energies (kJ/mol)
           Bond            U-B    Proper Dih.  Improper Dih.      CMAP Dih.
    6.12820e+03    1.79026e+04    1.15792e+04    1.05563e+03   -2.54339e+03
          LJ-14     Coulomb-14        LJ (SR)   Coulomb (SR)   Coul. recip.
    5.71544e+03    1.13079e+05    2.40373e+05   -1.81249e+06    4.58963e+03
 Position Rest.      Potential    Kinetic En.   Total Energy  Conserved En.
    2.03176e+03   -1.41257e+06    2.35683e+05   -1.17689e+06   -1.16139e+06
    Temperature Pressure (bar)   Constr. rmsd
    2.99305e+02   -4.19824e+00    3.08042e-06

           Step           Time
         307500      615.00000

   Energies (kJ/mol)
           Bond            U-B    Proper Dih.  Improper Dih.      CMAP Dih.
    6.36132e+03    1.79454e+04    1.17350e+04    1.11756e+03   -2.47475e+03
          LJ-14     Coulomb-14        LJ (SR)   Coulomb (SR)   Coul. recip.
    5.74354e+03    1.12855e+05    2.38518e+05   -1.80831e+06    4.63290e+03
 Position Rest.      Potential    Kinetic En.   Total Energy  Conserved En.
    2.01716e+03   -1.40986e+06    2.36096e+05   -1.17376e+06   -1.16137e+06
    Temperature Pressure (bar)   Constr. rmsd
    2.99830e+02   -7.55748e+01    3.29066e-06


DD  step 307999 load imb.: force 18.0%  pme mesh/force 0.265
           Step           Time
         308000      616.00000

   Energies (kJ/mol)
           Bond            U-B    Proper Dih.  Improper Dih.      CMAP Dih.
    6.26833e+03    1.81262e+04    1.15148e+04    1.07195e+03   -2.41153e+03
          LJ-14     Coulomb-14        LJ (SR)   Coulomb (SR)   Coul. recip.
    5.61054e+03    1.12937e+05    2.38639e+05   -1.80816e+06    4.55555e+03
 Position Rest.      Potential    Kinetic En.   Total Energy  Conserved En.
    2.04266e+03   -1.40980e+06    2.35883e+05   -1.17392e+06   -1.16135e+06
    Temperature Pressure (bar)   Constr. rmsd
    2.99560e+02   -1.12634e+02    3.08368e-06

           Step           Time
         308500      617.00000

   Energies (kJ/mol)
           Bond            U-B    Proper Dih.  Improper Dih.      CMAP Dih.
    6.25432e+03    1.80653e+04    1.15189e+04    1.06997e+03   -2.43685e+03
          LJ-14     Coulomb-14        LJ (SR)   Coulomb (SR)   Coul. recip.
    5.73829e+03    1.12699e+05    2.42609e+05   -1.81318e+06    4.63583e+03
 Position Rest.      Potential    Kinetic En.   Total Energy  Conserved En.
    1.98660e+03   -1.41104e+06    2.35382e+05   -1.17566e+06   -1.16132e+06
    Temperature Pressure (bar)   Constr. rmsd
    2.98923e+02    6.67595e+01    3.09318e-06

           Step           Time
         309000      618.00000

   Energies (kJ/mol)
           Bond            U-B    Proper Dih.  Improper Dih.      CMAP Dih.
    6.21171e+03    1.80023e+04    1.15272e+04    1.16017e+03   -2.39165e+03
          LJ-14     Coulomb-14        LJ (SR)   Coulomb (SR)   Coul. recip.
    5.68168e+03    1.12925e+05    2.39241e+05   -1.81163e+06    4.54399e+03
 Position Rest.      Potential    Kinetic En.   Total Energy  Conserved En.
    2.05094e+03   -1.41267e+06    2.36177e+05   -1.17650e+06   -1.16134e+06
    Temperature Pressure (bar)   Constr. rmsd
    2.99932e+02   -1.14397e+02    3.13422e-06

           Step           Time
         309500      619.00000

   Energies (kJ/mol)
           Bond            U-B    Proper Dih.  Improper Dih.      CMAP Dih.
    6.33231e+03    1.83497e+04    1.17447e+04    1.08069e+03   -2.52250e+03
          LJ-14     Coulomb-14        LJ (SR)   Coulomb (SR)   Coul. recip.
    5.66492e+03    1.12899e+05    2.40272e+05   -1.81109e+06    4.61282e+03
 Position Rest.      Potential    Kinetic En.   Total Energy  Conserved En.
    1.97678e+03   -1.41068e+06    2.37533e+05   -1.17315e+06   -1.16131e+06
    Temperature Pressure (bar)   Constr. rmsd
    3.01654e+02   -3.09371e+01    3.05775e-06


DD  step 309999 load imb.: force 16.6%  pme mesh/force 0.267
           Step           Time
         310000      620.00000

   Energies (kJ/mol)
           Bond            U-B    Proper Dih.  Improper Dih.      CMAP Dih.
    6.51545e+03    1.81229e+04    1.15918e+04    1.11354e+03   -2.45231e+03
          LJ-14     Coulomb-14        LJ (SR)   Coulomb (SR)   Coul. recip.
    5.64691e+03    1.13001e+05    2.41349e+05   -1.81030e+06    4.71792e+03
 Position Rest.      Potential    Kinetic En.   Total Energy  Conserved En.
    1.98977e+03   -1.40870e+06    2.37278e+05   -1.17142e+06   -1.16127e+06
    Temperature Pressure (bar)   Constr. rmsd
    3.01331e+02    1.11624e+02    2.96440e-06

           Step           Time
         310500      621.00000

   Energies (kJ/mol)
           Bond            U-B    Proper Dih.  Improper Dih.      CMAP Dih.
    6.25694e+03    1.81870e+04    1.15653e+04    1.10370e+03   -2.53601e+03
          LJ-14     Coulomb-14        LJ (SR)   Coulomb (SR)   Coul. recip.
    5.85963e+03    1.12780e+05    2.40664e+05   -1.81021e+06    4.62665e+03
 Position Rest.      Potential    Kinetic En.   Total Energy  Conserved En.
    1.97786e+03   -1.40972e+06    2.37708e+05   -1.17201e+06   -1.16124e+06
    Temperature Pressure (bar)   Constr. rmsd
    3.01877e+02    4.53943e+00    3.05072e-06

           Step           Time
         311000      622.00000

   Energies (kJ/mol)
           Bond            U-B    Proper Dih.  Improper Dih.      CMAP Dih.
    6.27046e+03    1.79666e+04    1.16287e+04    1.07035e+03   -2.43665e+03
          LJ-14     Coulomb-14        LJ (SR)   Coulomb (SR)   Coul. recip.
    5.56262e+03    1.12745e+05    2.40923e+05   -1.81315e+06    4.58087e+03
 Position Rest.      Potential    Kinetic En.   Total Energy  Conserved En.
    2.02126e+03   -1.41281e+06    2.36503e+05   -1.17631e+06   -1.16126e+06
    Temperature Pressure (bar)   Constr. rmsd
    3.00347e+02   -2.16780e+01    3.04675e-06

           Step           Time
         311500      623.00000

   Energies (kJ/mol)
           Bond            U-B    Proper Dih.  Improper Dih.      CMAP Dih.
    6.00956e+03    1.78964e+04    1.16492e+04    1.10755e+03   -2.41270e+03
          LJ-14     Coulomb-14        LJ (SR)   Coulomb (SR)   Coul. recip.
    5.85117e+03    1.12717e+05    2.39486e+05   -1.81017e+06    4.63835e+03
 Position Rest.      Potential    Kinetic En.   Total Energy  Conserved En.
    2.01418e+03   -1.41122e+06    2.35936e+05   -1.17528e+06   -1.16121e+06
    Temperature Pressure (bar)   Constr. rmsd
    2.99626e+02    5.00584e+01    2.99942e-06


DD  step 311999 load imb.: force 16.4%  pme mesh/force 0.267
           Step           Time
         312000      624.00000

   Energies (kJ/mol)
           Bond            U-B    Proper Dih.  Improper Dih.      CMAP Dih.
    6.25533e+03    1.81393e+04    1.15591e+04    1.00974e+03   -2.43826e+03
          LJ-14     Coulomb-14        LJ (SR)   Coulomb (SR)   Coul. recip.
    5.68204e+03    1.12501e+05    2.38952e+05   -1.80915e+06    4.52760e+03
 Position Rest.      Potential    Kinetic En.   Total Energy  Conserved En.
    2.00915e+03   -1.41095e+06    2.37216e+05   -1.17373e+06   -1.16121e+06
    Temperature Pressure (bar)   Constr. rmsd
    3.01252e+02   -9.25236e+01    3.12317e-06

           Step           Time
         312500      625.00000

   Energies (kJ/mol)
           Bond            U-B    Proper Dih.  Improper Dih.      CMAP Dih.
    6.24185e+03    1.83933e+04    1.16227e+04    1.01058e+03   -2.43149e+03
          LJ-14     Coulomb-14        LJ (SR)   Coulomb (SR)   Coul. recip.
    5.71058e+03    1.12396e+05    2.41215e+05   -1.81174e+06    4.61076e+03
 Position Rest.      Potential    Kinetic En.   Total Energy  Conserved En.
    1.99561e+03   -1.41098e+06    2.37557e+05   -1.17342e+06   -1.16117e+06
    Temperature Pressure (bar)   Constr. rmsd
    3.01685e+02    1.45632e+02    3.12524e-06

           Step           Time
         313000      626.00000

   Energies (kJ/mol)
           Bond            U-B    Proper Dih.  Improper Dih.      CMAP Dih.
    6.28034e+03    1.78890e+04    1.15715e+04    1.04090e+03   -2.35574e+03
          LJ-14     Coulomb-14        LJ (SR)   Coulomb (SR)   Coul. recip.
    5.71700e+03    1.12789e+05    2.41503e+05   -1.81304e+06    4.57768e+03
 Position Rest.      Potential    Kinetic En.   Total Energy  Conserved En.
    2.02362e+03   -1.41200e+06    2.35181e+05   -1.17682e+06   -1.16113e+06
    Temperature Pressure (bar)   Constr. rmsd
    2.98668e+02    1.16415e+02    3.14895e-06

           Step           Time
         313500      627.00000

   Energies (kJ/mol)
           Bond            U-B    Proper Dih.  Improper Dih.      CMAP Dih.
    6.34035e+03    1.80656e+04    1.16269e+04    1.09012e+03   -2.29433e+03
          LJ-14     Coulomb-14        LJ (SR)   Coulomb (SR)   Coul. recip.
    5.73044e+03    1.13076e+05    2.40296e+05   -1.81078e+06    4.58412e+03
 Position Rest.      Potential    Kinetic En.   Total Energy  Conserved En.
    1.93663e+03   -1.41033e+06    2.36461e+05   -1.17387e+06   -1.16109e+06
    Temperature Pressure (bar)   Constr. rmsd
    3.00293e+02    3.03282e+01    2.99837e-06


DD  step 313999 load imb.: force 18.2%  pme mesh/force 0.265
           Step           Time
         314000      628.00000

   Energies (kJ/mol)
           Bond            U-B    Proper Dih.  Improper Dih.      CMAP Dih.
    6.18117e+03    1.83976e+04    1.17562e+04    1.09334e+03   -2.45371e+03
          LJ-14     Coulomb-14        LJ (SR)   Coulomb (SR)   Coul. recip.
    5.66551e+03    1.12549e+05    2.43225e+05   -1.81318e+06    4.72485e+03
 Position Rest.      Potential    Kinetic En.   Total Energy  Conserved En.
    1.98399e+03   -1.41006e+06    2.38033e+05   -1.17203e+06   -1.16110e+06
    Temperature Pressure (bar)   Constr. rmsd
    3.02289e+02    1.97256e+02    3.14573e-06

           Step           Time
         314500      629.00000

   Energies (kJ/mol)
           Bond            U-B    Proper Dih.  Improper Dih.      CMAP Dih.
    6.25368e+03    1.84210e+04    1.14862e+04    1.09423e+03   -2.45567e+03
          LJ-14     Coulomb-14        LJ (SR)   Coulomb (SR)   Coul. recip.
    5.71186e+03    1.12807e+05    2.39630e+05   -1.81165e+06    4.61190e+03
 Position Rest.      Potential    Kinetic En.   Total Energy  Conserved En.
    1.97902e+03   -1.41211e+06    2.36736e+05   -1.17537e+06   -1.16110e+06
    Temperature Pressure (bar)   Constr. rmsd
    3.00642e+02   -3.78646e+01    3.21689e-06

           Step           Time
         315000      630.00000

   Energies (kJ/mol)
           Bond            U-B    Proper Dih.  Improper Dih.      CMAP Dih.
    6.28297e+03    1.80801e+04    1.16591e+04    1.10847e+03   -2.45813e+03
          LJ-14     Coulomb-14        LJ (SR)   Coulomb (SR)   Coul. recip.
    5.77721e+03    1.13093e+05    2.37880e+05   -1.80918e+06    4.61354e+03
 Position Rest.      Potential    Kinetic En.   Total Energy  Conserved En.
    1.98762e+03   -1.41116e+06    2.36501e+05   -1.17466e+06   -1.16107e+06
    Temperature Pressure (bar)   Constr. rmsd
    3.00344e+02   -1.60660e+02    3.21425e-06

           Step           Time
         315500      631.00000

   Energies (kJ/mol)
           Bond            U-B    Proper Dih.  Improper Dih.      CMAP Dih.
    6.34848e+03    1.80143e+04    1.14647e+04    1.11085e+03   -2.52606e+03
          LJ-14     Coulomb-14        LJ (SR)   Coulomb (SR)   Coul. recip.
    5.60823e+03    1.12547e+05    2.40055e+05   -1.80993e+06    4.57283e+03
 Position Rest.      Potential    Kinetic En.   Total Energy  Conserved En.
    2.00405e+03   -1.41073e+06    2.35040e+05   -1.17569e+06   -1.16103e+06
    Temperature Pressure (bar)   Constr. rmsd
    2.98489e+02   -7.59297e+01    3.29582e-06


DD  step 315999 load imb.: force 17.3%  pme mesh/force 0.270
           Step           Time
         316000      632.00000

   Energies (kJ/mol)
           Bond            U-B    Proper Dih.  Improper Dih.      CMAP Dih.
    6.16079e+03    1.81551e+04    1.15872e+04    1.10247e+03   -2.46249e+03
          LJ-14     Coulomb-14        LJ (SR)   Coulomb (SR)   Coul. recip.
    5.71803e+03    1.13040e+05    2.40712e+05   -1.81285e+06    4.61040e+03
 Position Rest.      Potential    Kinetic En.   Total Energy  Conserved En.
    1.96113e+03   -1.41227e+06    2.36431e+05   -1.17583e+06   -1.16101e+06
    Temperature Pressure (bar)   Constr. rmsd
    3.00256e+02    5.34001e+01    3.08959e-06

           Step           Time
         316500      633.00000

   Energies (kJ/mol)
           Bond            U-B    Proper Dih.  Improper Dih.      CMAP Dih.
    6.10257e+03    1.83039e+04    1.17809e+04    1.08234e+03   -2.50127e+03
          LJ-14     Coulomb-14        LJ (SR)   Coulomb (SR)   Coul. recip.
    5.81934e+03    1.13178e+05    2.40495e+05   -1.81301e+06    4.76463e+03
 Position Rest.      Potential    Kinetic En.   Total Energy  Conserved En.
    1.97503e+03   -1.41201e+06    2.36992e+05   -1.17502e+06   -1.16097e+06
    Temperature Pressure (bar)   Constr. rmsd
    3.00968e+02   -3.96057e+01    3.06765e-06

           Step           Time
         317000      634.00000

   Energies (kJ/mol)
           Bond            U-B    Proper Dih.  Improper Dih.      CMAP Dih.
    6.08006e+03    1.83550e+04    1.16219e+04    1.09498e+03   -2.49318e+03
          LJ-14     Coulomb-14        LJ (SR)   Coulomb (SR)   Coul. recip.
    5.64307e+03    1.12863e+05    2.40852e+05   -1.81127e+06    4.65575e+03
 Position Rest.      Potential    Kinetic En.   Total Energy  Conserved En.
    1.99735e+03   -1.41059e+06    2.36434e+05   -1.17416e+06   -1.16093e+06
    Temperature Pressure (bar)   Constr. rmsd
    3.00260e+02    7.15700e+01    2.97917e-06

           Step           Time
         317500      635.00000

   Energies (kJ/mol)
           Bond            U-B    Proper Dih.  Improper Dih.      CMAP Dih.
    6.15958e+03    1.83519e+04    1.17262e+04    1.10053e+03   -2.43381e+03
          LJ-14     Coulomb-14        LJ (SR)   Coulomb (SR)   Coul. recip.
    5.76604e+03    1.12526e+05    2.39022e+05   -1.80890e+06    4.79946e+03
 Position Rest.      Potential    Kinetic En.   Total Energy  Conserved En.
    1.99906e+03   -1.40988e+06    2.36735e+05   -1.17315e+06   -1.16093e+06
    Temperature Pressure (bar)   Constr. rmsd
    3.00641e+02   -4.50953e+01    3.11326e-06


DD  step 317999 load imb.: force 17.3%  pme mesh/force 0.281
           Step           Time
         318000      636.00000

   Energies (kJ/mol)
           Bond            U-B    Proper Dih.  Improper Dih.      CMAP Dih.
    6.25448e+03    1.82706e+04    1.15769e+04    1.06792e+03   -2.46109e+03
          LJ-14     Coulomb-14        LJ (SR)   Coulomb (SR)   Coul. recip.
    5.61567e+03    1.12991e+05    2.38786e+05   -1.81104e+06    4.66398e+03
 Position Rest.      Potential    Kinetic En.   Total Energy  Conserved En.
    2.01305e+03   -1.41226e+06    2.35277e+05   -1.17699e+06   -1.16088e+06
    Temperature Pressure (bar)   Constr. rmsd
    2.98789e+02   -2.02946e+02    3.19197e-06

           Step           Time
         318500      637.00000

   Energies (kJ/mol)
           Bond            U-B    Proper Dih.  Improper Dih.      CMAP Dih.
    6.34197e+03    1.83021e+04    1.15563e+04    1.10205e+03   -2.46458e+03
          LJ-14     Coulomb-14        LJ (SR)   Coulomb (SR)   Coul. recip.
    5.69682e+03    1.12647e+05    2.38337e+05   -1.80774e+06    4.69263e+03
 Position Rest.      Potential    Kinetic En.   Total Energy  Conserved En.
    1.96998e+03   -1.40956e+06    2.36606e+05   -1.17296e+06   -1.16089e+06
    Temperature Pressure (bar)   Constr. rmsd
    3.00477e+02   -1.39438e+02    2.99703e-06

           Step           Time
         319000      638.00000

   Energies (kJ/mol)
           Bond            U-B    Proper Dih.  Improper Dih.      CMAP Dih.
    6.38179e+03    1.82739e+04    1.15645e+04    1.07256e+03   -2.45790e+03
          LJ-14     Coulomb-14        LJ (SR)   Coulomb (SR)   Coul. recip.
    5.64439e+03    1.12626e+05    2.40338e+05   -1.81279e+06    4.61913e+03
 Position Rest.      Potential    Kinetic En.   Total Energy  Conserved En.
    1.91826e+03   -1.41281e+06    2.35569e+05   -1.17724e+06   -1.16085e+06
    Temperature Pressure (bar)   Constr. rmsd
    2.99160e+02   -2.42312e+00    3.20825e-06

           Step           Time
         319500      639.00000

   Energies (kJ/mol)
           Bond            U-B    Proper Dih.  Improper Dih.      CMAP Dih.
    6.29210e+03    1.80193e+04    1.16102e+04    1.06976e+03   -2.49369e+03
          LJ-14     Coulomb-14        LJ (SR)   Coulomb (SR)   Coul. recip.
    5.74183e+03    1.12688e+05    2.39114e+05   -1.81059e+06    4.74537e+03
 Position Rest.      Potential    Kinetic En.   Total Energy  Conserved En.
    2.05877e+03   -1.41174e+06    2.35734e+05   -1.17601e+06   -1.16081e+06
    Temperature Pressure (bar)   Constr. rmsd
    2.99370e+02   -9.49882e+01    3.06039e-06


DD  step 319999 load imb.: force 16.6%  pme mesh/force 0.261
           Step           Time
         320000      640.00000

   Energies (kJ/mol)
           Bond            U-B    Proper Dih.  Improper Dih.      CMAP Dih.
    6.41021e+03    1.80019e+04    1.15625e+04    1.06281e+03   -2.43982e+03
          LJ-14     Coulomb-14        LJ (SR)   Coulomb (SR)   Coul. recip.
    5.71219e+03    1.12310e+05    2.41173e+05   -1.81318e+06    4.51425e+03
 Position Rest.      Potential    Kinetic En.   Total Energy  Conserved En.
    1.98198e+03   -1.41289e+06    2.35104e+05   -1.17779e+06   -1.16081e+06
    Temperature Pressure (bar)   Constr. rmsd
    2.98570e+02    1.60840e+01    3.29075e-06

           Step           Time
         320500      641.00000

   Energies (kJ/mol)
           Bond            U-B    Proper Dih.  Improper Dih.      CMAP Dih.
    6.16446e+03    1.81783e+04    1.15683e+04    1.07521e+03   -2.44792e+03
          LJ-14     Coulomb-14        LJ (SR)   Coulomb (SR)   Coul. recip.
    5.69814e+03    1.12979e+05    2.40578e+05   -1.81107e+06    4.59901e+03
 Position Rest.      Potential    Kinetic En.   Total Energy  Conserved En.
    2.02459e+03   -1.41065e+06    2.37176e+05   -1.17348e+06   -1.16081e+06
    Temperature Pressure (bar)   Constr. rmsd
    3.01201e+02   -1.23407e+01    3.34485e-06

           Step           Time
         321000      642.00000

   Energies (kJ/mol)
           Bond            U-B    Proper Dih.  Improper Dih.      CMAP Dih.
    6.36121e+03    1.81716e+04    1.15364e+04    1.04447e+03   -2.48508e+03
          LJ-14     Coulomb-14        LJ (SR)   Coulomb (SR)   Coul. recip.
    5.81575e+03    1.12740e+05    2.42230e+05   -1.81393e+06    4.59580e+03
 Position Rest.      Potential    Kinetic En.   Total Energy  Conserved En.
    1.99155e+03   -1.41193e+06    2.36994e+05   -1.17494e+06   -1.16075e+06
    Temperature Pressure (bar)   Constr. rmsd
    3.00970e+02    8.04469e+01    3.43622e-06

           Step           Time
         321500      643.00000

   Energies (kJ/mol)
           Bond            U-B    Proper Dih.  Improper Dih.      CMAP Dih.
    6.23260e+03    1.81530e+04    1.15005e+04    1.08967e+03   -2.48443e+03
          LJ-14     Coulomb-14        LJ (SR)   Coulomb (SR)   Coul. recip.
    5.80668e+03    1.12896e+05    2.40047e+05   -1.80987e+06    4.63763e+03
 Position Rest.      Potential    Kinetic En.   Total Energy  Conserved En.
    2.01431e+03   -1.40998e+06    2.34937e+05   -1.17504e+06   -1.16072e+06
    Temperature Pressure (bar)   Constr. rmsd
    2.98357e+02    1.33400e+01    3.15617e-06


DD  step 321999 load imb.: force 17.2%  pme mesh/force 0.270
           Step           Time
         322000      644.00000

   Energies (kJ/mol)
           Bond            U-B    Proper Dih.  Improper Dih.      CMAP Dih.
    6.30968e+03    1.83851e+04    1.16147e+04    1.07476e+03   -2.45555e+03
          LJ-14     Coulomb-14        LJ (SR)   Coulomb (SR)   Coul. recip.
    5.64909e+03    1.12688e+05    2.41094e+05   -1.81331e+06    4.59014e+03
 Position Rest.      Potential    Kinetic En.   Total Energy  Conserved En.
    2.04387e+03   -1.41232e+06    2.35099e+05   -1.17722e+06   -1.16070e+06
    Temperature Pressure (bar)   Constr. rmsd
    2.98564e+02   -4.64349e+01    3.12444e-06

           Step           Time
         322500      645.00000

   Energies (kJ/mol)
           Bond            U-B    Proper Dih.  Improper Dih.      CMAP Dih.
    6.07496e+03    1.80894e+04    1.18450e+04    1.04935e+03   -2.46861e+03
          LJ-14     Coulomb-14        LJ (SR)   Coulomb (SR)   Coul. recip.
    5.69159e+03    1.12633e+05    2.42923e+05   -1.81634e+06    4.65409e+03
 Position Rest.      Potential    Kinetic En.   Total Energy  Conserved En.
    1.98494e+03   -1.41387e+06    2.36345e+05   -1.17752e+06   -1.16072e+06
    Temperature Pressure (bar)   Constr. rmsd
    3.00145e+02    1.65334e+02    3.07220e-06

           Step           Time
         323000      646.00000

   Energies (kJ/mol)
           Bond            U-B    Proper Dih.  Improper Dih.      CMAP Dih.
    6.15969e+03    1.80791e+04    1.17145e+04    1.03950e+03   -2.49675e+03
          LJ-14     Coulomb-14        LJ (SR)   Coulomb (SR)   Coul. recip.
    5.78567e+03    1.13152e+05    2.38691e+05   -1.80935e+06    4.69373e+03
 Position Rest.      Potential    Kinetic En.   Total Energy  Conserved En.
    2.02852e+03   -1.41050e+06    2.35309e+05   -1.17519e+06   -1.16067e+06
    Temperature Pressure (bar)   Constr. rmsd
    2.98830e+02   -6.43966e+01    3.02947e-06

           Step           Time
         323500      647.00000

   Energies (kJ/mol)
           Bond            U-B    Proper Dih.  Improper Dih.      CMAP Dih.
    6.13434e+03    1.76835e+04    1.16427e+04    1.06650e+03   -2.42350e+03
          LJ-14     Coulomb-14        LJ (SR)   Coulomb (SR)   Coul. recip.
    5.72977e+03    1.12848e+05    2.41509e+05   -1.81303e+06    4.64164e+03
 Position Rest.      Potential    Kinetic En.   Total Energy  Conserved En.
    2.11005e+03   -1.41209e+06    2.34689e+05   -1.17740e+06   -1.16067e+06
    Temperature Pressure (bar)   Constr. rmsd
    2.98042e+02    4.17803e+01    3.11023e-06


DD  step 323999 load imb.: force 17.7%  pme mesh/force 0.268
           Step           Time
         324000      648.00000

   Energies (kJ/mol)
           Bond            U-B    Proper Dih.  Improper Dih.      CMAP Dih.
    6.27846e+03    1.83551e+04    1.14745e+04    1.10082e+03   -2.46987e+03
          LJ-14     Coulomb-14        LJ (SR)   Coulomb (SR)   Coul. recip.
    5.70204e+03    1.12882e+05    2.39880e+05   -1.81157e+06    4.69638e+03
 Position Rest.      Potential    Kinetic En.   Total Energy  Conserved En.
    2.02752e+03   -1.41164e+06    2.38639e+05   -1.17301e+06   -1.16065e+06
    Temperature Pressure (bar)   Constr. rmsd
    3.03059e+02   -8.33336e+01    3.06458e-06

           Step           Time
         324500      649.00000

   Energies (kJ/mol)
           Bond            U-B    Proper Dih.  Improper Dih.      CMAP Dih.
    6.16391e+03    1.85012e+04    1.15743e+04    9.57196e+02   -2.37202e+03
          LJ-14     Coulomb-14        LJ (SR)   Coulomb (SR)   Coul. recip.
    5.64464e+03    1.12511e+05    2.40187e+05   -1.81074e+06    4.75902e+03
 Position Rest.      Potential    Kinetic En.   Total Energy  Conserved En.
    1.98305e+03   -1.41083e+06    2.35669e+05   -1.17517e+06   -1.16066e+06
    Temperature Pressure (bar)   Constr. rmsd
    2.99287e+02   -1.28077e+01    3.06545e-06

           Step           Time
         325000      650.00000

   Energies (kJ/mol)
           Bond            U-B    Proper Dih.  Improper Dih.      CMAP Dih.
    6.23528e+03    1.84712e+04    1.16574e+04    1.04898e+03   -2.46541e+03
          LJ-14     Coulomb-14        LJ (SR)   Coulomb (SR)   Coul. recip.
    5.70275e+03    1.12891e+05    2.39720e+05   -1.81192e+06    4.63514e+03
 Position Rest.      Potential    Kinetic En.   Total Energy  Conserved En.
    2.02159e+03   -1.41200e+06    2.36658e+05   -1.17534e+06   -1.16059e+06
    Temperature Pressure (bar)   Constr. rmsd
    3.00543e+02    2.70168e+01    3.02236e-06

           Step           Time
         325500      651.00000

   Energies (kJ/mol)
           Bond            U-B    Proper Dih.  Improper Dih.      CMAP Dih.
    6.30021e+03    1.82374e+04    1.15748e+04    1.11008e+03   -2.44733e+03
          LJ-14     Coulomb-14        LJ (SR)   Coulomb (SR)   Coul. recip.
    5.51918e+03    1.12521e+05    2.39227e+05   -1.81047e+06    4.64823e+03
 Position Rest.      Potential    Kinetic En.   Total Energy  Conserved En.
    2.05868e+03   -1.41172e+06    2.36150e+05   -1.17557e+06   -1.16061e+06
    Temperature Pressure (bar)   Constr. rmsd
    2.99898e+02   -2.25691e+02    3.07829e-06


DD  step 325999 load imb.: force 18.2%  pme mesh/force 0.278
           Step           Time
         326000      652.00000

   Energies (kJ/mol)
           Bond            U-B    Proper Dih.  Improper Dih.      CMAP Dih.
    6.21296e+03    1.89158e+04    1.16530e+04    1.06880e+03   -2.46401e+03
          LJ-14     Coulomb-14        LJ (SR)   Coulomb (SR)   Coul. recip.
    5.60239e+03    1.12512e+05    2.39944e+05   -1.81149e+06    4.57745e+03
 Position Rest.      Potential    Kinetic En.   Total Energy  Conserved En.
    2.04277e+03   -1.41143e+06    2.36889e+05   -1.17454e+06   -1.16057e+06
    Temperature Pressure (bar)   Constr. rmsd
    3.00837e+02   -4.44644e+01    3.15628e-06

           Step           Time
         326500      653.00000

   Energies (kJ/mol)
           Bond            U-B    Proper Dih.  Improper Dih.      CMAP Dih.
    6.19702e+03    1.85885e+04    1.16335e+04    1.06077e+03   -2.46722e+03
          LJ-14     Coulomb-14        LJ (SR)   Coulomb (SR)   Coul. recip.
    5.75643e+03    1.12520e+05    2.41203e+05   -1.81245e+06    4.64651e+03
 Position Rest.      Potential    Kinetic En.   Total Energy  Conserved En.
    2.05750e+03   -1.41125e+06    2.36409e+05   -1.17484e+06   -1.16054e+06
    Temperature Pressure (bar)   Constr. rmsd
    3.00227e+02    4.94396e+01    3.22263e-06

           Step           Time
         327000      654.00000

   Energies (kJ/mol)
           Bond            U-B    Proper Dih.  Improper Dih.      CMAP Dih.
    6.27679e+03    1.82662e+04    1.16217e+04    1.06318e+03   -2.41087e+03
          LJ-14     Coulomb-14        LJ (SR)   Coulomb (SR)   Coul. recip.
    5.67209e+03    1.12827e+05    2.40271e+05   -1.80978e+06    4.58432e+03
 Position Rest.      Potential    Kinetic En.   Total Energy  Conserved En.
    1.97481e+03   -1.40963e+06    2.35247e+05   -1.17439e+06   -1.16050e+06
    Temperature Pressure (bar)   Constr. rmsd
    2.98751e+02    1.37869e+02    3.14901e-06

           Step           Time
         327500      655.00000

   Energies (kJ/mol)
           Bond            U-B    Proper Dih.  Improper Dih.      CMAP Dih.
    6.25152e+03    1.83211e+04    1.15670e+04    1.10719e+03   -2.54522e+03
          LJ-14     Coulomb-14        LJ (SR)   Coulomb (SR)   Coul. recip.
    5.68510e+03    1.12696e+05    2.39633e+05   -1.81160e+06    4.53025e+03
 Position Rest.      Potential    Kinetic En.   Total Energy  Conserved En.
    2.04112e+03   -1.41232e+06    2.34690e+05   -1.17763e+06   -1.16046e+06
    Temperature Pressure (bar)   Constr. rmsd
    2.98044e+02   -8.36982e+01    3.06951e-06


DD  step 327999 load imb.: force 17.3%  pme mesh/force 0.260
           Step           Time
         328000      656.00000

   Energies (kJ/mol)
           Bond            U-B    Proper Dih.  Improper Dih.      CMAP Dih.
    6.18253e+03    1.81194e+04    1.16393e+04    1.06444e+03   -2.50467e+03
          LJ-14     Coulomb-14        LJ (SR)   Coulomb (SR)   Coul. recip.
    5.80545e+03    1.12857e+05    2.41286e+05   -1.81324e+06    4.61448e+03
 Position Rest.      Potential    Kinetic En.   Total Energy  Conserved En.
    2.05185e+03   -1.41212e+06    2.36526e+05   -1.17560e+06   -1.16047e+06
    Temperature Pressure (bar)   Constr. rmsd
    3.00376e+02    1.34986e+02    3.02180e-06

           Step           Time
         328500      657.00000

   Energies (kJ/mol)
           Bond            U-B    Proper Dih.  Improper Dih.      CMAP Dih.
    6.07542e+03    1.81009e+04    1.15793e+04    1.01687e+03   -2.39968e+03
          LJ-14     Coulomb-14        LJ (SR)   Coulomb (SR)   Coul. recip.
    5.67889e+03    1.12865e+05    2.41798e+05   -1.81476e+06    4.69405e+03
 Position Rest.      Potential    Kinetic En.   Total Energy  Conserved En.
    2.04751e+03   -1.41330e+06    2.35392e+05   -1.17791e+06   -1.16046e+06
    Temperature Pressure (bar)   Constr. rmsd
    2.98935e+02    8.05574e+01    3.07956e-06

           Step           Time
         329000      658.00000

   Energies (kJ/mol)
           Bond            U-B    Proper Dih.  Improper Dih.      CMAP Dih.
    6.20722e+03    1.81917e+04    1.15809e+04    1.13758e+03   -2.42046e+03
          LJ-14     Coulomb-14        LJ (SR)   Coulomb (SR)   Coul. recip.
    5.68605e+03    1.12719e+05    2.42959e+05   -1.81404e+06    4.63192e+03
 Position Rest.      Potential    Kinetic En.   Total Energy  Conserved En.
    2.07292e+03   -1.41128e+06    2.37095e+05   -1.17418e+06   -1.16045e+06
    Temperature Pressure (bar)   Constr. rmsd
    3.01099e+02    1.61426e+02    3.09361e-06

           Step           Time
         329500      659.00000

   Energies (kJ/mol)
           Bond            U-B    Proper Dih.  Improper Dih.      CMAP Dih.
    6.27396e+03    1.78481e+04    1.15947e+04    1.06776e+03   -2.50919e+03
          LJ-14     Coulomb-14        LJ (SR)   Coulomb (SR)   Coul. recip.
    5.75242e+03    1.12422e+05    2.42230e+05   -1.81267e+06    4.63569e+03
 Position Rest.      Potential    Kinetic En.   Total Energy  Conserved En.
    1.95614e+03   -1.41140e+06    2.34351e+05   -1.17704e+06   -1.16041e+06
    Temperature Pressure (bar)   Constr. rmsd
    2.97614e+02   -2.10259e+01    3.24822e-06


DD  step 329999 load imb.: force 17.1%  pme mesh/force 0.275
           Step           Time
         330000      660.00000

   Energies (kJ/mol)
           Bond            U-B    Proper Dih.  Improper Dih.      CMAP Dih.
    6.41230e+03    1.78160e+04    1.17637e+04    1.08141e+03   -2.44197e+03
          LJ-14     Coulomb-14        LJ (SR)   Coulomb (SR)   Coul. recip.
    5.61318e+03    1.12845e+05    2.40405e+05   -1.81187e+06    4.70080e+03
 Position Rest.      Potential    Kinetic En.   Total Energy  Conserved En.
    2.10169e+03   -1.41157e+06    2.36568e+05   -1.17500e+06   -1.16040e+06
    Temperature Pressure (bar)   Constr. rmsd
    3.00429e+02   -2.63633e+01    3.18182e-06

           Step           Time
         330500      661.00000

   Energies (kJ/mol)
           Bond            U-B    Proper Dih.  Improper Dih.      CMAP Dih.
    6.25917e+03    1.81052e+04    1.15816e+04    1.07676e+03   -2.43850e+03
          LJ-14     Coulomb-14        LJ (SR)   Coulomb (SR)   Coul. recip.
    5.76414e+03    1.12789e+05    2.39657e+05   -1.80943e+06    4.52462e+03
 Position Rest.      Potential    Kinetic En.   Total Energy  Conserved En.
    1.99989e+03   -1.41011e+06    2.35372e+05   -1.17474e+06   -1.16038e+06
    Temperature Pressure (bar)   Constr. rmsd
    2.98911e+02   -4.58731e+00    3.10006e-06

           Step           Time
         331000      662.00000

   Energies (kJ/mol)
           Bond            U-B    Proper Dih.  Improper Dih.      CMAP Dih.
    6.37047e+03    1.81835e+04    1.15867e+04    1.08895e+03   -2.46077e+03
          LJ-14     Coulomb-14        LJ (SR)   Coulomb (SR)   Coul. recip.
    5.87041e+03    1.12555e+05    2.39360e+05   -1.80984e+06    4.60533e+03
 Position Rest.      Potential    Kinetic En.   Total Energy  Conserved En.
    1.93414e+03   -1.41075e+06    2.35694e+05   -1.17505e+06   -1.16035e+06
    Temperature Pressure (bar)   Constr. rmsd
    2.99319e+02    1.53712e+02    3.08916e-06

           Step           Time
         331500      663.00000

   Energies (kJ/mol)
           Bond            U-B    Proper Dih.  Improper Dih.      CMAP Dih.
    6.15160e+03    1.84032e+04    1.15178e+04    9.78785e+02   -2.43661e+03
          LJ-14     Coulomb-14        LJ (SR)   Coulomb (SR)   Coul. recip.
    5.79237e+03    1.13006e+05    2.40934e+05   -1.81292e+06    4.58981e+03
 Position Rest.      Potential    Kinetic En.   Total Energy  Conserved En.
    2.01197e+03   -1.41197e+06    2.37082e+05   -1.17489e+06   -1.16032e+06
    Temperature Pressure (bar)   Constr. rmsd
    3.01082e+02    2.70758e+00    3.17682e-06


DD  step 331999 load imb.: force 17.0%  pme mesh/force 0.262
           Step           Time
         332000      664.00000

   Energies (kJ/mol)
           Bond            U-B    Proper Dih.  Improper Dih.      CMAP Dih.
    6.38123e+03    1.80801e+04    1.15475e+04    1.11496e+03   -2.48927e+03
          LJ-14     Coulomb-14        LJ (SR)   Coulomb (SR)   Coul. recip.
    5.68316e+03    1.12792e+05    2.41284e+05   -1.81209e+06    4.67858e+03
 Position Rest.      Potential    Kinetic En.   Total Energy  Conserved En.
    2.03707e+03   -1.41098e+06    2.36754e+05   -1.17423e+06   -1.16028e+06
    Temperature Pressure (bar)   Constr. rmsd
    3.00665e+02    1.56368e+02    3.11012e-06

           Step           Time
         332500      665.00000

   Energies (kJ/mol)
           Bond            U-B    Proper Dih.  Improper Dih.      CMAP Dih.
    6.30140e+03    1.81598e+04    1.16591e+04    1.11830e+03   -2.53260e+03
          LJ-14     Coulomb-14        LJ (SR)   Coulomb (SR)   Coul. recip.
    5.70651e+03    1.12598e+05    2.43630e+05   -1.81652e+06    4.68741e+03
 Position Rest.      Potential    Kinetic En.   Total Energy  Conserved En.
    1.97382e+03   -1.41322e+06    2.36362e+05   -1.17686e+06   -1.16028e+06
    Temperature Pressure (bar)   Constr. rmsd
    3.00167e+02    5.67471e+00    3.13774e-06

           Step           Time
         333000      666.00000

   Energies (kJ/mol)
           Bond            U-B    Proper Dih.  Improper Dih.      CMAP Dih.
    6.09455e+03    1.79630e+04    1.16484e+04    1.08166e+03   -2.43319e+03
          LJ-14     Coulomb-14        LJ (SR)   Coulomb (SR)   Coul. recip.
    5.70242e+03    1.12831e+05    2.41945e+05   -1.81325e+06    4.61290e+03
 Position Rest.      Potential    Kinetic En.   Total Energy  Conserved En.
    2.02334e+03   -1.41178e+06    2.36054e+05   -1.17573e+06   -1.16028e+06
    Temperature Pressure (bar)   Constr. rmsd
    2.99777e+02    5.21948e+01    3.04928e-06

           Step           Time
         333500      667.00000

   Energies (kJ/mol)
           Bond            U-B    Proper Dih.  Improper Dih.      CMAP Dih.
    6.29831e+03    1.79542e+04    1.16864e+04    1.07376e+03   -2.49145e+03
          LJ-14     Coulomb-14        LJ (SR)   Coulomb (SR)   Coul. recip.
    5.65544e+03    1.12967e+05    2.41244e+05   -1.81358e+06    4.63185e+03
 Position Rest.      Potential    Kinetic En.   Total Energy  Conserved En.
    2.09237e+03   -1.41247e+06    2.36243e+05   -1.17622e+06   -1.16025e+06
    Temperature Pressure (bar)   Constr. rmsd
    3.00017e+02    2.36691e+01    3.08463e-06


DD  step 333999 load imb.: force 16.9%  pme mesh/force 0.264
           Step           Time
         334000      668.00000

   Energies (kJ/mol)
           Bond            U-B    Proper Dih.  Improper Dih.      CMAP Dih.
    6.33520e+03    1.80034e+04    1.16052e+04    1.06722e+03   -2.42052e+03
          LJ-14     Coulomb-14        LJ (SR)   Coulomb (SR)   Coul. recip.
    5.80054e+03    1.12972e+05    2.40542e+05   -1.80997e+06    4.55488e+03
 Position Rest.      Potential    Kinetic En.   Total Energy  Conserved En.
    1.90886e+03   -1.40960e+06    2.36589e+05   -1.17301e+06   -1.16023e+06
    Temperature Pressure (bar)   Constr. rmsd
    3.00456e+02    2.30212e+01    3.20337e-06

           Step           Time
         334500      669.00000

   Energies (kJ/mol)
           Bond            U-B    Proper Dih.  Improper Dih.      CMAP Dih.
    6.32623e+03    1.80688e+04    1.16015e+04    1.08457e+03   -2.42714e+03
          LJ-14     Coulomb-14        LJ (SR)   Coulomb (SR)   Coul. recip.
    5.79389e+03    1.12533e+05    2.39835e+05   -1.81076e+06    4.47208e+03
 Position Rest.      Potential    Kinetic En.   Total Energy  Conserved En.
    2.01332e+03   -1.41146e+06    2.36570e+05   -1.17489e+06   -1.16022e+06
    Temperature Pressure (bar)   Constr. rmsd
    3.00431e+02    4.41397e+01    2.98944e-06

           Step           Time
         335000      670.00000

   Energies (kJ/mol)
           Bond            U-B    Proper Dih.  Improper Dih.      CMAP Dih.
    6.14587e+03    1.78976e+04    1.15990e+04    1.01882e+03   -2.40716e+03
          LJ-14     Coulomb-14        LJ (SR)   Coulomb (SR)   Coul. recip.
    5.70972e+03    1.12608e+05    2.40856e+05   -1.81192e+06    4.60139e+03
 Position Rest.      Potential    Kinetic En.   Total Energy  Conserved En.
    2.02366e+03   -1.41187e+06    2.35905e+05   -1.17597e+06   -1.16019e+06
    Temperature Pressure (bar)   Constr. rmsd
    2.99587e+02   -7.50186e+01    2.99276e-06

           Step           Time
         335500      671.00000

   Energies (kJ/mol)
           Bond            U-B    Proper Dih.  Improper Dih.      CMAP Dih.
    6.37415e+03    1.80740e+04    1.16753e+04    1.09525e+03   -2.48798e+03
          LJ-14     Coulomb-14        LJ (SR)   Coulomb (SR)   Coul. recip.
    5.69703e+03    1.12807e+05    2.38796e+05   -1.80861e+06    4.41797e+03
 Position Rest.      Potential    Kinetic En.   Total Energy  Conserved En.
    2.11199e+03   -1.41005e+06    2.35908e+05   -1.17414e+06   -1.16018e+06
    Temperature Pressure (bar)   Constr. rmsd
    2.99591e+02   -1.50685e+02    3.09505e-06


DD  step 335999 load imb.: force 17.3%  pme mesh/force 0.274
           Step           Time
         336000      672.00000

   Energies (kJ/mol)
           Bond            U-B    Proper Dih.  Improper Dih.      CMAP Dih.
    6.25445e+03    1.81079e+04    1.15080e+04    1.04390e+03   -2.41750e+03
          LJ-14     Coulomb-14        LJ (SR)   Coulomb (SR)   Coul. recip.
    5.64348e+03    1.12483e+05    2.40423e+05   -1.81137e+06    4.74345e+03
 Position Rest.      Potential    Kinetic En.   Total Energy  Conserved En.
    2.02500e+03   -1.41155e+06    2.36202e+05   -1.17535e+06   -1.16014e+06
    Temperature Pressure (bar)   Constr. rmsd
    2.99965e+02   -5.93007e+00    2.98761e-06

           Step           Time
         336500      673.00000

   Energies (kJ/mol)
           Bond            U-B    Proper Dih.  Improper Dih.      CMAP Dih.
    6.16223e+03    1.81853e+04    1.16128e+04    1.02581e+03   -2.47631e+03
          LJ-14     Coulomb-14        LJ (SR)   Coulomb (SR)   Coul. recip.
    5.78675e+03    1.12755e+05    2.38989e+05   -1.80665e+06    4.70201e+03
 Position Rest.      Potential    Kinetic En.   Total Energy  Conserved En.
    2.04340e+03   -1.40786e+06    2.36454e+05   -1.17140e+06   -1.16014e+06
    Temperature Pressure (bar)   Constr. rmsd
    3.00285e+02    1.89406e+00    3.30402e-06

           Step           Time
         337000      674.00000

   Energies (kJ/mol)
           Bond            U-B    Proper Dih.  Improper Dih.      CMAP Dih.
    6.05962e+03    1.79783e+04    1.15520e+04    1.07378e+03   -2.43139e+03
          LJ-14     Coulomb-14        LJ (SR)   Coulomb (SR)   Coul. recip.
    5.84205e+03    1.13261e+05    2.41422e+05   -1.81078e+06    4.53284e+03
 Position Rest.      Potential    Kinetic En.   Total Energy  Conserved En.
    2.10245e+03   -1.40939e+06    2.35999e+05   -1.17339e+06   -1.16009e+06
    Temperature Pressure (bar)   Constr. rmsd
    2.99706e+02    1.46394e+02    3.14906e-06

           Step           Time
         337500      675.00000

   Energies (kJ/mol)
           Bond            U-B    Proper Dih.  Improper Dih.      CMAP Dih.
    6.25104e+03    1.82760e+04    1.16594e+04    1.10856e+03   -2.49195e+03
          LJ-14     Coulomb-14        LJ (SR)   Coulomb (SR)   Coul. recip.
    5.75703e+03    1.12630e+05    2.41604e+05   -1.81189e+06    4.56361e+03
 Position Rest.      Potential    Kinetic En.   Total Energy  Conserved En.
    1.95026e+03   -1.41059e+06    2.35928e+05   -1.17466e+06   -1.16006e+06
    Temperature Pressure (bar)   Constr. rmsd
    2.99616e+02    1.63460e+02    3.01338e-06


DD  step 337999 load imb.: force 17.4%  pme mesh/force 0.276
           Step           Time
         338000      676.00000

   Energies (kJ/mol)
           Bond            U-B    Proper Dih.  Improper Dih.      CMAP Dih.
    6.20310e+03    1.82788e+04    1.16533e+04    1.12532e+03   -2.49417e+03
          LJ-14     Coulomb-14        LJ (SR)   Coulomb (SR)   Coul. recip.
    5.75451e+03    1.12457e+05    2.39084e+05   -1.80939e+06    4.49417e+03
 Position Rest.      Potential    Kinetic En.   Total Energy  Conserved En.
    2.03462e+03   -1.41080e+06    2.37084e+05   -1.17372e+06   -1.16008e+06
    Temperature Pressure (bar)   Constr. rmsd
    3.01084e+02   -8.53467e+00    3.19357e-06

           Step           Time
         338500      677.00000

   Energies (kJ/mol)
           Bond            U-B    Proper Dih.  Improper Dih.      CMAP Dih.
    6.41899e+03    1.83861e+04    1.14253e+04    1.09389e+03   -2.44218e+03
          LJ-14     Coulomb-14        LJ (SR)   Coulomb (SR)   Coul. recip.
    5.73316e+03    1.12536e+05    2.42510e+05   -1.81404e+06    4.61041e+03
 Position Rest.      Potential    Kinetic En.   Total Energy  Conserved En.
    2.18638e+03   -1.41158e+06    2.38506e+05   -1.17307e+06   -1.16006e+06
    Temperature Pressure (bar)   Constr. rmsd
    3.02891e+02    7.56988e+01    3.24673e-06

           Step           Time
         339000      678.00000

   Energies (kJ/mol)
           Bond            U-B    Proper Dih.  Improper Dih.      CMAP Dih.
    6.26378e+03    1.78002e+04    1.17330e+04    1.07210e+03   -2.46543e+03
          LJ-14     Coulomb-14        LJ (SR)   Coulomb (SR)   Coul. recip.
    5.72035e+03    1.12812e+05    2.39874e+05   -1.81226e+06    4.61890e+03
 Position Rest.      Potential    Kinetic En.   Total Energy  Conserved En.
    2.07755e+03   -1.41276e+06    2.36224e+05   -1.17653e+06   -1.16002e+06
    Temperature Pressure (bar)   Constr. rmsd
    2.99993e+02   -1.35617e+02    2.97051e-06

           Step           Time
         339500      679.00000

   Energies (kJ/mol)
           Bond            U-B    Proper Dih.  Improper Dih.      CMAP Dih.
    6.24301e+03    1.80096e+04    1.16466e+04    1.08256e+03   -2.51806e+03
          LJ-14     Coulomb-14        LJ (SR)   Coulomb (SR)   Coul. recip.
    5.72513e+03    1.13024e+05    2.40895e+05   -1.81299e+06    4.65142e+03
 Position Rest.      Potential    Kinetic En.   Total Energy  Conserved En.
    2.08580e+03   -1.41215e+06    2.36886e+05   -1.17526e+06   -1.16001e+06
    Temperature Pressure (bar)   Constr. rmsd
    3.00833e+02   -9.57108e+01    3.04939e-06


DD  step 339999 load imb.: force 16.5%  pme mesh/force 0.265
           Step           Time
         340000      680.00000

   Energies (kJ/mol)
           Bond            U-B    Proper Dih.  Improper Dih.      CMAP Dih.
    6.11648e+03    1.79858e+04    1.16478e+04    1.02758e+03   -2.52429e+03
          LJ-14     Coulomb-14        LJ (SR)   Coulomb (SR)   Coul. recip.
    5.77262e+03    1.12634e+05    2.40470e+05   -1.81159e+06    4.51666e+03
 Position Rest.      Potential    Kinetic En.   Total Energy  Conserved En.
    2.02463e+03   -1.41192e+06    2.37066e+05   -1.17485e+06   -1.16001e+06
    Temperature Pressure (bar)   Constr. rmsd
    3.01061e+02   -4.15319e+01    3.21664e-06

           Step           Time
         340500      681.00000

   Energies (kJ/mol)
           Bond            U-B    Proper Dih.  Improper Dih.      CMAP Dih.
    6.31334e+03    1.80875e+04    1.15237e+04    1.04852e+03   -2.39101e+03
          LJ-14     Coulomb-14        LJ (SR)   Coulomb (SR)   Coul. recip.
    5.78424e+03    1.12832e+05    2.41634e+05   -1.81421e+06    4.50460e+03
 Position Rest.      Potential    Kinetic En.   Total Energy  Conserved En.
    1.98856e+03   -1.41289e+06    2.36474e+05   -1.17642e+06   -1.15997e+06
    Temperature Pressure (bar)   Constr. rmsd
    3.00309e+02    3.72283e+01    3.04694e-06

           Step           Time
         341000      682.00000

   Energies (kJ/mol)
           Bond            U-B    Proper Dih.  Improper Dih.      CMAP Dih.
    6.12223e+03    1.81905e+04    1.16370e+04    1.12608e+03   -2.48086e+03
          LJ-14     Coulomb-14        LJ (SR)   Coulomb (SR)   Coul. recip.
    5.76905e+03    1.13100e+05    2.41430e+05   -1.81168e+06    4.64474e+03
 Position Rest.      Potential    Kinetic En.   Total Energy  Conserved En.
    1.99559e+03   -1.41014e+06    2.36775e+05   -1.17337e+06   -1.15998e+06
    Temperature Pressure (bar)   Constr. rmsd
    3.00692e+02    1.25910e+01    3.08616e-06

           Step           Time
         341500      683.00000

   Energies (kJ/mol)
           Bond            U-B    Proper Dih.  Improper Dih.      CMAP Dih.
    6.25530e+03    1.78792e+04    1.16754e+04    1.10283e+03   -2.50274e+03
          LJ-14     Coulomb-14        LJ (SR)   Coulomb (SR)   Coul. recip.
    5.70279e+03    1.12854e+05    2.40977e+05   -1.81342e+06    4.65347e+03
 Position Rest.      Potential    Kinetic En.   Total Energy  Conserved En.
    2.00809e+03   -1.41281e+06    2.36046e+05   -1.17676e+06   -1.15992e+06
    Temperature Pressure (bar)   Constr. rmsd
    2.99766e+02    2.82660e+01    3.07543e-06


DD  step 341999 load imb.: force 16.8%  pme mesh/force 0.267
           Step           Time
         342000      684.00000

   Energies (kJ/mol)
           Bond            U-B    Proper Dih.  Improper Dih.      CMAP Dih.
    6.47731e+03    1.78847e+04    1.17010e+04    1.05636e+03   -2.47579e+03
          LJ-14     Coulomb-14        LJ (SR)   Coulomb (SR)   Coul. recip.
    5.62884e+03    1.12636e+05    2.38126e+05   -1.80966e+06    4.70382e+03
 Position Rest.      Potential    Kinetic En.   Total Energy  Conserved En.
    2.07955e+03   -1.41185e+06    2.35779e+05   -1.17607e+06   -1.15988e+06
    Temperature Pressure (bar)   Constr. rmsd
    2.99427e+02   -3.52405e+02    2.95288e-06

           Step           Time
         342500      685.00000

   Energies (kJ/mol)
           Bond            U-B    Proper Dih.  Improper Dih.      CMAP Dih.
    6.28277e+03    1.78074e+04    1.16150e+04    1.10298e+03   -2.49777e+03
          LJ-14     Coulomb-14        LJ (SR)   Coulomb (SR)   Coul. recip.
    5.77474e+03    1.13136e+05    2.40766e+05   -1.81354e+06    4.48291e+03
 Position Rest.      Potential    Kinetic En.   Total Energy  Conserved En.
    1.96094e+03   -1.41311e+06    2.34842e+05   -1.17827e+06   -1.15987e+06
    Temperature Pressure (bar)   Constr. rmsd
    2.98237e+02    1.93083e+01    3.13530e-06

           Step           Time
         343000      686.00000

   Energies (kJ/mol)
           Bond            U-B    Proper Dih.  Improper Dih.      CMAP Dih.
    6.40310e+03    1.81505e+04    1.18016e+04    1.12063e+03   -2.45775e+03
          LJ-14     Coulomb-14        LJ (SR)   Coulomb (SR)   Coul. recip.
    5.80146e+03    1.12846e+05    2.40288e+05   -1.81178e+06    4.68551e+03
 Position Rest.      Potential    Kinetic En.   Total Energy  Conserved En.
    2.03510e+03   -1.41110e+06    2.37575e+05   -1.17353e+06   -1.15985e+06
    Temperature Pressure (bar)   Constr. rmsd
    3.01708e+02   -3.09356e+01    3.13267e-06

           Step           Time
         343500      687.00000

   Energies (kJ/mol)
           Bond            U-B    Proper Dih.  Improper Dih.      CMAP Dih.
    6.30397e+03    1.79921e+04    1.16447e+04    1.15522e+03   -2.34536e+03
          LJ-14     Coulomb-14        LJ (SR)   Coulomb (SR)   Coul. recip.
    5.73258e+03    1.13135e+05    2.40366e+05   -1.81129e+06    4.62023e+03
 Position Rest.      Potential    Kinetic En.   Total Energy  Conserved En.
    2.02816e+03   -1.41066e+06    2.35402e+05   -1.17526e+06   -1.15986e+06
    Temperature Pressure (bar)   Constr. rmsd
    2.98948e+02    8.40388e+01    3.29325e-06


DD  step 343999 load imb.: force 16.2%  pme mesh/force 0.267
           Step           Time
         344000      688.00000

   Energies (kJ/mol)
           Bond            U-B    Proper Dih.  Improper Dih.      CMAP Dih.
    6.18900e+03    1.77934e+04    1.16534e+04    1.03866e+03   -2.45938e+03
          LJ-14     Coulomb-14        LJ (SR)   Coulomb (SR)   Coul. recip.
    5.80191e+03    1.12614e+05    2.38870e+05   -1.80939e+06    4.63001e+03
 Position Rest.      Potential    Kinetic En.   Total Energy  Conserved En.
    2.07258e+03   -1.41118e+06    2.35509e+05   -1.17568e+06   -1.15986e+06
    Temperature Pressure (bar)   Constr. rmsd
    2.99084e+02   -3.70246e+01    3.02275e-06

           Step           Time
         344500      689.00000

   Energies (kJ/mol)
           Bond            U-B    Proper Dih.  Improper Dih.      CMAP Dih.
    6.21663e+03    1.75737e+04    1.18200e+04    1.09430e+03   -2.49671e+03
          LJ-14     Coulomb-14        LJ (SR)   Coulomb (SR)   Coul. recip.
    5.83004e+03    1.12980e+05    2.40964e+05   -1.81078e+06    4.64764e+03
 Position Rest.      Potential    Kinetic En.   Total Energy  Conserved En.
    2.04060e+03   -1.41011e+06    2.34532e+05   -1.17557e+06   -1.15980e+06
    Temperature Pressure (bar)   Constr. rmsd
    2.97844e+02    7.27440e+00    3.31983e-06

           Step           Time
         345000      690.00000

   Energies (kJ/mol)
           Bond            U-B    Proper Dih.  Improper Dih.      CMAP Dih.
    6.40871e+03    1.82383e+04    1.18047e+04    1.01762e+03   -2.48615e+03
          LJ-14     Coulomb-14        LJ (SR)   Coulomb (SR)   Coul. recip.
    5.65851e+03    1.12304e+05    2.40259e+05   -1.81077e+06    4.64643e+03
 Position Rest.      Potential    Kinetic En.   Total Energy  Conserved En.
    2.02972e+03   -1.41089e+06    2.35853e+05   -1.17503e+06   -1.15978e+06
    Temperature Pressure (bar)   Constr. rmsd
    2.99521e+02    1.47515e+01    3.07208e-06

           Step           Time
         345500      691.00000

   Energies (kJ/mol)
           Bond            U-B    Proper Dih.  Improper Dih.      CMAP Dih.
    6.14794e+03    1.82391e+04    1.16007e+04    1.07850e+03   -2.47811e+03
          LJ-14     Coulomb-14        LJ (SR)   Coulomb (SR)   Coul. recip.
    5.64905e+03    1.12290e+05    2.40873e+05   -1.80992e+06    4.59149e+03
 Position Rest.      Potential    Kinetic En.   Total Energy  Conserved En.
    2.05496e+03   -1.40987e+06    2.36042e+05   -1.17383e+06   -1.15978e+06
    Temperature Pressure (bar)   Constr. rmsd
    2.99761e+02    3.25307e+01    3.19760e-06


DD  step 345999 load imb.: force 17.0%  pme mesh/force 0.267
           Step           Time
         346000      692.00000

   Energies (kJ/mol)
           Bond            U-B    Proper Dih.  Improper Dih.      CMAP Dih.
    6.22210e+03    1.78120e+04    1.16644e+04    1.06593e+03   -2.49123e+03
          LJ-14     Coulomb-14        LJ (SR)   Coulomb (SR)   Coul. recip.
    5.84354e+03    1.12968e+05    2.40519e+05   -1.81038e+06    4.64248e+03
 Position Rest.      Potential    Kinetic En.   Total Energy  Conserved En.
    1.99987e+03   -1.41013e+06    2.36573e+05   -1.17356e+06   -1.15976e+06
    Temperature Pressure (bar)   Constr. rmsd
    3.00436e+02    3.12594e+01    3.23331e-06

           Step           Time
         346500      693.00000

   Energies (kJ/mol)
           Bond            U-B    Proper Dih.  Improper Dih.      CMAP Dih.
    6.08737e+03    1.83233e+04    1.16591e+04    1.16734e+03   -2.44742e+03
          LJ-14     Coulomb-14        LJ (SR)   Coulomb (SR)   Coul. recip.
    5.68188e+03    1.12913e+05    2.39091e+05   -1.80981e+06    4.62205e+03
 Position Rest.      Potential    Kinetic En.   Total Energy  Conserved En.
    2.03135e+03   -1.41068e+06    2.37095e+05   -1.17359e+06   -1.15973e+06
    Temperature Pressure (bar)   Constr. rmsd
    3.01099e+02    6.12143e+01    3.05562e-06

           Step           Time
         347000      694.00000

   Energies (kJ/mol)
           Bond            U-B    Proper Dih.  Improper Dih.      CMAP Dih.
    6.20760e+03    1.78321e+04    1.16288e+04    1.05429e+03   -2.49202e+03
          LJ-14     Coulomb-14        LJ (SR)   Coulomb (SR)   Coul. recip.
    5.80077e+03    1.13312e+05    2.38367e+05   -1.80914e+06    4.53851e+03
 Position Rest.      Potential    Kinetic En.   Total Energy  Conserved En.
    1.96303e+03   -1.41093e+06    2.35930e+05   -1.17500e+06   -1.15973e+06
    Temperature Pressure (bar)   Constr. rmsd
    2.99619e+02   -8.24944e+01    3.01445e-06

           Step           Time
         347500      695.00000

   Energies (kJ/mol)
           Bond            U-B    Proper Dih.  Improper Dih.      CMAP Dih.
    6.17160e+03    1.82300e+04    1.17140e+04    1.07911e+03   -2.44129e+03
          LJ-14     Coulomb-14        LJ (SR)   Coulomb (SR)   Coul. recip.
    5.68828e+03    1.12795e+05    2.39638e+05   -1.80990e+06    4.61735e+03
 Position Rest.      Potential    Kinetic En.   Total Energy  Conserved En.
    2.02966e+03   -1.41038e+06    2.35541e+05   -1.17484e+06   -1.15970e+06
    Temperature Pressure (bar)   Constr. rmsd
    2.99125e+02   -8.51983e+01    3.20593e-06


DD  step 347999 load imb.: force 17.6%  pme mesh/force 0.269
           Step           Time
         348000      696.00000

   Energies (kJ/mol)
           Bond            U-B    Proper Dih.  Improper Dih.      CMAP Dih.
    6.17075e+03    1.83343e+04    1.16569e+04    1.01695e+03   -2.51148e+03
          LJ-14     Coulomb-14        LJ (SR)   Coulomb (SR)   Coul. recip.
    5.80217e+03    1.12820e+05    2.39016e+05   -1.81020e+06    4.57796e+03
 Position Rest.      Potential    Kinetic En.   Total Energy  Conserved En.
    2.02673e+03   -1.41129e+06    2.36195e+05   -1.17510e+06   -1.15966e+06
    Temperature Pressure (bar)   Constr. rmsd
    2.99956e+02   -1.36855e+02    2.97454e-06

           Step           Time
         348500      697.00000

   Energies (kJ/mol)
           Bond            U-B    Proper Dih.  Improper Dih.      CMAP Dih.
    6.18588e+03    1.83285e+04    1.15032e+04    1.08299e+03   -2.47875e+03
          LJ-14     Coulomb-14        LJ (SR)   Coulomb (SR)   Coul. recip.
    5.71083e+03    1.12944e+05    2.41078e+05   -1.81383e+06    4.53143e+03
 Position Rest.      Potential    Kinetic En.   Total Energy  Conserved En.
    1.96551e+03   -1.41298e+06    2.37399e+05   -1.17558e+06   -1.15967e+06
    Temperature Pressure (bar)   Constr. rmsd
    3.01484e+02   -4.78703e+01    2.97486e-06

           Step           Time
         349000      698.00000

   Energies (kJ/mol)
           Bond            U-B    Proper Dih.  Improper Dih.      CMAP Dih.
    6.56178e+03    1.83324e+04    1.15486e+04    1.10380e+03   -2.51848e+03
          LJ-14     Coulomb-14        LJ (SR)   Coulomb (SR)   Coul. recip.
    5.56689e+03    1.12450e+05    2.41902e+05   -1.81318e+06    4.64748e+03
 Position Rest.      Potential    Kinetic En.   Total Energy  Conserved En.
    2.06155e+03   -1.41152e+06    2.37735e+05   -1.17379e+06   -1.15967e+06
    Temperature Pressure (bar)   Constr. rmsd
    3.01912e+02   -4.01304e+01    3.07862e-06

           Step           Time
         349500      699.00000

   Energies (kJ/mol)
           Bond            U-B    Proper Dih.  Improper Dih.      CMAP Dih.
    6.22396e+03    1.83961e+04    1.16250e+04    1.12734e+03   -2.52529e+03
          LJ-14     Coulomb-14        LJ (SR)   Coulomb (SR)   Coul. recip.
    5.63285e+03    1.12576e+05    2.39236e+05   -1.80976e+06    4.64908e+03
 Position Rest.      Potential    Kinetic En.   Total Energy  Conserved En.
    2.02716e+03   -1.41079e+06    2.36038e+05   -1.17475e+06   -1.15962e+06
    Temperature Pressure (bar)   Constr. rmsd
    2.99756e+02   -8.35595e+01    2.96684e-06


DD  step 349999 load imb.: force 16.3%  pme mesh/force 0.278
           Step           Time
         350000      700.00000

   Energies (kJ/mol)
           Bond            U-B    Proper Dih.  Improper Dih.      CMAP Dih.
    6.17967e+03    1.80843e+04    1.15685e+04    1.14564e+03   -2.48438e+03
          LJ-14     Coulomb-14        LJ (SR)   Coulomb (SR)   Coul. recip.
    5.77944e+03    1.12884e+05    2.41766e+05   -1.81330e+06    4.73757e+03
 Position Rest.      Potential    Kinetic En.   Total Energy  Conserved En.
    2.11270e+03   -1.41153e+06    2.37584e+05   -1.17394e+06   -1.15963e+06
    Temperature Pressure (bar)   Constr. rmsd
    3.01720e+02    1.00767e+02    3.07619e-06

           Step           Time
         350500      701.00000

   Energies (kJ/mol)
           Bond            U-B    Proper Dih.  Improper Dih.      CMAP Dih.
    6.20886e+03    1.81030e+04    1.16873e+04    1.06260e+03   -2.48246e+03
          LJ-14     Coulomb-14        LJ (SR)   Coulomb (SR)   Coul. recip.
    5.68435e+03    1.12796e+05    2.40540e+05   -1.81214e+06    4.64450e+03
 Position Rest.      Potential    Kinetic En.   Total Energy  Conserved En.
    1.98885e+03   -1.41191e+06    2.35889e+05   -1.17602e+06   -1.15957e+06
    Temperature Pressure (bar)   Constr. rmsd
    2.99567e+02   -5.33671e+01    3.06028e-06

           Step           Time
         351000      702.00000

   Energies (kJ/mol)
           Bond            U-B    Proper Dih.  Improper Dih.      CMAP Dih.
    6.22272e+03    1.78527e+04    1.16107e+04    1.03602e+03   -2.41933e+03
          LJ-14     Coulomb-14        LJ (SR)   Coulomb (SR)   Coul. recip.
    5.74324e+03    1.13327e+05    2.39367e+05   -1.81115e+06    4.65038e+03
 Position Rest.      Potential    Kinetic En.   Total Energy  Conserved En.
    2.09922e+03   -1.41166e+06    2.37058e+05   -1.17460e+06   -1.15958e+06
    Temperature Pressure (bar)   Constr. rmsd
    3.01052e+02    2.83894e+01    3.11823e-06

           Step           Time
         351500      703.00000

   Energies (kJ/mol)
           Bond            U-B    Proper Dih.  Improper Dih.      CMAP Dih.
    6.57439e+03    1.79278e+04    1.17346e+04    1.06032e+03   -2.44941e+03
          LJ-14     Coulomb-14        LJ (SR)   Coulomb (SR)   Coul. recip.
    5.65990e+03    1.13069e+05    2.39856e+05   -1.81183e+06    4.58770e+03
 Position Rest.      Potential    Kinetic En.   Total Energy  Conserved En.
    2.07058e+03   -1.41174e+06    2.36504e+05   -1.17524e+06   -1.15956e+06
    Temperature Pressure (bar)   Constr. rmsd
    3.00348e+02   -1.55035e+02    3.10427e-06


DD  step 351999 load imb.: force 16.4%  pme mesh/force 0.269
           Step           Time
         352000      704.00000

   Energies (kJ/mol)
           Bond            U-B    Proper Dih.  Improper Dih.      CMAP Dih.
    6.35893e+03    1.81479e+04    1.14947e+04    1.08285e+03   -2.46805e+03
          LJ-14     Coulomb-14        LJ (SR)   Coulomb (SR)   Coul. recip.
    5.67021e+03    1.12471e+05    2.38550e+05   -1.80966e+06    4.71044e+03
 Position Rest.      Potential    Kinetic En.   Total Energy  Conserved En.
    2.03271e+03   -1.41161e+06    2.34878e+05   -1.17673e+06   -1.15952e+06
    Temperature Pressure (bar)   Constr. rmsd
    2.98283e+02   -1.43221e+02    3.04826e-06

           Step           Time
         352500      705.00000

   Energies (kJ/mol)
           Bond            U-B    Proper Dih.  Improper Dih.      CMAP Dih.
    6.15823e+03    1.84378e+04    1.16391e+04    1.11549e+03   -2.50543e+03
          LJ-14     Coulomb-14        LJ (SR)   Coulomb (SR)   Coul. recip.
    5.67722e+03    1.12738e+05    2.38921e+05   -1.80888e+06    4.63620e+03
 Position Rest.      Potential    Kinetic En.   Total Energy  Conserved En.
    2.01496e+03   -1.41005e+06    2.35321e+05   -1.17473e+06   -1.15950e+06
    Temperature Pressure (bar)   Constr. rmsd
    2.98846e+02   -3.34018e+01    3.28925e-06

           Step           Time
         353000      706.00000

   Energies (kJ/mol)
           Bond            U-B    Proper Dih.  Improper Dih.      CMAP Dih.
    6.23885e+03    1.78770e+04    1.17180e+04    1.10242e+03   -2.50177e+03
          LJ-14     Coulomb-14        LJ (SR)   Coulomb (SR)   Coul. recip.
    5.71757e+03    1.12803e+05    2.41149e+05   -1.81316e+06    4.58216e+03
 Position Rest.      Potential    Kinetic En.   Total Energy  Conserved En.
    2.09355e+03   -1.41238e+06    2.35795e+05   -1.17659e+06   -1.15948e+06
    Temperature Pressure (bar)   Constr. rmsd
    2.99448e+02    5.37400e+01    3.24805e-06

           Step           Time
         353500      707.00000

   Energies (kJ/mol)
           Bond            U-B    Proper Dih.  Improper Dih.      CMAP Dih.
    6.17849e+03    1.79296e+04    1.17176e+04    1.04490e+03   -2.49401e+03
          LJ-14     Coulomb-14        LJ (SR)   Coulomb (SR)   Coul. recip.
    5.75274e+03    1.13016e+05    2.37997e+05   -1.80863e+06    4.48867e+03
 Position Rest.      Potential    Kinetic En.   Total Energy  Conserved En.
    2.06827e+03   -1.41093e+06    2.36890e+05   -1.17404e+06   -1.15948e+06
    Temperature Pressure (bar)   Constr. rmsd
    3.00838e+02   -7.20494e+01    3.12543e-06


DD  step 353999 load imb.: force 16.2%  pme mesh/force 0.266
           Step           Time
         354000      708.00000

   Energies (kJ/mol)
           Bond            U-B    Proper Dih.  Improper Dih.      CMAP Dih.
    6.15699e+03    1.80051e+04    1.17281e+04    1.07823e+03   -2.52707e+03
          LJ-14     Coulomb-14        LJ (SR)   Coulomb (SR)   Coul. recip.
    5.61221e+03    1.13247e+05    2.40463e+05   -1.81331e+06    4.68855e+03
 Position Rest.      Potential    Kinetic En.   Total Energy  Conserved En.
    1.96510e+03   -1.41290e+06    2.36115e+05   -1.17678e+06   -1.15943e+06
    Temperature Pressure (bar)   Constr. rmsd
    2.99853e+02    9.04214e-01    3.10804e-06

           Step           Time
         354500      709.00000

   Energies (kJ/mol)
           Bond            U-B    Proper Dih.  Improper Dih.      CMAP Dih.
    5.96959e+03    1.85438e+04    1.15512e+04    1.07777e+03   -2.40883e+03
          LJ-14     Coulomb-14        LJ (SR)   Coulomb (SR)   Coul. recip.
    5.74772e+03    1.12683e+05    2.39921e+05   -1.81188e+06    4.66477e+03
 Position Rest.      Potential    Kinetic En.   Total Energy  Conserved En.
    1.93038e+03   -1.41220e+06    2.37578e+05   -1.17462e+06   -1.15944e+06
    Temperature Pressure (bar)   Constr. rmsd
    3.01712e+02    1.01628e+02    3.13391e-06

           Step           Time
         355000      710.00000

   Energies (kJ/mol)
           Bond            U-B    Proper Dih.  Improper Dih.      CMAP Dih.
    6.30569e+03    1.84528e+04    1.17347e+04    1.17135e+03   -2.49208e+03
          LJ-14     Coulomb-14        LJ (SR)   Coulomb (SR)   Coul. recip.
    5.60794e+03    1.12385e+05    2.40269e+05   -1.80875e+06    4.72222e+03
 Position Rest.      Potential    Kinetic En.   Total Energy  Conserved En.
    2.05185e+03   -1.40854e+06    2.36552e+05   -1.17199e+06   -1.15939e+06
    Temperature Pressure (bar)   Constr. rmsd
    3.00409e+02    3.60964e+01    3.18289e-06

           Step           Time
         355500      711.00000

   Energies (kJ/mol)
           Bond            U-B    Proper Dih.  Improper Dih.      CMAP Dih.
    6.23836e+03    1.80707e+04    1.15211e+04    1.06268e+03   -2.47275e+03
          LJ-14     Coulomb-14        LJ (SR)   Coulomb (SR)   Coul. recip.
    5.59126e+03    1.12720e+05    2.40882e+05   -1.81164e+06    4.58717e+03
 Position Rest.      Potential    Kinetic En.   Total Energy  Conserved En.
    2.09039e+03   -1.41135e+06    2.36384e+05   -1.17497e+06   -1.15942e+06
    Temperature Pressure (bar)   Constr. rmsd
    3.00196e+02    4.71329e+01    3.09639e-06


DD  step 355999 load imb.: force 16.8%  pme mesh/force 0.281
           Step           Time
         356000      712.00000

   Energies (kJ/mol)
           Bond            U-B    Proper Dih.  Improper Dih.      CMAP Dih.
    6.29145e+03    1.79418e+04    1.17800e+04    1.11931e+03   -2.42438e+03
          LJ-14     Coulomb-14        LJ (SR)   Coulomb (SR)   Coul. recip.
    5.75802e+03    1.12495e+05    2.39601e+05   -1.81152e+06    4.68640e+03
 Position Rest.      Potential    Kinetic En.   Total Energy  Conserved En.
    2.01925e+03   -1.41225e+06    2.36231e+05   -1.17602e+06   -1.15936e+06
    Temperature Pressure (bar)   Constr. rmsd
    3.00001e+02   -1.46130e+02    3.05570e-06

           Step           Time
         356500      713.00000

   Energies (kJ/mol)
           Bond            U-B    Proper Dih.  Improper Dih.      CMAP Dih.
    6.24978e+03    1.82201e+04    1.17068e+04    1.12726e+03   -2.46415e+03
          LJ-14     Coulomb-14        LJ (SR)   Coulomb (SR)   Coul. recip.
    5.72147e+03    1.12791e+05    2.39213e+05   -1.81118e+06    4.60720e+03
 Position Rest.      Potential    Kinetic En.   Total Energy  Conserved En.
    1.99320e+03   -1.41201e+06    2.36148e+05   -1.17586e+06   -1.15931e+06
    Temperature Pressure (bar)   Constr. rmsd
    2.99896e+02   -2.46927e+01    3.09013e-06

           Step           Time
         357000      714.00000

   Energies (kJ/mol)
           Bond            U-B    Proper Dih.  Improper Dih.      CMAP Dih.
    6.33094e+03    1.81210e+04    1.16612e+04    1.13557e+03   -2.44620e+03
          LJ-14     Coulomb-14        LJ (SR)   Coulomb (SR)   Coul. recip.
    5.74751e+03    1.12638e+05    2.40240e+05   -1.81040e+06    4.62158e+03
 Position Rest.      Potential    Kinetic En.   Total Energy  Conserved En.
    2.12526e+03   -1.41022e+06    2.36813e+05   -1.17341e+06   -1.15932e+06
    Temperature Pressure (bar)   Constr. rmsd
    3.00740e+02   -4.89767e+01    3.00854e-06

           Step           Time
         357500      715.00000

   Energies (kJ/mol)
           Bond            U-B    Proper Dih.  Improper Dih.      CMAP Dih.
    6.10845e+03    1.85707e+04    1.16667e+04    1.10848e+03   -2.47406e+03
          LJ-14     Coulomb-14        LJ (SR)   Coulomb (SR)   Coul. recip.
    5.76953e+03    1.12658e+05    2.39743e+05   -1.81010e+06    4.68090e+03
 Position Rest.      Potential    Kinetic En.   Total Energy  Conserved En.
    1.97385e+03   -1.41029e+06    2.36460e+05   -1.17383e+06   -1.15927e+06
    Temperature Pressure (bar)   Constr. rmsd
    3.00292e+02   -7.02639e+01    2.99158e-06

Writing checkpoint, step 357760 at Mon Oct  5 06:09:20 2020



DD  step 357999 load imb.: force 16.8%  pme mesh/force 0.261
           Step           Time
         358000      716.00000

   Energies (kJ/mol)
           Bond            U-B    Proper Dih.  Improper Dih.      CMAP Dih.
    6.42971e+03    1.83208e+04    1.17574e+04    1.12539e+03   -2.51551e+03
          LJ-14     Coulomb-14        LJ (SR)   Coulomb (SR)   Coul. recip.
    5.54841e+03    1.12552e+05    2.41570e+05   -1.81224e+06    4.59516e+03
 Position Rest.      Potential    Kinetic En.   Total Energy  Conserved En.
    2.08393e+03   -1.41077e+06    2.37492e+05   -1.17328e+06   -1.15927e+06
    Temperature Pressure (bar)   Constr. rmsd
    3.01603e+02   -3.20802e+01    3.00866e-06

           Step           Time
         358500      717.00000

   Energies (kJ/mol)
           Bond            U-B    Proper Dih.  Improper Dih.      CMAP Dih.
    6.25095e+03    1.82114e+04    1.15564e+04    1.07532e+03   -2.45699e+03
          LJ-14     Coulomb-14        LJ (SR)   Coulomb (SR)   Coul. recip.
    5.80851e+03    1.12708e+05    2.39940e+05   -1.81141e+06    4.71041e+03
 Position Rest.      Potential    Kinetic En.   Total Energy  Conserved En.
    2.02818e+03   -1.41158e+06    2.37060e+05   -1.17452e+06   -1.15923e+06
    Temperature Pressure (bar)   Constr. rmsd
    3.01054e+02   -8.42611e+01    3.06054e-06

           Step           Time
         359000      718.00000

   Energies (kJ/mol)
           Bond            U-B    Proper Dih.  Improper Dih.      CMAP Dih.
    6.16425e+03    1.83817e+04    1.17820e+04    1.13635e+03   -2.57353e+03
          LJ-14     Coulomb-14        LJ (SR)   Coulomb (SR)   Coul. recip.
    5.80488e+03    1.12593e+05    2.39934e+05   -1.81020e+06    4.64740e+03
 Position Rest.      Potential    Kinetic En.   Total Energy  Conserved En.
    1.98889e+03   -1.41034e+06    2.35852e+05   -1.17449e+06   -1.15926e+06
    Temperature Pressure (bar)   Constr. rmsd
    2.99520e+02    7.83329e+01    3.13393e-06

           Step           Time
         359500      719.00000

   Energies (kJ/mol)
           Bond            U-B    Proper Dih.  Improper Dih.      CMAP Dih.
    6.14718e+03    1.83483e+04    1.16125e+04    1.06529e+03   -2.45303e+03
          LJ-14     Coulomb-14        LJ (SR)   Coulomb (SR)   Coul. recip.
    5.87890e+03    1.12627e+05    2.39483e+05   -1.81175e+06    4.59914e+03
 Position Rest.      Potential    Kinetic En.   Total Energy  Conserved En.
    1.95739e+03   -1.41248e+06    2.36370e+05   -1.17611e+06   -1.15921e+06
    Temperature Pressure (bar)   Constr. rmsd
    3.00177e+02   -2.50346e+01    3.15608e-06


DD  step 359999 load imb.: force 17.2%  pme mesh/force 0.268
           Step           Time
         360000      720.00000

   Energies (kJ/mol)
           Bond            U-B    Proper Dih.  Improper Dih.      CMAP Dih.
    6.17185e+03    1.81444e+04    1.15003e+04    1.08598e+03   -2.41765e+03
          LJ-14     Coulomb-14        LJ (SR)   Coulomb (SR)   Coul. recip.
    5.73202e+03    1.13123e+05    2.41209e+05   -1.81373e+06    4.54753e+03
 Position Rest.      Potential    Kinetic En.   Total Energy  Conserved En.
    2.02264e+03   -1.41261e+06    2.34908e+05   -1.17770e+06   -1.15919e+06
    Temperature Pressure (bar)   Constr. rmsd
    2.98321e+02   -2.70109e+01    3.06142e-06

           Step           Time
         360500      721.00000

   Energies (kJ/mol)
           Bond            U-B    Proper Dih.  Improper Dih.      CMAP Dih.
    6.16145e+03    1.81614e+04    1.15922e+04    1.07006e+03   -2.38096e+03
          LJ-14     Coulomb-14        LJ (SR)   Coulomb (SR)   Coul. recip.
    5.77021e+03    1.12787e+05    2.38923e+05   -1.80955e+06    4.66704e+03
 Position Rest.      Potential    Kinetic En.   Total Energy  Conserved En.
    1.96077e+03   -1.41083e+06    2.35225e+05   -1.17561e+06   -1.15918e+06
    Temperature Pressure (bar)   Constr. rmsd
    2.98723e+02   -1.67531e+01    3.13739e-06

           Step           Time
         361000      722.00000

   Energies (kJ/mol)
           Bond            U-B    Proper Dih.  Improper Dih.      CMAP Dih.
    6.19965e+03    1.81653e+04    1.16512e+04    1.07162e+03   -2.44011e+03
          LJ-14     Coulomb-14        LJ (SR)   Coulomb (SR)   Coul. recip.
    5.68107e+03    1.12688e+05    2.39578e+05   -1.80904e+06    4.55605e+03
 Position Rest.      Potential    Kinetic En.   Total Energy  Conserved En.
    2.06951e+03   -1.40982e+06    2.36268e+05   -1.17355e+06   -1.15916e+06
    Temperature Pressure (bar)   Constr. rmsd
    3.00048e+02   -1.00634e+02    3.14117e-06

           Step           Time
         361500      723.00000

   Energies (kJ/mol)
           Bond            U-B    Proper Dih.  Improper Dih.      CMAP Dih.
    6.12502e+03    1.80729e+04    1.18293e+04    1.11332e+03   -2.44924e+03
          LJ-14     Coulomb-14        LJ (SR)   Coulomb (SR)   Coul. recip.
    5.73658e+03    1.13031e+05    2.40482e+05   -1.81198e+06    4.58413e+03
 Position Rest.      Potential    Kinetic En.   Total Energy  Conserved En.
    1.99986e+03   -1.41146e+06    2.35604e+05   -1.17586e+06   -1.15908e+06
    Temperature Pressure (bar)   Constr. rmsd
    2.99204e+02   -9.27998e+00    2.86402e-06


DD  step 361999 load imb.: force 17.0%  pme mesh/force 0.269
           Step           Time
         362000      724.00000

   Energies (kJ/mol)
           Bond            U-B    Proper Dih.  Improper Dih.      CMAP Dih.
    6.15168e+03    1.81115e+04    1.17375e+04    1.14465e+03   -2.45505e+03
          LJ-14     Coulomb-14        LJ (SR)   Coulomb (SR)   Coul. recip.
    5.76917e+03    1.12902e+05    2.39360e+05   -1.80905e+06    4.58551e+03
 Position Rest.      Potential    Kinetic En.   Total Energy  Conserved En.
    2.02601e+03   -1.40971e+06    2.34536e+05   -1.17518e+06   -1.15908e+06
    Temperature Pressure (bar)   Constr. rmsd
    2.97849e+02   -1.44090e+02    3.24547e-06

           Step           Time
         362500      725.00000

   Energies (kJ/mol)
           Bond            U-B    Proper Dih.  Improper Dih.      CMAP Dih.
    6.37226e+03    1.82433e+04    1.16368e+04    1.11604e+03   -2.42143e+03
          LJ-14     Coulomb-14        LJ (SR)   Coulomb (SR)   Coul. recip.
    5.64497e+03    1.12832e+05    2.39931e+05   -1.80855e+06    4.64086e+03
 Position Rest.      Potential    Kinetic En.   Total Energy  Conserved En.
    1.95350e+03   -1.40860e+06    2.37725e+05   -1.17087e+06   -1.15911e+06
    Temperature Pressure (bar)   Constr. rmsd
    3.01898e+02   -1.35762e+02    3.27396e-06

           Step           Time
         363000      726.00000

   Energies (kJ/mol)
           Bond            U-B    Proper Dih.  Improper Dih.      CMAP Dih.
    6.39374e+03    1.81512e+04    1.16431e+04    1.05155e+03   -2.47078e+03
          LJ-14     Coulomb-14        LJ (SR)   Coulomb (SR)   Coul. recip.
    5.71399e+03    1.12543e+05    2.39918e+05   -1.80837e+06    4.61502e+03
 Position Rest.      Potential    Kinetic En.   Total Energy  Conserved En.
    1.96706e+03   -1.40884e+06    2.37346e+05   -1.17150e+06   -1.15912e+06
    Temperature Pressure (bar)   Constr. rmsd
    3.01417e+02    2.23170e+01    3.17352e-06

           Step           Time
         363500      727.00000

   Energies (kJ/mol)
           Bond            U-B    Proper Dih.  Improper Dih.      CMAP Dih.
    6.32134e+03    1.80035e+04    1.16890e+04    1.08604e+03   -2.45112e+03
          LJ-14     Coulomb-14        LJ (SR)   Coulomb (SR)   Coul. recip.
    5.70625e+03    1.12695e+05    2.39234e+05   -1.80910e+06    4.66641e+03
 Position Rest.      Potential    Kinetic En.   Total Energy  Conserved En.
    1.98672e+03   -1.41016e+06    2.35620e+05   -1.17454e+06   -1.15905e+06
    Temperature Pressure (bar)   Constr. rmsd
    2.99226e+02   -2.06985e+02    2.99371e-06


DD  step 363999 load imb.: force 17.1%  pme mesh/force 0.268
           Step           Time
         364000      728.00000

   Energies (kJ/mol)
           Bond            U-B    Proper Dih.  Improper Dih.      CMAP Dih.
    6.35229e+03    1.86502e+04    1.15912e+04    1.08583e+03   -2.45449e+03
          LJ-14     Coulomb-14        LJ (SR)   Coulomb (SR)   Coul. recip.
    5.74760e+03    1.12676e+05    2.38289e+05   -1.80777e+06    4.62269e+03
 Position Rest.      Potential    Kinetic En.   Total Energy  Conserved En.
    2.05342e+03   -1.40916e+06    2.36085e+05   -1.17307e+06   -1.15901e+06
    Temperature Pressure (bar)   Constr. rmsd
    2.99815e+02   -3.16957e+01    3.11778e-06

           Step           Time
         364500      729.00000

   Energies (kJ/mol)
           Bond            U-B    Proper Dih.  Improper Dih.      CMAP Dih.
    6.14797e+03    1.84603e+04    1.15343e+04    1.08972e+03   -2.38817e+03
          LJ-14     Coulomb-14        LJ (SR)   Coulomb (SR)   Coul. recip.
    5.65375e+03    1.13089e+05    2.41529e+05   -1.81352e+06    4.56160e+03
 Position Rest.      Potential    Kinetic En.   Total Energy  Conserved En.
    2.05511e+03   -1.41179e+06    2.37086e+05   -1.17470e+06   -1.15900e+06
    Temperature Pressure (bar)   Constr. rmsd
    3.01087e+02   -2.61519e+01    3.10272e-06

           Step           Time
         365000      730.00000

   Energies (kJ/mol)
           Bond            U-B    Proper Dih.  Improper Dih.      CMAP Dih.
    6.16795e+03    1.81941e+04    1.14412e+04    1.10420e+03   -2.46075e+03
          LJ-14     Coulomb-14        LJ (SR)   Coulomb (SR)   Coul. recip.
    5.71407e+03    1.13109e+05    2.41925e+05   -1.81444e+06    4.71140e+03
 Position Rest.      Potential    Kinetic En.   Total Energy  Conserved En.
    1.94269e+03   -1.41259e+06    2.35804e+05   -1.17679e+06   -1.15898e+06
    Temperature Pressure (bar)   Constr. rmsd
    2.99459e+02    4.87381e+01    2.97386e-06

           Step           Time
         365500      731.00000

   Energies (kJ/mol)
           Bond            U-B    Proper Dih.  Improper Dih.      CMAP Dih.
    6.17952e+03    1.83144e+04    1.16181e+04    1.02892e+03   -2.44580e+03
          LJ-14     Coulomb-14        LJ (SR)   Coulomb (SR)   Coul. recip.
    5.64376e+03    1.13197e+05    2.40846e+05   -1.81368e+06    4.65164e+03
 Position Rest.      Potential    Kinetic En.   Total Energy  Conserved En.
    1.96206e+03   -1.41268e+06    2.35370e+05   -1.17731e+06   -1.15895e+06
    Temperature Pressure (bar)   Constr. rmsd
    2.98907e+02   -1.82481e+02    3.00698e-06


DD  step 365999 load imb.: force 18.0%  pme mesh/force 0.275
           Step           Time
         366000      732.00000

   Energies (kJ/mol)
           Bond            U-B    Proper Dih.  Improper Dih.      CMAP Dih.
    6.37044e+03    1.79835e+04    1.16497e+04    1.04455e+03   -2.48703e+03
          LJ-14     Coulomb-14        LJ (SR)   Coulomb (SR)   Coul. recip.
    5.73474e+03    1.12939e+05    2.39444e+05   -1.81113e+06    4.75921e+03
 Position Rest.      Potential    Kinetic En.   Total Energy  Conserved En.
    1.97703e+03   -1.41171e+06    2.37491e+05   -1.17422e+06   -1.15899e+06
    Temperature Pressure (bar)   Constr. rmsd
    3.01602e+02    2.93569e+01    3.08057e-06

           Step           Time
         366500      733.00000

   Energies (kJ/mol)
           Bond            U-B    Proper Dih.  Improper Dih.      CMAP Dih.
    6.37509e+03    1.80712e+04    1.16459e+04    1.08205e+03   -2.45836e+03
          LJ-14     Coulomb-14        LJ (SR)   Coulomb (SR)   Coul. recip.
    5.70852e+03    1.12457e+05    2.40009e+05   -1.81036e+06    4.74890e+03
 Position Rest.      Potential    Kinetic En.   Total Energy  Conserved En.
    2.01677e+03   -1.41071e+06    2.34461e+05   -1.17625e+06   -1.15891e+06
    Temperature Pressure (bar)   Constr. rmsd
    2.97754e+02    1.03587e+01    3.12850e-06

           Step           Time
         367000      734.00000

   Energies (kJ/mol)
           Bond            U-B    Proper Dih.  Improper Dih.      CMAP Dih.
    6.04480e+03    1.79874e+04    1.17294e+04    1.04455e+03   -2.43296e+03
          LJ-14     Coulomb-14        LJ (SR)   Coulomb (SR)   Coul. recip.
    5.73103e+03    1.12809e+05    2.39148e+05   -1.81045e+06    4.60115e+03
 Position Rest.      Potential    Kinetic En.   Total Energy  Conserved En.
    2.05131e+03   -1.41174e+06    2.35416e+05   -1.17632e+06   -1.15892e+06
    Temperature Pressure (bar)   Constr. rmsd
    2.98966e+02   -1.09174e+02    3.04870e-06

           Step           Time
         367500      735.00000

   Energies (kJ/mol)
           Bond            U-B    Proper Dih.  Improper Dih.      CMAP Dih.
    6.07769e+03    1.80805e+04    1.15576e+04    1.13469e+03   -2.45585e+03
          LJ-14     Coulomb-14        LJ (SR)   Coulomb (SR)   Coul. recip.
    5.80807e+03    1.12842e+05    2.42440e+05   -1.81476e+06    4.50902e+03
 Position Rest.      Potential    Kinetic En.   Total Energy  Conserved En.
    2.04916e+03   -1.41271e+06    2.37128e+05   -1.17558e+06   -1.15889e+06
    Temperature Pressure (bar)   Constr. rmsd
    3.01141e+02    1.21354e+02    3.12102e-06


DD  step 367999 load imb.: force 18.5%  pme mesh/force 0.277
           Step           Time
         368000      736.00000

   Energies (kJ/mol)
           Bond            U-B    Proper Dih.  Improper Dih.      CMAP Dih.
    6.10216e+03    1.82127e+04    1.16968e+04    1.14749e+03   -2.40539e+03
          LJ-14     Coulomb-14        LJ (SR)   Coulomb (SR)   Coul. recip.
    5.72570e+03    1.13193e+05    2.38956e+05   -1.81022e+06    4.71293e+03
 Position Rest.      Potential    Kinetic En.   Total Energy  Conserved En.
    1.92909e+03   -1.41095e+06    2.36968e+05   -1.17398e+06   -1.15887e+06
    Temperature Pressure (bar)   Constr. rmsd
    3.00938e+02    4.30977e+01    3.09199e-06

           Step           Time
         368500      737.00000

   Energies (kJ/mol)
           Bond            U-B    Proper Dih.  Improper Dih.      CMAP Dih.
    6.27710e+03    1.84386e+04    1.16733e+04    1.10128e+03   -2.38393e+03
          LJ-14     Coulomb-14        LJ (SR)   Coulomb (SR)   Coul. recip.
    5.67317e+03    1.12615e+05    2.39128e+05   -1.80930e+06    4.66453e+03
 Position Rest.      Potential    Kinetic En.   Total Energy  Conserved En.
    2.03466e+03   -1.41008e+06    2.36492e+05   -1.17359e+06   -1.15883e+06
    Temperature Pressure (bar)   Constr. rmsd
    3.00333e+02   -8.22230e+01    3.04736e-06

           Step           Time
         369000      738.00000

   Energies (kJ/mol)
           Bond            U-B    Proper Dih.  Improper Dih.      CMAP Dih.
    6.34454e+03    1.78864e+04    1.17237e+04    1.07690e+03   -2.45781e+03
          LJ-14     Coulomb-14        LJ (SR)   Coulomb (SR)   Coul. recip.
    5.84633e+03    1.12959e+05    2.40329e+05   -1.81040e+06    4.61127e+03
 Position Rest.      Potential    Kinetic En.   Total Energy  Conserved En.
    2.02795e+03   -1.41005e+06    2.37260e+05   -1.17279e+06   -1.15887e+06
    Temperature Pressure (bar)   Constr. rmsd
    3.01308e+02   -1.31528e+02    3.25123e-06

           Step           Time
         369500      739.00000

   Energies (kJ/mol)
           Bond            U-B    Proper Dih.  Improper Dih.      CMAP Dih.
    6.57340e+03    1.77943e+04    1.17617e+04    1.22798e+03   -2.46730e+03
          LJ-14     Coulomb-14        LJ (SR)   Coulomb (SR)   Coul. recip.
    5.70033e+03    1.12615e+05    2.38969e+05   -1.80920e+06    4.70599e+03
 Position Rest.      Potential    Kinetic En.   Total Energy  Conserved En.
    1.90361e+03   -1.41042e+06    2.36561e+05   -1.17386e+06   -1.15880e+06
    Temperature Pressure (bar)   Constr. rmsd
    3.00421e+02   -1.53893e+02    3.07177e-06


DD  step 369999 load imb.: force 17.4%  pme mesh/force 0.258
           Step           Time
         370000      740.00000

   Energies (kJ/mol)
           Bond            U-B    Proper Dih.  Improper Dih.      CMAP Dih.
    6.34509e+03    1.81777e+04    1.14844e+04    1.16355e+03   -2.41205e+03
          LJ-14     Coulomb-14        LJ (SR)   Coulomb (SR)   Coul. recip.
    5.71969e+03    1.12859e+05    2.41351e+05   -1.81439e+06    4.55948e+03
 Position Rest.      Potential    Kinetic En.   Total Energy  Conserved En.
    1.96927e+03   -1.41317e+06    2.36448e+05   -1.17672e+06   -1.15879e+06
    Temperature Pressure (bar)   Constr. rmsd
    3.00276e+02   -1.44121e+01    3.05557e-06

           Step           Time
         370500      741.00000

   Energies (kJ/mol)
           Bond            U-B    Proper Dih.  Improper Dih.      CMAP Dih.
    6.03336e+03    1.76971e+04    1.16229e+04    1.08052e+03   -2.44174e+03
          LJ-14     Coulomb-14        LJ (SR)   Coulomb (SR)   Coul. recip.
    5.66647e+03    1.13018e+05    2.39980e+05   -1.81309e+06    4.43322e+03
 Position Rest.      Potential    Kinetic En.   Total Energy  Conserved En.
    1.98322e+03   -1.41402e+06    2.35832e+05   -1.17818e+06   -1.15880e+06
    Temperature Pressure (bar)   Constr. rmsd
    2.99494e+02   -1.44332e+02    3.13694e-06

           Step           Time
         371000      742.00000

   Energies (kJ/mol)
           Bond            U-B    Proper Dih.  Improper Dih.      CMAP Dih.
    6.19160e+03    1.79659e+04    1.17260e+04    1.11515e+03   -2.50667e+03
          LJ-14     Coulomb-14        LJ (SR)   Coulomb (SR)   Coul. recip.
    5.80777e+03    1.12575e+05    2.40908e+05   -1.81229e+06    4.47735e+03
 Position Rest.      Potential    Kinetic En.   Total Energy  Conserved En.
    2.07385e+03   -1.41195e+06    2.36045e+05   -1.17591e+06   -1.15877e+06
    Temperature Pressure (bar)   Constr. rmsd
    2.99764e+02    1.26314e+02    3.16086e-06

           Step           Time
         371500      743.00000

   Energies (kJ/mol)
           Bond            U-B    Proper Dih.  Improper Dih.      CMAP Dih.
    6.06574e+03    1.79079e+04    1.16918e+04    1.11128e+03   -2.39867e+03
          LJ-14     Coulomb-14        LJ (SR)   Coulomb (SR)   Coul. recip.
    5.66694e+03    1.13064e+05    2.40751e+05   -1.81085e+06    4.56715e+03
 Position Rest.      Potential    Kinetic En.   Total Energy  Conserved En.
    2.16147e+03   -1.41027e+06    2.35254e+05   -1.17501e+06   -1.15873e+06
    Temperature Pressure (bar)   Constr. rmsd
    2.98761e+02   -5.12240e+01    3.04018e-06


DD  step 371999 load imb.: force 17.3%  pme mesh/force 0.270
           Step           Time
         372000      744.00000

   Energies (kJ/mol)
           Bond            U-B    Proper Dih.  Improper Dih.      CMAP Dih.
    6.27042e+03    1.80008e+04    1.16766e+04    1.14510e+03   -2.50110e+03
          LJ-14     Coulomb-14        LJ (SR)   Coulomb (SR)   Coul. recip.
    5.58368e+03    1.12698e+05    2.40246e+05   -1.81130e+06    4.65243e+03
 Position Rest.      Potential    Kinetic En.   Total Energy  Conserved En.
    2.03237e+03   -1.41149e+06    2.37283e+05   -1.17421e+06   -1.15875e+06
    Temperature Pressure (bar)   Constr. rmsd
    3.01337e+02    4.25803e+01    3.05139e-06

           Step           Time
         372500      745.00000

   Energies (kJ/mol)
           Bond            U-B    Proper Dih.  Improper Dih.      CMAP Dih.
    6.06195e+03    1.81782e+04    1.16531e+04    1.05468e+03   -2.44444e+03
          LJ-14     Coulomb-14        LJ (SR)   Coulomb (SR)   Coul. recip.
    5.70236e+03    1.12830e+05    2.41677e+05   -1.81247e+06    4.72616e+03
 Position Rest.      Potential    Kinetic En.   Total Energy  Conserved En.
    2.06600e+03   -1.41097e+06    2.35828e+05   -1.17514e+06   -1.15870e+06
    Temperature Pressure (bar)   Constr. rmsd
    2.99489e+02    2.22919e+02    3.06195e-06

           Step           Time
         373000      746.00000

   Energies (kJ/mol)
           Bond            U-B    Proper Dih.  Improper Dih.      CMAP Dih.
    6.23662e+03    1.79658e+04    1.17383e+04    1.13095e+03   -2.50180e+03
          LJ-14     Coulomb-14        LJ (SR)   Coulomb (SR)   Coul. recip.
    5.73968e+03    1.12837e+05    2.38691e+05   -1.80799e+06    4.67727e+03
 Position Rest.      Potential    Kinetic En.   Total Energy  Conserved En.
    1.97877e+03   -1.40949e+06    2.37205e+05   -1.17229e+06   -1.15870e+06
    Temperature Pressure (bar)   Constr. rmsd
    3.01238e+02    3.14470e+00    3.28537e-06

           Step           Time
         373500      747.00000

   Energies (kJ/mol)
           Bond            U-B    Proper Dih.  Improper Dih.      CMAP Dih.
    6.35053e+03    1.81771e+04    1.16595e+04    1.09448e+03   -2.53471e+03
          LJ-14     Coulomb-14        LJ (SR)   Coulomb (SR)   Coul. recip.
    5.71665e+03    1.12655e+05    2.42207e+05   -1.81265e+06    4.61516e+03
 Position Rest.      Potential    Kinetic En.   Total Energy  Conserved En.
    2.05437e+03   -1.41065e+06    2.35305e+05   -1.17535e+06   -1.15868e+06
    Temperature Pressure (bar)   Constr. rmsd
    2.98826e+02   -9.32747e+00    3.21453e-06


DD  step 373999 load imb.: force 17.1%  pme mesh/force 0.268
           Step           Time
         374000      748.00000

   Energies (kJ/mol)
           Bond            U-B    Proper Dih.  Improper Dih.      CMAP Dih.
    6.19150e+03    1.82848e+04    1.16618e+04    1.09865e+03   -2.41840e+03
          LJ-14     Coulomb-14        LJ (SR)   Coulomb (SR)   Coul. recip.
    5.78312e+03    1.12882e+05    2.39413e+05   -1.80942e+06    4.59090e+03
 Position Rest.      Potential    Kinetic En.   Total Energy  Conserved En.
    2.01363e+03   -1.40992e+06    2.37563e+05   -1.17236e+06   -1.15862e+06
    Temperature Pressure (bar)   Constr. rmsd
    3.01692e+02    6.71659e+01    3.04117e-06

           Step           Time
         374500      749.00000

   Energies (kJ/mol)
           Bond            U-B    Proper Dih.  Improper Dih.      CMAP Dih.
    6.14558e+03    1.84373e+04    1.16874e+04    1.07323e+03   -2.47109e+03
          LJ-14     Coulomb-14        LJ (SR)   Coulomb (SR)   Coul. recip.
    5.71643e+03    1.12717e+05    2.40473e+05   -1.81217e+06    4.64324e+03
 Position Rest.      Potential    Kinetic En.   Total Energy  Conserved En.
    2.01472e+03   -1.41173e+06    2.36982e+05   -1.17475e+06   -1.15861e+06
    Temperature Pressure (bar)   Constr. rmsd
    3.00955e+02    4.39031e+00    3.12782e-06

           Step           Time
         375000      750.00000

   Energies (kJ/mol)
           Bond            U-B    Proper Dih.  Improper Dih.      CMAP Dih.
    6.01834e+03    1.79800e+04    1.17890e+04    1.23120e+03   -2.40559e+03
          LJ-14     Coulomb-14        LJ (SR)   Coulomb (SR)   Coul. recip.
    5.72699e+03    1.12784e+05    2.41027e+05   -1.81427e+06    4.57848e+03
 Position Rest.      Potential    Kinetic En.   Total Energy  Conserved En.
    2.05639e+03   -1.41349e+06    2.35986e+05   -1.17750e+06   -1.15857e+06
    Temperature Pressure (bar)   Constr. rmsd
    2.99689e+02    5.41912e+01    3.07861e-06

           Step           Time
         375500      751.00000

   Energies (kJ/mol)
           Bond            U-B    Proper Dih.  Improper Dih.      CMAP Dih.
    6.31110e+03    1.81585e+04    1.16261e+04    1.04553e+03   -2.48609e+03
          LJ-14     Coulomb-14        LJ (SR)   Coulomb (SR)   Coul. recip.
    5.70301e+03    1.12622e+05    2.41074e+05   -1.81408e+06    4.66414e+03
 Position Rest.      Potential    Kinetic En.   Total Energy  Conserved En.
    1.99269e+03   -1.41337e+06    2.36390e+05   -1.17698e+06   -1.15856e+06
    Temperature Pressure (bar)   Constr. rmsd
    3.00204e+02   -1.79978e+01    3.16161e-06


DD  step 375999 load imb.: force 17.2%  pme mesh/force 0.258
           Step           Time
         376000      752.00000

   Energies (kJ/mol)
           Bond            U-B    Proper Dih.  Improper Dih.      CMAP Dih.
    6.26148e+03    1.80038e+04    1.16047e+04    1.11418e+03   -2.40573e+03
          LJ-14     Coulomb-14        LJ (SR)   Coulomb (SR)   Coul. recip.
    5.63511e+03    1.12863e+05    2.40428e+05   -1.81212e+06    4.61064e+03
 Position Rest.      Potential    Kinetic En.   Total Energy  Conserved En.
    2.01574e+03   -1.41198e+06    2.37184e+05   -1.17480e+06   -1.15854e+06
    Temperature Pressure (bar)   Constr. rmsd
    3.01211e+02   -7.67413e+01    3.05658e-06

           Step           Time
         376500      753.00000

   Energies (kJ/mol)
           Bond            U-B    Proper Dih.  Improper Dih.      CMAP Dih.
    6.18248e+03    1.82212e+04    1.16459e+04    1.03236e+03   -2.48873e+03
          LJ-14     Coulomb-14        LJ (SR)   Coulomb (SR)   Coul. recip.
    5.69752e+03    1.12688e+05    2.41864e+05   -1.81464e+06    4.50969e+03
 Position Rest.      Potential    Kinetic En.   Total Energy  Conserved En.
    2.09281e+03   -1.41320e+06    2.36190e+05   -1.17700e+06   -1.15848e+06
    Temperature Pressure (bar)   Constr. rmsd
    2.99949e+02   -2.33667e+01    3.03845e-06

           Step           Time
         377000      754.00000

   Energies (kJ/mol)
           Bond            U-B    Proper Dih.  Improper Dih.      CMAP Dih.
    6.41398e+03    1.80683e+04    1.15349e+04    1.02456e+03   -2.38694e+03
          LJ-14     Coulomb-14        LJ (SR)   Coulomb (SR)   Coul. recip.
    5.74118e+03    1.12789e+05    2.42974e+05   -1.81554e+06    4.59957e+03
 Position Rest.      Potential    Kinetic En.   Total Energy  Conserved En.
    1.97959e+03   -1.41281e+06    2.36479e+05   -1.17633e+06   -1.15848e+06
    Temperature Pressure (bar)   Constr. rmsd
    3.00316e+02    7.62192e+01    3.13140e-06

           Step           Time
         377500      755.00000

   Energies (kJ/mol)
           Bond            U-B    Proper Dih.  Improper Dih.      CMAP Dih.
    6.20158e+03    1.82790e+04    1.15457e+04    1.09458e+03   -2.39576e+03
          LJ-14     Coulomb-14        LJ (SR)   Coulomb (SR)   Coul. recip.
    5.73284e+03    1.12590e+05    2.40821e+05   -1.81274e+06    4.64585e+03
 Position Rest.      Potential    Kinetic En.   Total Energy  Conserved En.
    1.93947e+03   -1.41229e+06    2.37823e+05   -1.17446e+06   -1.15847e+06
    Temperature Pressure (bar)   Constr. rmsd
    3.02023e+02   -1.26706e+00    3.09945e-06


DD  step 377999 load imb.: force 16.9%  pme mesh/force 0.270
           Step           Time
         378000      756.00000

   Energies (kJ/mol)
           Bond            U-B    Proper Dih.  Improper Dih.      CMAP Dih.
    6.29738e+03    1.81084e+04    1.16876e+04    1.09643e+03   -2.51210e+03
          LJ-14     Coulomb-14        LJ (SR)   Coulomb (SR)   Coul. recip.
    5.71709e+03    1.12790e+05    2.40751e+05   -1.81210e+06    4.63772e+03
 Position Rest.      Potential    Kinetic En.   Total Energy  Conserved En.
    2.02229e+03   -1.41150e+06    2.35677e+05   -1.17583e+06   -1.15843e+06
    Temperature Pressure (bar)   Constr. rmsd
    2.99297e+02   -5.76238e+01    3.04917e-06

           Step           Time
         378500      757.00000

   Energies (kJ/mol)
           Bond            U-B    Proper Dih.  Improper Dih.      CMAP Dih.
    6.05068e+03    1.79588e+04    1.15790e+04    1.12643e+03   -2.46623e+03
          LJ-14     Coulomb-14        LJ (SR)   Coulomb (SR)   Coul. recip.
    5.84973e+03    1.13218e+05    2.41475e+05   -1.81340e+06    4.46020e+03
 Position Rest.      Potential    Kinetic En.   Total Energy  Conserved En.
    2.07181e+03   -1.41208e+06    2.38054e+05   -1.17402e+06   -1.15844e+06
    Temperature Pressure (bar)   Constr. rmsd
    3.02316e+02    1.37590e+02    3.11302e-06

           Step           Time
         379000      758.00000

   Energies (kJ/mol)
           Bond            U-B    Proper Dih.  Improper Dih.      CMAP Dih.
    6.05446e+03    1.81356e+04    1.16301e+04    1.14968e+03   -2.39120e+03
          LJ-14     Coulomb-14        LJ (SR)   Coulomb (SR)   Coul. recip.
    5.78226e+03    1.12902e+05    2.41249e+05   -1.81229e+06    4.64072e+03
 Position Rest.      Potential    Kinetic En.   Total Energy  Conserved En.
    2.09330e+03   -1.41105e+06    2.37224e+05   -1.17382e+06   -1.15842e+06
    Temperature Pressure (bar)   Constr. rmsd
    3.01263e+02    9.43616e+01    3.23044e-06

           Step           Time
         379500      759.00000

   Energies (kJ/mol)
           Bond            U-B    Proper Dih.  Improper Dih.      CMAP Dih.
    6.05996e+03    1.82565e+04    1.15077e+04    1.04715e+03   -2.47025e+03
          LJ-14     Coulomb-14        LJ (SR)   Coulomb (SR)   Coul. recip.
    5.69111e+03    1.12971e+05    2.40698e+05   -1.81185e+06    4.57329e+03
 Position Rest.      Potential    Kinetic En.   Total Energy  Conserved En.
    2.05907e+03   -1.41146e+06    2.35380e+05   -1.17608e+06   -1.15841e+06
    Temperature Pressure (bar)   Constr. rmsd
    2.98921e+02    4.86855e+00    3.10301e-06


DD  step 379999 load imb.: force 17.0%  pme mesh/force 0.262
           Step           Time
         380000      760.00000

   Energies (kJ/mol)
           Bond            U-B    Proper Dih.  Improper Dih.      CMAP Dih.
    6.21869e+03    1.77824e+04    1.16423e+04    1.00941e+03   -2.42472e+03
          LJ-14     Coulomb-14        LJ (SR)   Coulomb (SR)   Coul. recip.
    5.65310e+03    1.12630e+05    2.37329e+05   -1.80912e+06    4.66931e+03
 Position Rest.      Potential    Kinetic En.   Total Energy  Conserved En.
    1.99959e+03   -1.41261e+06    2.34981e+05   -1.17763e+06   -1.15840e+06
    Temperature Pressure (bar)   Constr. rmsd
    2.98414e+02   -4.37710e+02    3.03390e-06

           Step           Time
         380500      761.00000

   Energies (kJ/mol)
           Bond            U-B    Proper Dih.  Improper Dih.      CMAP Dih.
    6.17432e+03    1.79432e+04    1.17307e+04    1.09941e+03   -2.47381e+03
          LJ-14     Coulomb-14        LJ (SR)   Coulomb (SR)   Coul. recip.
    5.72525e+03    1.12401e+05    2.41139e+05   -1.81274e+06    4.65414e+03
 Position Rest.      Potential    Kinetic En.   Total Energy  Conserved En.
    2.07609e+03   -1.41227e+06    2.36049e+05   -1.17622e+06   -1.15838e+06
    Temperature Pressure (bar)   Constr. rmsd
    2.99770e+02    7.30709e+00    3.21521e-06

           Step           Time
         381000      762.00000

   Energies (kJ/mol)
           Bond            U-B    Proper Dih.  Improper Dih.      CMAP Dih.
    6.05973e+03    1.81818e+04    1.16887e+04    1.03073e+03   -2.44696e+03
          LJ-14     Coulomb-14        LJ (SR)   Coulomb (SR)   Coul. recip.
    5.81100e+03    1.12704e+05    2.41518e+05   -1.81372e+06    4.65169e+03
 Position Rest.      Potential    Kinetic En.   Total Energy  Conserved En.
    2.07315e+03   -1.41245e+06    2.36522e+05   -1.17593e+06   -1.15837e+06
    Temperature Pressure (bar)   Constr. rmsd
    3.00371e+02   -1.56340e+01    3.10126e-06

           Step           Time
         381500      763.00000

   Energies (kJ/mol)
           Bond            U-B    Proper Dih.  Improper Dih.      CMAP Dih.
    6.21797e+03    1.79541e+04    1.17270e+04    1.05234e+03   -2.47414e+03
          LJ-14     Coulomb-14        LJ (SR)   Coulomb (SR)   Coul. recip.
    5.60725e+03    1.13041e+05    2.38139e+05   -1.80837e+06    4.61756e+03
 Position Rest.      Potential    Kinetic En.   Total Energy  Conserved En.
    2.06703e+03   -1.41042e+06    2.35694e+05   -1.17473e+06   -1.15832e+06
    Temperature Pressure (bar)   Constr. rmsd
    2.99319e+02   -1.48402e+02    3.14723e-06


DD  step 381999 load imb.: force 16.5%  pme mesh/force 0.280
           Step           Time
         382000      764.00000

   Energies (kJ/mol)
           Bond            U-B    Proper Dih.  Improper Dih.      CMAP Dih.
    6.28253e+03    1.80859e+04    1.15849e+04    1.11165e+03   -2.42942e+03
          LJ-14     Coulomb-14        LJ (SR)   Coulomb (SR)   Coul. recip.
    5.76473e+03    1.13008e+05    2.40801e+05   -1.81354e+06    4.51726e+03
 Position Rest.      Potential    Kinetic En.   Total Energy  Conserved En.
    2.08486e+03   -1.41273e+06    2.37208e+05   -1.17552e+06   -1.15832e+06
    Temperature Pressure (bar)   Constr. rmsd
    3.01241e+02    4.90105e+00    3.03404e-06

           Step           Time
         382500      765.00000

   Energies (kJ/mol)
           Bond            U-B    Proper Dih.  Improper Dih.      CMAP Dih.
    6.12960e+03    1.82665e+04    1.15227e+04    1.05164e+03   -2.42381e+03
          LJ-14     Coulomb-14        LJ (SR)   Coulomb (SR)   Coul. recip.
    5.77059e+03    1.12850e+05    2.43024e+05   -1.81537e+06    4.58164e+03
 Position Rest.      Potential    Kinetic En.   Total Energy  Conserved En.
    2.12615e+03   -1.41247e+06    2.37117e+05   -1.17536e+06   -1.15828e+06
    Temperature Pressure (bar)   Constr. rmsd
    3.01126e+02    1.76737e+02    3.14399e-06

           Step           Time
         383000      766.00000

   Energies (kJ/mol)
           Bond            U-B    Proper Dih.  Improper Dih.      CMAP Dih.
    6.04566e+03    1.81375e+04    1.15225e+04    1.10394e+03   -2.51980e+03
          LJ-14     Coulomb-14        LJ (SR)   Coulomb (SR)   Coul. recip.
    5.74923e+03    1.12727e+05    2.41334e+05   -1.81298e+06    4.59886e+03
 Position Rest.      Potential    Kinetic En.   Total Energy  Conserved En.
    2.05915e+03   -1.41222e+06    2.34928e+05   -1.17729e+06   -1.15823e+06
    Temperature Pressure (bar)   Constr. rmsd
    2.98347e+02    7.97793e+01    3.17997e-06

           Step           Time
         383500      767.00000

   Energies (kJ/mol)
           Bond            U-B    Proper Dih.  Improper Dih.      CMAP Dih.
    6.07988e+03    1.80931e+04    1.16807e+04    1.13785e+03   -2.42963e+03
          LJ-14     Coulomb-14        LJ (SR)   Coulomb (SR)   Coul. recip.
    5.75424e+03    1.12762e+05    2.39072e+05   -1.81072e+06    4.57987e+03
 Position Rest.      Potential    Kinetic En.   Total Energy  Conserved En.
    2.01007e+03   -1.41198e+06    2.35687e+05   -1.17629e+06   -1.15824e+06
    Temperature Pressure (bar)   Constr. rmsd
    2.99311e+02   -1.11594e+02    3.07076e-06


DD  step 383999 load imb.: force 17.2%  pme mesh/force 0.279
           Step           Time
         384000      768.00000

   Energies (kJ/mol)
           Bond            U-B    Proper Dih.  Improper Dih.      CMAP Dih.
    6.22423e+03    1.80683e+04    1.15284e+04    1.07013e+03   -2.39494e+03
          LJ-14     Coulomb-14        LJ (SR)   Coulomb (SR)   Coul. recip.
    5.74978e+03    1.12824e+05    2.40784e+05   -1.81238e+06    4.56295e+03
 Position Rest.      Potential    Kinetic En.   Total Energy  Conserved En.
    1.96414e+03   -1.41200e+06    2.35850e+05   -1.17615e+06   -1.15824e+06
    Temperature Pressure (bar)   Constr. rmsd
    2.99517e+02    1.26850e+02    3.12463e-06

           Step           Time
         384500      769.00000

   Energies (kJ/mol)
           Bond            U-B    Proper Dih.  Improper Dih.      CMAP Dih.
    6.09540e+03    1.82006e+04    1.15028e+04    1.01127e+03   -2.45220e+03
          LJ-14     Coulomb-14        LJ (SR)   Coulomb (SR)   Coul. recip.
    5.75546e+03    1.12992e+05    2.40532e+05   -1.81340e+06    4.60468e+03
 Position Rest.      Potential    Kinetic En.   Total Energy  Conserved En.
    2.01362e+03   -1.41315e+06    2.37237e+05   -1.17591e+06   -1.15823e+06
    Temperature Pressure (bar)   Constr. rmsd
    3.01278e+02    4.83666e+01    3.22594e-06

           Step           Time
         385000      770.00000

   Energies (kJ/mol)
           Bond            U-B    Proper Dih.  Improper Dih.      CMAP Dih.
    5.99757e+03    1.79768e+04    1.15162e+04    1.08171e+03   -2.43893e+03
          LJ-14     Coulomb-14        LJ (SR)   Coulomb (SR)   Coul. recip.
    5.83105e+03    1.13035e+05    2.41508e+05   -1.81417e+06    4.59732e+03
 Position Rest.      Potential    Kinetic En.   Total Energy  Conserved En.
    2.08568e+03   -1.41298e+06    2.36027e+05   -1.17695e+06   -1.15819e+06
    Temperature Pressure (bar)   Constr. rmsd
    2.99742e+02    1.55141e+02    3.22355e-06

           Step           Time
         385500      771.00000

   Energies (kJ/mol)
           Bond            U-B    Proper Dih.  Improper Dih.      CMAP Dih.
    6.28826e+03    1.80762e+04    1.16629e+04    1.11952e+03   -2.46533e+03
          LJ-14     Coulomb-14        LJ (SR)   Coulomb (SR)   Coul. recip.
    5.80130e+03    1.13314e+05    2.41595e+05   -1.81291e+06    4.57431e+03
 Position Rest.      Potential    Kinetic En.   Total Energy  Conserved En.
    1.98804e+03   -1.41096e+06    2.37290e+05   -1.17367e+06   -1.15814e+06
    Temperature Pressure (bar)   Constr. rmsd
    3.01346e+02    9.15154e+01    3.08129e-06


DD  step 385999 load imb.: force 18.1%  pme mesh/force 0.263
           Step           Time
         386000      772.00000

   Energies (kJ/mol)
           Bond            U-B    Proper Dih.  Improper Dih.      CMAP Dih.
    6.19175e+03    1.79250e+04    1.15206e+04    1.04858e+03   -2.44939e+03
          LJ-14     Coulomb-14        LJ (SR)   Coulomb (SR)   Coul. recip.
    5.75481e+03    1.12942e+05    2.39060e+05   -1.81006e+06    4.58842e+03
 Position Rest.      Potential    Kinetic En.   Total Energy  Conserved En.
    2.00940e+03   -1.41147e+06    2.35824e+05   -1.17565e+06   -1.15817e+06
    Temperature Pressure (bar)   Constr. rmsd
    2.99484e+02   -1.32504e+01    3.12063e-06

           Step           Time
         386500      773.00000

   Energies (kJ/mol)
           Bond            U-B    Proper Dih.  Improper Dih.      CMAP Dih.
    6.11220e+03    1.82007e+04    1.15616e+04    1.00897e+03   -2.39816e+03
          LJ-14     Coulomb-14        LJ (SR)   Coulomb (SR)   Coul. recip.
    5.67256e+03    1.12765e+05    2.40098e+05   -1.81025e+06    4.70481e+03
 Position Rest.      Potential    Kinetic En.   Total Energy  Conserved En.
    2.00694e+03   -1.41052e+06    2.35562e+05   -1.17496e+06   -1.15815e+06
    Temperature Pressure (bar)   Constr. rmsd
    2.99152e+02   -5.20825e+01    3.11639e-06

           Step           Time
         387000      774.00000

   Energies (kJ/mol)
           Bond            U-B    Proper Dih.  Improper Dih.      CMAP Dih.
    6.36504e+03    1.82705e+04    1.16766e+04    1.16661e+03   -2.43611e+03
          LJ-14     Coulomb-14        LJ (SR)   Coulomb (SR)   Coul. recip.
    5.74478e+03    1.12870e+05    2.39443e+05   -1.80940e+06    4.61766e+03
 Position Rest.      Potential    Kinetic En.   Total Energy  Conserved En.
    1.91324e+03   -1.40977e+06    2.36788e+05   -1.17298e+06   -1.15811e+06
    Temperature Pressure (bar)   Constr. rmsd
    3.00709e+02   -2.27619e+01    3.04791e-06

           Step           Time
         387500      775.00000

   Energies (kJ/mol)
           Bond            U-B    Proper Dih.  Improper Dih.      CMAP Dih.
    6.42142e+03    1.77035e+04    1.16759e+04    1.07877e+03   -2.41588e+03
          LJ-14     Coulomb-14        LJ (SR)   Coulomb (SR)   Coul. recip.
    5.78502e+03    1.12967e+05    2.40213e+05   -1.81186e+06    4.71278e+03
 Position Rest.      Potential    Kinetic En.   Total Energy  Conserved En.
    1.97519e+03   -1.41175e+06    2.35410e+05   -1.17634e+06   -1.15807e+06
    Temperature Pressure (bar)   Constr. rmsd
    2.98958e+02   -6.75031e+01    3.03985e-06


DD  step 387999 load imb.: force 17.1%  pme mesh/force 0.271
           Step           Time
         388000      776.00000

   Energies (kJ/mol)
           Bond            U-B    Proper Dih.  Improper Dih.      CMAP Dih.
    6.17452e+03    1.82695e+04    1.17536e+04    1.01013e+03   -2.50422e+03
          LJ-14     Coulomb-14        LJ (SR)   Coulomb (SR)   Coul. recip.
    5.82008e+03    1.12714e+05    2.41829e+05   -1.81394e+06    4.49735e+03
 Position Rest.      Potential    Kinetic En.   Total Energy  Conserved En.
    1.99473e+03   -1.41238e+06    2.36306e+05   -1.17608e+06   -1.15805e+06
    Temperature Pressure (bar)   Constr. rmsd
    3.00096e+02    6.37587e+01    3.17837e-06

           Step           Time
         388500      777.00000

   Energies (kJ/mol)
           Bond            U-B    Proper Dih.  Improper Dih.      CMAP Dih.
    6.16386e+03    1.81961e+04    1.17115e+04    1.12907e+03   -2.50745e+03
          LJ-14     Coulomb-14        LJ (SR)   Coulomb (SR)   Coul. recip.
    5.66150e+03    1.12633e+05    2.41348e+05   -1.81411e+06    4.59329e+03
 Position Rest.      Potential    Kinetic En.   Total Energy  Conserved En.
    2.06423e+03   -1.41312e+06    2.36775e+05   -1.17635e+06   -1.15804e+06
    Temperature Pressure (bar)   Constr. rmsd
    3.00692e+02    2.63798e+01    3.03149e-06

           Step           Time
         389000      778.00000

   Energies (kJ/mol)
           Bond            U-B    Proper Dih.  Improper Dih.      CMAP Dih.
    6.21239e+03    1.79851e+04    1.16368e+04    1.13637e+03   -2.40020e+03
          LJ-14     Coulomb-14        LJ (SR)   Coulomb (SR)   Coul. recip.
    5.75276e+03    1.12993e+05    2.40559e+05   -1.81107e+06    4.60478e+03
 Position Rest.      Potential    Kinetic En.   Total Energy  Conserved En.
    2.01045e+03   -1.41058e+06    2.35604e+05   -1.17498e+06   -1.15802e+06
    Temperature Pressure (bar)   Constr. rmsd
    2.99205e+02   -1.94854e+01    3.24104e-06

           Step           Time
         389500      779.00000

   Energies (kJ/mol)
           Bond            U-B    Proper Dih.  Improper Dih.      CMAP Dih.
    6.25615e+03    1.80774e+04    1.16263e+04    1.11150e+03   -2.46463e+03
          LJ-14     Coulomb-14        LJ (SR)   Coulomb (SR)   Coul. recip.
    5.71086e+03    1.12997e+05    2.40729e+05   -1.81144e+06    4.56542e+03
 Position Rest.      Potential    Kinetic En.   Total Energy  Conserved En.
    2.08117e+03   -1.41075e+06    2.36830e+05   -1.17392e+06   -1.15801e+06
    Temperature Pressure (bar)   Constr. rmsd
    3.00761e+02   -1.09745e+02    3.08907e-06


DD  step 389999 load imb.: force 16.5%  pme mesh/force 0.265
           Step           Time
         390000      780.00000

   Energies (kJ/mol)
           Bond            U-B    Proper Dih.  Improper Dih.      CMAP Dih.
    6.10228e+03    1.81784e+04    1.16663e+04    1.25792e+03   -2.48090e+03
          LJ-14     Coulomb-14        LJ (SR)   Coulomb (SR)   Coul. recip.
    5.75331e+03    1.12888e+05    2.40856e+05   -1.81338e+06    4.64445e+03
 Position Rest.      Potential    Kinetic En.   Total Energy  Conserved En.
    1.99243e+03   -1.41252e+06    2.36310e+05   -1.17621e+06   -1.15799e+06
    Temperature Pressure (bar)   Constr. rmsd
    3.00101e+02   -6.55194e+00    3.01857e-06

           Step           Time
         390500      781.00000

   Energies (kJ/mol)
           Bond            U-B    Proper Dih.  Improper Dih.      CMAP Dih.
    6.20500e+03    1.82961e+04    1.15947e+04    1.15215e+03   -2.42690e+03
          LJ-14     Coulomb-14        LJ (SR)   Coulomb (SR)   Coul. recip.
    5.69060e+03    1.12487e+05    2.41171e+05   -1.81237e+06    4.65458e+03
 Position Rest.      Potential    Kinetic En.   Total Energy  Conserved En.
    2.06659e+03   -1.41148e+06    2.36297e+05   -1.17518e+06   -1.15797e+06
    Temperature Pressure (bar)   Constr. rmsd
    3.00085e+02   -4.41706e+01    3.13709e-06

           Step           Time
         391000      782.00000

   Energies (kJ/mol)
           Bond            U-B    Proper Dih.  Improper Dih.      CMAP Dih.
    6.23132e+03    1.79292e+04    1.15712e+04    1.01222e+03   -2.44454e+03
          LJ-14     Coulomb-14        LJ (SR)   Coulomb (SR)   Coul. recip.
    5.65675e+03    1.12808e+05    2.39502e+05   -1.81136e+06    4.44997e+03
 Position Rest.      Potential    Kinetic En.   Total Energy  Conserved En.
    1.98780e+03   -1.41266e+06    2.36565e+05   -1.17609e+06   -1.15798e+06
    Temperature Pressure (bar)   Constr. rmsd
    3.00425e+02   -1.50340e+02    3.15781e-06

           Step           Time
         391500      783.00000

   Energies (kJ/mol)
           Bond            U-B    Proper Dih.  Improper Dih.      CMAP Dih.
    6.33540e+03    1.76511e+04    1.15955e+04    1.09189e+03   -2.43180e+03
          LJ-14     Coulomb-14        LJ (SR)   Coulomb (SR)   Coul. recip.
    5.75904e+03    1.13175e+05    2.41926e+05   -1.81446e+06    4.55218e+03
 Position Rest.      Potential    Kinetic En.   Total Energy  Conserved En.
    2.01316e+03   -1.41279e+06    2.36948e+05   -1.17584e+06   -1.15792e+06
    Temperature Pressure (bar)   Constr. rmsd
    3.00912e+02    7.89285e+01    3.14401e-06


DD  step 391999 load imb.: force 16.5%  pme mesh/force 0.261
           Step           Time
         392000      784.00000

   Energies (kJ/mol)
           Bond            U-B    Proper Dih.  Improper Dih.      CMAP Dih.
    6.09712e+03    1.78670e+04    1.17108e+04    1.14380e+03   -2.41964e+03
          LJ-14     Coulomb-14        LJ (SR)   Coulomb (SR)   Coul. recip.
    5.85818e+03    1.13347e+05    2.41884e+05   -1.81534e+06    4.53128e+03
 Position Rest.      Potential    Kinetic En.   Total Energy  Conserved En.
    1.95949e+03   -1.41336e+06    2.36509e+05   -1.17685e+06   -1.15794e+06
    Temperature Pressure (bar)   Constr. rmsd
    3.00355e+02    1.10208e+02    3.09802e-06

           Step           Time
         392500      785.00000

   Energies (kJ/mol)
           Bond            U-B    Proper Dih.  Improper Dih.      CMAP Dih.
    6.15135e+03    1.81155e+04    1.15959e+04    9.96105e+02   -2.48390e+03
          LJ-14     Coulomb-14        LJ (SR)   Coulomb (SR)   Coul. recip.
    5.69718e+03    1.12687e+05    2.40303e+05   -1.81132e+06    4.54916e+03
 Position Rest.      Potential    Kinetic En.   Total Energy  Conserved En.
    2.09089e+03   -1.41162e+06    2.36897e+05   -1.17472e+06   -1.15792e+06
    Temperature Pressure (bar)   Constr. rmsd
    3.00847e+02   -4.18371e+01    3.12435e-06

           Step           Time
         393000      786.00000

   Energies (kJ/mol)
           Bond            U-B    Proper Dih.  Improper Dih.      CMAP Dih.
    6.17958e+03    1.82360e+04    1.14907e+04    1.04025e+03   -2.55207e+03
          LJ-14     Coulomb-14        LJ (SR)   Coulomb (SR)   Coul. recip.
    5.84934e+03    1.12958e+05    2.41716e+05   -1.81422e+06    4.57746e+03
 Position Rest.      Potential    Kinetic En.   Total Energy  Conserved En.
    2.02832e+03   -1.41270e+06    2.36060e+05   -1.17664e+06   -1.15785e+06
    Temperature Pressure (bar)   Constr. rmsd
    2.99784e+02    1.21092e+02    3.05719e-06

           Step           Time
         393500      787.00000

   Energies (kJ/mol)
           Bond            U-B    Proper Dih.  Improper Dih.      CMAP Dih.
    6.14521e+03    1.79381e+04    1.14709e+04    1.08524e+03   -2.36501e+03
          LJ-14     Coulomb-14        LJ (SR)   Coulomb (SR)   Coul. recip.
    5.72344e+03    1.12924e+05    2.41818e+05   -1.81437e+06    4.72534e+03
 Position Rest.      Potential    Kinetic En.   Total Energy  Conserved En.
    1.98918e+03   -1.41292e+06    2.34441e+05   -1.17848e+06   -1.15785e+06
    Temperature Pressure (bar)   Constr. rmsd
    2.97727e+02    1.03285e+02    3.15992e-06


DD  step 393999 load imb.: force 17.2%  pme mesh/force 0.262
           Step           Time
         394000      788.00000

   Energies (kJ/mol)
           Bond            U-B    Proper Dih.  Improper Dih.      CMAP Dih.
    6.41142e+03    1.80997e+04    1.15259e+04    1.05230e+03   -2.40688e+03
          LJ-14     Coulomb-14        LJ (SR)   Coulomb (SR)   Coul. recip.
    5.68936e+03    1.13039e+05    2.39800e+05   -1.81220e+06    4.68506e+03
 Position Rest.      Potential    Kinetic En.   Total Energy  Conserved En.
    1.89240e+03   -1.41241e+06    2.35478e+05   -1.17693e+06   -1.15776e+06
    Temperature Pressure (bar)   Constr. rmsd
    2.99045e+02   -2.18373e+02    3.14824e-06

           Step           Time
         394500      789.00000

   Energies (kJ/mol)
           Bond            U-B    Proper Dih.  Improper Dih.      CMAP Dih.
    6.19704e+03    1.82370e+04    1.16362e+04    1.07308e+03   -2.48774e+03
          LJ-14     Coulomb-14        LJ (SR)   Coulomb (SR)   Coul. recip.
    5.72896e+03    1.12985e+05    2.39096e+05   -1.81121e+06    4.61205e+03
 Position Rest.      Potential    Kinetic En.   Total Energy  Conserved En.
    1.93826e+03   -1.41219e+06    2.36372e+05   -1.17582e+06   -1.15780e+06
    Temperature Pressure (bar)   Constr. rmsd
    3.00181e+02   -2.07808e+02    3.25581e-06

           Step           Time
         395000      790.00000

   Energies (kJ/mol)
           Bond            U-B    Proper Dih.  Improper Dih.      CMAP Dih.
    6.21109e+03    1.81085e+04    1.16330e+04    1.12115e+03   -2.53915e+03
          LJ-14     Coulomb-14        LJ (SR)   Coulomb (SR)   Coul. recip.
    5.72016e+03    1.12938e+05    2.40273e+05   -1.81245e+06    4.59808e+03
 Position Rest.      Potential    Kinetic En.   Total Energy  Conserved En.
    1.95034e+03   -1.41243e+06    2.37841e+05   -1.17459e+06   -1.15779e+06
    Temperature Pressure (bar)   Constr. rmsd
    3.02046e+02   -2.72385e+01    3.21661e-06

           Step           Time
         395500      791.00000

   Energies (kJ/mol)
           Bond            U-B    Proper Dih.  Improper Dih.      CMAP Dih.
    6.20229e+03    1.79656e+04    1.15771e+04    1.06384e+03   -2.48524e+03
          LJ-14     Coulomb-14        LJ (SR)   Coulomb (SR)   Coul. recip.
    5.84266e+03    1.12577e+05    2.37978e+05   -1.80889e+06    4.56199e+03
 Position Rest.      Potential    Kinetic En.   Total Energy  Conserved En.
    1.97161e+03   -1.41163e+06    2.36360e+05   -1.17527e+06   -1.15781e+06
    Temperature Pressure (bar)   Constr. rmsd
    3.00165e+02   -2.39841e+02    3.07773e-06


DD  step 395999 load imb.: force 16.8%  pme mesh/force 0.274
           Step           Time
         396000      792.00000

   Energies (kJ/mol)
           Bond            U-B    Proper Dih.  Improper Dih.      CMAP Dih.
    6.20813e+03    1.82651e+04    1.15759e+04    1.06420e+03   -2.50018e+03
          LJ-14     Coulomb-14        LJ (SR)   Coulomb (SR)   Coul. recip.
    5.63181e+03    1.12765e+05    2.40021e+05   -1.81240e+06    4.53089e+03
 Position Rest.      Potential    Kinetic En.   Total Energy  Conserved En.
    2.01311e+03   -1.41283e+06    2.36034e+05   -1.17679e+06   -1.15773e+06
    Temperature Pressure (bar)   Constr. rmsd
    2.99752e+02   -2.53729e+02    3.30314e-06

           Step           Time
         396500      793.00000

   Energies (kJ/mol)
           Bond            U-B    Proper Dih.  Improper Dih.      CMAP Dih.
    5.91367e+03    1.80005e+04    1.16979e+04    1.14601e+03   -2.45866e+03
          LJ-14     Coulomb-14        LJ (SR)   Coulomb (SR)   Coul. recip.
    5.75656e+03    1.13027e+05    2.38616e+05   -1.81075e+06    4.60669e+03
 Position Rest.      Potential    Kinetic En.   Total Energy  Conserved En.
    2.09834e+03   -1.41234e+06    2.36735e+05   -1.17561e+06   -1.15776e+06
    Temperature Pressure (bar)   Constr. rmsd
    3.00641e+02   -1.00643e+02    3.21686e-06

           Step           Time
         397000      794.00000

   Energies (kJ/mol)
           Bond            U-B    Proper Dih.  Improper Dih.      CMAP Dih.
    6.18966e+03    1.81702e+04    1.16673e+04    1.06145e+03   -2.41850e+03
          LJ-14     Coulomb-14        LJ (SR)   Coulomb (SR)   Coul. recip.
    5.66271e+03    1.12992e+05    2.41819e+05   -1.81497e+06    4.58210e+03
 Position Rest.      Potential    Kinetic En.   Total Energy  Conserved En.
    2.07813e+03   -1.41316e+06    2.37254e+05   -1.17591e+06   -1.15771e+06
    Temperature Pressure (bar)   Constr. rmsd
    3.01301e+02    2.28936e+00    3.16968e-06

           Step           Time
         397500      795.00000

   Energies (kJ/mol)
           Bond            U-B    Proper Dih.  Improper Dih.      CMAP Dih.
    6.11704e+03    1.82319e+04    1.17171e+04    1.12717e+03   -2.51203e+03
          LJ-14     Coulomb-14        LJ (SR)   Coulomb (SR)   Coul. recip.
    5.77600e+03    1.13096e+05    2.41875e+05   -1.81253e+06    4.67616e+03
 Position Rest.      Potential    Kinetic En.   Total Energy  Conserved En.
    2.01293e+03   -1.41041e+06    2.36855e+05   -1.17356e+06   -1.15768e+06
    Temperature Pressure (bar)   Constr. rmsd
    3.00793e+02    7.65432e+01    3.03842e-06


DD  step 397999 load imb.: force 17.2%  pme mesh/force 0.281
           Step           Time
         398000      796.00000

   Energies (kJ/mol)
           Bond            U-B    Proper Dih.  Improper Dih.      CMAP Dih.
    5.95606e+03    1.81477e+04    1.15775e+04    1.18139e+03   -2.45512e+03
          LJ-14     Coulomb-14        LJ (SR)   Coulomb (SR)   Coul. recip.
    5.72096e+03    1.12612e+05    2.42059e+05   -1.81459e+06    4.56925e+03
 Position Rest.      Potential    Kinetic En.   Total Energy  Conserved En.
    1.93302e+03   -1.41329e+06    2.36194e+05   -1.17709e+06   -1.15768e+06
    Temperature Pressure (bar)   Constr. rmsd
    2.99955e+02    1.19334e+02    3.20623e-06

           Step           Time
         398500      797.00000

   Energies (kJ/mol)
           Bond            U-B    Proper Dih.  Improper Dih.      CMAP Dih.
    6.17385e+03    1.82403e+04    1.17455e+04    1.05660e+03   -2.42441e+03
          LJ-14     Coulomb-14        LJ (SR)   Coulomb (SR)   Coul. recip.
    5.78233e+03    1.12781e+05    2.41760e+05   -1.81336e+06    4.49465e+03
 Position Rest.      Potential    Kinetic En.   Total Energy  Conserved En.
    1.94469e+03   -1.41180e+06    2.36583e+05   -1.17522e+06   -1.15765e+06
    Temperature Pressure (bar)   Constr. rmsd
    3.00449e+02    1.88137e+02    3.19661e-06

           Step           Time
         399000      798.00000

   Energies (kJ/mol)
           Bond            U-B    Proper Dih.  Improper Dih.      CMAP Dih.
    6.00379e+03    1.81003e+04    1.15606e+04    1.05420e+03   -2.42600e+03
          LJ-14     Coulomb-14        LJ (SR)   Coulomb (SR)   Coul. recip.
    5.77464e+03    1.12811e+05    2.39965e+05   -1.81100e+06    4.60453e+03
 Position Rest.      Potential    Kinetic En.   Total Energy  Conserved En.
    1.95760e+03   -1.41159e+06    2.36521e+05   -1.17507e+06   -1.15765e+06
    Temperature Pressure (bar)   Constr. rmsd
    3.00369e+02   -1.62380e+01    3.15044e-06

           Step           Time
         399500      799.00000

   Energies (kJ/mol)
           Bond            U-B    Proper Dih.  Improper Dih.      CMAP Dih.
    6.13966e+03    1.83325e+04    1.14700e+04    1.12024e+03   -2.47838e+03
          LJ-14     Coulomb-14        LJ (SR)   Coulomb (SR)   Coul. recip.
    5.70998e+03    1.12700e+05    2.38968e+05   -1.81020e+06    4.59144e+03
 Position Rest.      Potential    Kinetic En.   Total Energy  Conserved En.
    1.98594e+03   -1.41166e+06    2.36878e+05   -1.17478e+06   -1.15762e+06
    Temperature Pressure (bar)   Constr. rmsd
    3.00823e+02   -1.36865e+02    3.14095e-06


DD  step 399999 load imb.: force 18.8%  pme mesh/force 0.268
           Step           Time
         400000      800.00000

   Energies (kJ/mol)
           Bond            U-B    Proper Dih.  Improper Dih.      CMAP Dih.
    6.39233e+03    1.80628e+04    1.15448e+04    1.09030e+03   -2.50146e+03
          LJ-14     Coulomb-14        LJ (SR)   Coulomb (SR)   Coul. recip.
    5.76873e+03    1.12974e+05    2.39975e+05   -1.81038e+06    4.59204e+03
 Position Rest.      Potential    Kinetic En.   Total Energy  Conserved En.
    2.10007e+03   -1.41038e+06    2.37368e+05   -1.17301e+06   -1.15758e+06
    Temperature Pressure (bar)   Constr. rmsd
    3.01445e+02   -1.51978e+01    2.94065e-06

           Step           Time
         400500      801.00000

   Energies (kJ/mol)
           Bond            U-B    Proper Dih.  Improper Dih.      CMAP Dih.
    6.25714e+03    1.83265e+04    1.15060e+04    1.00219e+03   -2.46181e+03
          LJ-14     Coulomb-14        LJ (SR)   Coulomb (SR)   Coul. recip.
    5.69752e+03    1.12631e+05    2.41033e+05   -1.81138e+06    4.67965e+03
 Position Rest.      Potential    Kinetic En.   Total Energy  Conserved En.
    2.07036e+03   -1.41064e+06    2.35868e+05   -1.17477e+06   -1.15756e+06
    Temperature Pressure (bar)   Constr. rmsd
    2.99540e+02   -8.33708e+01    3.16381e-06

           Step           Time
         401000      802.00000

   Energies (kJ/mol)
           Bond            U-B    Proper Dih.  Improper Dih.      CMAP Dih.
    6.22759e+03    1.81695e+04    1.17161e+04    1.03976e+03   -2.46003e+03
          LJ-14     Coulomb-14        LJ (SR)   Coulomb (SR)   Coul. recip.
    5.68883e+03    1.12651e+05    2.40405e+05   -1.80970e+06    4.61772e+03
 Position Rest.      Potential    Kinetic En.   Total Energy  Conserved En.
    1.99282e+03   -1.40965e+06    2.35866e+05   -1.17378e+06   -1.15754e+06
    Temperature Pressure (bar)   Constr. rmsd
    2.99538e+02    8.84631e+01    3.21529e-06

           Step           Time
         401500      803.00000

   Energies (kJ/mol)
           Bond            U-B    Proper Dih.  Improper Dih.      CMAP Dih.
    6.17214e+03    1.80167e+04    1.15646e+04    1.18388e+03   -2.47065e+03
          LJ-14     Coulomb-14        LJ (SR)   Coulomb (SR)   Coul. recip.
    5.71621e+03    1.12646e+05    2.40538e+05   -1.81196e+06    4.61686e+03
 Position Rest.      Potential    Kinetic En.   Total Energy  Conserved En.
    2.13793e+03   -1.41184e+06    2.35506e+05   -1.17633e+06   -1.15753e+06
    Temperature Pressure (bar)   Constr. rmsd
    2.99081e+02   -9.46992e+01    3.12111e-06


DD  step 401999 load imb.: force 17.5%  pme mesh/force 0.270
           Step           Time
         402000      804.00000

   Energies (kJ/mol)
           Bond            U-B    Proper Dih.  Improper Dih.      CMAP Dih.
    6.30291e+03    1.84131e+04    1.16043e+04    1.02480e+03   -2.42044e+03
          LJ-14     Coulomb-14        LJ (SR)   Coulomb (SR)   Coul. recip.
    5.75275e+03    1.12211e+05    2.37405e+05   -1.80793e+06    4.73179e+03
 Position Rest.      Potential    Kinetic En.   Total Energy  Conserved En.
    2.10895e+03   -1.41079e+06    2.36298e+05   -1.17450e+06   -1.15750e+06
    Temperature Pressure (bar)   Constr. rmsd
    3.00086e+02   -1.70313e+02    3.10843e-06

           Step           Time
         402500      805.00000

   Energies (kJ/mol)
           Bond            U-B    Proper Dih.  Improper Dih.      CMAP Dih.
    6.40377e+03    1.81018e+04    1.16564e+04    1.07086e+03   -2.49136e+03
          LJ-14     Coulomb-14        LJ (SR)   Coulomb (SR)   Coul. recip.
    5.75328e+03    1.12744e+05    2.37322e+05   -1.80786e+06    4.61086e+03
 Position Rest.      Potential    Kinetic En.   Total Energy  Conserved En.
    1.95263e+03   -1.41073e+06    2.36639e+05   -1.17409e+06   -1.15746e+06
    Temperature Pressure (bar)   Constr. rmsd
    3.00519e+02   -2.44524e+02    3.04002e-06

           Step           Time
         403000      806.00000

   Energies (kJ/mol)
           Bond            U-B    Proper Dih.  Improper Dih.      CMAP Dih.
    6.44965e+03    1.85007e+04    1.16456e+04    1.12540e+03   -2.40802e+03
          LJ-14     Coulomb-14        LJ (SR)   Coulomb (SR)   Coul. recip.
    5.77317e+03    1.12371e+05    2.41911e+05   -1.81342e+06    4.62923e+03
 Position Rest.      Potential    Kinetic En.   Total Energy  Conserved En.
    1.99130e+03   -1.41143e+06    2.38324e+05   -1.17310e+06   -1.15745e+06
    Temperature Pressure (bar)   Constr. rmsd
    3.02660e+02    1.35839e+02    3.07810e-06

           Step           Time
         403500      807.00000

   Energies (kJ/mol)
           Bond            U-B    Proper Dih.  Improper Dih.      CMAP Dih.
    6.35190e+03    1.80917e+04    1.15710e+04    1.03397e+03   -2.45890e+03
          LJ-14     Coulomb-14        LJ (SR)   Coulomb (SR)   Coul. recip.
    5.81650e+03    1.13214e+05    2.39207e+05   -1.81117e+06    4.57852e+03
 Position Rest.      Potential    Kinetic En.   Total Energy  Conserved En.
    2.02298e+03   -1.41174e+06    2.36864e+05   -1.17488e+06   -1.15743e+06
    Temperature Pressure (bar)   Constr. rmsd
    3.00804e+02   -3.35085e+01    3.06432e-06


DD  step 403999 load imb.: force 17.8%  pme mesh/force 0.267
           Step           Time
         404000      808.00000

   Energies (kJ/mol)
           Bond            U-B    Proper Dih.  Improper Dih.      CMAP Dih.
    6.44748e+03    1.83566e+04    1.14012e+04    1.02002e+03   -2.40728e+03
          LJ-14     Coulomb-14        LJ (SR)   Coulomb (SR)   Coul. recip.
    5.74517e+03    1.12864e+05    2.41998e+05   -1.81385e+06    4.61765e+03
 Position Rest.      Potential    Kinetic En.   Total Energy  Conserved En.
    1.97511e+03   -1.41183e+06    2.36711e+05   -1.17512e+06   -1.15740e+06
    Temperature Pressure (bar)   Constr. rmsd
    3.00611e+02    5.86255e+01    3.18740e-06

           Step           Time
         404500      809.00000

   Energies (kJ/mol)
           Bond            U-B    Proper Dih.  Improper Dih.      CMAP Dih.
    6.35170e+03    1.80334e+04    1.15454e+04    1.06961e+03   -2.44637e+03
          LJ-14     Coulomb-14        LJ (SR)   Coulomb (SR)   Coul. recip.
    5.74140e+03    1.12849e+05    2.42722e+05   -1.81407e+06    4.59059e+03
 Position Rest.      Potential    Kinetic En.   Total Energy  Conserved En.
    1.93326e+03   -1.41168e+06    2.36216e+05   -1.17547e+06   -1.15739e+06
    Temperature Pressure (bar)   Constr. rmsd
    2.99982e+02    1.38776e+02    3.05948e-06

           Step           Time
         405000      810.00000

   Energies (kJ/mol)
           Bond            U-B    Proper Dih.  Improper Dih.      CMAP Dih.
    6.40442e+03    1.82253e+04    1.16205e+04    1.15946e+03   -2.48032e+03
          LJ-14     Coulomb-14        LJ (SR)   Coulomb (SR)   Coul. recip.
    5.67296e+03    1.12869e+05    2.41862e+05   -1.81366e+06    4.60331e+03
 Position Rest.      Potential    Kinetic En.   Total Energy  Conserved En.
    1.93498e+03   -1.41178e+06    2.38124e+05   -1.17366e+06   -1.15737e+06
    Temperature Pressure (bar)   Constr. rmsd
    3.02405e+02    1.45809e+02    3.11134e-06

           Step           Time
         405500      811.00000

   Energies (kJ/mol)
           Bond            U-B    Proper Dih.  Improper Dih.      CMAP Dih.
    6.44949e+03    1.78912e+04    1.16355e+04    1.08650e+03   -2.41393e+03
          LJ-14     Coulomb-14        LJ (SR)   Coulomb (SR)   Coul. recip.
    5.59285e+03    1.12579e+05    2.41778e+05   -1.81340e+06    4.67219e+03
 Position Rest.      Potential    Kinetic En.   Total Energy  Conserved En.
    1.96193e+03   -1.41216e+06    2.36354e+05   -1.17581e+06   -1.15738e+06
    Temperature Pressure (bar)   Constr. rmsd
    3.00158e+02   -8.91918e+01    3.23281e-06


DD  step 405999 load imb.: force 17.5%  pme mesh/force 0.271
           Step           Time
         406000      812.00000

   Energies (kJ/mol)
           Bond            U-B    Proper Dih.  Improper Dih.      CMAP Dih.
    6.15797e+03    1.80024e+04    1.15891e+04    1.08770e+03   -2.56837e+03
          LJ-14     Coulomb-14        LJ (SR)   Coulomb (SR)   Coul. recip.
    5.74453e+03    1.12685e+05    2.41909e+05   -1.81394e+06    4.57548e+03
 Position Rest.      Potential    Kinetic En.   Total Energy  Conserved En.
    2.02579e+03   -1.41273e+06    2.36334e+05   -1.17639e+06   -1.15733e+06
    Temperature Pressure (bar)   Constr. rmsd
    3.00132e+02    8.16596e+01    3.17063e-06

           Step           Time
         406500      813.00000

   Energies (kJ/mol)
           Bond            U-B    Proper Dih.  Improper Dih.      CMAP Dih.
    6.08617e+03    1.87285e+04    1.14953e+04    1.07948e+03   -2.47990e+03
          LJ-14     Coulomb-14        LJ (SR)   Coulomb (SR)   Coul. recip.
    5.75702e+03    1.12654e+05    2.40959e+05   -1.81194e+06    4.73565e+03
 Position Rest.      Potential    Kinetic En.   Total Energy  Conserved En.
    2.05389e+03   -1.41087e+06    2.37955e+05   -1.17292e+06   -1.15735e+06
    Temperature Pressure (bar)   Constr. rmsd
    3.02190e+02    1.35374e+01    3.30082e-06

           Step           Time
         407000      814.00000

   Energies (kJ/mol)
           Bond            U-B    Proper Dih.  Improper Dih.      CMAP Dih.
    6.06158e+03    1.82575e+04    1.17235e+04    1.10186e+03   -2.44602e+03
          LJ-14     Coulomb-14        LJ (SR)   Coulomb (SR)   Coul. recip.
    5.73288e+03    1.13092e+05    2.41478e+05   -1.81471e+06    4.57026e+03
 Position Rest.      Potential    Kinetic En.   Total Energy  Conserved En.
    1.99444e+03   -1.41314e+06    2.36577e+05   -1.17657e+06   -1.15728e+06
    Temperature Pressure (bar)   Constr. rmsd
    3.00441e+02    2.21689e+01    3.10711e-06

           Step           Time
         407500      815.00000

   Energies (kJ/mol)
           Bond            U-B    Proper Dih.  Improper Dih.      CMAP Dih.
    6.29156e+03    1.80470e+04    1.17185e+04    1.17425e+03   -2.44274e+03
          LJ-14     Coulomb-14        LJ (SR)   Coulomb (SR)   Coul. recip.
    5.77030e+03    1.12769e+05    2.38466e+05   -1.80917e+06    4.77946e+03
 Position Rest.      Potential    Kinetic En.   Total Energy  Conserved En.
    2.02915e+03   -1.41057e+06    2.36673e+05   -1.17389e+06   -1.15727e+06
    Temperature Pressure (bar)   Constr. rmsd
    3.00563e+02   -1.26413e+01    3.02921e-06


DD  step 407999 load imb.: force 16.7%  pme mesh/force 0.263
           Step           Time
         408000      816.00000

   Energies (kJ/mol)
           Bond            U-B    Proper Dih.  Improper Dih.      CMAP Dih.
    6.34066e+03    1.80432e+04    1.16679e+04    1.06075e+03   -2.51644e+03
          LJ-14     Coulomb-14        LJ (SR)   Coulomb (SR)   Coul. recip.
    5.59695e+03    1.12879e+05    2.42695e+05   -1.81594e+06    4.59623e+03
 Position Rest.      Potential    Kinetic En.   Total Energy  Conserved En.
    1.95502e+03   -1.41362e+06    2.36985e+05   -1.17664e+06   -1.15726e+06
    Temperature Pressure (bar)   Constr. rmsd
    3.00958e+02   -1.82083e-01    3.02244e-06

           Step           Time
         408500      817.00000

   Energies (kJ/mol)
           Bond            U-B    Proper Dih.  Improper Dih.      CMAP Dih.
    6.06736e+03    1.82273e+04    1.16776e+04    1.12774e+03   -2.49413e+03
          LJ-14     Coulomb-14        LJ (SR)   Coulomb (SR)   Coul. recip.
    5.82039e+03    1.12611e+05    2.41111e+05   -1.81370e+06    4.65458e+03
 Position Rest.      Potential    Kinetic En.   Total Energy  Conserved En.
    2.00659e+03   -1.41289e+06    2.36819e+05   -1.17607e+06   -1.15725e+06
    Temperature Pressure (bar)   Constr. rmsd
    3.00748e+02    3.00377e+01    3.22835e-06

           Step           Time
         409000      818.00000

   Energies (kJ/mol)
           Bond            U-B    Proper Dih.  Improper Dih.      CMAP Dih.
    6.34714e+03    1.77631e+04    1.15978e+04    1.11743e+03   -2.47058e+03
          LJ-14     Coulomb-14        LJ (SR)   Coulomb (SR)   Coul. recip.
    5.83185e+03    1.13042e+05    2.40141e+05   -1.81068e+06    4.78233e+03
 Position Rest.      Potential    Kinetic En.   Total Energy  Conserved En.
    2.02912e+03   -1.41050e+06    2.35105e+05   -1.17540e+06   -1.15725e+06
    Temperature Pressure (bar)   Constr. rmsd
    2.98571e+02    1.02758e+01    3.20408e-06

           Step           Time
         409500      819.00000

   Energies (kJ/mol)
           Bond            U-B    Proper Dih.  Improper Dih.      CMAP Dih.
    6.54890e+03    1.79175e+04    1.15735e+04    1.12089e+03   -2.51825e+03
          LJ-14     Coulomb-14        LJ (SR)   Coulomb (SR)   Coul. recip.
    5.80207e+03    1.13255e+05    2.42089e+05   -1.81521e+06    4.60338e+03
 Position Rest.      Potential    Kinetic En.   Total Energy  Conserved En.
    1.92528e+03   -1.41289e+06    2.36730e+05   -1.17616e+06   -1.15715e+06
    Temperature Pressure (bar)   Constr. rmsd
    3.00634e+02    6.28245e+01    3.13953e-06


DD  step 409999 load imb.: force 17.6%  pme mesh/force 0.275
           Step           Time
         410000      820.00000

   Energies (kJ/mol)
           Bond            U-B    Proper Dih.  Improper Dih.      CMAP Dih.
    6.15317e+03    1.80360e+04    1.15704e+04    1.14952e+03   -2.47252e+03
          LJ-14     Coulomb-14        LJ (SR)   Coulomb (SR)   Coul. recip.
    5.68647e+03    1.12907e+05    2.43035e+05   -1.81494e+06    4.68219e+03
 Position Rest.      Potential    Kinetic En.   Total Energy  Conserved En.
    1.98834e+03   -1.41220e+06    2.36812e+05   -1.17539e+06   -1.15721e+06
    Temperature Pressure (bar)   Constr. rmsd
    3.00739e+02    9.05229e+01    3.09644e-06

           Step           Time
         410500      821.00000

   Energies (kJ/mol)
           Bond            U-B    Proper Dih.  Improper Dih.      CMAP Dih.
    6.30466e+03    1.77428e+04    1.16042e+04    1.03723e+03   -2.43951e+03
          LJ-14     Coulomb-14        LJ (SR)   Coulomb (SR)   Coul. recip.
    5.66270e+03    1.13298e+05    2.39302e+05   -1.81069e+06    4.58915e+03
 Position Rest.      Potential    Kinetic En.   Total Energy  Conserved En.
    2.00153e+03   -1.41158e+06    2.37341e+05   -1.17424e+06   -1.15719e+06
    Temperature Pressure (bar)   Constr. rmsd
    3.01410e+02   -3.60091e+01    3.00799e-06

           Step           Time
         411000      822.00000

   Energies (kJ/mol)
           Bond            U-B    Proper Dih.  Improper Dih.      CMAP Dih.
    6.09493e+03    1.80888e+04    1.16648e+04    1.10268e+03   -2.47053e+03
          LJ-14     Coulomb-14        LJ (SR)   Coulomb (SR)   Coul. recip.
    5.76802e+03    1.13258e+05    2.39800e+05   -1.81198e+06    4.73595e+03
 Position Rest.      Potential    Kinetic En.   Total Energy  Conserved En.
    2.08505e+03   -1.41185e+06    2.35039e+05   -1.17681e+06   -1.15709e+06
    Temperature Pressure (bar)   Constr. rmsd
    2.98487e+02   -7.23166e+01    2.89309e-06

           Step           Time
         411500      823.00000

   Energies (kJ/mol)
           Bond            U-B    Proper Dih.  Improper Dih.      CMAP Dih.
    6.12182e+03    1.80817e+04    1.15569e+04    1.07057e+03   -2.46553e+03
          LJ-14     Coulomb-14        LJ (SR)   Coulomb (SR)   Coul. recip.
    5.58819e+03    1.12875e+05    2.42426e+05   -1.81468e+06    4.69943e+03
 Position Rest.      Potential    Kinetic En.   Total Energy  Conserved En.
    1.99013e+03   -1.41273e+06    2.35210e+05   -1.17752e+06   -1.15711e+06
    Temperature Pressure (bar)   Constr. rmsd
    2.98705e+02    1.44248e+02    2.98878e-06


DD  step 411999 load imb.: force 16.9%  pme mesh/force 0.275
           Step           Time
         412000      824.00000

   Energies (kJ/mol)
           Bond            U-B    Proper Dih.  Improper Dih.      CMAP Dih.
    6.26752e+03    1.82214e+04    1.17336e+04    1.15037e+03   -2.41927e+03
          LJ-14     Coulomb-14        LJ (SR)   Coulomb (SR)   Coul. recip.
    5.61330e+03    1.12657e+05    2.40855e+05   -1.81229e+06    4.63102e+03
 Position Rest.      Potential    Kinetic En.   Total Energy  Conserved En.
    2.01008e+03   -1.41157e+06    2.35485e+05   -1.17608e+06   -1.15706e+06
    Temperature Pressure (bar)   Constr. rmsd
    2.99053e+02    1.43714e+01    3.06273e-06

Writing checkpoint, step 412160 at Mon Oct  5 06:24:19 2020


           Step           Time
         412500      825.00000

   Energies (kJ/mol)
           Bond            U-B    Proper Dih.  Improper Dih.      CMAP Dih.
    5.87848e+03    1.81552e+04    1.16454e+04    1.08911e+03   -2.49184e+03
          LJ-14     Coulomb-14        LJ (SR)   Coulomb (SR)   Coul. recip.
    5.71588e+03    1.13071e+05    2.41223e+05   -1.81246e+06    4.49430e+03
 Position Rest.      Potential    Kinetic En.   Total Energy  Conserved En.
    1.94211e+03   -1.41174e+06    2.35831e+05   -1.17591e+06   -1.15706e+06
    Temperature Pressure (bar)   Constr. rmsd
    2.99493e+02   -4.49608e+01    3.16037e-06

           Step           Time
         413000      826.00000

   Energies (kJ/mol)
           Bond            U-B    Proper Dih.  Improper Dih.      CMAP Dih.
    6.42093e+03    1.81462e+04    1.17930e+04    1.08613e+03   -2.48841e+03
          LJ-14     Coulomb-14        LJ (SR)   Coulomb (SR)   Coul. recip.
    5.73779e+03    1.12856e+05    2.41157e+05   -1.81319e+06    4.46445e+03
 Position Rest.      Potential    Kinetic En.   Total Energy  Conserved En.
    1.94855e+03   -1.41207e+06    2.36507e+05   -1.17556e+06   -1.15702e+06
    Temperature Pressure (bar)   Constr. rmsd
    3.00351e+02   -1.79139e+01    3.09210e-06

           Step           Time
         413500      827.00000

   Energies (kJ/mol)
           Bond            U-B    Proper Dih.  Improper Dih.      CMAP Dih.
    6.19622e+03    1.82624e+04    1.16198e+04    1.10719e+03   -2.49000e+03
          LJ-14     Coulomb-14        LJ (SR)   Coulomb (SR)   Coul. recip.
    5.77268e+03    1.12585e+05    2.42410e+05   -1.81278e+06    4.67503e+03
 Position Rest.      Potential    Kinetic En.   Total Energy  Conserved En.
    1.90237e+03   -1.41074e+06    2.35357e+05   -1.17538e+06   -1.15703e+06
    Temperature Pressure (bar)   Constr. rmsd
    2.98891e+02    1.15742e+02    3.08240e-06


DD  step 413999 load imb.: force 16.8%  pme mesh/force 0.279
           Step           Time
         414000      828.00000

   Energies (kJ/mol)
           Bond            U-B    Proper Dih.  Improper Dih.      CMAP Dih.
    6.34068e+03    1.81673e+04    1.16113e+04    1.14651e+03   -2.43015e+03
          LJ-14     Coulomb-14        LJ (SR)   Coulomb (SR)   Coul. recip.
    5.65408e+03    1.12813e+05    2.38400e+05   -1.81019e+06    4.67538e+03
 Position Rest.      Potential    Kinetic En.   Total Energy  Conserved En.
    2.02449e+03   -1.41179e+06    2.36957e+05   -1.17483e+06   -1.15698e+06
    Temperature Pressure (bar)   Constr. rmsd
    3.00923e+02   -1.29770e+02    3.14480e-06

           Step           Time
         414500      829.00000

   Energies (kJ/mol)
           Bond            U-B    Proper Dih.  Improper Dih.      CMAP Dih.
    5.94480e+03    1.81625e+04    1.15768e+04    1.02112e+03   -2.52220e+03
          LJ-14     Coulomb-14        LJ (SR)   Coulomb (SR)   Coul. recip.
    5.84760e+03    1.12829e+05    2.41771e+05   -1.81391e+06    4.62893e+03
 Position Rest.      Potential    Kinetic En.   Total Energy  Conserved En.
    1.97358e+03   -1.41268e+06    2.35602e+05   -1.17708e+06   -1.15697e+06
    Temperature Pressure (bar)   Constr. rmsd
    2.99202e+02    1.14177e+02    3.11714e-06

           Step           Time
         415000      830.00000

   Energies (kJ/mol)
           Bond            U-B    Proper Dih.  Improper Dih.      CMAP Dih.
    6.23186e+03    1.80403e+04    1.15159e+04    1.09518e+03   -2.39960e+03
          LJ-14     Coulomb-14        LJ (SR)   Coulomb (SR)   Coul. recip.
    5.70095e+03    1.12684e+05    2.39996e+05   -1.81085e+06    4.62481e+03
 Position Rest.      Potential    Kinetic En.   Total Energy  Conserved En.
    1.98952e+03   -1.41137e+06    2.37382e+05   -1.17399e+06   -1.15698e+06
    Temperature Pressure (bar)   Constr. rmsd
    3.01462e+02   -4.31525e+01    2.97285e-06

           Step           Time
         415500      831.00000

   Energies (kJ/mol)
           Bond            U-B    Proper Dih.  Improper Dih.      CMAP Dih.
    6.21128e+03    1.83208e+04    1.15149e+04    1.07544e+03   -2.38805e+03
          LJ-14     Coulomb-14        LJ (SR)   Coulomb (SR)   Coul. recip.
    5.70228e+03    1.12526e+05    2.38613e+05   -1.80878e+06    4.60794e+03
 Position Rest.      Potential    Kinetic En.   Total Energy  Conserved En.
    1.99010e+03   -1.41060e+06    2.35286e+05   -1.17532e+06   -1.15691e+06
    Temperature Pressure (bar)   Constr. rmsd
    2.98801e+02   -7.47057e+01    3.00937e-06


DD  step 415999 load imb.: force 17.4%  pme mesh/force 0.270
           Step           Time
         416000      832.00000

   Energies (kJ/mol)
           Bond            U-B    Proper Dih.  Improper Dih.      CMAP Dih.
    6.25425e+03    1.84182e+04    1.15351e+04    1.09177e+03   -2.51852e+03
          LJ-14     Coulomb-14        LJ (SR)   Coulomb (SR)   Coul. recip.
    5.47241e+03    1.12379e+05    2.40685e+05   -1.81171e+06    4.72458e+03
 Position Rest.      Potential    Kinetic En.   Total Energy  Conserved En.
    1.98577e+03   -1.41168e+06    2.35486e+05   -1.17620e+06   -1.15693e+06
    Temperature Pressure (bar)   Constr. rmsd
    2.99055e+02   -1.28239e+02    3.02212e-06

           Step           Time
         416500      833.00000

   Energies (kJ/mol)
           Bond            U-B    Proper Dih.  Improper Dih.      CMAP Dih.
    6.23237e+03    1.77952e+04    1.16049e+04    1.04916e+03   -2.44625e+03
          LJ-14     Coulomb-14        LJ (SR)   Coulomb (SR)   Coul. recip.
    5.68281e+03    1.12913e+05    2.41020e+05   -1.81242e+06    4.63194e+03
 Position Rest.      Potential    Kinetic En.   Total Energy  Conserved En.
    2.06036e+03   -1.41188e+06    2.37004e+05   -1.17488e+06   -1.15692e+06
    Temperature Pressure (bar)   Constr. rmsd
    3.00983e+02    6.34121e+01    3.13028e-06

           Step           Time
         417000      834.00000

   Energies (kJ/mol)
           Bond            U-B    Proper Dih.  Improper Dih.      CMAP Dih.
    6.29604e+03    1.80845e+04    1.16756e+04    1.10489e+03   -2.46072e+03
          LJ-14     Coulomb-14        LJ (SR)   Coulomb (SR)   Coul. recip.
    5.72219e+03    1.12928e+05    2.40036e+05   -1.80932e+06    4.65090e+03
 Position Rest.      Potential    Kinetic En.   Total Energy  Conserved En.
    2.01890e+03   -1.40927e+06    2.36888e+05   -1.17238e+06   -1.15688e+06
    Temperature Pressure (bar)   Constr. rmsd
    3.00836e+02   -1.48717e+01    3.30711e-06

           Step           Time
         417500      835.00000

   Energies (kJ/mol)
           Bond            U-B    Proper Dih.  Improper Dih.      CMAP Dih.
    6.19406e+03    1.81811e+04    1.16088e+04    1.10184e+03   -2.41779e+03
          LJ-14     Coulomb-14        LJ (SR)   Coulomb (SR)   Coul. recip.
    5.76703e+03    1.12761e+05    2.38128e+05   -1.80948e+06    4.58703e+03
 Position Rest.      Potential    Kinetic En.   Total Energy  Conserved En.
    2.03482e+03   -1.41153e+06    2.37015e+05   -1.17452e+06   -1.15686e+06
    Temperature Pressure (bar)   Constr. rmsd
    3.00996e+02   -2.32351e+02    3.07662e-06


DD  step 417999 load imb.: force 17.1%  pme mesh/force 0.270
           Step           Time
         418000      836.00000

   Energies (kJ/mol)
           Bond            U-B    Proper Dih.  Improper Dih.      CMAP Dih.
    6.41640e+03    1.80884e+04    1.16494e+04    1.14403e+03   -2.42644e+03
          LJ-14     Coulomb-14        LJ (SR)   Coulomb (SR)   Coul. recip.
    5.73640e+03    1.12828e+05    2.39028e+05   -1.81011e+06    4.65318e+03
 Position Rest.      Potential    Kinetic En.   Total Energy  Conserved En.
    2.02716e+03   -1.41097e+06    2.35946e+05   -1.17502e+06   -1.15681e+06
    Temperature Pressure (bar)   Constr. rmsd
    2.99639e+02   -3.93913e+01    3.24195e-06

           Step           Time
         418500      837.00000

   Energies (kJ/mol)
           Bond            U-B    Proper Dih.  Improper Dih.      CMAP Dih.
    6.28900e+03    1.79498e+04    1.16096e+04    1.02691e+03   -2.48725e+03
          LJ-14     Coulomb-14        LJ (SR)   Coulomb (SR)   Coul. recip.
    5.65720e+03    1.12773e+05    2.40201e+05   -1.81144e+06    4.73434e+03
 Position Rest.      Potential    Kinetic En.   Total Energy  Conserved En.
    1.97893e+03   -1.41171e+06    2.35498e+05   -1.17621e+06   -1.15682e+06
    Temperature Pressure (bar)   Constr. rmsd
    2.99070e+02   -1.91105e+01    3.11058e-06

           Step           Time
         419000      838.00000

   Energies (kJ/mol)
           Bond            U-B    Proper Dih.  Improper Dih.      CMAP Dih.
    6.47501e+03    1.81067e+04    1.14283e+04    1.08677e+03   -2.41032e+03
          LJ-14     Coulomb-14        LJ (SR)   Coulomb (SR)   Coul. recip.
    5.63785e+03    1.12735e+05    2.40751e+05   -1.81051e+06    4.65825e+03
 Position Rest.      Potential    Kinetic En.   Total Energy  Conserved En.
    2.01732e+03   -1.41002e+06    2.36892e+05   -1.17313e+06   -1.15683e+06
    Temperature Pressure (bar)   Constr. rmsd
    3.00841e+02   -1.21920e+01    3.12690e-06

           Step           Time
         419500      839.00000

   Energies (kJ/mol)
           Bond            U-B    Proper Dih.  Improper Dih.      CMAP Dih.
    6.01138e+03    1.78166e+04    1.15372e+04    9.82885e+02   -2.47703e+03
          LJ-14     Coulomb-14        LJ (SR)   Coulomb (SR)   Coul. recip.
    5.72630e+03    1.13080e+05    2.39719e+05   -1.81073e+06    4.69108e+03
 Position Rest.      Potential    Kinetic En.   Total Energy  Conserved En.
    1.91550e+03   -1.41173e+06    2.36430e+05   -1.17530e+06   -1.15683e+06
    Temperature Pressure (bar)   Constr. rmsd
    3.00253e+02    7.72354e+01    2.98123e-06


DD  step 419999 load imb.: force 17.7%  pme mesh/force 0.265
           Step           Time
         420000      840.00000

   Energies (kJ/mol)
           Bond            U-B    Proper Dih.  Improper Dih.      CMAP Dih.
    6.34052e+03    1.83726e+04    1.16134e+04    1.11507e+03   -2.44636e+03
          LJ-14     Coulomb-14        LJ (SR)   Coulomb (SR)   Coul. recip.
    5.69992e+03    1.12444e+05    2.40883e+05   -1.81065e+06    4.71179e+03
 Position Rest.      Potential    Kinetic En.   Total Energy  Conserved En.
    2.08948e+03   -1.40983e+06    2.36654e+05   -1.17317e+06   -1.15674e+06
    Temperature Pressure (bar)   Constr. rmsd
    3.00538e+02    9.70095e+00    3.10379e-06

           Step           Time
         420500      841.00000

   Energies (kJ/mol)
           Bond            U-B    Proper Dih.  Improper Dih.      CMAP Dih.
    6.31226e+03    1.79562e+04    1.16514e+04    1.06769e+03   -2.47141e+03
          LJ-14     Coulomb-14        LJ (SR)   Coulomb (SR)   Coul. recip.
    5.75232e+03    1.12566e+05    2.40344e+05   -1.80859e+06    4.68392e+03
 Position Rest.      Potential    Kinetic En.   Total Energy  Conserved En.
    2.04404e+03   -1.40869e+06    2.35493e+05   -1.17319e+06   -1.15675e+06
    Temperature Pressure (bar)   Constr. rmsd
    2.99064e+02   -4.80142e+01    3.17008e-06

           Step           Time
         421000      842.00000

   Energies (kJ/mol)
           Bond            U-B    Proper Dih.  Improper Dih.      CMAP Dih.
    6.07983e+03    1.80423e+04    1.14036e+04    1.12766e+03   -2.36479e+03
          LJ-14     Coulomb-14        LJ (SR)   Coulomb (SR)   Coul. recip.
    5.74930e+03    1.12520e+05    2.39235e+05   -1.81045e+06    4.60080e+03
 Position Rest.      Potential    Kinetic En.   Total Energy  Conserved En.
    2.08147e+03   -1.41197e+06    2.37049e+05   -1.17492e+06   -1.15675e+06
    Temperature Pressure (bar)   Constr. rmsd
    3.01040e+02    4.77707e+01    3.11659e-06

           Step           Time
         421500      843.00000

   Energies (kJ/mol)
           Bond            U-B    Proper Dih.  Improper Dih.      CMAP Dih.
    6.23701e+03    1.81990e+04    1.15521e+04    1.12513e+03   -2.42319e+03
          LJ-14     Coulomb-14        LJ (SR)   Coulomb (SR)   Coul. recip.
    5.72759e+03    1.12466e+05    2.39327e+05   -1.81155e+06    4.63329e+03
 Position Rest.      Potential    Kinetic En.   Total Energy  Conserved En.
    2.00936e+03   -1.41270e+06    2.36571e+05   -1.17613e+06   -1.15668e+06
    Temperature Pressure (bar)   Constr. rmsd
    3.00432e+02   -1.63555e+02    3.03680e-06


DD  step 421999 load imb.: force 16.3%  pme mesh/force 0.276
           Step           Time
         422000      844.00000

   Energies (kJ/mol)
           Bond            U-B    Proper Dih.  Improper Dih.      CMAP Dih.
    6.37001e+03    1.82588e+04    1.15312e+04    9.97639e+02   -2.51660e+03
          LJ-14     Coulomb-14        LJ (SR)   Coulomb (SR)   Coul. recip.
    5.78434e+03    1.12553e+05    2.39595e+05   -1.81100e+06    4.62913e+03
 Position Rest.      Potential    Kinetic En.   Total Energy  Conserved En.
    2.07746e+03   -1.41172e+06    2.35965e+05   -1.17575e+06   -1.15667e+06
    Temperature Pressure (bar)   Constr. rmsd
    2.99664e+02   -1.18046e+02    3.23606e-06

           Step           Time
         422500      845.00000

   Energies (kJ/mol)
           Bond            U-B    Proper Dih.  Improper Dih.      CMAP Dih.
    6.18204e+03    1.84804e+04    1.16931e+04    1.10189e+03   -2.44480e+03
          LJ-14     Coulomb-14        LJ (SR)   Coulomb (SR)   Coul. recip.
    5.77609e+03    1.12387e+05    2.38862e+05   -1.80984e+06    4.51515e+03
 Position Rest.      Potential    Kinetic En.   Total Energy  Conserved En.
    2.05716e+03   -1.41123e+06    2.36176e+05   -1.17505e+06   -1.15664e+06
    Temperature Pressure (bar)   Constr. rmsd
    2.99931e+02   -4.07397e+01    3.05413e-06

           Step           Time
         423000      846.00000

   Energies (kJ/mol)
           Bond            U-B    Proper Dih.  Improper Dih.      CMAP Dih.
    6.24724e+03    1.76368e+04    1.15070e+04    1.04690e+03   -2.47786e+03
          LJ-14     Coulomb-14        LJ (SR)   Coulomb (SR)   Coul. recip.
    5.75048e+03    1.12858e+05    2.39119e+05   -1.81031e+06    4.64405e+03
 Position Rest.      Potential    Kinetic En.   Total Energy  Conserved En.
    1.95874e+03   -1.41202e+06    2.35529e+05   -1.17649e+06   -1.15663e+06
    Temperature Pressure (bar)   Constr. rmsd
    2.99109e+02   -5.33497e+01    2.90663e-06

           Step           Time
         423500      847.00000

   Energies (kJ/mol)
           Bond            U-B    Proper Dih.  Improper Dih.      CMAP Dih.
    6.06804e+03    1.82373e+04    1.15594e+04    1.07514e+03   -2.50552e+03
          LJ-14     Coulomb-14        LJ (SR)   Coulomb (SR)   Coul. recip.
    5.74853e+03    1.12782e+05    2.41078e+05   -1.81294e+06    4.70068e+03
 Position Rest.      Potential    Kinetic En.   Total Energy  Conserved En.
    2.05922e+03   -1.41213e+06    2.34217e+05   -1.17792e+06   -1.15656e+06
    Temperature Pressure (bar)   Constr. rmsd
    2.97443e+02    5.06169e+01    3.04558e-06


DD  step 423999 load imb.: force 16.8%  pme mesh/force 0.271
           Step           Time
         424000      848.00000

   Energies (kJ/mol)
           Bond            U-B    Proper Dih.  Improper Dih.      CMAP Dih.
    5.93964e+03    1.81399e+04    1.17282e+04    1.17632e+03   -2.46253e+03
          LJ-14     Coulomb-14        LJ (SR)   Coulomb (SR)   Coul. recip.
    5.68267e+03    1.12659e+05    2.38997e+05   -1.81115e+06    4.50195e+03
 Position Rest.      Potential    Kinetic En.   Total Energy  Conserved En.
    2.02639e+03   -1.41276e+06    2.35487e+05   -1.17728e+06   -1.15662e+06
    Temperature Pressure (bar)   Constr. rmsd
    2.99056e+02   -8.56778e+01    3.09583e-06

           Step           Time
         424500      849.00000

   Energies (kJ/mol)
           Bond            U-B    Proper Dih.  Improper Dih.      CMAP Dih.
    6.15214e+03    1.80606e+04    1.16081e+04    1.03748e+03   -2.50945e+03
          LJ-14     Coulomb-14        LJ (SR)   Coulomb (SR)   Coul. recip.
    5.69702e+03    1.12618e+05    2.36921e+05   -1.80741e+06    4.64056e+03
 Position Rest.      Potential    Kinetic En.   Total Energy  Conserved En.
    2.01440e+03   -1.41117e+06    2.36640e+05   -1.17453e+06   -1.15659e+06
    Temperature Pressure (bar)   Constr. rmsd
    3.00521e+02   -3.04074e+02    3.24683e-06

           Step           Time
         425000      850.00000

   Energies (kJ/mol)
           Bond            U-B    Proper Dih.  Improper Dih.      CMAP Dih.
    6.30174e+03    1.79796e+04    1.15627e+04    1.05634e+03   -2.37271e+03
          LJ-14     Coulomb-14        LJ (SR)   Coulomb (SR)   Coul. recip.
    5.78083e+03    1.12658e+05    2.41673e+05   -1.81524e+06    4.62875e+03
 Position Rest.      Potential    Kinetic En.   Total Energy  Conserved En.
    2.08188e+03   -1.41389e+06    2.36196e+05   -1.17770e+06   -1.15654e+06
    Temperature Pressure (bar)   Constr. rmsd
    2.99956e+02    5.96037e+01    3.10919e-06

           Step           Time
         425500      851.00000

   Energies (kJ/mol)
           Bond            U-B    Proper Dih.  Improper Dih.      CMAP Dih.
    6.26218e+03    1.77955e+04    1.16300e+04    1.14729e+03   -2.48536e+03
          LJ-14     Coulomb-14        LJ (SR)   Coulomb (SR)   Coul. recip.
    5.64705e+03    1.12614e+05    2.40663e+05   -1.81202e+06    4.55719e+03
 Position Rest.      Potential    Kinetic En.   Total Energy  Conserved En.
    2.00064e+03   -1.41219e+06    2.35986e+05   -1.17620e+06   -1.15654e+06
    Temperature Pressure (bar)   Constr. rmsd
    2.99690e+02   -1.01332e+02    2.97392e-06


DD  step 425999 load imb.: force 16.9%  pme mesh/force 0.274
           Step           Time
         426000      852.00000

   Energies (kJ/mol)
           Bond            U-B    Proper Dih.  Improper Dih.      CMAP Dih.
    6.25844e+03    1.80757e+04    1.16979e+04    1.09066e+03   -2.48489e+03
          LJ-14     Coulomb-14        LJ (SR)   Coulomb (SR)   Coul. recip.
    5.71162e+03    1.12490e+05    2.42035e+05   -1.81509e+06    4.50196e+03
 Position Rest.      Potential    Kinetic En.   Total Energy  Conserved En.
    2.14282e+03   -1.41357e+06    2.36550e+05   -1.17702e+06   -1.15650e+06
    Temperature Pressure (bar)   Constr. rmsd
    3.00406e+02    4.92333e+01    2.94674e-06

           Step           Time
         426500      853.00000

   Energies (kJ/mol)
           Bond            U-B    Proper Dih.  Improper Dih.      CMAP Dih.
    5.93125e+03    1.81299e+04    1.14990e+04    1.09021e+03   -2.42296e+03
          LJ-14     Coulomb-14        LJ (SR)   Coulomb (SR)   Coul. recip.
    5.71445e+03    1.12686e+05    2.39258e+05   -1.81225e+06    4.58030e+03
 Position Rest.      Potential    Kinetic En.   Total Energy  Conserved En.
    2.03844e+03   -1.41375e+06    2.35327e+05   -1.17842e+06   -1.15650e+06
    Temperature Pressure (bar)   Constr. rmsd
    2.98853e+02   -1.19999e+02    2.98317e-06

           Step           Time
         427000      854.00000

   Energies (kJ/mol)
           Bond            U-B    Proper Dih.  Improper Dih.      CMAP Dih.
    6.23697e+03    1.76377e+04    1.14896e+04    1.08220e+03   -2.42414e+03
          LJ-14     Coulomb-14        LJ (SR)   Coulomb (SR)   Coul. recip.
    5.65374e+03    1.12830e+05    2.42743e+05   -1.81717e+06    4.59385e+03
 Position Rest.      Potential    Kinetic En.   Total Energy  Conserved En.
    2.01418e+03   -1.41531e+06    2.35213e+05   -1.18010e+06   -1.15649e+06
    Temperature Pressure (bar)   Constr. rmsd
    2.98708e+02   -1.06741e+02    3.10813e-06

           Step           Time
         427500      855.00000

   Energies (kJ/mol)
           Bond            U-B    Proper Dih.  Improper Dih.      CMAP Dih.
    6.20870e+03    1.80012e+04    1.15657e+04    1.05908e+03   -2.46550e+03
          LJ-14     Coulomb-14        LJ (SR)   Coulomb (SR)   Coul. recip.
    5.86643e+03    1.12802e+05    2.41331e+05   -1.81114e+06    4.62601e+03
 Position Rest.      Potential    Kinetic En.   Total Energy  Conserved En.
    1.95022e+03   -1.41019e+06    2.34353e+05   -1.17584e+06   -1.15642e+06
    Temperature Pressure (bar)   Constr. rmsd
    2.97616e+02    3.95062e+01    3.11248e-06


DD  step 427999 load imb.: force 17.1%  pme mesh/force 0.275
           Step           Time
         428000      856.00000

   Energies (kJ/mol)
           Bond            U-B    Proper Dih.  Improper Dih.      CMAP Dih.
    6.21458e+03    1.82618e+04    1.16442e+04    1.04870e+03   -2.41882e+03
          LJ-14     Coulomb-14        LJ (SR)   Coulomb (SR)   Coul. recip.
    5.58490e+03    1.12669e+05    2.41016e+05   -1.81194e+06    4.63459e+03
 Position Rest.      Potential    Kinetic En.   Total Energy  Conserved En.
    2.06275e+03   -1.41122e+06    2.35138e+05   -1.17608e+06   -1.15641e+06
    Temperature Pressure (bar)   Constr. rmsd
    2.98613e+02   -1.30314e+02    3.18214e-06

           Step           Time
         428500      857.00000

   Energies (kJ/mol)
           Bond            U-B    Proper Dih.  Improper Dih.      CMAP Dih.
    6.04850e+03    1.81416e+04    1.16082e+04    1.06440e+03   -2.45861e+03
          LJ-14     Coulomb-14        LJ (SR)   Coulomb (SR)   Coul. recip.
    5.81267e+03    1.12774e+05    2.39761e+05   -1.81085e+06    4.69444e+03
 Position Rest.      Potential    Kinetic En.   Total Energy  Conserved En.
    2.11868e+03   -1.41129e+06    2.37259e+05   -1.17403e+06   -1.15642e+06
    Temperature Pressure (bar)   Constr. rmsd
    3.01306e+02    1.21253e+01    3.20768e-06

           Step           Time
         429000      858.00000

   Energies (kJ/mol)
           Bond            U-B    Proper Dih.  Improper Dih.      CMAP Dih.
    6.47083e+03    1.84102e+04    1.16172e+04    1.00958e+03   -2.41329e+03
          LJ-14     Coulomb-14        LJ (SR)   Coulomb (SR)   Coul. recip.
    5.70119e+03    1.12734e+05    2.41660e+05   -1.81222e+06    4.53331e+03
 Position Rest.      Potential    Kinetic En.   Total Energy  Conserved En.
    2.09887e+03   -1.41040e+06    2.35541e+05   -1.17486e+06   -1.15634e+06
    Temperature Pressure (bar)   Constr. rmsd
    2.99124e+02    5.99620e+01    3.06793e-06

           Step           Time
         429500      859.00000

   Energies (kJ/mol)
           Bond            U-B    Proper Dih.  Improper Dih.      CMAP Dih.
    6.40705e+03    1.78227e+04    1.15965e+04    1.05893e+03   -2.48137e+03
          LJ-14     Coulomb-14        LJ (SR)   Coulomb (SR)   Coul. recip.
    5.60593e+03    1.12772e+05    2.42515e+05   -1.81401e+06    4.55522e+03
 Position Rest.      Potential    Kinetic En.   Total Energy  Conserved En.
    2.05182e+03   -1.41210e+06    2.35843e+05   -1.17626e+06   -1.15635e+06
    Temperature Pressure (bar)   Constr. rmsd
    2.99508e+02    1.01791e+02    3.23954e-06


DD  step 429999 load imb.: force 17.0%  pme mesh/force 0.270
           Step           Time
         430000      860.00000

   Energies (kJ/mol)
           Bond            U-B    Proper Dih.  Improper Dih.      CMAP Dih.
    6.20376e+03    1.82895e+04    1.16120e+04    1.02263e+03   -2.42784e+03
          LJ-14     Coulomb-14        LJ (SR)   Coulomb (SR)   Coul. recip.
    5.81943e+03    1.12815e+05    2.39596e+05   -1.81055e+06    4.60255e+03
 Position Rest.      Potential    Kinetic En.   Total Energy  Conserved En.
    1.93393e+03   -1.41109e+06    2.36953e+05   -1.17413e+06   -1.15634e+06
    Temperature Pressure (bar)   Constr. rmsd
    3.00918e+02    2.94266e+01    3.15849e-06

           Step           Time
         430500      861.00000

   Energies (kJ/mol)
           Bond            U-B    Proper Dih.  Improper Dih.      CMAP Dih.
    6.07624e+03    1.76876e+04    1.16550e+04    1.12776e+03   -2.44502e+03
          LJ-14     Coulomb-14        LJ (SR)   Coulomb (SR)   Coul. recip.
    5.72926e+03    1.12867e+05    2.38614e+05   -1.80995e+06    4.65481e+03
 Position Rest.      Potential    Kinetic En.   Total Energy  Conserved En.
    2.04675e+03   -1.41194e+06    2.34575e+05   -1.17736e+06   -1.15632e+06
    Temperature Pressure (bar)   Constr. rmsd
    2.97898e+02   -8.64749e+01    3.14333e-06

           Step           Time
         431000      862.00000

   Energies (kJ/mol)
           Bond            U-B    Proper Dih.  Improper Dih.      CMAP Dih.
    6.39048e+03    1.78796e+04    1.16305e+04    1.01968e+03   -2.46796e+03
          LJ-14     Coulomb-14        LJ (SR)   Coulomb (SR)   Coul. recip.
    5.64994e+03    1.12494e+05    2.40235e+05   -1.81028e+06    4.60669e+03
 Position Rest.      Potential    Kinetic En.   Total Energy  Conserved En.
    1.93541e+03   -1.41090e+06    2.34011e+05   -1.17689e+06   -1.15631e+06
    Temperature Pressure (bar)   Constr. rmsd
    2.97182e+02   -1.23452e+01    2.97442e-06

           Step           Time
         431500      863.00000

   Energies (kJ/mol)
           Bond            U-B    Proper Dih.  Improper Dih.      CMAP Dih.
    6.09910e+03    1.80702e+04    1.17307e+04    1.08537e+03   -2.40900e+03
          LJ-14     Coulomb-14        LJ (SR)   Coulomb (SR)   Coul. recip.
    5.77903e+03    1.12718e+05    2.40902e+05   -1.81244e+06    4.63770e+03
 Position Rest.      Potential    Kinetic En.   Total Energy  Conserved En.
    2.07308e+03   -1.41175e+06    2.36803e+05   -1.17495e+06   -1.15631e+06
    Temperature Pressure (bar)   Constr. rmsd
    3.00728e+02   -1.21976e+01    3.08706e-06


DD  step 431999 load imb.: force 17.1%  pme mesh/force 0.262
           Step           Time
         432000      864.00000

   Energies (kJ/mol)
           Bond            U-B    Proper Dih.  Improper Dih.      CMAP Dih.
    6.28173e+03    1.82078e+04    1.14564e+04    9.66742e+02   -2.42339e+03
          LJ-14     Coulomb-14        LJ (SR)   Coulomb (SR)   Coul. recip.
    5.64275e+03    1.12813e+05    2.40527e+05   -1.81047e+06    4.65807e+03
 Position Rest.      Potential    Kinetic En.   Total Energy  Conserved En.
    2.08789e+03   -1.41025e+06    2.35588e+05   -1.17466e+06   -1.15625e+06
    Temperature Pressure (bar)   Constr. rmsd
    2.99184e+02   -7.77330e+01    3.06004e-06

           Step           Time
         432500      865.00000

   Energies (kJ/mol)
           Bond            U-B    Proper Dih.  Improper Dih.      CMAP Dih.
    6.47541e+03    1.82626e+04    1.16644e+04    1.08975e+03   -2.47279e+03
          LJ-14     Coulomb-14        LJ (SR)   Coulomb (SR)   Coul. recip.
    5.75470e+03    1.12438e+05    2.37982e+05   -1.80777e+06    4.59474e+03
 Position Rest.      Potential    Kinetic En.   Total Energy  Conserved En.
    2.12787e+03   -1.40986e+06    2.35915e+05   -1.17394e+06   -1.15621e+06
    Temperature Pressure (bar)   Constr. rmsd
    2.99600e+02   -1.57910e+02    3.14077e-06

           Step           Time
         433000      866.00000

   Energies (kJ/mol)
           Bond            U-B    Proper Dih.  Improper Dih.      CMAP Dih.
    5.90000e+03    1.79207e+04    1.15063e+04    1.08626e+03   -2.43549e+03
          LJ-14     Coulomb-14        LJ (SR)   Coulomb (SR)   Coul. recip.
    5.77931e+03    1.12958e+05    2.38931e+05   -1.80935e+06    4.68205e+03
 Position Rest.      Potential    Kinetic En.   Total Energy  Conserved En.
    2.06495e+03   -1.41096e+06    2.34410e+05   -1.17655e+06   -1.15625e+06
    Temperature Pressure (bar)   Constr. rmsd
    2.97689e+02   -7.83959e+01    3.22366e-06

           Step           Time
         433500      867.00000

   Energies (kJ/mol)
           Bond            U-B    Proper Dih.  Improper Dih.      CMAP Dih.
    6.08660e+03    1.81587e+04    1.16462e+04    1.05616e+03   -2.50955e+03
          LJ-14     Coulomb-14        LJ (SR)   Coulomb (SR)   Coul. recip.
    5.79451e+03    1.12656e+05    2.39646e+05   -1.81191e+06    4.44605e+03
 Position Rest.      Potential    Kinetic En.   Total Energy  Conserved En.
    2.02463e+03   -1.41291e+06    2.34593e+05   -1.17831e+06   -1.15619e+06
    Temperature Pressure (bar)   Constr. rmsd
    2.97921e+02   -8.72714e+01    3.13906e-06


DD  step 433999 load imb.: force 16.6%  pme mesh/force 0.262
           Step           Time
         434000      868.00000

   Energies (kJ/mol)
           Bond            U-B    Proper Dih.  Improper Dih.      CMAP Dih.
    6.05453e+03    1.80594e+04    1.14698e+04    1.06859e+03   -2.35103e+03
          LJ-14     Coulomb-14        LJ (SR)   Coulomb (SR)   Coul. recip.
    5.89136e+03    1.12707e+05    2.39220e+05   -1.81076e+06    4.64142e+03
 Position Rest.      Potential    Kinetic En.   Total Energy  Conserved En.
    2.10713e+03   -1.41189e+06    2.35090e+05   -1.17680e+06   -1.15621e+06
    Temperature Pressure (bar)   Constr. rmsd
    2.98552e+02    6.47067e+01    3.21797e-06

           Step           Time
         434500      869.00000

   Energies (kJ/mol)
           Bond            U-B    Proper Dih.  Improper Dih.      CMAP Dih.
    6.22358e+03    1.84841e+04    1.15438e+04    9.93118e+02   -2.39511e+03
          LJ-14     Coulomb-14        LJ (SR)   Coulomb (SR)   Coul. recip.
    5.77062e+03    1.12428e+05    2.40011e+05   -1.81049e+06    4.58565e+03
 Position Rest.      Potential    Kinetic En.   Total Energy  Conserved En.
    2.04864e+03   -1.41079e+06    2.36109e+05   -1.17469e+06   -1.15615e+06
    Temperature Pressure (bar)   Constr. rmsd
    2.99846e+02    1.59743e+02    3.04314e-06

           Step           Time
         435000      870.00000

   Energies (kJ/mol)
           Bond            U-B    Proper Dih.  Improper Dih.      CMAP Dih.
    6.33874e+03    1.79257e+04    1.16759e+04    1.02937e+03   -2.54425e+03
          LJ-14     Coulomb-14        LJ (SR)   Coulomb (SR)   Coul. recip.
    5.79754e+03    1.12639e+05    2.39728e+05   -1.81093e+06    4.58531e+03
 Position Rest.      Potential    Kinetic En.   Total Energy  Conserved En.
    2.10251e+03   -1.41165e+06    2.37587e+05   -1.17407e+06   -1.15614e+06
    Temperature Pressure (bar)   Constr. rmsd
    3.01724e+02   -1.13922e+02    3.10402e-06

           Step           Time
         435500      871.00000

   Energies (kJ/mol)
           Bond            U-B    Proper Dih.  Improper Dih.      CMAP Dih.
    6.24478e+03    1.79337e+04    1.16187e+04    1.12361e+03   -2.41523e+03
          LJ-14     Coulomb-14        LJ (SR)   Coulomb (SR)   Coul. recip.
    5.85518e+03    1.13119e+05    2.39671e+05   -1.80919e+06    4.63578e+03
 Position Rest.      Potential    Kinetic En.   Total Energy  Conserved En.
    2.04061e+03   -1.40936e+06    2.36637e+05   -1.17272e+06   -1.15611e+06
    Temperature Pressure (bar)   Constr. rmsd
    3.00517e+02    1.23970e+01    3.18230e-06


DD  step 435999 load imb.: force 17.8%  pme mesh/force 0.269
           Step           Time
         436000      872.00000

   Energies (kJ/mol)
           Bond            U-B    Proper Dih.  Improper Dih.      CMAP Dih.
    6.13015e+03    1.84051e+04    1.16491e+04    1.05841e+03   -2.45241e+03
          LJ-14     Coulomb-14        LJ (SR)   Coulomb (SR)   Coul. recip.
    5.72462e+03    1.12625e+05    2.40080e+05   -1.81036e+06    4.61346e+03
 Position Rest.      Potential    Kinetic En.   Total Energy  Conserved En.
    2.08572e+03   -1.41044e+06    2.36801e+05   -1.17364e+06   -1.15612e+06
    Temperature Pressure (bar)   Constr. rmsd
    3.00725e+02    1.51552e+01    3.13710e-06

           Step           Time
         436500      873.00000

   Energies (kJ/mol)
           Bond            U-B    Proper Dih.  Improper Dih.      CMAP Dih.
    5.97079e+03    1.80527e+04    1.16531e+04    1.11042e+03   -2.41287e+03
          LJ-14     Coulomb-14        LJ (SR)   Coulomb (SR)   Coul. recip.
    5.78781e+03    1.12888e+05    2.39574e+05   -1.81054e+06    4.45834e+03
 Position Rest.      Potential    Kinetic En.   Total Energy  Conserved En.
    1.94798e+03   -1.41151e+06    2.35220e+05   -1.17629e+06   -1.15608e+06
    Temperature Pressure (bar)   Constr. rmsd
    2.98717e+02    1.04620e+02    3.04782e-06

           Step           Time
         437000      874.00000

   Energies (kJ/mol)
           Bond            U-B    Proper Dih.  Improper Dih.      CMAP Dih.
    6.29330e+03    1.80336e+04    1.17249e+04    1.01322e+03   -2.37265e+03
          LJ-14     Coulomb-14        LJ (SR)   Coulomb (SR)   Coul. recip.
    5.80228e+03    1.12824e+05    2.39488e+05   -1.81175e+06    4.69996e+03
 Position Rest.      Potential    Kinetic En.   Total Energy  Conserved En.
    2.04639e+03   -1.41219e+06    2.38426e+05   -1.17377e+06   -1.15606e+06
    Temperature Pressure (bar)   Constr. rmsd
    3.02788e+02    1.49546e+00    3.13126e-06

           Step           Time
         437500      875.00000

   Energies (kJ/mol)
           Bond            U-B    Proper Dih.  Improper Dih.      CMAP Dih.
    6.13158e+03    1.83655e+04    1.15085e+04    1.04612e+03   -2.40598e+03
          LJ-14     Coulomb-14        LJ (SR)   Coulomb (SR)   Coul. recip.
    5.70133e+03    1.12518e+05    2.42147e+05   -1.81300e+06    4.66278e+03
 Position Rest.      Potential    Kinetic En.   Total Energy  Conserved En.
    2.03246e+03   -1.41129e+06    2.36887e+05   -1.17441e+06   -1.15604e+06
    Temperature Pressure (bar)   Constr. rmsd
    3.00834e+02    9.76007e+01    3.18574e-06


DD  step 437999 load imb.: force 17.6%  pme mesh/force 0.282
           Step           Time
         438000      876.00000

   Energies (kJ/mol)
           Bond            U-B    Proper Dih.  Improper Dih.      CMAP Dih.
    6.06588e+03    1.80722e+04    1.17467e+04    1.08944e+03   -2.44669e+03
          LJ-14     Coulomb-14        LJ (SR)   Coulomb (SR)   Coul. recip.
    5.68411e+03    1.12677e+05    2.42500e+05   -1.81399e+06    4.66944e+03
 Position Rest.      Potential    Kinetic En.   Total Energy  Conserved En.
    2.13488e+03   -1.41180e+06    2.37155e+05   -1.17465e+06   -1.15604e+06
    Temperature Pressure (bar)   Constr. rmsd
    3.01174e+02    1.13477e+02    3.27325e-06

           Step           Time
         438500      877.00000

   Energies (kJ/mol)
           Bond            U-B    Proper Dih.  Improper Dih.      CMAP Dih.
    6.14490e+03    1.80745e+04    1.17314e+04    1.13815e+03   -2.39677e+03
          LJ-14     Coulomb-14        LJ (SR)   Coulomb (SR)   Coul. recip.
    5.63955e+03    1.12760e+05    2.41355e+05   -1.81235e+06    4.56747e+03
 Position Rest.      Potential    Kinetic En.   Total Energy  Conserved En.
    2.12467e+03   -1.41121e+06    2.36870e+05   -1.17434e+06   -1.15602e+06
    Temperature Pressure (bar)   Constr. rmsd
    3.00812e+02   -9.97758e+01    3.16779e-06

           Step           Time
         439000      878.00000

   Energies (kJ/mol)
           Bond            U-B    Proper Dih.  Improper Dih.      CMAP Dih.
    6.26678e+03    1.80431e+04    1.16349e+04    1.04876e+03   -2.49224e+03
          LJ-14     Coulomb-14        LJ (SR)   Coulomb (SR)   Coul. recip.
    5.79846e+03    1.12798e+05    2.39858e+05   -1.80974e+06    4.64121e+03
 Position Rest.      Potential    Kinetic En.   Total Energy  Conserved En.
    2.11101e+03   -1.41003e+06    2.36237e+05   -1.17379e+06   -1.15596e+06
    Temperature Pressure (bar)   Constr. rmsd
    3.00008e+02    4.63358e+01    3.11084e-06

           Step           Time
         439500      879.00000

   Energies (kJ/mol)
           Bond            U-B    Proper Dih.  Improper Dih.      CMAP Dih.
    6.08913e+03    1.80384e+04    1.14841e+04    1.03023e+03   -2.43893e+03
          LJ-14     Coulomb-14        LJ (SR)   Coulomb (SR)   Coul. recip.
    5.73167e+03    1.12540e+05    2.40378e+05   -1.81233e+06    4.56861e+03
 Position Rest.      Potential    Kinetic En.   Total Energy  Conserved En.
    2.01597e+03   -1.41289e+06    2.36917e+05   -1.17597e+06   -1.15602e+06
    Temperature Pressure (bar)   Constr. rmsd
    3.00872e+02   -2.82476e-01    3.08764e-06


DD  step 439999 load imb.: force 16.1%  pme mesh/force 0.264
           Step           Time
         440000      880.00000

   Energies (kJ/mol)
           Bond            U-B    Proper Dih.  Improper Dih.      CMAP Dih.
    6.07458e+03    1.81305e+04    1.16456e+04    1.11946e+03   -2.36902e+03
          LJ-14     Coulomb-14        LJ (SR)   Coulomb (SR)   Coul. recip.
    5.75172e+03    1.12624e+05    2.39420e+05   -1.81039e+06    4.74046e+03
 Position Rest.      Potential    Kinetic En.   Total Energy  Conserved En.
    2.13303e+03   -1.41112e+06    2.36251e+05   -1.17487e+06   -1.15595e+06
    Temperature Pressure (bar)   Constr. rmsd
    3.00027e+02   -1.00618e+02    3.01647e-06

           Step           Time
         440500      881.00000

   Energies (kJ/mol)
           Bond            U-B    Proper Dih.  Improper Dih.      CMAP Dih.
    6.24196e+03    1.80780e+04    1.16704e+04    1.04501e+03   -2.46515e+03
          LJ-14     Coulomb-14        LJ (SR)   Coulomb (SR)   Coul. recip.
    5.73478e+03    1.12806e+05    2.39317e+05   -1.81218e+06    4.59885e+03
 Position Rest.      Potential    Kinetic En.   Total Energy  Conserved En.
    2.09355e+03   -1.41306e+06    2.36136e+05   -1.17692e+06   -1.15590e+06
    Temperature Pressure (bar)   Constr. rmsd
    2.99880e+02    4.54734e+01    3.25376e-06

           Step           Time
         441000      882.00000

   Energies (kJ/mol)
           Bond            U-B    Proper Dih.  Improper Dih.      CMAP Dih.
    6.25054e+03    1.80322e+04    1.16371e+04    1.05459e+03   -2.55766e+03
          LJ-14     Coulomb-14        LJ (SR)   Coulomb (SR)   Coul. recip.
    5.70772e+03    1.12469e+05    2.40886e+05   -1.81294e+06    4.52413e+03
 Position Rest.      Potential    Kinetic En.   Total Energy  Conserved En.
    2.19945e+03   -1.41274e+06    2.35876e+05   -1.17687e+06   -1.15591e+06
    Temperature Pressure (bar)   Constr. rmsd
    2.99550e+02   -2.54577e+01    3.04756e-06

           Step           Time
         441500      883.00000

   Energies (kJ/mol)
           Bond            U-B    Proper Dih.  Improper Dih.      CMAP Dih.
    6.07249e+03    1.79484e+04    1.15832e+04    1.10782e+03   -2.41107e+03
          LJ-14     Coulomb-14        LJ (SR)   Coulomb (SR)   Coul. recip.
    5.76052e+03    1.12869e+05    2.43248e+05   -1.81678e+06    4.69805e+03
 Position Rest.      Potential    Kinetic En.   Total Energy  Conserved En.
    2.05293e+03   -1.41385e+06    2.36602e+05   -1.17725e+06   -1.15586e+06
    Temperature Pressure (bar)   Constr. rmsd
    3.00473e+02    2.71293e+02    3.07015e-06


DD  step 441999 load imb.: force 17.5%  pme mesh/force 0.281
           Step           Time
         442000      884.00000

   Energies (kJ/mol)
           Bond            U-B    Proper Dih.  Improper Dih.      CMAP Dih.
    6.10325e+03    1.82211e+04    1.15843e+04    1.03853e+03   -2.46592e+03
          LJ-14     Coulomb-14        LJ (SR)   Coulomb (SR)   Coul. recip.
    5.75331e+03    1.12866e+05    2.40116e+05   -1.81207e+06    4.62010e+03
 Position Rest.      Potential    Kinetic En.   Total Energy  Conserved En.
    2.07551e+03   -1.41216e+06    2.34254e+05   -1.17790e+06   -1.15582e+06
    Temperature Pressure (bar)   Constr. rmsd
    2.97491e+02   -7.80110e+01    3.02541e-06

           Step           Time
         442500      885.00000

   Energies (kJ/mol)
           Bond            U-B    Proper Dih.  Improper Dih.      CMAP Dih.
    6.07522e+03    1.79575e+04    1.16297e+04    1.08615e+03   -2.56287e+03
          LJ-14     Coulomb-14        LJ (SR)   Coulomb (SR)   Coul. recip.
    5.83179e+03    1.12964e+05    2.41134e+05   -1.81435e+06    4.67276e+03
 Position Rest.      Potential    Kinetic En.   Total Energy  Conserved En.
    1.97090e+03   -1.41359e+06    2.37183e+05   -1.17640e+06   -1.15584e+06
    Temperature Pressure (bar)   Constr. rmsd
    3.01211e+02    9.18221e+01    3.10134e-06

           Step           Time
         443000      886.00000

   Energies (kJ/mol)
           Bond            U-B    Proper Dih.  Improper Dih.      CMAP Dih.
    6.21073e+03    1.79669e+04    1.16287e+04    1.09924e+03   -2.41591e+03
          LJ-14     Coulomb-14        LJ (SR)   Coulomb (SR)   Coul. recip.
    5.75691e+03    1.13110e+05    2.37096e+05   -1.80785e+06    4.44872e+03
 Position Rest.      Potential    Kinetic En.   Total Energy  Conserved En.
    2.07417e+03   -1.41087e+06    2.36620e+05   -1.17425e+06   -1.15582e+06
    Temperature Pressure (bar)   Constr. rmsd
    3.00495e+02   -1.10537e+02    3.25514e-06

           Step           Time
         443500      887.00000

   Energies (kJ/mol)
           Bond            U-B    Proper Dih.  Improper Dih.      CMAP Dih.
    6.12607e+03    1.81986e+04    1.16600e+04    1.04919e+03   -2.40036e+03
          LJ-14     Coulomb-14        LJ (SR)   Coulomb (SR)   Coul. recip.
    5.78438e+03    1.12738e+05    2.40421e+05   -1.81240e+06    4.64808e+03
 Position Rest.      Potential    Kinetic En.   Total Energy  Conserved En.
    2.02007e+03   -1.41216e+06    2.36351e+05   -1.17581e+06   -1.15579e+06
    Temperature Pressure (bar)   Constr. rmsd
    3.00154e+02    7.65708e+01    3.03050e-06


DD  step 443999 load imb.: force 18.1%  pme mesh/force 0.268
           Step           Time
         444000      888.00000

   Energies (kJ/mol)
           Bond            U-B    Proper Dih.  Improper Dih.      CMAP Dih.
    6.03361e+03    1.81098e+04    1.15284e+04    1.01627e+03   -2.49840e+03
          LJ-14     Coulomb-14        LJ (SR)   Coulomb (SR)   Coul. recip.
    5.75992e+03    1.12480e+05    2.41190e+05   -1.81207e+06    4.61275e+03
 Position Rest.      Potential    Kinetic En.   Total Energy  Conserved En.
    1.98009e+03   -1.41186e+06    2.36357e+05   -1.17550e+06   -1.15580e+06
    Temperature Pressure (bar)   Constr. rmsd
    3.00161e+02    1.38120e+02    3.15698e-06

           Step           Time
         444500      889.00000

   Energies (kJ/mol)
           Bond            U-B    Proper Dih.  Improper Dih.      CMAP Dih.
    6.27831e+03    1.78553e+04    1.15283e+04    9.91018e+02   -2.47651e+03
          LJ-14     Coulomb-14        LJ (SR)   Coulomb (SR)   Coul. recip.
    5.65940e+03    1.12835e+05    2.41954e+05   -1.81363e+06    4.70773e+03
 Position Rest.      Potential    Kinetic En.   Total Energy  Conserved En.
    2.11547e+03   -1.41218e+06    2.37265e+05   -1.17492e+06   -1.15576e+06
    Temperature Pressure (bar)   Constr. rmsd
    3.01314e+02    1.25022e+02    3.01181e-06

           Step           Time
         445000      890.00000

   Energies (kJ/mol)
           Bond            U-B    Proper Dih.  Improper Dih.      CMAP Dih.
    6.09167e+03    1.80871e+04    1.17076e+04    1.11769e+03   -2.52099e+03
          LJ-14     Coulomb-14        LJ (SR)   Coulomb (SR)   Coul. recip.
    5.80626e+03    1.13124e+05    2.40514e+05   -1.81391e+06    4.68278e+03
 Position Rest.      Potential    Kinetic En.   Total Energy  Conserved En.
    2.16480e+03   -1.41313e+06    2.36545e+05   -1.17659e+06   -1.15572e+06
    Temperature Pressure (bar)   Constr. rmsd
    3.00400e+02   -9.67412e+01    3.04040e-06

           Step           Time
         445500      891.00000

   Energies (kJ/mol)
           Bond            U-B    Proper Dih.  Improper Dih.      CMAP Dih.
    6.09939e+03    1.83699e+04    1.16112e+04    1.08999e+03   -2.43520e+03
          LJ-14     Coulomb-14        LJ (SR)   Coulomb (SR)   Coul. recip.
    5.61000e+03    1.12687e+05    2.38032e+05   -1.80804e+06    4.73979e+03
 Position Rest.      Potential    Kinetic En.   Total Energy  Conserved En.
    2.06674e+03   -1.41017e+06    2.35234e+05   -1.17494e+06   -1.15569e+06
    Temperature Pressure (bar)   Constr. rmsd
    2.98736e+02   -1.47929e+02    3.11299e-06


DD  step 445999 load imb.: force 16.4%  pme mesh/force 0.269
           Step           Time
         446000      892.00000

   Energies (kJ/mol)
           Bond            U-B    Proper Dih.  Improper Dih.      CMAP Dih.
    6.33220e+03    1.83531e+04    1.16166e+04    1.14111e+03   -2.39153e+03
          LJ-14     Coulomb-14        LJ (SR)   Coulomb (SR)   Coul. recip.
    5.55003e+03    1.12207e+05    2.42373e+05   -1.81427e+06    4.55894e+03
 Position Rest.      Potential    Kinetic En.   Total Energy  Conserved En.
    2.08741e+03   -1.41245e+06    2.36837e+05   -1.17561e+06   -1.15570e+06
    Temperature Pressure (bar)   Constr. rmsd
    3.00770e+02    5.68544e+01    2.93129e-06

           Step           Time
         446500      893.00000

   Energies (kJ/mol)
           Bond            U-B    Proper Dih.  Improper Dih.      CMAP Dih.
    6.19590e+03    1.78131e+04    1.15820e+04    1.07007e+03   -2.45525e+03
          LJ-14     Coulomb-14        LJ (SR)   Coulomb (SR)   Coul. recip.
    5.67960e+03    1.12664e+05    2.41104e+05   -1.81344e+06    4.51364e+03
 Position Rest.      Potential    Kinetic En.   Total Energy  Conserved En.
    2.19001e+03   -1.41308e+06    2.34659e+05   -1.17842e+06   -1.15568e+06
    Temperature Pressure (bar)   Constr. rmsd
    2.98005e+02   -1.03510e+02    3.20586e-06

           Step           Time
         447000      894.00000

   Energies (kJ/mol)
           Bond            U-B    Proper Dih.  Improper Dih.      CMAP Dih.
    6.05774e+03    1.81585e+04    1.14352e+04    1.07608e+03   -2.39975e+03
          LJ-14     Coulomb-14        LJ (SR)   Coulomb (SR)   Coul. recip.
    5.70084e+03    1.13145e+05    2.41253e+05   -1.81342e+06    4.70135e+03
 Position Rest.      Potential    Kinetic En.   Total Energy  Conserved En.
    2.01800e+03   -1.41227e+06    2.35534e+05   -1.17674e+06   -1.15563e+06
    Temperature Pressure (bar)   Constr. rmsd
    2.99116e+02    9.34987e+00    3.15343e-06

           Step           Time
         447500      895.00000

   Energies (kJ/mol)
           Bond            U-B    Proper Dih.  Improper Dih.      CMAP Dih.
    6.11018e+03    1.80080e+04    1.15430e+04    1.14337e+03   -2.42979e+03
          LJ-14     Coulomb-14        LJ (SR)   Coulomb (SR)   Coul. recip.
    5.74825e+03    1.13116e+05    2.39504e+05   -1.80936e+06    4.60441e+03
 Position Rest.      Potential    Kinetic En.   Total Energy  Conserved En.
    2.07451e+03   -1.40994e+06    2.36479e+05   -1.17346e+06   -1.15564e+06
    Temperature Pressure (bar)   Constr. rmsd
    3.00316e+02   -1.04743e+02    3.07186e-06


DD  step 447999 load imb.: force 17.4%  pme mesh/force 0.277
           Step           Time
         448000      896.00000

   Energies (kJ/mol)
           Bond            U-B    Proper Dih.  Improper Dih.      CMAP Dih.
    6.12863e+03    1.80831e+04    1.15043e+04    1.10534e+03   -2.40843e+03
          LJ-14     Coulomb-14        LJ (SR)   Coulomb (SR)   Coul. recip.
    5.78568e+03    1.13208e+05    2.42086e+05   -1.81423e+06    4.65971e+03
 Position Rest.      Potential    Kinetic En.   Total Energy  Conserved En.
    1.95520e+03   -1.41212e+06    2.36471e+05   -1.17565e+06   -1.15560e+06
    Temperature Pressure (bar)   Constr. rmsd
    3.00306e+02    1.55197e+02    2.99873e-06

           Step           Time
         448500      897.00000

   Energies (kJ/mol)
           Bond            U-B    Proper Dih.  Improper Dih.      CMAP Dih.
    6.17024e+03    1.82443e+04    1.17267e+04    1.05512e+03   -2.41128e+03
          LJ-14     Coulomb-14        LJ (SR)   Coulomb (SR)   Coul. recip.
    5.78130e+03    1.12642e+05    2.39537e+05   -1.81013e+06    4.74128e+03
 Position Rest.      Potential    Kinetic En.   Total Energy  Conserved En.
    1.99283e+03   -1.41065e+06    2.36361e+05   -1.17429e+06   -1.15558e+06
    Temperature Pressure (bar)   Constr. rmsd
    3.00166e+02   -1.10038e+02    3.17561e-06

           Step           Time
         449000      898.00000

   Energies (kJ/mol)
           Bond            U-B    Proper Dih.  Improper Dih.      CMAP Dih.
    6.02358e+03    1.79605e+04    1.16348e+04    1.16406e+03   -2.47993e+03
          LJ-14     Coulomb-14        LJ (SR)   Coulomb (SR)   Coul. recip.
    5.90587e+03    1.13139e+05    2.40826e+05   -1.81086e+06    4.68040e+03
 Position Rest.      Potential    Kinetic En.   Total Energy  Conserved En.
    2.08638e+03   -1.40992e+06    2.35356e+05   -1.17456e+06   -1.15557e+06
    Temperature Pressure (bar)   Constr. rmsd
    2.98889e+02    8.20863e+01    3.06427e-06

           Step           Time
         449500      899.00000

   Energies (kJ/mol)
           Bond            U-B    Proper Dih.  Improper Dih.      CMAP Dih.
    6.15068e+03    1.80570e+04    1.15202e+04    1.13435e+03   -2.48416e+03
          LJ-14     Coulomb-14        LJ (SR)   Coulomb (SR)   Coul. recip.
    5.72302e+03    1.13206e+05    2.41709e+05   -1.81224e+06    4.52267e+03
 Position Rest.      Potential    Kinetic En.   Total Energy  Conserved En.
    2.15319e+03   -1.41054e+06    2.34970e+05   -1.17557e+06   -1.15553e+06
    Temperature Pressure (bar)   Constr. rmsd
    2.98400e+02    1.23795e+02    3.25716e-06


DD  step 449999 load imb.: force 17.0%  pme mesh/force 0.264
           Step           Time
         450000      900.00000

   Energies (kJ/mol)
           Bond            U-B    Proper Dih.  Improper Dih.      CMAP Dih.
    6.09846e+03    1.82699e+04    1.15280e+04    1.08353e+03   -2.41618e+03
          LJ-14     Coulomb-14        LJ (SR)   Coulomb (SR)   Coul. recip.
    5.70826e+03    1.12783e+05    2.40629e+05   -1.81310e+06    4.62038e+03
 Position Rest.      Potential    Kinetic En.   Total Energy  Conserved En.
    2.02045e+03   -1.41278e+06    2.35420e+05   -1.17736e+06   -1.15549e+06
    Temperature Pressure (bar)   Constr. rmsd
    2.98972e+02    9.59765e+01    2.94776e-06

           Step           Time
         450500      901.00000

   Energies (kJ/mol)
           Bond            U-B    Proper Dih.  Improper Dih.      CMAP Dih.
    6.21166e+03    1.84075e+04    1.14924e+04    1.05661e+03   -2.43482e+03
          LJ-14     Coulomb-14        LJ (SR)   Coulomb (SR)   Coul. recip.
    5.81749e+03    1.12817e+05    2.41339e+05   -1.81223e+06    4.57018e+03
 Position Rest.      Potential    Kinetic En.   Total Energy  Conserved En.
    1.98876e+03   -1.41096e+06    2.35519e+05   -1.17545e+06   -1.15549e+06
    Temperature Pressure (bar)   Constr. rmsd
    2.99097e+02    1.93674e+02    3.06171e-06

           Step           Time
         451000      902.00000

   Energies (kJ/mol)
           Bond            U-B    Proper Dih.  Improper Dih.      CMAP Dih.
    5.98178e+03    1.81850e+04    1.15535e+04    1.04771e+03   -2.50716e+03
          LJ-14     Coulomb-14        LJ (SR)   Coulomb (SR)   Coul. recip.
    5.75913e+03    1.12851e+05    2.41243e+05   -1.81338e+06    4.57784e+03
 Position Rest.      Potential    Kinetic En.   Total Energy  Conserved En.
    2.02432e+03   -1.41267e+06    2.36652e+05   -1.17602e+06   -1.15551e+06
    Temperature Pressure (bar)   Constr. rmsd
    3.00535e+02    8.10557e+00    3.10237e-06

           Step           Time
         451500      903.00000

   Energies (kJ/mol)
           Bond            U-B    Proper Dih.  Improper Dih.      CMAP Dih.
    6.18256e+03    1.80137e+04    1.15960e+04    1.15122e+03   -2.42036e+03
          LJ-14     Coulomb-14        LJ (SR)   Coulomb (SR)   Coul. recip.
    5.68880e+03    1.13150e+05    2.41664e+05   -1.81205e+06    4.63643e+03
 Position Rest.      Potential    Kinetic En.   Total Energy  Conserved En.
    2.10608e+03   -1.41028e+06    2.37305e+05   -1.17297e+06   -1.15549e+06
    Temperature Pressure (bar)   Constr. rmsd
    3.01366e+02    1.48269e+02    3.36335e-06


DD  step 451999 load imb.: force 17.6%  pme mesh/force 0.276
           Step           Time
         452000      904.00000

   Energies (kJ/mol)
           Bond            U-B    Proper Dih.  Improper Dih.      CMAP Dih.
    6.25894e+03    1.81680e+04    1.14427e+04    1.13007e+03   -2.50115e+03
          LJ-14     Coulomb-14        LJ (SR)   Coulomb (SR)   Coul. recip.
    5.78531e+03    1.12468e+05    2.39829e+05   -1.81102e+06    4.71415e+03
 Position Rest.      Potential    Kinetic En.   Total Energy  Conserved En.
    1.99580e+03   -1.41173e+06    2.36350e+05   -1.17538e+06   -1.15544e+06
    Temperature Pressure (bar)   Constr. rmsd
    3.00152e+02   -3.24022e+01    3.20544e-06

           Step           Time
         452500      905.00000

   Energies (kJ/mol)
           Bond            U-B    Proper Dih.  Improper Dih.      CMAP Dih.
    6.06429e+03    1.81799e+04    1.16346e+04    1.05728e+03   -2.50440e+03
          LJ-14     Coulomb-14        LJ (SR)   Coulomb (SR)   Coul. recip.
    5.75809e+03    1.13084e+05    2.41741e+05   -1.81325e+06    4.52647e+03
 Position Rest.      Potential    Kinetic En.   Total Energy  Conserved En.
    1.94097e+03   -1.41177e+06    2.37614e+05   -1.17415e+06   -1.15544e+06
    Temperature Pressure (bar)   Constr. rmsd
    3.01758e+02    1.12309e+02    3.26384e-06

           Step           Time
         453000      906.00000

   Energies (kJ/mol)
           Bond            U-B    Proper Dih.  Improper Dih.      CMAP Dih.
    6.18202e+03    1.81826e+04    1.17785e+04    1.09967e+03   -2.47391e+03
          LJ-14     Coulomb-14        LJ (SR)   Coulomb (SR)   Coul. recip.
    5.64702e+03    1.12989e+05    2.39758e+05   -1.81116e+06    4.69126e+03
 Position Rest.      Potential    Kinetic En.   Total Energy  Conserved En.
    2.06069e+03   -1.41124e+06    2.37035e+05   -1.17421e+06   -1.15541e+06
    Temperature Pressure (bar)   Constr. rmsd
    3.01022e+02   -1.27545e+02    3.13995e-06

           Step           Time
         453500      907.00000

   Energies (kJ/mol)
           Bond            U-B    Proper Dih.  Improper Dih.      CMAP Dih.
    6.18130e+03    1.81248e+04    1.14866e+04    1.03527e+03   -2.47592e+03
          LJ-14     Coulomb-14        LJ (SR)   Coulomb (SR)   Coul. recip.
    5.79339e+03    1.12705e+05    2.40224e+05   -1.81209e+06    4.60110e+03
 Position Rest.      Potential    Kinetic En.   Total Energy  Conserved En.
    2.01667e+03   -1.41240e+06    2.35214e+05   -1.17718e+06   -1.15537e+06
    Temperature Pressure (bar)   Constr. rmsd
    2.98710e+02   -1.28738e+01    3.03031e-06


DD  step 453999 load imb.: force 17.0%  pme mesh/force 0.269
           Step           Time
         454000      908.00000

   Energies (kJ/mol)
           Bond            U-B    Proper Dih.  Improper Dih.      CMAP Dih.
    5.98718e+03    1.77939e+04    1.15532e+04    1.00803e+03   -2.47119e+03
          LJ-14     Coulomb-14        LJ (SR)   Coulomb (SR)   Coul. recip.
    5.77475e+03    1.13220e+05    2.40983e+05   -1.81523e+06    4.63123e+03
 Position Rest.      Potential    Kinetic En.   Total Energy  Conserved En.
    2.01152e+03   -1.41474e+06    2.35799e+05   -1.17894e+06   -1.15537e+06
    Temperature Pressure (bar)   Constr. rmsd
    2.99453e+02   -2.86793e+01    3.17650e-06

           Step           Time
         454500      909.00000

   Energies (kJ/mol)
           Bond            U-B    Proper Dih.  Improper Dih.      CMAP Dih.
    6.32115e+03    1.84131e+04    1.15350e+04    1.06836e+03   -2.42749e+03
          LJ-14     Coulomb-14        LJ (SR)   Coulomb (SR)   Coul. recip.
    5.76859e+03    1.13010e+05    2.41252e+05   -1.81319e+06    4.56839e+03
 Position Rest.      Potential    Kinetic En.   Total Energy  Conserved En.
    1.97364e+03   -1.41171e+06    2.36089e+05   -1.17562e+06   -1.15532e+06
    Temperature Pressure (bar)   Constr. rmsd
    2.99821e+02    5.00293e+01    3.06818e-06

           Step           Time
         455000      910.00000

   Energies (kJ/mol)
           Bond            U-B    Proper Dih.  Improper Dih.      CMAP Dih.
    6.08762e+03    1.81444e+04    1.16473e+04    1.04906e+03   -2.49153e+03
          LJ-14     Coulomb-14        LJ (SR)   Coulomb (SR)   Coul. recip.
    5.63949e+03    1.12604e+05    2.42694e+05   -1.81602e+06    4.50666e+03
 Position Rest.      Potential    Kinetic En.   Total Energy  Conserved En.
    1.95190e+03   -1.41419e+06    2.35568e+05   -1.17862e+06   -1.15532e+06
    Temperature Pressure (bar)   Constr. rmsd
    2.99159e+02    1.67897e+02    2.99394e-06

           Step           Time
         455500      911.00000

   Energies (kJ/mol)
           Bond            U-B    Proper Dih.  Improper Dih.      CMAP Dih.
    6.20189e+03    1.79869e+04    1.14881e+04    1.07143e+03   -2.40632e+03
          LJ-14     Coulomb-14        LJ (SR)   Coulomb (SR)   Coul. recip.
    5.68475e+03    1.12510e+05    2.42475e+05   -1.81411e+06    4.60165e+03
 Position Rest.      Potential    Kinetic En.   Total Energy  Conserved En.
    2.01619e+03   -1.41248e+06    2.35628e+05   -1.17686e+06   -1.15532e+06
    Temperature Pressure (bar)   Constr. rmsd
    2.99235e+02    2.08865e+02    3.07895e-06


DD  step 455999 load imb.: force 17.1%  pme mesh/force 0.262
           Step           Time
         456000      912.00000

   Energies (kJ/mol)
           Bond            U-B    Proper Dih.  Improper Dih.      CMAP Dih.
    6.09696e+03    1.81770e+04    1.15568e+04    1.07112e+03   -2.41174e+03
          LJ-14     Coulomb-14        LJ (SR)   Coulomb (SR)   Coul. recip.
    5.71307e+03    1.12867e+05    2.38970e+05   -1.80983e+06    4.65412e+03
 Position Rest.      Potential    Kinetic En.   Total Energy  Conserved En.
    1.99722e+03   -1.41113e+06    2.36633e+05   -1.17450e+06   -1.15530e+06
    Temperature Pressure (bar)   Constr. rmsd
    3.00511e+02    4.34922e+00    3.09302e-06

           Step           Time
         456500      913.00000

   Energies (kJ/mol)
           Bond            U-B    Proper Dih.  Improper Dih.      CMAP Dih.
    6.22538e+03    1.83091e+04    1.15262e+04    1.08150e+03   -2.45970e+03
          LJ-14     Coulomb-14        LJ (SR)   Coulomb (SR)   Coul. recip.
    5.68459e+03    1.12734e+05    2.41139e+05   -1.81300e+06    4.72240e+03
 Position Rest.      Potential    Kinetic En.   Total Energy  Conserved En.
    2.02537e+03   -1.41202e+06    2.35882e+05   -1.17613e+06   -1.15527e+06
    Temperature Pressure (bar)   Constr. rmsd
    2.99558e+02   -6.52801e+01    3.06029e-06

           Step           Time
         457000      914.00000

   Energies (kJ/mol)
           Bond            U-B    Proper Dih.  Improper Dih.      CMAP Dih.
    6.25975e+03    1.80420e+04    1.15715e+04    1.09630e+03   -2.45998e+03
          LJ-14     Coulomb-14        LJ (SR)   Coulomb (SR)   Coul. recip.
    5.76728e+03    1.12735e+05    2.42016e+05   -1.81402e+06    4.55415e+03
 Position Rest.      Potential    Kinetic En.   Total Energy  Conserved En.
    1.94486e+03   -1.41249e+06    2.37373e+05   -1.17512e+06   -1.15525e+06
    Temperature Pressure (bar)   Constr. rmsd
    3.01451e+02    8.12197e+01    3.09250e-06

           Step           Time
         457500      915.00000

   Energies (kJ/mol)
           Bond            U-B    Proper Dih.  Improper Dih.      CMAP Dih.
    6.28821e+03    1.80412e+04    1.15732e+04    1.06406e+03   -2.47966e+03
          LJ-14     Coulomb-14        LJ (SR)   Coulomb (SR)   Coul. recip.
    5.72886e+03    1.12550e+05    2.38835e+05   -1.80881e+06    4.69067e+03
 Position Rest.      Potential    Kinetic En.   Total Energy  Conserved En.
    2.00299e+03   -1.41052e+06    2.36718e+05   -1.17380e+06   -1.15524e+06
    Temperature Pressure (bar)   Constr. rmsd
    3.00619e+02   -1.71765e+02    3.18209e-06


DD  step 457999 load imb.: force 16.9%  pme mesh/force 0.270
           Step           Time
         458000      916.00000

   Energies (kJ/mol)
           Bond            U-B    Proper Dih.  Improper Dih.      CMAP Dih.
    6.02990e+03    1.82218e+04    1.16223e+04    1.11814e+03   -2.55293e+03
          LJ-14     Coulomb-14        LJ (SR)   Coulomb (SR)   Coul. recip.
    5.68707e+03    1.12873e+05    2.39261e+05   -1.80997e+06    4.57365e+03
 Position Rest.      Potential    Kinetic En.   Total Energy  Conserved En.
    2.01163e+03   -1.41112e+06    2.37107e+05   -1.17402e+06   -1.15524e+06
    Temperature Pressure (bar)   Constr. rmsd
    3.01114e+02   -1.47587e+02    3.17677e-06

           Step           Time
         458500      917.00000

   Energies (kJ/mol)
           Bond            U-B    Proper Dih.  Improper Dih.      CMAP Dih.
    6.14536e+03    1.82348e+04    1.16038e+04    1.11229e+03   -2.41956e+03
          LJ-14     Coulomb-14        LJ (SR)   Coulomb (SR)   Coul. recip.
    5.74398e+03    1.12634e+05    2.41476e+05   -1.81470e+06    4.60862e+03
 Position Rest.      Potential    Kinetic En.   Total Energy  Conserved En.
    2.06115e+03   -1.41349e+06    2.35573e+05   -1.17792e+06   -1.15518e+06
    Temperature Pressure (bar)   Constr. rmsd
    2.99166e+02    1.01789e+02    2.95878e-06

           Step           Time
         459000      918.00000

   Energies (kJ/mol)
           Bond            U-B    Proper Dih.  Improper Dih.      CMAP Dih.
    6.29685e+03    1.85198e+04    1.15766e+04    1.13269e+03   -2.51189e+03
          LJ-14     Coulomb-14        LJ (SR)   Coulomb (SR)   Coul. recip.
    5.75528e+03    1.12831e+05    2.38399e+05   -1.80867e+06    4.71427e+03
 Position Rest.      Potential    Kinetic En.   Total Energy  Conserved En.
    2.03205e+03   -1.40992e+06    2.36724e+05   -1.17320e+06   -1.15516e+06
    Temperature Pressure (bar)   Constr. rmsd
    3.00627e+02   -7.75718e+01    3.17199e-06

           Step           Time
         459500      919.00000

   Energies (kJ/mol)
           Bond            U-B    Proper Dih.  Improper Dih.      CMAP Dih.
    6.09040e+03    1.78999e+04    1.15551e+04    1.11518e+03   -2.43549e+03
          LJ-14     Coulomb-14        LJ (SR)   Coulomb (SR)   Coul. recip.
    5.74998e+03    1.12988e+05    2.41163e+05   -1.81264e+06    4.52676e+03
 Position Rest.      Potential    Kinetic En.   Total Energy  Conserved En.
    2.07032e+03   -1.41192e+06    2.36113e+05   -1.17580e+06   -1.15517e+06
    Temperature Pressure (bar)   Constr. rmsd
    2.99852e+02    4.24224e+01    3.28203e-06


DD  step 459999 load imb.: force 17.9%  pme mesh/force 0.267
           Step           Time
         460000      920.00000

   Energies (kJ/mol)
           Bond            U-B    Proper Dih.  Improper Dih.      CMAP Dih.
    6.05726e+03    1.81375e+04    1.16866e+04    1.12148e+03   -2.43580e+03
          LJ-14     Coulomb-14        LJ (SR)   Coulomb (SR)   Coul. recip.
    5.73780e+03    1.12622e+05    2.41613e+05   -1.81400e+06    4.63887e+03
 Position Rest.      Potential    Kinetic En.   Total Energy  Conserved En.
    1.95073e+03   -1.41287e+06    2.36314e+05   -1.17655e+06   -1.15516e+06
    Temperature Pressure (bar)   Constr. rmsd
    3.00107e+02   -5.81060e+01    3.10109e-06

           Step           Time
         460500      921.00000

   Energies (kJ/mol)
           Bond            U-B    Proper Dih.  Improper Dih.      CMAP Dih.
    6.38958e+03    1.84674e+04    1.16539e+04    1.04874e+03   -2.49164e+03
          LJ-14     Coulomb-14        LJ (SR)   Coulomb (SR)   Coul. recip.
    5.81122e+03    1.12767e+05    2.40632e+05   -1.81188e+06    4.67455e+03
 Position Rest.      Potential    Kinetic En.   Total Energy  Conserved En.
    2.05500e+03   -1.41087e+06    2.36071e+05   -1.17480e+06   -1.15506e+06
    Temperature Pressure (bar)   Constr. rmsd
    2.99798e+02    4.19003e+01    3.26247e-06

           Step           Time
         461000      922.00000

   Energies (kJ/mol)
           Bond            U-B    Proper Dih.  Improper Dih.      CMAP Dih.
    6.19056e+03    1.79753e+04    1.15968e+04    1.05421e+03   -2.41818e+03
          LJ-14     Coulomb-14        LJ (SR)   Coulomb (SR)   Coul. recip.
    5.71743e+03    1.12575e+05    2.39769e+05   -1.81045e+06    4.65654e+03
 Position Rest.      Potential    Kinetic En.   Total Energy  Conserved En.
    2.06918e+03   -1.41126e+06    2.36946e+05   -1.17431e+06   -1.15511e+06
    Temperature Pressure (bar)   Constr. rmsd
    3.00909e+02    3.21029e+00    3.39344e-06

           Step           Time
         461500      923.00000

   Energies (kJ/mol)
           Bond            U-B    Proper Dih.  Improper Dih.      CMAP Dih.
    6.09375e+03    1.79728e+04    1.15644e+04    1.05959e+03   -2.50416e+03
          LJ-14     Coulomb-14        LJ (SR)   Coulomb (SR)   Coul. recip.
    5.81824e+03    1.13097e+05    2.38347e+05   -1.80955e+06    4.71792e+03
 Position Rest.      Potential    Kinetic En.   Total Energy  Conserved En.
    2.08756e+03   -1.41130e+06    2.37428e+05   -1.17387e+06   -1.15509e+06
    Temperature Pressure (bar)   Constr. rmsd
    3.01521e+02   -9.68941e+01    3.15815e-06


DD  step 461999 load imb.: force 16.4%  pme mesh/force 0.275
           Step           Time
         462000      924.00000

   Energies (kJ/mol)
           Bond            U-B    Proper Dih.  Improper Dih.      CMAP Dih.
    6.15878e+03    1.80777e+04    1.16172e+04    1.07258e+03   -2.43642e+03
          LJ-14     Coulomb-14        LJ (SR)   Coulomb (SR)   Coul. recip.
    5.74862e+03    1.12822e+05    2.41169e+05   -1.81161e+06    4.67310e+03
 Position Rest.      Potential    Kinetic En.   Total Energy  Conserved En.
    2.13420e+03   -1.41057e+06    2.36119e+05   -1.17445e+06   -1.15508e+06
    Temperature Pressure (bar)   Constr. rmsd
    2.99859e+02    5.66802e+01    3.06137e-06

           Step           Time
         462500      925.00000

   Energies (kJ/mol)
           Bond            U-B    Proper Dih.  Improper Dih.      CMAP Dih.
    6.38317e+03    1.81423e+04    1.15754e+04    1.14552e+03   -2.43906e+03
          LJ-14     Coulomb-14        LJ (SR)   Coulomb (SR)   Coul. recip.
    5.81791e+03    1.12719e+05    2.39351e+05   -1.81144e+06    4.46206e+03
 Position Rest.      Potential    Kinetic En.   Total Energy  Conserved En.
    2.05561e+03   -1.41223e+06    2.36398e+05   -1.17583e+06   -1.15503e+06
    Temperature Pressure (bar)   Constr. rmsd
    3.00213e+02   -9.96558e+01    3.19246e-06

           Step           Time
         463000      926.00000

   Energies (kJ/mol)
           Bond            U-B    Proper Dih.  Improper Dih.      CMAP Dih.
    6.25746e+03    1.84472e+04    1.15258e+04    9.97661e+02   -2.45591e+03
          LJ-14     Coulomb-14        LJ (SR)   Coulomb (SR)   Coul. recip.
    5.67935e+03    1.12751e+05    2.39846e+05   -1.81110e+06    4.65328e+03
 Position Rest.      Potential    Kinetic En.   Total Energy  Conserved En.
    2.09414e+03   -1.41130e+06    2.36588e+05   -1.17471e+06   -1.15501e+06
    Temperature Pressure (bar)   Constr. rmsd
    3.00455e+02    3.15229e+01    3.05847e-06

           Step           Time
         463500      927.00000

   Energies (kJ/mol)
           Bond            U-B    Proper Dih.  Improper Dih.      CMAP Dih.
    6.00470e+03    1.79439e+04    1.17087e+04    1.16549e+03   -2.47420e+03
          LJ-14     Coulomb-14        LJ (SR)   Coulomb (SR)   Coul. recip.
    5.75545e+03    1.12667e+05    2.40589e+05   -1.81239e+06    4.53986e+03
 Position Rest.      Potential    Kinetic En.   Total Energy  Conserved En.
    2.00858e+03   -1.41248e+06    2.34956e+05   -1.17752e+06   -1.15500e+06
    Temperature Pressure (bar)   Constr. rmsd
    2.98383e+02    6.95355e+00    3.15717e-06


DD  step 463999 load imb.: force 16.5%  pme mesh/force 0.264
           Step           Time
         464000      928.00000

   Energies (kJ/mol)
           Bond            U-B    Proper Dih.  Improper Dih.      CMAP Dih.
    6.19914e+03    1.80524e+04    1.15521e+04    1.03842e+03   -2.40639e+03
          LJ-14     Coulomb-14        LJ (SR)   Coulomb (SR)   Coul. recip.
    5.67604e+03    1.12458e+05    2.41420e+05   -1.81239e+06    4.57981e+03
 Position Rest.      Potential    Kinetic En.   Total Energy  Conserved En.
    2.03130e+03   -1.41179e+06    2.37326e+05   -1.17446e+06   -1.15500e+06
    Temperature Pressure (bar)   Constr. rmsd
    3.01392e+02   -5.04299e+01    3.23185e-06

           Step           Time
         464500      929.00000

   Energies (kJ/mol)
           Bond            U-B    Proper Dih.  Improper Dih.      CMAP Dih.
    6.19683e+03    1.85271e+04    1.16365e+04    1.05013e+03   -2.44091e+03
          LJ-14     Coulomb-14        LJ (SR)   Coulomb (SR)   Coul. recip.
    5.69235e+03    1.12331e+05    2.41514e+05   -1.81242e+06    4.62757e+03
 Position Rest.      Potential    Kinetic En.   Total Energy  Conserved En.
    2.14379e+03   -1.41114e+06    2.37169e+05   -1.17397e+06   -1.15492e+06
    Temperature Pressure (bar)   Constr. rmsd
    3.01193e+02    1.60919e+01    2.92720e-06

           Step           Time
         465000      930.00000

   Energies (kJ/mol)
           Bond            U-B    Proper Dih.  Improper Dih.      CMAP Dih.
    6.34392e+03    1.83171e+04    1.16542e+04    1.02668e+03   -2.43198e+03
          LJ-14     Coulomb-14        LJ (SR)   Coulomb (SR)   Coul. recip.
    5.75117e+03    1.12731e+05    2.39287e+05   -1.81069e+06    4.64338e+03
 Position Rest.      Potential    Kinetic En.   Total Energy  Conserved En.
    2.01208e+03   -1.41135e+06    2.36614e+05   -1.17474e+06   -1.15493e+06
    Temperature Pressure (bar)   Constr. rmsd
    3.00488e+02    5.41228e+01    3.11356e-06

           Step           Time
         465500      931.00000

   Energies (kJ/mol)
           Bond            U-B    Proper Dih.  Improper Dih.      CMAP Dih.
    6.15303e+03    1.81127e+04    1.15100e+04    9.42868e+02   -2.43838e+03
          LJ-14     Coulomb-14        LJ (SR)   Coulomb (SR)   Coul. recip.
    5.74700e+03    1.12848e+05    2.40345e+05   -1.81164e+06    4.56582e+03
 Position Rest.      Potential    Kinetic En.   Total Energy  Conserved En.
    1.99542e+03   -1.41186e+06    2.35315e+05   -1.17654e+06   -1.15491e+06
    Temperature Pressure (bar)   Constr. rmsd
    2.98838e+02   -1.02319e+02    3.15555e-06


DD  step 465999 load imb.: force 16.2%  pme mesh/force 0.271
           Step           Time
         466000      932.00000

   Energies (kJ/mol)
           Bond            U-B    Proper Dih.  Improper Dih.      CMAP Dih.
    5.93143e+03    1.79777e+04    1.16315e+04    1.03008e+03   -2.57657e+03
          LJ-14     Coulomb-14        LJ (SR)   Coulomb (SR)   Coul. recip.
    5.76700e+03    1.12959e+05    2.41970e+05   -1.81550e+06    4.61735e+03
 Position Rest.      Potential    Kinetic En.   Total Energy  Conserved En.
    1.98562e+03   -1.41420e+06    2.35614e+05   -1.17859e+06   -1.15490e+06
    Temperature Pressure (bar)   Constr. rmsd
    2.99217e+02    1.03771e+02    3.14634e-06

           Step           Time
         466500      933.00000

   Energies (kJ/mol)
           Bond            U-B    Proper Dih.  Improper Dih.      CMAP Dih.
    5.88709e+03    1.80805e+04    1.15501e+04    1.04480e+03   -2.44532e+03
          LJ-14     Coulomb-14        LJ (SR)   Coulomb (SR)   Coul. recip.
    5.74680e+03    1.12920e+05    2.39727e+05   -1.81191e+06    4.61069e+03
 Position Rest.      Potential    Kinetic En.   Total Energy  Conserved En.
    2.00827e+03   -1.41278e+06    2.37626e+05   -1.17515e+06   -1.15490e+06
    Temperature Pressure (bar)   Constr. rmsd
    3.01773e+02    2.23579e+01    3.24157e-06

Writing checkpoint, step 466640 at Mon Oct  5 06:39:18 2020


           Step           Time
         467000      934.00000

   Energies (kJ/mol)
           Bond            U-B    Proper Dih.  Improper Dih.      CMAP Dih.
    6.32666e+03    1.85683e+04    1.15671e+04    1.14787e+03   -2.52110e+03
          LJ-14     Coulomb-14        LJ (SR)   Coulomb (SR)   Coul. recip.
    5.65374e+03    1.12073e+05    2.38771e+05   -1.80898e+06    4.62019e+03
 Position Rest.      Potential    Kinetic En.   Total Energy  Conserved En.
    2.05249e+03   -1.41072e+06    2.36544e+05   -1.17417e+06   -1.15486e+06
    Temperature Pressure (bar)   Constr. rmsd
    3.00399e+02   -9.90577e+01    3.19565e-06

           Step           Time
         467500      935.00000

   Energies (kJ/mol)
           Bond            U-B    Proper Dih.  Improper Dih.      CMAP Dih.
    6.16671e+03    1.83538e+04    1.16236e+04    1.10950e+03   -2.46241e+03
          LJ-14     Coulomb-14        LJ (SR)   Coulomb (SR)   Coul. recip.
    5.72659e+03    1.12754e+05    2.38771e+05   -1.80936e+06    4.70891e+03
 Position Rest.      Potential    Kinetic En.   Total Energy  Conserved En.
    2.09431e+03   -1.41051e+06    2.36338e+05   -1.17417e+06   -1.15480e+06
    Temperature Pressure (bar)   Constr. rmsd
    3.00137e+02   -8.51091e+01    2.98557e-06


DD  step 467999 load imb.: force 17.4%  pme mesh/force 0.277
           Step           Time
         468000      936.00000

   Energies (kJ/mol)
           Bond            U-B    Proper Dih.  Improper Dih.      CMAP Dih.
    6.42832e+03    1.82614e+04    1.15073e+04    1.08971e+03   -2.47529e+03
          LJ-14     Coulomb-14        LJ (SR)   Coulomb (SR)   Coul. recip.
    5.72053e+03    1.12644e+05    2.41143e+05   -1.81243e+06    4.65023e+03
 Position Rest.      Potential    Kinetic En.   Total Energy  Conserved En.
    2.10359e+03   -1.41135e+06    2.36848e+05   -1.17451e+06   -1.15479e+06
    Temperature Pressure (bar)   Constr. rmsd
    3.00785e+02    5.67668e+01    3.09298e-06

           Step           Time
         468500      937.00000

   Energies (kJ/mol)
           Bond            U-B    Proper Dih.  Improper Dih.      CMAP Dih.
    6.33306e+03    1.85269e+04    1.15201e+04    1.09284e+03   -2.47892e+03
          LJ-14     Coulomb-14        LJ (SR)   Coulomb (SR)   Coul. recip.
    5.68435e+03    1.12943e+05    2.41299e+05   -1.81217e+06    4.57517e+03
 Position Rest.      Potential    Kinetic En.   Total Energy  Conserved En.
    2.02692e+03   -1.41065e+06    2.34910e+05   -1.17574e+06   -1.15471e+06
    Temperature Pressure (bar)   Constr. rmsd
    2.98324e+02    1.03828e+02    3.18880e-06

           Step           Time
         469000      938.00000

   Energies (kJ/mol)
           Bond            U-B    Proper Dih.  Improper Dih.      CMAP Dih.
    5.93852e+03    1.82731e+04    1.13990e+04    1.11617e+03   -2.51880e+03
          LJ-14     Coulomb-14        LJ (SR)   Coulomb (SR)   Coul. recip.
    5.73852e+03    1.12945e+05    2.41369e+05   -1.81243e+06    4.48542e+03
 Position Rest.      Potential    Kinetic En.   Total Energy  Conserved En.
    2.03777e+03   -1.41164e+06    2.34709e+05   -1.17694e+06   -1.15474e+06
    Temperature Pressure (bar)   Constr. rmsd
    2.98068e+02    6.42372e+01    3.18290e-06

           Step           Time
         469500      939.00000

   Energies (kJ/mol)
           Bond            U-B    Proper Dih.  Improper Dih.      CMAP Dih.
    6.33931e+03    1.81008e+04    1.15641e+04    1.25184e+03   -2.46680e+03
          LJ-14     Coulomb-14        LJ (SR)   Coulomb (SR)   Coul. recip.
    5.57446e+03    1.12694e+05    2.40665e+05   -1.81308e+06    4.65758e+03
 Position Rest.      Potential    Kinetic En.   Total Energy  Conserved En.
    2.11651e+03   -1.41258e+06    2.34486e+05   -1.17810e+06   -1.15472e+06
    Temperature Pressure (bar)   Constr. rmsd
    2.97785e+02   -1.13344e+02    2.96384e-06


DD  step 469999 load imb.: force 16.5%  pme mesh/force 0.275
           Step           Time
         470000      940.00000

   Energies (kJ/mol)
           Bond            U-B    Proper Dih.  Improper Dih.      CMAP Dih.
    6.18610e+03    1.80685e+04    1.15695e+04    1.09446e+03   -2.42033e+03
          LJ-14     Coulomb-14        LJ (SR)   Coulomb (SR)   Coul. recip.
    5.64336e+03    1.13052e+05    2.40571e+05   -1.81155e+06    4.61400e+03
 Position Rest.      Potential    Kinetic En.   Total Energy  Conserved En.
    2.03195e+03   -1.41114e+06    2.35807e+05   -1.17534e+06   -1.15472e+06
    Temperature Pressure (bar)   Constr. rmsd
    2.99462e+02    1.26778e+01    3.35655e-06

           Step           Time
         470500      941.00000

   Energies (kJ/mol)
           Bond            U-B    Proper Dih.  Improper Dih.      CMAP Dih.
    6.32614e+03    1.78547e+04    1.16241e+04    1.13144e+03   -2.49883e+03
          LJ-14     Coulomb-14        LJ (SR)   Coulomb (SR)   Coul. recip.
    5.65483e+03    1.12710e+05    2.42590e+05   -1.81672e+06    4.60533e+03
 Position Rest.      Potential    Kinetic En.   Total Energy  Conserved En.
    1.99967e+03   -1.41472e+06    2.35319e+05   -1.17941e+06   -1.15471e+06
    Temperature Pressure (bar)   Constr. rmsd
    2.98843e+02   -5.78979e-01    3.14229e-06

           Step           Time
         471000      942.00000

   Energies (kJ/mol)
           Bond            U-B    Proper Dih.  Improper Dih.      CMAP Dih.
    6.14435e+03    1.81959e+04    1.15384e+04    1.07134e+03   -2.37431e+03
          LJ-14     Coulomb-14        LJ (SR)   Coulomb (SR)   Coul. recip.
    5.79728e+03    1.12724e+05    2.40681e+05   -1.81316e+06    4.73974e+03
 Position Rest.      Potential    Kinetic En.   Total Energy  Conserved En.
    2.11900e+03   -1.41252e+06    2.36467e+05   -1.17606e+06   -1.15468e+06
    Temperature Pressure (bar)   Constr. rmsd
    3.00301e+02   -9.00149e+01    3.13802e-06

           Step           Time
         471500      943.00000

   Energies (kJ/mol)
           Bond            U-B    Proper Dih.  Improper Dih.      CMAP Dih.
    6.22442e+03    1.77548e+04    1.16104e+04    1.08684e+03   -2.45074e+03
          LJ-14     Coulomb-14        LJ (SR)   Coulomb (SR)   Coul. recip.
    5.79361e+03    1.12801e+05    2.41480e+05   -1.81250e+06    4.65267e+03
 Position Rest.      Potential    Kinetic En.   Total Energy  Conserved En.
    2.01291e+03   -1.41153e+06    2.34657e+05   -1.17687e+06   -1.15465e+06
    Temperature Pressure (bar)   Constr. rmsd
    2.98002e+02    8.74501e+01    3.00049e-06


DD  step 471999 load imb.: force 16.1%  pme mesh/force 0.269
           Step           Time
         472000      944.00000

   Energies (kJ/mol)
           Bond            U-B    Proper Dih.  Improper Dih.      CMAP Dih.
    6.27572e+03    1.77260e+04    1.16310e+04    1.18835e+03   -2.50523e+03
          LJ-14     Coulomb-14        LJ (SR)   Coulomb (SR)   Coul. recip.
    5.74414e+03    1.13062e+05    2.41451e+05   -1.81359e+06    4.54943e+03
 Position Rest.      Potential    Kinetic En.   Total Energy  Conserved En.
    2.09239e+03   -1.41237e+06    2.36971e+05   -1.17540e+06   -1.15464e+06
    Temperature Pressure (bar)   Constr. rmsd
    3.00941e+02    5.74170e+01    3.09428e-06

           Step           Time
         472500      945.00000

   Energies (kJ/mol)
           Bond            U-B    Proper Dih.  Improper Dih.      CMAP Dih.
    6.37308e+03    1.77306e+04    1.15034e+04    1.11759e+03   -2.55543e+03
          LJ-14     Coulomb-14        LJ (SR)   Coulomb (SR)   Coul. recip.
    5.82914e+03    1.12855e+05    2.39287e+05   -1.81222e+06    4.71182e+03
 Position Rest.      Potential    Kinetic En.   Total Energy  Conserved En.
    2.00816e+03   -1.41336e+06    2.34545e+05   -1.17882e+06   -1.15458e+06
    Temperature Pressure (bar)   Constr. rmsd
    2.97860e+02   -3.39436e+01    3.06562e-06

           Step           Time
         473000      946.00000

   Energies (kJ/mol)
           Bond            U-B    Proper Dih.  Improper Dih.      CMAP Dih.
    6.32279e+03    1.82168e+04    1.14382e+04    1.13914e+03   -2.43037e+03
          LJ-14     Coulomb-14        LJ (SR)   Coulomb (SR)   Coul. recip.
    5.67777e+03    1.12767e+05    2.40368e+05   -1.81108e+06    4.59168e+03
 Position Rest.      Potential    Kinetic En.   Total Energy  Conserved En.
    2.12454e+03   -1.41087e+06    2.35021e+05   -1.17585e+06   -1.15458e+06
    Temperature Pressure (bar)   Constr. rmsd
    2.98464e+02   -1.18536e+02    3.13141e-06

           Step           Time
         473500      947.00000

   Energies (kJ/mol)
           Bond            U-B    Proper Dih.  Improper Dih.      CMAP Dih.
    6.22787e+03    1.83435e+04    1.14284e+04    1.08391e+03   -2.42021e+03
          LJ-14     Coulomb-14        LJ (SR)   Coulomb (SR)   Coul. recip.
    5.78582e+03    1.13230e+05    2.41128e+05   -1.81104e+06    4.60619e+03
 Position Rest.      Potential    Kinetic En.   Total Energy  Conserved En.
    2.13108e+03   -1.40949e+06    2.37974e+05   -1.17152e+06   -1.15458e+06
    Temperature Pressure (bar)   Constr. rmsd
    3.02215e+02    8.86833e+01    3.08886e-06


DD  step 473999 load imb.: force 17.3%  pme mesh/force 0.273
           Step           Time
         474000      948.00000

   Energies (kJ/mol)
           Bond            U-B    Proper Dih.  Improper Dih.      CMAP Dih.
    6.11099e+03    1.81607e+04    1.16232e+04    1.09273e+03   -2.42405e+03
          LJ-14     Coulomb-14        LJ (SR)   Coulomb (SR)   Coul. recip.
    5.73865e+03    1.12628e+05    2.41274e+05   -1.81209e+06    4.66614e+03
 Position Rest.      Potential    Kinetic En.   Total Energy  Conserved En.
    2.11487e+03   -1.41110e+06    2.34563e+05   -1.17654e+06   -1.15453e+06
    Temperature Pressure (bar)   Constr. rmsd
    2.97882e+02    1.63477e+01    3.16107e-06

           Step           Time
         474500      949.00000

   Energies (kJ/mol)
           Bond            U-B    Proper Dih.  Improper Dih.      CMAP Dih.
    6.26735e+03    1.75408e+04    1.16260e+04    1.06945e+03   -2.41818e+03
          LJ-14     Coulomb-14        LJ (SR)   Coulomb (SR)   Coul. recip.
    5.72548e+03    1.12919e+05    2.41774e+05   -1.81316e+06    4.59066e+03
 Position Rest.      Potential    Kinetic En.   Total Energy  Conserved En.
    2.04560e+03   -1.41202e+06    2.36053e+05   -1.17597e+06   -1.15455e+06
    Temperature Pressure (bar)   Constr. rmsd
    2.99775e+02   -3.35810e+01    2.90428e-06

           Step           Time
         475000      950.00000

   Energies (kJ/mol)
           Bond            U-B    Proper Dih.  Improper Dih.      CMAP Dih.
    6.23001e+03    1.82334e+04    1.14917e+04    1.08428e+03   -2.39369e+03
          LJ-14     Coulomb-14        LJ (SR)   Coulomb (SR)   Coul. recip.
    5.82113e+03    1.12755e+05    2.41326e+05   -1.81230e+06    4.65282e+03
 Position Rest.      Potential    Kinetic En.   Total Energy  Conserved En.
    2.07537e+03   -1.41102e+06    2.35902e+05   -1.17512e+06   -1.15446e+06
    Temperature Pressure (bar)   Constr. rmsd
    2.99583e+02   -5.01057e+01    2.94060e-06

           Step           Time
         475500      951.00000

   Energies (kJ/mol)
           Bond            U-B    Proper Dih.  Improper Dih.      CMAP Dih.
    6.13233e+03    1.83468e+04    1.16966e+04    1.12003e+03   -2.39675e+03
          LJ-14     Coulomb-14        LJ (SR)   Coulomb (SR)   Coul. recip.
    5.83497e+03    1.12698e+05    2.39813e+05   -1.81055e+06    4.70791e+03
 Position Rest.      Potential    Kinetic En.   Total Energy  Conserved En.
    2.19315e+03   -1.41040e+06    2.36918e+05   -1.17349e+06   -1.15449e+06
    Temperature Pressure (bar)   Constr. rmsd
    3.00874e+02   -3.50014e+01    3.00858e-06


DD  step 475999 load imb.: force 16.2%  pme mesh/force 0.266
           Step           Time
         476000      952.00000

   Energies (kJ/mol)
           Bond            U-B    Proper Dih.  Improper Dih.      CMAP Dih.
    6.36194e+03    1.80214e+04    1.14946e+04    1.08152e+03   -2.48030e+03
          LJ-14     Coulomb-14        LJ (SR)   Coulomb (SR)   Coul. recip.
    5.71031e+03    1.12733e+05    2.41119e+05   -1.81157e+06    4.65421e+03
 Position Rest.      Potential    Kinetic En.   Total Energy  Conserved En.
    2.02250e+03   -1.41085e+06    2.36044e+05   -1.17481e+06   -1.15448e+06
    Temperature Pressure (bar)   Constr. rmsd
    2.99764e+02   -1.79735e+01    3.17833e-06

           Step           Time
         476500      953.00000

   Energies (kJ/mol)
           Bond            U-B    Proper Dih.  Improper Dih.      CMAP Dih.
    6.14308e+03    1.82133e+04    1.14932e+04    1.05999e+03   -2.54369e+03
          LJ-14     Coulomb-14        LJ (SR)   Coulomb (SR)   Coul. recip.
    5.75461e+03    1.12674e+05    2.40601e+05   -1.80975e+06    4.57841e+03
 Position Rest.      Potential    Kinetic En.   Total Energy  Conserved En.
    2.11475e+03   -1.40966e+06    2.36603e+05   -1.17306e+06   -1.15446e+06
    Temperature Pressure (bar)   Constr. rmsd
    3.00474e+02   -1.00550e+02    3.13006e-06

           Step           Time
         477000      954.00000

   Energies (kJ/mol)
           Bond            U-B    Proper Dih.  Improper Dih.      CMAP Dih.
    6.22199e+03    1.80472e+04    1.16124e+04    1.14922e+03   -2.43134e+03
          LJ-14     Coulomb-14        LJ (SR)   Coulomb (SR)   Coul. recip.
    5.64747e+03    1.12745e+05    2.40422e+05   -1.81005e+06    4.67235e+03
 Position Rest.      Potential    Kinetic En.   Total Energy  Conserved En.
    2.06227e+03   -1.40990e+06    2.37020e+05   -1.17288e+06   -1.15446e+06
    Temperature Pressure (bar)   Constr. rmsd
    3.01003e+02    6.42299e+01    3.18053e-06

           Step           Time
         477500      955.00000

   Energies (kJ/mol)
           Bond            U-B    Proper Dih.  Improper Dih.      CMAP Dih.
    6.28215e+03    1.79559e+04    1.16225e+04    1.15704e+03   -2.44177e+03
          LJ-14     Coulomb-14        LJ (SR)   Coulomb (SR)   Coul. recip.
    5.76926e+03    1.12908e+05    2.39444e+05   -1.81056e+06    4.57696e+03
 Position Rest.      Potential    Kinetic En.   Total Energy  Conserved En.
    2.10915e+03   -1.41118e+06    2.37553e+05   -1.17362e+06   -1.15442e+06
    Temperature Pressure (bar)   Constr. rmsd
    3.01680e+02   -3.68817e+01    2.95264e-06


DD  step 477999 load imb.: force 16.8%  pme mesh/force 0.279
           Step           Time
         478000      956.00000

   Energies (kJ/mol)
           Bond            U-B    Proper Dih.  Improper Dih.      CMAP Dih.
    6.12087e+03    1.80193e+04    1.14533e+04    1.04910e+03   -2.41438e+03
          LJ-14     Coulomb-14        LJ (SR)   Coulomb (SR)   Coul. recip.
    5.73863e+03    1.12979e+05    2.41452e+05   -1.81272e+06    4.75481e+03
 Position Rest.      Potential    Kinetic En.   Total Energy  Conserved En.
    2.02462e+03   -1.41155e+06    2.36426e+05   -1.17512e+06   -1.15441e+06
    Temperature Pressure (bar)   Constr. rmsd
    3.00248e+02    4.85244e+01    3.20555e-06

           Step           Time
         478500      957.00000

   Energies (kJ/mol)
           Bond            U-B    Proper Dih.  Improper Dih.      CMAP Dih.
    6.13855e+03    1.81126e+04    1.17660e+04    9.81023e+02   -2.45157e+03
          LJ-14     Coulomb-14        LJ (SR)   Coulomb (SR)   Coul. recip.
    5.85736e+03    1.12670e+05    2.40790e+05   -1.81059e+06    4.56222e+03
 Position Rest.      Potential    Kinetic En.   Total Energy  Conserved En.
    2.12220e+03   -1.41004e+06    2.37384e+05   -1.17266e+06   -1.15439e+06
    Temperature Pressure (bar)   Constr. rmsd
    3.01465e+02    7.39050e+01    3.17709e-06

           Step           Time
         479000      958.00000

   Energies (kJ/mol)
           Bond            U-B    Proper Dih.  Improper Dih.      CMAP Dih.
    6.01502e+03    1.83368e+04    1.14761e+04    1.05810e+03   -2.53537e+03
          LJ-14     Coulomb-14        LJ (SR)   Coulomb (SR)   Coul. recip.
    5.67310e+03    1.12719e+05    2.38374e+05   -1.80817e+06    4.60875e+03
 Position Rest.      Potential    Kinetic En.   Total Energy  Conserved En.
    2.08259e+03   -1.41036e+06    2.36518e+05   -1.17384e+06   -1.15439e+06
    Temperature Pressure (bar)   Constr. rmsd
    3.00365e+02   -2.73408e+02    3.28578e-06

           Step           Time
         479500      959.00000

   Energies (kJ/mol)
           Bond            U-B    Proper Dih.  Improper Dih.      CMAP Dih.
    6.40245e+03    1.80756e+04    1.15875e+04    1.09878e+03   -2.46202e+03
          LJ-14     Coulomb-14        LJ (SR)   Coulomb (SR)   Coul. recip.
    5.74685e+03    1.12755e+05    2.41563e+05   -1.81133e+06    4.63788e+03
 Position Rest.      Potential    Kinetic En.   Total Energy  Conserved En.
    2.10667e+03   -1.40982e+06    2.36320e+05   -1.17350e+06   -1.15434e+06
    Temperature Pressure (bar)   Constr. rmsd
    3.00114e+02    1.27599e+02    3.30880e-06


DD  step 479999 load imb.: force 23.1%  pme mesh/force 0.321
           Step           Time
         480000      960.00000

   Energies (kJ/mol)
           Bond            U-B    Proper Dih.  Improper Dih.      CMAP Dih.
    6.23512e+03    1.81871e+04    1.14495e+04    1.07582e+03   -2.43535e+03
          LJ-14     Coulomb-14        LJ (SR)   Coulomb (SR)   Coul. recip.
    5.77675e+03    1.13104e+05    2.41423e+05   -1.81283e+06    4.47655e+03
 Position Rest.      Potential    Kinetic En.   Total Energy  Conserved En.
    2.01944e+03   -1.41151e+06    2.36675e+05   -1.17484e+06   -1.15430e+06
    Temperature Pressure (bar)   Constr. rmsd
    3.00565e+02   -3.53668e+00    3.03235e-06

           Step           Time
         480500      961.00000

   Energies (kJ/mol)
           Bond            U-B    Proper Dih.  Improper Dih.      CMAP Dih.
    6.30063e+03    1.82937e+04    1.14955e+04    1.11270e+03   -2.39338e+03
          LJ-14     Coulomb-14        LJ (SR)   Coulomb (SR)   Coul. recip.
    5.74552e+03    1.13046e+05    2.38390e+05   -1.80852e+06    4.62294e+03
 Position Rest.      Potential    Kinetic En.   Total Energy  Conserved En.
    2.06375e+03   -1.40985e+06    2.34879e+05   -1.17497e+06   -1.15427e+06
    Temperature Pressure (bar)   Constr. rmsd
    2.98284e+02   -1.17951e+02    3.20708e-06

           Step           Time
         481000      962.00000

   Energies (kJ/mol)
           Bond            U-B    Proper Dih.  Improper Dih.      CMAP Dih.
    6.32159e+03    1.83284e+04    1.15909e+04    1.05293e+03   -2.43883e+03
          LJ-14     Coulomb-14        LJ (SR)   Coulomb (SR)   Coul. recip.
    5.64191e+03    1.12926e+05    2.40921e+05   -1.81190e+06    4.64112e+03
 Position Rest.      Potential    Kinetic En.   Total Energy  Conserved En.
    1.96751e+03   -1.41095e+06    2.34093e+05   -1.17686e+06   -1.15422e+06
    Temperature Pressure (bar)   Constr. rmsd
    2.97286e+02   -2.22724e+01    3.09678e-06

           Step           Time
         481500      963.00000

   Energies (kJ/mol)
           Bond            U-B    Proper Dih.  Improper Dih.      CMAP Dih.
    6.23640e+03    1.81899e+04    1.15975e+04    1.03246e+03   -2.47357e+03
          LJ-14     Coulomb-14        LJ (SR)   Coulomb (SR)   Coul. recip.
    5.79289e+03    1.12745e+05    2.39393e+05   -1.80907e+06    4.54685e+03
 Position Rest.      Potential    Kinetic En.   Total Energy  Conserved En.
    1.99116e+03   -1.41002e+06    2.37750e+05   -1.17227e+06   -1.15430e+06
    Temperature Pressure (bar)   Constr. rmsd
    3.01930e+02   -4.26179e+01    3.18208e-06


DD  step 481999 load imb.: force 17.5%  pme mesh/force 0.262
           Step           Time
         482000      964.00000

   Energies (kJ/mol)
           Bond            U-B    Proper Dih.  Improper Dih.      CMAP Dih.
    6.01054e+03    1.82993e+04    1.15848e+04    1.10201e+03   -2.47280e+03
          LJ-14     Coulomb-14        LJ (SR)   Coulomb (SR)   Coul. recip.
    5.75757e+03    1.12739e+05    2.38770e+05   -1.80921e+06    4.68005e+03
 Position Rest.      Potential    Kinetic En.   Total Energy  Conserved En.
    1.94753e+03   -1.41079e+06    2.35149e+05   -1.17564e+06   -1.15423e+06
    Temperature Pressure (bar)   Constr. rmsd
    2.98627e+02    3.77800e+01    2.98703e-06

           Step           Time
         482500      965.00000

   Energies (kJ/mol)
           Bond            U-B    Proper Dih.  Improper Dih.      CMAP Dih.
    6.04957e+03    1.82215e+04    1.14980e+04    1.11965e+03   -2.47453e+03
          LJ-14     Coulomb-14        LJ (SR)   Coulomb (SR)   Coul. recip.
    5.74778e+03    1.12835e+05    2.42037e+05   -1.81390e+06    4.69062e+03
 Position Rest.      Potential    Kinetic En.   Total Energy  Conserved En.
    1.91617e+03   -1.41226e+06    2.37066e+05   -1.17520e+06   -1.15420e+06
    Temperature Pressure (bar)   Constr. rmsd
    3.01062e+02    1.02846e+02    2.98859e-06

           Step           Time
         483000      966.00000

   Energies (kJ/mol)
           Bond            U-B    Proper Dih.  Improper Dih.      CMAP Dih.
    6.28104e+03    1.80465e+04    1.15409e+04    1.11559e+03   -2.38403e+03
          LJ-14     Coulomb-14        LJ (SR)   Coulomb (SR)   Coul. recip.
    5.71206e+03    1.13077e+05    2.39103e+05   -1.81006e+06    4.56896e+03
 Position Rest.      Potential    Kinetic En.   Total Energy  Conserved En.
    1.99420e+03   -1.41100e+06    2.36696e+05   -1.17430e+06   -1.15420e+06
    Temperature Pressure (bar)   Constr. rmsd
    3.00592e+02   -1.94284e+01    3.09865e-06

           Step           Time
         483500      967.00000

   Energies (kJ/mol)
           Bond            U-B    Proper Dih.  Improper Dih.      CMAP Dih.
    6.16043e+03    1.83158e+04    1.16917e+04    1.06123e+03   -2.45568e+03
          LJ-14     Coulomb-14        LJ (SR)   Coulomb (SR)   Coul. recip.
    5.79186e+03    1.12699e+05    2.42749e+05   -1.81368e+06    4.49281e+03
 Position Rest.      Potential    Kinetic En.   Total Energy  Conserved En.
    2.04254e+03   -1.41113e+06    2.36168e+05   -1.17496e+06   -1.15414e+06
    Temperature Pressure (bar)   Constr. rmsd
    2.99921e+02    1.97012e+02    3.05399e-06


DD  step 483999 load imb.: force 16.6%  pme mesh/force 0.272
           Step           Time
         484000      968.00000

   Energies (kJ/mol)
           Bond            U-B    Proper Dih.  Improper Dih.      CMAP Dih.
    6.26437e+03    1.83676e+04    1.16936e+04    1.05985e+03   -2.44386e+03
          LJ-14     Coulomb-14        LJ (SR)   Coulomb (SR)   Coul. recip.
    5.68789e+03    1.12694e+05    2.40726e+05   -1.81143e+06    4.53520e+03
 Position Rest.      Potential    Kinetic En.   Total Energy  Conserved En.
    2.01144e+03   -1.41084e+06    2.36121e+05   -1.17472e+06   -1.15410e+06
    Temperature Pressure (bar)   Constr. rmsd
    2.99861e+02    4.70447e+01    3.26278e-06

           Step           Time
         484500      969.00000

   Energies (kJ/mol)
           Bond            U-B    Proper Dih.  Improper Dih.      CMAP Dih.
    6.14784e+03    1.83583e+04    1.17445e+04    1.05836e+03   -2.43519e+03
          LJ-14     Coulomb-14        LJ (SR)   Coulomb (SR)   Coul. recip.
    5.57351e+03    1.13236e+05    2.40085e+05   -1.81306e+06    4.55413e+03
 Position Rest.      Potential    Kinetic En.   Total Energy  Conserved En.
    2.02387e+03   -1.41272e+06    2.37061e+05   -1.17566e+06   -1.15409e+06
    Temperature Pressure (bar)   Constr. rmsd
    3.01055e+02   -1.22531e+02    3.16624e-06

           Step           Time
         485000      970.00000

   Energies (kJ/mol)
           Bond            U-B    Proper Dih.  Improper Dih.      CMAP Dih.
    6.32679e+03    1.83571e+04    1.15482e+04    1.04894e+03   -2.44265e+03
          LJ-14     Coulomb-14        LJ (SR)   Coulomb (SR)   Coul. recip.
    5.58975e+03    1.12459e+05    2.40033e+05   -1.81119e+06    4.54647e+03
 Position Rest.      Potential    Kinetic En.   Total Energy  Conserved En.
    2.03593e+03   -1.41169e+06    2.35426e+05   -1.17626e+06   -1.15412e+06
    Temperature Pressure (bar)   Constr. rmsd
    2.98979e+02   -5.13497e+01    3.09002e-06

           Step           Time
         485500      971.00000

   Energies (kJ/mol)
           Bond            U-B    Proper Dih.  Improper Dih.      CMAP Dih.
    6.30025e+03    1.79832e+04    1.16131e+04    1.08744e+03   -2.45858e+03
          LJ-14     Coulomb-14        LJ (SR)   Coulomb (SR)   Coul. recip.
    5.72649e+03    1.12978e+05    2.41195e+05   -1.81385e+06    4.60175e+03
 Position Rest.      Potential    Kinetic En.   Total Energy  Conserved En.
    1.96938e+03   -1.41286e+06    2.34925e+05   -1.17793e+06   -1.15404e+06
    Temperature Pressure (bar)   Constr. rmsd
    2.98343e+02    1.38287e+02    2.93118e-06


DD  step 485999 load imb.: force 16.0%  pme mesh/force 0.264
           Step           Time
         486000      972.00000

   Energies (kJ/mol)
           Bond            U-B    Proper Dih.  Improper Dih.      CMAP Dih.
    6.17330e+03    1.82413e+04    1.16340e+04    1.10367e+03   -2.50614e+03
          LJ-14     Coulomb-14        LJ (SR)   Coulomb (SR)   Coul. recip.
    5.77852e+03    1.12729e+05    2.41893e+05   -1.81118e+06    4.65768e+03
 Position Rest.      Potential    Kinetic En.   Total Energy  Conserved En.
    2.00276e+03   -1.40947e+06    2.35646e+05   -1.17383e+06   -1.15403e+06
    Temperature Pressure (bar)   Constr. rmsd
    2.99258e+02    9.80231e+01    3.06887e-06

           Step           Time
         486500      973.00000

   Energies (kJ/mol)
           Bond            U-B    Proper Dih.  Improper Dih.      CMAP Dih.
    6.32836e+03    1.80986e+04    1.16601e+04    1.03852e+03   -2.38043e+03
          LJ-14     Coulomb-14        LJ (SR)   Coulomb (SR)   Coul. recip.
    5.62158e+03    1.12651e+05    2.39939e+05   -1.81079e+06    4.60803e+03
 Position Rest.      Potential    Kinetic En.   Total Energy  Conserved En.
    2.06063e+03   -1.41117e+06    2.36936e+05   -1.17423e+06   -1.15403e+06
    Temperature Pressure (bar)   Constr. rmsd
    3.00896e+02   -2.01926e+02    3.13174e-06

           Step           Time
         487000      974.00000

   Energies (kJ/mol)
           Bond            U-B    Proper Dih.  Improper Dih.      CMAP Dih.
    6.06105e+03    1.78897e+04    1.15610e+04    1.08544e+03   -2.49576e+03
          LJ-14     Coulomb-14        LJ (SR)   Coulomb (SR)   Coul. recip.
    5.63352e+03    1.12966e+05    2.41383e+05   -1.81335e+06    4.52969e+03
 Position Rest.      Potential    Kinetic En.   Total Energy  Conserved En.
    2.01464e+03   -1.41272e+06    2.37237e+05   -1.17548e+06   -1.15406e+06
    Temperature Pressure (bar)   Constr. rmsd
    3.01278e+02   -1.89550e+01    3.24443e-06

           Step           Time
         487500      975.00000

   Energies (kJ/mol)
           Bond            U-B    Proper Dih.  Improper Dih.      CMAP Dih.
    6.20292e+03    1.84497e+04    1.17637e+04    1.00986e+03   -2.46482e+03
          LJ-14     Coulomb-14        LJ (SR)   Coulomb (SR)   Coul. recip.
    5.73402e+03    1.12535e+05    2.39513e+05   -1.80919e+06    4.49617e+03
 Position Rest.      Potential    Kinetic En.   Total Energy  Conserved En.
    1.97912e+03   -1.40997e+06    2.35705e+05   -1.17426e+06   -1.15396e+06
    Temperature Pressure (bar)   Constr. rmsd
    2.99333e+02    1.32482e+01    3.21013e-06


DD  step 487999 load imb.: force 17.4%  pme mesh/force 0.271
           Step           Time
         488000      976.00000

   Energies (kJ/mol)
           Bond            U-B    Proper Dih.  Improper Dih.      CMAP Dih.
    6.26013e+03    1.80419e+04    1.16787e+04    1.11248e+03   -2.46207e+03
          LJ-14     Coulomb-14        LJ (SR)   Coulomb (SR)   Coul. recip.
    5.76180e+03    1.12775e+05    2.39168e+05   -1.80869e+06    4.62059e+03
 Position Rest.      Potential    Kinetic En.   Total Energy  Conserved En.
    2.01538e+03   -1.40972e+06    2.35145e+05   -1.17458e+06   -1.15396e+06
    Temperature Pressure (bar)   Constr. rmsd
    2.98622e+02    1.82692e+01    3.16105e-06

           Step           Time
         488500      977.00000

   Energies (kJ/mol)
           Bond            U-B    Proper Dih.  Improper Dih.      CMAP Dih.
    6.03728e+03    1.83371e+04    1.16493e+04    1.06318e+03   -2.44007e+03
          LJ-14     Coulomb-14        LJ (SR)   Coulomb (SR)   Coul. recip.
    5.62636e+03    1.12801e+05    2.44476e+05   -1.81551e+06    4.59796e+03
 Position Rest.      Potential    Kinetic En.   Total Energy  Conserved En.
    2.00043e+03   -1.41137e+06    2.36493e+05   -1.17487e+06   -1.15396e+06
    Temperature Pressure (bar)   Constr. rmsd
    3.00334e+02    1.96438e+02    3.03609e-06

           Step           Time
         489000      978.00000

   Energies (kJ/mol)
           Bond            U-B    Proper Dih.  Improper Dih.      CMAP Dih.
    6.41432e+03    1.80864e+04    1.15794e+04    9.97401e+02   -2.49821e+03
          LJ-14     Coulomb-14        LJ (SR)   Coulomb (SR)   Coul. recip.
    5.77546e+03    1.12619e+05    2.42346e+05   -1.81365e+06    4.50265e+03
 Position Rest.      Potential    Kinetic En.   Total Energy  Conserved En.
    2.13592e+03   -1.41169e+06    2.37545e+05   -1.17415e+06   -1.15397e+06
    Temperature Pressure (bar)   Constr. rmsd
    3.01670e+02    7.98524e+01    3.23878e-06

           Step           Time
         489500      979.00000

   Energies (kJ/mol)
           Bond            U-B    Proper Dih.  Improper Dih.      CMAP Dih.
    6.31082e+03    1.78094e+04    1.16297e+04    1.06714e+03   -2.48088e+03
          LJ-14     Coulomb-14        LJ (SR)   Coulomb (SR)   Coul. recip.
    5.78744e+03    1.12839e+05    2.40091e+05   -1.80860e+06    4.56652e+03
 Position Rest.      Potential    Kinetic En.   Total Energy  Conserved En.
    2.03372e+03   -1.40894e+06    2.36035e+05   -1.17291e+06   -1.15393e+06
    Temperature Pressure (bar)   Constr. rmsd
    2.99752e+02    9.89128e+01    3.26260e-06


DD  step 489999 load imb.: force 17.4%  pme mesh/force 0.267
           Step           Time
         490000      980.00000

   Energies (kJ/mol)
           Bond            U-B    Proper Dih.  Improper Dih.      CMAP Dih.
    6.15862e+03    1.82914e+04    1.16065e+04    1.09589e+03   -2.48976e+03
          LJ-14     Coulomb-14        LJ (SR)   Coulomb (SR)   Coul. recip.
    5.74790e+03    1.12774e+05    2.39326e+05   -1.80775e+06    4.64744e+03
 Position Rest.      Potential    Kinetic En.   Total Energy  Conserved En.
    2.11772e+03   -1.40848e+06    2.37326e+05   -1.17115e+06   -1.15390e+06
    Temperature Pressure (bar)   Constr. rmsd
    3.01391e+02   -1.28883e+02    3.22488e-06

           Step           Time
         490500      981.00000

   Energies (kJ/mol)
           Bond            U-B    Proper Dih.  Improper Dih.      CMAP Dih.
    6.16098e+03    1.82673e+04    1.17344e+04    1.16979e+03   -2.46074e+03
          LJ-14     Coulomb-14        LJ (SR)   Coulomb (SR)   Coul. recip.
    5.63531e+03    1.13063e+05    2.41985e+05   -1.81396e+06    4.51344e+03
 Position Rest.      Potential    Kinetic En.   Total Energy  Conserved En.
    1.92642e+03   -1.41196e+06    2.36237e+05   -1.17572e+06   -1.15387e+06
    Temperature Pressure (bar)   Constr. rmsd
    3.00009e+02   -9.73765e-01    3.14772e-06

           Step           Time
         491000      982.00000

   Energies (kJ/mol)
           Bond            U-B    Proper Dih.  Improper Dih.      CMAP Dih.
    6.08652e+03    1.83379e+04    1.15259e+04    1.02958e+03   -2.46015e+03
          LJ-14     Coulomb-14        LJ (SR)   Coulomb (SR)   Coul. recip.
    5.67717e+03    1.12809e+05    2.37846e+05   -1.80928e+06    4.70703e+03
 Position Rest.      Potential    Kinetic En.   Total Energy  Conserved En.
    2.04974e+03   -1.41167e+06    2.35813e+05   -1.17586e+06   -1.15384e+06
    Temperature Pressure (bar)   Constr. rmsd
    2.99470e+02   -9.23987e+01    2.98718e-06

           Step           Time
         491500      983.00000

   Energies (kJ/mol)
           Bond            U-B    Proper Dih.  Improper Dih.      CMAP Dih.
    6.07575e+03    1.82925e+04    1.16648e+04    1.13286e+03   -2.47105e+03
          LJ-14     Coulomb-14        LJ (SR)   Coulomb (SR)   Coul. recip.
    5.87702e+03    1.12594e+05    2.40862e+05   -1.81336e+06    4.55531e+03
 Position Rest.      Potential    Kinetic En.   Total Energy  Conserved En.
    1.97035e+03   -1.41280e+06    2.37615e+05   -1.17519e+06   -1.15384e+06
    Temperature Pressure (bar)   Constr. rmsd
    3.01759e+02    1.42524e+02    3.05544e-06


DD  step 491999 load imb.: force 16.2%  pme mesh/force 0.282
           Step           Time
         492000      984.00000

   Energies (kJ/mol)
           Bond            U-B    Proper Dih.  Improper Dih.      CMAP Dih.
    6.07974e+03    1.80289e+04    1.17015e+04    9.87205e+02   -2.52475e+03
          LJ-14     Coulomb-14        LJ (SR)   Coulomb (SR)   Coul. recip.
    5.83818e+03    1.13172e+05    2.40773e+05   -1.81422e+06    4.56986e+03
 Position Rest.      Potential    Kinetic En.   Total Energy  Conserved En.
    1.95717e+03   -1.41364e+06    2.34899e+05   -1.17874e+06   -1.15378e+06
    Temperature Pressure (bar)   Constr. rmsd
    2.98310e+02    1.19431e+02    2.98280e-06

           Step           Time
         492500      985.00000

   Energies (kJ/mol)
           Bond            U-B    Proper Dih.  Improper Dih.      CMAP Dih.
    6.01502e+03    1.75704e+04    1.14781e+04    1.10405e+03   -2.43515e+03
          LJ-14     Coulomb-14        LJ (SR)   Coulomb (SR)   Coul. recip.
    5.72429e+03    1.12981e+05    2.38749e+05   -1.81277e+06    4.46831e+03
 Position Rest.      Potential    Kinetic En.   Total Energy  Conserved En.
    1.93503e+03   -1.41518e+06    2.34894e+05   -1.18029e+06   -1.15380e+06
    Temperature Pressure (bar)   Constr. rmsd
    2.98303e+02   -9.13806e+01    3.15616e-06

           Step           Time
         493000      986.00000

   Energies (kJ/mol)
           Bond            U-B    Proper Dih.  Improper Dih.      CMAP Dih.
    6.28344e+03    1.81705e+04    1.16877e+04    1.19580e+03   -2.52999e+03
          LJ-14     Coulomb-14        LJ (SR)   Coulomb (SR)   Coul. recip.
    5.72471e+03    1.12743e+05    2.39540e+05   -1.80980e+06    4.70786e+03
 Position Rest.      Potential    Kinetic En.   Total Energy  Conserved En.
    1.98148e+03   -1.41030e+06    2.35790e+05   -1.17451e+06   -1.15375e+06
    Temperature Pressure (bar)   Constr. rmsd
    2.99441e+02   -5.42519e+01    3.33224e-06

           Step           Time
         493500      987.00000

   Energies (kJ/mol)
           Bond            U-B    Proper Dih.  Improper Dih.      CMAP Dih.
    6.10426e+03    1.81963e+04    1.15914e+04    1.13294e+03   -2.42489e+03
          LJ-14     Coulomb-14        LJ (SR)   Coulomb (SR)   Coul. recip.
    5.64612e+03    1.12684e+05    2.41191e+05   -1.81024e+06    4.63035e+03
 Position Rest.      Potential    Kinetic En.   Total Energy  Conserved En.
    1.96718e+03   -1.40952e+06    2.34840e+05   -1.17468e+06   -1.15376e+06
    Temperature Pressure (bar)   Constr. rmsd
    2.98234e+02   -5.39942e+01    3.19764e-06


DD  step 493999 load imb.: force 16.9%  pme mesh/force 0.264
           Step           Time
         494000      988.00000

   Energies (kJ/mol)
           Bond            U-B    Proper Dih.  Improper Dih.      CMAP Dih.
    6.17623e+03    1.80897e+04    1.16159e+04    1.10779e+03   -2.44299e+03
          LJ-14     Coulomb-14        LJ (SR)   Coulomb (SR)   Coul. recip.
    5.60183e+03    1.12558e+05    2.40977e+05   -1.81188e+06    4.76110e+03
 Position Rest.      Potential    Kinetic En.   Total Energy  Conserved En.
    2.02690e+03   -1.41141e+06    2.36626e+05   -1.17478e+06   -1.15378e+06
    Temperature Pressure (bar)   Constr. rmsd
    3.00503e+02    1.08750e+02    3.16998e-06

           Step           Time
         494500      989.00000

   Energies (kJ/mol)
           Bond            U-B    Proper Dih.  Improper Dih.      CMAP Dih.
    6.31880e+03    1.80691e+04    1.15959e+04    1.08089e+03   -2.41977e+03
          LJ-14     Coulomb-14        LJ (SR)   Coulomb (SR)   Coul. recip.
    5.72992e+03    1.12538e+05    2.39480e+05   -1.80950e+06    4.56302e+03
 Position Rest.      Potential    Kinetic En.   Total Energy  Conserved En.
    2.00852e+03   -1.41053e+06    2.35617e+05   -1.17492e+06   -1.15372e+06
    Temperature Pressure (bar)   Constr. rmsd
    2.99222e+02   -1.41485e+01    3.10279e-06

           Step           Time
         495000      990.00000

   Energies (kJ/mol)
           Bond            U-B    Proper Dih.  Improper Dih.      CMAP Dih.
    6.42084e+03    1.79023e+04    1.15419e+04    1.08269e+03   -2.44673e+03
          LJ-14     Coulomb-14        LJ (SR)   Coulomb (SR)   Coul. recip.
    5.69444e+03    1.12669e+05    2.40714e+05   -1.81106e+06    4.57309e+03
 Position Rest.      Potential    Kinetic En.   Total Energy  Conserved En.
    2.01152e+03   -1.41090e+06    2.36024e+05   -1.17488e+06   -1.15369e+06
    Temperature Pressure (bar)   Constr. rmsd
    2.99739e+02   -8.81427e+01    3.04801e-06

           Step           Time
         495500      991.00000

   Energies (kJ/mol)
           Bond            U-B    Proper Dih.  Improper Dih.      CMAP Dih.
    6.14105e+03    1.78923e+04    1.16381e+04    1.03646e+03   -2.44581e+03
          LJ-14     Coulomb-14        LJ (SR)   Coulomb (SR)   Coul. recip.
    5.80543e+03    1.13086e+05    2.39124e+05   -1.81005e+06    4.56994e+03
 Position Rest.      Potential    Kinetic En.   Total Energy  Conserved En.
    1.93489e+03   -1.41127e+06    2.35887e+05   -1.17538e+06   -1.15367e+06
    Temperature Pressure (bar)   Constr. rmsd
    2.99564e+02   -1.45946e+02    3.09422e-06


DD  step 495999 load imb.: force 16.9%  pme mesh/force 0.271
           Step           Time
         496000      992.00000

   Energies (kJ/mol)
           Bond            U-B    Proper Dih.  Improper Dih.      CMAP Dih.
    6.05501e+03    1.77011e+04    1.15048e+04    1.08395e+03   -2.46543e+03
          LJ-14     Coulomb-14        LJ (SR)   Coulomb (SR)   Coul. recip.
    5.73044e+03    1.12765e+05    2.39286e+05   -1.81173e+06    4.56819e+03
 Position Rest.      Potential    Kinetic En.   Total Energy  Conserved En.
    1.99066e+03   -1.41352e+06    2.36719e+05   -1.17680e+06   -1.15373e+06
    Temperature Pressure (bar)   Constr. rmsd
    3.00621e+02   -4.85862e+01    3.06056e-06

           Step           Time
         496500      993.00000

   Energies (kJ/mol)
           Bond            U-B    Proper Dih.  Improper Dih.      CMAP Dih.
    5.91079e+03    1.79459e+04    1.15843e+04    1.06604e+03   -2.44031e+03
          LJ-14     Coulomb-14        LJ (SR)   Coulomb (SR)   Coul. recip.
    5.80535e+03    1.13010e+05    2.39043e+05   -1.80962e+06    4.53150e+03
 Position Rest.      Potential    Kinetic En.   Total Energy  Conserved En.
    1.90464e+03   -1.41126e+06    2.35501e+05   -1.17576e+06   -1.15366e+06
    Temperature Pressure (bar)   Constr. rmsd
    2.99074e+02    1.59627e+01    3.08390e-06

           Step           Time
         497000      994.00000

   Energies (kJ/mol)
           Bond            U-B    Proper Dih.  Improper Dih.      CMAP Dih.
    6.09890e+03    1.83787e+04    1.17596e+04    1.15358e+03   -2.48559e+03
          LJ-14     Coulomb-14        LJ (SR)   Coulomb (SR)   Coul. recip.
    5.71346e+03    1.12763e+05    2.40878e+05   -1.81006e+06    4.63700e+03
 Position Rest.      Potential    Kinetic En.   Total Energy  Conserved En.
    1.90974e+03   -1.40925e+06    2.37205e+05   -1.17204e+06   -1.15364e+06
    Temperature Pressure (bar)   Constr. rmsd
    3.01238e+02    5.44694e+01    3.22513e-06

           Step           Time
         497500      995.00000

   Energies (kJ/mol)
           Bond            U-B    Proper Dih.  Improper Dih.      CMAP Dih.
    6.02586e+03    1.79772e+04    1.16343e+04    1.03122e+03   -2.45886e+03
          LJ-14     Coulomb-14        LJ (SR)   Coulomb (SR)   Coul. recip.
    5.69439e+03    1.12550e+05    2.39670e+05   -1.81042e+06    4.66451e+03
 Position Rest.      Potential    Kinetic En.   Total Energy  Conserved En.
    1.95161e+03   -1.41168e+06    2.36566e+05   -1.17512e+06   -1.15364e+06
    Temperature Pressure (bar)   Constr. rmsd
    3.00427e+02   -9.78503e+01    2.97416e-06


DD  step 497999 load imb.: force 16.9%  pme mesh/force 0.275
           Step           Time
         498000      996.00000

   Energies (kJ/mol)
           Bond            U-B    Proper Dih.  Improper Dih.      CMAP Dih.
    6.26598e+03    1.79655e+04    1.16011e+04    1.08595e+03   -2.45170e+03
          LJ-14     Coulomb-14        LJ (SR)   Coulomb (SR)   Coul. recip.
    5.69019e+03    1.12929e+05    2.39261e+05   -1.81005e+06    4.61968e+03
 Position Rest.      Potential    Kinetic En.   Total Energy  Conserved En.
    1.94465e+03   -1.41114e+06    2.35246e+05   -1.17589e+06   -1.15361e+06
    Temperature Pressure (bar)   Constr. rmsd
    2.98750e+02   -1.57514e+02    3.03478e-06

           Step           Time
         498500      997.00000

   Energies (kJ/mol)
           Bond            U-B    Proper Dih.  Improper Dih.      CMAP Dih.
    6.13406e+03    1.80244e+04    1.17014e+04    1.15949e+03   -2.46675e+03
          LJ-14     Coulomb-14        LJ (SR)   Coulomb (SR)   Coul. recip.
    5.62952e+03    1.12701e+05    2.39538e+05   -1.81013e+06    4.76338e+03
 Position Rest.      Potential    Kinetic En.   Total Energy  Conserved En.
    2.00130e+03   -1.41094e+06    2.34407e+05   -1.17654e+06   -1.15357e+06
    Temperature Pressure (bar)   Constr. rmsd
    2.97685e+02   -2.22194e+02    3.18981e-06

           Step           Time
         499000      998.00000

   Energies (kJ/mol)
           Bond            U-B    Proper Dih.  Improper Dih.      CMAP Dih.
    6.20810e+03    1.81283e+04    1.17941e+04    1.09849e+03   -2.56868e+03
          LJ-14     Coulomb-14        LJ (SR)   Coulomb (SR)   Coul. recip.
    5.80706e+03    1.12774e+05    2.41962e+05   -1.81165e+06    4.63857e+03
 Position Rest.      Potential    Kinetic En.   Total Energy  Conserved En.
    2.02667e+03   -1.40978e+06    2.36593e+05   -1.17319e+06   -1.15353e+06
    Temperature Pressure (bar)   Constr. rmsd
    3.00461e+02    2.06589e+02    3.00572e-06

           Step           Time
         499500      999.00000

   Energies (kJ/mol)
           Bond            U-B    Proper Dih.  Improper Dih.      CMAP Dih.
    6.39531e+03    1.81490e+04    1.16099e+04    1.04896e+03   -2.44572e+03
          LJ-14     Coulomb-14        LJ (SR)   Coulomb (SR)   Coul. recip.
    5.74157e+03    1.12988e+05    2.39937e+05   -1.81192e+06    4.53116e+03
 Position Rest.      Potential    Kinetic En.   Total Energy  Conserved En.
    2.02110e+03   -1.41194e+06    2.36101e+05   -1.17584e+06   -1.15349e+06
    Temperature Pressure (bar)   Constr. rmsd
    2.99837e+02   -1.11530e+02    3.02615e-06


DD  step 499999 load imb.: force 16.8%  pme mesh/force 0.269
           Step           Time
         500000     1000.00000

Writing checkpoint, step 500000 at Mon Oct  5 06:48:28 2020


   Energies (kJ/mol)
           Bond            U-B    Proper Dih.  Improper Dih.      CMAP Dih.
    5.93018e+03    1.80196e+04    1.15539e+04    1.04564e+03   -2.39764e+03
          LJ-14     Coulomb-14        LJ (SR)   Coulomb (SR)   Coul. recip.
    5.76486e+03    1.12701e+05    2.39936e+05   -1.81239e+06    4.47103e+03
 Position Rest.      Potential    Kinetic En.   Total Energy  Conserved En.
    1.91556e+03   -1.41345e+06    2.35366e+05   -1.17809e+06   -1.15350e+06
    Temperature Pressure (bar)   Constr. rmsd
    2.98902e+02   -4.05919e+01    3.03407e-06

	<======  ###############  ==>
	<====  A V E R A G E S  ====>
	<==  ###############  ======>

	Statistics over 500001 steps using 5001 frames

   Energies (kJ/mol)
           Bond            U-B    Proper Dih.  Improper Dih.      CMAP Dih.
    6.20767e+03    1.81174e+04    1.16075e+04    1.08831e+03   -2.45578e+03
          LJ-14     Coulomb-14        LJ (SR)   Coulomb (SR)   Coul. recip.
    5.72778e+03    1.12796e+05    2.40536e+05   -1.81171e+06    4.61406e+03
 Position Rest.      Potential    Kinetic En.   Total Energy  Conserved En.
    2.00837e+03   -1.41146e+06    2.36245e+05   -1.17522e+06   -1.16370e+06
    Temperature Pressure (bar)   Constr. rmsd
    3.00019e+02   -5.04973e-01    0.00000e+00

          Box-X          Box-Y          Box-Z
    9.72154e+00    9.72154e+00    9.72154e+00

   Total Virial (kJ/mol)
    7.88176e+04   -3.57147e+02   -1.89515e+02
   -3.57094e+02    7.87855e+04    5.07267e+01
   -1.89417e+02    5.10280e+01    7.86883e+04

   Pressure (bar)
   -9.69608e-01    1.19811e+01    8.21844e+00
    1.19792e+01   -1.74140e+00   -2.88785e+00
    8.21491e+00   -2.89878e+00    1.19609e+00

      T-Protein  T-non-Protein
    3.00068e+02    3.00013e+02


	M E G A - F L O P S   A C C O U N T I N G

 NB=Group-cutoff nonbonded kernels    NxN=N-by-N cluster Verlet kernels
 RF=Reaction-Field  VdW=Van der Waals  QSTab=quadratic-spline table
 W3=SPC/TIP3p  W4=TIP4p (single or pairs)
 V&F=Potential and force  V=Potential only  F=Force only

 Computing:                               M-Number         M-Flops  % Flops
-----------------------------------------------------------------------------
 Pair Search distance check          308738.230520     2778644.075     0.2
 NxN QSTab Elec. + LJ [F]          20506979.219888   840786148.015    55.3
 NxN QSTab Elec. + LJ [V&F]          207183.181640    12223807.717     0.8
 NxN LJ [F]                             705.969088       23296.980     0.0
 NxN LJ [V&F]                             7.125024         306.376     0.0
 NxN QSTab Elec. [F]               17062084.738688   580110881.115    38.2
 NxN QSTab Elec. [V&F]               172380.372712     7067595.281     0.5
 1,4 nonbonded interactions           10767.521535      969076.938     0.1
 Calc Weights                        138916.777833     5001004.002     0.3
 Spread Q Bspline                   2963557.927104     5927115.854     0.4
 Gather F Bspline                   2963557.927104    17781347.563     1.2
 3D-FFT                             4718601.437184    37748811.497     2.5
 Solve PME                             4096.008192      262144.524     0.0
 Reset In Box                           578.726139        1736.178     0.0
 CG-CoM                                 578.911361        1736.734     0.0
 Bonds                                 2058.504117      121451.743     0.0
 Propers                               9153.018306     2096041.192     0.1
 Impropers                              664.001328      138112.276     0.0
 Pos. Restr.                           2021.004042      101050.202     0.0
 Virial                                4684.643691       84323.586     0.0
 Stop-CM                                463.147611        4631.476     0.0
 Calc-Ekin                             9261.285222      250054.701     0.0
 Lincs                                 2045.004090      122700.245     0.0
 Lincs-Mat                            11166.022332       44664.089     0.0
 Constraint-V                         46253.592507      370028.740     0.0
 Constraint-Vir                        4420.938417      106102.522     0.0
 Settle                               14054.528109     4539612.579     0.3
 CMAP                                   256.000512      435200.870     0.0
 Urey-Bradley                          7456.514913     1364542.229     0.1
-----------------------------------------------------------------------------
 Total                                              1520462169.303   100.0
-----------------------------------------------------------------------------


    D O M A I N   D E C O M P O S I T I O N   S T A T I S T I C S

 av. #atoms communicated per step for force:  2 x 173704.4


Dynamic load balancing report:
 DLB got disabled because it was unsuitable to use.
 Average load imbalance: 2.4%.
 The balanceable part of the MD step is 93%, load imbalance is computed from this.
 Part of the total run time spent waiting due to load imbalance: 2.2%.
 Average PME mesh/force load: 0.302
 Part of the total run time spent waiting due to PP/PME imbalance: 16.6 %

NOTE: 16.6 % performance was lost because the PME ranks
      had less work to do than the PP ranks.
      You might want to decrease the number of PME ranks
      or decrease the cut-off and the grid spacing.


     R E A L   C Y C L E   A N D   T I M E   A C C O U N T I N G

On 24 MPI ranks doing PP, and
on 8 MPI ranks doing PME

 Computing:          Num   Num      Call    Wall time         Giga-Cycles
                     Ranks Threads  Count      (s)         total sum    %
-----------------------------------------------------------------------------
 Domain decomp.        24    1       6250      28.211       2093.801   0.3
 DD comm. load         24    1       2841       0.046          3.411   0.0
 DD comm. bounds       24    1       2697       0.145         10.743   0.0
 Send X to PME         24    1     500001       7.207        534.935   0.1
 Neighbor search       24    1       6251     111.483       8274.219   1.1
 Comm. coord.          24    1     493750      76.156       5652.258   0.7
 Force                 24    1     500001    6549.061     486069.418  63.4
 Wait + Comm. F        24    1     500001     802.083      59530.354   7.8
 PME mesh *             8    1     500001    2035.196      50350.558   6.6
 PME wait for PP *                           5715.362     141397.502  18.4
 Wait + Recv. PME F    24    1     500001      12.377        918.604   0.1
 NB X/F buffer ops.    24    1    1487501      55.474       4117.275   0.5
 Write traj.           24    1        109       0.197         14.589   0.0
 Update                24    1     500001      23.794       1765.947   0.2
 Constraints           24    1     500001      58.864       4368.874   0.6
 Comm. energies        24    1      50001       9.984        740.984   0.1
 Rest                                          15.479       1148.825   0.1
-----------------------------------------------------------------------------
 Total                                       7750.559     766992.315 100.0
-----------------------------------------------------------------------------
(*) Note that with separate PME ranks, the walltime column actually sums to
    twice the total reported, but the cycle count total and % are correct.
-----------------------------------------------------------------------------
 Breakdown of PME mesh computation
-----------------------------------------------------------------------------
 PME redist. X/F        8    1    1000002     276.264       6834.748   0.9
 PME spread             8    1     500001     650.013      16081.250   2.1
 PME gather             8    1     500001     606.955      15016.008   2.0
 PME 3D-FFT             8    1    1000002     327.995       8114.555   1.1
 PME 3D-FFT Comm.       8    1    2000004      54.469       1347.565   0.2
 PME solve Elec         8    1     500001     117.859       2915.813   0.4
-----------------------------------------------------------------------------

               Core t (s)   Wall t (s)        (%)
       Time:   248017.867     7750.559     3200.0
                         2h09:10
                 (ns/day)    (hour/ns)
Performance:       11.148        2.153
Finished mdrun on rank 0 Mon Oct  5 06:48:29 2020

