0 2.4822185039520264
1 2.6744022369384766
2 2.419559955596924
3 2.4954142570495605
4 2.337371349334717
5 2.385659694671631
6 2.486337900161743
7 2.2361109256744385
8 2.3265130519866943
9 2.2600958347320557
10 2.1712076663970947
11 2.2219438552856445
12 2.15712571144104
13 2.187523365020752
14 2.1551342010498047
15 2.0745346546173096
16 2.0722479820251465
17 2.3126211166381836
18 2.368187189102173
19 2.344792127609253
20 2.414822578430176
21 2.4747097492218018
22 2.2524921894073486
23 2.257546901702881
24 2.315561294555664
25 2.2151594161987305
26 2.3098907470703125
27 2.444941997528076
28 2.5393640995025635
29 2.4926280975341797
30 2.516568422317505
31 2.6121551990509033
32 2.515120506286621
33 2.6254889965057373
34 2.6496546268463135
35 2.5369014739990234
36 2.545891046524048
37 2.5037569999694824
38 2.4403629302978516
39 2.3795652389526367
40 2.414337396621704
41 2.499598503112793
42 2.4353725910186768
43 2.2731523513793945
44 2.357710361480713
45 2.442579507827759
46 2.3268861770629883
47 2.2719075679779053
48 2.4216411113739014
49 2.3836164474487305
50 2.342235803604126
51 2.45011830329895
52 2.246138334274292
53 2.2726995944976807
54 2.305851936340332
55 2.5304362773895264
56 2.3538496494293213
57 2.5071611404418945
58 2.484813928604126
59 2.2211365699768066
60 2.236926317214966
61 2.2528574466705322
62 2.326647996902466
63 2.3846778869628906
64 2.2233166694641113
65 2.3555352687835693
66 2.3571829795837402
67 2.1318376064300537
68 2.0781052112579346
69 2.145092725753784
70 2.2184722423553467
71 2.1163058280944824
72 2.237955331802368
73 2.3449692726135254
74 2.372809410095215
75 2.278752565383911
76 2.125314712524414
77 2.1203501224517822
78 2.101679801940918
79 2.084181547164917
80 2.107954740524292
81 2.2591023445129395
82 2.212310314178467
83 2.195767402648926
84 2.175370216369629
85 2.1819300651550293
86 2.125323534011841
87 2.1715288162231445
88 2.1259765625
89 2.1817467212677
90 2.1319363117218018
91 2.1778407096862793
92 2.141418933868408
93 2.1036760807037354
94 2.1928207874298096
95 2.163320302963257
96 2.087705135345459
97 1.8984506130218506
98 2.1025755405426025
99 1.9560693502426147
100 1.9627830982208252
101 1.9197460412979126
102 1.890051007270813
103 1.8144009113311768
104 1.9050201177597046
105 1.9351235628128052
106 1.920156478881836
107 1.8815553188323975
108 2.096975326538086
109 2.0756187438964844
110 2.0765271186828613
111 2.0792646408081055
112 2.099719762802124
113 1.8894143104553223
114 2.060342311859131
115 2.1638541221618652
116 2.2682812213897705
117 2.1456382274627686
118 2.1760644912719727
119 1.9316672086715698
120 2.042090892791748
121 1.9945136308670044
122 2.104382276535034
123 2.0879886150360107
124 1.981816291809082
125 2.039001941680908
126 1.9049581289291382
127 2.0575108528137207
128 1.9964590072631836
129 2.0479981899261475
130 2.159069299697876
131 2.0809314250946045
132 2.1416757106781006
133 2.158639907836914
134 2.01141357421875
135 2.0100367069244385
136 2.01766037940979
137 2.178921937942505
138 2.184359550476074
139 2.0247836112976074
140 2.0812792778015137
141 2.0210981369018555
142 2.114837884902954
143 2.0586941242218018
144 2.045086145401001
145 1.9055702686309814
146 2.039973735809326
147 1.8282372951507568
148 1.8433661460876465
149 2.0053622722625732
150 2.048489570617676
151 2.0905280113220215
152 2.0822887420654297
153 2.036015748977661
154 2.1335229873657227
155 1.9998208284378052
156 1.9434900283813477
157 1.9015529155731201
158 1.7460471391677856
159 1.8981962203979492
160 1.8649097681045532
161 1.8519755601882935
162 1.7933341264724731
163 1.7505589723587036
164 1.7893593311309814
165 1.800855278968811
166 1.8846662044525146
167 1.866227149963379
168 1.6928735971450806
169 1.7004737854003906
170 1.8500080108642578
171 1.8209972381591797
172 1.9171522855758667
173 1.7423352003097534
174 1.850506067276001
175 1.774141788482666
176 1.8646248579025269
177 1.8960515260696411
178 1.906152367591858
179 2.222576379776001
180 1.9940634965896606
181 1.9485701322555542
182 2.105135917663574
183 2.0836856365203857
184 2.1023714542388916
185 1.973183035850525
186 2.1141304969787598
187 2.022376775741577
188 2.0893373489379883
189 2.0270566940307617
190 1.8087880611419678
191 1.9941798448562622
192 1.85353422164917
193 1.7937177419662476
194 1.9304214715957642
195 2.024738073348999
196 2.0319385528564453
197 2.0769917964935303
198 2.0533907413482666
199 2.1330490112304688
200 2.239567279815674
201 2.202932596206665
202 2.217371702194214
203 2.345193386077881
204 2.095611572265625
205 2.3130674362182617
206 1.9072246551513672
207 2.108793020248413
208 2.2235817909240723
209 1.974979043006897
210 1.9578734636306763
211 2.032121419906616
212 1.8932245969772339
213 2.0313847064971924
214 2.0617568492889404
215 1.9396706819534302
216 2.1351795196533203
217 2.166466236114502
218 2.206472158432007
219 2.2587640285491943
220 2.272878885269165
221 1.9321339130401611
222 2.126509666442871
223 2.1434881687164307
224 2.050441265106201
225 2.0586602687835693
226 1.9040186405181885
227 2.0737438201904297
228 2.21382212638855
229 2.0413198471069336
230 2.044792890548706
231 2.3175156116485596
232 2.150033950805664
233 2.1586384773254395
234 2.0760014057159424
235 2.1527793407440186
236 2.0687620639801025
237 2.1928930282592773
238 2.081657648086548
239 2.3025097846984863
240 2.2127699851989746
241 2.2400925159454346
242 2.282587766647339
243 2.2248899936676025
244 2.1389052867889404
245 2.2679529190063477
246 2.203542470932007
247 2.1481308937072754
248 2.12253999710083
249 2.2731146812438965
250 2.1380159854888916
251 2.0987160205841064
252 2.122387647628784
253 2.097304582595825
254 1.9959872961044312
255 2.0288848876953125
256 1.9222420454025269
257 2.2785286903381348
258 1.9747976064682007
259 1.9787002801895142
260 2.0640499591827393
261 2.0290327072143555
262 2.3031346797943115
263 2.1433143615722656
264 1.959656000137329
265 1.908103346824646
266 2.0652146339416504
267 2.005833625793457
268 2.1654582023620605
269 2.2787322998046875
270 2.1190083026885986
271 2.1362462043762207
272 2.068896770477295
273 2.1099884510040283
274 2.042936086654663
275 2.095900774002075
276 1.850130319595337
277 1.8916431665420532
278 1.9960956573486328
279 2.0730109214782715
280 2.0083189010620117
281 1.9337202310562134
282 1.902941107749939
283 1.9265544414520264
284 1.9529414176940918
285 1.8875560760498047
286 2.143509864807129
287 2.1597445011138916
288 2.2256357669830322
289 2.0434577465057373
290 2.0568246841430664
291 2.0269360542297363
292 2.0197508335113525
293 1.9486281871795654
294 1.9377671480178833
295 2.1940290927886963
296 2.13496732711792
297 1.9598655700683594
298 2.0154097080230713
299 1.812354564666748
300 1.871842622756958
301 1.970484733581543
302 1.8561979532241821
303 1.9523378610610962
304 1.942604660987854
305 2.0107884407043457
306 2.1218461990356445
307 1.9416998624801636
308 2.0531375408172607
309 1.860422968864441
310 1.9543483257293701
311 2.0578277111053467
312 2.199247121810913
313 2.046190023422241
314 1.8786648511886597
315 2.0566298961639404
316 2.0000100135803223
317 2.002596616744995
318 1.9756897687911987
319 1.9008677005767822
320 1.9866397380828857
321 2.114802360534668
322 2.0260848999023438
323 2.1593003273010254
324 2.1669771671295166
325 1.9517076015472412
326 2.0405404567718506
327 2.434494733810425
328 2.3123178482055664
329 2.2895069122314453
330 2.338087797164917
331 2.4337849617004395
332 2.432023525238037
333 2.5051090717315674
334 2.4436376094818115
335 2.2039577960968018
336 2.1776933670043945
337 2.1808104515075684
338 2.2818984985351562
339 2.377732515335083
340 2.45084810256958
341 2.3840250968933105
342 2.570178270339966
343 2.2242050170898438
344 2.2963104248046875
345 2.4803805351257324
346 2.5355355739593506
347 2.445685386657715
348 2.2041141986846924
349 2.3979716300964355
350 2.116915464401245
351 2.27255916595459
352 2.161273956298828
353 2.1548447608947754
354 2.3410654067993164
355 2.1879687309265137
356 2.2357678413391113
357 2.207078695297241
358 2.1566569805145264
359 2.1469521522521973
360 2.1399154663085938
361 2.2077620029449463
362 2.14206862449646
363 2.244568347930908
364 2.1221415996551514
365 2.088864803314209
366 1.9927870035171509
367 1.987343430519104
368 2.033511161804199
369 2.1549415588378906
370 2.425147771835327
371 2.1866414546966553
372 2.261077880859375
373 2.2969980239868164
374 2.3684945106506348
375 2.1953206062316895
376 2.0727083683013916
377 2.1268110275268555
378 2.237058401107788
379 2.2232630252838135
380 2.1628334522247314
381 2.1898443698883057
382 2.0171172618865967
383 1.9807542562484741
384 2.1678619384765625
385 2.1529762744903564
386 2.1053576469421387
387 2.2369682788848877
388 2.1303293704986572
389 2.1216094493865967
390 2.187039852142334
391 2.222010374069214
392 2.371523380279541
393 2.21277117729187
394 2.109132766723633
395 2.2268688678741455
396 2.066615343093872
397 2.109273672103882
398 2.1591103076934814
399 2.239107847213745
400 1.9660049676895142
401 2.1198902130126953
402 2.0045580863952637
403 2.23952054977417
404 2.090941905975342
405 2.2067582607269287
406 2.2989540100097656
407 2.398082733154297
408 2.1704630851745605
409 2.1001944541931152
410 2.126410722732544
411 2.068251848220825
412 2.151233196258545
413 2.162675142288208
414 2.137153148651123
415 2.2175357341766357
416 2.173605442047119
417 2.061676025390625
418 2.1880273818969727
419 2.1990561485290527
420 2.219071865081787
421 2.1174213886260986
422 2.1448814868927
423 2.186988353729248
424 2.139411211013794
425 2.3011302947998047
426 2.2524776458740234
427 2.1243579387664795
428 2.249340534210205
429 2.1950812339782715
430 2.2058393955230713
431 2.1865243911743164
432 2.2945008277893066
433 2.4534027576446533
434 2.251498222351074
435 2.3485093116760254
436 2.286862373352051
437 2.369014024734497
438 2.385040283203125
439 2.4480443000793457
440 2.4407432079315186
441 2.358849287033081
442 2.3247103691101074
443 2.3716328144073486
444 2.3233091831207275
445 2.380930185317993
446 2.326622724533081
447 2.193122386932373
448 2.274264097213745
449 2.2518808841705322
450 2.319570541381836
451 2.1830780506134033
452 2.198423147201538
453 2.3196165561676025
454 2.321078300476074
455 2.149341583251953
456 2.2385826110839844
457 2.1655282974243164
458 2.355421304702759
459 2.1458420753479004
460 2.289155960083008
461 2.0812485218048096
462 2.126400947570801
463 2.267875909805298
464 2.215463399887085
465 2.210613965988159
466 2.2678682804107666
467 2.1913902759552
468 2.285452365875244
469 2.3316118717193604
470 2.1627120971679688
471 2.1573212146759033
472 2.238699436187744
473 2.1749355792999268
474 2.2521371841430664
475 2.0385406017303467
476 2.1828951835632324
477 1.9948126077651978
478 2.2319746017456055
479 2.1624255180358887
480 2.280393362045288
481 2.2224459648132324
482 2.2258951663970947
483 2.194474697113037
484 1.8915926218032837
485 1.8624136447906494
486 1.9830023050308228
487 2.177900791168213
488 2.002448558807373
489 2.144475221633911
490 2.011179208755493
491 2.1449272632598877
492 2.2354774475097656
493 2.0423452854156494
494 2.199227809906006
495 2.186215877532959
496 2.092606544494629
497 2.0956900119781494
498 2.1588945388793945
499 2.0594475269317627
500 2.0387535095214844
501 2.139993190765381
502 2.200273275375366
503 2.3019278049468994
504 2.207716464996338
505 2.508774757385254
506 2.3762879371643066
507 2.2472777366638184
508 2.4076123237609863
509 2.2111544609069824
510 2.283196210861206
511 2.210481643676758
512 2.307363510131836
513 2.0860283374786377
514 2.149996042251587
515 2.2484962940216064
516 2.2503066062927246
517 2.316377639770508
518 2.192873954772949
519 2.0281853675842285
520 2.1745452880859375
521 2.022376775741577
522 2.147947072982788
523 2.243466377258301
524 2.2102160453796387
525 2.056077241897583
526 2.2261221408843994
527 2.3715622425079346
528 2.0919764041900635
529 2.1392526626586914
530 2.207047700881958
531 2.11561918258667
532 2.2519636154174805
533 2.445955514907837
534 2.2302117347717285
535 2.2839548587799072
536 2.375962734222412
537 2.3325555324554443
538 2.4087891578674316
539 2.2339253425598145
540 2.3661575317382812
541 2.2641050815582275
542 2.183443069458008
543 2.394963264465332
544 2.2012674808502197
545 2.205132246017456
546 2.4197497367858887
547 2.38004994392395
548 2.181309700012207
549 2.265287399291992
550 2.4809317588806152
551 2.310178756713867
552 2.3538105487823486
553 2.395320415496826
554 2.400177478790283
555 2.4307448863983154
556 2.3485703468322754
557 2.4298970699310303
558 2.327305316925049
559 2.2780978679656982
560 2.4003446102142334
561 2.481811761856079
562 2.2749617099761963
563 2.4674346446990967
564 2.365811824798584
565 2.3501932621002197
566 2.479431629180908
567 2.4231953620910645
568 2.320697784423828
569 2.4232938289642334
570 2.309007167816162
571 2.4779624938964844
572 2.4957878589630127
573 2.4644668102264404
574 2.3844246864318848
575 2.4055848121643066
576 2.2476861476898193
577 2.37608003616333
578 2.462094783782959
579 2.264082193374634
580 2.312283515930176
581 2.2494449615478516
582 2.3434486389160156
583 2.310065507888794
584 2.369813919067383
585 2.284181833267212
586 2.322463274002075
587 2.3596322536468506
588 2.401813268661499
589 2.178546667098999
590 2.0457496643066406
591 2.3279783725738525
592 2.2518718242645264
593 2.224555730819702
594 2.417853355407715
595 2.1925432682037354
596 2.328402042388916
597 2.308645248413086
598 2.305556535720825
599 2.2714385986328125
600 2.236384630203247
601 2.2804834842681885
602 2.3736190795898438
603 1.9531633853912354
604 2.0564277172088623
605 2.0915603637695312
606 2.2065341472625732
607 2.0258002281188965
608 2.280097484588623
609 2.129991292953491
610 2.1928091049194336
611 1.9455219507217407
612 1.9885914325714111
613 1.973353624343872
614 1.9391015768051147
615 2.1511662006378174
616 2.2096941471099854
617 2.380236864089966
618 2.2513034343719482
619 2.125068187713623
620 2.2547359466552734
621 2.247150421142578
622 2.3127808570861816
623 2.2027928829193115
624 1.9828510284423828
625 1.9675486087799072
626 2.1295840740203857
627 2.050445318222046
628 2.279979944229126
629 2.0850024223327637
630 2.277135133743286
631 2.092616081237793
632 2.189570188522339
633 1.9510252475738525
634 2.405853033065796
635 2.2970521450042725
636 2.2076175212860107
637 2.3421900272369385
638 2.2633824348449707
639 2.323693037033081
640 2.3610951900482178
641 2.2066268920898438
642 2.2183923721313477
643 2.2721965312957764
644 2.2415802478790283
645 2.380235195159912
646 2.2241358757019043
647 2.2615277767181396
648 2.5744376182556152
649 2.3457939624786377
650 2.386320114135742
651 2.3573787212371826
652 2.5592899322509766
653 2.372745990753174
654 2.330944538116455
655 2.2270219326019287
656 2.4308016300201416
657 2.220648765563965
658 2.2117505073547363
659 2.328395366668701
660 2.3233468532562256
661 2.2004234790802
662 2.2063205242156982
663 2.267549991607666
664 2.31970477104187
665 2.219708204269409
666 2.2400035858154297
667 2.4480292797088623
668 2.208475112915039
669 2.2608306407928467
670 2.31762433052063
671 2.4626405239105225
672 2.34403920173645
673 2.3541808128356934
674 2.2205159664154053
675 2.1256539821624756
676 2.2770583629608154
677 2.1419665813446045
678 2.2629477977752686
679 2.3618438243865967
680 2.431448221206665
681 2.230975866317749
682 2.264265775680542
683 2.2544193267822266
684 2.3229799270629883
685 2.237673759460449
686 2.279435873031616
687 2.157752752304077
688 2.24861216545105
689 2.128465414047241
690 2.3000717163085938
691 2.074648141860962
692 2.2479963302612305
693 2.286994695663452
694 2.232753276824951
695 2.3528754711151123
696 2.2130849361419678
697 2.3336703777313232
698 2.5971837043762207
699 2.547333002090454
700 2.432279109954834
701 2.3909199237823486
702 2.2440907955169678
703 2.2056069374084473
704 2.4216573238372803
705 2.1949193477630615
706 2.274827003479004
707 2.1618411540985107
708 2.038017749786377
709 2.340057849884033
710 2.190211296081543
711 2.3094804286956787
712 2.513805627822876
713 2.3441429138183594
714 2.2262942790985107
715 2.2894978523254395
716 2.3487236499786377
717 2.210314989089966
718 2.3914005756378174
719 2.188124895095825
720 2.2301383018493652
721 2.1331422328948975
722 2.308208703994751
723 2.033763885498047
724 2.174849271774292
725 2.093553304672241
726 2.0324313640594482
727 2.066197395324707
728 2.131575107574463
729 2.2149569988250732
730 1.9647213220596313
731 2.0365614891052246
732 2.1217594146728516
733 2.110758066177368
734 2.030252695083618
735 2.4303781986236572
736 2.3417627811431885
737 2.0689573287963867
738 2.174164295196533
739 2.0868117809295654
740 2.1094486713409424
741 2.2116639614105225
742 2.180685043334961
743 2.263178586959839
744 2.351282835006714
745 2.386730194091797
746 2.2883219718933105
747 2.0711612701416016
748 2.1761889457702637
749 2.083010673522949
750 2.107257127761841
751 2.020517110824585
752 2.143890380859375
753 2.190593957901001
754 1.9659165143966675
755 2.170802354812622
756 2.1898398399353027
757 2.09122633934021
758 2.166619062423706
759 2.088827610015869
760 2.145388126373291
761 2.199923276901245
762 2.0384716987609863
763 2.2769479751586914
764 2.1066677570343018
765 2.1171364784240723
766 2.0046279430389404
767 2.029311418533325
768 1.9563214778900146
769 2.0503952503204346
770 1.9647139310836792
771 2.0751094818115234
772 2.186213970184326
773 2.077106475830078
774 2.1218247413635254
775 2.017568588256836
776 1.9860576391220093
777 2.169448137283325
778 2.147645950317383
779 2.0993261337280273
780 2.108901262283325
781 1.9873613119125366
782 2.167956829071045
783 2.0401854515075684
784 1.998670220375061
785 1.9083112478256226
786 2.122678518295288
787 2.0721001625061035
788 2.1106507778167725
789 2.325223922729492
790 2.204409122467041
791 2.2346439361572266
792 2.130486249923706
793 2.127589702606201
794 2.0793371200561523
795 1.9839229583740234
796 2.223304271697998
797 1.9996765851974487
798 1.986647367477417
799 2.114198684692383
800 2.0338869094848633
801 1.866650104522705
802 2.007450580596924
803 1.9713125228881836
804 1.9861263036727905
805 2.003025531768799
806 2.205141544342041
807 2.153064012527466
808 1.926544427871704
809 2.0086302757263184
810 1.8944575786590576
811 1.8759419918060303
812 1.9496891498565674
813 2.022974967956543
814 1.93451726436615
815 2.14840030670166
816 1.9931061267852783
817 1.9455004930496216
818 2.116487503051758
819 2.144444227218628
820 2.1440231800079346
821 1.9000048637390137
822 2.163289785385132
823 2.0078513622283936
824 2.0420734882354736
825 2.1195242404937744
826 1.882222056388855
827 1.8025566339492798
828 1.8188310861587524
829 1.7962541580200195
830 2.02549409866333
831 1.8616740703582764
832 1.8530410528182983
833 1.873194932937622
834 2.0541443824768066
835 1.9450684785842896
836 1.8219202756881714
837 1.720504879951477
838 1.9087707996368408
839 2.1381301879882812
840 1.9482721090316772
841 1.9741119146347046
842 1.8731622695922852
843 1.8813092708587646
844 2.018508195877075
845 1.788591742515564
846 1.7669105529785156
847 2.0681967735290527
848 1.8555045127868652
849 1.96085524559021
850 1.806665301322937
851 1.9792146682739258
852 1.8889796733856201
853 1.8543884754180908
854 1.9321707487106323
855 1.8404557704925537
856 1.7022912502288818
857 1.6797969341278076
858 1.9518227577209473
859 1.7211588621139526
860 1.7383157014846802
861 1.7992708683013916
862 1.7025052309036255
863 1.7415388822555542
864 1.6752861738204956
865 1.8629348278045654
866 1.8427680730819702
867 1.7139259576797485
868 1.9555916786193848
869 1.8829337358474731
870 1.9180362224578857
871 1.7805461883544922
872 1.7178791761398315
873 1.8527801036834717
874 1.7058815956115723
875 1.8811653852462769
876 1.8601441383361816
877 1.7433627843856812
878 2.0185723304748535
879 1.6580836772918701
880 1.9875538349151611
881 1.7899001836776733
882 1.851667881011963
883 1.9815675020217896
884 1.939620018005371
885 1.9318145513534546
886 1.8159422874450684
887 1.7991021871566772
888 1.7925087213516235
889 1.7959098815917969
890 1.9224108457565308
891 1.8117985725402832
892 1.9023234844207764
893 1.7863448858261108
894 2.0297157764434814
895 1.8799355030059814
896 1.7137857675552368
897 1.6932411193847656
898 1.7073696851730347
899 1.760769009590149
900 1.8203948736190796
901 1.7465875148773193
902 1.8575578927993774
903 1.7505669593811035
904 1.6976444721221924
905 1.8864141702651978
906 1.6644415855407715
907 1.7099753618240356
908 1.69111168384552
909 1.7863383293151855
910 1.8419218063354492
911 1.6322638988494873
912 1.888217568397522
913 1.5650029182434082
914 1.927964448928833
915 1.9518133401870728
916 1.6786068677902222
917 1.8130418062210083
918 1.7995331287384033
919 1.6945151090621948
920 1.9786677360534668
921 1.857790470123291
922 1.7947688102722168
923 1.6175713539123535
924 1.661666989326477
925 1.859468698501587
926 1.7703702449798584
927 1.789682149887085
928 1.8244096040725708
929 1.8184375762939453
930 1.7234539985656738
931 1.9139171838760376
932 1.8007153272628784
933 1.7920454740524292
934 1.8725736141204834
935 1.7359925508499146
936 1.6916157007217407
937 1.7854944467544556
938 1.6945760250091553
939 1.815671443939209
940 1.7513093948364258
941 1.7716045379638672
942 1.8171541690826416
943 1.8022947311401367
944 1.9300051927566528
945 1.6706510782241821
946 1.741898536682129
947 1.644974708557129
948 1.6234625577926636
949 1.6180236339569092
950 1.6539814472198486
951 1.7237873077392578
952 1.8625470399856567
953 1.6892497539520264
954 1.7355858087539673
955 1.6768261194229126
956 1.5454771518707275
957 1.6536035537719727
958 1.652917504310608
959 1.8008815050125122
960 1.8213342428207397
961 1.6555606126785278
962 1.8995193243026733
963 1.871795654296875
964 1.8823442459106445
965 1.8228734731674194
966 1.8477840423583984
967 1.7788020372390747
968 1.9818845987319946
969 1.9294308423995972
970 1.5938383340835571
971 1.7125157117843628
972 1.5348540544509888
973 1.7534936666488647
974 1.558668851852417
975 1.7056353092193604
976 1.762562870979309
977 1.646715521812439
978 1.8298518657684326
979 1.8131027221679688
980 1.7587279081344604
981 1.799212098121643
982 1.7727628946304321
983 1.8231966495513916
984 1.8045934438705444
985 1.6387628316879272
986 1.828147530555725
987 1.713958978652954
988 1.738438367843628
989 1.7100846767425537
990 1.7507349252700806
991 1.7991070747375488
992 1.6708437204360962
993 1.8963719606399536
994 1.7987709045410156
995 1.7341176271438599
996 1.7665599584579468
997 1.7308088541030884
998 1.8634543418884277
999 1.8075333833694458
1000 1.917429804801941
1001 1.8269712924957275
1002 2.00469970703125
1003 1.6220964193344116
1004 1.725145936012268
1005 1.7509081363677979
1006 1.8703868389129639
1007 1.7378320693969727
1008 1.7668886184692383
1009 1.8782345056533813
1010 1.8903276920318604
1011 1.7293256521224976
1012 1.901751160621643
1013 1.771207571029663
1014 1.8686282634735107
1015 1.8699350357055664
1016 1.8354740142822266
1017 1.8962032794952393
1018 1.536920189857483
1019 1.7108981609344482
1020 1.8799635171890259
1021 1.8762542009353638
1022 1.8311735391616821
1023 1.545249581336975
1024 1.9573675394058228
1025 1.5875616073608398
1026 1.643669843673706
1027 1.6220650672912598
1028 1.5761263370513916
1029 1.7521144151687622
1030 2.039186954498291
1031 1.6681609153747559
1032 1.9283756017684937
1033 1.7047834396362305
1034 1.8458123207092285
1035 1.6219561100006104
1036 1.8087551593780518
1037 1.7597813606262207
1038 1.8508743047714233
1039 1.546042799949646
1040 1.5829299688339233
1041 1.7171618938446045
1042 1.7099833488464355
1043 1.743058681488037
1044 1.6354846954345703
1045 1.7643769979476929
1046 1.8457140922546387
1047 1.592138409614563
1048 1.7230298519134521
1049 1.516615629196167
1050 1.6117032766342163
1051 1.678897738456726
1052 1.6495102643966675
1053 1.7769558429718018
1054 1.5313336849212646
1055 1.558915376663208
1056 1.6567641496658325
1057 1.5865871906280518
1058 1.4626011848449707
1059 1.4774670600891113
1060 1.4647375345230103
1061 1.7113269567489624
1062 1.5986437797546387
1063 1.7266005277633667
1064 1.645501732826233
1065 1.7329761981964111
1066 1.7462663650512695
1067 1.842713713645935
1068 1.5720106363296509
1069 1.5944139957427979
1070 1.5337523221969604
1071 1.6152501106262207
1072 1.6575111150741577
1073 2.0002784729003906
1074 2.006028652191162
1075 1.8542320728302002
1076 2.1929335594177246
1077 1.8773343563079834
1078 1.8286361694335938
1079 1.4727455377578735
1080 1.7260476350784302
1081 1.5961581468582153
1082 1.5405501127243042
1083 1.513414740562439
1084 1.6266101598739624
1085 1.5992897748947144
1086 1.6593791246414185
1087 1.69790518283844
1088 1.7629841566085815
1089 1.8774664402008057
1090 1.5809959173202515
1091 1.5113413333892822
1092 1.7706210613250732
1093 1.6880532503128052
1094 1.7375391721725464
1095 1.9596378803253174
1096 1.790095567703247
1097 1.540809988975525
1098 1.7940787076950073
1099 1.8355470895767212
1100 1.8413944244384766
1101 1.8582305908203125
1102 1.6931829452514648
1103 1.8143025636672974
1104 1.766510248184204
1105 2.125211715698242
1106 2.034810781478882
1107 1.9548494815826416
1108 1.794458270072937
1109 1.7041471004486084
1110 2.011013984680176
1111 2.0063016414642334
1112 1.783699870109558
1113 1.7867149114608765
1114 1.8488126993179321
1115 1.8267332315444946
1116 2.10083270072937
1117 1.7811121940612793
1118 1.744542121887207
1119 1.8185611963272095
1120 2.007261276245117
1121 1.6124244928359985
1122 1.8259974718093872
1123 1.960174560546875
1124 1.7241082191467285
1125 1.6206183433532715
1126 1.7370150089263916
1127 1.6222496032714844
1128 1.8814818859100342
1129 1.6747997999191284
1130 1.585019826889038
1131 1.7729984521865845
1132 1.9063724279403687
1133 1.7157593965530396
1134 1.7893702983856201
1135 1.6650716066360474
1136 1.963114857673645
1137 1.763311743736267
1138 1.9345570802688599
1139 1.7449126243591309
1140 1.5486003160476685
1141 1.7341692447662354
1142 1.7100051641464233
1143 1.667008399963379
1144 1.9364650249481201
1145 1.616463541984558
1146 1.6030457019805908
1147 1.463090181350708
1148 1.5033293962478638
1149 1.477707028388977
1150 1.6518112421035767
1151 1.5743743181228638
1152 1.559668779373169
1153 1.6239056587219238
1154 2.065023899078369
1155 1.7189521789550781
1156 1.7054632902145386
1157 1.5327928066253662
1158 1.9374312162399292
1159 1.6918495893478394
1160 1.6067521572113037
1161 1.7182176113128662
1162 1.7965108156204224
1163 1.8606797456741333
1164 1.799684762954712
1165 1.633233666419983
1166 1.6905205249786377
1167 1.5939282178878784
1168 1.7156503200531006
1169 1.9048447608947754
1170 1.8738510608673096
1171 1.6031755208969116
1172 1.8640978336334229
1173 1.7562506198883057
1174 1.7329504489898682
1175 1.7401673793792725
1176 1.7088147401809692
1177 1.8853377103805542
1178 1.7856439352035522
1179 1.8322681188583374
1180 1.7150390148162842
1181 1.4606431722640991
1182 1.7489036321640015
1183 1.8974735736846924
1184 1.5780518054962158
1185 1.635698676109314
1186 1.6745588779449463
1187 1.7338672876358032
1188 1.8491772413253784
1189 1.956432580947876
1190 1.6684013605117798
1191 2.04355788230896
1192 1.7958110570907593
1193 2.080610513687134
1194 1.6363102197647095
1195 1.609714150428772
1196 1.7458361387252808
1197 1.6377075910568237
1198 1.9315884113311768
1199 1.7217515707015991
1200 1.6310583353042603
1201 1.7403498888015747
1202 1.3956141471862793
1203 1.4209779500961304
1204 1.6336987018585205
1205 1.8441119194030762
1206 1.6881704330444336
1207 1.7258661985397339
1208 1.7376447916030884
1209 1.9031668901443481
1210 1.8037004470825195
1211 1.928876280784607
1212 1.6566704511642456
1213 1.862830400466919
1214 1.792941927909851
1215 1.7424591779708862
1216 1.7819653749465942
1217 1.9523462057113647
1218 1.7986044883728027
1219 1.855892539024353
1220 1.6808689832687378
1221 1.918958067893982
1222 1.8075729608535767
1223 1.8462650775909424
1224 1.7231571674346924
1225 1.9007374048233032
1226 1.6927613019943237
1227 1.5750672817230225
1228 1.645176649093628
1229 1.8095134496688843
1230 1.6664643287658691
1231 1.8404934406280518
1232 1.5157958269119263
1233 1.5652176141738892
1234 1.6092678308486938
1235 1.5504028797149658
1236 1.601562261581421
1237 1.6053822040557861
1238 1.6468064785003662
1239 1.784926414489746
1240 1.5971349477767944
1241 1.6678189039230347
1242 1.6537092924118042
1243 1.6223962306976318
1244 1.6546887159347534
1245 1.8167335987091064
1246 1.624894142150879
1247 1.7976233959197998
1248 1.6019599437713623
1249 1.547959804534912
1250 1.569359302520752
1251 1.607723355293274
1252 1.676210641860962
1253 1.6531507968902588
1254 1.6645598411560059
1255 1.6489448547363281
1256 1.8791639804840088
1257 1.559982419013977
1258 1.5289058685302734
1259 1.7046815156936646
1260 1.83292818069458
1261 1.5518003702163696
1262 2.1242480278015137
1263 1.8515681028366089
1264 1.772699236869812
1265 1.777020812034607
1266 1.6981284618377686
1267 1.8268637657165527
1268 1.7484235763549805
1269 1.8550297021865845
1270 1.5545644760131836
1271 1.546932578086853
1272 1.628298044204712
1273 1.5655122995376587
1274 1.7226554155349731
1275 1.673933982849121
1276 1.7702993154525757
1277 1.8124407529830933
1278 2.0407745838165283
1279 1.803068995475769
1280 1.7532408237457275
1281 1.85631263256073
1282 1.8066641092300415
1283 1.7766072750091553
1284 1.6819924116134644
1285 1.931261658668518
1286 1.826206922531128
1287 1.6893647909164429
1288 1.655297040939331
1289 1.8510701656341553
1290 1.6365989446640015
1291 1.5576730966567993
1292 1.7215079069137573
1293 1.6617488861083984
1294 1.9744958877563477
1295 1.7075921297073364
1296 1.860422134399414
1297 1.7671672105789185
1298 1.6665010452270508
1299 1.6450177431106567
1300 1.7950340509414673
1301 1.7269742488861084
1302 1.574324607849121
1303 1.8303440809249878
1304 1.4993284940719604
1305 1.6334792375564575
1306 1.5420517921447754
1307 1.6776165962219238
1308 1.6255826950073242
1309 1.7355363368988037
1310 1.6939048767089844
1311 1.659886121749878
1312 1.4520797729492188
1313 1.6631968021392822
1314 1.6730329990386963
1315 1.502769112586975
1316 1.7219618558883667
1317 1.6959028244018555
1318 1.5108659267425537
1319 1.8440077304840088
1320 1.4620095491409302
1321 1.6624647378921509
1322 1.774886131286621
1323 1.8376615047454834
1324 1.8871450424194336
1325 2.036860704421997
1326 1.7366539239883423
1327 1.8653292655944824
1328 1.9567592144012451
1329 1.8736152648925781
1330 2.0607004165649414
1331 1.718904733657837
1332 1.7694612741470337
1333 1.8289117813110352
1334 1.7584162950515747
1335 1.900034785270691
1336 1.973678708076477
1337 1.9004275798797607
1338 2.3210549354553223
1339 1.9867016077041626
1340 1.907752513885498
1341 1.8101508617401123
1342 1.6737772226333618
1343 1.5853115320205688
1344 1.5306525230407715
1345 1.4627078771591187
1346 1.3887650966644287
1347 1.47404944896698
1348 1.6938084363937378
1349 1.5712658166885376
1350 1.4345264434814453
1351 1.7247916460037231
1352 1.9036765098571777
1353 1.4612371921539307
1354 1.9416813850402832
1355 2.102036952972412
1356 2.102750062942505
1357 1.9387273788452148
1358 1.8438374996185303
1359 1.7090128660202026
1360 1.5987151861190796
1361 1.5243207216262817
1362 1.5629570484161377
1363 1.6899826526641846
1364 1.4518266916275024
1365 1.4797894954681396
1366 1.6357401609420776
1367 1.6027629375457764
1368 1.511696696281433
1369 1.7072468996047974
1370 1.836742877960205
1371 1.5435172319412231
1372 1.7608603239059448
1373 1.9221227169036865
1374 1.409371018409729
1375 1.402363896369934
1376 1.514451503753662
1377 1.7958152294158936
1378 1.8135052919387817
1379 1.8863869905471802
1380 1.3958454132080078
1381 1.7868199348449707
1382 1.4218394756317139
1383 1.4337315559387207
1384 1.2997573614120483
1385 1.358315110206604
1386 1.250862717628479
1387 1.3055901527404785
1388 1.307847023010254
1389 1.1342695951461792
1390 1.1006189584732056
1391 1.3049991130828857
1392 1.4029996395111084
1393 1.5489027500152588
1394 1.212730884552002
1395 1.3000059127807617
1396 1.2474710941314697
1397 1.2975960969924927
1398 1.382326364517212
1399 1.4934864044189453
1400 1.3605166673660278
1401 1.091440200805664
1402 1.2509734630584717
1403 1.3585418462753296
1404 1.1175563335418701
1405 1.1536115407943726
1406 1.2581156492233276
1407 1.1460387706756592
1408 1.096557378768921
1409 1.004449725151062
1410 0.9492168426513672
1411 1.0264239311218262
1412 1.1520750522613525
1413 1.4817149639129639
1414 1.4037635326385498
1415 1.3114391565322876
1416 1.0657813549041748
1417 1.2342458963394165
1418 1.215631365776062
1419 1.186309576034546
1420 1.2196555137634277
1421 1.2183994054794312
1422 1.1920450925827026
1423 1.304422378540039
1424 1.3145816326141357
1425 1.3874541521072388
1426 1.1819186210632324
1427 1.2628347873687744
1428 1.4102742671966553
1429 1.2486847639083862
1430 1.2084673643112183
1431 1.3735449314117432
1432 1.3892215490341187
1433 1.480894923210144
1434 1.4832223653793335
1435 1.5137168169021606
1436 1.274594783782959
1437 1.3498318195343018
1438 1.2774269580841064
1439 1.3505995273590088
1440 1.3305754661560059
1441 1.5305819511413574
1442 1.3790509700775146
1443 1.4487504959106445
1444 1.1467351913452148
1445 1.3887237310409546
1446 1.2567741870880127
1447 1.1188006401062012
1448 1.1369792222976685
1449 1.2670023441314697
1450 1.3238435983657837
1451 1.2990844249725342
1452 1.2644346952438354
1453 1.3820949792861938
1454 1.4017423391342163
1455 1.3896818161010742
1456 1.2597421407699585
1457 1.2372877597808838
1458 1.28760826587677
1459 1.1283748149871826
1460 1.0426274538040161
1461 0.9806389212608337
1462 1.0742396116256714
1463 1.1174662113189697
1464 0.9910305142402649
1465 1.0193755626678467
1466 1.2834270000457764
1467 1.300408959388733
1468 1.2006551027297974
1469 1.2543727159500122
1470 1.3207879066467285
1471 1.2613886594772339
1472 1.2504184246063232
1473 1.3080662488937378
1474 1.3142414093017578
1475 1.1910203695297241
1476 1.3213711977005005
1477 1.1964755058288574
1478 1.295486569404602
1479 1.3872852325439453
1480 1.1953474283218384
1481 1.0579485893249512
1482 1.1147245168685913
1483 1.6422492265701294
1484 1.2997499704360962
1485 1.2734463214874268
1486 1.1543395519256592
1487 1.2705610990524292
1488 1.2216695547103882
1489 1.1532522439956665
1490 1.1918622255325317
1491 1.2972372770309448
1492 1.1263649463653564
1493 1.249558687210083
1494 1.362381100654602
1495 1.156185269355774
1496 1.084494948387146
1497 1.1318976879119873
1498 1.4683350324630737
1499 1.4828723669052124
1500 1.2884716987609863
1501 1.28765869140625
1502 1.2242968082427979
1503 1.1403805017471313
1504 1.5457268953323364
1505 1.3881210088729858
1506 1.2933310270309448
1507 1.128936529159546
1508 1.021682620048523
1509 1.08837890625
1510 1.160444974899292
1511 1.0663357973098755
1512 1.0021746158599854
1513 1.1494518518447876
1514 1.0532629489898682
1515 1.0244044065475464
1516 1.1745879650115967
1517 1.1770789623260498
1518 1.0787395238876343
1519 1.1817063093185425
1520 1.056618571281433
1521 1.0675086975097656
1522 1.1989367008209229
1523 1.1347600221633911
1524 1.2445701360702515
1525 1.1291017532348633
1526 1.1626068353652954
1527 1.2456023693084717
1528 1.3965891599655151
1529 1.2477761507034302
1530 1.4090240001678467
1531 1.3526923656463623
1532 1.2004152536392212
1533 1.2908837795257568
1534 1.1780775785446167
1535 1.1013286113739014
1536 1.0747990608215332
1537 1.254804015159607
1538 1.2876477241516113
1539 1.0487425327301025
1540 1.1762974262237549
1541 1.200620412826538
1542 1.3377312421798706
1543 1.0797343254089355
1544 1.3277908563613892
1545 1.4711799621582031
1546 1.3240996599197388
1547 0.8921252489089966
1548 1.171116828918457
1549 1.1975232362747192
1550 1.2273086309432983
1551 1.2371855974197388
1552 1.2268922328948975
1553 1.1563769578933716
1554 1.0760952234268188
1555 0.9848099946975708
1556 1.030248999595642
1557 1.0604350566864014
1558 1.1978707313537598
1559 0.9710686206817627
1560 1.0256385803222656
1561 1.037858247756958
1562 0.9874432682991028
1563 1.2032252550125122
1564 1.084476113319397
1565 0.9226043224334717
1566 1.2162322998046875
1567 0.9356686472892761
1568 1.0204088687896729
1569 0.9696436524391174
1570 1.2120226621627808
1571 1.2492278814315796
1572 1.0421075820922852
1573 1.0972652435302734
1574 1.2661513090133667
1575 1.154608130455017
1576 1.1524109840393066
1577 1.1574962139129639
1578 1.087121605873108
1579 1.0372716188430786
1580 1.0746146440505981
1581 1.1425435543060303
1582 1.1204243898391724
1583 1.0645009279251099
1584 1.0788301229476929
1585 1.00246000289917
1586 1.4649392366409302
1587 0.9848165512084961
1588 1.010547399520874
1589 1.403522253036499
1590 1.091896891593933
1591 1.1129815578460693
1592 1.100993275642395
1593 0.9705573320388794
1594 1.0907186269760132
1595 0.9726110696792603
1596 1.1382699012756348
1597 1.1399104595184326
1598 1.2397360801696777
1599 1.2370810508728027
1600 1.2804017066955566
1601 1.1679167747497559
1602 1.2567631006240845
1603 1.02924644947052
1604 1.0707805156707764
1605 1.1630185842514038
1606 1.0527266263961792
1607 1.204752802848816
1608 1.1809567213058472
1609 1.2406947612762451
1610 1.1989803314208984
1611 1.3584991693496704
1612 1.2707792520523071
1613 1.1596022844314575
1614 1.2725740671157837
1615 1.0604554414749146
1616 1.2411459684371948
1617 1.1142581701278687
1618 1.4071694612503052
1619 1.0895109176635742
1620 1.0824649333953857
1621 1.2539668083190918
1622 1.3326141834259033
1623 1.1545413732528687
1624 1.4131238460540771
1625 1.1500208377838135
1626 1.2536938190460205
1627 1.2321068048477173
1628 1.482672929763794
1629 1.2419980764389038
1630 1.2506242990493774
1631 1.1286526918411255
1632 1.1138309240341187
1633 1.106230616569519
1634 1.103402018547058
1635 1.1353559494018555
1636 1.2246311902999878
1637 1.0784382820129395
1638 1.0280007123947144
1639 1.0987648963928223
1640 1.2112778425216675
1641 1.2094658613204956
1642 1.2658840417861938
1643 1.211322546005249
1644 1.160184621810913
1645 1.3454092741012573
1646 1.307256817817688
1647 1.2024437189102173
1648 1.0980044603347778
1649 1.191264271736145
1650 1.1568834781646729
1651 1.212990641593933
1652 1.2334823608398438
1653 1.073037028312683
1654 1.1699599027633667
1655 1.4107376337051392
1656 1.372200608253479
1657 1.1095244884490967
1658 1.0910896062850952
1659 1.2108651399612427
1660 1.3226011991500854
1661 1.1057847738265991
1662 1.1580133438110352
1663 1.1472142934799194
1664 1.1562654972076416
1665 1.0878435373306274
1666 1.1360913515090942
1667 1.0229283571243286
1668 1.1348458528518677
1669 1.274484395980835
1670 1.1644110679626465
1671 1.1964950561523438
1672 1.2314521074295044
1673 1.3300001621246338
1674 1.1795063018798828
1675 1.0638278722763062
1676 1.1715282201766968
1677 1.1613978147506714
1678 1.0996726751327515
1679 1.0039736032485962
1680 1.1139957904815674
1681 1.1757569313049316
1682 1.209895372390747
1683 1.3039554357528687
1684 1.1227006912231445
1685 1.1634858846664429
1686 1.2877907752990723
1687 1.1248685121536255
1688 1.304404377937317
1689 1.2088371515274048
1690 1.2572952508926392
1691 1.0664973258972168
1692 1.0136069059371948
1693 1.04131281375885
1694 1.1190035343170166
1695 1.034088373184204
1696 1.3173779249191284
1697 1.2055102586746216
1698 0.9803726077079773
1699 1.0513571500778198
1700 1.2097588777542114
1701 1.074229121208191
1702 1.273796796798706
1703 1.419163703918457
1704 1.5806307792663574
1705 1.536015510559082
1706 1.2449313402175903
1707 1.0047534704208374
1708 1.3103253841400146
1709 1.0835223197937012
1710 1.353762149810791
1711 1.361698865890503
1712 1.2701549530029297
1713 1.1739702224731445
1714 0.9104394912719727
1715 1.0609582662582397
1716 1.2135348320007324
1717 1.1843641996383667
1718 1.1594918966293335
1719 1.2805591821670532
1720 1.0996664762496948
1721 1.3157739639282227
1722 1.0585615634918213
1723 1.0175728797912598
1724 0.9924470782279968
1725 1.054641842842102
1726 1.0224599838256836
1727 0.9678340554237366
1728 1.1018598079681396
1729 1.0325603485107422
1730 0.8922401070594788
1731 1.0781402587890625
1732 1.2039047479629517
1733 1.110040545463562
1734 1.1110373735427856
1735 1.187524676322937
1736 1.1412500143051147
1737 1.1681716442108154
1738 1.1365368366241455
1739 1.108672022819519
1740 1.2741626501083374
1741 1.154120922088623
1742 1.0951720476150513
1743 0.9380009174346924
1744 1.236251950263977
1745 1.029677391052246
1746 1.0311521291732788
1747 0.9644159078598022
1748 1.0124588012695312
1749 0.9522593021392822
1750 1.047550916671753
1751 1.1574854850769043
1752 1.4154163599014282
1753 1.136101245880127
1754 0.9034813046455383
1755 1.1280466318130493
1756 0.8774784207344055
1757 1.0203262567520142
1758 1.0195597410202026
1759 0.9722335338592529
1760 1.0705373287200928
1761 1.1260614395141602
1762 0.9591325521469116
1763 0.8598470687866211
1764 1.071117639541626
1765 1.0233585834503174
1766 1.0228641033172607
1767 1.1738604307174683
1768 0.8749425411224365
1769 0.9778474569320679
1770 1.1452921628952026
1771 1.0923651456832886
1772 0.9903269410133362
1773 1.0638394355773926
1774 1.1500258445739746
1775 1.0127543210983276
1776 1.0362523794174194
1777 1.0326969623565674
1778 1.020324468612671
1779 1.0996761322021484
1780 1.0875834226608276
1781 1.166076898574829
1782 1.0197759866714478
1783 1.002562403678894
1784 1.0073785781860352
1785 1.075250506401062
1786 1.3060028553009033
1787 1.432473063468933
1788 1.6510719060897827
1789 1.571022629737854
1790 1.5895336866378784
1791 1.6374008655548096
1792 1.4265729188919067
1793 1.3284227848052979
1794 1.202633023262024
1795 1.0772124528884888
1796 0.9311586618423462
1797 1.0074244737625122
1798 0.9605938196182251
1799 1.0478882789611816
1800 1.1918246746063232
1801 0.9269343614578247
1802 1.2094789743423462
1803 1.1702544689178467
1804 1.1629091501235962
1805 1.1736338138580322
1806 0.9692212343215942
1807 1.107248067855835
1808 1.0788460969924927
1809 1.052646279335022
1810 1.2000770568847656
1811 1.0239213705062866
1812 1.2038418054580688
1813 1.0395487546920776
1814 1.007665753364563
1815 0.9953239560127258
1816 1.016396403312683
1817 1.153160572052002
1818 1.2024815082550049
1819 1.0505032539367676
1820 1.165919303894043
1821 1.2930761575698853
1822 1.4019378423690796
1823 1.1896196603775024
1824 1.0234791040420532
1825 1.0170382261276245
1826 1.0616155862808228
1827 1.307948112487793
1828 1.0053253173828125
1829 0.9219567775726318
1830 0.9162788987159729
1831 0.9224697947502136
1832 0.9731617569923401
1833 0.9484171271324158
1834 0.9827147126197815
1835 1.0085532665252686
1836 1.029236078262329
1837 0.9358389973640442
1838 0.9551178812980652
1839 1.049321174621582
1840 1.0877798795700073
1841 1.006706953048706
1842 1.074099063873291
1843 0.9078634977340698
1844 1.0601801872253418
1845 1.1606361865997314
1846 0.9697741270065308
1847 1.2326911687850952
1848 1.0202292203903198
1849 1.0330538749694824
1850 1.3816503286361694
1851 1.0661444664001465
1852 0.9878636002540588
1853 0.9212091565132141
1854 0.8751944303512573
1855 0.922254204750061
1856 0.8722103238105774
1857 1.0886155366897583
1858 1.0619233846664429
1859 1.0064457654953003
1860 1.1779195070266724
1861 1.0731557607650757
1862 0.9884942173957825
1863 0.9186452031135559
1864 1.0816096067428589
1865 1.1354080438613892
1866 1.1195935010910034
1867 0.9931800365447998
1868 0.9516818523406982
1869 1.110695242881775
1870 0.9890174269676208
1871 0.8576887249946594
1872 0.8284000158309937
1873 0.9041948914527893
1874 0.9590217471122742
1875 1.0299924612045288
1876 1.396477222442627
1877 1.1550536155700684
1878 1.013918161392212
1879 0.9691965579986572
1880 0.987311065196991
1881 0.7908583283424377
1882 0.9863347411155701
1883 0.9532073140144348
1884 1.0002679824829102
1885 1.049588918685913
1886 1.1911934614181519
1887 0.9896349906921387
1888 0.891525149345398
1889 1.2620218992233276
1890 1.1890395879745483
1891 1.0184235572814941
1892 1.1915233135223389
1893 0.8277541995048523
1894 0.9632518887519836
1895 1.149076223373413
1896 1.392148733139038
1897 1.2651917934417725
1898 1.3603304624557495
1899 0.9863100051879883
1900 1.2642360925674438
1901 1.091843605041504
1902 1.1680004596710205
1903 0.9267719388008118
1904 1.014449954032898
1905 1.0888293981552124
1906 1.0066125392913818
1907 1.1365517377853394
1908 1.1412196159362793
1909 1.0349005460739136
1910 1.2191795110702515
1911 1.1681472063064575
1912 1.1650735139846802
1913 1.0044862031936646
1914 1.0453368425369263
1915 1.2359975576400757
1916 0.939694344997406
1917 0.9680641293525696
1918 1.0850104093551636
1919 1.1486166715621948
1920 1.0051803588867188
1921 0.9250002503395081
1922 1.093042254447937
1923 1.0637794733047485
1924 1.1713998317718506
1925 0.9927828311920166
1926 0.8989183306694031
1927 0.9143062233924866
1928 1.1171214580535889
1929 1.2326868772506714
1930 1.2008540630340576
1931 1.200903296470642
1932 1.428705096244812
1933 1.1914970874786377
1934 1.3548924922943115
1935 1.1311724185943604
1936 1.3770148754119873
1937 1.3194122314453125
1938 1.2182435989379883
1939 1.2482582330703735
1940 0.9267106056213379
1941 0.9738913774490356
1942 0.8322666883468628
1943 0.916304886341095
1944 0.8872305154800415
1945 0.9053648114204407
1946 1.0817068815231323
1947 0.7969404458999634
1948 1.1052354574203491
1949 1.0168285369873047
1950 0.8913003206253052
1951 0.8223259449005127
1952 0.9331060647964478
1953 0.8299072980880737
1954 0.9354048371315002
1955 0.8853424787521362
1956 0.9531987309455872
1957 0.9941871762275696
1958 1.0641940832138062
1959 0.9164519309997559
1960 0.9951935410499573
1961 1.0079994201660156
1962 1.0175362825393677
1963 1.274733543395996
1964 0.9875181317329407
1965 1.1124085187911987
1966 1.0500669479370117
1967 1.1578423976898193
1968 1.1439725160598755
1969 1.0607737302780151
1970 1.171565055847168
1971 1.1470766067504883
1972 0.8473212122917175
1973 0.9462189674377441
1974 0.8846766948699951
1975 0.9411098957061768
1976 0.9762448668479919
1977 0.8954647779464722
1978 1.0943859815597534
1979 0.7960804104804993
1980 0.9168902635574341
1981 1.0028998851776123
1982 0.6763670444488525
1983 0.8624734878540039
1984 0.9392178058624268
1985 1.0210726261138916
1986 1.058058500289917
1987 0.7817323207855225
1988 0.926747739315033
1989 0.9997868537902832
1990 0.933902382850647
1991 1.129375696182251
1992 0.7632967233657837
1993 0.9376219511032104
1994 0.9262100458145142
1995 0.7624512910842896
1996 1.019293189048767
1997 0.9067631959915161
1998 0.972874104976654
1999 0.9377887845039368
2000 0.8647682070732117
2001 0.8002433180809021
2002 0.7285759449005127
2003 1.0192631483078003
2004 0.8199001550674438
2005 0.893821656703949
2006 0.7920413017272949
2007 1.0052731037139893
2008 0.8698049783706665
2009 1.2044994831085205
2010 1.0052191019058228
2011 0.9414900541305542
2012 0.9295859932899475
2013 1.0616803169250488
2014 0.9831659197807312
2015 0.8745737075805664
2016 0.9740133881568909
2017 0.7407353520393372
2018 0.7904502153396606
2019 0.9086068272590637
2020 0.8931745290756226
2021 0.7169367074966431
2022 0.8176520466804504
2023 0.9836169481277466
2024 0.7884364128112793
2025 0.8240887522697449
2026 0.9169843792915344
2027 0.7098345160484314
2028 0.8178024888038635
2029 0.9798967242240906
2030 0.8600687980651855
2031 0.7703931927680969
2032 0.8543801307678223
2033 0.7427071928977966
2034 0.7074012756347656
2035 0.8552135229110718
2036 0.8440174460411072
2037 0.8692331910133362
2038 0.7109476923942566
2039 0.7353313565254211
2040 0.7808013558387756
2041 0.7641639709472656
2042 0.8824061155319214
2043 0.9260029792785645
2044 0.8368619084358215
2045 1.0665271282196045
2046 0.9018649458885193
2047 0.8984667062759399
2048 1.056921362876892
2049 1.0596401691436768
2050 1.1545037031173706
2051 1.118493676185608
2052 0.7822629809379578
2053 0.9216375946998596
2054 0.9347894787788391
2055 0.8127242922782898
2056 1.129335641860962
2057 1.2028000354766846
2058 1.1854506731033325
2059 0.8959087133407593
2060 0.9748339056968689
2061 1.1271475553512573
2062 0.9970871210098267
2063 1.135218620300293
2064 0.8820188641548157
2065 1.0555598735809326
2066 0.9494010210037231
2067 1.1004793643951416
2068 1.0733256340026855
2069 1.0891568660736084
2070 0.7646473050117493
2071 1.066915512084961
2072 0.8352559208869934
2073 1.0826218128204346
2074 1.1632477045059204
2075 0.9091428518295288
2076 0.903940737247467
2077 0.8981675505638123
2078 0.9058666825294495
2079 1.2502713203430176
2080 1.2178577184677124
2081 1.2695218324661255
2082 0.9518683552742004
2083 0.9004910588264465
2084 0.9509156346321106
2085 1.1232815980911255
2086 1.029008150100708
2087 0.9213013052940369
2088 0.9914441704750061
2089 0.9670299291610718
2090 1.3535919189453125
2091 1.3413608074188232
2092 1.282654881477356
2093 1.1105724573135376
2094 1.1819533109664917
2095 1.034869909286499
2096 1.1766581535339355
2097 1.0500035285949707
2098 1.0895087718963623
2099 1.3294050693511963
2100 1.2523176670074463
2101 0.9332470893859863
2102 1.0339561700820923
2103 0.9846001863479614
2104 0.8447805643081665
2105 0.9910222887992859
2106 1.039712905883789
2107 0.933057963848114
2108 0.930078387260437
2109 0.9715967178344727
2110 1.2168796062469482
2111 1.1028739213943481
2112 0.977931797504425
2113 0.9026774764060974
2114 1.1452970504760742
2115 0.9919671416282654
2116 1.0848844051361084
2117 1.1483012437820435
2118 1.255372166633606
2119 0.9826202392578125
2120 0.995439350605011
2121 1.074453592300415
2122 1.1131919622421265
2123 0.9037304520606995
2124 0.8966540098190308
2125 1.075701117515564
2126 0.8409897089004517
2127 0.8640154004096985
2128 0.7958952784538269
2129 1.0135738849639893
2130 0.9228882789611816
2131 0.9469548463821411
2132 0.983083963394165
2133 0.913301944732666
2134 0.9954778552055359
2135 1.0044395923614502
2136 1.0700560808181763
2137 0.7801146507263184
2138 1.0208163261413574
2139 0.9105883836746216
2140 0.8224552273750305
2141 0.7974060773849487
2142 1.1091314554214478
2143 0.8099608421325684
2144 0.8527103662490845
2145 0.9914417862892151
2146 0.8466801047325134
2147 0.9598166942596436
2148 1.0615485906600952
2149 0.824061393737793
2150 1.0827956199645996
2151 0.9543615579605103
2152 1.0608361959457397
2153 0.93541020154953
2154 1.1481772661209106
2155 1.079670786857605
2156 1.258176326751709
2157 1.219709038734436
2158 1.1758623123168945
2159 1.2732605934143066
2160 1.1600720882415771
2161 1.1368863582611084
2162 1.0767972469329834
2163 1.110939621925354
2164 1.065986156463623
2165 1.3159514665603638
2166 1.32219398021698
2167 1.0966525077819824
2168 1.1891553401947021
2169 1.4911630153656006
2170 1.0344204902648926
2171 0.996856153011322
2172 1.085932731628418
2173 1.2734053134918213
2174 1.1819418668746948
2175 1.3258715867996216
2176 1.4832794666290283
2177 1.8195677995681763
2178 1.0833678245544434
2179 1.4452452659606934
2180 1.1598256826400757
2181 1.21526300907135
2182 1.1737128496170044
2183 1.3220661878585815
2184 1.3799653053283691
2185 1.4549126625061035
2186 1.60063898563385
2187 1.2962011098861694
2188 1.0922318696975708
2189 1.3188098669052124
2190 1.129515290260315
2191 1.467804193496704
2192 1.5841436386108398
2193 1.3917474746704102
2194 1.3690265417099
2195 1.2944183349609375
2196 1.504038691520691
2197 1.2840944528579712
2198 1.9431347846984863
2199 1.0790221691131592
2200 1.2084293365478516
2201 1.1559654474258423
2202 1.2141623497009277
2203 1.1779569387435913
2204 1.1042709350585938
2205 1.2583364248275757
2206 1.4380407333374023
2207 1.3480942249298096
2208 1.3334747552871704
2209 1.4535752534866333
2210 1.1386630535125732
2211 1.2502766847610474
2212 1.3659049272537231
2213 1.2508819103240967
2214 1.2428332567214966
2215 1.2895095348358154
2216 1.1277976036071777
2217 1.2863520383834839
2218 1.018670678138733
2219 1.0253394842147827
2220 1.1703375577926636
2221 0.9483069181442261
2222 1.1654636859893799
2223 1.3282692432403564
2224 1.281172752380371
2225 1.2304905652999878
2226 1.3025867938995361
2227 1.2824801206588745
2228 1.3278934955596924
2229 1.0109540224075317
2230 1.3003064393997192
2231 1.3659121990203857
2232 1.20970618724823
2233 0.9825995564460754
2234 1.0735349655151367
2235 1.0662524700164795
2236 1.1780158281326294
2237 1.1618276834487915
2238 1.3217835426330566
2239 1.490610122680664
2240 1.0944710969924927
2241 1.2151660919189453
2242 1.3599685430526733
2243 1.377885341644287
2244 1.2256965637207031
2245 1.219474196434021
2246 1.278629183769226
2247 1.3900967836380005
2248 1.238899827003479
2249 1.2334002256393433
2250 1.2927258014678955
2251 1.026580810546875
2252 1.2940224409103394
2253 1.360373854637146
2254 1.1248445510864258
2255 1.3378043174743652
2256 1.1795390844345093
2257 1.5071051120758057
2258 1.2116942405700684
2259 1.2004472017288208
2260 1.4610493183135986
2261 1.2206698656082153
2262 1.167432188987732
2263 1.0775479078292847
2264 1.0520976781845093
2265 1.0086413621902466
2266 1.0394484996795654
2267 1.1760039329528809
2268 1.0004379749298096
2269 1.1535453796386719
2270 1.2229716777801514
2271 1.2311354875564575
2272 1.470335602760315
2273 1.356850028038025
2274 1.2121391296386719
2275 1.2629716396331787
2276 1.3330695629119873
2277 1.2347875833511353
2278 1.1777184009552002
2279 1.1743351221084595
2280 1.3705384731292725
2281 1.2848433256149292
2282 1.497708797454834
2283 1.708207130432129
2284 1.2285243272781372
2285 1.5168604850769043
2286 1.1796406507492065
2287 0.9925286769866943
2288 1.11397123336792
2289 1.2267974615097046
2290 1.373608946800232
2291 1.2633997201919556
2292 1.555690050125122
2293 1.1438432931900024
2294 1.0536561012268066
2295 1.0861401557922363
2296 0.986129879951477
2297 1.2134076356887817
2298 1.1692043542861938
2299 1.114531397819519
2300 1.0343703031539917
2301 1.1288453340530396
2302 1.1434088945388794
2303 1.2102324962615967
2304 1.256850004196167
2305 1.278125524520874
2306 1.2536184787750244
2307 1.2602699995040894
2308 1.3404921293258667
2309 1.202502727508545
2310 1.1860450506210327
2311 1.2643321752548218
2312 1.2132703065872192
2313 1.200201153755188
2314 1.0374724864959717
2315 1.1513702869415283
2316 1.0660606622695923
2317 1.170121669769287
2318 1.0942823886871338
2319 1.296820878982544
2320 1.0358800888061523
2321 0.9995944499969482
2322 1.0554701089859009
2323 1.2045451402664185
2324 1.133634328842163
2325 1.2987107038497925
2326 1.0145478248596191
2327 1.1466420888900757
2328 1.0768239498138428
2329 1.0359734296798706
2330 1.236344814300537
2331 1.2826911211013794
2332 1.0741010904312134
2333 1.1584210395812988
2334 1.196564793586731
2335 1.144203543663025
2336 1.2750182151794434
2337 0.9669198393821716
2338 1.0606107711791992
2339 1.1751996278762817
2340 1.0763003826141357
2341 1.1730079650878906
2342 1.2921981811523438
2343 1.3529833555221558
2344 1.1805464029312134
2345 1.3186023235321045
2346 1.2992565631866455
2347 0.9503223299980164
2348 0.8975734710693359
2349 1.0398727655410767
2350 1.0752472877502441
2351 1.2936701774597168
2352 1.095028281211853
2353 1.202675700187683
2354 1.1590701341629028
2355 1.2075968980789185
2356 1.17529296875
2357 1.2231097221374512
2358 1.2561752796173096
2359 1.0317496061325073
2360 0.982496976852417
2361 1.1181585788726807
2362 1.0247485637664795
2363 1.0897701978683472
2364 1.0385456085205078
2365 0.937333881855011
2366 0.8816808462142944
2367 1.0719050168991089
2368 1.0298422574996948
2369 1.031298279762268
2370 1.0440101623535156
2371 1.092231273651123
2372 0.9107698798179626
2373 1.0209181308746338
2374 1.0168253183364868
2375 1.0724616050720215
2376 0.9930352568626404
2377 0.9868443608283997
2378 1.095720887184143
2379 1.130479097366333
2380 0.9865055680274963
2381 1.099062442779541
2382 1.0885579586029053
2383 1.2259715795516968
2384 1.1613082885742188
2385 1.0085581541061401
2386 1.0292983055114746
2387 1.04806649684906
2388 1.092301845550537
2389 1.121640682220459
2390 1.1842732429504395
2391 1.1125229597091675
2392 1.0739176273345947
2393 0.9848576784133911
2394 1.0587202310562134
2395 1.0533342361450195
2396 1.155410647392273
2397 1.0795048475265503
2398 1.3309745788574219
2399 1.3191183805465698
2400 1.3334097862243652
2401 1.0455431938171387
2402 1.0299421548843384
2403 1.1816002130508423
2404 1.1438548564910889
2405 1.2507600784301758
2406 1.2541651725769043
2407 1.0264925956726074
2408 1.0663803815841675
2409 1.1984587907791138
2410 1.101651668548584
2411 1.1131649017333984
2412 1.1192638874053955
2413 1.097922921180725
2414 1.108676552772522
2415 1.0742859840393066
2416 1.2208484411239624
2417 1.1295394897460938
2418 1.164053201675415
2419 1.1160173416137695
2420 1.1811003684997559
2421 1.0188828706741333
2422 1.1726868152618408
2423 1.1319488286972046
2424 1.1336660385131836
2425 1.1246262788772583
2426 1.5392073392868042
2427 1.2709623575210571
2428 1.304155707359314
2429 1.2207413911819458
2430 1.3255940675735474
2431 1.3387768268585205
2432 1.1786409616470337
2433 1.1442052125930786
2434 1.079086422920227
2435 1.00029456615448
2436 1.0347015857696533
2437 1.2708077430725098
2438 1.1239697933197021
2439 1.1708821058273315
2440 1.1024556159973145
2441 1.1594147682189941
2442 1.1239839792251587
2443 1.1479501724243164
2444 1.07228684425354
2445 1.090476393699646
2446 1.2404205799102783
2447 1.2576333284378052
2448 1.2086074352264404
2449 1.0592280626296997
2450 1.31008780002594
2451 1.2617270946502686
2452 1.1078466176986694
2453 1.0801466703414917
2454 1.0216724872589111
2455 0.9783409833908081
2456 1.1421141624450684
2457 1.1653485298156738
2458 1.0746657848358154
2459 1.0975673198699951
2460 1.05734121799469
2461 1.2266353368759155
2462 1.1839518547058105
2463 1.1085057258605957
2464 1.1204863786697388
2465 1.0350836515426636
2466 1.1350655555725098
2467 1.248403787612915
2468 0.9908677935600281
2469 1.1041762828826904
2470 1.025624394416809
2471 1.2706763744354248
2472 1.3061760663986206
2473 1.3041898012161255
2474 0.9794149994850159
2475 1.2547818422317505
2476 1.2218348979949951
2477 1.0867269039154053
2478 1.150856375694275
2479 1.141842007637024
2480 1.2458833456039429
2481 1.3728697299957275
2482 1.1993753910064697
2483 1.145011067390442
2484 1.1524572372436523
2485 1.2011064291000366
2486 1.0947117805480957
2487 1.3835458755493164
2488 1.1099470853805542
2489 1.1742198467254639
2490 1.1414258480072021
2491 1.1130471229553223
2492 1.1056052446365356
2493 1.2594764232635498
2494 1.2143422365188599
2495 1.1581772565841675
2496 1.1978908777236938
2497 1.1453964710235596
2498 1.177305817604065
2499 1.0967557430267334
2500 1.156123399734497
2501 1.1580013036727905
2502 1.015378475189209
2503 0.951471209526062
2504 1.1066203117370605
2505 1.0418517589569092
2506 1.1854794025421143
2507 1.0244215726852417
2508 1.081128478050232
2509 1.0312163829803467
2510 1.0388847589492798
2511 1.143173336982727
2512 1.1104055643081665
2513 1.197269320487976
2514 1.0814379453659058
2515 0.9757257699966431
2516 1.0034571886062622
2517 1.241002082824707
2518 0.9418486952781677
2519 1.1143654584884644
2520 1.0637431144714355
2521 1.0942670106887817
2522 1.0627834796905518
2523 1.20757257938385
2524 0.9901636838912964
2525 1.208602786064148
2526 1.2528213262557983
2527 1.2570730447769165
2528 1.5483696460723877
2529 1.2488304376602173
2530 1.0732948780059814
2531 1.2247437238693237
2532 1.2533996105194092
2533 1.0640507936477661
2534 1.0831149816513062
2535 1.1941792964935303
2536 1.230423092842102
2537 1.250537633895874
2538 1.0168957710266113
2539 1.5415279865264893
2540 1.1999081373214722
2541 1.46513032913208
2542 1.4801173210144043
2543 1.2926496267318726
2544 1.6315512657165527
2545 1.601657509803772
2546 1.165258765220642
2547 1.4279446601867676
2548 1.1657302379608154
2549 1.2979204654693604
2550 1.1181892156600952
2551 1.2395685911178589
2552 1.1546980142593384
2553 1.1009191274642944
2554 1.3153449296951294
2555 1.0593445301055908
2556 1.0823931694030762
2557 1.146483302116394
2558 1.0947426557540894
2559 1.11666738986969
2560 1.2005318403244019
2561 1.2747917175292969
2562 1.1959556341171265
2563 1.3918935060501099
2564 1.1263631582260132
2565 1.116170048713684
2566 1.1936018466949463
2567 1.150916337966919
2568 1.2897504568099976
2569 1.0621708631515503
2570 1.0470678806304932
2571 1.2515170574188232
2572 1.0024672746658325
2573 1.1014207601547241
2574 1.0230282545089722
2575 1.0214990377426147
2576 1.044511079788208
2577 1.0744024515151978
2578 1.1592978239059448
2579 1.0838565826416016
2580 1.1701072454452515
2581 1.1083662509918213
2582 1.1878684759140015
2583 1.068050742149353
2584 1.179642915725708
2585 1.1770836114883423
2586 1.091396450996399
2587 1.1985297203063965
2588 1.1109247207641602
2589 1.1712086200714111
2590 0.99896240234375
2591 1.0729044675827026
2592 1.1403077840805054
2593 1.0756549835205078
2594 1.2586005926132202
2595 1.0621126890182495
2596 0.9876064658164978
2597 1.12019681930542
2598 1.022413730621338
2599 1.0782911777496338
2600 1.2206333875656128
2601 1.1071869134902954
2602 1.1188637018203735
2603 1.1317001581192017
2604 0.9798647165298462
2605 1.083355188369751
2606 1.0932166576385498
2607 1.1695562601089478
2608 1.150707721710205
2609 1.2661550045013428
2610 1.0827689170837402
2611 1.0954270362854004
2612 1.1866575479507446
2613 1.0946398973464966
2614 1.3180779218673706
2615 1.2288738489151
2616 1.1833728551864624
2617 1.1819742918014526
2618 1.1135921478271484
2619 1.1514614820480347
2620 1.171257734298706
2621 1.1299282312393188
2622 1.2275762557983398
2623 1.1311216354370117
2624 1.086763620376587
2625 1.0843738317489624
2626 1.0459932088851929
2627 1.0903100967407227
2628 1.0350004434585571
2629 1.0896350145339966
2630 1.0702402591705322
2631 1.2323607206344604
2632 1.0235533714294434
2633 1.4014204740524292
2634 1.105167269706726
2635 1.0684645175933838
2636 1.1747876405715942
2637 1.3928093910217285
2638 1.162147045135498
2639 1.3716036081314087
2640 1.2598592042922974
2641 1.3695659637451172
2642 1.2156250476837158
2643 1.2247942686080933
2644 1.1938313245773315
2645 1.307963252067566
2646 1.0601860284805298
2647 1.008017897605896
2648 1.006585955619812
2649 1.2543776035308838
2650 1.2426868677139282
2651 1.2630647420883179
2652 1.0826082229614258
2653 1.2500349283218384
2654 1.1814756393432617
2655 1.0536001920700073
2656 1.145385980606079
2657 1.0971227884292603
2658 1.1241875886917114
2659 1.1929693222045898
2660 1.2845488786697388
2661 1.1343296766281128
2662 1.1769206523895264
2663 1.3080490827560425
2664 1.170946717262268
2665 1.1163145303726196
2666 1.1943504810333252
2667 1.3246078491210938
2668 1.2184066772460938
2669 1.1348075866699219
2670 1.1120436191558838
2671 1.0772361755371094
2672 1.18074369430542
2673 1.2399808168411255
2674 1.0172282457351685
2675 1.0919373035430908
2676 1.0758811235427856
2677 1.0704306364059448
2678 1.3803739547729492
2679 1.257874846458435
2680 1.3273459672927856
2681 1.2657490968704224
2682 1.232873797416687
2683 1.079811453819275
2684 1.1282495260238647
2685 1.058334231376648
2686 1.2360827922821045
2687 1.3056691884994507
2688 1.3876423835754395
2689 1.1011695861816406
2690 1.1374139785766602
2691 1.2480038404464722
2692 1.1239042282104492
2693 1.2270432710647583
2694 1.1063851118087769
2695 1.1990457773208618
2696 1.1213748455047607
2697 1.0731725692749023
2698 1.1355944871902466
2699 1.0719395875930786
2700 1.1903629302978516
2701 1.2323505878448486
2702 1.1163135766983032
2703 1.2665491104125977
2704 1.3576024770736694
2705 1.1008327007293701
2706 1.3254601955413818
2707 1.2076448202133179
2708 1.1831917762756348
2709 1.254472255706787
2710 1.468923807144165
2711 1.4764180183410645
2712 1.4206832647323608
2713 1.125158667564392
2714 1.1673648357391357
2715 1.2719392776489258
2716 1.2241270542144775
2717 1.4752185344696045
2718 1.180260181427002
2719 1.157874345779419
2720 1.1860214471817017
2721 1.1674890518188477
2722 1.1933765411376953
2723 1.1425378322601318
2724 1.184969186782837
2725 1.2445344924926758
2726 1.0855315923690796
2727 1.1240347623825073
2728 1.0788618326187134
2729 1.1529040336608887
2730 1.0601966381072998
2731 1.0988554954528809
2732 1.2598876953125
2733 1.1733953952789307
2734 1.0817466974258423
2735 1.2065377235412598
2736 1.1913626194000244
2737 1.151153802871704
2738 1.1876121759414673
2739 1.1616573333740234
2740 1.0925952196121216
2741 1.0597177743911743
2742 1.1559463739395142
2743 1.0990623235702515
2744 1.0295408964157104
2745 1.168337345123291
2746 1.1732889413833618
2747 1.105768084526062
2748 1.1319864988327026
2749 1.2516058683395386
2750 1.202248454093933
2751 1.0987613201141357
2752 0.9870947003364563
2753 1.200668454170227
2754 1.1485170125961304
2755 1.0633580684661865
2756 1.149267554283142
2757 1.1069329977035522
2758 1.0720000267028809
2759 1.1624282598495483
2760 1.1300565004348755
2761 1.0348777770996094
2762 1.0707340240478516
2763 1.1463569402694702
2764 1.0039178133010864
2765 0.999954104423523
2766 1.0357085466384888
2767 1.4259799718856812
2768 1.091623067855835
2769 1.2069700956344604
2770 1.0515693426132202
2771 1.1776154041290283
2772 1.0795284509658813
2773 1.0174760818481445
2774 1.1008507013320923
2775 1.1024253368377686
2776 1.1140300035476685
2777 1.095361590385437
2778 1.2723780870437622
2779 1.112042784690857
2780 1.188765525817871
2781 1.1542725563049316
2782 1.1879674196243286
2783 1.1795289516448975
2784 1.3467241525650024
2785 1.1692837476730347
2786 1.3581633567810059
2787 1.3375521898269653
2788 1.298176884651184
2789 1.1244384050369263
2790 1.2165042161941528
2791 1.1662629842758179
2792 1.006025791168213
2793 0.9636119604110718
2794 1.047868013381958
2795 0.9835542440414429
2796 1.0961179733276367
2797 1.0282515287399292
2798 1.08189857006073
2799 1.1247649192810059
2800 0.9984559416770935
2801 1.0846189260482788
2802 1.1021313667297363
2803 1.0732425451278687
2804 1.1759971380233765
2805 1.2094730138778687
2806 1.0236848592758179
2807 1.0258424282073975
2808 1.1070952415466309
2809 1.128818392753601
2810 0.9490819573402405
2811 0.9924964308738708
2812 1.1660536527633667
2813 1.076169729232788
2814 1.0352656841278076
2815 1.023897647857666
2816 1.0278156995773315
2817 1.0278202295303345
2818 1.0742719173431396
2819 1.3505280017852783
2820 1.1865661144256592
2821 1.5053595304489136
2822 1.0847944021224976
2823 1.1462944746017456
2824 1.2235729694366455
2825 1.2216269969940186
2826 1.0856486558914185
2827 1.0050424337387085
2828 1.27931809425354
2829 1.093618392944336
2830 1.1859196424484253
2831 1.1014549732208252
2832 1.0442957878112793
2833 1.1444907188415527
2834 1.1108551025390625
2835 1.1674442291259766
2836 1.2141249179840088
2837 1.0882567167282104
2838 0.9270919561386108
2839 0.9690124988555908
2840 0.9879719018936157
2841 1.0385724306106567
2842 1.060622215270996
2843 0.9272937178611755
2844 1.0894602537155151
2845 1.043423056602478
2846 1.0302510261535645
2847 1.0886493921279907
2848 1.1185615062713623
2849 1.0275027751922607
2850 1.0641801357269287
2851 1.0762205123901367
2852 1.069704532623291
2853 0.9861787557601929
2854 1.006742000579834
2855 1.0376803874969482
2856 1.0495988130569458
2857 1.162163496017456
2858 1.2526301145553589
2859 1.1980773210525513
2860 1.222398281097412
2861 1.336757779121399
2862 1.3012317419052124
2863 1.0368480682373047
2864 1.1712831258773804
2865 1.2294353246688843
2866 1.3525524139404297
2867 1.2180895805358887
2868 1.1068344116210938
2869 1.2698020935058594
2870 1.230884075164795
2871 1.0352511405944824
2872 1.3476122617721558
2873 1.2364779710769653
2874 1.1511067152023315
2875 1.1972745656967163
2876 1.1606680154800415
2877 1.2305963039398193
2878 1.10378897190094
2879 1.1071972846984863
2880 1.1852179765701294
2881 1.147638201713562
2882 1.2849160432815552
2883 1.2625588178634644
2884 1.3688366413116455
2885 1.3004332780838013
2886 1.399339199066162
2887 1.6005773544311523
2888 1.3516082763671875
2889 1.3323655128479004
2890 1.2315763235092163
2891 1.1229735612869263
2892 1.1051069498062134
2893 1.149751901626587
2894 1.181246280670166
2895 1.3576979637145996
2896 1.3156174421310425
2897 1.1676298379898071
2898 1.1994956731796265
2899 1.1408220529556274
2900 1.2337323427200317
2901 1.3413606882095337
2902 1.224637746810913
2903 1.236135721206665
2904 1.2468715906143188
2905 1.189781665802002
2906 1.2869949340820312
2907 1.2107386589050293
2908 1.4947879314422607
2909 1.2858948707580566
2910 1.2546507120132446
2911 1.3783706426620483
2912 1.174530267715454
2913 1.0685538053512573
2914 1.2144761085510254
2915 1.204391598701477
2916 1.016309142112732
2917 1.0690045356750488
2918 1.0908297300338745
2919 1.090065836906433
2920 1.1526219844818115
2921 1.198185682296753
2922 1.077616572380066
2923 1.0679333209991455
2924 1.1104352474212646
2925 1.154648780822754
2926 1.101516604423523
2927 1.169559359550476
2928 1.3278229236602783
2929 1.1885650157928467
2930 1.3320564031600952
2931 1.2523155212402344
2932 1.193839430809021
2933 1.1428812742233276
2934 1.3197805881500244
2935 1.1124155521392822
2936 1.1603244543075562
2937 1.1186999082565308
2938 1.2143563032150269
2939 1.0628626346588135
2940 1.0517781972885132
2941 1.0000789165496826
2942 1.3132529258728027
2943 1.2008253335952759
2944 1.193019986152649
2945 0.9611839652061462
2946 1.0155590772628784
2947 1.260692834854126
2948 1.3177908658981323
2949 1.1540809869766235
2950 1.1266189813613892
2951 1.1384787559509277
2952 1.2938194274902344
2953 1.0648255348205566
2954 1.2855995893478394
2955 1.1000797748565674
2956 1.1008431911468506
2957 1.073738932609558
2958 1.1281360387802124
2959 1.0854244232177734
2960 1.138191819190979
2961 0.9806346297264099
2962 1.0889911651611328
2963 1.0771915912628174
2964 1.1281235218048096
2965 1.0209484100341797
2966 1.0750516653060913
2967 1.2238911390304565
2968 1.1854711771011353
2969 1.2305680513381958
2970 1.0658668279647827
2971 0.976584255695343
2972 0.957744300365448
2973 1.0872852802276611
2974 1.202610731124878
2975 0.9903120994567871
2976 1.1212477684020996
2977 1.13840913772583
2978 1.0360362529754639
2979 1.1545580625534058
2980 1.3124701976776123
2981 1.1821280717849731
2982 1.1151049137115479
2983 1.3787764310836792
2984 1.162139892578125
2985 1.0687516927719116
2986 1.0880374908447266
2987 1.0586349964141846
2988 1.203791856765747
2989 1.240317702293396
2990 1.0947694778442383
2991 1.0796244144439697
2992 1.2182098627090454
2993 1.0772905349731445
2994 1.2587084770202637
2995 1.302734375
2996 1.3053356409072876
2997 1.1443519592285156
2998 1.3569782972335815
2999 1.3264708518981934
3000 1.254023790359497
3001 1.6290862560272217
3002 1.2586578130722046
3003 1.4635729789733887
3004 1.2777862548828125
3005 1.3320417404174805
3006 1.286050796508789
3007 1.0387500524520874
3008 1.1416915655136108
3009 1.086867094039917
3010 1.1410478353500366
3011 1.3789467811584473
3012 1.2510172128677368
3013 1.200286865234375
3014 1.142397165298462
3015 1.277984380722046
3016 1.2744194269180298
3017 1.241138219833374
3018 1.149288296699524
3019 1.1778022050857544
3020 1.2073842287063599
3021 1.291437029838562
3022 1.0651419162750244
3023 1.1401842832565308
3024 1.2077842950820923
3025 1.2022360563278198
3026 1.2141259908676147
3027 1.1609505414962769
3028 1.2456257343292236
3029 1.2386916875839233
3030 1.0608738660812378
3031 1.038617730140686
3032 1.1130809783935547
3033 1.2026848793029785
3034 1.2539654970169067
3035 1.133378267288208
3036 1.1919533014297485
3037 1.286362648010254
3038 1.204944133758545
3039 1.157480001449585
3040 1.3069924116134644
3041 1.1424708366394043
3042 1.2101694345474243
3043 1.232631802558899
3044 1.286527395248413
3045 1.171264886856079
3046 1.2097399234771729
3047 1.2554545402526855
3048 1.182321548461914
3049 1.3181254863739014
3050 1.3750752210617065
3051 1.2366763353347778
3052 1.2214816808700562
3053 1.3535549640655518
3054 1.3289029598236084
3055 1.2339755296707153
3056 1.31855309009552
3057 1.5003821849822998
3058 1.4774492979049683
3059 1.1944924592971802
3060 1.3065800666809082
3061 1.2758644819259644
3062 1.2706944942474365
3063 1.1790105104446411
3064 1.2177093029022217
3065 1.221818208694458
3066 1.2718356847763062
3067 1.287622094154358
3068 1.4797531366348267
3069 1.4030814170837402
3070 1.2944709062576294
3071 1.5308336019515991
3072 1.3058494329452515
3073 1.4300390481948853
3074 1.231324553489685
3075 1.2585991621017456
3076 1.3935421705245972
3077 1.2778962850570679
3078 1.3648555278778076
3079 1.2431888580322266
3080 1.2779409885406494
3081 1.3076624870300293
3082 1.2111150026321411
3083 1.1344900131225586
3084 1.2975620031356812
3085 1.2199605703353882
3086 1.0390467643737793
3087 1.1664180755615234
3088 1.0956249237060547
3089 1.3826686143875122
3090 1.125650405883789
3091 1.171920657157898
3092 1.1757140159606934
3093 1.2480212450027466
3094 1.221941590309143
3095 1.1916606426239014
3096 1.2654521465301514
3097 1.1963021755218506
3098 1.2578550577163696
3099 1.2281274795532227
3100 1.125235676765442
3101 1.1699868440628052
3102 1.1490919589996338
3103 1.1748062372207642
3104 1.0402077436447144
3105 1.2061001062393188
3106 1.1386284828186035
3107 1.2598438262939453
3108 1.2195404767990112
3109 1.133758306503296
3110 1.0502798557281494
3111 1.211364984512329
3112 1.0892208814620972
3113 0.9854062795639038
3114 1.5668632984161377
3115 1.1948318481445312
3116 1.2837910652160645
3117 1.3244684934616089
3118 1.197726845741272
3119 1.1030561923980713
3120 1.1327378749847412
3121 1.1529213190078735
3122 1.1623519659042358
3123 1.137860655784607
3124 1.3191828727722168
3125 1.3286927938461304
3126 1.1685729026794434
3127 1.0626951456069946
3128 1.1126294136047363
3129 1.0619665384292603
3130 1.0891392230987549
3131 1.0085086822509766
3132 1.2730563879013062
3133 1.353533387184143
3134 1.1694648265838623
3135 1.2080042362213135
3136 1.212631344795227
3137 1.1338404417037964
3138 1.0035778284072876
3139 1.0872828960418701
3140 1.1613129377365112
3141 1.055113434791565
3142 1.178944706916809
3143 1.2255398035049438
3144 1.1915675401687622
3145 1.2422250509262085
3146 1.1083275079727173
3147 1.1018844842910767
3148 1.0729013681411743
3149 1.1913646459579468
3150 1.0872844457626343
3151 1.1307764053344727
3152 1.3300107717514038
3153 1.3223967552185059
3154 1.2264645099639893
3155 1.2825641632080078
3156 1.1649609804153442
3157 1.1554373502731323
3158 1.0647952556610107
3159 1.2445863485336304
3160 1.4747295379638672
3161 1.2963966131210327
3162 0.9657831788063049
3163 1.2625336647033691
3164 1.2303870916366577
3165 1.2338066101074219
3166 1.1401748657226562
3167 1.2299797534942627
3168 1.2696938514709473
3169 1.239968180656433
3170 1.2957476377487183
3171 1.23046875
3172 1.2050482034683228
3173 1.118477463722229
3174 1.4185898303985596
3175 1.001266598701477
3176 1.1709229946136475
3177 1.104496955871582
3178 1.3112537860870361
3179 1.2478792667388916
3180 1.3257036209106445
3181 1.1901201009750366
3182 1.2142666578292847
3183 1.39595627784729
3184 1.1731736660003662
3185 1.281062126159668
3186 1.2487659454345703
3187 1.1797945499420166
3188 1.2462705373764038
3189 1.040138840675354
3190 1.0979481935501099
3191 1.0895365476608276
3192 1.2459770441055298
3193 1.0386544466018677
3194 1.0885961055755615
3195 1.1884771585464478
3196 1.1133897304534912
3197 0.9842149019241333
3198 0.9772393107414246
3199 1.083061933517456
3200 1.1152409315109253
3201 1.1622023582458496
3202 1.4083423614501953
3203 1.3925702571868896
3204 1.266603708267212
3205 1.0874842405319214
3206 1.113671898841858
3207 1.229791283607483
3208 1.1177774667739868
3209 1.1353247165679932
3210 1.2612522840499878
3211 1.04088294506073
3212 1.0466117858886719
3213 1.0684006214141846
3214 1.2584409713745117
3215 1.124783992767334
3216 1.2170708179473877
3217 1.0209780931472778
3218 1.1796388626098633
3219 0.9398661851882935
3220 1.3473767042160034
3221 1.2565146684646606
3222 1.1415728330612183
3223 1.099604606628418
3224 1.1435550451278687
3225 1.0212678909301758
3226 1.1407804489135742
3227 1.082748293876648
3228 0.9064496159553528
3229 1.1233067512512207
3230 1.0016764402389526
3231 0.9830382466316223
3232 0.9186795949935913
3233 1.19493567943573
3234 1.0066418647766113
3235 1.1243267059326172
3236 1.0627814531326294
3237 1.1130061149597168
3238 1.0049517154693604
3239 1.2158902883529663
3240 1.1464056968688965
3241 1.0539090633392334
3242 1.0838223695755005
3243 1.253394603729248
3244 1.2041361331939697
3245 1.3773382902145386
3246 1.1376652717590332
3247 1.1918976306915283
3248 1.0653809309005737
3249 1.035136342048645
3250 1.0154988765716553
3251 1.05484139919281
3252 1.330708384513855
3253 1.1925275325775146
3254 1.0879082679748535
3255 1.0901495218276978
3256 0.9907378554344177
3257 1.0721349716186523
3258 1.003491759300232
3259 0.9890254735946655
3260 0.982312023639679
3261 1.0742405652999878
3262 1.0572214126586914
3263 0.9441507458686829
3264 1.0030887126922607
3265 1.1395294666290283
3266 1.1462793350219727
3267 1.2331738471984863
3268 1.0327764749526978
3269 1.179860234260559
3270 1.059229850769043
3271 1.2533513307571411
3272 1.1441235542297363
3273 1.156881332397461
3274 1.2763532400131226
3275 1.2014216184616089
3276 1.2174463272094727
3277 1.0822521448135376
3278 1.2769113779067993
3279 1.1099345684051514
3280 1.223745584487915
3281 1.1064249277114868
3282 1.0873783826828003
3283 1.099428415298462
3284 1.2194520235061646
3285 1.1283527612686157
3286 1.0211633443832397
3287 1.1444543600082397
3288 1.0951573848724365
3289 1.2251731157302856
3290 1.0419501066207886
3291 1.0893632173538208
3292 1.3224992752075195
3293 1.2300537824630737
3294 1.3624106645584106
3295 1.2302472591400146
3296 1.020721673965454
3297 0.9952417612075806
3298 1.107816219329834
3299 1.208107829093933
3300 1.2510851621627808
3301 1.0973742008209229
3302 1.0841741561889648
3303 1.1884219646453857
3304 1.1460644006729126
3305 1.2280988693237305
3306 1.217565894126892
3307 1.081764817237854
3308 1.1583765745162964
3309 1.1589596271514893
3310 1.0689349174499512
3311 1.026574730873108
3312 1.111994743347168
3313 1.0381852388381958
3314 1.0725945234298706
3315 1.13850998878479
3316 1.0736380815505981
3317 1.055076241493225
3318 1.1866141557693481
3319 1.081348180770874
3320 1.1222386360168457
3321 1.1499360799789429
3322 1.0687845945358276
3323 1.1135680675506592
3324 1.1025111675262451
3325 1.2054080963134766
3326 1.1206510066986084
3327 1.0869394540786743
3328 1.0890703201293945
3329 1.2537096738815308
3330 1.0712592601776123
3331 1.1983634233474731
3332 1.1949461698532104
3333 1.088881254196167
3334 1.0644445419311523
3335 1.1833246946334839
3336 1.1808329820632935
3337 1.0438603162765503
3338 1.1264560222625732
3339 1.0694999694824219
3340 1.102384090423584
3341 1.0925302505493164
3342 1.0804240703582764
3343 1.0737676620483398
3344 1.1099978685379028
3345 1.1257930994033813
3346 1.046425700187683
3347 1.1640903949737549
3348 1.2592904567718506
3349 1.313889980316162
3350 1.137826681137085
3351 1.1225098371505737
3352 1.1399835348129272
3353 1.3019301891326904
3354 0.997132420539856
3355 1.0508697032928467
3356 1.18440842628479
3357 1.46229887008667
3358 1.1356490850448608
3359 1.130366325378418
3360 1.225425362586975
3361 1.3258243799209595
3362 1.3098405599594116
3363 1.1412945985794067
3364 1.007183313369751
3365 0.9174001812934875
3366 1.081850290298462
3367 1.2575993537902832
3368 1.2608222961425781
3369 1.176656723022461
3370 1.1961935758590698
3371 1.2208391427993774
3372 1.0604718923568726
3373 1.2507978677749634
3374 1.3103283643722534
3375 1.0854299068450928
3376 1.1640313863754272
3377 1.3335500955581665
3378 1.0753209590911865
3379 1.032311201095581
3380 1.120050311088562
3381 1.2452067136764526
3382 1.6727211475372314
3383 1.2064487934112549
3384 1.2465649843215942
3385 1.1890944242477417
3386 1.161111831665039
3387 1.0953439474105835
3388 1.3546828031539917
3389 1.209750771522522
3390 1.1502174139022827
3391 1.0038015842437744
3392 1.2052106857299805
3393 1.2089271545410156
3394 1.1516613960266113
3395 1.2086207866668701
3396 1.1528770923614502
3397 1.1910994052886963
3398 1.311283826828003
3399 1.5124626159667969
3400 1.1345494985580444
3401 1.2115004062652588
3402 1.126968502998352
3403 1.12361741065979
3404 1.1916311979293823
3405 1.377203106880188
3406 1.2927026748657227
3407 1.3834683895111084
3408 1.156684398651123
3409 1.105531096458435
3410 1.1300140619277954
3411 1.0575429201126099
3412 1.1142158508300781
3413 1.2353339195251465
3414 1.1167658567428589
3415 1.2071833610534668
3416 1.0385760068893433
3417 1.1451894044876099
3418 1.1617515087127686
3419 1.0834884643554688
3420 1.2140058279037476
3421 1.1458989381790161
3422 1.3082880973815918
3423 1.1215639114379883
3424 1.4099456071853638
3425 1.1819716691970825
3426 1.079754114151001
3427 1.0697665214538574
3428 1.0733277797698975
3429 1.0497452020645142
3430 1.0801341533660889
3431 1.0452296733856201
3432 1.14203941822052
3433 1.2254629135131836
3434 1.0941663980484009
3435 1.1087805032730103
3436 1.0518320798873901
3437 1.015163540840149
3438 1.0529143810272217
3439 1.175719976425171
3440 1.2884489297866821
3441 1.1999390125274658
3442 1.241234540939331
3443 1.2965786457061768
3444 1.1953308582305908
3445 1.10116708278656
3446 1.1333240270614624
3447 1.13615882396698
3448 1.1146206855773926
3449 1.2774872779846191
3450 1.185173511505127
3451 1.2625629901885986
3452 1.3338247537612915
3453 1.188703179359436
3454 1.1662992238998413
3455 1.13198721408844
3456 1.3175811767578125
3457 1.0503017902374268
3458 1.3036185503005981
3459 1.1548774242401123
3460 1.13254976272583
3461 1.0520166158676147
3462 1.0653241872787476
3463 1.2313451766967773
3464 1.0523829460144043
3465 1.0165185928344727
3466 1.0917166471481323
3467 0.8200036287307739
3468 1.0600063800811768
3469 1.0164706707000732
3470 1.0356565713882446
3471 1.0461180210113525
3472 1.1683241128921509
3473 1.1090813875198364
3474 1.1754233837127686
3475 1.2036216259002686
3476 1.2232204675674438
3477 1.089308500289917
3478 1.2012925148010254
3479 1.183285117149353
3480 1.171964406967163
3481 0.943816065788269
3482 1.285401463508606
3483 1.0608506202697754
3484 1.3149996995925903
3485 1.2596207857131958
3486 1.0265294313430786
3487 1.059402585029602
3488 1.0472553968429565
3489 1.1166460514068604
3490 1.167567253112793
3491 1.216199278831482
3492 1.247240424156189
3493 1.0099455118179321
3494 1.1646162271499634
3495 1.0327677726745605
3496 1.124853491783142
3497 1.2132844924926758
3498 1.2236905097961426
3499 1.1797280311584473
3500 1.0603245496749878
3501 1.2386236190795898
3502 1.16398286819458
3503 1.1301838159561157
3504 0.8940102458000183
3505 1.1278244256973267
3506 1.154689073562622
3507 1.1245090961456299
3508 1.2189292907714844
3509 1.1935943365097046
3510 0.950067937374115
3511 1.0925613641738892
3512 1.1878392696380615
3513 1.0791627168655396
3514 1.1764744520187378
3515 1.1560275554656982
3516 1.1807254552841187
3517 1.1359738111495972
3518 1.1516523361206055
3519 1.1960575580596924
3520 0.9969845414161682
3521 1.200594425201416
3522 1.1015454530715942
3523 0.9877552390098572
3524 1.0773303508758545
3525 1.0239006280899048
3526 1.2095099687576294
3527 1.0795238018035889
3528 1.160064458847046
3529 1.0592659711837769
3530 1.1478099822998047
3531 0.9577659964561462
3532 1.033823847770691
3533 1.0868266820907593
3534 1.185135006904602
3535 1.12493097782135
3536 1.1321420669555664
3537 1.0445047616958618
3538 1.14057195186615
3539 1.140814185142517
3540 1.2103551626205444
3541 1.3099761009216309
3542 1.2441177368164062
3543 1.0517921447753906
3544 1.0247050523757935
3545 0.9426565170288086
3546 0.9726336598396301
3547 1.060848593711853
3548 1.081987738609314
3549 0.9286983609199524
3550 1.087724208831787
3551 1.1272631883621216
3552 1.5249607563018799
3553 1.2316185235977173
3554 1.4948304891586304
3555 1.2472506761550903
3556 1.2269198894500732
3557 1.3253017663955688
3558 1.3947570323944092
3559 1.3769357204437256
3560 1.3714895248413086
3561 1.505813717842102
3562 1.3384504318237305
3563 1.2955567836761475
3564 1.3632845878601074
3565 1.3285331726074219
3566 1.2960706949234009
3567 1.2297791242599487
3568 1.176193118095398
3569 1.4636619091033936
3570 1.2999144792556763
3571 1.3450074195861816
3572 1.287411093711853
3573 1.301716685295105
3574 1.2155427932739258
3575 1.2504279613494873
3576 1.2396330833435059
3577 1.2622014284133911
3578 1.4259802103042603
3579 1.2295562028884888
3580 1.3791017532348633
3581 1.2238985300064087
3582 1.2740601301193237
3583 1.2512602806091309
3584 1.2449406385421753
3585 1.4231877326965332
3586 1.5952824354171753
3587 1.3285235166549683
3588 1.2918142080307007
3589 1.3053264617919922
3590 1.5257797241210938
3591 1.3459393978118896
3592 1.2647203207015991
3593 1.292405605316162
3594 1.2416518926620483
3595 1.356584906578064
3596 1.3093888759613037
3597 1.3812333345413208
3598 1.2287788391113281
3599 1.303579330444336
3600 1.1936280727386475
3601 1.2751474380493164
3602 1.2323294878005981
3603 1.2993922233581543
3604 1.2237365245819092
3605 1.1861422061920166
3606 1.3186070919036865
3607 1.0868829488754272
3608 1.1831798553466797
3609 1.1796783208847046
3610 1.233817458152771
3611 1.4048014879226685
3612 1.183185338973999
3613 1.1710947751998901
3614 1.2598986625671387
3615 1.1172178983688354
3616 1.1830512285232544
3617 1.0558598041534424
3618 1.0024935007095337
3619 1.2547892332077026
3620 1.2997446060180664
3621 1.1464459896087646
3622 1.2395076751708984
3623 1.2454313039779663
3624 1.289899230003357
3625 1.0662692785263062
3626 1.0892928838729858
3627 1.2943191528320312
3628 1.1319061517715454
3629 1.196763277053833
3630 1.0619394779205322
3631 1.021279215812683
3632 1.220523715019226
3633 1.3240039348602295
3634 1.0297430753707886
3635 1.046919345855713
3636 0.9841271638870239
3637 1.1465022563934326
3638 1.1456257104873657
3639 1.1226669549942017
3640 1.065700650215149
3641 1.156009316444397
3642 1.1859087944030762
3643 1.2697443962097168
3644 1.1183912754058838
3645 1.1487820148468018
3646 1.248632550239563
3647 1.2653658390045166
3648 1.2452954053878784
3649 1.1371359825134277
3650 1.078385591506958
3651 1.1974146366119385
3652 1.37977933883667
3653 1.471124529838562
3654 1.4261680841445923
3655 1.1849504709243774
3656 1.388036847114563
3657 1.323772668838501
3658 1.2880860567092896
3659 1.2798292636871338
3660 1.2703484296798706
3661 1.1933084726333618
3662 1.3269381523132324
3663 1.2470557689666748
3664 1.3254234790802002
3665 1.2187600135803223
3666 1.2514516115188599
3667 1.382465124130249
3668 1.4839929342269897
3669 1.4117791652679443
3670 1.3257462978363037
3671 1.3530991077423096
3672 1.3031071424484253
3673 1.2679611444473267
3674 1.1754062175750732
3675 1.2115864753723145
3676 1.3531999588012695
3677 1.206325650215149
3678 1.14054536819458
3679 1.1150200366973877
3680 1.1074066162109375
3681 1.2472951412200928
3682 1.1669973134994507
3683 1.2380532026290894
3684 1.112649917602539
3685 1.1589114665985107
3686 1.1488510370254517
3687 1.4214677810668945
3688 1.1962641477584839
3689 1.284423589706421
3690 1.3156987428665161
3691 1.6311990022659302
3692 1.5148158073425293
3693 1.3258088827133179
3694 1.2702598571777344
3695 1.1760106086730957
3696 1.4444818496704102
3697 1.1691278219223022
3698 1.1122291088104248
3699 1.104034662246704
3700 1.2250162363052368
3701 1.1218039989471436
3702 1.345163106918335
3703 1.2334872484207153
3704 1.4304585456848145
3705 1.1621731519699097
3706 1.2972444295883179
3707 1.249245047569275
3708 1.1675225496292114
3709 1.2251899242401123
3710 1.1945968866348267
3711 1.2166541814804077
3712 1.3086923360824585
3713 1.1740458011627197
3714 1.2619602680206299
3715 1.1439443826675415
3716 1.3948217630386353
3717 1.147735834121704
3718 1.161571979522705
3719 1.117820143699646
3720 1.2527809143066406
3721 1.078484058380127
3722 1.085205316543579
3723 1.1729650497436523
3724 1.0447486639022827
3725 1.1435120105743408
3726 1.0188220739364624
3727 1.0320525169372559
3728 1.2049628496170044
3729 1.2021573781967163
3730 1.4269745349884033
3731 1.2646092176437378
3732 1.3646806478500366
3733 1.3569597005844116
3734 1.313379168510437
3735 1.1176809072494507
3736 1.1905889511108398
3737 1.1536529064178467
3738 1.1498756408691406
3739 1.091748595237732
3740 1.1147321462631226
3741 1.2081239223480225
3742 1.2856731414794922
3743 1.3074921369552612
3744 1.1400024890899658
3745 1.4017494916915894
3746 1.4677770137786865
3747 1.318595051765442
3748 1.4211090803146362
3749 1.774317741394043
3750 1.4376119375228882
3751 1.4920192956924438
3752 1.465012788772583
3753 1.5203523635864258
3754 1.8019046783447266
3755 1.5128593444824219
3756 1.3285295963287354
3757 1.290313482284546
3758 1.3315703868865967
3759 1.5382622480392456
3760 1.4906156063079834
3761 1.3761391639709473
3762 1.6470630168914795
3763 1.5162259340286255
3764 1.3811190128326416
3765 1.2519997358322144
3766 1.1651477813720703
3767 1.1973779201507568
3768 1.427312970161438
3769 1.5563483238220215
3770 1.4550459384918213
3771 1.3560580015182495
3772 1.3519858121871948
3773 1.4825106859207153
3774 1.4131371974945068
3775 1.48692786693573
3776 1.252457618713379
3777 1.4407893419265747
3778 1.5463852882385254
3779 1.459162712097168
3780 1.3692338466644287
3781 1.405249834060669
3782 1.3320914506912231
3783 1.3734900951385498
3784 1.332290768623352
3785 1.3157562017440796
3786 1.3009871244430542
3787 1.1794397830963135
3788 1.489593505859375
3789 1.5343148708343506
3790 1.2792112827301025
3791 1.3379936218261719
3792 1.5740511417388916
3793 1.2463716268539429
3794 1.2093623876571655
3795 1.2679903507232666
3796 1.283463478088379
3797 1.085567593574524
3798 1.1224802732467651
3799 1.4034336805343628
3800 1.080552339553833
3801 1.0530498027801514
3802 1.092474102973938
3803 1.1165539026260376
3804 1.3606915473937988
3805 1.3344768285751343
3806 1.1809769868850708
3807 0.9443084597587585
3808 1.1265918016433716
3809 1.12385892868042
3810 1.0704021453857422
3811 1.0256847143173218
3812 1.0759339332580566
3813 1.175229787826538
3814 1.20370352268219
3815 1.025883436203003
3816 1.053104043006897
3817 1.0084738731384277
3818 1.0346416234970093
3819 1.0864360332489014
3820 1.0234730243682861
3821 1.071193814277649
3822 0.9941504597663879
3823 1.0390762090682983
3824 1.2368857860565186
3825 1.0522539615631104
3826 1.050946831703186
3827 1.0036269426345825
3828 0.9848447442054749
3829 1.0096956491470337
3830 1.242056131362915
3831 1.2235695123672485
3832 1.0916776657104492
3833 1.153006672859192
3834 1.0751430988311768
3835 1.0818101167678833
3836 1.2128939628601074
3837 1.1024186611175537
3838 1.1135623455047607
3839 1.1198524236679077
3840 1.2026844024658203
3841 1.2006895542144775
3842 1.2766051292419434
3843 1.1767796277999878
3844 1.3063526153564453
3845 1.1862517595291138
3846 1.1272315979003906
3847 1.2740483283996582
3848 1.1508985757827759
3849 1.1997877359390259
3850 1.157172679901123
3851 1.2103424072265625
3852 1.1751811504364014
3853 1.320774793624878
3854 1.2924848794937134
3855 1.4936572313308716
3856 1.3951159715652466
3857 1.487473487854004
3858 1.333439588546753
3859 1.4120640754699707
3860 1.283349871635437
3861 1.3486223220825195
3862 1.450649380683899
3863 1.3763395547866821
3864 1.3111472129821777
3865 1.4121822118759155
3866 1.466782808303833
3867 1.4365184307098389
3868 1.4433525800704956
3869 1.5879547595977783
3870 1.375023365020752
3871 1.4787418842315674
3872 1.2913998365402222
3873 1.3289165496826172
3874 1.4717450141906738
3875 1.3117270469665527
3876 1.3458168506622314
3877 1.2556828260421753
3878 1.200878620147705
3879 1.3171436786651611
3880 1.123149037361145
3881 1.2419565916061401
3882 1.1553065776824951
3883 1.4997329711914062
3884 1.2537856101989746
3885 1.5451749563217163
3886 1.3621718883514404
3887 1.2317558526992798
3888 1.1934202909469604
3889 1.4055689573287964
3890 1.4360418319702148
3891 1.263440489768982
3892 1.2751896381378174
3893 1.2754323482513428
3894 1.257502555847168
3895 1.194227933883667
3896 1.249903678894043
3897 1.3475134372711182
3898 1.2028532028198242
3899 1.2396913766860962
3900 1.315427541732788
3901 1.1351357698440552
3902 1.3276907205581665
3903 1.2116029262542725
3904 1.1860158443450928
3905 1.2738773822784424
3906 1.3048808574676514
3907 1.3317071199417114
3908 1.423923134803772
3909 1.4882272481918335
3910 1.3224848508834839
3911 1.4249160289764404
3912 1.2248613834381104
3913 1.3094573020935059
3914 1.562696099281311
3915 1.4475605487823486
3916 1.3792928457260132
3917 1.6233848333358765
3918 1.2717880010604858
3919 1.2789287567138672
3920 1.3058583736419678
3921 1.3661983013153076
3922 1.18285071849823
3923 1.2342966794967651
3924 1.1362130641937256
3925 1.3445593118667603
3926 1.3989384174346924
3927 1.4566209316253662
3928 1.4939460754394531
3929 1.211889624595642
3930 1.3591965436935425
3931 1.6285215616226196
3932 1.3717454671859741
3933 1.0544694662094116
3934 1.2293310165405273
3935 1.299634337425232
3936 1.325369954109192
3937 1.1500216722488403
3938 1.4319448471069336
3939 1.1592261791229248
3940 1.181944489479065
3941 1.1136143207550049
3942 1.1856105327606201
3943 1.2789729833602905
3944 1.2662880420684814
3945 1.1635576486587524
3946 1.2428081035614014
3947 1.2350035905838013
3948 1.215423822402954
3949 1.3143223524093628
3950 1.426393747329712
3951 1.4751715660095215
3952 1.3123135566711426
3953 1.3692164421081543
3954 1.4545247554779053
3955 1.3324952125549316
3956 1.381084680557251
3957 1.2878117561340332
3958 1.1891897916793823
3959 1.254727840423584
3960 1.3282697200775146
3961 1.2664984464645386
3962 1.3822603225708008
3963 1.2249056100845337
3964 1.2191442251205444
3965 1.4484590291976929
3966 1.2276908159255981
3967 1.4268425703048706
3968 1.307607650756836
3969 1.4272218942642212
3970 1.25611412525177
3971 1.3452240228652954
3972 1.1716476678848267
3973 1.3105374574661255
3974 1.4662024974822998
3975 1.3144745826721191
3976 1.2670422792434692
3977 1.24027419090271
3978 1.215725302696228
3979 1.4252310991287231
3980 1.2943812608718872
3981 1.252197265625
3982 1.328230381011963
3983 1.5319912433624268
3984 1.4315370321273804
3985 1.4840441942214966
3986 1.2658863067626953
3987 1.3898333311080933
3988 1.1944538354873657
3989 1.2320475578308105
3990 1.312113642692566
3991 1.3308662176132202
3992 1.3336299657821655
3993 1.7096129655838013
3994 1.3984256982803345
3995 1.4213142395019531
3996 1.377524733543396
3997 1.3586012125015259
3998 1.3983708620071411
3999 1.3325260877609253
4000 1.3736095428466797
4001 1.3274211883544922
4002 1.3534387350082397
4003 1.4170056581497192
4004 1.4762831926345825
4005 1.2753783464431763
4006 1.5871639251708984
4007 1.4113962650299072
4008 1.3652194738388062
4009 1.5928173065185547
4010 1.4352452754974365
4011 1.3525336980819702
4012 1.280328392982483
4013 1.419990062713623
4014 1.2336773872375488
4015 1.1935784816741943
4016 1.0127952098846436
4017 1.348403811454773
4018 1.2083427906036377
4019 1.0512632131576538
4020 1.2038167715072632
4021 1.2169313430786133
4022 1.3595592975616455
4023 1.3965747356414795
4024 1.2593398094177246
4025 1.4005403518676758
4026 1.2848479747772217
4027 1.3159241676330566
4028 1.2354522943496704
4029 1.3760730028152466
4030 1.42318594455719
4031 1.4421758651733398
4032 1.3344613313674927
4033 1.3286356925964355
4034 1.2808256149291992
4035 1.2673252820968628
4036 1.352128028869629
4037 1.260799765586853
4038 1.3769279718399048
4039 1.5536978244781494
4040 1.5633872747421265
4041 1.473205804824829
4042 1.2785109281539917
4043 1.3202790021896362
4044 1.1147540807724
4045 1.446732759475708
4046 1.3401086330413818
4047 1.4234943389892578
4048 1.419194221496582
4049 1.3628742694854736
4050 1.5520137548446655
4051 1.3641645908355713
4052 1.5960773229599
4053 1.4387140274047852
4054 1.5846047401428223
4055 1.518508791923523
4056 1.4551920890808105
4057 1.457699179649353
4058 1.5621602535247803
4059 1.2439383268356323
4060 1.195539951324463
4061 1.1808462142944336
4062 1.022550344467163
4063 1.1941983699798584
4064 1.3085085153579712
4065 1.338010311126709
4066 1.355719804763794
4067 1.3299047946929932
4068 1.3017692565917969
4069 1.5534687042236328
4070 1.2708007097244263
4071 1.3019179105758667
4072 1.2376759052276611
4073 1.205155849456787
4074 1.212019920349121
4075 1.4991810321807861
4076 1.4909768104553223
4077 1.0854859352111816
4078 1.1333705186843872
4079 1.3620833158493042
4080 1.2846198081970215
4081 1.2780520915985107
4082 1.258953332901001
4083 1.4089093208312988
4084 1.3304907083511353
4085 1.0967241525650024
4086 1.0497500896453857
4087 1.0747666358947754
4088 1.1259064674377441
4089 1.0087578296661377
4090 1.2116090059280396
4091 1.2936468124389648
4092 1.2159391641616821
4093 1.2383575439453125
4094 1.2640053033828735
4095 1.272186279296875
4096 1.1740223169326782
4097 1.2408055067062378
4098 1.1671689748764038
4099 1.1594985723495483
4100 1.3514474630355835
4101 1.3346508741378784
4102 1.4386634826660156
4103 1.3287783861160278
4104 1.1926279067993164
4105 1.0937066078186035
4106 1.0960999727249146
4107 1.344153881072998
4108 1.2009592056274414
4109 1.1685377359390259
4110 1.2403373718261719
4111 1.0943516492843628
4112 1.2144489288330078
4113 1.1784611940383911
4114 1.075945496559143
4115 0.997878909111023
4116 1.1768115758895874
4117 1.2406585216522217
4118 1.0985615253448486
4119 1.0451257228851318
4120 1.1931120157241821
4121 1.1533244848251343
4122 1.1019874811172485
4123 1.1715511083602905
4124 1.1200917959213257
4125 1.0535935163497925
4126 1.3710707426071167
4127 1.306649088859558
4128 1.0935219526290894
4129 1.158767580986023
4130 1.1632912158966064
4131 1.320471167564392
4132 1.2381623983383179
4133 1.3710280656814575
4134 1.1730480194091797
4135 1.2769312858581543
4136 1.1962848901748657
4137 1.246160864830017
4138 1.211272120475769
4139 1.0728373527526855
4140 1.1237610578536987
4141 1.1338821649551392
4142 1.0597995519638062
4143 1.1616404056549072
4144 1.1329132318496704
4145 1.4887988567352295
4146 1.4326428174972534
4147 1.2271705865859985
4148 1.219411849975586
4149 1.1009414196014404
4150 1.1918187141418457
4151 1.3363358974456787
4152 1.041359305381775
4153 1.09819495677948
4154 1.1478772163391113
4155 1.1777900457382202
4156 1.183024287223816
4157 1.0708194971084595
4158 1.1914403438568115
4159 1.0269073247909546
4160 1.1514968872070312
4161 1.3383712768554688
4162 1.015868902206421
4163 1.1508415937423706
4164 1.2080072164535522
4165 1.248906135559082
4166 1.119057536125183
4167 1.076108455657959
4168 1.092267394065857
4169 1.0052450895309448
4170 1.2191804647445679
4171 1.2257022857666016
4172 1.094936490058899
4173 1.2552275657653809
4174 1.0964643955230713
4175 1.0572658777236938
4176 1.102353572845459
4177 1.3263967037200928
4178 1.207513689994812
4179 1.2345643043518066
4180 1.2229368686676025
4181 1.0785470008850098
4182 1.2377159595489502
4183 1.179916501045227
4184 1.0156248807907104
4185 1.277269959449768
4186 1.0770336389541626
4187 1.1593412160873413
4188 1.1798546314239502
4189 1.2729355096817017
4190 1.1836973428726196
4191 1.0558737516403198
4192 1.1690518856048584
4193 1.3434220552444458
4194 1.176711082458496
4195 1.300399899482727
4196 1.0790820121765137
4197 1.2340610027313232
4198 1.198762059211731
4199 1.2050002813339233
4200 1.1405198574066162
4201 1.2034025192260742
4202 1.1144812107086182
4203 1.317927360534668
4204 1.1832551956176758
4205 1.259516716003418
4206 1.0693621635437012
4207 1.0657142400741577
4208 1.1591371297836304
4209 1.113748550415039
4210 1.041805386543274
4211 1.065101981163025
4212 1.1224013566970825
4213 1.0755385160446167
4214 1.3025606870651245
4215 1.1974161863327026
4216 1.0666557550430298
4217 1.1491340398788452
4218 1.2234641313552856
4219 1.237351655960083
4220 1.1084457635879517
4221 1.3564728498458862
4222 1.1498545408248901
4223 1.1749883890151978
4224 1.0428565740585327
4225 1.0962316989898682
4226 1.3128763437271118
4227 1.383286476135254
4228 1.1157172918319702
4229 1.3279615640640259
4230 1.4078510999679565
4231 1.3852927684783936
4232 1.5341099500656128
4233 1.3386634588241577
4234 1.2458745241165161
4235 1.2252732515335083
4236 1.2118645906448364
4237 1.2419226169586182
4238 1.3746733665466309
4239 1.1443201303482056
4240 1.2418632507324219
4241 1.2061560153961182
4242 1.2002824544906616
4243 1.1934252977371216
4244 1.4001097679138184
4245 1.1121103763580322
4246 1.2009838819503784
4247 1.436235785484314
4248 1.4346891641616821
4249 1.2340672016143799
4250 1.2954212427139282
4251 1.3794434070587158
4252 1.2796599864959717
4253 1.25110924243927
4254 1.386014461517334
4255 1.052398681640625
4256 1.1954734325408936
4257 1.1255016326904297
4258 1.194085955619812
4259 1.224651575088501
4260 1.1246144771575928
4261 1.191359519958496
4262 1.3059837818145752
4263 1.2689448595046997
4264 1.1400731801986694
4265 1.0510894060134888
4266 1.1488546133041382
4267 1.204444169998169
4268 1.0791865587234497
4269 1.1756953001022339
4270 1.4197382926940918
4271 1.1863385438919067
4272 1.2235503196716309
4273 1.241827130317688
4274 1.2913448810577393
4275 1.3082393407821655
4276 1.0793710947036743
4277 1.254255771636963
4278 1.221737265586853
4279 1.2810956239700317
4280 1.2107303142547607
4281 1.2407324314117432
4282 1.24275541305542
4283 1.2571806907653809
4284 1.3019741773605347
4285 1.37570321559906
4286 1.1736986637115479
4287 1.1513835191726685
4288 1.1699249744415283
4289 1.210991621017456
4290 1.2733898162841797
4291 1.2054189443588257
4292 1.287043571472168
4293 1.2801544666290283
4294 1.1835161447525024
4295 1.2152217626571655
4296 1.1472798585891724
4297 0.9934003353118896
4298 1.1074150800704956
4299 1.174971103668213
4300 1.2562432289123535
4301 1.0898091793060303
4302 1.3008532524108887
4303 1.1587960720062256
4304 1.1626261472702026
4305 1.179728627204895
4306 1.4004621505737305
4307 1.5348200798034668
4308 1.478181004524231
4309 1.341476559638977
4310 1.126892328262329
4311 1.0449779033660889
4312 1.1572335958480835
4313 1.0715283155441284
4314 1.1448665857315063
4315 1.1220803260803223
4316 1.026423692703247
4317 1.1786255836486816
4318 1.2174527645111084
4319 1.0912121534347534
4320 1.1899417638778687
4321 1.1899499893188477
4322 1.1647955179214478
4323 1.2317105531692505
4324 1.1549276113510132
4325 1.1947681903839111
4326 1.2104082107543945
4327 1.0669615268707275
4328 1.0400276184082031
4329 1.2016664743423462
4330 1.1863566637039185
4331 1.2370697259902954
4332 1.2491118907928467
4333 1.214257836341858
4334 1.140121340751648
4335 1.132159948348999
4336 1.2186355590820312
4337 1.1821836233139038
4338 1.1096513271331787
4339 1.0937143564224243
4340 1.1140592098236084
4341 1.129905104637146
4342 1.1899244785308838
4343 1.090644121170044
4344 1.10932457447052
4345 1.224574089050293
4346 1.1306586265563965
4347 1.0409168004989624
4348 1.0181549787521362
4349 1.2090742588043213
4350 1.1013652086257935
4351 1.0978235006332397
4352 1.2179886102676392
4353 1.1276792287826538
4354 1.151938557624817
4355 1.182705044746399
4356 1.0763559341430664
4357 1.3482754230499268
4358 1.1224288940429688
4359 1.0183643102645874
4360 1.1312178373336792
4361 1.195189118385315
4362 1.1662691831588745
4363 1.148749589920044
4364 1.3700916767120361
4365 1.1364728212356567
4366 1.0980201959609985
4367 1.1807888746261597
4368 1.197290062904358
4369 1.0109449625015259
4370 1.1722865104675293
4371 1.1759997606277466
4372 1.085530161857605
4373 1.0004111528396606
4374 1.1044150590896606
4375 1.170417070388794
4376 1.1783283948898315
4377 1.2721054553985596
4378 1.2021929025650024
4379 1.213826060295105
4380 1.3278990983963013
4381 1.0720202922821045
4382 1.200413703918457
4383 1.2210347652435303
4384 1.180821180343628
4385 1.2020368576049805
4386 1.1064351797103882
4387 1.2854859828948975
4388 1.3084144592285156
4389 1.3885284662246704
4390 1.26207435131073
4391 1.1519136428833008
4392 1.0597472190856934
4393 1.1051081418991089
4394 1.1779543161392212
4395 1.2066768407821655
4396 1.1632908582687378
4397 1.1319836378097534
4398 1.1258736848831177
4399 1.2244493961334229
4400 1.2095530033111572
4401 1.0205265283584595
4402 1.1277520656585693
4403 1.138317584991455
4404 1.1451973915100098
4405 1.1884416341781616
4406 1.35457181930542
4407 1.2972954511642456
4408 1.1747056245803833
4409 1.1000795364379883
4410 1.2105882167816162
4411 1.2978711128234863
4412 1.4081180095672607
4413 1.211450219154358
4414 1.1062442064285278
4415 1.2118629217147827
4416 1.1838631629943848
4417 1.134723424911499
4418 1.258625864982605
4419 1.400465965270996
4420 1.2519609928131104
4421 1.2388780117034912
4422 1.1391665935516357
4423 1.2069225311279297
4424 1.1776894330978394
4425 1.3647600412368774
4426 1.408715009689331
4427 1.3280401229858398
4428 1.3742899894714355
4429 1.2914069890975952
4430 1.3997770547866821
4431 1.382222056388855
4432 1.52820885181427
4433 1.4860841035842896
4434 1.3374115228652954
4435 1.262286901473999
4436 1.208878993988037
4437 1.5046621561050415
4438 1.2855989933013916
4439 1.5151005983352661
4440 1.2321425676345825
4441 1.4130874872207642
4442 1.3035465478897095
4443 1.268784761428833
4444 1.3390910625457764
4445 1.3164522647857666
4446 1.3648327589035034
4447 1.442073941230774
4448 1.294963002204895
4449 1.195515513420105
4450 1.1314888000488281
4451 1.1531379222869873
4452 1.1315685510635376
4453 0.9359146952629089
4454 1.1404998302459717
4455 1.1172586679458618
4456 1.2043734788894653
4457 1.094271183013916
4458 1.1401829719543457
4459 1.089490532875061
4460 1.0879969596862793
4461 1.1869932413101196
4462 1.1874111890792847
4463 1.1355657577514648
4464 1.3305507898330688
4465 1.251670002937317
4466 1.2335903644561768
4467 1.3387889862060547
4468 1.2575626373291016
4469 1.121581792831421
4470 1.0352295637130737
4471 1.2021088600158691
4472 1.1101571321487427
4473 1.3059444427490234
4474 1.188339114189148
4475 1.253233551979065
4476 1.1985297203063965
4477 1.3244692087173462
4478 1.2959266901016235
4479 1.1393249034881592
4480 1.1844419240951538
4481 1.104597806930542
4482 1.18727707862854
4483 1.1229915618896484
4484 0.9889646172523499
4485 1.3142013549804688
4486 1.2078096866607666
4487 1.2668194770812988
4488 1.1568325757980347
4489 1.131799340248108
4490 1.1921571493148804
4491 1.1159745454788208
4492 1.0535541772842407
4493 1.1108559370040894
4494 1.1867402791976929
4495 1.211869478225708
4496 1.3852097988128662
4497 1.3388932943344116
4498 1.3447141647338867
4499 1.287793755531311
4500 1.344285249710083
4501 1.3380231857299805
4502 1.3647534847259521
4503 1.3170483112335205
4504 1.1602834463119507
4505 1.2713203430175781
4506 1.2226139307022095
4507 1.3110944032669067
4508 1.2553176879882812
4509 1.1547212600708008
4510 1.1090956926345825
4511 1.2909252643585205
4512 1.1664023399353027
4513 1.034751057624817
4514 1.2494219541549683
4515 1.223973274230957
4516 1.3271626234054565
4517 1.4797824621200562
4518 1.1468909978866577
4519 1.3208093643188477
4520 1.2836993932724
4521 1.132031798362732
4522 1.104530930519104
4523 1.2499812841415405
4524 1.1817651987075806
4525 1.439414381980896
4526 1.1723171472549438
4527 1.1481173038482666
4528 1.2143303155899048
4529 1.1443607807159424
4530 1.1296330690383911
4531 1.0876134634017944
4532 1.0998212099075317
4533 1.187225341796875
4534 1.1173934936523438
4535 1.2227686643600464
4536 1.069523572921753
4537 1.1261056661605835
4538 1.0201483964920044
4539 1.0123344659805298
4540 1.084471583366394
4541 1.0863059759140015
4542 1.3536585569381714
4543 1.311867117881775
4544 1.148890495300293
4545 1.1850199699401855
4546 1.4407378435134888
4547 1.2709758281707764
4548 1.2501639127731323
4549 1.2463926076889038
4550 1.2741358280181885
4551 1.3386831283569336
4552 1.113458275794983
4553 1.0652605295181274
4554 1.1410377025604248
4555 1.1616941690444946
4556 1.3279709815979004
4557 1.156073808670044
4558 1.3095353841781616
4559 1.488904595375061
4560 1.1482434272766113
4561 1.2895041704177856
4562 1.0964025259017944
4563 1.1716388463974
4564 1.1573508977890015
4565 1.1272082328796387
4566 1.2069045305252075
4567 1.2621071338653564
4568 1.2261173725128174
4569 1.1075103282928467
4570 1.1867711544036865
4571 1.2080122232437134
4572 1.2500942945480347
4573 1.1866042613983154
4574 1.3429985046386719
4575 1.4091733694076538
4576 1.1946905851364136
4577 1.1326650381088257
4578 1.1218470335006714
4579 1.1756038665771484
4580 1.0691249370574951
4581 1.0222686529159546
4582 1.030151128768921
4583 1.003884196281433
4584 1.1432580947875977
4585 1.0715043544769287
4586 1.2469549179077148
4587 1.0650081634521484
4588 1.2878906726837158
4589 1.1973118782043457
4590 1.2689495086669922
4591 1.2986829280853271
4592 1.146275281906128
4593 1.2281618118286133
4594 1.0640851259231567
4595 1.2451376914978027
4596 1.26857328414917
4597 1.1857951879501343
4598 1.2689820528030396
4599 1.1705752611160278
4600 1.246171474456787
4601 1.1973490715026855
4602 1.2529513835906982
4603 1.2026848793029785
4604 1.165513515472412
4605 1.2737466096878052
4606 1.2430541515350342
4607 1.1511945724487305
4608 1.412832498550415
4609 1.4991745948791504
4610 1.0895485877990723
4611 1.1874366998672485
4612 1.152551293373108
4613 1.1602240800857544
4614 1.1472055912017822
4615 1.1956276893615723
4616 1.215107798576355
4617 1.1895548105239868
4618 1.1320244073867798
4619 1.0429598093032837
4620 1.110687255859375
4621 1.2382311820983887
4622 1.1656519174575806
4623 1.1195062398910522
4624 1.200594425201416
4625 1.1748400926589966
4626 1.13260018825531
4627 1.251023530960083
4628 1.140766978263855
4629 1.0983165502548218
4630 1.2159520387649536
4631 1.2064032554626465
4632 1.1219305992126465
4633 1.248590350151062
4634 1.245957374572754
4635 1.3418774604797363
4636 1.2052888870239258
4637 1.2828058004379272
4638 1.2670338153839111
4639 1.2875250577926636
4640 1.1626592874526978
4641 1.114636778831482
4642 1.2320706844329834
4643 1.1668833494186401
4644 1.0918927192687988
4645 1.2121975421905518
4646 1.1219819784164429
4647 1.2786201238632202
4648 1.364327073097229
4649 1.1722699403762817
4650 1.2574350833892822
4651 1.4043501615524292
4652 1.26529061794281
4653 1.2675472497940063
4654 1.3014416694641113
4655 1.399622917175293
4656 1.1934351921081543
4657 1.2673563957214355
4658 1.3031527996063232
4659 1.2128642797470093
4660 1.2757794857025146
4661 1.2244913578033447
4662 1.2207268476486206
4663 1.221779465675354
4664 1.148923635482788
4665 1.2483593225479126
4666 1.1881471872329712
4667 1.07206392288208
4668 1.341486930847168
4669 1.2134276628494263
4670 1.3091988563537598
4671 1.1725744009017944
4672 1.1812776327133179
4673 1.0466371774673462
4674 1.0433106422424316
4675 1.0593386888504028
4676 1.1013727188110352
4677 1.281903624534607
4678 1.0842969417572021
4679 1.2356680631637573
4680 1.1641874313354492
4681 1.1731568574905396
4682 1.2851375341415405
4683 1.1618605852127075
4684 1.160283088684082
4685 1.1003276109695435
4686 1.2060436010360718
4687 1.0365734100341797
4688 1.0397897958755493
4689 1.1943602561950684
4690 1.2087284326553345
4691 1.124454379081726
4692 1.243309497833252
4693 1.5367555618286133
4694 1.476872205734253
4695 1.3035537004470825
4696 1.0834808349609375
4697 1.3642222881317139
4698 1.2732726335525513
4699 1.2524290084838867
4700 1.2161928415298462
4701 1.1973868608474731
4702 1.194532871246338
4703 1.2016702890396118
4704 1.3642228841781616
4705 1.1913765668869019
4706 1.155519962310791
4707 1.190009593963623
4708 1.091168999671936
4709 1.2539315223693848
4710 1.3027093410491943
4711 1.2295022010803223
4712 1.061227560043335
4713 1.3395015001296997
4714 1.1582317352294922
4715 1.23054838180542
4716 1.2386833429336548
4717 1.0808876752853394
4718 1.047103762626648
4719 1.13765287399292
4720 1.174809455871582
4721 1.1377217769622803
4722 1.227536678314209
4723 1.2241417169570923
4724 1.2992968559265137
4725 1.2873705625534058
4726 1.4490470886230469
4727 1.203270435333252
4728 1.1379802227020264
4729 1.1099028587341309
4730 1.1747081279754639
4731 1.3084172010421753
4732 1.0969445705413818
4733 1.1716920137405396
4734 1.313342571258545
4735 1.2223622798919678
4736 1.268097162246704
4737 1.3985811471939087
4738 1.28445303440094
4739 1.4980953931808472
4740 1.2579505443572998
4741 1.1834145784378052
4742 1.199417233467102
4743 1.283869981765747
4744 1.2349187135696411
4745 1.0333685874938965
4746 1.1316224336624146
4747 1.268589973449707
4748 1.150862455368042
4749 1.3160300254821777
4750 1.2845982313156128
4751 1.3025580644607544
4752 1.2156929969787598
4753 1.2345833778381348
4754 1.1327564716339111
4755 1.188525676727295
4756 1.1384960412979126
4757 1.2297873497009277
4758 1.135087251663208
4759 1.1267156600952148
4760 1.2695608139038086
4761 1.1761168241500854
4762 1.2114324569702148
4763 1.1590814590454102
4764 1.1149381399154663
4765 1.2469464540481567
4766 1.1696580648422241
4767 1.0949668884277344
4768 1.1224721670150757
4769 1.2758914232254028
4770 1.2341643571853638
4771 1.1368824243545532
4772 1.2956678867340088
4773 1.1326909065246582
4774 1.2644007205963135
4775 1.0471441745758057
4776 1.251692771911621
4777 1.1592755317687988
4778 1.108294129371643
4779 1.0964257717132568
4780 1.1345798969268799
4781 1.0594897270202637
4782 1.1006594896316528
4783 1.1501104831695557
4784 1.1605342626571655
4785 1.1062860488891602
4786 1.1723555326461792
4787 1.2824066877365112
4788 1.0036283731460571
4789 1.0771948099136353
4790 1.1264227628707886
4791 1.084708333015442
4792 1.098130702972412
4793 1.083039402961731
4794 1.2026044130325317
4795 1.141398310661316
4796 1.2048823833465576
4797 1.168317437171936
4798 1.0183866024017334
4799 1.0480655431747437
4800 1.1551611423492432
4801 1.2528387308120728
4802 1.0230586528778076
4803 1.276417851448059
4804 1.150978684425354
4805 1.2132983207702637
4806 1.2710158824920654
4807 1.1158578395843506
4808 1.2177022695541382
4809 1.3248870372772217
4810 1.1746207475662231
4811 1.309008002281189
4812 1.2031340599060059
4813 1.14191734790802
4814 1.2471786737442017
4815 1.1548362970352173
4816 1.2761600017547607
4817 1.1242709159851074
4818 1.074057698249817
4819 1.1444566249847412
4820 1.1576181650161743
4821 1.1199488639831543
4822 1.1129716634750366
4823 1.1294645071029663
4824 1.2657806873321533
4825 1.3403228521347046
4826 1.266288161277771
4827 1.3856816291809082
4828 1.0677056312561035
4829 1.258882761001587
4830 1.2244560718536377
4831 1.199471116065979
4832 1.207079529762268
4833 1.2870204448699951
4834 1.254345178604126
4835 1.0108311176300049
4836 1.2034192085266113
4837 1.156764268875122
4838 1.2614316940307617
4839 1.101194977760315
4840 1.1387006044387817
4841 1.0904992818832397
4842 1.2556995153427124
4843 1.1242506504058838
4844 1.0776467323303223
4845 1.134316086769104
4846 1.0293806791305542
4847 1.2400544881820679
4848 1.030932068824768
4849 1.134662389755249
4850 1.2485172748565674
4851 1.0731675624847412
4852 1.1084632873535156
4853 1.306058406829834
4854 1.271438479423523
4855 1.0950899124145508
4856 1.071114420890808
4857 1.0184085369110107
4858 1.2684729099273682
4859 1.1352629661560059
4860 1.1064115762710571
4861 1.2729238271713257
4862 1.2717307806015015
4863 1.2019456624984741
4864 1.221596360206604
4865 1.1690481901168823
4866 1.085587978363037
4867 1.0803295373916626
4868 1.0177768468856812
4869 1.233091115951538
4870 1.0450243949890137
4871 1.159714698791504
4872 1.1777898073196411
4873 1.0958276987075806
4874 1.3044670820236206
4875 1.3531179428100586
4876 1.0703459978103638
4877 1.172855257987976
4878 1.0245624780654907
4879 1.1334153413772583
4880 1.0878100395202637
4881 1.1610586643218994
4882 1.0541009902954102
4883 1.2856786251068115
4884 1.1243983507156372
4885 1.0792523622512817
4886 1.0978366136550903
4887 1.3778005838394165
4888 1.0970392227172852
4889 1.0444585084915161
4890 1.3006041049957275
4891 1.1499744653701782
4892 1.237965703010559
4893 1.1528208255767822
4894 1.1379541158676147
4895 1.2313783168792725
4896 1.1973999738693237
4897 1.0793156623840332
4898 1.2902024984359741
4899 1.3549563884735107
4900 1.2305065393447876
4901 1.245737910270691
4902 1.56183922290802
4903 1.1329959630966187
4904 1.1233409643173218
4905 1.1569819450378418
4906 1.1961908340454102
4907 1.0830698013305664
4908 1.1683670282363892
4909 1.1288073062896729
4910 1.2050353288650513
4911 1.2539958953857422
4912 1.178405523300171
4913 1.1971828937530518
4914 1.2637858390808105
4915 1.2266970872879028
4916 1.0887356996536255
4917 1.2246644496917725
4918 1.139511227607727
4919 1.2350085973739624
4920 1.0723859071731567
4921 1.0295859575271606
4922 0.9938284754753113
4923 1.0556312799453735
4924 0.9950476884841919
4925 1.0177321434020996
4926 1.0190138816833496
4927 1.129921793937683
4928 1.2352720499038696
4929 1.1057442426681519
4930 1.160414218902588
4931 0.9844084978103638
4932 1.01606285572052
4933 1.2585010528564453
4934 1.1948843002319336
4935 1.1859793663024902
4936 1.191715121269226
4937 1.2143242359161377
4938 1.159934401512146
4939 1.4381248950958252
4940 1.1345499753952026
4941 1.2493764162063599
4942 1.2670795917510986
4943 1.1672590970993042
4944 1.076235055923462
4945 1.1000760793685913
4946 1.1449967622756958
4947 1.1188716888427734
4948 1.2366923093795776
4949 1.316340446472168
4950 1.2212998867034912
4951 1.2618577480316162
4952 1.1494688987731934
4953 1.1333250999450684
4954 1.0906832218170166
4955 1.1208162307739258
4956 1.37039053440094
4957 1.2345300912857056
4958 1.2091718912124634
4959 1.1755510568618774
4960 1.2137879133224487
4961 1.214136004447937
4962 1.182470679283142
4963 1.2091788053512573
4964 1.2406845092773438
4965 1.0813171863555908
4966 1.4337037801742554
4967 1.1175035238265991
4968 1.1804009675979614
4969 1.3280444145202637
4970 1.2039470672607422
4971 1.0591334104537964
4972 1.3777928352355957
4973 1.2986079454421997
4974 1.3721522092819214
4975 1.3932503461837769
4976 1.1971147060394287
4977 1.288439154624939
4978 1.3605823516845703
4979 1.2187641859054565
4980 1.2632499933242798
4981 1.1211891174316406
4982 1.1777846813201904
4983 1.126786708831787
4984 1.2406319379806519
4985 1.2042527198791504
4986 1.1109219789505005
4987 1.2006138563156128
4988 1.3309720754623413
4989 1.2611879110336304
4990 1.1445802450180054
4991 1.2546684741973877
4992 1.2508111000061035
4993 1.1158535480499268
4994 1.2091639041900635
4995 1.1605572700500488
4996 1.288771152496338
4997 1.2362316846847534
4998 1.1083388328552246
4999 1.1748816967010498
5000 1.1167359352111816

