
1 1.7203975915908813
2 1.9395817518234253
3 1.7395654916763306
4 1.8512877225875854
5 1.8722132444381714
6 1.825972318649292
7 1.9344929456710815
8 2.1661736965179443
9 1.7704299688339233
10 2.1894490718841553
11 1.995336890220642
12 1.8857216835021973
13 2.0662240982055664
14 2.018187999725342
15 1.8727178573608398
16 2.0776493549346924
17 2.00765323638916
18 2.078362226486206
19 2.1845943927764893
20 2.3406310081481934
21 2.35371470451355
22 2.258774757385254
23 2.3948543071746826
24 2.4219062328338623
25 2.2151455879211426
26 2.4667508602142334
27 2.362959384918213
28 2.450915813446045
29 2.481283664703369
30 2.5441949367523193
31 2.528484582901001
32 2.504060983657837
33 2.5239880084991455
34 2.6902012825012207
35 2.431697130203247
36 2.4309256076812744
37 2.45998215675354
38 2.7324790954589844
39 2.5669443607330322
40 2.478505849838257
41 2.7820966243743896
42 2.688948631286621
43 2.8174450397491455
44 2.669433355331421
45 2.6339380741119385
46 2.5974459648132324
47 2.8247158527374268
48 2.5970332622528076
49 2.662079095840454
50 2.727715015411377
51 2.9029617309570312
52 2.942244529724121
53 2.835106372833252
54 2.616701602935791
55 2.903702735900879
56 2.860736131668091
57 2.8192601203918457
58 2.9509661197662354
59 2.7159085273742676
60 3.05825138092041
61 3.054880380630493
62 3.1575608253479004
63 3.3941285610198975
64 3.0306098461151123
65 3.2336618900299072
66 2.977705240249634
67 3.127876043319702
68 3.4280073642730713
69 3.3174569606781006
70 3.4217991828918457
71 3.293405771255493
72 3.166184425354004
73 3.3016231060028076
74 3.1435773372650146
75 3.208562135696411
76 3.1081082820892334
77 3.4096741676330566
78 3.29777455329895
79 3.414771795272827
80 3.5391159057617188
81 3.4618144035339355
82 3.6087732315063477
83 3.6604557037353516
84 3.6285438537597656
85 3.4982197284698486
86 3.624892473220825
87 3.2339346408843994
88 3.5348873138427734
89 3.4808008670806885
90 3.4662861824035645
91 3.660865545272827
92 3.528977870941162
93 3.292026996612549
94 3.5614523887634277
95 3.3055918216705322
96 3.34970760345459
97 3.4152674674987793
98 3.188462972640991
99 3.4644417762756348
100 3.3273274898529053
101 3.454394817352295
102 3.3852498531341553
103 3.6242783069610596
104 3.6746225357055664
105 3.579850673675537
106 3.5849595069885254
107 3.3550260066986084
108 3.327348232269287
109 3.5679190158843994
110 3.29598069190979
111 3.335177421569824
112 3.350909471511841
113 3.2343690395355225
114 3.285093307495117
115 3.3345136642456055
116 3.14605712890625
117 3.223433256149292
118 3.542020320892334
119 3.4276108741760254
120 3.3994719982147217
121 3.6170151233673096
122 3.8603899478912354
123 3.7601206302642822
124 3.6778459548950195
125 3.343559503555298
126 3.2403531074523926
127 3.395996332168579
128 3.160839557647705
129 3.1661336421966553
130 3.140928268432617
131 3.621753692626953
132 3.364387273788452
133 3.161123275756836
134 3.1759979724884033
135 3.19669771194458
136 3.449361801147461
137 3.1689391136169434
138 3.3106870651245117
139 3.2968556880950928
140 3.407519578933716
141 3.41726016998291
142 3.4120452404022217
143 3.458097457885742
144 3.670379877090454
145 3.50386118888855
146 3.3844685554504395
147 3.472090244293213
148 3.51994252204895
149 3.4992878437042236
150 3.3781232833862305
151 3.77823543548584
152 3.662630558013916
153 3.605084180831909
154 3.393082857131958
155 3.7789227962493896
156 3.4681291580200195
157 3.570937156677246
158 3.3130853176116943
159 3.676211357116699
160 3.6574583053588867
161 3.4822821617126465
162 3.325406312942505
163 3.4302589893341064
164 3.5222959518432617
165 3.481576919555664
166 3.387014150619507
167 3.5097360610961914
168 3.4342970848083496
169 3.2441608905792236
170 3.3006508350372314
171 3.2809743881225586
172 3.509129047393799
173 3.6832711696624756
174 3.455022096633911
175 3.5520858764648438
176 3.642490863800049
177 3.5027029514312744
178 3.597196102142334
179 3.7809975147247314
180 3.5004501342773438
181 3.620373487472534
182 3.3713877201080322
183 3.6727054119110107
184 3.4910058975219727
185 3.5588016510009766
186 3.498244047164917
187 3.1204833984375
188 3.6465094089508057
189 3.238856792449951
190 3.3210113048553467
191 3.3038041591644287
192 3.2456159591674805
193 3.123685598373413
194 3.121112108230591
195 3.4305827617645264
196 3.3539249897003174
197 3.3044686317443848
198 3.1448981761932373
199 3.1802279949188232
200 3.2844879627227783
201 3.315769672393799
202 3.0974247455596924
203 3.4773449897766113
204 3.201972723007202
205 3.1312737464904785
206 3.1649434566497803
207 3.2835044860839844
208 3.1416866779327393
209 3.0770397186279297
210 3.158208131790161
211 3.1783828735351562
212 3.185483932495117
213 3.360100746154785
214 3.2016053199768066
215 3.193633556365967
216 2.968689441680908
217 3.1454226970672607
218 2.9597392082214355
219 2.9279682636260986
220 2.8802835941314697
221 2.996018886566162
222 2.884636402130127
223 2.772921085357666
224 2.77732515335083
225 3.0091094970703125
226 3.060704231262207
227 2.8932905197143555
228 2.9666733741760254
229 2.8465065956115723
230 2.903480291366577
231 2.6812803745269775
232 2.7202658653259277
233 2.855154037475586
234 2.7682793140411377
235 2.6967711448669434
236 2.702388048171997
237 2.666511297225952
238 2.8661231994628906
239 2.993269681930542
240 2.915224075317383
241 2.907052755355835
242 2.9127466678619385
243 3.0252625942230225
244 2.798654317855835
245 2.8096671104431152
246 3.098811388015747
247 3.0574426651000977
248 2.9238929748535156
249 2.988085985183716
250 2.716670513153076
251 2.7941951751708984
252 2.97414493560791
253 2.8115053176879883
254 2.7783994674682617
255 2.8464488983154297
256 2.921499013900757
257 3.112549066543579
258 3.247614622116089
259 3.0104384422302246
260 2.996385097503662
261 3.2400522232055664
262 3.2477283477783203
263 3.026670217514038
264 3.0328214168548584
265 2.9620540142059326
266 3.1827268600463867
267 3.1485466957092285
268 3.054187536239624
269 2.9144811630249023
270 3.101766586303711
271 3.183260440826416
272 3.6320650577545166
273 3.1677677631378174
274 3.2532572746276855
275 3.1114559173583984
276 3.334152936935425
277 3.312429904937744
278 3.2421720027923584
279 3.61173677444458
280 3.3193674087524414
281 3.5320885181427
282 3.358546018600464
283 3.1830410957336426
284 3.2719950675964355
285 3.245021343231201
286 3.1795248985290527
287 3.2770273685455322
288 3.239409923553467
289 3.291889190673828
290 3.2122998237609863
291 3.465146780014038
292 3.251760721206665
293 3.1245827674865723
294 3.368112325668335
295 3.5007057189941406
296 3.5372376441955566
297 3.2020394802093506
298 3.256852149963379
299 2.9494988918304443
300 3.244917392730713
301 2.9773337841033936
302 3.3993160724639893
303 3.424362897872925
304 3.1424596309661865
305 3.146965265274048
306 3.105017900466919
307 3.3159162998199463
308 3.231590747833252
309 3.127000093460083
310 3.1737115383148193
311 3.432701587677002
312 3.1498823165893555
313 3.150398015975952
314 3.240997314453125
315 3.2042009830474854
316 3.137280225753784
317 3.15364933013916
318 2.9199280738830566
319 2.907646656036377
320 3.1451027393341064
321 2.8927385807037354
322 3.0845067501068115
323 3.03842830657959
324 2.992518186569214
325 3.157623291015625
326 3.2418127059936523
327 3.3053576946258545
328 3.1094820499420166
329 3.502912759780884
330 3.1871798038482666
331 3.1676368713378906
332 3.2169418334960938
333 2.9050660133361816
334 3.1161797046661377
335 2.6384565830230713
336 3.0603320598602295
337 3.4356014728546143
338 2.994062662124634
339 2.9883875846862793
340 3.001398801803589
341 3.133295774459839
342 3.389970064163208
343 3.0379669666290283
344 3.0803964138031006
345 2.9562652111053467
346 3.274411201477051
347 3.336271286010742
348 2.7445452213287354
349 2.7890231609344482
350 2.9898266792297363
351 2.840899705886841
352 3.109375
353 2.716992139816284
354 2.77870774269104
355 2.6310927867889404
356 2.879317283630371
357 2.7474281787872314
358 3.0100443363189697
359 3.054900646209717
360 3.182250738143921
361 2.994149684906006
362 2.9491171836853027
363 2.935948133468628
364 2.925684690475464
365 2.786773920059204
366 2.688317060470581
367 2.791177988052368
368 2.7162842750549316
369 2.936861991882324
370 3.019861936569214
371 2.64107346534729
372 2.7004756927490234
373 2.9585471153259277
374 2.8461503982543945
375 2.961901903152466
376 2.8977081775665283
377 2.871758222579956
378 2.8995490074157715
379 2.8218960762023926
380 2.9704411029815674
381 2.7861220836639404
382 3.167522430419922
383 3.0747907161712646
384 2.718202590942383
385 2.8465323448181152
386 2.8180043697357178
387 2.911794424057007
388 2.9079461097717285
389 2.918489694595337
390 3.036299705505371
391 3.1186017990112305
392 3.0426361560821533
393 2.87451171875
394 2.8945629596710205
395 2.9741322994232178
396 3.132558584213257
397 2.891550302505493
398 2.926276922225952
399 2.9746689796447754
400 2.8565142154693604
401 3.04327392578125
402 2.9606125354766846
403 2.929067373275757
404 3.256772994995117
405 2.927827835083008
406 2.7751622200012207
407 3.067408323287964
408 2.8946473598480225
409 3.0088939666748047
410 2.8471696376800537
411 3.0060698986053467
412 2.953172206878662
413 3.0968799591064453
414 3.034555196762085
415 2.9382805824279785
416 3.1231000423431396
417 3.045330286026001
418 3.048459529876709
419 3.0913963317871094
420 3.2021124362945557
421 3.005514621734619
422 2.9692800045013428
423 3.0088655948638916
424 3.0544400215148926
425 3.145923614501953
426 2.9546029567718506
427 2.9414336681365967
428 2.814852237701416
429 2.818098545074463
430 2.979677677154541
431 3.0421142578125
432 2.838813066482544
433 2.9855406284332275
434 3.053532600402832
435 3.0291006565093994
436 3.089890956878662
437 3.098114013671875
438 2.888930559158325
439 3.0854134559631348
440 3.0969936847686768
441 3.1774003505706787
442 3.122535228729248
443 3.2093231678009033
444 3.3973841667175293
445 3.0907437801361084
446 3.2834131717681885
447 3.1440789699554443
448 3.121004819869995
449 3.2034378051757812
450 3.0744614601135254
451 2.999908685684204
452 3.2715542316436768
453 3.1671102046966553
454 3.3125405311584473
455 3.100978136062622
456 3.236703395843506
457 3.231424331665039
458 3.013772487640381
459 3.424511432647705
460 3.094585657119751
461 3.347177505493164
462 3.2472610473632812
463 3.437915563583374
464 3.2317516803741455
465 3.0912301540374756
466 3.443962574005127
467 3.1144485473632812
468 3.019298791885376
469 3.057157278060913
470 3.223594903945923
471 3.2722716331481934
472 3.200491189956665
473 3.3079614639282227
474 3.289980411529541
475 3.0517385005950928
476 2.9360544681549072
477 3.2448112964630127
478 3.3467304706573486
479 3.402522087097168
480 3.259235382080078
481 3.0148706436157227
482 2.98986554145813
483 3.1472365856170654
484 3.0471742153167725
485 2.9459640979766846
486 3.068876266479492
487 2.9719598293304443
488 3.2254867553710938
489 2.7645161151885986
490 3.0575435161590576
491 3.346358299255371
492 2.7833147048950195
493 2.989853858947754
494 3.0121772289276123
495 3.013514280319214
496 2.964679718017578
497 3.001842975616455
498 3.0626487731933594
499 2.934913396835327
500 2.972379684448242
501 2.93959641456604
502 2.898404836654663
503 2.741950273513794
504 2.8244121074676514
505 2.856619119644165
506 2.660036087036133
507 2.7212324142456055
508 2.655517339706421
509 2.666594982147217
510 2.7549338340759277
511 2.7086477279663086
512 3.0932583808898926
513 2.835296630859375
514 2.7523553371429443
515 2.7913339138031006
516 2.7673723697662354
517 3.021543264389038
518 2.9003114700317383
519 2.7633838653564453
520 2.8159890174865723
521 2.8794384002685547
522 2.8303751945495605
523 2.890643358230591
524 3.009155750274658
525 3.111748695373535
526 3.1601216793060303
527 3.1955432891845703
528 3.0001518726348877
529 2.9907681941986084
530 3.0707952976226807
531 3.001534938812256
532 3.103032350540161
533 3.163439989089966
534 2.8656954765319824
535 2.8625967502593994
536 2.842726230621338
537 3.2432141304016113
538 2.758305072784424
539 2.910801649093628
540 2.9416511058807373
541 3.1345951557159424
542 2.9561495780944824
543 3.0486350059509277
544 3.0469305515289307
545 3.050764560699463
546 2.99674916267395
547 3.106522560119629
548 2.927039861679077
549 3.0241751670837402
550 3.0760529041290283
551 2.8117434978485107
552 2.9360647201538086
553 2.948650598526001
554 3.0146403312683105
555 2.9140422344207764
556 2.9405698776245117
557 3.140994071960449
558 3.052617311477661
559 2.9447124004364014
560 2.906071186065674
561 2.6772077083587646
562 2.770636796951294
563 3.054058790206909
564 3.1065046787261963
565 2.9981157779693604
566 3.024583339691162
567 3.1726925373077393
568 2.9349818229675293
569 2.874533176422119
570 3.036245822906494
571 3.1460907459259033
572 3.2213363647460938
573 2.9296200275421143
574 3.0887815952301025
575 2.953509569168091
576 2.898648738861084
577 2.9363908767700195
578 3.159794569015503
579 2.941812038421631
580 2.927797794342041
581 3.16426157951355
582 2.9228622913360596
583 2.680476427078247
584 2.8492658138275146
585 2.9261717796325684
586 2.7865347862243652
587 2.844949960708618
588 2.7885963916778564
589 2.50414776802063
590 2.5911834239959717
591 2.6418662071228027
592 2.5762245655059814
593 2.627713680267334
594 2.6426355838775635
595 2.6953234672546387
596 2.7705698013305664
597 2.958014965057373
598 3.0733652114868164
599 3.031618595123291
600 3.010532855987549
601 2.6328608989715576
602 2.957371473312378
603 3.1060404777526855
604 2.930314779281616
605 2.850332498550415
606 3.2302393913269043
607 3.010957956314087
608 3.034977436065674
609 2.7879726886749268
610 3.131056547164917
611 2.9342949390411377
612 3.0620102882385254
613 2.8137848377227783
614 2.5248067378997803
615 2.718985080718994
616 2.862274169921875
617 2.864567756652832
618 2.9679853916168213
619 2.8857805728912354
620 2.988163471221924
621 2.6444969177246094
622 2.8512425422668457
623 2.7228126525878906
624 2.860020160675049
625 2.9041168689727783
626 2.849602460861206
627 2.780421018600464
628 2.7410690784454346
629 2.8575387001037598
630 2.881547212600708
631 2.9460160732269287
632 2.970134735107422
633 2.84903621673584
634 2.798337936401367
635 2.9579415321350098
636 2.767535924911499
637 2.723653793334961
638 2.8854355812072754
639 2.9951367378234863
640 3.121922731399536
641 3.0400588512420654
642 2.9583892822265625
643 2.8289082050323486
644 2.822524309158325
645 2.8136298656463623
646 2.9015753269195557
647 2.5846505165100098
648 2.8687820434570312
649 2.8195581436157227
650 3.0224099159240723
651 2.8770980834960938
652 2.974764585494995
653 3.032177686691284
654 3.010789632797241
655 3.3705689907073975
656 3.2234654426574707
657 3.5041728019714355
658 3.190014123916626
659 3.203672409057617
660 3.420703411102295
661 3.0063095092773438
662 2.993705987930298
663 2.8603882789611816
664 3.2122766971588135
665 2.9463400840759277
666 2.682058811187744
667 2.606081485748291
668 2.706009864807129
669 2.6022098064422607
670 2.572565793991089
671 2.618595838546753
672 2.7288436889648438
673 2.913288116455078
674 2.856536388397217
675 2.80737042427063
676 2.801165819168091
677 2.8304834365844727
678 2.808253049850464
679 2.94854998588562
680 3.0664048194885254
681 2.8147575855255127
682 3.036804676055908
683 2.8225536346435547
684 2.7974884510040283
685 2.6128458976745605
686 2.8745272159576416
687 3.203502893447876
688 2.880352258682251
689 2.8968536853790283
690 2.9878721237182617
691 2.952263832092285
692 3.0945277214050293
693 2.982438802719116
694 2.662959337234497
695 2.89603853225708
696 2.908745765686035
697 2.9482967853546143
698 2.6827261447906494
699 2.921015501022339
700 2.896162748336792
701 2.9847829341888428
702 3.232682943344116
703 3.5206477642059326
704 3.139578104019165
705 2.988154411315918
706 2.828523635864258
707 2.992173194885254
708 2.9727351665496826
709 2.876718282699585
710 2.9747660160064697
711 3.1014158725738525
712 3.0500192642211914
713 2.8527865409851074
714 2.722485303878784
715 2.6091105937957764
716 2.7154526710510254
717 2.6520228385925293
718 2.8470568656921387
719 2.9839513301849365
720 2.7834744453430176
721 2.7783358097076416
722 2.6852927207946777
723 2.977609634399414
724 2.9425816535949707
725 2.695390462875366
726 2.7763094902038574
727 2.810379981994629
728 2.9672224521636963
729 3.0356125831604004
730 2.9986369609832764
731 3.2072155475616455
732 2.846102237701416
733 2.8463826179504395
734 3.065889835357666
735 3.1178581714630127
736 2.980409860610962
737 3.0269081592559814
738 2.9674596786499023
739 3.1959500312805176
740 2.926464557647705
741 2.9955477714538574
742 2.9637906551361084
743 3.0874717235565186
744 3.2974183559417725
745 3.1441850662231445
746 3.030118703842163
747 3.2743473052978516
748 2.8197245597839355
749 2.9605555534362793
750 3.1062958240509033
751 3.0665781497955322
752 3.231407403945923
753 3.2917838096618652
754 3.032480239868164
755 3.04662823677063
756 3.0158841609954834
757 3.2124218940734863
758 3.350135087966919
759 3.2508339881896973
760 3.1444497108459473
761 3.255490303039551
762 3.103580951690674
763 3.0816407203674316
764 3.0746800899505615
765 3.0555503368377686
766 3.005053758621216
767 3.1404316425323486
768 3.039706230163574
769 3.2370288372039795
770 3.053741693496704
771 3.2918272018432617
772 3.480351448059082
773 3.3305294513702393
774 3.0904340744018555
775 3.2233502864837646
776 3.0318498611450195
777 3.152639389038086
778 3.223029851913452
779 3.3147330284118652
780 3.2424662113189697
781 3.5227737426757812
782 3.2249717712402344
783 3.5173070430755615
784 3.579098701477051
785 3.478771686553955
786 3.810495138168335
787 3.509479522705078
788 3.7615292072296143
789 3.7237401008605957
790 3.505889415740967
791 3.355165719985962
792 3.3055756092071533
793 3.4833998680114746
794 3.302661180496216
795 3.8533661365509033
796 3.7170255184173584
797 3.746015787124634
798 3.596688985824585
799 3.7340564727783203
800 3.614217519760132
801 3.61149525642395
802 3.7314834594726562
803 3.6195664405822754
804 3.6160595417022705
805 3.518949031829834
806 3.536367177963257
807 3.367326259613037
808 3.5553548336029053
809 3.269540786743164
810 3.3544766902923584
811 3.4215312004089355
812 3.3822896480560303
813 3.1528146266937256
814 3.2297420501708984
815 3.3721725940704346
816 3.2631475925445557
817 3.247809886932373
818 3.338125705718994
819 3.366703748703003
820 3.463611364364624
821 3.093618869781494
822 3.2478063106536865
823 3.1274185180664062
824 3.475752115249634
825 3.243040084838867
826 3.4163389205932617
827 3.929483413696289
828 3.4656972885131836
829 3.5910699367523193
830 3.2731847763061523
831 3.2962706089019775
832 3.061063766479492
833 3.3977811336517334
834 3.3554000854492188
835 3.6927249431610107
836 3.742142677307129
837 3.6093902587890625
838 3.593634605407715
839 3.276721477508545
840 2.986816167831421
841 3.223148822784424
842 3.405106544494629
843 3.3096208572387695
844 3.7132325172424316
845 3.500952959060669
846 3.6117100715637207
847 3.3081462383270264
848 3.2822370529174805
849 3.510037660598755
850 3.4790353775024414
851 3.435591220855713
852 3.1931605339050293
853 3.1447229385375977
854 3.1387617588043213
855 2.9562489986419678
856 3.2613203525543213
857 3.3338944911956787
858 3.2000675201416016
859 3.1165757179260254
860 2.8862125873565674
861 3.1189064979553223
862 3.251403570175171
863 3.1818430423736572
864 3.4039859771728516
865 3.5159873962402344
866 3.2031173706054688
867 3.238870620727539
868 3.3049042224884033
869 3.26011061668396
870 3.697601795196533
871 3.617549180984497
872 3.354020595550537
873 3.5709807872772217
874 3.2487428188323975
875 3.35265851020813
876 3.1439805030822754
877 3.4039878845214844
878 3.4190516471862793
879 3.4295804500579834
880 3.4502363204956055
881 3.41007399559021
882 3.4297728538513184
883 3.118539333343506
884 3.21329402923584
885 3.363318920135498
886 3.427173137664795
887 3.140399694442749
888 3.5208637714385986
889 3.460710048675537
890 3.234701156616211
891 3.1925723552703857
892 3.4093074798583984
893 3.2051870822906494
894 3.1866419315338135
895 3.3090660572052
896 3.2985713481903076
897 3.2779195308685303
898 3.171571969985962
899 3.2532951831817627
900 3.4883365631103516
901 3.3461670875549316
902 3.2084548473358154
903 3.159984588623047
904 3.1166913509368896
905 3.0265910625457764
906 2.8748903274536133
907 3.3335487842559814
908 3.1782045364379883
909 3.3456504344940186
910 3.0815353393554688
911 3.232065200805664
912 3.103316068649292
913 3.3730616569519043
914 3.085325241088867
915 3.2172818183898926
916 3.327759265899658
917 3.5077526569366455
918 3.0950076580047607
919 3.3033509254455566
920 3.08628511428833
921 3.1977732181549072
922 3.001166820526123
923 2.9833016395568848
924 2.885946750640869
925 3.056006908416748
926 3.3062708377838135
927 3.298048734664917
928 3.2247302532196045
929 3.149851083755493
930 3.1115520000457764
931 3.351719856262207
932 3.0082650184631348
933 3.2128729820251465
934 2.9811911582946777
935 2.9205565452575684
936 2.9656739234924316
937 3.1947238445281982
938 2.8382835388183594
939 3.0054306983947754
940 2.953843116760254
941 2.9409985542297363
942 2.9731502532958984
943 2.7635931968688965
944 3.068714141845703
945 3.1938042640686035
946 3.0549333095550537
947 3.277217388153076
948 3.1712586879730225
949 3.2064316272735596
950 3.3537561893463135
951 3.4574151039123535
952 3.39603590965271
953 3.2554798126220703
954 3.174872398376465
955 3.2303762435913086
956 2.9694855213165283
957 3.0794951915740967
958 2.9857537746429443
959 2.9636147022247314
960 3.255972385406494
961 3.182682991027832
962 2.979809045791626
963 3.161027669906616
964 2.9833199977874756
965 3.4161453247070312
966 3.391162395477295
967 3.312734365463257
968 3.5313143730163574
969 3.4128830432891846
970 3.2106380462646484
971 3.299215078353882
972 3.633181571960449
973 3.6160669326782227
974 3.599860906600952
975 3.2771100997924805
976 3.0958125591278076
977 3.2726709842681885
978 3.381230115890503
979 3.445192337036133
980 3.416517496109009
981 3.3970460891723633
982 3.394937753677368
983 3.6305437088012695
984 3.4696600437164307
985 3.502713918685913
986 3.509317398071289
987 3.553676128387451
988 3.401672601699829
989 3.2146270275115967
990 3.128920316696167
991 3.106095552444458
992 3.292834758758545
993 3.1498184204101562
994 3.134843587875366
995 3.2063584327697754
996 3.364838123321533
997 3.447934627532959
998 3.2664389610290527
999 3.481567621231079
1000 3.3085012435913086
1001 3.432589292526245
1002 3.3878982067108154
1003 3.405956268310547
1004 3.3767082691192627
1005 3.2481179237365723
1006 3.2811222076416016
1007 3.2615609169006348
1008 3.598698616027832
1009 3.4915525913238525
1010 3.6337199211120605
1011 3.5869879722595215
1012 3.158479690551758
1013 3.1934165954589844
1014 3.3430044651031494
1015 3.5575497150421143
1016 3.552934408187866
1017 3.527637004852295
1018 3.482693672180176
1019 3.4565365314483643
1020 3.7191646099090576
1021 3.820866584777832
1022 3.7778189182281494
1023 3.6167919635772705
1024 3.41120982170105
1025 3.476647138595581
1026 3.301865816116333
1027 3.2843477725982666
1028 3.1451382637023926
1029 3.5094730854034424
1030 3.197458267211914
1031 3.6499838829040527
1032 3.540736675262451
1033 3.4670958518981934
1034 3.36470890045166
1035 3.329880475997925
1036 3.2511649131774902
1037 3.454540729522705
1038 3.8340930938720703
1039 3.9304609298706055
1040 3.381962299346924
1041 3.4042041301727295
1042 3.5711443424224854
1043 3.421375036239624
1044 3.7049570083618164
1045 3.422316074371338
1046 3.4019241333007812
1047 3.5855257511138916
1048 3.747194766998291
1049 3.8119027614593506
1050 3.584362030029297
1051 3.561030626296997
1052 3.5768685340881348
1053 3.2803897857666016
1054 3.3804211616516113
1055 3.628441333770752
1056 3.213012218475342
1057 3.482473611831665
1058 3.495022773742676
1059 3.199542999267578
1060 3.3330090045928955
1061 3.342130422592163
1062 3.420652151107788
1063 3.300933837890625
1064 3.356232166290283
1065 3.2584564685821533
1066 3.291804075241089
1067 3.271965265274048
1068 3.4021568298339844
1069 3.418212652206421
1070 3.248080015182495
1071 3.600423574447632
1072 3.3595757484436035
1073 3.6260855197906494
1074 3.3985607624053955
1075 3.7272181510925293
1076 3.2076313495635986
1077 3.7445900440216064
1078 3.344388246536255
1079 3.4893124103546143
1080 3.2262065410614014
1081 3.3352131843566895
1082 3.165590524673462
1083 3.611814022064209
1084 3.200594186782837
1085 3.6210436820983887
1086 3.436546802520752
1087 3.372183084487915
1088 3.5007803440093994
1089 3.137993574142456
1090 3.330435276031494
1091 3.556126594543457
1092 3.646897554397583
1093 3.459158182144165
1094 3.440768003463745
1095 3.245316743850708
1096 3.230879545211792
1097 3.0502514839172363
1098 3.1650168895721436
1099 2.9980897903442383
1100 3.004920721054077
1101 3.06614089012146
1102 3.2469680309295654
1103 3.082284450531006
1104 3.1385812759399414
1105 3.1186563968658447
1106 3.0505824089050293
1107 3.139664888381958
1108 3.085655927658081
1109 3.2309067249298096
1110 3.0158472061157227
1111 3.62492299079895
1112 3.461357831954956
1113 3.361384630203247
1114 3.159937620162964
1115 3.1615843772888184
1116 3.2941644191741943
1117 3.3510191440582275
1118 3.331433057785034
1119 3.143514633178711
1120 3.0941975116729736
1121 3.240039110183716
1122 3.228764057159424
1123 3.5218405723571777
1124 3.2209315299987793
1125 3.334228038787842
1126 3.268545389175415
1127 3.260873794555664
1128 3.4317023754119873
1129 3.535611629486084
1130 3.2904229164123535
1131 3.386065721511841
1132 3.51444673538208
1133 3.3775501251220703
1134 3.391160011291504
1135 3.185319662094116
1136 3.4504127502441406
1137 3.311453342437744
1138 3.234691619873047
1139 3.289750576019287
1140 3.1831679344177246
1141 3.2065837383270264
1142 3.07896089553833
1143 3.3067173957824707
1144 3.392047882080078
1145 3.4324467182159424
1146 3.468984842300415
1147 3.2995834350585938
1148 3.3407304286956787
1149 3.402907371520996
1150 3.0539968013763428
1151 3.4287071228027344
1152 3.1516799926757812
1153 2.8514811992645264
1154 3.0794496536254883
1155 3.250769853591919
1156 2.7973225116729736
1157 2.8905372619628906
1158 3.12627911567688
1159 2.8685765266418457
1160 2.909907102584839
1161 2.990988254547119
1162 3.184774160385132
1163 3.3085222244262695
1164 3.088484287261963
1165 3.4550647735595703
1166 3.4167845249176025
1167 3.199688196182251
1168 3.2640628814697266
1169 3.461052417755127
1170 3.495817184448242
1171 3.392282485961914
1172 3.180558204650879
1173 3.5715067386627197
1174 3.4736132621765137
1175 3.3877134323120117
1176 2.9624414443969727
1177 3.295368194580078
1178 3.1379969120025635
1179 2.915443181991577
1180 3.0710551738739014
1181 3.0543277263641357
1182 3.2359235286712646
1183 3.3888609409332275
1184 2.929083824157715
1185 3.1159279346466064
1186 3.174178123474121
1187 3.081578493118286
1188 2.9056551456451416
1189 3.1801493167877197
1190 2.987523078918457
1191 2.855407953262329
1192 3.01629900932312
1193 3.0215511322021484
1194 3.1660594940185547
1195 3.035982847213745
1196 3.2282731533050537
1197 3.3614234924316406
1198 3.0785927772521973
1199 3.167602062225342
1200 3.144721269607544
1201 2.936084270477295
1202 3.1590356826782227
1203 3.2141973972320557
1204 3.221508264541626
1205 3.302931070327759
1206 3.316296339035034
1207 2.7950668334960938
1208 3.149078130722046
1209 3.038771390914917
1210 3.067674398422241
1211 3.176356315612793
1212 3.143489360809326
1213 3.225883960723877
1214 3.007920980453491
1215 3.1258385181427
1216 3.104315996170044
1217 3.1904783248901367
1218 3.2060720920562744
1219 3.0605971813201904
1220 3.1959941387176514
1221 3.148773193359375
1222 3.083174705505371
1223 3.2039642333984375
1224 3.184173107147217
1225 3.084636926651001
1226 2.897859811782837
1227 3.0209357738494873
1228 2.9438235759735107
1229 3.2016377449035645
1230 3.208486557006836
1231 3.109875440597534
1232 3.377912998199463
1233 3.301647663116455
1234 3.3116533756256104
1235 3.2206528186798096
1236 3.1702451705932617
1237 3.048597812652588
1238 3.5955252647399902
1239 3.025585412979126
1240 3.133769989013672
1241 2.9872286319732666
1242 3.5645365715026855
1243 3.4540340900421143
1244 3.2949061393737793
1245 3.196361780166626
1246 3.3822593688964844
1247 2.99721097946167
1248 3.112273693084717
1249 3.280909538269043
1250 3.3935885429382324
1251 3.471856117248535
1252 3.15472149848938
1253 3.8361427783966064
1254 3.332799196243286
1255 3.4755828380584717
1256 3.519587755203247
1257 3.3669891357421875
1258 3.222935199737549
1259 3.1271512508392334
1260 3.36869478225708
1261 3.2383272647857666
1262 3.1258811950683594
1263 3.154313087463379
1264 3.2954165935516357
1265 3.163853168487549
1266 3.1696321964263916
1267 3.2078473567962646
1268 3.1483206748962402
1269 3.080681800842285
1270 2.8970165252685547
1271 3.0220813751220703
1272 2.987762689590454
1273 3.068941354751587
1274 3.0253188610076904
1275 3.123102903366089
1276 3.0639724731445312
1277 3.169295072555542
1278 3.0155186653137207
1279 3.1400163173675537
1280 3.4863297939300537
1281 3.1631195545196533
1282 3.2496840953826904
1283 3.2801787853240967
1284 3.290405035018921
1285 3.046630382537842
1286 3.0238091945648193
1287 3.3142640590667725
1288 3.375556707382202
1289 3.0429916381835938
1290 3.047816753387451
1291 3.179321050643921
1292 3.1611082553863525
1293 3.417048692703247
1294 3.1139230728149414
1295 3.259117603302002
1296 3.3406567573547363
1297 3.311342716217041
1298 3.172183036804199
1299 3.142803907394409
1300 3.0162150859832764
1301 3.156247615814209
1302 3.232487678527832
1303 2.912660837173462
1304 3.0347585678100586
1305 2.9956467151641846
1306 3.058079719543457
1307 3.1538798809051514
1308 3.045783281326294
1309 2.8747782707214355
1310 2.8785793781280518
1311 2.81844425201416
1312 3.0609238147735596
1313 2.7860395908355713
1314 2.904705762863159
1315 2.9486382007598877
1316 3.0643229484558105
1317 3.150535821914673
1318 3.063095808029175
1319 2.863516330718994
1320 3.0262138843536377
1321 3.2856698036193848
1322 3.2040514945983887
1323 3.048171043395996
1324 3.069171905517578
1325 3.2063894271850586
1326 3.148362398147583
1327 2.9245095252990723
1328 3.028864860534668
1329 2.889180898666382
1330 2.816110372543335
1331 3.029613733291626
1332 3.015856981277466
1333 2.936743974685669
1334 2.907883882522583
1335 3.0020501613616943
1336 2.9997987747192383
1337 2.949890375137329
1338 2.6876893043518066
1339 2.7777903079986572
1340 3.053473949432373
1341 2.9318368434906006
1342 3.201059579849243
1343 3.336466073989868
1344 3.286806344985962
1345 3.3881781101226807
1346 3.3054280281066895
1347 3.2152044773101807
1348 3.2270426750183105
1349 3.1497786045074463
1350 3.133396863937378
1351 3.132572650909424
1352 3.4250497817993164
1353 3.2995829582214355
1354 3.5461854934692383
1355 3.478057861328125
1356 3.567883014678955
1357 3.615112066268921
1358 3.765733003616333
1359 3.662358283996582
1360 3.6614105701446533
1361 3.7035610675811768
1362 3.6573352813720703
1363 3.2575268745422363
1364 3.5724663734436035
1365 3.5510644912719727
1366 3.401625156402588
1367 3.2016353607177734
1368 3.303788661956787
1369 3.3473024368286133
1370 3.8127241134643555
1371 3.5957107543945312
1372 3.5856773853302
1373 3.902951955795288
1374 3.3918612003326416
1375 3.221766948699951
1376 3.3450913429260254
1377 3.3741490840911865
1378 3.2826664447784424
1379 3.345519781112671
1380 3.657641887664795
1381 3.4789535999298096
1382 3.1953999996185303
1383 3.3987953662872314
1384 3.3057119846343994
1385 3.4094700813293457
1386 3.2965872287750244
1387 3.2597968578338623
1388 3.444739580154419
1389 3.507206678390503
1390 3.499420404434204
1391 3.4363081455230713
1392 3.525315046310425
1393 3.4972116947174072
1394 3.58657169342041
1395 3.575807809829712
1396 3.37762188911438
1397 3.566663980484009
1398 3.5327248573303223
1399 3.5680277347564697
1400 3.501450300216675
1401 3.504215717315674
1402 3.370577096939087
1403 3.5484747886657715
1404 3.5069384574890137
1405 3.554905652999878
1406 3.3713831901550293
1407 3.306082010269165
1408 3.819511890411377
1409 3.8350841999053955
1410 3.7068216800689697
1411 3.8416388034820557
1412 3.326042413711548
1413 3.8005762100219727
1414 3.5023610591888428
1415 3.202486991882324
1416 3.527796506881714
1417 3.486530303955078
1418 3.844188928604126
1419 3.4755749702453613
1420 3.5211446285247803
1421 3.346904754638672
1422 3.3382906913757324
1423 3.2233078479766846
1424 3.265690565109253
1425 3.323230266571045
1426 3.2798798084259033
1427 3.3635098934173584
1428 3.254096746444702
1429 3.3042242527008057
1430 3.244765281677246
1431 3.259887456893921
1432 3.270124912261963
1433 3.574580669403076
1434 3.6559958457946777
1435 3.4999048709869385
1436 3.636418581008911
1437 3.775139808654785
1438 3.460587739944458
1439 3.762446880340576
1440 3.7427117824554443
1441 3.398320436477661
1442 3.413867712020874
1443 3.024441957473755
1444 3.2826592922210693
1445 3.196343421936035
1446 3.1768808364868164
1447 3.2814223766326904
1448 3.3298473358154297
1449 3.2826569080352783
1450 3.0782246589660645
1451 2.879387617111206
1452 3.0980429649353027
1453 3.006439685821533
1454 3.2915101051330566
1455 3.3487632274627686
1456 3.441129207611084
1457 3.5511693954467773
1458 3.5338563919067383
1459 3.219677448272705
1460 3.3121120929718018
1461 3.2966268062591553
1462 3.439544677734375
1463 3.4510815143585205
1464 3.439180850982666
1465 3.5700175762176514
1466 3.2360010147094727
1467 3.3736724853515625
1468 3.414576530456543
1469 3.695101261138916
1470 3.4975550174713135
1471 3.6503794193267822
1472 3.7598578929901123
1473 3.7270424365997314
1474 3.3379268646240234
1475 3.4636943340301514
1476 3.261671304702759
1477 3.688797950744629
1478 3.4299540519714355
1479 3.148353099822998
1480 2.9894750118255615
1481 2.9656569957733154
1482 3.207083225250244
1483 3.0910189151763916
1484 3.2609357833862305
1485 3.239516258239746
1486 3.3553106784820557
1487 3.3041915893554688
1488 3.1039083003997803
1489 2.9640591144561768
1490 2.997488260269165
1491 3.0978729724884033
1492 2.964263439178467
1493 2.922788381576538
1494 3.0530216693878174
1495 3.0012447834014893
1496 2.9296789169311523
1497 2.834961414337158
1498 2.849013328552246
1499 3.1576273441314697
1500 3.068718194961548
1501 3.1235365867614746
1502 3.0811784267425537
1503 3.1661999225616455
1504 3.0219879150390625
1505 3.0557737350463867
1506 2.905292272567749
1507 2.7421936988830566
1508 2.9478836059570312
1509 2.7819161415100098
1510 2.748828411102295
1511 2.964853048324585
1512 3.0373287200927734
1513 2.905242443084717
1514 2.8221254348754883
1515 3.1902196407318115
1516 3.251739025115967
1517 3.230600357055664
1518 3.064260721206665
1519 3.046638250350952
1520 3.2045414447784424
1521 3.0750014781951904
1522 3.2263176441192627
1523 3.1342363357543945
1524 3.185724973678589
1525 3.0833325386047363
1526 3.2047011852264404
1527 3.142957925796509
1528 3.172598123550415
1529 3.185912609100342
1530 3.097200632095337
1531 3.031651258468628
1532 2.7443459033966064
1533 2.938056230545044
1534 3.108099937438965
1535 2.760690212249756
1536 2.87355637550354
1537 2.980712890625
1538 2.9201998710632324
1539 3.211250066757202
1540 2.9105796813964844
1541 2.9802939891815186
1542 3.069767475128174
1543 2.825545072555542
1544 3.1351852416992188
1545 3.0568723678588867
1546 2.894211769104004
1547 2.9153335094451904
1548 2.806419610977173
1549 2.914970874786377
1550 2.8241684436798096
1551 2.8377530574798584
1552 2.792149543762207
1553 2.920498847961426
1554 2.969730854034424
1555 2.951796531677246
1556 2.7991294860839844
1557 3.0338516235351562
1558 2.9613914489746094
1559 3.187399387359619
1560 3.2802438735961914
1561 3.223270893096924
1562 3.413062810897827
1563 3.315206527709961
1564 3.331481456756592
1565 3.5220839977264404
1566 3.3131964206695557
1567 3.214503049850464
1568 3.3014414310455322
1569 3.202516555786133
1570 3.4237704277038574
1571 3.5095999240875244
1572 3.099778175354004
1573 3.305114984512329
1574 3.202608108520508
1575 3.2443289756774902
1576 3.5755481719970703
1577 3.4304401874542236
1578 3.5325613021850586
1579 3.479613780975342
1580 3.609318971633911
1581 3.4941842555999756
1582 3.7079267501831055
1583 3.5678915977478027
1584 3.389127492904663
1585 3.531787395477295
1586 3.5504703521728516
1587 3.770336151123047
1588 3.6240720748901367
1589 3.4836995601654053
1590 3.4934916496276855
1591 3.595460891723633
1592 3.493809461593628
1593 3.462770700454712
1594 3.359255075454712
1595 3.5608229637145996
1596 3.6799991130828857
1597 3.724179744720459
1598 3.7612016201019287
1599 3.807651996612549
1600 3.6958260536193848
1601 3.4938230514526367
1602 3.5258891582489014
1603 3.6312286853790283
1604 3.7963128089904785
1605 3.458651065826416
1606 3.237154245376587
1607 3.291466474533081
1608 3.3753442764282227
1609 3.193220615386963
1610 3.2262613773345947
1611 3.1975464820861816
1612 3.355248212814331
1613 3.6119682788848877
1614 3.525479555130005
1615 3.2836153507232666
1616 3.4420902729034424
1617 3.413304328918457
1618 3.2537193298339844
1619 3.4421799182891846
1620 3.7579598426818848
1621 3.5210351943969727
1622 3.3709380626678467
1623 3.5334553718566895
1624 3.599677562713623
1625 3.7278056144714355
1626 3.6526923179626465
1627 3.749117374420166
1628 3.6002390384674072
1629 3.9215567111968994
1630 3.9621012210845947
1631 3.6379075050354004
1632 3.71051025390625
1633 3.4616293907165527
1634 3.4228479862213135
1635 3.379608392715454
1636 3.3982880115509033
1637 3.5606279373168945
1638 3.5465757846832275
1639 3.4260413646698
1640 3.3623461723327637
1641 3.2702484130859375
1642 3.0887134075164795
1643 3.2602028846740723
1644 3.268070936203003
1645 3.3030779361724854
1646 3.364008665084839
1647 3.2435927391052246
1648 3.2215895652770996
1649 3.5393314361572266
1650 3.503960609436035
1651 3.411267042160034
1652 3.4723637104034424
1653 3.6476025581359863
1654 3.4653611183166504
1655 3.6823699474334717
1656 3.6245388984680176
1657 3.6343812942504883
1658 3.4060070514678955
1659 3.696333169937134
1660 3.552313804626465
1661 3.3731579780578613
1662 3.5959601402282715
1663 3.505218982696533
1664 3.6700258255004883
1665 3.7831478118896484
1666 3.85782527923584
1667 3.5771896839141846
1668 3.7781124114990234
1669 3.5217535495758057
1670 3.4912161827087402
1671 3.440696954727173
1672 3.5228610038757324
1673 3.559727668762207
1674 3.83648419380188
1675 3.7802112102508545
1676 3.6284878253936768
1677 3.427767038345337
1678 3.7663497924804688
1679 3.8216004371643066
1680 3.7950077056884766
1681 3.5271544456481934
1682 3.66253662109375
1683 3.773016929626465
1684 3.4288079738616943
1685 3.829357862472534
1686 3.7133162021636963
1687 3.7390241622924805
1688 3.532654047012329
1689 3.745147943496704
1690 3.5716552734375
1691 3.6216511726379395
1692 3.523841381072998
1693 3.435150146484375
1694 3.590322494506836
1695 3.69700026512146
1696 3.735187292098999
1697 3.511657476425171
1698 3.5452473163604736
1699 3.5378975868225098
1700 3.7236077785491943
1701 3.5935065746307373
1702 3.8019587993621826
1703 3.7465758323669434
1704 3.7035818099975586
1705 3.7945566177368164
1706 3.674647569656372
1707 3.7008113861083984
1708 3.6945960521698
1709 3.2281720638275146
1710 3.6255245208740234
1711 3.605585813522339
1712 3.5748353004455566
1713 3.4457662105560303
1714 3.542752265930176
1715 3.195526361465454
1716 3.5058488845825195
1717 3.3755574226379395
1718 3.380570650100708
1719 3.6853115558624268
1720 3.6273627281188965
1721 3.634664297103882
1722 3.8396191596984863
1723 3.426414728164673
1724 3.461113929748535
1725 3.351783275604248
1726 3.3762619495391846
1727 3.8580682277679443
1728 3.68550968170166
1729 3.345395803451538
1730 3.470062494277954
1731 3.565546989440918
1732 3.3994128704071045
1733 3.590991497039795
1734 3.5665624141693115
1735 3.4992835521698
1736 3.3571410179138184
1737 3.33225417137146
1738 3.5419206619262695
1739 3.525543451309204
1740 3.1483261585235596
1741 3.241750717163086
1742 3.141216516494751
1743 3.401501417160034
1744 3.784514904022217
1745 3.842501163482666
1746 3.632580518722534
1747 3.3775572776794434
1748 3.3336846828460693
1749 3.1235334873199463
1750 3.477034568786621
1751 3.2752749919891357
1752 2.9172847270965576
1753 3.467036485671997
1754 3.467642307281494
1755 3.442075729370117
1756 3.4163818359375
1757 3.1421334743499756
1758 2.8652405738830566
1759 2.878042221069336
1760 2.9640440940856934
1761 3.367245674133301
1762 3.3659756183624268
1763 3.441995859146118
1764 3.6743879318237305
1765 3.460336923599243
1766 3.345235586166382
1767 3.534397602081299
1768 3.578341484069824
1769 3.2166333198547363
1770 3.2723166942596436
1771 3.576465129852295
1772 3.564138889312744
1773 3.6215553283691406
1774 3.3607888221740723
1775 3.6358695030212402
1776 3.4955174922943115
1777 3.3181612491607666
1778 3.3959529399871826
1779 3.187680721282959
1780 3.3810462951660156
1781 3.2129034996032715
1782 3.22190260887146
1783 3.287550210952759
1784 3.365351676940918
1785 3.13944935798645
1786 3.394075870513916
1787 3.2185261249542236
1788 3.1647682189941406
1789 3.2865843772888184
1790 3.2822928428649902
1791 3.474144220352173
1792 3.483142852783203
1793 2.9441978931427
1794 2.8533120155334473
1795 2.9614059925079346
1796 2.9473447799682617
1797 2.9252750873565674
1798 2.9106311798095703
1799 3.261492967605591
1800 3.046804428100586
1801 3.140354871749878
1802 3.126554012298584
1803 3.142127513885498
1804 3.0087385177612305
1805 2.9540774822235107
1806 2.983909845352173
1807 3.0539228916168213
1808 3.177549362182617
1809 3.3842737674713135
1810 3.0048696994781494
1811 3.022198438644409
1812 2.923067092895508
1813 2.9558966159820557
1814 3.0796053409576416
1815 2.7949914932250977
1816 3.0908987522125244
1817 2.983429431915283
1818 3.199859142303467
1819 3.330204486846924
1820 3.057333469390869
1821 3.317180871963501
1822 3.2477591037750244
1823 3.306992530822754
1824 3.556187152862549
1825 3.590709686279297
1826 3.4467363357543945
1827 3.5366694927215576
1828 3.708453416824341
1829 3.488466501235962
1830 3.4039323329925537
1831 3.310140609741211
1832 3.306062936782837
1833 3.3439018726348877
1834 3.187077283859253
1835 3.120110034942627
1836 2.769939661026001
1837 3.005937099456787
1838 3.1676127910614014
1839 3.401405096054077
1840 3.181096315383911
1841 3.59796404838562
1842 3.381173610687256
1843 2.8988006114959717
1844 3.354201078414917
1845 3.2934815883636475
1846 3.116926908493042
1847 2.9893887042999268
1848 3.2696733474731445
1849 3.185822010040283
1850 3.1786341667175293
1851 3.0283663272857666
1852 2.975400686264038
1853 2.9681508541107178
1854 2.9894251823425293
1855 3.1150126457214355
1856 3.0086026191711426
1857 3.0125091075897217
1858 2.9943935871124268
1859 3.2603745460510254
1860 3.1278462409973145
1861 3.2811665534973145
1862 2.939220428466797
1863 3.448674440383911
1864 3.1301424503326416
1865 3.381181240081787
1866 3.2175989151000977
1867 2.993138313293457
1868 2.9722633361816406
1869 2.9075710773468018
1870 3.003279685974121
1871 3.0825536251068115
1872 3.157806158065796
1873 2.962074041366577
1874 3.0741658210754395
1875 2.919605016708374
1876 3.1018753051757812
1877 3.024139642715454
1878 3.0391905307769775
1879 2.7641589641571045
1880 2.919239044189453
1881 2.9623594284057617
1882 3.0498077869415283
1883 3.182539463043213
1884 3.217686414718628
1885 2.796961545944214
1886 2.991753339767456
1887 3.0034842491149902
1888 3.120652914047241
1889 2.774402618408203
1890 2.910282850265503
1891 2.971571207046509
1892 3.0330939292907715
1893 2.926323413848877
1894 2.9845685958862305
1895 2.8893496990203857
1896 2.7292428016662598
1897 2.680396318435669
1898 3.202693462371826
1899 2.8896877765655518
1900 3.162400245666504
1901 3.015932559967041
1902 2.938751459121704
1903 3.0965771675109863
1904 2.86028790473938
1905 2.8720951080322266
1906 2.9262611865997314
1907 3.063136100769043
1908 2.853579044342041
1909 2.9368064403533936
1910 2.7520601749420166
1911 2.876309633255005
1912 3.3597683906555176
1913 3.2881438732147217
1914 3.1588027477264404
1915 3.083831548690796
1916 2.9992783069610596
1917 3.0600037574768066
1918 2.899718761444092
1919 3.0691137313842773
1920 3.0245003700256348
1921 3.000044345855713
1922 2.9522292613983154
1923 2.986607313156128
1924 2.907135248184204
1925 3.011823892593384
1926 2.74668288230896
1927 3.3229622840881348
1928 3.1447229385375977
1929 2.889044761657715
1930 2.973938465118408
1931 2.962824583053589
1932 2.916536808013916
1933 3.1057543754577637
1934 3.2211923599243164
1935 3.0192809104919434
1936 2.8709309101104736
1937 3.0915095806121826
1938 2.932386636734009
1939 2.973283052444458
1940 2.861231803894043
1941 2.744506359100342
1942 2.9739372730255127
1943 2.980496644973755
1944 2.9227685928344727
1945 2.8628053665161133
1946 3.168522357940674
1947 2.797356128692627
1948 3.1066055297851562
1949 2.8180854320526123
1950 2.818650007247925
1951 2.928391933441162
1952 2.8962812423706055
1953 2.7828588485717773
1954 2.939908981323242
1955 2.905998706817627
1956 2.7660131454467773
1957 3.018087863922119
1958 3.276491403579712
1959 3.056596279144287
1960 3.1749322414398193
1961 3.272830009460449
1962 2.9891326427459717
1963 2.7679131031036377
1964 2.8614461421966553
1965 3.1717488765716553
1966 2.8312346935272217
1967 2.707484483718872
1968 3.1084487438201904
1969 3.2598183155059814
1970 3.2111475467681885
1971 3.4189794063568115
1972 2.9918620586395264
1973 3.164381980895996
1974 3.4636480808258057
1975 3.2926158905029297
1976 3.437833786010742
1977 3.395151376724243
1978 3.5989038944244385
1979 3.438865900039673
1980 3.5906982421875
1981 3.482557535171509
1982 3.0218558311462402
1983 2.9847962856292725
1984 3.039269208908081
1985 3.1502180099487305
1986 3.140720844268799
1987 2.943244218826294
1988 3.0811376571655273
1989 3.2266082763671875
1990 3.0471246242523193
1991 2.803194046020508
1992 2.6423680782318115
1993 2.6010489463806152
1994 2.5821175575256348
1995 2.7768678665161133
1996 2.644645929336548
1997 2.9184491634368896
1998 2.837108850479126
1999 3.0058536529541016
2000 2.826342821121216
2001 2.802734613418579
2002 2.8270559310913086
2003 3.041092872619629
2004 3.0710344314575195
2005 3.1984634399414062
2006 3.2375268936157227
2007 3.215670108795166
2008 3.2755308151245117
2009 2.9480302333831787
2010 3.131781578063965
2011 3.1142141819000244
2012 3.247584342956543
2013 3.12802791595459
2014 3.089761257171631
2015 3.4218921661376953
2016 3.2049403190612793
2017 3.5074565410614014
2018 3.245058059692383
2019 3.143815517425537
2020 3.0758535861968994
2021 3.2258100509643555
2022 3.1722512245178223
2023 3.0361204147338867
2024 3.0781664848327637
2025 3.02860951423645
2026 3.071169853210449
2027 3.046926259994507
2028 3.3310296535491943
2029 3.3174264430999756
2030 3.0502285957336426
2031 2.954946517944336
2032 3.2344136238098145
2033 2.9570062160491943
2034 2.8888697624206543
2035 2.9496848583221436
2036 3.193613290786743
2037 3.566394805908203
2038 3.492281913757324
2039 3.2367494106292725
2040 3.180166006088257
2041 3.3405067920684814
2042 3.151073932647705
2043 3.1407830715179443
2044 3.4183669090270996
2045 2.9983386993408203
2046 2.797595262527466
2047 2.8063883781433105
2048 2.8751745223999023
2049 2.8092126846313477
2050 2.9388537406921387
2051 3.44126033782959
2052 3.266028881072998
2053 3.266653060913086
2054 3.30607533454895
2055 3.106487989425659
2056 3.0785510540008545
2057 3.1640522480010986
2058 3.029036283493042
2059 3.079282760620117
2060 3.0534591674804688
2061 3.107274055480957
2062 3.0549001693725586
2063 2.990478038787842
2064 3.082167863845825
2065 3.060380220413208
2066 3.033071756362915
2067 2.913097381591797
2068 3.0866029262542725
2069 2.988394021987915
2070 2.7839818000793457
2071 2.8254196643829346
2072 2.7801527976989746
2073 2.9422812461853027
2074 2.812746524810791
2075 2.8686652183532715
2076 2.9430296421051025
2077 3.0941061973571777
2078 2.7206218242645264
2079 3.165034770965576
2080 3.1043004989624023
2081 3.1251509189605713
2082 3.061002492904663
2083 3.18117094039917
2084 2.995604991912842
2085 3.160158395767212
2086 3.055326461791992
2087 3.1098320484161377
2088 2.9003560543060303
2089 2.844686269760132
2090 3.0794291496276855
2091 2.8025155067443848
2092 2.7860159873962402
2093 2.937160015106201
2094 3.06946063041687
2095 2.917788505554199
2096 3.055084466934204
2097 3.046133518218994
2098 2.9910857677459717
2099 3.038691282272339
2100 2.960035562515259
2101 2.772366523742676
2102 2.6518449783325195
2103 2.811258316040039
2104 3.0262537002563477
2105 2.7409322261810303
2106 2.854243755340576
2107 2.9206502437591553
2108 3.030555009841919
2109 2.6707921028137207
2110 2.833468198776245
2111 2.8082687854766846
2112 3.0731799602508545
2113 3.070780038833618
2114 3.1882903575897217
2115 2.9025723934173584
2116 3.211751699447632
2117 3.159897565841675
2118 2.9944443702697754
2119 3.322836399078369
2120 3.1471078395843506
2121 3.4515380859375
2122 3.2050626277923584
2123 3.194704055786133
2124 3.1908185482025146
2125 3.1421782970428467
2126 3.038825273513794
2127 3.26784086227417
2128 3.3828113079071045
2129 3.3965115547180176
2130 3.2046241760253906
2131 3.1289074420928955
2132 3.2158501148223877
2133 3.427018642425537
2134 3.1947362422943115
2135 3.520371675491333
2136 3.405240058898926
2137 3.6690592765808105
2138 3.1736228466033936
2139 2.9922735691070557
2140 3.401425361633301
2141 3.0100457668304443
2142 3.0836684703826904
2143 3.119086742401123
2144 3.039052963256836
2145 3.321709394454956
2146 3.3050854206085205
2147 3.5663347244262695
2148 3.397463321685791
2149 3.0323293209075928
2150 3.390472412109375
2151 3.10524845123291
2152 3.0507993698120117
2153 3.307779312133789
2154 3.5808768272399902
2155 3.2885000705718994
2156 3.325099229812622
2157 3.5262553691864014
2158 3.386967658996582
2159 3.2150700092315674
2160 3.2714362144470215
2161 3.2525930404663086
2162 3.247610092163086
2163 3.157541513442993
2164 3.350891590118408
2165 3.5325751304626465
2166 3.4234745502471924
2167 3.0841140747070312
2168 2.9937992095947266
2169 3.0129172801971436
2170 2.9017865657806396
2171 2.7580292224884033
2172 3.0098280906677246
2173 2.983297348022461
2174 2.6022849082946777
2175 3.226456642150879
2176 3.049368143081665
2177 2.9507861137390137
2178 2.823044538497925
2179 3.257676839828491
2180 3.1297495365142822
2181 3.1135215759277344
2182 3.3829128742218018
2183 2.9000966548919678
2184 3.1883280277252197
2185 3.2165791988372803
2186 3.1647019386291504
2187 3.1412670612335205
2188 3.0580430030822754
2189 3.0718417167663574
2190 3.166802406311035
2191 2.8758771419525146
2192 3.028903007507324
2193 3.0282037258148193
2194 3.0116326808929443
2195 3.056886911392212
2196 3.024061441421509
2197 2.9778494834899902
2198 3.177302598953247
2199 3.1195642948150635
2200 2.9918317794799805
2201 2.8155441284179688
2202 2.750269889831543
2203 3.0448975563049316
2204 2.6779277324676514
2205 2.6454625129699707
2206 2.9541800022125244
2207 2.768531084060669
2208 2.9453766345977783
2209 2.936673164367676
2210 3.044250726699829
2211 2.9586122035980225
2212 3.024691343307495
2213 3.4885752201080322
2214 3.0190412998199463
2215 2.7517404556274414
2216 2.781001329421997
2217 3.0243427753448486
2218 3.2551679611206055
2219 2.783766746520996
2220 2.9604101181030273
2221 2.9197440147399902
2222 2.8846850395202637
2223 2.8591604232788086
2224 3.01662540435791
2225 3.174513578414917
2226 3.480609655380249
2227 3.3780059814453125
2228 3.209111452102661
2229 3.285797119140625
2230 3.1900649070739746
2231 3.1250228881835938
2232 3.214111566543579
2233 3.1360297203063965
2234 3.076582431793213
2235 2.7806601524353027
2236 3.280113697052002
2237 2.8283779621124268
2238 2.793522596359253
2239 2.978212356567383
2240 3.3298068046569824
2241 3.0049991607666016
2242 3.1933252811431885
2243 2.6400208473205566
2244 2.938180685043335
2245 3.079926013946533
2246 3.00042986869812
2247 2.9884538650512695
2248 3.056412696838379
2249 2.91654634475708
2250 3.020045757293701
2251 2.9031801223754883
2252 2.859971761703491
2253 3.0063812732696533
2254 2.9750218391418457
2255 2.553406238555908
2256 2.8799474239349365
2257 3.0926852226257324
2258 2.9636967182159424
2259 3.215235710144043
2260 3.213787794113159
2261 3.0063211917877197
2262 3.1190264225006104
2263 2.674168825149536
2264 2.8845322132110596
2265 3.0863394737243652
2266 2.881601333618164
2267 3.1390693187713623
2268 3.199206829071045
2269 3.0339362621307373
2270 2.980205535888672
2271 2.8595144748687744
2272 2.9630496501922607
2273 3.296269416809082
2274 3.117332696914673
2275 3.1810431480407715
2276 3.350492000579834
2277 3.565965414047241
2278 3.3277807235717773
2279 3.0960144996643066
2280 3.143718957901001
2281 3.5234129428863525
2282 3.299037218093872
2283 3.28179931640625
2284 3.371727705001831
2285 3.288905143737793
2286 3.2438857555389404
2287 3.402064085006714
2288 3.1550073623657227
2289 3.435425043106079
2290 3.164644956588745
2291 3.158634662628174
2292 3.2210659980773926
2293 3.2704503536224365
2294 3.168355703353882
2295 3.1153690814971924
2296 3.2027482986450195
2297 3.285504102706909
2298 3.1804616451263428
2299 3.1122846603393555
2300 3.0285372734069824
2301 3.4234588146209717
2302 3.5847549438476562
2303 3.25384783744812
2304 3.3037900924682617
2305 3.357783794403076
2306 3.1126627922058105
2307 3.1357836723327637
2308 3.2071597576141357
2309 3.3301658630371094
2310 3.2818448543548584
2311 3.555441379547119
2312 3.1778810024261475
2313 3.423314094543457
2314 3.28165864944458
2315 3.063110828399658
2316 3.594149351119995
2317 3.4529666900634766
2318 3.4220149517059326
2319 3.6749930381774902
2320 3.422661542892456
2321 3.5175392627716064
2322 3.2448480129241943
2323 2.938669204711914
2324 3.2276525497436523
2325 3.0110220909118652
2326 3.0705840587615967
2327 3.05254864692688
2328 3.3983302116394043
2329 3.7493696212768555
2330 3.369633674621582
2331 3.1482620239257812
2332 3.0599308013916016
2333 3.548367977142334
2334 3.675414562225342
2335 3.7255492210388184
2336 3.607846260070801
2337 3.957105875015259
2338 3.5616579055786133
2339 3.741198778152466
2340 3.960498571395874
2341 3.7671048641204834
2342 3.775437355041504
2343 3.941138982772827
2344 3.5744447708129883
2345 3.8430116176605225
2346 3.4727230072021484
2347 3.155761957168579
2348 3.0681397914886475
2349 3.3618996143341064
2350 3.1472959518432617
2351 2.9081318378448486
2352 3.297682046890259
2353 3.0410349369049072
2354 2.90932559967041
2355 3.1172146797180176
2356 2.9419825077056885
2357 2.8824567794799805
2358 2.870396614074707
2359 3.286254405975342
2360 3.468092918395996
2361 3.3773391246795654
2362 3.512420892715454
2363 3.240835428237915
2364 3.4510531425476074
2365 2.9098286628723145
2366 3.113065242767334
2367 3.0068483352661133
2368 2.7792205810546875
2369 2.8540213108062744
2370 2.957368850708008
2371 2.895953416824341
2372 2.9534754753112793
2373 3.103346586227417
2374 3.0973060131073
2375 3.0331339836120605
2376 3.194370985031128
2377 2.9863474369049072
2378 3.03413987159729
2379 3.2202165126800537
2380 3.0109939575195312
2381 3.2999343872070312
2382 3.0766072273254395
2383 3.132517099380493
2384 3.0783557891845703
2385 3.2223660945892334
2386 3.4647810459136963
2387 3.1865155696868896
2388 3.3132381439208984
2389 3.61141037940979
2390 3.2148430347442627
2391 3.1360971927642822
2392 3.254887580871582
2393 3.3608558177948
2394 3.2075321674346924
2395 3.4210245609283447
2396 3.3253579139709473
2397 3.493898868560791
2398 3.5832083225250244
2399 3.5444061756134033
2400 3.561368465423584
2401 3.854970693588257
2402 3.578157663345337
2403 3.564380168914795
2404 3.741020917892456
2405 3.677013397216797
2406 4.011409759521484
2407 3.796443223953247
2408 3.6913087368011475
2409 3.7249598503112793
2410 4.248405456542969
2411 4.466800689697266
2412 4.037833213806152
2413 4.054664611816406
2414 3.9278993606567383
2415 3.6150312423706055
2416 3.714047908782959
2417 3.842409610748291
2418 3.8947131633758545
2419 3.9235785007476807
2420 4.032097339630127
2421 3.9443752765655518
2422 3.9269394874572754
2423 3.7533633708953857
2424 3.931752920150757
2425 3.889408588409424
2426 3.9755074977874756
2427 4.107281684875488
2428 4.101230621337891
2429 3.8741140365600586
2430 3.8021109104156494
2431 3.6697611808776855
2432 3.7575128078460693
2433 3.5659244060516357
2434 3.7152013778686523
2435 3.8198773860931396
2436 3.5732877254486084
2437 3.9040567874908447
2438 3.7265758514404297
2439 3.692270040512085
2440 3.8780455589294434
2441 3.767547845840454
2442 3.6024603843688965
2443 3.823850393295288
2444 3.6751396656036377
2445 3.7478537559509277
2446 3.6379239559173584
2447 3.7443528175354004
2448 3.7074761390686035
2449 3.783828020095825
2450 3.929877281188965
2451 4.017007827758789
2452 3.909034490585327
2453 3.967392683029175
2454 3.560825824737549
2455 3.6868155002593994
2456 3.7000479698181152
2457 3.932438611984253
2458 3.9082047939300537
2459 3.710951566696167
2460 3.537205934524536
2461 3.538874626159668
2462 3.2494657039642334
2463 3.311530590057373
2464 3.2923693656921387
2465 3.2908809185028076
2466 3.5287442207336426
2467 3.6867685317993164
2468 3.401327133178711
2469 3.403707981109619
2470 3.136601686477661
2471 3.00964093208313
2472 3.460420608520508
2473 3.033938407897949
2474 2.873229503631592
2475 3.1329073905944824
2476 3.0008790493011475
2477 3.0034525394439697
2478 3.235578775405884
2479 3.383376359939575
2480 3.1817846298217773
2481 3.0221171379089355
2482 3.0088307857513428
2483 3.1067287921905518
2484 3.182262420654297
2485 3.1403348445892334
2486 3.2685346603393555
2487 3.51412296295166
2488 3.3968632221221924
2489 3.299484968185425
2490 3.2572097778320312
2491 3.2332653999328613
2492 3.3782191276550293
2493 3.3154847621917725
2494 3.172934055328369
2495 3.2777304649353027
2496 3.333972454071045
2497 3.478428363800049
2498 3.16693115234375
2499 3.490004062652588
2500 3.1164114475250244
2501 3.0617854595184326
2502 3.230860948562622
2503 2.910536289215088
2504 3.192958354949951
2505 3.248582601547241
2506 3.1226325035095215
2507 3.304603338241577
2508 3.0212297439575195
2509 3.4342689514160156
2510 3.116265058517456
2511 3.064063787460327
2512 3.406055212020874
2513 3.399656057357788
2514 3.415721893310547
2515 3.1062893867492676
2516 3.3373520374298096
2517 3.463500499725342
2518 3.3658411502838135
2519 3.257692337036133
2520 3.4061965942382812
2521 3.1781885623931885
2522 3.622983932495117
2523 3.598620653152466
2524 3.628159523010254
2525 3.366290807723999
2526 3.490447998046875
2527 3.3622336387634277
2528 3.349945545196533
2529 3.3891241550445557
2530 3.733013868331909
2531 3.66937255859375
2532 3.4166595935821533
2533 3.377095937728882
2534 3.2435944080352783
2535 3.2686667442321777
2536 3.454606533050537
2537 3.1177659034729004
2538 2.973909616470337
2539 2.9867968559265137
2540 3.171448230743408
2541 3.1531882286071777
2542 3.0170512199401855
2543 3.249675989151001
2544 3.427841901779175
2545 3.26210618019104
2546 3.274188756942749
2547 3.126927614212036
2548 3.027270793914795
2549 3.1254987716674805
2550 3.252166271209717
2551 2.991427183151245
2552 3.276372194290161
2553 3.129607677459717
2554 3.0185439586639404
2555 3.1977155208587646
2556 3.210752487182617
2557 3.31364369392395
2558 2.9597585201263428
2559 3.010098457336426
2560 2.8992912769317627
2561 2.734804153442383
2562 2.840285539627075
2563 2.8645999431610107
2564 2.9554600715637207
2565 2.825838088989258
2566 3.1077218055725098
2567 3.2445600032806396
2568 3.0910162925720215
2569 2.9865033626556396
2570 2.9661524295806885
2571 2.8754005432128906
2572 2.848149061203003
2573 3.060401439666748
2574 2.903388023376465
2575 3.085927963256836
2576 2.7174625396728516
2577 3.3574328422546387
2578 3.0647997856140137
2579 2.92067813873291
2580 3.221386194229126
2581 3.4996471405029297
2582 3.1662180423736572
2583 2.9955053329467773
2584 3.1575329303741455
2585 3.468034267425537
2586 2.9931113719940186
2587 3.279712200164795
2588 3.2585291862487793
2589 3.504739284515381
2590 3.5042343139648438
2591 3.4189717769622803
2592 3.3364803791046143
2593 3.0999298095703125
2594 3.158621311187744
2595 3.0161874294281006
2596 2.999481439590454
2597 3.1013147830963135
2598 3.058499574661255
2599 3.199777126312256
2600 3.445826292037964
2601 3.3692266941070557
2602 3.369598865509033
2603 3.4393270015716553
2604 3.0238451957702637
2605 3.0701026916503906
2606 2.970886707305908
2607 3.1205074787139893
2608 3.4131336212158203
2609 3.2071707248687744
2610 3.212934970855713
2611 3.293639659881592
2612 3.469295024871826
2613 3.1947999000549316
2614 2.9582924842834473
2615 3.051434278488159
2616 3.3001644611358643
2617 3.2571945190429688
2618 3.644061803817749
2619 3.5711417198181152
2620 3.3280372619628906
2621 3.4262561798095703
2622 3.295541524887085
2623 3.280674934387207
2624 3.198620080947876
2625 3.3084864616394043
2626 3.38757061958313
2627 3.306797742843628
2628 3.2362887859344482
2629 3.485989570617676
2630 3.258174419403076
2631 3.2723793983459473
2632 3.0972042083740234
2633 3.020681858062744
2634 3.22135853767395
2635 2.991450309753418
2636 3.372006416320801
2637 3.423765182495117
2638 3.5688717365264893
2639 3.4591238498687744
2640 3.152672290802002
2641 3.258901357650757
2642 3.215925693511963
2643 3.4213924407958984
2644 3.700084686279297
2645 3.6320931911468506
2646 3.2665088176727295
2647 3.569157600402832
2648 3.410210609436035
2649 3.376389503479004
2650 3.530790328979492
2651 3.026151180267334
2652 3.1771647930145264
2653 2.912220001220703
2654 2.8608381748199463
2655 2.779158592224121
2656 2.8527657985687256
2657 2.6548335552215576
2658 2.7773494720458984
2659 2.8276803493499756
2660 2.7114243507385254
2661 2.6790122985839844
2662 2.9133715629577637
2663 3.0367543697357178
2664 3.2627651691436768
2665 3.119328260421753
2666 2.9755403995513916
2667 2.9265995025634766
2668 2.9398574829101562
2669 3.0125017166137695
2670 3.0101070404052734
2671 3.1881344318389893
2672 3.056227445602417
2673 3.1807169914245605
2674 2.9670639038085938
2675 2.9254837036132812
2676 3.222622871398926
2677 3.3245623111724854
2678 3.4263107776641846
2679 3.433055877685547
2680 2.9306423664093018
2681 3.3111109733581543
2682 2.91727352142334
2683 2.997499704360962
2684 2.979675769805908
2685 3.049711227416992
2686 3.085181713104248
2687 2.442627429962158
2688 2.992790699005127
2689 2.7551963329315186
2690 2.9758362770080566
2691 2.701388359069824
2692 2.736558675765991
2693 2.871166706085205
2694 2.981264114379883
2695 3.000389575958252
2696 2.8833324909210205
2697 2.67791748046875
2698 2.68263840675354
2699 2.918835401535034
2700 3.113734483718872
2701 3.1528420448303223
2702 3.0323846340179443
2703 3.0044949054718018
2704 2.89127516746521
2705 2.9468374252319336
2706 2.9215333461761475
2707 2.822117567062378
2708 2.936180353164673
2709 3.079322338104248
2710 3.027311325073242
2711 2.9910519123077393
2712 2.875514507293701
2713 3.1644582748413086
2714 3.1241061687469482
2715 3.01161527633667
2716 3.118842840194702
2717 3.116687536239624
2718 2.9439749717712402
2719 2.9413373470306396
2720 3.134554862976074
2721 3.0778133869171143
2722 2.817626714706421
2723 2.8996121883392334
2724 2.803942918777466
2725 2.7508630752563477
2726 2.8120932579040527
2727 2.7914555072784424
2728 2.7868614196777344
2729 2.8508248329162598
2730 2.748565912246704
2731 2.6446304321289062
2732 2.6193509101867676
2733 2.7482545375823975
2734 2.7311949729919434
2735 2.6998727321624756
2736 2.770495653152466
2737 2.961621046066284
2738 2.774477243423462
2739 2.5782761573791504
2740 2.8453447818756104
2741 2.829892635345459
2742 2.8938915729522705
2743 3.1620452404022217
2744 2.887739419937134
2745 2.97805118560791
2746 2.8989877700805664
2747 2.7285587787628174
2748 2.892401933670044
2749 2.756810426712036
2750 2.6849749088287354
2751 2.847468852996826
2752 2.8853650093078613
2753 3.013331651687622
2754 2.8654818534851074
2755 2.933631658554077
2756 2.766770839691162
2757 2.6520955562591553
2758 2.840796709060669
2759 2.7343170642852783
2760 2.7178795337677
2761 2.9442965984344482
2762 2.623065948486328
2763 2.741316556930542
2764 3.0976722240448
2765 3.2521939277648926
2766 3.000983238220215
2767 3.0671982765197754
2768 2.7161004543304443
2769 2.7707221508026123
2770 2.8635897636413574
2771 3.1005427837371826
2772 3.1274585723876953
2773 3.281984329223633
2774 2.9928433895111084
2775 3.115915060043335
2776 3.315840244293213
2777 2.9624528884887695
2778 2.908010244369507
2779 3.1360466480255127
2780 2.7361321449279785
2781 2.8259692192077637
2782 2.880225658416748
2783 3.334761142730713
2784 3.156862258911133
2785 3.356326103210449
2786 2.9208154678344727
2787 3.0704407691955566
2788 2.858466386795044
2789 3.0812416076660156
2790 2.8903143405914307
2791 3.020622730255127
2792 3.0033349990844727
2793 3.334052562713623
2794 2.9385268688201904
2795 3.1100564002990723
2796 3.204282760620117
2797 3.1347928047180176
2798 2.9758458137512207
2799 3.0420010089874268
2800 3.234992027282715
2801 3.3734822273254395
2802 2.9318182468414307
2803 3.0262856483459473
2804 3.0741961002349854
2805 3.096625804901123
2806 2.9853250980377197
2807 2.9831302165985107
2808 2.9481701850891113
2809 2.9058549404144287
2810 2.881197929382324
2811 3.1642093658447266
2812 3.0106148719787598
2813 2.9167630672454834
2814 3.138594150543213
2815 2.9803216457366943
2816 3.3154594898223877
2817 2.982573986053467
2818 2.7521514892578125
2819 2.811479091644287
2820 2.858705997467041
2821 3.117990493774414
2822 3.240651845932007
2823 3.0940260887145996
2824 3.206758499145508
2825 3.125938892364502
2826 3.277859926223755
2827 3.3756284713745117
2828 3.227112054824829
2829 2.8981029987335205
2830 2.831460952758789
2831 2.83276104927063
2832 3.0939252376556396
2833 2.9828474521636963
2834 2.9063591957092285
2835 2.876429796218872
2836 2.9229042530059814
2837 2.962383508682251
2838 3.0722224712371826
2839 2.9337408542633057
2840 2.985321283340454
2841 3.0293726921081543
2842 2.9289610385894775
2843 2.921679735183716
2844 2.895426034927368
2845 3.069019317626953
2846 3.137512683868408
2847 3.211826801300049
2848 3.0940096378326416
2849 3.2204554080963135
2850 3.217226028442383
2851 3.0447182655334473
2852 2.976752281188965
2853 3.158888578414917
2854 2.998987913131714
2855 2.974550247192383
2856 2.9466841220855713
2857 2.796318769454956
2858 3.0063998699188232
2859 2.8423564434051514
2860 2.8444302082061768
2861 3.0633819103240967
2862 3.013535737991333
2863 3.0849924087524414
2864 3.271385431289673
2865 3.0439417362213135
2866 3.1363866329193115
2867 3.159895181655884
2868 3.094702959060669
2869 2.8815035820007324
2870 3.027557373046875
2871 3.059171676635742
2872 3.191507339477539
2873 3.018242120742798
2874 2.888794183731079
2875 2.5264999866485596
2876 2.730717897415161
2877 2.9896459579467773
2878 2.9045519828796387
2879 3.110032796859741
2880 3.233949661254883
2881 3.0715885162353516
2882 2.9271512031555176
2883 2.94730806350708
2884 3.1066083908081055
2885 2.8538854122161865
2886 2.993896722793579
2887 3.090696096420288
2888 3.196885824203491
2889 3.310823678970337
2890 3.088146209716797
2891 2.910686731338501
2892 3.080936908721924
2893 3.1882643699645996
2894 3.167401075363159
2895 3.3034982681274414
2896 3.2206785678863525
2897 3.2588729858398438
2898 3.1273739337921143
2899 3.3469388484954834
2900 3.2480480670928955
2901 3.101712226867676
2902 3.185959577560425
2903 3.1465251445770264
2904 3.4020164012908936
2905 3.343564510345459
2906 3.223085403442383
2907 3.0740108489990234
2908 3.130812883377075
2909 3.3165924549102783
2910 3.381002902984619
2911 3.421285629272461
2912 3.3294918537139893
2913 3.1932168006896973
2914 3.126690626144409
2915 3.319288969039917
2916 3.2676589488983154
2917 3.3940393924713135
2918 3.3453943729400635
2919 3.3062918186187744
2920 3.408067464828491
2921 3.153219699859619
2922 3.264340400695801
2923 3.4510657787323
2924 3.5077786445617676
2925 3.2453393936157227
2926 3.6090939044952393
2927 3.884579658508301
2928 3.4021120071411133
2929 3.3114168643951416
2930 3.214876413345337
2931 3.0259196758270264
2932 3.1216235160827637
2933 3.532029151916504
2934 3.331597328186035
2935 3.4365618228912354
2936 3.9548609256744385
2937 3.67036771774292
2938 3.568901777267456
2939 3.797640085220337
2940 3.59771990776062
2941 3.161792039871216
2942 3.4655542373657227
2943 3.6737539768218994
2944 3.6037991046905518
2945 3.458041191101074
2946 3.8590476512908936
2947 3.1918907165527344
2948 3.344775915145874
2949 3.359665632247925
2950 3.3412089347839355
2951 3.1814942359924316
2952 3.0074386596679688
2953 3.320906639099121
2954 2.9992189407348633
2955 3.3108036518096924
2956 3.2723567485809326
2957 3.1611075401306152
2958 3.1534996032714844
2959 2.940736770629883
2960 3.3024680614471436
2961 3.1890463829040527
2962 3.430572986602783
2963 3.4403388500213623
2964 3.289685010910034
2965 3.322787284851074
2966 3.1678593158721924
2967 2.962414264678955
2968 3.1620185375213623
2969 3.2235865592956543
2970 3.099804401397705
2971 3.0446126461029053
2972 3.349722146987915
2973 3.26397967338562
2974 3.255180835723877
2975 3.019035577774048
2976 3.4145407676696777
2977 3.6812565326690674
2978 3.482844114303589
2979 3.7666897773742676
2980 3.772629976272583
2981 3.714745283126831
2982 3.895228624343872
2983 3.578662633895874
2984 3.62959361076355
2985 3.8294501304626465
2986 3.5250067710876465
2987 3.6370303630828857
2988 3.5113980770111084
2989 3.25299334526062
2990 3.4219415187835693
2991 3.286083459854126
2992 3.2916290760040283
2993 3.4828600883483887
2994 3.7455098628997803
2995 3.58441162109375
2996 3.3612074851989746
2997 3.2352311611175537
2998 3.4926037788391113
2999 3.7284390926361084
3000 3.3830959796905518
3001 3.3425421714782715
3002 3.558638334274292
3003 3.6826541423797607
3004 3.6123108863830566
3005 3.4292256832122803
3006 3.4731202125549316
3007 3.440962791442871
3008 3.4377992153167725
3009 3.3445990085601807
3010 3.4497711658477783
3011 3.3559482097625732
3012 3.5436744689941406
3013 3.388190984725952
3014 3.3687407970428467
3015 3.6969823837280273
3016 3.439114809036255
3017 3.4859344959259033
3018 3.6976828575134277
3019 3.667661190032959
3020 3.2788467407226562
3021 3.3324296474456787
3022 3.251650810241699
3023 3.0220022201538086
3024 3.1843032836914062
3025 3.5040183067321777
3026 3.3613979816436768
3027 3.436314105987549
3028 3.521285057067871
3029 3.6687710285186768
3030 3.45133638381958
3031 3.269704580307007
3032 3.2863681316375732
3033 3.4646308422088623
3034 3.2838633060455322
3035 3.287123680114746
3036 3.353830099105835
3037 3.2884902954101562
3038 3.356065034866333
3039 3.388308048248291
3040 3.419419765472412
3041 3.4612643718719482
3042 3.4261674880981445
3043 3.8337972164154053
3044 3.7114980220794678
3045 3.404632329940796
3046 3.6779086589813232
3047 3.71819806098938
3048 3.5010926723480225
3049 3.4261772632598877
3050 3.546569585800171
3051 3.516862154006958
3052 3.192488431930542
3053 3.424835443496704
3054 3.56449818611145
3055 3.805666208267212
3056 4.108943462371826
3057 3.9217352867126465
3058 4.048906326293945
3059 4.291733264923096
3060 4.137082099914551
3061 4.328512668609619
3062 4.335261344909668
3063 4.273133754730225
3064 4.221332550048828
3065 4.618176460266113
3066 4.6133599281311035
3067 4.445374488830566
3068 4.085592269897461
3069 4.099764347076416
3070 4.4044084548950195
3071 4.3905181884765625
3072 4.394704818725586
3073 4.246952533721924
3074 4.0887980461120605
3075 3.8903443813323975
3076 4.265368461608887
3077 4.283623695373535
3078 4.416324138641357
3079 3.892383575439453
3080 3.99025297164917
3081 4.009178638458252
3082 3.939141035079956
3083 3.7256689071655273
3084 3.896005153656006
3085 3.4935381412506104
3086 3.3779103755950928
3087 3.3481321334838867
3088 3.217407464981079
3089 3.289372444152832
3090 3.300941228866577
3091 3.146005392074585
3092 3.310166358947754
3093 3.1617090702056885
3094 3.401595115661621
3095 3.325338840484619
3096 3.468059539794922
3097 3.641072988510132
3098 3.4457414150238037
3099 4.112962245941162
3100 3.759504556655884
3101 3.296083688735962
3102 3.490321159362793
3103 3.588505506515503
3104 3.2587316036224365
3105 3.207699775695801
3106 3.4728505611419678
3107 3.296643018722534
3108 3.327479600906372
3109 3.2595276832580566
3110 3.297255754470825
3111 3.2626953125
3112 3.0705928802490234
3113 3.056122303009033
3114 3.296623945236206
3115 3.541837453842163
3116 3.5901291370391846
3117 3.462568521499634
3118 3.4622461795806885
3119 3.520378351211548
3120 3.56485915184021
3121 3.5142736434936523
3122 3.3036410808563232
3123 3.6655030250549316
3124 3.493896722793579
3125 3.532339572906494
3126 3.223884344100952
3127 3.518632411956787
3128 3.3842391967773438
3129 3.35734224319458
3130 3.3396108150482178
3131 3.357174873352051
3132 3.3156797885894775
3133 3.294373035430908
3134 3.2620697021484375
3135 3.5236363410949707
3136 3.6427791118621826
3137 3.750361204147339
3138 3.494410276412964
3139 3.716474771499634
3140 3.5119755268096924
3141 3.4014780521392822
3142 3.485689878463745
3143 3.567565441131592
3144 3.424030065536499
3145 3.198964834213257
3146 3.1272623538970947
3147 3.30794095993042
3148 3.231484889984131
3149 3.490138530731201
3150 3.687824010848999
3151 3.937174081802368
3152 3.5880935192108154
3153 3.6059021949768066
3154 3.379404306411743
3155 3.3313446044921875
3156 3.327064275741577
3157 3.238100528717041
3158 3.7390353679656982
3159 3.6575090885162354
3160 3.5242857933044434
3161 3.04205060005188
3162 3.4996254444122314
3163 3.4458119869232178
3164 3.38203501701355
3165 3.496790647506714
3166 3.3316519260406494
3167 3.4536988735198975
3168 3.458639144897461
3169 3.5620312690734863
3170 3.3468425273895264
3171 3.2466201782226562
3172 3.306974411010742
3173 3.5502119064331055
3174 3.4984679222106934
3175 3.3610949516296387
3176 3.239227533340454
3177 3.4508540630340576
3178 3.2677433490753174
3179 3.400498628616333
3180 3.758631944656372
3181 3.5327584743499756
3182 3.5716402530670166
3183 3.4061458110809326
3184 3.3978476524353027
3185 3.6503517627716064
3186 3.729340076446533
3187 3.4278712272644043
3188 3.2520956993103027
3189 3.361565113067627
3190 3.5493650436401367
3191 3.3782029151916504
3192 3.481820821762085
3193 3.5151207447052
3194 3.343074083328247
3195 3.6583309173583984
3196 3.7494754791259766
3197 3.7474145889282227
3198 3.282473564147949
3199 3.3050906658172607
3200 3.4731316566467285
3201 3.4636762142181396
3202 3.230743408203125
3203 3.5330519676208496
3204 3.6259167194366455
3205 3.6012816429138184
3206 3.505341053009033
3207 3.395986795425415
3208 3.327214241027832
3209 3.3799283504486084
3210 3.5804340839385986
3211 3.5221455097198486
3212 3.455272912979126
3213 3.359391450881958
3214 3.2602272033691406
3215 3.4137017726898193
3216 3.5108087062835693
3217 3.693117141723633
3218 3.457014322280884
3219 3.7332489490509033
3220 3.4935595989227295
3221 3.4362823963165283
3222 3.586683511734009
3223 3.857124090194702
3224 4.017937183380127
3225 3.910081386566162
3226 3.97712779045105
3227 3.899519205093384
3228 3.9920542240142822
3229 3.7958688735961914
3230 3.8764379024505615
3231 3.6148691177368164
3232 3.3522913455963135
3233 3.397301435470581
3234 3.2676868438720703
3235 3.309854745864868
3236 3.0796825885772705
3237 3.1442172527313232
3238 3.052090644836426
3239 3.0618579387664795
3240 2.9630558490753174
3241 3.0275444984436035
3242 3.028473377227783
3243 3.1359517574310303
3244 2.8244149684906006
3245 2.9688363075256348
3246 3.009324789047241
3247 2.8734078407287598
3248 2.885634183883667
3249 3.0196187496185303
3250 2.874561309814453
3251 2.863842487335205
3252 2.698902130126953
3253 2.7506017684936523
3254 2.8295657634735107
3255 3.0622541904449463
3256 2.876438856124878
3257 2.774916887283325
3258 3.1020100116729736
3259 2.7950329780578613
3260 2.9893298149108887
3261 3.030461072921753
3262 3.0743303298950195
3263 3.16550612449646
3264 2.98305606842041
3265 3.1174192428588867
3266 3.365949869155884
3267 3.0935957431793213
3268 2.9468066692352295
3269 3.286315441131592
3270 3.0530502796173096
3271 3.1439898014068604
3272 3.2647435665130615
3273 3.3051483631134033
3274 3.022826910018921
3275 3.046546459197998
3276 3.188063383102417
3277 3.2445123195648193
3278 3.5022990703582764
3279 3.32028865814209
3280 3.1566529273986816
3281 3.334416151046753
3282 3.3748373985290527
3283 3.366898775100708
3284 3.4207680225372314
3285 3.307828903198242
3286 2.9441373348236084
3287 3.3115170001983643
3288 3.45991849899292
3289 3.0401575565338135
3290 2.927166700363159
3291 3.347083330154419
3292 3.166748046875
3293 3.2589964866638184
3294 3.071272134780884
3295 3.0640146732330322
3296 3.1887974739074707
3297 3.2249653339385986
3298 3.1802031993865967
3299 3.0689940452575684
3300 3.101990222930908
3301 3.1690142154693604
3302 2.9374446868896484
3303 3.2537097930908203
3304 3.137751817703247
3305 3.0148138999938965
3306 3.146517276763916
3307 3.190298557281494
3308 2.929166555404663
3309 3.1581296920776367
3310 3.0693132877349854
3311 3.130941390991211
3312 3.1582016944885254
3313 3.00077223777771
3314 3.100529193878174
3315 3.1699416637420654
3316 3.1181445121765137
3317 3.0928683280944824
3318 3.0705349445343018
3319 3.2465145587921143
3320 3.152900457382202
3321 3.2312865257263184
3322 3.1337263584136963
3323 2.9978268146514893
3324 3.022756576538086
3325 3.0037050247192383
3326 3.075861692428589
3327 3.09275484085083
3328 3.0497350692749023
3329 2.9427552223205566
3330 3.002443552017212
3331 3.1531472206115723
3332 3.131726026535034
3333 3.2953197956085205
3334 3.404083251953125
3335 3.3233351707458496
3336 3.206998825073242
3337 3.3449208736419678
3338 3.3235538005828857
3339 3.223419666290283
3340 3.227050542831421
3341 3.388357400894165
3342 3.1722519397735596
3343 3.260735034942627
3344 3.3316075801849365
3345 3.014552593231201
3346 3.1828315258026123
3347 3.2729806900024414
3348 3.322436809539795
3349 3.6204018592834473
3350 3.686149835586548
3351 3.457493305206299
3352 3.347140073776245
3353 3.271637439727783
3354 3.3681845664978027
3355 3.433661699295044
3356 3.274829626083374
3357 3.2198288440704346
3358 3.0705177783966064
3359 3.1036643981933594
3360 3.150466203689575
3361 3.145430088043213
3362 3.158245086669922
3363 3.173737049102783
3364 3.4077157974243164
3365 3.3594772815704346
3366 3.237133026123047
3367 3.158869981765747
3368 3.2888760566711426
3369 3.2787091732025146
3370 3.4871137142181396
3371 3.308133840560913
3372 3.2873990535736084
3373 3.218151569366455
3374 3.3517277240753174
3375 3.1493449211120605
3376 3.115692377090454
3377 3.238783359527588
3378 3.2716994285583496
3379 3.1969265937805176
3380 3.117922067642212
3381 3.129488468170166
3382 3.303495168685913
3383 3.2539665699005127
3384 3.2903623580932617
3385 3.349721908569336
3386 3.278453826904297
3387 3.506094455718994
3388 3.1932902336120605
3389 3.2132480144500732
3390 3.3090691566467285
3391 3.5133049488067627
3392 3.187869071960449
3393 3.266688823699951
3394 3.3719685077667236
3395 3.3851945400238037
3396 3.4520695209503174
3397 3.321101665496826
3398 3.456447124481201
3399 3.240684747695923
3400 3.4109344482421875
3401 3.28174090385437
3402 3.616877794265747
3403 3.522306442260742
3404 3.7053287029266357
3405 3.708574056625366
3406 3.726560592651367
3407 3.7178640365600586
3408 3.7747364044189453
3409 3.8328518867492676
3410 3.7295639514923096
3411 3.4197843074798584
3412 3.8348588943481445
3413 3.484551429748535
3414 3.5952537059783936
3415 3.8116188049316406
3416 3.773372173309326
3417 3.8172764778137207
3418 3.9587454795837402
3419 3.760125160217285
3420 3.7153239250183105
3421 3.8699564933776855
3422 4.104762554168701
3423 3.9598851203918457
3424 3.9256553649902344
3425 4.080572605133057
3426 3.784883737564087
3427 3.6853954792022705
3428 3.661364793777466
3429 3.811622142791748
3430 3.752814292907715
3431 3.5114386081695557
3432 3.759003162384033
3433 3.54268741607666
3434 3.790524482727051
3435 3.5999550819396973
3436 3.5231165885925293
3437 3.678079843521118
3438 4.003727912902832
3439 3.9621472358703613
3440 3.811901569366455
3441 4.220371723175049
3442 4.172534942626953
3443 4.238685131072998
3444 4.872262477874756
3445 4.429812908172607
3446 4.11814546585083
3447 4.414652347564697
3448 4.211737155914307
3449 4.2005157470703125
3450 4.358213901519775
3451 4.338500022888184
3452 4.26192045211792
3453 4.182937145233154
3454 3.827188730239868
3455 3.820117712020874
3456 3.9015283584594727
3457 4.210050582885742
3458 3.9135284423828125
3459 3.6947121620178223
3460 3.7638001441955566
3461 3.7594153881073
3462 3.5800702571868896
3463 3.7682690620422363
3464 3.559633493423462
3465 3.506195068359375
3466 3.4779837131500244
3467 3.616016387939453
3468 3.7959370613098145
3469 3.627391815185547
3470 4.020411491394043
3471 3.8765835762023926
3472 3.901171922683716
3473 3.8664839267730713
3474 3.619992256164551
3475 3.941995620727539
3476 3.908104181289673
3477 3.702362060546875
3478 3.733652353286743
3479 3.7604153156280518
3480 3.9581429958343506
3481 3.904219627380371
3482 3.9520390033721924
3483 3.8185503482818604
3484 3.9510505199432373
3485 4.038668155670166
3486 3.7065210342407227
3487 3.572780132293701
3488 3.7048940658569336
3489 3.8131420612335205
3490 3.4730701446533203
3491 3.6961324214935303
3492 3.931105136871338
3493 4.107115745544434
3494 3.96237850189209
3495 3.7655513286590576
3496 3.855698585510254
3497 3.8780105113983154
3498 3.872056007385254
3499 4.098349571228027
3500 4.063331604003906
3501 4.0378241539001465
3502 3.7227883338928223
3503 3.6834166049957275
3504 3.407532215118408
3505 3.55839204788208
3506 3.674119472503662
3507 3.9694924354553223
3508 4.092537879943848
3509 3.9343819618225098
3510 3.927216053009033
3511 3.93312931060791
3512 4.291790962219238
3513 3.9572980403900146
3514 4.056469440460205
3515 4.123263359069824
3516 4.149049282073975
3517 3.9417598247528076
3518 3.9098258018493652
3519 4.239397048950195
3520 4.0158843994140625
3521 4.057130336761475
3522 4.028213024139404
3523 4.264894962310791
3524 4.331770896911621
3525 4.031752109527588
3526 3.908172130584717
3527 4.430858612060547
3528 4.172438144683838
3529 3.784311532974243
3530 4.145310878753662
3531 3.5379538536071777
3532 3.9321882724761963
3533 3.9820218086242676
3534 4.051632404327393
3535 3.975975751876831
3536 3.7108123302459717
3537 3.9715969562530518
3538 4.105354309082031
3539 3.5580103397369385
3540 4.00029993057251
3541 3.836341619491577
3542 4.134936809539795
3543 3.861929416656494
3544 3.938720703125
3545 4.046136379241943
3546 3.985062599182129
3547 4.109280586242676
3548 3.950664520263672
3549 3.99251127243042
3550 3.941643238067627
3551 4.22337007522583
3552 3.9208247661590576
3553 3.7357630729675293
3554 4.245854377746582
3555 3.849160671234131
3556 4.138644695281982
3557 4.1261796951293945
3558 4.154832363128662
3559 3.9705536365509033
3560 3.736176013946533
3561 3.906039237976074
3562 3.6953978538513184
3563 3.623044729232788
3564 3.5111989974975586
3565 4.289083003997803
3566 3.6211910247802734
3567 3.8605473041534424
3568 3.763592004776001
3569 3.7231597900390625
3570 4.091355323791504
3571 3.949517250061035
3572 3.894453287124634
3573 3.4773123264312744
3574 3.9136362075805664
3575 4.058531284332275
3576 4.061009883880615
3577 4.1693267822265625
3578 4.015209197998047
3579 4.053718090057373
3580 4.130730628967285
3581 3.853511095046997
3582 4.05178165435791
3583 3.981297254562378
3584 4.095753192901611
3585 4.144199371337891
3586 4.2650651931762695
3587 3.7544009685516357
3588 4.0100321769714355
3589 3.9816293716430664
3590 3.992455244064331
3591 4.01425838470459
3592 3.9489595890045166
3593 3.8328304290771484
3594 3.6936566829681396
3595 3.582251787185669
3596 3.658914089202881
3597 3.7735838890075684
3598 3.5488994121551514
3599 3.6126468181610107
3600 3.8949105739593506
3601 3.98563289642334
3602 3.8276326656341553
3603 3.8714346885681152
3604 3.8465020656585693
3605 3.9041903018951416
3606 3.9731976985931396
3607 4.1773762702941895
3608 3.883878469467163
3609 3.964395523071289
3610 3.5256035327911377
3611 3.485145092010498
3612 3.7972562313079834
3613 3.6825497150421143
3614 3.6931190490722656
3615 3.6824114322662354
3616 3.550577163696289
3617 3.786768913269043
3618 3.6080482006073
3619 3.7710886001586914
3620 3.8985912799835205
3621 3.2616539001464844
3622 3.443345546722412
3623 3.7997703552246094
3624 3.7534172534942627
3625 3.8976597785949707
3626 3.962514638900757
3627 4.096817970275879
3628 3.826317310333252
3629 4.228928089141846
3630 4.294544696807861
3631 4.228218078613281
3632 4.179110527038574
3633 4.413395404815674
3634 4.303552150726318
3635 3.927973747253418
3636 4.048379421234131
3637 4.215904235839844
3638 4.18856954574585
3639 3.8593943119049072
3640 3.981600522994995
3641 4.450669765472412
3642 4.305715560913086
3643 4.301181316375732
3644 4.138862133026123
3645 4.0443010330200195
3646 4.361376762390137
3647 3.9264814853668213
3648 4.289178848266602
3649 4.282370567321777
3650 4.409263610839844
3651 4.197722434997559
3652 4.085076332092285
3653 3.986374855041504
3654 4.258057117462158
3655 4.124577045440674
3656 3.9667317867279053
3657 4.226926803588867
3658 4.111491680145264
3659 4.048755645751953
3660 3.9187376499176025
3661 4.354860305786133
3662 4.730398654937744
3663 4.16367244720459
3664 3.9296250343322754
3665 3.7460825443267822
3666 3.7317373752593994
3667 3.6435303688049316
3668 3.608778238296509
3669 4.000696659088135
3670 3.650834321975708
3671 3.7494094371795654
3672 3.650810718536377
3673 3.738994836807251
3674 3.6316771507263184
3675 3.681594133377075
3676 3.917926549911499
3677 3.5981028079986572
3678 3.9325673580169678
3679 3.8175199031829834
3680 4.040831089019775
3681 4.045660495758057
3682 4.050682544708252
3683 4.169243335723877
3684 4.145937919616699
3685 4.306802272796631
3686 4.163875102996826
3687 4.183088302612305
3688 4.326422214508057
3689 4.3568620681762695
3690 4.086735725402832
3691 4.061514854431152
3692 4.005086898803711
3693 4.265592098236084
3694 4.131940841674805
3695 4.023913383483887
3696 4.083980083465576
3697 4.248898506164551
3698 4.40438175201416
3699 4.3824052810668945
3700 4.257739067077637
3701 4.4509382247924805
3702 4.201104640960693
3703 4.4985671043396
3704 4.170099258422852
3705 4.359826564788818
3706 4.421866416931152
3707 4.236015796661377
3708 4.315745830535889
3709 4.163790702819824
3710 3.9950034618377686
3711 4.090471267700195
3712 4.015856742858887
3713 4.212385654449463
3714 4.138237953186035
3715 3.887364149093628
3716 4.309140682220459
3717 4.22322416305542
3718 4.187098503112793
3719 4.1992597579956055
3720 3.984023094177246
3721 4.566192150115967
3722 4.12636137008667
3723 3.960886001586914
3724 4.113356590270996
3725 4.002376079559326
3726 4.179990768432617
3727 4.432430744171143
3728 3.9063451290130615
3729 3.8098485469818115
3730 4.181928634643555
3731 4.020659923553467
3732 4.183515548706055
3733 3.930013418197632
3734 4.0949530601501465
3735 4.157613754272461
3736 4.17323112487793
3737 4.156761169433594
3738 4.190525054931641
3739 4.307535648345947
3740 4.282894134521484
3741 4.033867835998535
3742 4.12282657623291
3743 3.7328596115112305
3744 4.289445400238037
3745 4.0219879150390625
3746 4.12839937210083
3747 4.098362445831299
3748 4.341076374053955
3749 4.564651966094971
3750 4.08443021774292
3751 3.9572525024414062
3752 4.1181817054748535
3753 4.15314245223999
3754 4.13131856918335
3755 3.9840002059936523
3756 3.990269184112549
3757 3.761796236038208
3758 3.8880555629730225
3759 4.177453517913818
3760 3.9974825382232666
3761 3.841947317123413
3762 3.9602725505828857
3763 4.06414270401001
3764 3.662015676498413
3765 3.9304001331329346
3766 3.5505337715148926
3767 3.574954032897949
3768 3.816314697265625
3769 3.9450459480285645
3770 4.118729591369629
3771 3.973130464553833
3772 4.09058141708374
3773 4.022191047668457
3774 4.098869800567627
3775 4.006265163421631
3776 4.038589954376221
3777 4.1699676513671875
3778 3.879542589187622
3779 3.941668748855591
3780 3.6379880905151367
3781 3.599517583847046
3782 3.807351589202881
3783 3.842691659927368
3784 3.8948328495025635
3785 4.011423587799072
3786 3.993101119995117
3787 4.010580539703369
3788 4.164626598358154
3789 4.300530910491943
3790 4.173262119293213
3791 4.5004401206970215
3792 4.189105987548828
3793 4.426004886627197
3794 3.9672367572784424
3795 4.107326507568359
3796 3.922095537185669
3797 4.014439582824707
3798 4.034027576446533
3799 3.9625823497772217
3800 4.00507116317749
3801 4.346333980560303
3802 3.955355405807495
3803 4.1628947257995605
3804 4.287054538726807
3805 4.34917688369751
3806 4.348073959350586
3807 4.375655651092529
3808 4.4024553298950195
3809 4.638289928436279
3810 4.561710357666016
3811 4.257609844207764
3812 4.503227233886719
3813 4.385909557342529
3814 4.401269435882568
3815 4.353119373321533
3816 4.30511474609375
3817 3.6087398529052734
3818 3.8795101642608643
3819 3.837773561477661
3820 3.400070905685425
3821 3.824188709259033
3822 3.742353677749634
3823 3.93966007232666
3824 3.721280336380005
3825 3.6424155235290527
3826 3.8406734466552734
3827 3.5432350635528564
3828 3.746554374694824
3829 3.737123489379883
3830 3.935554027557373
3831 3.767195701599121
3832 3.7489259243011475
3833 4.028452396392822
3834 3.5056746006011963
3835 3.4348304271698
3836 3.42938494682312
3837 3.524470090866089
3838 3.4763572216033936
3839 3.530728578567505
3840 3.6215505599975586
3841 3.6772749423980713
3842 3.6910314559936523
3843 3.499251127243042
3844 3.5683698654174805
3845 3.7542340755462646
3846 3.8916258811950684
3847 3.675323724746704
3848 3.7201130390167236
3849 3.8108596801757812
3850 3.7537074089050293
3851 3.9226582050323486
3852 3.903428077697754
3853 3.980031728744507
3854 4.281681537628174
3855 4.169010162353516
3856 3.617769956588745
3857 3.606691837310791
3858 4.009337425231934
3859 4.109073162078857
3860 4.007758617401123
3861 4.18295431137085
3862 4.239348411560059
3863 4.114255905151367
3864 3.7918310165405273
3865 4.155402660369873
3866 3.804802656173706
3867 4.018459796905518
3868 3.9740257263183594
3869 3.91982364654541
3870 3.969298839569092
3871 3.7676730155944824
3872 3.871769905090332
3873 3.68589186668396
3874 3.630298376083374
3875 3.803616762161255
3876 4.020698070526123
3877 3.9908864498138428
3878 4.205806255340576
3879 4.120426177978516
3880 3.9908742904663086
3881 3.829522132873535
3882 3.98612642288208
3883 4.1622633934021
3884 3.9254889488220215
3885 3.705745220184326
3886 3.717515707015991
3887 3.548779249191284
3888 3.919045925140381
3889 4.0395684242248535
3890 3.9435248374938965
3891 3.8515937328338623
3892 3.803333044052124
3893 3.991158962249756
3894 4.166131019592285
3895 4.086927890777588
3896 4.281280517578125
3897 4.1310200691223145
3898 3.93363094329834
3899 3.7376351356506348
3900 4.040902614593506
3901 4.159764289855957
3902 4.09902286529541
3903 4.018887996673584
3904 4.063210964202881
3905 4.0638628005981445
3906 4.112888336181641
3907 3.970550298690796
3908 3.955420970916748
3909 3.842041015625
3910 3.588411569595337
3911 3.780078411102295
3912 3.4954397678375244
3913 3.806046724319458
3914 3.6613447666168213
3915 4.137207984924316
3916 3.861182689666748
3917 3.9360897541046143
3918 3.6662065982818604
3919 3.9541571140289307
3920 3.7019600868225098
3921 3.5320215225219727
3922 3.4114155769348145
3923 3.6364738941192627
3924 3.9520184993743896
3925 4.1927924156188965
3926 4.402482032775879
3927 4.1702117919921875
3928 4.309511184692383
3929 4.238644123077393
3930 4.105740070343018
3931 4.165778160095215
3932 4.0558648109436035
3933 3.956583261489868
3934 4.243663787841797
3935 4.246255397796631
3936 4.269283771514893
3937 3.957003593444824
3938 4.102705955505371
3939 3.875720739364624
3940 4.100428581237793
3941 4.332480430603027
3942 4.138047218322754
3943 4.256070613861084
3944 4.056101322174072
3945 4.217524528503418
3946 4.74977970123291
3947 4.057409286499023
3948 4.25180721282959
3949 4.241450309753418
3950 4.028167247772217
3951 4.0864410400390625
3952 4.16825008392334
3953 4.203458786010742
3954 4.23037052154541
3955 4.134829044342041
3956 4.181675434112549
3957 4.495247840881348
3958 4.175577163696289
3959 4.443581581115723
3960 4.049798965454102
3961 4.287272930145264
3962 3.824716567993164
3963 4.027590274810791
3964 4.0262675285339355
3965 4.068212509155273
3966 3.9463086128234863
3967 3.4996066093444824
3968 3.929701089859009
3969 3.812373161315918
3970 4.062168598175049
3971 4.291985988616943
3972 3.9743170738220215
3973 4.07105016708374
3974 4.0386199951171875
3975 3.7171881198883057
3976 3.8244001865386963
3977 3.99788498878479
3978 4.014618873596191
3979 4.0431437492370605
3980 4.437124252319336
3981 4.318526268005371
3982 4.672506809234619
3983 4.493152141571045
3984 4.29467248916626
3985 4.727200984954834
3986 4.1928887367248535
3987 4.15920352935791
3988 4.359095573425293
3989 4.26816987991333
3990 4.220970630645752
3991 4.5483317375183105
3992 4.226168632507324
3993 3.9688961505889893
3994 4.03523063659668
3995 4.155512809753418
3996 3.6816821098327637
3997 4.142676830291748
3998 4.023897171020508
3999 3.89821195602417
4000 3.908127784729004
4001 4.3058180809021
4002 4.225846290588379
4003 4.105648517608643
4004 3.9162371158599854
4005 4.213194370269775
4006 4.188467979431152
4007 4.19309139251709
4008 4.186015605926514
4009 4.364892482757568
4010 4.103321075439453
4011 4.3485541343688965
4012 4.287351131439209
4013 4.281012535095215
4014 3.9034643173217773
4015 4.046075344085693
4016 4.146327495574951
4017 3.9946980476379395
4018 4.332050323486328
4019 4.17072868347168
4020 4.192173004150391
4021 4.1701507568359375
4022 4.101195335388184
4023 4.179281234741211
4024 4.075415134429932
4025 4.038880348205566
4026 4.671572685241699
4027 4.466048240661621
4028 4.297109127044678
4029 4.072018146514893
4030 4.321939945220947
4031 3.848583459854126
4032 3.7001309394836426
4033 4.159476280212402
4034 4.1184186935424805
4035 4.235167980194092
4036 4.067485809326172
4037 4.466553211212158
4038 4.143078327178955
4039 4.262088775634766
4040 4.502821922302246
4041 4.455935001373291
4042 4.1700873374938965
4043 4.215887546539307
4044 4.4019551277160645
4045 4.458854675292969
4046 4.276217460632324
4047 4.550093650817871
4048 4.281396389007568
4049 4.624988079071045
4050 4.494028568267822
4051 4.206707954406738
4052 4.554360866546631
4053 4.6643805503845215
4054 4.370219707489014
4055 4.319541931152344
4056 4.324096202850342
4057 4.489843368530273
4058 4.397793769836426
4059 4.529074192047119
4060 4.507233619689941
4061 4.321355819702148
4062 4.5133137702941895
4063 4.454562664031982
4064 4.183218955993652
4065 4.412343978881836
4066 4.238615036010742
4067 4.510895252227783
4068 4.473207473754883
4069 4.446648597717285
4070 4.195390224456787
4071 3.7857604026794434
4072 3.859189510345459
4073 4.157723903656006
4074 4.391061782836914
4075 4.477985382080078
4076 4.616343975067139
4077 4.4371337890625
4078 4.11113977432251
4079 4.17887020111084
4080 3.8829727172851562
4081 4.09630823135376
4082 3.9270212650299072
4083 3.9256834983825684
4084 4.0598955154418945
4085 3.996837615966797
4086 3.6698596477508545
4087 4.027975082397461
4088 4.128826141357422
4089 3.5719411373138428
4090 3.832014799118042
4091 3.6746811866760254
4092 3.8508658409118652
4093 4.050317287445068
4094 4.277582168579102
4095 4.0630011558532715
4096 3.846259832382202
4097 3.9687349796295166
4098 3.9090006351470947
4099 3.7076256275177
4100 3.9964752197265625
4101 3.739490270614624
4102 3.76021671295166
4103 3.491422176361084
4104 3.394862651824951
4105 3.129946231842041
4106 3.4043514728546143
4107 3.7110366821289062
4108 3.779592752456665
4109 3.8644280433654785
4110 4.050476551055908
4111 4.399849891662598
4112 4.331605911254883
4113 4.705625534057617
4114 4.343310832977295
4115 4.1992268562316895
4116 4.8378119468688965
4117 4.500368118286133
4118 4.23673152923584
4119 4.529669761657715
4120 4.445891857147217
4121 4.134796619415283
4122 4.387152671813965
4123 4.416611194610596
4124 4.56332540512085
4125 4.528721809387207
4126 4.001694202423096
4127 4.417393207550049
4128 4.65906286239624
4129 4.350435256958008
4130 4.475368022918701
4131 4.29818058013916
4132 4.805112838745117
4133 4.719971179962158
4134 4.833632469177246
4135 4.299411773681641
4136 4.521997928619385
4137 4.154850482940674
4138 4.325552940368652
4139 4.282127857208252
4140 4.1375908851623535
4141 3.919301748275757
4142 3.9262115955352783
4143 4.518982410430908
4144 4.436753749847412
4145 4.314533233642578
4146 4.241586208343506
4147 4.352919101715088
4148 4.270028591156006
4149 4.217442035675049
4150 4.285045623779297
4151 4.527772903442383
4152 4.3296003341674805
4153 4.410883903503418
4154 4.505840301513672
4155 4.404658794403076
4156 4.240813255310059
4157 4.245847702026367
4158 4.393933296203613
4159 4.362421035766602
4160 4.209181785583496
4161 4.411018371582031
4162 4.459539890289307
4163 4.437460899353027
4164 4.258182525634766
4165 4.446263313293457
4166 4.572882652282715
4167 4.173749923706055
4168 3.957139253616333
4169 4.160796642303467
4170 4.338546276092529
4171 4.581634998321533
4172 4.398166656494141
4173 4.209716796875
4174 4.2066874504089355
4175 4.396484851837158
4176 4.505009174346924
4177 4.62992525100708
4178 4.9348015785217285
4179 4.587465286254883
4180 4.4124603271484375
4181 4.670523166656494
4182 4.565577030181885
4183 4.787502288818359
4184 4.637911319732666
4185 4.698120594024658
4186 4.324949741363525
4187 4.504217147827148
4188 4.827261924743652
4189 4.625789642333984
4190 4.47953462600708
4191 4.455975532531738
4192 4.513710021972656
4193 4.482185363769531
4194 4.253023624420166
4195 4.38018274307251
4196 4.455215930938721
4197 4.668595314025879
4198 4.4020256996154785
4199 4.217316627502441
4200 4.2650299072265625
4201 4.344005107879639
4202 4.564235210418701
4203 4.388941764831543
4204 4.744803428649902
4205 4.3253631591796875
4206 4.603800296783447
4207 4.31852912902832
4208 4.2777419090271
4209 4.245608806610107
4210 4.355375289916992
4211 4.25525426864624
4212 4.460074424743652
4213 4.2256669998168945
4214 4.17439079284668
4215 4.488112449645996
4216 4.382428169250488
4217 4.294070720672607
4218 4.130996227264404
4219 4.032933235168457
4220 4.04189920425415
4221 4.584049224853516
4222 3.8793978691101074
4223 4.074916362762451
4224 3.947937250137329
4225 4.176772117614746
4226 4.166491985321045
4227 4.422584533691406
4228 4.504662990570068
4229 4.315091609954834
4230 4.384069442749023
4231 4.2753190994262695
4232 4.254570960998535
4233 4.348401069641113
4234 4.121353626251221
4235 4.320798873901367
4236 4.492021083831787
4237 4.346401691436768
4238 4.4949212074279785
4239 4.378365993499756
4240 4.352213382720947
4241 4.38407564163208
4242 4.40410041809082
4243 4.648432731628418
4244 4.601536273956299
4245 4.183171272277832
4246 4.030383110046387
4247 4.102666854858398
4248 4.203217506408691
4249 4.445997714996338
4250 4.3344011306762695
4251 4.102604389190674
4252 4.110843658447266
4253 4.086319923400879
4254 4.189723014831543
4255 4.545801162719727
4256 4.680506706237793
4257 4.375089168548584
4258 4.065390110015869
4259 3.836266279220581
4260 4.079596996307373
4261 4.155213832855225
4262 4.375778675079346
4263 4.125680923461914
4264 4.290194988250732
4265 4.49314546585083
4266 4.213615417480469
4267 4.311183929443359
4268 4.225026607513428
4269 4.559540748596191
4270 4.32691764831543
4271 4.557910442352295
4272 4.199141025543213
4273 4.514376163482666
4274 4.175101280212402
4275 4.163874626159668
4276 4.074885368347168
4277 4.136292457580566
4278 4.16380500793457
4279 4.060171127319336
4280 4.1523613929748535
4281 4.31691837310791
4282 4.135446548461914
4283 4.3327836990356445
4284 4.2180352210998535
4285 3.912771224975586
4286 4.389402866363525
4287 4.163154602050781
4288 4.256917476654053
4289 4.130781173706055
4290 4.206916332244873
4291 3.9803335666656494
4292 4.044922351837158
4293 4.42620849609375
4294 4.498847007751465
4295 4.236398696899414
4296 4.051204204559326
4297 4.235099792480469
4298 4.571793079376221
4299 4.134439945220947
4300 4.51479959487915
4301 4.125324726104736
4302 4.239272117614746
4303 4.206352233886719
4304 4.077725410461426
4305 4.080650329589844
4306 4.3644633293151855
4307 4.043766975402832
4308 4.2686686515808105
4309 4.220991611480713
4310 4.108087062835693
4311 4.556493282318115
4312 4.233205318450928
4313 4.358177185058594
4314 4.333105087280273
4315 4.137143611907959
4316 3.8639352321624756
4317 3.942660331726074
4318 4.121268272399902
4319 4.170990467071533
4320 4.388880252838135
4321 4.353777885437012
4322 4.2685370445251465
4323 4.288054466247559
4324 4.319515228271484
4325 4.014028072357178
4326 4.12319278717041
4327 4.22283411026001
4328 4.478207111358643
4329 4.388736248016357
4330 4.4766621589660645
4331 4.313205242156982
4332 4.2338786125183105
4333 4.42433500289917
4334 4.057359218597412
4335 4.228694915771484
4336 4.479793071746826
4337 4.600611686706543
4338 4.4599199295043945
4339 4.162876129150391
4340 4.373610973358154
4341 3.9979097843170166
4342 4.40569543838501
4343 4.172292709350586
4344 4.4766669273376465
4345 4.344261646270752
4346 4.399144172668457
4347 4.198919296264648
4348 4.144829273223877
4349 4.316662311553955
4350 4.463183403015137
4351 4.230955123901367
4352 4.281949043273926
4353 4.135615348815918
4354 4.0433149337768555
4355 4.320422172546387
4356 4.251155376434326
4357 4.135551452636719
4358 4.320973873138428
4359 4.204742908477783
4360 4.412631988525391
4361 4.3580217361450195
4362 4.102255821228027
4363 4.0924153327941895
4364 4.274183750152588
4365 3.9492359161376953
4366 3.9301092624664307
4367 4.093110084533691
4368 4.135836124420166
4369 3.9929656982421875
4370 4.089701175689697
4371 3.6665704250335693
4372 3.9935336112976074
4373 3.906987190246582
4374 4.325662136077881
4375 4.119121551513672
4376 4.001591682434082
4377 4.013979911804199
4378 3.8869307041168213
4379 4.434895992279053
4380 4.067625522613525
4381 4.2483320236206055
4382 4.156598091125488
4383 4.075252532958984
4384 4.23673152923584
4385 4.345891952514648
4386 4.417196750640869
4387 4.630204200744629
4388 4.254900932312012
4389 4.603055477142334
4390 4.579663276672363
4391 4.0204548835754395
4392 4.262121200561523
4393 4.17199182510376
4394 4.130848407745361
4395 4.078346252441406
4396 4.1619486808776855
4397 4.248488903045654
4398 3.9000346660614014
4399 3.8966004848480225
4400 4.101505756378174
4401 4.0701069831848145
4402 4.177618503570557
4403 4.3125410079956055
4404 4.194084167480469
4405 4.006834030151367
4406 3.9167652130126953
4407 3.797499418258667
4408 3.850890636444092
4409 3.7624285221099854
4410 3.7415530681610107
4411 3.981614112854004
4412 3.9229681491851807
4413 3.784001588821411
4414 3.6437056064605713
4415 3.508852005004883
4416 3.5105385780334473
4417 3.6642704010009766
4418 3.730128049850464
4419 3.8572592735290527
4420 3.920984983444214
4421 4.0337629318237305
4422 3.856692314147949
4423 3.8938241004943848
4424 3.6636714935302734
4425 3.621495246887207
4426 3.4787163734436035
4427 3.7997725009918213
4428 3.8575878143310547
4429 3.994202136993408
4430 3.8887555599212646
4431 3.6659388542175293
4432 4.018395900726318
4433 3.8721354007720947
4434 3.9348208904266357
4435 4.037703514099121
4436 3.8929877281188965
4437 3.956376314163208
4438 3.8761630058288574
4439 3.932687520980835
4440 4.028867721557617
4441 3.9425570964813232
4442 4.226946830749512
4443 4.364749908447266
4444 4.116258144378662
4445 4.115866661071777
4446 4.2452898025512695
4447 4.048413276672363
4448 3.981081247329712
4449 3.789216995239258
4450 4.157622337341309
4451 3.8602709770202637
4452 4.015415668487549
4453 4.429155349731445
4454 4.151091575622559
4455 4.041106700897217
4456 3.9041080474853516
4457 3.8314437866210938
4458 4.0579938888549805
4459 4.247735500335693
4460 3.9530885219573975
4461 4.100341796875
4462 4.100554943084717
4463 4.029082775115967
4464 3.9558939933776855
4465 3.7125048637390137
4466 3.9110472202301025
4467 3.4842417240142822
4468 3.3199472427368164
4469 3.412000894546509
4470 3.7376368045806885
4471 3.36535382270813
4472 3.5287864208221436
4473 3.4632205963134766
4474 3.5808608531951904
4475 3.6120123863220215
4476 3.496441125869751
4477 3.9319865703582764
4478 3.804978847503662
4479 3.5010836124420166
4480 3.519073486328125
4481 3.968014717102051
4482 4.178999423980713
4483 3.7157139778137207
4484 4.0706634521484375
4485 4.000097274780273
4486 3.678034543991089
4487 4.033810615539551
4488 3.7702412605285645
4489 4.093008518218994
4490 3.9402897357940674
4491 4.372941493988037
4492 4.523012161254883
4493 4.241542816162109
4494 4.156163215637207
4495 4.131044864654541
4496 4.382696151733398
4497 4.3619561195373535
4498 4.51014518737793
4499 4.584767818450928
4500 4.185208797454834
4501 4.37011194229126
4502 4.398826599121094
4503 4.39673376083374
4504 4.224512100219727
4505 4.269839763641357
4506 4.1778340339660645
4507 3.968536853790283
4508 4.135115623474121
4509 4.165672779083252
4510 4.114321708679199
4511 4.330947399139404
4512 4.576776504516602
4513 4.251960754394531
4514 4.068547248840332
4515 3.8484950065612793
4516 3.726583957672119
4517 4.047271728515625
4518 4.100857257843018
4519 4.050232887268066
4520 4.053600311279297
4521 4.305619716644287
4522 4.045257568359375
4523 3.995135545730591
4524 3.986920118331909
4525 3.956800699234009
4526 4.000202178955078
4527 4.026207447052002
4528 3.8999722003936768
4529 3.9398653507232666
4530 3.9478280544281006
4531 3.6975011825561523
4532 3.677788496017456
4533 3.756067991256714
4534 4.0239996910095215
4535 4.248403072357178
4536 4.381810188293457
4537 4.200173377990723
4538 4.231853485107422
4539 4.229280471801758
4540 4.071619033813477
4541 4.231741428375244
4542 4.299597263336182
4543 4.370582580566406
4544 4.395155906677246
4545 4.322665214538574
4546 4.15358829498291
4547 4.162760257720947
4548 4.089658737182617
4549 4.116204261779785
4550 3.791130781173706
4551 3.987562894821167
4552 3.968179941177368
4553 4.208588123321533
4554 4.094203948974609
4555 4.305125713348389
4556 4.0881667137146
4557 4.258563041687012
4558 3.68656325340271
4559 4.344712257385254
4560 4.072793483734131
4561 4.250837326049805
4562 4.013514518737793
4563 3.8343725204467773
4564 3.53116512298584
4565 3.634127140045166
4566 3.438948631286621
4567 3.5660760402679443
4568 3.3902194499969482
4569 3.44516921043396
4570 3.7257423400878906
4571 3.8919591903686523
4572 3.8664863109588623
4573 3.5965158939361572
4574 3.6562352180480957
4575 3.5940122604370117
4576 3.8541650772094727
4577 3.7026119232177734
4578 3.6996545791625977
4579 3.49579119682312
4580 3.918914318084717
4581 4.050967216491699
4582 4.003756046295166
4583 3.9995036125183105
4584 4.136726379394531
4585 4.301183223724365
4586 3.84210205078125
4587 3.6895532608032227
4588 3.866455078125
4589 3.9108715057373047
4590 3.4651060104370117
4591 3.8291280269622803
4592 3.8449385166168213
4593 3.8361568450927734
4594 4.0784406661987305
4595 3.941347122192383
4596 3.7142183780670166
4597 3.637512683868408
4598 3.7780139446258545
4599 3.71382737159729
4600 3.790558099746704
4601 3.6768298149108887
4602 3.8286776542663574
4603 3.5745410919189453
4604 3.5551412105560303
4605 3.5855696201324463
4606 3.5187416076660156
4607 4.089681148529053
4608 4.025939464569092
4609 3.720675230026245
4610 3.810856819152832
4611 3.5756447315216064
4612 3.830517530441284
4613 3.6276347637176514
4614 4.02736234664917
4615 4.0438971519470215
4616 4.050960063934326
4617 4.208676815032959
4618 4.300913333892822
4619 3.9906399250030518
4620 3.96509051322937
4621 3.8499791622161865
4622 3.491532564163208
4623 3.9239344596862793
4624 3.84816575050354
4625 3.741527795791626
4626 4.057590007781982
4627 4.098390579223633
4628 3.7016725540161133
4629 3.799211263656616
4630 3.6963419914245605
4631 3.6943199634552
4632 3.736023187637329
4633 3.7157492637634277
4634 3.6324639320373535
4635 3.610727548599243
4636 3.9795022010803223
4637 3.6655936241149902
4638 3.5608036518096924
4639 3.6195290088653564
4640 3.7809689044952393
4641 3.9585812091827393
4642 3.859529972076416
4643 3.7900164127349854
4644 3.9045352935791016
4645 3.8851916790008545
4646 3.658996820449829
4647 3.8229286670684814
4648 3.7031819820404053
4649 3.846726417541504
4650 3.797057628631592
4651 3.7907469272613525
4652 3.6847317218780518
4653 3.648578405380249
4654 3.712924003601074
4655 3.7028985023498535
4656 3.5723395347595215
4657 3.64043927192688
4658 3.6488773822784424
4659 4.046572685241699
4660 3.584760904312134
4661 3.6219959259033203
4662 3.459622621536255
4663 3.3302457332611084
4664 3.3467535972595215
4665 3.606328010559082
4666 3.8116536140441895
4667 3.5927202701568604
4668 3.5451924800872803
4669 3.6076204776763916
4670 3.518925666809082
4671 3.2985799312591553
4672 3.5855491161346436
4673 3.476055145263672
4674 3.6074650287628174
4675 3.2054803371429443
4676 3.686410427093506
4677 3.3157458305358887
4678 3.2036337852478027
4679 3.393946409225464
4680 3.612733840942383
4681 3.244694232940674
4682 3.427685022354126
4683 3.2624571323394775
4684 3.0164825916290283
4685 3.1739373207092285
4686 3.3941152095794678
4687 3.2823781967163086
4688 3.466949462890625
4689 3.54925799369812
4690 3.3639495372772217
4691 3.271479606628418
4692 3.32031512260437
4693 3.3746402263641357
4694 3.3512203693389893
4695 3.4392008781433105
4696 3.550058603286743
4697 3.3248579502105713
4698 3.195437431335449
4699 3.399837017059326
4700 3.22983455657959
4701 3.3225550651550293
4702 3.492990732192993
4703 3.2627077102661133
4704 3.2490549087524414
4705 3.1953389644622803
4706 3.193199634552002
4707 3.1457927227020264
4708 2.9722063541412354
4709 3.094501495361328
4710 3.021958827972412
4711 3.314690589904785
4712 3.207650661468506
4713 3.206998825073242
4714 3.254647970199585
4715 3.159882068634033
4716 3.0912389755249023
4717 3.1060030460357666
4718 3.011784076690674
4719 3.013817071914673
4720 3.024730682373047
4721 3.1704583168029785
4722 3.2027812004089355
4723 3.3379147052764893
4724 3.2575533390045166
4725 3.252977132797241
4726 3.293987989425659
4727 3.1439733505249023
4728 3.184931755065918
4729 3.3988254070281982
4730 3.1877853870391846
4731 3.217573404312134
4732 3.3506109714508057
4733 3.3219871520996094
4734 3.510331630706787
4735 3.0696921348571777
4736 3.284788131713867
4737 3.1737256050109863
4738 3.219604015350342
4739 3.0465264320373535
4740 3.1208720207214355
4741 3.2401719093322754
4742 3.2806355953216553
4743 2.989393711090088
4744 3.042353391647339
4745 3.1587753295898438
4746 3.1995162963867188
4747 3.350496292114258
4748 3.4719936847686768
4749 3.2177751064300537
4750 3.2792418003082275
4751 3.2840371131896973
4752 3.17891526222229
4753 3.1189258098602295
4754 3.137871265411377
4755 3.3999781608581543
4756 3.0785515308380127
4757 3.164884328842163
4758 3.21242618560791
4759 3.117424964904785
4760 3.235292911529541
4761 3.2519588470458984
4762 3.2533657550811768
4763 3.1976191997528076
4764 3.2736093997955322
4765 3.3509457111358643
4766 3.1872336864471436
4767 3.3026998043060303
4768 3.4552183151245117
4769 3.176178216934204
4770 3.1669039726257324
4771 3.1969683170318604
4772 3.1676878929138184
4773 3.302220106124878
4774 3.3421754837036133
4775 3.241600751876831
4776 3.1511969566345215
4777 3.29765248298645
4778 3.286583185195923
4779 3.3622992038726807
4780 3.361057758331299
4781 3.5091123580932617
4782 3.109811544418335
4783 3.301525592803955
4784 3.3262722492218018
4785 3.448122024536133
4786 3.3741114139556885
4787 3.3732988834381104
4788 3.415031909942627
4789 3.199169158935547
4790 3.351808547973633
4791 3.347252368927002
4792 3.293735980987549
4793 3.376359462738037
4794 3.158478021621704
4795 3.0919268131256104
4796 3.0711824893951416
4797 2.930751085281372
4798 2.9407906532287598
4799 2.997783660888672
4800 3.1009838581085205
4801 2.9259450435638428
4802 2.962170362472534
4803 3.0343940258026123
4804 2.9859447479248047
4805 2.9587385654449463
4806 2.8976023197174072
4807 3.1824142932891846
4808 3.1961848735809326
4809 3.0137720108032227
4810 3.258415460586548
4811 3.246067762374878
4812 3.214647054672241
4813 3.1360116004943848
4814 3.20464825630188
4815 3.3220129013061523
4816 3.232814311981201
4817 3.1851818561553955
4818 3.2746188640594482
4819 3.183281898498535
4820 2.972101926803589
4821 3.2048282623291016
4822 2.9696872234344482
4823 3.2185165882110596
4824 3.3472094535827637
4825 3.1933460235595703
4826 3.0603277683258057
4827 3.1228702068328857
4828 3.294445276260376
4829 3.005234479904175
4830 3.179104804992676
4831 2.926748514175415
4832 2.9930853843688965
4833 2.9920334815979004
4834 3.19031023979187
4835 3.267751693725586
4836 3.5078535079956055
4837 3.399639129638672
4838 3.252605438232422
4839 3.3594510555267334
4840 3.5377025604248047
4841 3.3209948539733887
4842 3.487203359603882
4843 3.3179945945739746
4844 3.6046502590179443
4845 3.3702876567840576
4846 3.256518602371216
4847 3.163893699645996
4848 3.517086982727051
4849 3.4100520610809326
4850 3.1343417167663574
4851 3.356534719467163
4852 3.3638205528259277
4853 3.243933916091919
4854 3.3570587635040283
4855 3.2593796253204346
4856 3.4957263469696045
4857 3.3047826290130615
4858 3.7109525203704834
4859 3.5781939029693604
4860 3.4221999645233154
4861 3.5516135692596436
4862 3.5205979347229004
4863 3.4453699588775635
4864 3.499145269393921
4865 3.4371609687805176
4866 3.5450222492218018
4867 3.6324517726898193
4868 3.3946309089660645
4869 3.426837682723999
4870 3.489374876022339
4871 3.7554118633270264
4872 3.426069974899292
4873 3.4141039848327637
4874 3.6445846557617188
4875 3.375800132751465
4876 3.6059703826904297
4877 3.5585968494415283
4878 3.261773109436035
4879 3.578768491744995
4880 3.388362407684326
4881 3.56534743309021
4882 3.4667482376098633
4883 3.6148719787597656
4884 3.703096628189087
4885 3.5110082626342773
4886 3.509124755859375
4887 3.5430634021759033
4888 3.6684958934783936
4889 3.733208656311035
4890 3.66955304145813
4891 3.6935129165649414
4892 3.5169894695281982
4893 3.64648175239563
4894 3.5058443546295166
4895 3.4261648654937744
4896 3.462225914001465
4897 3.3983583450317383
4898 3.43990159034729
4899 3.369169235229492
4900 3.4915452003479004
4901 3.485623359680176
4902 3.4558541774749756
4903 3.5041565895080566
4904 3.22827410697937
4905 3.30619740486145
4906 3.2814724445343018
4907 3.2267112731933594
4908 3.509577751159668
4909 3.421741008758545
4910 3.3574976921081543
4911 3.331921339035034
4912 3.420652389526367
4913 3.512266159057617
4914 3.3352255821228027
4915 3.20853590965271
4916 3.2990424633026123
4917 3.1537282466888428
4918 3.4147727489471436
4919 3.329052209854126
4920 3.397632360458374
4921 3.200090169906616
4922 3.1852378845214844
4923 3.171405792236328
4924 3.403752565383911
4925 3.352613925933838
4926 3.271852493286133
4927 3.3706881999969482
4928 3.2032458782196045
4929 3.277053117752075
4930 3.2546679973602295
4931 3.323148727416992
4932 3.395745277404785
4933 3.1840977668762207
4934 3.0904946327209473
4935 3.3789355754852295
4936 3.123274326324463
4937 3.331099271774292
4938 3.555356025695801
4939 3.218214988708496
4940 3.088984727859497
4941 3.277104616165161
4942 3.294447422027588
4943 3.294257402420044
4944 3.358764410018921
4945 2.9630157947540283
4946 3.0291144847869873
4947 3.2167000770568848
4948 3.0811948776245117
4949 3.215196371078491
4950 3.2381396293640137
4951 3.1815249919891357
4952 3.2730185985565186
4953 3.064744472503662
4954 3.3224148750305176
4955 3.1959755420684814
4956 3.1154823303222656
4957 3.4816713333129883
4958 3.227480411529541
4959 3.025301456451416
4960 2.9037692546844482
4961 3.0614542961120605
4962 3.135222911834717
4963 3.495673894882202
4964 3.2267377376556396
4965 3.073622465133667
4966 3.136977434158325
4967 3.137053966522217
4968 3.190279722213745
4969 3.116345167160034
4970 3.3371546268463135
4971 3.21636962890625
4972 3.397510051727295
4973 3.3577635288238525
4974 3.1779658794403076
4975 3.188322067260742
4976 3.3329250812530518
4977 3.321903944015503
4978 3.2928719520568848
4979 3.206028699874878
4980 3.2904255390167236
4981 3.2528135776519775
4982 3.150233745574951
4983 3.1562464237213135
4984 3.2894747257232666
4985 3.268049955368042
4986 3.1080663204193115
4987 3.364351749420166
4988 3.1157424449920654
4989 2.995898485183716
4990 3.179612636566162
4991 3.1801135540008545
4992 3.171750783920288
4993 3.1814568042755127
4994 3.07566499710083
4995 3.020026683807373
4996 2.963693380355835
4997 3.292875051498413
4998 3.013200044631958
4999 3.0931994915008545
5000 3.0251574516296387
5001 2.7279412746429443

