0 3.1961939334869385
1 2.805197238922119
2 2.973527193069458
3 2.7808837890625
4 2.6084601879119873
5 2.5098869800567627
6 2.583378314971924
7 2.510301351547241
8 2.46052885055542
9 2.3989615440368652
10 2.378615617752075
11 2.3035600185394287
12 2.6103358268737793
13 2.643766164779663
14 2.4902431964874268
15 2.468172073364258
16 2.631155490875244
17 2.4885597229003906
18 2.29974627494812
19 2.4311745166778564
20 2.5110907554626465
21 2.308466672897339
22 2.305777072906494
23 2.405712604522705
24 2.5688135623931885
25 2.4619946479797363
26 2.6237316131591797
27 2.446490526199341
28 2.39154314994812
29 2.4258341789245605
30 2.4143075942993164
31 2.4311869144439697
32 2.4375393390655518
33 2.473665952682495
34 2.6136157512664795
35 2.366640090942383
36 2.700223207473755
37 2.4678568840026855
38 2.5851151943206787
39 2.666198253631592
40 2.6827785968780518
41 2.5797603130340576
42 2.50187087059021
43 2.5836265087127686
44 2.371471881866455
45 2.5183231830596924
46 2.322211980819702
47 2.3168044090270996
48 2.394343852996826
49 2.4729573726654053
50 2.5258076190948486
51 2.4853410720825195
52 2.6142477989196777
53 2.5014584064483643
54 2.3517205715179443
55 2.2379448413848877
56 2.3953819274902344
57 2.3829233646392822
58 2.4643518924713135
59 2.4483306407928467
60 2.500823497772217
61 2.486464262008667
62 2.456599473953247
63 2.488595962524414
64 2.7872936725616455
65 2.645670175552368
66 2.5417447090148926
67 2.6054153442382812
68 2.522110939025879
69 2.4193837642669678
70 2.488102436065674
71 2.425746440887451
72 2.2996976375579834
73 2.3702139854431152
74 2.3202688694000244
75 2.2124135494232178
76 2.219109058380127
77 2.158208131790161
78 2.4100518226623535
79 2.2573022842407227
80 2.4088120460510254
81 2.350654363632202
82 2.228896379470825
83 2.289555311203003
84 2.4387335777282715
85 2.4425365924835205
86 2.572284698486328
87 2.5668182373046875
88 2.3961966037750244
89 2.6922996044158936
90 2.277806282043457
91 2.2948222160339355
92 2.141134023666382
93 2.2611947059631348
94 2.6000654697418213
95 2.5178513526916504
96 2.5316696166992188
97 2.3693759441375732
98 2.5138189792633057
99 2.279970169067383
100 2.2688798904418945
101 2.2494213581085205
102 2.3441243171691895
103 2.3228073120117188
104 2.127851963043213
105 2.252535820007324
106 2.439084053039551
107 2.3233649730682373
108 2.5608489513397217
109 2.2683756351470947
110 2.326626777648926
111 2.4356706142425537
112 2.122946262359619
113 2.0033066272735596
114 2.300224781036377
115 2.3171448707580566
116 2.408686876296997
117 2.3204517364501953
118 2.3902153968811035
119 2.644327402114868
120 2.486579418182373
121 2.5197317600250244
122 2.242037057876587
123 2.3159220218658447
124 2.1857147216796875
125 2.2463772296905518
126 2.2903084754943848
127 2.2666544914245605
128 2.0928194522857666
129 2.333705425262451
130 2.3085694313049316
131 2.45035982131958
132 2.4173038005828857
133 2.5764336585998535
134 2.3064632415771484
135 2.4385204315185547
136 2.325549364089966
137 2.4849374294281006
138 2.353337049484253
139 2.3758716583251953
140 2.3136510848999023
141 2.270277738571167
142 2.268646478652954
143 2.2721590995788574
144 2.3971893787384033
145 2.592057943344116
146 2.4692132472991943
147 2.5083181858062744
148 2.493732452392578
149 2.3174755573272705
150 2.5159924030303955
151 2.4102284908294678
152 2.3648250102996826
153 2.2623345851898193
154 2.3114254474639893
155 2.559321880340576
156 2.4765689373016357
157 2.4753940105438232
158 2.281177043914795
159 2.3894481658935547
160 2.3325037956237793
161 2.3437628746032715
162 2.2257299423217773
163 2.389561176300049
164 2.2609286308288574
165 2.2918283939361572
166 2.3900535106658936
167 2.3155980110168457
168 2.3393375873565674
169 2.5092129707336426
170 2.318301200866699
171 2.461374282836914
172 2.4966306686401367
173 2.5926671028137207
174 2.2726333141326904
175 2.4274537563323975
176 2.544421672821045
177 2.396063804626465
178 2.220271110534668
179 2.324009895324707
180 2.288247585296631
181 2.380669593811035
182 2.34684419631958
183 2.258737325668335
184 2.3037357330322266
185 2.2612977027893066
186 2.3120009899139404
187 2.3828701972961426
188 2.4344606399536133
189 2.363776445388794
190 2.392545700073242
191 2.3280727863311768
192 2.2552249431610107
193 2.4214835166931152
194 2.4651198387145996
195 2.367154836654663
196 2.3812754154205322
197 2.1168744564056396
198 2.153505325317383
199 2.0252766609191895
200 2.2247908115386963
201 2.094193696975708
202 2.105522871017456
203 2.152498245239258
204 1.9931955337524414
205 1.9610161781311035
206 2.077397584915161
207 2.076857089996338
208 2.0247750282287598
209 2.0120553970336914
210 1.9274790287017822
211 1.867098331451416
212 1.8599052429199219
213 1.9271492958068848
214 1.9121339321136475
215 1.9251999855041504
216 2.0299808979034424
217 1.8274650573730469
218 1.846285343170166
219 1.8709653615951538
220 2.0498569011688232
221 2.024503231048584
222 1.9897372722625732
223 2.102170705795288
224 2.1350719928741455
225 2.2790982723236084
226 2.265566349029541
227 2.219600200653076
228 1.9945409297943115
229 2.325343608856201
230 2.0435619354248047
231 2.0301575660705566
232 1.8236753940582275
233 1.9045416116714478
234 1.8988451957702637
235 2.0879569053649902
236 2.0033509731292725
237 2.0941574573516846
238 1.8985652923583984
239 1.9894096851348877
240 1.9498264789581299
241 2.1343448162078857
242 1.9392285346984863
243 2.0468811988830566
244 2.0018723011016846
245 1.8393380641937256
246 2.0530545711517334
247 2.263546943664551
248 1.8823047876358032
249 1.8683648109436035
250 2.0016870498657227
251 2.159179449081421
252 2.0491139888763428
253 2.2346789836883545
254 2.127526044845581
255 2.2037513256073
256 2.198413848876953
257 2.1914634704589844
258 2.137073516845703
259 2.0156466960906982
260 1.9949876070022583
261 2.043715238571167
262 1.9589096307754517
263 1.8858946561813354
264 1.9062706232070923
265 1.9295439720153809
266 1.915456771850586
267 1.7444653511047363
268 1.911196231842041
269 1.8332370519638062
270 1.9884347915649414
271 1.7804509401321411
272 1.8831489086151123
273 1.8526480197906494
274 1.9146955013275146
275 1.8883384466171265
276 1.9556947946548462
277 1.9321105480194092
278 2.003690004348755
279 1.8368115425109863
280 2.04189133644104
281 1.9711414575576782
282 1.8434957265853882
283 1.8001147508621216
284 1.7988924980163574
285 1.856547236442566
286 2.014787435531616
287 1.8448892831802368
288 1.8870317935943604
289 1.7976043224334717
290 1.7476987838745117
291 1.8786873817443848
292 1.8642715215682983
293 2.0145862102508545
294 1.9878740310668945
295 2.1015539169311523
296 1.9904778003692627
297 2.0618855953216553
298 2.1145286560058594
299 2.0151546001434326
300 2.0712432861328125
301 1.902928352355957
302 2.1151785850524902
303 1.9556506872177124
304 1.7829910516738892
305 1.9162919521331787
306 2.1110618114471436
307 1.9692485332489014
308 2.1850624084472656
309 2.105748176574707
310 2.0367181301116943
311 1.9803096055984497
312 1.8837440013885498
313 2.2824230194091797
314 2.1290783882141113
315 1.8597445487976074
316 2.0614774227142334
317 2.2257251739501953
318 2.1461265087127686
319 2.42513108253479
320 2.472386121749878
321 2.24069881439209
322 2.2184202671051025
323 2.0266098976135254
324 1.8345873355865479
325 1.9611999988555908
326 1.911339282989502
327 1.9726027250289917
328 2.0132012367248535
329 2.094055414199829
330 1.9647784233093262
331 2.126204013824463
332 1.9364633560180664
333 2.1504344940185547
334 2.035566568374634
335 2.0664212703704834
336 2.067042350769043
337 2.0018866062164307
338 1.982722282409668
339 1.9801039695739746
340 1.995239496231079
341 1.9839366674423218
342 1.9738398790359497
343 2.1337051391601562
344 2.1743669509887695
345 2.2084381580352783
346 1.9018219709396362
347 2.0056393146514893
348 1.9747809171676636
349 1.9989712238311768
350 1.9985138177871704
351 1.980735182762146
352 2.0219857692718506
353 2.056337594985962
354 1.943432092666626
355 1.943434476852417
356 1.9166350364685059
357 2.0312204360961914
358 1.9257317781448364
359 1.8941173553466797
360 1.8806613683700562
361 1.8038288354873657
362 1.848637342453003
363 2.015040874481201
364 1.8223512172698975
365 1.7563787698745728
366 1.9014602899551392
367 1.876772403717041
368 1.8725996017456055
369 1.8591841459274292
370 1.8553262948989868
371 1.7211631536483765
372 1.7890263795852661
373 2.0389487743377686
374 1.8711702823638916
375 2.0459465980529785
376 1.8720351457595825
377 1.8420825004577637
378 1.7828634977340698
379 1.8050955533981323
380 1.7169568538665771
381 1.7633311748504639
382 1.7048019170761108
383 1.6093579530715942
384 1.856902003288269
385 1.7229543924331665
386 1.7029331922531128
387 1.784313678741455
388 1.8733210563659668
389 1.8186335563659668
390 1.6672136783599854
391 1.9524540901184082
392 2.047931671142578
393 1.7740442752838135
394 2.036282539367676
395 2.041779041290283
396 1.9815741777420044
397 2.2234644889831543
398 2.1409664154052734
399 2.105440855026245
400 2.134977340698242
401 2.1942543983459473
402 2.007228374481201
403 2.1262333393096924
404 2.16593599319458
405 2.2173821926116943
406 1.9847644567489624
407 2.076866388320923
408 2.0727052688598633
409 1.9753645658493042
410 2.0487518310546875
411 1.8735407590866089
412 1.9726084470748901
413 2.0847015380859375
414 1.9866596460342407
415 2.0023725032806396
416 1.9696462154388428
417 1.900527834892273
418 1.9580883979797363
419 1.987756371498108
420 1.9717062711715698
421 1.849702000617981
422 1.9221265316009521
423 1.9131128787994385
424 1.8238766193389893
425 1.8240493535995483
426 1.8437484502792358
427 2.044147253036499
428 2.08099102973938
429 1.786648154258728
430 1.7934203147888184
431 1.8638317584991455
432 1.8899298906326294
433 1.8338655233383179
434 1.9400508403778076
435 2.0139777660369873
436 1.8957709074020386
437 1.8652067184448242
438 1.9939637184143066
439 2.007744312286377
440 2.094129800796509
441 1.7988184690475464
442 1.9743738174438477
443 1.893381118774414
444 1.9719200134277344
445 1.9090161323547363
446 2.0934898853302
447 1.9355119466781616
448 1.8608466386795044
449 1.906042218208313
450 1.6900187730789185
451 1.8890742063522339
452 2.0122194290161133
453 1.9707152843475342
454 2.0729188919067383
455 1.9048596620559692
456 2.1129226684570312
457 2.0388524532318115
458 2.051459789276123
459 1.7908992767333984
460 1.751932978630066
461 1.7813124656677246
462 2.142198085784912
463 1.777519702911377
464 1.818645715713501
465 1.8638336658477783
466 1.9391493797302246
467 1.7143371105194092
468 1.6784242391586304
469 1.7124136686325073
470 1.788537621498108
471 1.97328519821167
472 1.7655569314956665
473 1.8157473802566528
474 1.9017150402069092
475 1.9410127401351929
476 1.790740728378296
477 1.7761900424957275
478 1.969819188117981
479 1.808717966079712
480 1.835356593132019
481 1.8744677305221558
482 1.8290860652923584
483 1.8292131423950195
484 1.8469098806381226
485 1.6872245073318481
486 1.8450943231582642
487 1.800313949584961
488 1.674846887588501
489 2.0175209045410156
490 1.924592137336731
491 1.8949648141860962
492 1.746762752532959
493 1.978560447692871
494 1.9265906810760498
495 1.9039409160614014
496 1.9013491868972778
497 1.795802116394043
498 1.9446386098861694
499 1.9940882921218872
500 2.0904157161712646
501 1.9592357873916626
502 1.9187531471252441
503 1.956084132194519
504 1.8118406534194946
505 1.8440368175506592
506 1.9643120765686035
507 1.7591439485549927
508 2.1573243141174316
509 2.03006911277771
510 1.9843158721923828
511 2.0399892330169678
512 1.8186839818954468
513 1.8775874376296997
514 1.7754948139190674
515 2.0375125408172607
516 1.8611831665039062
517 2.0302019119262695
518 1.974764108657837
519 1.8915446996688843
520 1.987770676612854
521 2.049926280975342
522 2.0738866329193115
523 2.160670042037964
524 2.1171469688415527
525 2.1552574634552
526 2.0456790924072266
527 2.242694616317749
528 2.1132657527923584
529 2.095674753189087
530 1.9976348876953125
531 1.9499716758728027
532 2.039370536804199
533 1.8885014057159424
534 2.031867027282715
535 1.9653738737106323
536 1.8634154796600342
537 1.9113072156906128
538 2.0882630348205566
539 2.1860063076019287
540 2.088033676147461
541 2.186021089553833
542 2.0228447914123535
543 2.03621506690979
544 2.0516183376312256
545 2.1363534927368164
546 1.9477812051773071
547 1.834302544593811
548 1.9499177932739258
549 1.9456679821014404
550 1.9057217836380005
551 1.7211486101150513
552 1.8467597961425781
553 2.0882091522216797
554 1.9552831649780273
555 1.845252275466919
556 2.14528489112854
557 2.208785057067871
558 2.195925712585449
559 2.073850154876709
560 2.0097644329071045
561 2.0367345809936523
562 2.0215086936950684
563 1.854278564453125
564 1.9396988153457642
565 2.039111614227295
566 2.0714361667633057
567 1.7637478113174438
568 2.018402576446533
569 1.9891921281814575
570 2.029411554336548
571 2.099104881286621
572 2.0411736965179443
573 1.9916568994522095
574 2.0061497688293457
575 2.007504463195801
576 1.8476645946502686
577 1.8081614971160889
578 2.219310760498047
579 2.1542251110076904
580 2.1109485626220703
581 2.081871747970581
582 2.0578415393829346
583 2.0499393939971924
584 2.192171096801758
585 2.284761428833008
586 2.0777535438537598
587 2.007221221923828
588 2.249706506729126
589 2.039900779724121
590 2.1180453300476074
591 2.189596176147461
592 2.312920570373535
593 1.9687329530715942
594 1.7830787897109985
595 2.2156050205230713
596 2.024240493774414
597 2.076615571975708
598 2.2215523719787598
599 1.961056113243103
600 1.9826210737228394
601 1.8254873752593994
602 2.038849115371704
603 1.907041311264038
604 1.968621015548706
605 2.2840685844421387
606 2.1620571613311768
607 2.147019386291504
608 2.1939196586608887
609 2.06488299369812
610 2.1511197090148926
611 2.0009472370147705
612 2.0457141399383545
613 1.943110704421997
614 2.146883726119995
615 2.1070775985717773
616 2.17395281791687
617 2.0950205326080322
618 2.0082199573516846
619 2.1250386238098145
620 2.086021661758423
621 1.993729829788208
622 2.0067591667175293
623 2.0443246364593506
624 1.8486770391464233
625 1.8036088943481445
626 1.8973067998886108
627 1.8703324794769287
628 1.940946340560913
629 2.065317153930664
630 2.1860873699188232
631 2.1350631713867188
632 2.089416265487671
633 2.10844349861145
634 2.0088562965393066
635 2.265918254852295
636 2.266469955444336
637 2.3684656620025635
638 2.1629257202148438
639 2.088520050048828
640 2.1281657218933105
641 1.9972161054611206
642 2.0548830032348633
643 2.016197919845581
644 2.274622678756714
645 2.0855321884155273
646 1.9215970039367676
647 1.9423179626464844
648 1.9427064657211304
649 2.003527879714966
650 2.0663106441497803
651 2.107847213745117
652 1.9287950992584229
653 2.04487943649292
654 2.192986011505127
655 1.987696647644043
656 2.047545909881592
657 2.0936098098754883
658 2.011962652206421
659 2.030048370361328
660 2.2857134342193604
661 2.090052843093872
662 2.122828483581543
663 2.131763458251953
664 2.0530693531036377
665 2.1946933269500732
666 2.2980661392211914
667 2.1478090286254883
668 1.93228280544281
669 2.193732976913452
670 2.072726249694824
671 2.273007392883301
672 1.9151688814163208
673 2.11014986038208
674 1.9757500886917114
675 2.1977295875549316
676 2.0275628566741943
677 1.8172354698181152
678 2.0264904499053955
679 2.106926202774048
680 2.1332225799560547
681 2.279737949371338
682 2.004142999649048
683 1.9961782693862915
684 2.095921754837036
685 2.143584728240967
686 2.249488115310669
687 2.3203039169311523
688 2.262249708175659
689 2.3933069705963135
690 2.161864757537842
691 2.077770471572876
692 2.1273460388183594
693 2.008232593536377
694 2.050687313079834
695 2.025012969970703
696 1.917250394821167
697 1.912392020225525
698 1.9972949028015137
699 2.0903148651123047
700 1.8920985460281372
701 2.0064024925231934
702 1.7822256088256836
703 1.9466224908828735
704 1.8934392929077148
705 2.1977412700653076
706 2.143533229827881
707 2.403162956237793
708 2.3459835052490234
709 2.2920351028442383
710 2.2867002487182617
711 2.3898508548736572
712 2.368187189102173
713 2.2360143661499023
714 2.2844057083129883
715 2.423055648803711
716 2.4158692359924316
717 2.05116605758667
718 2.1038553714752197
719 1.9554939270019531
720 2.24047589302063
721 2.4448726177215576
722 2.2279767990112305
723 2.158266305923462
724 2.070648193359375
725 2.345482110977173
726 2.3674445152282715
727 2.2684009075164795
728 2.0968775749206543
729 2.0980618000030518
730 2.2218358516693115
731 2.2365877628326416
732 2.1617958545684814
733 2.0085644721984863
734 1.9939979314804077
735 2.2067058086395264
736 2.205292224884033
737 2.199336051940918
738 2.0918397903442383
739 2.1717073917388916
740 2.3263144493103027
741 2.0071330070495605
742 2.233330249786377
743 2.328328847885132
744 2.1495509147644043
745 2.299816131591797
746 2.249000072479248
747 2.4186806678771973
748 2.394421100616455
749 2.1608047485351562
750 2.2780370712280273
751 2.4313833713531494
752 2.2891833782196045
753 2.4621171951293945
754 2.3824398517608643
755 2.3037784099578857
756 2.190469980239868
757 2.1977710723876953
758 2.043022632598877
759 2.4013493061065674
760 2.2678098678588867
761 2.525939464569092
762 2.3902344703674316
763 2.256946563720703
764 2.148580312728882
765 2.1258397102355957
766 2.0938379764556885
767 2.0378434658050537
768 2.1910266876220703
769 1.945290207862854
770 1.9220560789108276
771 2.018237352371216
772 1.8537499904632568
773 1.7699226140975952
774 1.9947905540466309
775 1.9119880199432373
776 2.000596046447754
777 1.9735513925552368
778 1.8406533002853394
779 2.1750943660736084
780 2.352104425430298
781 2.310065507888794
782 2.3937623500823975
783 2.3079051971435547
784 2.290343761444092
785 2.450545310974121
786 2.3901922702789307
787 1.883120059967041
788 2.1169776916503906
789 2.3161938190460205
790 2.375004768371582
791 2.297807216644287
792 2.4048445224761963
793 2.1965622901916504
794 1.8841036558151245
795 2.029160261154175
796 1.9655399322509766
797 2.1650030612945557
798 1.9065810441970825
799 1.9940162897109985
800 2.0675415992736816
801 2.1330924034118652
802 2.1524670124053955
803 1.878570556640625
804 2.0110135078430176
805 1.96193265914917
806 1.923129677772522
807 2.090573787689209
808 2.3134613037109375
809 2.1252124309539795
810 2.3496344089508057
811 2.396672010421753
812 2.2515387535095215
813 2.2369556427001953
814 2.2250473499298096
815 2.558600902557373
816 2.5225934982299805
817 2.3901209831237793
818 2.27443265914917
819 2.3625333309173584
820 2.4696033000946045
821 2.5247647762298584
822 2.1945748329162598
823 2.250382423400879
824 2.5180814266204834
825 2.356637954711914
826 2.2715723514556885
827 2.3519766330718994
828 2.266918420791626
829 2.588883876800537
830 2.4330992698669434
831 2.6717655658721924
832 2.661320447921753
833 2.6226866245269775
834 2.73193621635437
835 2.5469024181365967
836 2.4048397541046143
837 2.473787546157837
838 2.3905141353607178
839 2.3103790283203125
840 2.4885854721069336
841 2.457327127456665
842 2.1067748069763184
843 2.090654134750366
844 2.2747068405151367
845 1.954440951347351
846 2.074934482574463
847 2.0991897583007812
848 2.362530469894409
849 2.1486871242523193
850 2.3457229137420654
851 2.4596099853515625
852 2.4732255935668945
853 2.44220232963562
854 2.054065704345703
855 2.2181804180145264
856 2.3318119049072266
857 2.422961473464966
858 2.222550392150879
859 2.3744356632232666
860 2.6516928672790527
861 2.3808727264404297
862 2.6121890544891357
863 2.3869271278381348
864 2.4096617698669434
865 2.23500394821167
866 2.385768413543701
867 2.223377227783203
868 2.2581851482391357
869 2.258474349975586
870 2.2988882064819336
871 2.2290403842926025
872 2.1175315380096436
873 1.9649009704589844
874 2.3212380409240723
875 2.4410245418548584
876 2.3802220821380615
877 2.1415958404541016
878 2.557831048965454
879 2.6836578845977783
880 2.571798801422119
881 2.5425868034362793
882 2.6678202152252197
883 2.9075422286987305
884 2.247716188430786
885 2.477661609649658
886 2.226853847503662
887 2.3824691772460938
888 2.0216453075408936
889 2.010413408279419
890 2.0228500366210938
891 2.3009860515594482
892 2.1098649501800537
893 2.020918846130371
894 2.0333750247955322
895 2.1586766242980957
896 2.228384494781494
897 2.2961649894714355
898 2.0547051429748535
899 2.005561113357544
900 1.9963492155075073
901 1.9426233768463135
902 2.121274709701538
903 2.066021203994751
904 2.122626543045044
905 2.0963284969329834
906 2.0195958614349365
907 2.063237428665161
908 1.9583425521850586
909 1.9202921390533447
910 1.9373703002929688
911 2.0862598419189453
912 2.177537441253662
913 2.1101982593536377
914 2.021148443222046
915 2.220947027206421
916 2.1459782123565674
917 2.041860818862915
918 2.0069432258605957
919 2.0776419639587402
920 2.1313250064849854
921 1.9331910610198975
922 2.0391244888305664
923 1.9499359130859375
924 2.0985612869262695
925 2.1887855529785156
926 2.030986785888672
927 2.0143508911132812
928 2.0881433486938477
929 1.9237678050994873
930 2.0070362091064453
931 2.1034836769104004
932 2.4444572925567627
933 2.1558997631073
934 1.9707163572311401
935 2.3256382942199707
936 2.36472225189209
937 2.1897189617156982
938 2.1384482383728027
939 1.9610583782196045
940 2.238569974899292
941 2.144490957260132
942 1.9825332164764404
943 2.053098440170288
944 2.090334177017212
945 1.9677577018737793
946 2.0752761363983154
947 2.042888641357422
948 2.135000705718994
949 2.2454757690429688
950 1.9830278158187866
951 1.9792166948318481
952 1.9610002040863037
953 1.8568816184997559
954 1.9640082120895386
955 2.2552590370178223
956 2.0896427631378174
957 1.9042551517486572
958 1.9640493392944336
959 1.9536142349243164
960 2.0507164001464844
961 2.015429973602295
962 2.0606625080108643
963 2.1503071784973145
964 2.13067626953125
965 2.233142614364624
966 2.1977925300598145
967 2.082033634185791
968 2.190419912338257
969 2.2745795249938965
970 2.3270974159240723
971 2.19140887260437
972 2.0856635570526123
973 2.221580982208252
974 2.2284116744995117
975 2.1276297569274902
976 2.1399195194244385
977 2.1229615211486816
978 2.126558542251587
979 2.221220016479492
980 2.012453317642212
981 1.9441031217575073
982 1.8028792142868042
983 2.0750601291656494
984 2.0225071907043457
985 2.171950340270996
986 2.1312918663024902
987 1.9723864793777466
988 2.0156807899475098
989 2.159470796585083
990 1.9466958045959473
991 2.0824172496795654
992 2.090667247772217
993 2.0668070316314697
994 2.0160937309265137
995 2.382336378097534
996 2.3312466144561768
997 2.340413808822632
998 2.307596206665039
999 2.22455096244812
1000 2.4272959232330322
1001 2.1143810749053955
1002 2.222060203552246
1003 2.2177202701568604
1004 2.342905044555664
1005 2.1431963443756104
1006 2.0058882236480713
1007 1.9517682790756226
1008 1.9633408784866333
1009 2.017324686050415
1010 2.1271889209747314
1011 1.994537115097046
1012 2.109670639038086
1013 1.9344180822372437
1014 1.9311739206314087
1015 1.8857065439224243
1016 1.9286147356033325
1017 1.8218364715576172
1018 2.164639949798584
1019 2.01051926612854
1020 1.9682379961013794
1021 2.2270054817199707
1022 1.9409801959991455
1023 1.907218337059021
1024 1.790199875831604
1025 1.7844133377075195
1026 1.9292984008789062
1027 1.7880841493606567
1028 2.1765995025634766
1029 2.0324630737304688
1030 2.0469777584075928
1031 2.04217267036438
1032 1.697838544845581
1033 1.7898846864700317
1034 1.8252664804458618
1035 1.7105729579925537
1036 1.6966208219528198
1037 1.7657196521759033
1038 1.633165955543518
1039 1.7727675437927246
1040 1.7481132745742798
1041 1.800422191619873
1042 1.9914244413375854
1043 1.9677835702896118
1044 1.8633121252059937
1045 1.8456732034683228
1046 1.800093173980713
1047 1.5809372663497925
1048 2.001704454421997
1049 1.8089340925216675
1050 1.7567555904388428
1051 1.5933208465576172
1052 1.666826844215393
1053 1.5697654485702515
1054 1.6738708019256592
1055 1.512857437133789
1056 1.5964677333831787
1057 1.623127818107605
1058 1.5817079544067383
1059 1.5595219135284424
1060 1.6258314847946167
1061 1.716633677482605
1062 1.7029563188552856
1063 1.7166649103164673
1064 1.5386921167373657
1065 1.8184833526611328
1066 1.9229823350906372
1067 1.7901554107666016
1068 1.6963214874267578
1069 1.7987250089645386
1070 1.766636610031128
1071 1.6981931924819946
1072 1.7661858797073364
1073 1.5837081670761108
1074 1.8579790592193604
1075 1.8241339921951294
1076 1.7228344678878784
1077 1.7578147649765015
1078 1.708600401878357
1079 1.6275599002838135
1080 1.5609562397003174
1081 1.5719163417816162
1082 1.5299571752548218
1083 1.7076926231384277
1084 1.7766261100769043
1085 1.8856124877929688
1086 1.7728217840194702
1087 1.6120737791061401
1088 1.8110356330871582
1089 1.941407561302185
1090 2.0485944747924805
1091 2.0324368476867676
1092 1.8986287117004395
1093 1.8529173135757446
1094 1.8512581586837769
1095 1.7148066759109497
1096 1.7010687589645386
1097 1.7376437187194824
1098 1.8630958795547485
1099 1.7011922597885132
1100 1.7827037572860718
1101 1.9319987297058105
1102 1.7726891040802002
1103 1.6701045036315918
1104 1.4520595073699951
1105 1.9273556470870972
1106 1.654698133468628
1107 1.4138469696044922
1108 1.346957802772522
1109 1.5459325313568115
1110 1.5658248662948608
1111 1.59716796875
1112 1.5302246809005737
1113 1.4605027437210083
1114 1.5863392353057861
1115 1.5019497871398926
1116 1.525858998298645
1117 1.5618666410446167
1118 1.5308725833892822
1119 1.6832973957061768
1120 1.392735481262207
1121 1.56447434425354
1122 1.480860710144043
1123 1.61531400680542
1124 1.4531500339508057
1125 1.4849001169204712
1126 1.7943494319915771
1127 1.802385687828064
1128 1.7810735702514648
1129 1.8848741054534912
1130 1.8429980278015137
1131 1.6156617403030396
1132 1.6060192584991455
1133 1.5317116975784302
1134 1.5275529623031616
1135 1.4998679161071777
1136 1.5910959243774414
1137 1.6042793989181519
1138 1.626567006111145
1139 1.481781005859375
1140 1.650392770767212
1141 1.6764273643493652
1142 1.6763883829116821
1143 1.5762499570846558
1144 1.6448931694030762
1145 1.578005313873291
1146 1.6955633163452148
1147 2.089139223098755
1148 1.6673485040664673
1149 1.6242563724517822
1150 1.5725897550582886
1151 1.765067458152771
1152 1.6193933486938477
1153 1.564288854598999
1154 1.8577516078948975
1155 1.7857997417449951
1156 1.6751407384872437
1157 1.5793930292129517
1158 1.80003821849823
1159 1.7075470685958862
1160 1.866886019706726
1161 2.020329236984253
1162 1.7698488235473633
1163 1.7116148471832275
1164 1.7499797344207764
1165 1.873262882232666
1166 1.5926594734191895
1167 1.6598857641220093
1168 1.8402955532073975
1169 1.796740174293518
1170 1.786097764968872
1171 1.76254403591156
1172 1.7593605518341064
1173 1.4993857145309448
1174 1.6858528852462769
1175 1.5471373796463013
1176 1.5219866037368774
1177 1.5131897926330566
1178 1.6303799152374268
1179 1.707094430923462
1180 1.4390665292739868
1181 1.4550012350082397
1182 1.6219053268432617
1183 1.3999077081680298
1184 1.6075469255447388
1185 1.5132761001586914
1186 1.7620588541030884
1187 1.8043373823165894
1188 1.6719799041748047
1189 1.5940357446670532
1190 1.6053495407104492
1191 1.4671975374221802
1192 1.62604820728302
1193 1.4288759231567383
1194 1.4388686418533325
1195 1.5293914079666138
1196 1.435951590538025
1197 1.4944050312042236
1198 1.6023695468902588
1199 1.5152653455734253
1200 1.685301423072815
1201 1.4403133392333984
1202 1.4395838975906372
1203 1.4645673036575317
1204 1.4873348474502563
1205 1.4848421812057495
1206 1.553629994392395
1207 1.6425855159759521
1208 1.4882012605667114
1209 1.58767569065094
1210 1.8110982179641724
1211 1.8163225650787354
1212 1.7392338514328003
1213 1.6770950555801392
1214 1.7476024627685547
1215 1.75813627243042
1216 1.8800815343856812
1217 1.6678365468978882
1218 1.66298246383667
1219 1.7002038955688477
1220 1.5369874238967896
1221 1.7620019912719727
1222 1.6768724918365479
1223 1.7982068061828613
1224 1.7528411149978638
1225 1.7738864421844482
1226 1.472254753112793
1227 1.7702215909957886
1228 1.6617311239242554
1229 1.5561745166778564
1230 1.6794353723526
1231 1.7751107215881348
1232 1.580007791519165
1233 1.7067784070968628
1234 1.796480417251587
1235 1.7072458267211914
1236 1.6904757022857666
1237 1.7290568351745605
1238 1.573815941810608
1239 1.5833845138549805
1240 1.8028711080551147
1241 1.9062362909317017
1242 1.776145100593567
1243 1.6739996671676636
1244 1.669739842414856
1245 1.7455769777297974
1246 1.601776361465454
1247 1.5962550640106201
1248 1.7542561292648315
1249 1.5497336387634277
1250 1.7150987386703491
1251 1.6041079759597778
1252 1.7497330904006958
1253 1.6058460474014282
1254 1.5730563402175903
1255 1.6256909370422363
1256 1.9480702877044678
1257 1.7309688329696655
1258 1.568095326423645
1259 1.6527315378189087
1260 1.5416641235351562
1261 1.7204272747039795
1262 1.562904715538025
1263 1.613014578819275
1264 1.7626731395721436
1265 1.6714071035385132
1266 1.6717628240585327
1267 1.6683167219161987
1268 1.691422462463379
1269 1.590524673461914
1270 1.3776586055755615
1271 1.5194861888885498
1272 1.5840752124786377
1273 1.647280216217041
1274 1.725654125213623
1275 1.8290551900863647
1276 1.612201452255249
1277 1.6070570945739746
1278 1.7001703977584839
1279 1.6620010137557983
1280 1.5605658292770386
1281 1.6733570098876953
1282 1.6140137910842896
1283 1.5369402170181274
1284 1.6462270021438599
1285 1.276107907295227
1286 1.5907255411148071
1287 1.7067151069641113
1288 1.6001447439193726
1289 1.637995719909668
1290 1.8039175271987915
1291 1.4996552467346191
1292 1.446225881576538
1293 1.8474698066711426
1294 1.7977699041366577
1295 1.8314589262008667
1296 2.0145559310913086
1297 1.740513801574707
1298 2.04528546333313
1299 1.7456456422805786
1300 1.5606399774551392
1301 1.5689587593078613
1302 1.6890506744384766
1303 1.7687568664550781
1304 1.5484156608581543
1305 1.782074213027954
1306 1.810343861579895
1307 1.7999053001403809
1308 1.7394092082977295
1309 1.9225730895996094
1310 1.8103781938552856
1311 1.6846013069152832
1312 1.6676427125930786
1313 1.5776447057724
1314 1.6898881196975708
1315 1.7081081867218018
1316 1.7014588117599487
1317 1.6710385084152222
1318 1.7401403188705444
1319 1.6808525323867798
1320 1.7883102893829346
1321 1.5887055397033691
1322 1.6826459169387817
1323 1.5844835042953491
1324 1.6182621717453003
1325 1.5686612129211426
1326 1.75484037399292
1327 1.6613681316375732
1328 1.5108253955841064
1329 1.7315540313720703
1330 1.7385368347167969
1331 1.6742419004440308
1332 1.6458070278167725
1333 1.743667721748352
1334 1.7596502304077148
1335 1.7520092725753784
1336 1.748628854751587
1337 1.7205661535263062
1338 1.776612401008606
1339 1.7388383150100708
1340 1.84724760055542
1341 1.6155998706817627
1342 1.519343376159668
1343 1.5935481786727905
1344 1.6825802326202393
1345 1.8730847835540771
1346 1.9050393104553223
1347 1.830275297164917
1348 1.7999155521392822
1349 1.6922502517700195
1350 1.5390032529830933
1351 1.5699340105056763
1352 1.6840423345565796
1353 1.4898405075073242
1354 1.5923733711242676
1355 1.727880835533142
1356 1.7796353101730347
1357 1.5967004299163818
1358 1.5709956884384155
1359 1.5884114503860474
1360 1.9304490089416504
1361 1.6609609127044678
1362 1.6256811618804932
1363 1.6374776363372803
1364 1.716974139213562
1365 1.7682243585586548
1366 1.8217878341674805
1367 1.8558273315429688
1368 1.7780159711837769
1369 1.7419122457504272
1370 1.8226826190948486
1371 1.6718999147415161
1372 1.6666961908340454
1373 1.6577304601669312
1374 1.539583683013916
1375 1.5695664882659912
1376 1.7301692962646484
1377 1.571242094039917
1378 1.5714011192321777
1379 1.8496992588043213
1380 1.7095263004302979
1381 1.735060691833496
1382 1.661101222038269
1383 1.5989049673080444
1384 1.660714030265808
1385 1.7690410614013672
1386 1.6829087734222412
1387 1.6862781047821045
1388 1.6519267559051514
1389 1.7864017486572266
1390 1.6451647281646729
1391 1.7832887172698975
1392 1.5633348226547241
1393 1.7394739389419556
1394 1.6137064695358276
1395 1.9619147777557373
1396 1.9027502536773682
1397 1.8568871021270752
1398 1.8292511701583862
1399 1.863909363746643
1400 1.6003979444503784
1401 1.719861626625061
1402 1.5418477058410645
1403 1.6028964519500732
1404 1.7980598211288452
1405 1.7174310684204102
1406 1.8260358572006226
1407 1.8285934925079346
1408 1.9229261875152588
1409 1.9296313524246216
1410 1.9111871719360352
1411 2.0325939655303955
1412 2.062140464782715
1413 1.873885989189148
1414 1.9897434711456299
1415 1.9286903142929077
1416 2.0196871757507324
1417 1.8888837099075317
1418 1.7361211776733398
1419 1.6435325145721436
1420 1.9223177433013916
1421 1.8238393068313599
1422 1.7891077995300293
1423 1.717665672302246
1424 1.7095040082931519
1425 1.567942500114441
1426 1.753816843032837
1427 1.7292696237564087
1428 1.6017578840255737
1429 1.6163921356201172
1430 1.7873814105987549
1431 1.782244086265564
1432 1.6704087257385254
1433 1.653628945350647
1434 1.8183945417404175
1435 1.7047131061553955
1436 1.5763520002365112
1437 1.7606642246246338
1438 1.8399021625518799
1439 1.717698574066162
1440 1.855283498764038
1441 1.9854117631912231
1442 2.0098659992218018
1443 1.9091602563858032
1444 1.6519068479537964
1445 1.5359574556350708
1446 1.7569514513015747
1447 1.6412101984024048
1448 1.6641242504119873
1449 1.8467152118682861
1450 1.464799165725708
1451 1.5901390314102173
1452 1.536653995513916
1453 1.535756230354309
1454 1.5864863395690918
1455 1.8129603862762451
1456 1.7797977924346924
1457 1.690252423286438
1458 1.7439274787902832
1459 2.209205389022827
1460 1.722683072090149
1461 1.804519534111023
1462 1.865001916885376
1463 2.023439407348633
1464 1.8612483739852905
1465 2.1096160411834717
1466 1.9630812406539917
1467 1.8209608793258667
1468 1.546238660812378
1469 1.7052005529403687
1470 1.6509984731674194
1471 1.6798125505447388
1472 1.6262171268463135
1473 1.6278088092803955
1474 1.674546480178833
1475 1.5684728622436523
1476 1.5494111776351929
1477 1.854541301727295
1478 1.7645593881607056
1479 1.8739572763442993
1480 1.9542632102966309
1481 1.6599887609481812
1482 1.8575819730758667
1483 1.990376591682434
1484 1.7333431243896484
1485 1.8287343978881836
1486 1.6564762592315674
1487 1.680489420890808
1488 1.7596604824066162
1489 1.7243655920028687
1490 1.7213271856307983
1491 1.8093440532684326
1492 1.754044771194458
1493 1.717996597290039
1494 1.7009583711624146
1495 1.6972955465316772
1496 1.7355395555496216
1497 1.6791224479675293
1498 1.6783180236816406
1499 1.857486367225647
1500 1.930681824684143
1501 1.7611465454101562
1502 1.8655775785446167
1503 1.8620662689208984
1504 1.7513848543167114
1505 1.8292990922927856
1506 1.8190196752548218
1507 1.893822193145752
1508 1.806073546409607
1509 1.8224353790283203
1510 1.6859647035598755
1511 1.796859860420227
1512 1.8007487058639526
1513 1.775826096534729
1514 1.8334040641784668
1515 1.7866222858428955
1516 1.798837661743164
1517 1.6696547269821167
1518 1.6552672386169434
1519 1.599967122077942
1520 1.7652113437652588
1521 1.6720412969589233
1522 1.4516308307647705
1523 1.4385610818862915
1524 1.647900104522705
1525 1.67756986618042
1526 1.6929124593734741
1527 1.6278409957885742
1528 1.71244215965271
1529 1.7089062929153442
1530 1.7854666709899902
1531 1.7121529579162598
1532 1.7432198524475098
1533 1.7810356616973877
1534 1.6621524095535278
1535 1.6504424810409546
1536 1.664870023727417
1537 1.7154830694198608
1538 1.8959206342697144
1539 1.5524964332580566
1540 1.537947177886963
1541 1.600314736366272
1542 1.6882132291793823
1543 1.7509982585906982
1544 1.6416420936584473
1545 1.700980305671692
1546 1.8156226873397827
1547 1.7890115976333618
1548 1.8710564374923706
1549 1.7261621952056885
1550 1.5930403470993042
1551 1.7187371253967285
1552 1.7801159620285034
1553 1.7567640542984009
1554 1.777400016784668
1555 1.5936062335968018
1556 1.6505016088485718
1557 1.7116410732269287
1558 1.823297381401062
1559 1.6144437789916992
1560 1.769079327583313
1561 1.6748908758163452
1562 1.8573837280273438
1563 1.7777884006500244
1564 1.4184186458587646
1565 1.7361451387405396
1566 1.8497005701065063
1567 1.5517414808273315
1568 1.886783242225647
1569 1.649947166442871
1570 1.702276349067688
1571 1.733048677444458
1572 1.5734145641326904
1573 1.636966347694397
1574 1.637311577796936
1575 1.7659214735031128
1576 1.5959876775741577
1577 1.603959083557129
1578 1.8270457983016968
1579 1.878246784210205
1580 1.7671539783477783
1581 1.7295887470245361
1582 1.7399228811264038
1583 1.654837965965271
1584 1.8865816593170166
1585 1.6577574014663696
1586 1.6650975942611694
1587 1.6764628887176514
1588 1.723170280456543
1589 1.7857394218444824
1590 1.680731177330017
1591 1.7474607229232788
1592 1.812833309173584
1593 1.7043150663375854
1594 1.7711113691329956
1595 1.6840468645095825
1596 1.7289478778839111
1597 1.5429632663726807
1598 1.6595796346664429
1599 1.8287736177444458
1600 1.7671558856964111
1601 1.852960228919983
1602 1.6953941583633423
1603 1.6742603778839111
1604 1.9702986478805542
1605 1.7820777893066406
1606 1.9599716663360596
1607 1.5755642652511597
1608 1.8745431900024414
1609 1.6256729364395142
1610 1.8011366128921509
1611 1.7164819240570068
1612 1.8180334568023682
1613 1.8182260990142822
1614 1.8323897123336792
1615 2.0402517318725586
1616 1.7951593399047852
1617 1.7703664302825928
1618 1.6308960914611816
1619 1.5914971828460693
1620 1.8200714588165283
1621 1.668668270111084
1622 1.8331326246261597
1623 1.8909727334976196
1624 1.837134599685669
1625 1.9090683460235596
1626 1.8158715963363647
1627 1.771418571472168
1628 1.7048007249832153
1629 1.586248517036438
1630 1.6138447523117065
1631 1.6515038013458252
1632 1.6993615627288818
1633 1.8495157957077026
1634 1.9134955406188965
1635 1.7843812704086304
1636 1.6434953212738037
1637 1.9156891107559204
1638 1.9385805130004883
1639 2.013810396194458
1640 1.9393858909606934
1641 1.9855748414993286
1642 1.6028944253921509
1643 1.7575658559799194
1644 1.7383862733840942
1645 1.8785098791122437
1646 1.7354072332382202
1647 1.7253401279449463
1648 1.5879931449890137
1649 1.695435881614685
1650 1.6400409936904907
1651 2.0943453311920166
1652 1.9070323705673218
1653 1.8698972463607788
1654 1.9868099689483643
1655 1.8677293062210083
1656 1.8381186723709106
1657 1.8950213193893433
1658 1.9959744215011597
1659 1.7082147598266602
1660 1.8490632772445679
1661 1.7108017206192017
1662 1.618949294090271
1663 1.5950877666473389
1664 1.7540127038955688
1665 1.7388715744018555
1666 1.8851333856582642
1667 1.5557054281234741
1668 1.3876094818115234
1669 1.4537131786346436
1670 1.5300500392913818
1671 1.5988763570785522
1672 1.6049308776855469
1673 1.8171483278274536
1674 1.571317195892334
1675 1.685462236404419
1676 1.4227830171585083
1677 1.4486329555511475
1678 1.467246651649475
1679 1.4221867322921753
1680 1.5187232494354248
1681 1.5594673156738281
1682 1.492645263671875
1683 1.4834046363830566
1684 1.5944267511367798
1685 1.7981559038162231
1686 1.761953353881836
1687 1.715080738067627
1688 1.5831917524337769
1689 1.5840606689453125
1690 1.6484509706497192
1691 1.5854862928390503
1692 1.4801028966903687
1693 1.3740615844726562
1694 1.6939291954040527
1695 1.8252344131469727
1696 1.6695467233657837
1697 1.6868112087249756
1698 1.652414083480835
1699 1.6151385307312012
1700 1.5664167404174805
1701 1.4894845485687256
1702 1.672325611114502
1703 1.554438591003418
1704 1.7710012197494507
1705 1.5982102155685425
1706 1.6512445211410522
1707 1.5684082508087158
1708 1.67389976978302
1709 1.7561360597610474
1710 1.6233789920806885
1711 1.6014529466629028
1712 1.949670672416687
1713 1.8382506370544434
1714 1.5253201723098755
1715 1.4385483264923096
1716 1.4759373664855957
1717 1.3441070318222046
1718 1.4094284772872925
1719 1.6654475927352905
1720 1.5496852397918701
1721 1.6756328344345093
1722 1.5332481861114502
1723 1.4314669370651245
1724 1.4227951765060425
1725 1.4036072492599487
1726 1.4726208448410034
1727 1.4083350896835327
1728 1.503749132156372
1729 1.2851667404174805
1730 1.7692325115203857
1731 1.6010818481445312
1732 1.6214866638183594
1733 1.620210886001587
1734 1.4044984579086304
1735 1.4393047094345093
1736 1.2893624305725098
1737 1.4189422130584717
1738 1.3110681772232056
1739 1.444469690322876
1740 1.6482179164886475
1741 1.3324073553085327
1742 1.3924857378005981
1743 1.0872714519500732
1744 1.0891317129135132
1745 1.111743688583374
1746 1.0642145872116089
1747 1.1785733699798584
1748 1.3223881721496582
1749 1.2236071825027466
1750 1.55077064037323
1751 1.3534177541732788
1752 1.3159191608428955
1753 1.1760627031326294
1754 1.4225484132766724
1755 1.3000940084457397
1756 1.295722484588623
1757 1.4357017278671265
1758 1.4280585050582886
1759 1.1322088241577148
1760 1.2673852443695068
1761 1.3752174377441406
1762 1.5007115602493286
1763 1.4218190908432007
1764 1.3718526363372803
1765 1.4372751712799072
1766 1.2319130897521973
1767 1.3640382289886475
1768 1.577153205871582
1769 1.4964475631713867
1770 1.5095585584640503
1771 1.3727359771728516
1772 1.4453188180923462
1773 1.510596752166748
1774 1.2668110132217407
1775 1.437877893447876
1776 1.5661472082138062
1777 1.3276747465133667
1778 1.5370476245880127
1779 1.552281141281128
1780 1.3783338069915771
1781 1.5442392826080322
1782 1.1480549573898315
1783 0.9929506778717041
1784 1.2024027109146118
1785 1.1637427806854248
1786 1.21925687789917
1787 1.205599069595337
1788 1.0631065368652344
1789 1.082653284072876
1790 1.2213706970214844
1791 1.1464920043945312
1792 1.0937193632125854
1793 1.3059951066970825
1794 1.1112842559814453
1795 1.088423252105713
1796 1.142439603805542
1797 0.9427142143249512
1798 1.1511963605880737
1799 1.1464697122573853
1800 1.005106806755066
1801 1.143953800201416
1802 0.9458404779434204
1803 0.9218106865882874
1804 1.157439947128296
1805 1.0616600513458252
1806 1.005129337310791
1807 0.8918901681900024
1808 1.024979591369629
1809 0.9662430882453918
1810 0.907515823841095
1811 1.1475398540496826
1812 1.5012474060058594
1813 1.257703423500061
1814 1.0930551290512085
1815 1.0087194442749023
1816 1.245733380317688
1817 0.9842551350593567
1818 1.0620781183242798
1819 1.085273027420044
1820 1.1835596561431885
1821 1.1366220712661743
1822 1.2959296703338623
1823 0.9807946681976318
1824 1.2352286577224731
1825 1.0981833934783936
1826 1.2503687143325806
1827 0.8822326064109802
1828 1.0650885105133057
1829 1.0234911441802979
1830 1.0642739534378052
1831 1.354363203048706
1832 0.9839485883712769
1833 0.9168913960456848
1834 0.9110325574874878
1835 0.708463191986084
1836 0.8684831857681274
1837 0.9056676626205444
1838 0.9189355373382568
1839 0.9089462161064148
1840 0.8999208807945251
1841 0.8078287243843079
1842 1.047924518585205
1843 0.841687798500061
1844 0.8706919550895691
1845 0.8236817121505737
1846 0.9869846105575562
1847 1.0542460680007935
1848 0.816165566444397
1849 1.0266979932785034
1850 0.9477817416191101
1851 1.1014416217803955
1852 0.9502854347229004
1853 1.0374830961227417
1854 1.1232867240905762
1855 1.0332257747650146
1856 0.940457820892334
1857 0.9501867294311523
1858 1.0712363719940186
1859 0.7223039269447327
1860 0.8556475639343262
1861 0.9272168278694153
1862 1.1898460388183594
1863 1.0910927057266235
1864 1.3537341356277466
1865 1.2314012050628662
1866 1.0591782331466675
1867 1.1251734495162964
1868 0.861436128616333
1869 1.221022367477417
1870 0.8756256699562073
1871 1.0045465230941772
1872 0.9972216486930847
1873 1.0697596073150635
1874 0.8671202063560486
1875 0.8485315442085266
1876 1.0834530591964722
1877 0.8213001489639282
1878 1.12580144405365
1879 1.1118463277816772
1880 1.162179708480835
1881 0.9160642623901367
1882 0.9895002245903015
1883 0.833715558052063
1884 1.012176513671875
1885 0.8735672235488892
1886 0.8987632393836975
1887 0.9122926592826843
1888 0.8176003694534302
1889 0.9567357301712036
1890 1.056639552116394
1891 0.692216694355011
1892 0.940601646900177
1893 1.0978156328201294
1894 1.052682876586914
1895 0.7814617156982422
1896 0.8526510000228882
1897 0.86540287733078
1898 0.9051403403282166
1899 0.8870043754577637
1900 0.8565808534622192
1901 0.9412296414375305
1902 0.8280542492866516
1903 0.9012102484703064
1904 0.8263493776321411
1905 0.8767156004905701
1906 0.8612464070320129
1907 0.9009528756141663
1908 0.9231807589530945
1909 1.1770566701889038
1910 0.9627711176872253
1911 0.9450694918632507
1912 0.8417937159538269
1913 0.8000801801681519
1914 0.7059956789016724
1915 0.8329227566719055
1916 0.8089803457260132
1917 0.7305102944374084
1918 0.9753255844116211
1919 1.031114935874939
1920 0.8666372299194336
1921 0.8733130693435669
1922 0.9330330491065979
1923 1.2177923917770386
1924 0.9169264435768127
1925 0.9457898736000061
1926 0.8950127363204956
1927 0.8632569909095764
1928 1.159852147102356
1929 1.0432478189468384
1930 0.870089054107666
1931 1.0454033613204956
1932 0.9505205750465393
1933 1.0561660528182983
1934 1.0658923387527466
1935 0.9106225967407227
1936 0.9644556045532227
1937 0.9443407654762268
1938 0.9435956478118896
1939 0.9174380898475647
1940 0.742676854133606
1941 0.832939863204956
1942 0.9750490188598633
1943 0.8093814253807068
1944 0.7985266447067261
1945 0.9006964564323425
1946 0.8328334093093872
1947 0.8517974019050598
1948 0.8566805124282837
1949 0.8808172941207886
1950 0.9644842743873596
1951 0.8134056925773621
1952 0.8166479468345642
1953 0.8664323091506958
1954 0.7973827719688416
1955 0.9208283424377441
1956 0.8639259338378906
1957 1.0415154695510864
1958 0.8518809080123901
1959 0.8036289811134338
1960 0.8400603532791138
1961 0.787800133228302
1962 0.9130943417549133
1963 0.9892846345901489
1964 0.9827921390533447
1965 0.7413470149040222
1966 1.0453675985336304
1967 0.9719337821006775
1968 0.8600197434425354
1969 0.9206072092056274
1970 0.982144832611084
1971 0.9983217716217041
1972 1.079742670059204
1973 1.0720704793930054
1974 1.0724409818649292
1975 0.8803684711456299
1976 0.8265862464904785
1977 0.7372689247131348
1978 0.6663416624069214
1979 0.8068662881851196
1980 0.6357210278511047
1981 0.882555365562439
1982 0.96870356798172
1983 0.887461245059967
1984 0.8634596467018127
1985 1.1008260250091553
1986 0.8215391039848328
1987 0.854616105556488
1988 0.8663561344146729
1989 1.0256062746047974
1990 0.9593380093574524
1991 1.1947178840637207
1992 0.9694929122924805
1993 0.7831083536148071
1994 0.7281107306480408
1995 0.8851882219314575
1996 0.9268175959587097
1997 0.7607559561729431
1998 0.7365037798881531
1999 0.7717265486717224
2000 0.7730306386947632
2001 0.7790005803108215
2002 0.7673370838165283
2003 0.8658568859100342
2004 0.9872641563415527
2005 0.9241726398468018
2006 1.075577735900879
2007 1.05411958694458
2008 1.0190430879592896
2009 1.3940401077270508
2010 0.8850960731506348
2011 1.045228362083435
2012 0.7468994855880737
2013 0.7766965627670288
2014 0.7527515292167664
2015 0.8335278630256653
2016 0.7508143186569214
2017 0.7332189679145813
2018 0.8865784406661987
2019 1.0048766136169434
2020 1.0002272129058838
2021 0.909460186958313
2022 1.0093861818313599
2023 1.1742011308670044
2024 1.0198482275009155
2025 1.0202194452285767
2026 1.23154616355896
2027 1.091143012046814
2028 0.9291810989379883
2029 1.1385821104049683
2030 0.9857221841812134
2031 1.0667970180511475
2032 1.2197967767715454
2033 0.9693568348884583
2034 1.0653904676437378
2035 1.1233124732971191
2036 1.041687250137329
2037 1.058674931526184
2038 1.0465095043182373
2039 1.2034518718719482
2040 1.1945315599441528
2041 1.198100209236145
2042 1.19615638256073
2043 1.4401646852493286
2044 1.0225728750228882
2045 1.243606686592102
2046 0.8956478834152222
2047 1.034569263458252
2048 1.110001564025879
2049 1.079475998878479
2050 1.118210792541504
2051 0.86134272813797
2052 1.0401405096054077
2053 1.1453654766082764
2054 1.036227822303772
2055 1.1056793928146362
2056 1.3552813529968262
2057 1.169908046722412
2058 1.3003439903259277
2059 1.0875914096832275
2060 1.165736436843872
2061 1.3937543630599976
2062 1.0425585508346558
2063 1.447576642036438
2064 1.0969791412353516
2065 1.0337716341018677
2066 1.016441822052002
2067 1.301556944847107
2068 1.1497317552566528
2069 1.1927909851074219
2070 1.1243672370910645
2071 0.9638478755950928
2072 0.9471465349197388
2073 1.1305220127105713
2074 0.9544036388397217
2075 1.2543460130691528
2076 1.1022930145263672
2077 0.8413176536560059
2078 0.868194043636322
2079 1.011427879333496
2080 1.0063891410827637
2081 0.8741414546966553
2082 0.9494644403457642
2083 1.078490972518921
2084 0.9471297264099121
2085 0.8658976554870605
2086 0.9364961385726929
2087 0.8908288478851318
2088 0.8386774063110352
2089 0.7258901000022888
2090 0.8086564540863037
2091 0.9821027517318726
2092 0.7458989024162292
2093 0.7480727434158325
2094 0.7344604134559631
2095 0.9425937533378601
2096 0.8686844706535339
2097 1.0257563591003418
2098 0.982049286365509
2099 1.1108531951904297
2100 1.0545923709869385
2101 0.991546094417572
2102 0.8669729232788086
2103 1.0971320867538452
2104 0.9865195155143738
2105 0.8953903913497925
2106 1.0098224878311157
2107 0.8222635388374329
2108 0.8687827587127686
2109 0.8085911870002747
2110 1.1483057737350464
2111 0.9975256323814392
2112 0.9803220629692078
2113 1.264732837677002
2114 1.427478551864624
2115 1.1987299919128418
2116 1.2251704931259155
2117 1.289141058921814
2118 0.8839225769042969
2119 0.8302399516105652
2120 0.8266801834106445
2121 0.8268037438392639
2122 0.7952489852905273
2123 1.0233182907104492
2124 1.069537878036499
2125 1.1225543022155762
2126 0.7764081954956055
2127 0.9018291234970093
2128 0.8054801225662231
2129 1.1818808317184448
2130 1.0387831926345825
2131 1.196693778038025
2132 0.8143522143363953
2133 1.1039146184921265
2134 0.9883314967155457
2135 0.8762094378471375
2136 0.8180214762687683
2137 0.84270840883255
2138 0.9388176202774048
2139 0.8612733483314514
2140 0.9571691155433655
2141 0.8091025352478027
2142 0.8626900911331177
2143 0.8978514075279236
2144 0.8342678546905518
2145 0.8072991371154785
2146 0.7160806059837341
2147 0.927510678768158
2148 0.8167564272880554
2149 0.7909740805625916
2150 1.0589675903320312
2151 1.1806542873382568
2152 1.004354476928711
2153 0.9991183876991272
2154 0.9673152565956116
2155 1.0080393552780151
2156 0.7071720361709595
2157 1.1329896450042725
2158 1.1721103191375732
2159 0.8995183706283569
2160 1.1135787963867188
2161 1.0230202674865723
2162 0.783488929271698
2163 0.8098190426826477
2164 0.9546595811843872
2165 0.7782416939735413
2166 0.8666836023330688
2167 0.7905582785606384
2168 0.890083909034729
2169 0.7563678622245789
2170 0.8154698014259338
2171 1.0439510345458984
2172 0.8728861212730408
2173 1.0129557847976685
2174 1.2415883541107178
2175 0.9648118615150452
2176 0.8019259572029114
2177 0.9626845717430115
2178 0.9133667945861816
2179 0.8564385175704956
2180 0.9080137014389038
2181 1.1385471820831299
2182 0.899465799331665
2183 0.8504370450973511
2184 1.2137483358383179
2185 0.9339389801025391
2186 0.8313376307487488
2187 0.8677509427070618
2188 0.7877449989318848
2189 1.07746160030365
2190 1.0848389863967896
2191 0.6737262010574341
2192 0.7631627917289734
2193 0.8183642625808716
2194 0.8157103061676025
2195 0.8852968811988831
2196 0.7486083507537842
2197 0.7871952056884766
2198 0.8286288976669312
2199 0.9306938648223877
2200 0.7668535113334656
2201 0.8344739675521851
2202 0.7739152908325195
2203 0.7538363933563232
2204 1.1110270023345947
2205 1.2114113569259644
2206 1.1556121110916138
2207 1.2403571605682373
2208 0.9221197962760925
2209 0.9864063262939453
2210 0.7447038888931274
2211 0.8457757234573364
2212 0.9557766914367676
2213 1.0618141889572144
2214 1.0281240940093994
2215 0.8231801390647888
2216 0.8466652035713196
2217 0.8526092171669006
2218 1.028908133506775
2219 1.0293668508529663
2220 0.9429047703742981
2221 1.0661823749542236
2222 1.2732292413711548
2223 1.173227310180664
2224 1.1903316974639893
2225 1.2141486406326294
2226 1.236643671989441
2227 1.485458493232727
2228 1.3981596231460571
2229 1.445609450340271
2230 1.3247462511062622
2231 1.1965560913085938
2232 1.0794109106063843
2233 1.0856479406356812
2234 1.1407456398010254
2235 1.1221508979797363
2236 0.9032648801803589
2237 0.9444687962532043
2238 0.893791913986206
2239 0.8303669095039368
2240 0.8021173477172852
2241 0.7676203846931458
2242 1.0624918937683105
2243 1.0048682689666748
2244 0.8422024250030518
2245 0.9709437489509583
2246 0.9021785855293274
2247 1.061733365058899
2248 0.8520139455795288
2249 0.9725001454353333
2250 1.240765929222107
2251 1.1898823976516724
2252 1.056416630744934
2253 0.9698746800422668
2254 1.0254932641983032
2255 0.9913233518600464
2256 1.0428317785263062
2257 0.9296900629997253
2258 0.8219394683837891
2259 0.808441698551178
2260 1.0042176246643066
2261 0.9195711612701416
2262 0.8738945126533508
2263 1.0389679670333862
2264 1.1424912214279175
2265 1.1650067567825317
2266 1.0940523147583008
2267 0.9813207387924194
2268 0.9729689359664917
2269 0.9714979529380798
2270 0.9519334435462952
2271 1.105826735496521
2272 1.0319459438323975
2273 1.0330754518508911
2274 1.1205657720565796
2275 0.9944177269935608
2276 0.9395312070846558
2277 0.8821975588798523
2278 0.9885938763618469
2279 1.0206774473190308
2280 0.935168981552124
2281 0.8734956979751587
2282 1.048733115196228
2283 1.0799071788787842
2284 1.1120460033416748
2285 0.908879280090332
2286 1.0609252452850342
2287 1.0110130310058594
2288 0.9375122785568237
2289 0.8813561201095581
2290 0.9617096185684204
2291 1.0574817657470703
2292 1.0215134620666504
2293 0.9475910067558289
2294 0.9847078323364258
2295 1.0654040575027466
2296 0.9298638701438904
2297 1.0984071493148804
2298 0.9098255038261414
2299 1.2698187828063965
2300 1.0652263164520264
2301 1.0749307870864868
2302 0.898439884185791
2303 0.8782598972320557
2304 0.9136722683906555
2305 1.2383004426956177
2306 1.080535888671875
2307 1.0827301740646362
2308 1.0656507015228271
2309 0.9507853388786316
2310 1.122277855873108
2311 1.0704073905944824
2312 1.3409994840621948
2313 1.0698775053024292
2314 1.1149101257324219
2315 0.9302874803543091
2316 1.280761957168579
2317 0.9498213529586792
2318 0.9424445033073425
2319 0.909302294254303
2320 1.0488524436950684
2321 0.9923767447471619
2322 1.0006099939346313
2323 1.1185709238052368
2324 1.2250738143920898
2325 1.1166777610778809
2326 1.100368618965149
2327 1.070889949798584
2328 1.141875982284546
2329 0.9211241006851196
2330 1.0762325525283813
2331 1.1172285079956055
2332 1.268296241760254
2333 1.0073448419570923
2334 1.1096231937408447
2335 1.0678637027740479
2336 1.1267194747924805
2337 1.244001030921936
2338 1.1175004243850708
2339 1.175811767578125
2340 1.0738223791122437
2341 1.0155119895935059
2342 1.0241996049880981
2343 0.99456787109375
2344 1.101840615272522
2345 0.9776418805122375
2346 0.9311480522155762
2347 0.9915494322776794
2348 1.0698293447494507
2349 1.0219885110855103
2350 0.9388496279716492
2351 1.034217357635498
2352 1.1262686252593994
2353 1.0098929405212402
2354 1.2165405750274658
2355 1.0023279190063477
2356 1.2469218969345093
2357 1.1065924167633057
2358 1.1277644634246826
2359 1.2054628133773804
2360 1.1211633682250977
2361 1.2454588413238525
2362 1.1863893270492554
2363 1.0885744094848633
2364 0.8154051303863525
2365 0.9036760330200195
2366 0.8235989212989807
2367 0.9827237725257874
2368 0.7885410785675049
2369 1.1223020553588867
2370 1.0272623300552368
2371 1.0862431526184082
2372 1.0918725728988647
2373 0.9282564520835876
2374 0.8990941643714905
2375 1.0217357873916626
2376 1.0865395069122314
2377 1.1319053173065186
2378 1.4203797578811646
2379 1.1739506721496582
2380 1.1959328651428223
2381 1.1432889699935913
2382 1.199276089668274
2383 1.0977076292037964
2384 1.0504586696624756
2385 1.098262071609497
2386 1.1183207035064697
2387 1.0827362537384033
2388 1.0475718975067139
2389 1.0690068006515503
2390 1.1044940948486328
2391 1.0374561548233032
2392 1.0393564701080322
2393 1.0380427837371826
2394 1.3011419773101807
2395 0.991794764995575
2396 0.9767069220542908
2397 0.9638268947601318
2398 1.1392922401428223
2399 1.2335461378097534
2400 1.2854828834533691
2401 0.9922680258750916
2402 1.0382051467895508
2403 1.1065659523010254
2404 1.117727279663086
2405 1.0830252170562744
2406 1.1360855102539062
2407 0.9153752326965332
2408 0.9977899193763733
2409 0.9527326226234436
2410 1.2413156032562256
2411 1.0114275217056274
2412 1.0772255659103394
2413 0.951138436794281
2414 0.8874163627624512
2415 1.068787693977356
2416 1.0073180198669434
2417 0.9624453186988831
2418 0.9642938375473022
2419 0.9612909555435181
2420 1.0092815160751343
2421 1.0218098163604736
2422 1.1402655839920044
2423 1.1382375955581665
2424 0.8494971394538879
2425 0.9458522796630859
2426 0.8800671696662903
2427 0.9081124067306519
2428 1.422019600868225
2429 0.9706318378448486
2430 0.97700035572052
2431 1.3750849962234497
2432 1.0458699464797974
2433 1.0382270812988281
2434 0.8616165518760681
2435 0.9182432889938354
2436 1.024198293685913
2437 0.8845463991165161
2438 0.8626331686973572
2439 0.993296205997467
2440 0.9873729348182678
2441 0.9888989925384521
2442 1.0990557670593262
2443 0.8879950046539307
2444 0.7498285174369812
2445 1.0285866260528564
2446 1.0055649280548096
2447 1.0971492528915405
2448 0.9592448472976685
2449 0.9483092427253723
2450 0.9143913388252258
2451 0.8038809895515442
2452 1.263100028038025
2453 0.9478160738945007
2454 0.9236985445022583
2455 0.9348369240760803
2456 0.931067705154419
2457 0.8878738284111023
2458 0.9953373074531555
2459 0.883354127407074
2460 0.9038227200508118
2461 1.0425174236297607
2462 0.9055383801460266
2463 0.845629096031189
2464 0.9362640380859375
2465 0.764872670173645
2466 0.8991896510124207
2467 0.7771187424659729
2468 0.9131267666816711
2469 0.8122875094413757
2470 0.9025375247001648
2471 0.7615485191345215
2472 0.8648035526275635
2473 1.0097403526306152
2474 0.8703604340553284
2475 0.8356672525405884
2476 1.0210167169570923
2477 0.7763379812240601
2478 0.794121265411377
2479 0.7888704538345337
2480 0.9235444068908691
2481 1.1156530380249023
2482 1.047344446182251
2483 1.058441162109375
2484 1.165116548538208
2485 0.8780921697616577
2486 0.9751904606819153
2487 0.9092135429382324
2488 0.9083107113838196
2489 0.8974851369857788
2490 0.8546308279037476
2491 0.8958495259284973
2492 0.9035853743553162
2493 0.8228510618209839
2494 0.8184235692024231
2495 0.9733795523643494
2496 0.8822237253189087
2497 0.8817288875579834
2498 0.9228662252426147
2499 0.961800754070282
2500 1.0064449310302734
2501 1.0997259616851807
2502 0.8599522113800049
2503 1.0440956354141235
2504 0.8490759134292603
2505 0.9252892136573792
2506 1.090262532234192
2507 1.0643095970153809
2508 1.16663658618927
2509 1.0741925239562988
2510 1.07514488697052
2511 1.0729167461395264
2512 0.9940899014472961
2513 1.1850066184997559
2514 0.9148852825164795
2515 0.8785420060157776
2516 0.9104300141334534
2517 1.0237622261047363
2518 0.9662461280822754
2519 0.952110230922699
2520 1.59516179561615
2521 1.186141014099121
2522 1.3208255767822266
2523 1.1758629083633423
2524 0.8985930681228638
2525 0.8876346945762634
2526 0.9922853708267212
2527 0.9596952795982361
2528 0.8881094455718994
2529 0.943677544593811
2530 0.9156790971755981
2531 1.1136854887008667
2532 1.0160033702850342
2533 0.8357318043708801
2534 0.9138359427452087
2535 0.8738014698028564
2536 0.8341168165206909
2537 0.8017523884773254
2538 0.7990676164627075
2539 0.9696057438850403
2540 0.8836751580238342
2541 0.9558500051498413
2542 0.9796165823936462
2543 0.8782854676246643
2544 1.0178483724594116
2545 0.9027155041694641
2546 0.9921295642852783
2547 0.849400520324707
2548 0.9721391797065735
2549 0.8432146906852722
2550 1.0171558856964111
2551 1.043674349784851
2552 1.037075400352478
2553 1.3114451169967651
2554 1.1837410926818848
2555 0.9828400015830994
2556 1.0212961435317993
2557 1.185355305671692
2558 1.3028204441070557
2559 1.1439197063446045
2560 1.2383512258529663
2561 0.989428699016571
2562 0.9199934601783752
2563 0.9383360147476196
2564 1.0016881227493286
2565 1.3359029293060303
2566 1.4328807592391968
2567 0.9877272248268127
2568 1.0718144178390503
2569 1.092453956604004
2570 1.0718703269958496
2571 1.003559947013855
2572 1.1134960651397705
2573 1.2418292760849
2574 0.9852747917175293
2575 1.1576249599456787
2576 1.0726288557052612
2577 0.9360601305961609
2578 0.9179044961929321
2579 0.8247637748718262
2580 1.073765754699707
2581 1.2891435623168945
2582 1.1667319536209106
2583 0.972251832485199
2584 0.9659386873245239
2585 0.9545391798019409
2586 1.0047584772109985
2587 1.0408360958099365
2588 1.0792089700698853
2589 0.989094614982605
2590 0.9662209749221802
2591 0.8686912655830383
2592 0.9638900756835938
2593 0.9601120352745056
2594 0.9282415509223938
2595 0.9058992266654968
2596 1.018674612045288
2597 1.1059088706970215
2598 0.8138644099235535
2599 0.8566749095916748
2600 1.0114719867706299
2601 0.8054324388504028
2602 0.8797446489334106
2603 0.9669652581214905
2604 0.737658679485321
2605 0.7438985705375671
2606 0.9031651616096497
2607 0.6809597015380859
2608 0.8572165369987488
2609 0.890106201171875
2610 0.858353316783905
2611 1.044023871421814
2612 0.8495737910270691
2613 1.048789381980896
2614 1.0565649271011353
2615 0.9515706896781921
2616 0.9404141306877136
2617 0.8124275207519531
2618 0.9151538014411926
2619 0.9674719572067261
2620 0.9797490239143372
2621 0.897513210773468
2622 0.857234001159668
2623 1.02871572971344
2624 0.9488470554351807
2625 0.8554251790046692
2626 0.9675755500793457
2627 0.9414867162704468
2628 0.9823306798934937
2629 0.9597418904304504
2630 0.990195095539093
2631 1.0256762504577637
2632 1.0452601909637451
2633 0.97579026222229
2634 1.195329189300537
2635 1.015514612197876
2636 0.8762397766113281
2637 1.0018826723098755
2638 0.8950948119163513
2639 0.9126821160316467
2640 1.0802850723266602
2641 0.9602501392364502
2642 0.925204336643219
2643 1.060776948928833
2644 1.0803122520446777
2645 1.1260522603988647
2646 1.0348330736160278
2647 1.1549534797668457
2648 0.9813147783279419
2649 1.056870937347412
2650 0.9641688466072083
2651 0.9786240458488464
2652 1.0712107419967651
2653 1.0858938694000244
2654 1.0734481811523438
2655 1.0302828550338745
2656 1.1203025579452515
2657 1.0254099369049072
2658 0.9821800589561462
2659 0.854590892791748
2660 1.0972758531570435
2661 0.9922561645507812
2662 1.0345944166183472
2663 1.0493578910827637
2664 1.148900032043457
2665 1.1361416578292847
2666 0.9186549186706543
2667 0.9047935605049133
2668 1.0330272912979126
2669 0.9610711932182312
2670 1.025031566619873
2671 0.9967638850212097
2672 0.9107006192207336
2673 0.9492485523223877
2674 0.9815484881401062
2675 1.027862310409546
2676 1.1407967805862427
2677 1.0146361589431763
2678 1.032394528388977
2679 1.0889989137649536
2680 1.135244607925415
2681 1.229677438735962
2682 1.1934772729873657
2683 1.0658886432647705
2684 1.0914545059204102
2685 1.143535852432251
2686 1.0981075763702393
2687 1.1997534036636353
2688 0.9293609261512756
2689 1.0535882711410522
2690 1.094399094581604
2691 0.9004350304603577
2692 1.0271106958389282
2693 0.9698941707611084
2694 0.9518353343009949
2695 0.9772562980651855
2696 1.0392128229141235
2697 0.944699227809906
2698 1.1363416910171509
2699 0.90260910987854
2700 0.9072944521903992
2701 0.9351970553398132
2702 0.9220879673957825
2703 0.8658235669136047
2704 0.8584060072898865
2705 1.0210049152374268
2706 0.8462003469467163
2707 0.8816558122634888
2708 1.0243984460830688
2709 0.9913679361343384
2710 0.9714542627334595
2711 1.0881624221801758
2712 1.054137110710144
2713 0.9205239415168762
2714 0.9357261657714844
2715 0.9645520448684692
2716 0.9048468470573425
2717 0.9926801919937134
2718 1.0250494480133057
2719 0.9823910593986511
2720 1.0117928981781006
2721 1.1828804016113281
2722 1.051974892616272
2723 0.8882787823677063
2724 0.9836210608482361
2725 0.9140053987503052
2726 0.9559847116470337
2727 0.9470105767250061
2728 0.978337287902832
2729 1.2067594528198242
2730 0.9474843740463257
2731 1.2140064239501953
2732 1.0917316675186157
2733 1.1882823705673218
2734 1.0623767375946045
2735 1.093026876449585
2736 1.1429420709609985
2737 1.1229596138000488
2738 0.9408746957778931
2739 1.0293877124786377
2740 0.9765719175338745
2741 1.1056326627731323
2742 0.8913984894752502
2743 1.053397536277771
2744 0.8818415403366089
2745 1.112684726715088
2746 1.1506950855255127
2747 1.1734771728515625
2748 1.3242506980895996
2749 1.2982014417648315
2750 1.1905221939086914
2751 1.1685987710952759
2752 1.1146538257598877
2753 1.1231580972671509
2754 0.9749546051025391
2755 1.090467095375061
2756 1.0023695230484009
2757 0.889134407043457
2758 0.9425550103187561
2759 1.1675463914871216
2760 1.0658124685287476
2761 0.8995161056518555
2762 1.295502781867981
2763 1.0602470636367798
2764 1.0510953664779663
2765 1.2691302299499512
2766 1.1602742671966553
2767 1.0124011039733887
2768 1.1770135164260864
2769 1.3345363140106201
2770 1.4633687734603882
2771 1.4554197788238525
2772 1.4541287422180176
2773 1.3589407205581665
2774 1.2687627077102661
2775 1.4223763942718506
2776 1.382033109664917
2777 1.0741335153579712
2778 1.1219227313995361
2779 1.202065348625183
2780 1.2779362201690674
2781 1.0652406215667725
2782 1.1543110609054565
2783 1.4531711339950562
2784 1.2591323852539062
2785 1.094672679901123
2786 1.1170392036437988
2787 1.1382335424423218
2788 1.20806086063385
2789 1.0328837633132935
2790 0.9845137000083923
2791 1.0798617601394653
2792 1.0132637023925781
2793 1.013808012008667
2794 1.1623969078063965
2795 1.4717471599578857
2796 1.182301640510559
2797 1.2859448194503784
2798 1.0357074737548828
2799 0.9929279088973999
2800 1.2558534145355225
2801 0.9315214157104492
2802 0.9532517790794373
2803 1.1989030838012695
2804 1.1953481435775757
2805 1.1037015914916992
2806 1.1251647472381592
2807 1.4331737756729126
2808 1.304202914237976
2809 1.1757134199142456
2810 1.079828143119812
2811 1.0926655530929565
2812 1.0121299028396606
2813 1.174322485923767
2814 1.0985280275344849
2815 1.1018366813659668
2816 1.3385132551193237
2817 0.9534363746643066
2818 1.1146231889724731
2819 1.1131401062011719
2820 0.8843988180160522
2821 0.9871688485145569
2822 1.217095136642456
2823 1.2867767810821533
2824 1.1728752851486206
2825 1.1992932558059692
2826 1.1509859561920166
2827 1.4372425079345703
2828 1.1697217226028442
2829 1.0509685277938843
2830 1.3326226472854614
2831 1.0572925806045532
2832 1.2214771509170532
2833 1.2332406044006348
2834 1.3352136611938477
2835 1.0746941566467285
2836 1.1222288608551025
2837 0.9449183344841003
2838 0.9467388391494751
2839 0.8919717073440552
2840 0.9814171195030212
2841 1.2135533094406128
2842 1.3745704889297485
2843 1.3312420845031738
2844 1.224736213684082
2845 1.335313320159912
2846 1.3615219593048096
2847 1.1360381841659546
2848 0.9863459467887878
2849 0.9439635276794434
2850 1.1718640327453613
2851 0.9246596693992615
2852 0.8967722654342651
2853 1.1575177907943726
2854 1.1284412145614624
2855 1.2063896656036377
2856 1.1665067672729492
2857 1.150000810623169
2858 1.1650434732437134
2859 1.2196402549743652
2860 1.4817771911621094
2861 1.0506752729415894
2862 1.3289560079574585
2863 1.2189905643463135
2864 1.018334984779358
2865 1.0251266956329346
2866 1.1201001405715942
2867 1.138806939125061
2868 1.1656543016433716
2869 0.997026264667511
2870 1.105420470237732
2871 1.1338624954223633
2872 1.098373532295227
2873 1.1684658527374268
2874 1.054455280303955
2875 0.9588395953178406
2876 1.0323907136917114
2877 0.8373474478721619
2878 1.1119905710220337
2879 0.9496743083000183
2880 1.3593226671218872
2881 1.1136397123336792
2882 0.9261674880981445
2883 1.1105855703353882
2884 1.0750049352645874
2885 1.261764407157898
2886 1.234552025794983
2887 1.0377410650253296
2888 0.8997407555580139
2889 1.042178750038147
2890 0.9810042381286621
2891 1.0509511232376099
2892 1.1929353475570679
2893 0.9756580591201782
2894 0.9126834869384766
2895 1.1539733409881592
2896 1.0361813306808472
2897 1.0565413236618042
2898 1.0871050357818604
2899 1.1564712524414062
2900 0.9990158081054688
2901 1.1923344135284424
2902 1.1518123149871826
2903 1.3319288492202759
2904 1.4568270444869995
2905 1.058112382888794
2906 1.1973048448562622
2907 1.2638490200042725
2908 1.2176066637039185
2909 1.3494439125061035
2910 1.2132971286773682
2911 1.2204651832580566
2912 1.2043187618255615
2913 1.053959608078003
2914 1.2516775131225586
2915 1.0498793125152588
2916 1.2159854173660278
2917 1.2048594951629639
2918 1.1207019090652466
2919 1.1840115785598755
2920 1.1458251476287842
2921 1.0734374523162842
2922 1.0426313877105713
2923 1.133514165878296
2924 1.3021928071975708
2925 1.0838946104049683
2926 1.1472140550613403
2927 1.42074716091156
2928 1.59555184841156
2929 1.1711214780807495
2930 1.1562819480895996
2931 1.0774188041687012
2932 1.2615931034088135
2933 1.3421330451965332
2934 1.6204887628555298
2935 1.379356861114502
2936 1.2904958724975586
2937 1.3340234756469727
2938 1.0637112855911255
2939 1.2573930025100708
2940 1.1694834232330322
2941 1.3735365867614746
2942 1.143412709236145
2943 1.2612128257751465
2944 1.1965316534042358
2945 1.1840852499008179
2946 1.3295522928237915
2947 1.2721349000930786
2948 1.2060292959213257
2949 1.32984459400177
2950 1.360021710395813
2951 1.155165195465088
2952 1.0088012218475342
2953 1.393088936805725
2954 1.3957500457763672
2955 1.3856284618377686
2956 1.1983935832977295
2957 1.1471322774887085
2958 1.326468825340271
2959 1.4037498235702515
2960 1.2401808500289917
2961 1.5921999216079712
2962 1.2539960145950317
2963 0.9774817228317261
2964 1.2680060863494873
2965 1.2718088626861572
2966 0.9812497496604919
2967 1.1943877935409546
2968 1.3000673055648804
2969 1.209233045578003
2970 1.336904764175415
2971 1.3831050395965576
2972 1.408340573310852
2973 1.4655259847640991
2974 1.2176513671875
2975 1.364760398864746
2976 1.1175986528396606
2977 1.102540135383606
2978 1.0782103538513184
2979 1.2183130979537964
2980 1.3326083421707153
2981 1.2599154710769653
2982 1.0452920198440552
2983 1.3198275566101074
2984 1.1509555578231812
2985 1.2040904760360718
2986 1.4797207117080688
2987 1.0895450115203857
2988 1.0405088663101196
2989 1.1358948945999146
2990 1.1132075786590576
2991 1.2661612033843994
2992 1.4545648097991943
2993 1.4179471731185913
2994 1.4340468645095825
2995 1.5231127738952637
2996 1.2110224962234497
2997 1.2833973169326782
2998 1.227430820465088
2999 1.4378488063812256
3000 1.4426186084747314
3001 1.1760839223861694
3002 1.4677799940109253
3003 1.6599111557006836
3004 1.0972808599472046
3005 1.3718174695968628
3006 1.1477054357528687
3007 1.5595972537994385
3008 1.529053807258606
3009 1.4015311002731323
3010 1.3024439811706543
3011 1.3035225868225098
3012 1.1827081441879272
3013 1.3076893091201782
3014 1.3032076358795166
3015 1.1907813549041748
3016 1.7694849967956543
3017 1.3358813524246216
3018 1.2736300230026245
3019 1.3831318616867065
3020 1.2933506965637207
3021 1.5453299283981323
3022 1.5015878677368164
3023 1.2652007341384888
3024 1.2071614265441895
3025 1.271304726600647
3026 1.1737972497940063
3027 1.4532568454742432
3028 1.381396770477295
3029 1.4060338735580444
3030 1.1677380800247192
3031 1.1567087173461914
3032 1.2130310535430908
3033 1.2249877452850342
3034 1.2987388372421265
3035 1.5360620021820068
3036 1.5260485410690308
3037 1.397371530532837
3038 1.5168997049331665
3039 1.346582293510437
3040 1.2091623544692993
3041 1.3777376413345337
3042 1.2420791387557983
3043 1.2404422760009766
3044 1.4030746221542358
3045 1.4212708473205566
3046 1.2885081768035889
3047 1.4591679573059082
3048 1.2921277284622192
3049 1.648007869720459
3050 1.5538583993911743
3051 1.476255178451538
3052 1.6398829221725464
3053 1.5857042074203491
3054 1.2109907865524292
3055 1.1402839422225952
3056 1.2459213733673096
3057 1.2239285707473755
3058 1.3001700639724731
3059 1.2766588926315308
3060 1.3024635314941406
3061 1.6817593574523926
3062 1.3066400289535522
3063 1.5151207447052002
3064 1.3129292726516724
3065 1.5469679832458496
3066 1.3176041841506958
3067 1.3971060514450073
3068 1.076522707939148
3069 1.3372806310653687
3070 1.44682776927948
3071 1.2860413789749146
3072 1.52485990524292
3073 1.6761854887008667
3074 1.2590173482894897
3075 1.3662469387054443
3076 1.1645537614822388
3077 1.3737971782684326
3078 1.401769995689392
3079 1.279984712600708
3080 1.4666541814804077
3081 1.3527554273605347
3082 1.3050822019577026
3083 1.7221285104751587
3084 1.2706564664840698
3085 1.4851906299591064
3086 1.3963837623596191
3087 1.375563144683838
3088 1.4047218561172485
3089 1.3449686765670776
3090 1.5153158903121948
3091 1.5654088258743286
3092 1.3487497568130493
3093 1.0009198188781738
3094 1.1055365800857544
3095 1.0559831857681274
3096 1.1591027975082397
3097 1.2926377058029175
3098 1.2997357845306396
3099 1.320082187652588
3100 1.1863577365875244
3101 0.9929929971694946
3102 1.0287585258483887
3103 1.1477675437927246
3104 1.0801398754119873
3105 1.1680755615234375
3106 1.5204389095306396
3107 1.0774602890014648
3108 1.105190634727478
3109 1.0184670686721802
3110 1.0794612169265747
3111 1.0355703830718994
3112 1.138512372970581
3113 1.0961543321609497
3114 1.2199959754943848
3115 1.0845603942871094
3116 1.325154423713684
3117 0.9480433464050293
3118 0.9953560829162598
3119 1.0130733251571655
3120 1.2440892457962036
3121 1.3179210424423218
3122 1.1917086839675903
3123 1.2564220428466797
3124 1.270798921585083
3125 1.4041883945465088
3126 1.6452049016952515
3127 1.3686723709106445
3128 1.1878957748413086
3129 1.4371768236160278
3130 1.256303310394287
3131 1.2477372884750366
3132 1.280070424079895
3133 1.2968921661376953
3134 1.04262113571167
3135 0.9939711689949036
3136 1.0435715913772583
3137 0.9611877799034119
3138 0.9028849005699158
3139 0.9306230545043945
3140 0.9146097898483276
3141 1.082836389541626
3142 1.03179132938385
3143 1.168799877166748
3144 1.0651133060455322
3145 1.0278784036636353
3146 0.995598554611206
3147 1.1885827779769897
3148 1.0199004411697388
3149 1.1187723875045776
3150 0.9994100332260132
3151 1.2199195623397827
3152 0.9110357165336609
3153 0.9924944639205933
3154 0.9915038347244263
3155 1.0647459030151367
3156 1.129971981048584
3157 1.0270744562149048
3158 1.0184696912765503
3159 0.8438807129859924
3160 0.9109499454498291
3161 0.9554518461227417
3162 1.1761069297790527
3163 1.0236873626708984
3164 0.9227631092071533
3165 1.1948961019515991
3166 1.2246156930923462
3167 0.9860960245132446
3168 1.1180444955825806
3169 0.9426573514938354
3170 1.1641275882720947
3171 1.1975919008255005
3172 1.219233751296997
3173 1.1141061782836914
3174 1.2420814037322998
3175 1.2834546566009521
3176 1.2139623165130615
3177 1.4293614625930786
3178 1.1346995830535889
3179 1.5966140031814575
3180 1.4455986022949219
3181 1.2747845649719238
3182 1.420884609222412
3183 1.1964432001113892
3184 1.3554744720458984
3185 1.4619331359863281
3186 1.3803099393844604
3187 1.5700609683990479
3188 1.3316234350204468
3189 1.3617051839828491
3190 1.1508617401123047
3191 1.2724764347076416
3192 1.2839961051940918
3193 1.0430989265441895
3194 1.3365947008132935
3195 1.1294411420822144
3196 1.1168872117996216
3197 1.378277063369751
3198 1.0397380590438843
3199 1.1958974599838257
3200 0.9483525156974792
3201 1.1377202272415161
3202 1.253632664680481
3203 1.0518537759780884
3204 1.5106542110443115
3205 1.333073616027832
3206 1.2685518264770508
3207 1.3431527614593506
3208 1.3280037641525269
3209 1.2519060373306274
3210 1.2979722023010254
3211 1.1595407724380493
3212 1.0831923484802246
3213 1.2433193922042847
3214 1.2482014894485474
3215 1.4953975677490234
3216 1.294998288154602
3217 1.199260950088501
3218 1.532429814338684
3219 1.1775257587432861
3220 1.0007591247558594
3221 1.1152480840682983
3222 1.1868914365768433
3223 1.102306842803955
3224 1.0765764713287354
3225 1.2291374206542969
3226 1.1268030405044556
3227 1.1270719766616821
3228 1.068408727645874
3229 1.0227926969528198
3230 1.4755010604858398
3231 1.229332447052002
3232 1.0275791883468628
3233 1.0682321786880493
3234 1.4634532928466797
3235 1.1823041439056396
3236 1.1406896114349365
3237 1.0032716989517212
3238 1.2350825071334839
3239 1.1230839490890503
3240 1.2740116119384766
3241 1.1794484853744507
3242 1.0737560987472534
3243 1.0048878192901611
3244 1.2241442203521729
3245 1.0676239728927612
3246 1.0838119983673096
3247 0.9413145780563354
3248 0.9680114388465881
3249 1.1649619340896606
3250 0.9057688117027283
3251 1.0816929340362549
3252 1.237276315689087
3253 1.1131261587142944
3254 1.1522741317749023
3255 1.0385910272598267
3256 1.1430407762527466
3257 1.1355682611465454
3258 1.147485613822937
3259 1.3353818655014038
3260 1.3750014305114746
3261 1.5124036073684692
3262 1.0389119386672974
3263 1.1234227418899536
3264 1.1925030946731567
3265 1.050487756729126
3266 1.323842167854309
3267 1.4034558534622192
3268 1.3548845052719116
3269 1.092307209968567
3270 1.203311800956726
3271 1.3829491138458252
3272 1.4264198541641235
3273 1.1126041412353516
3274 1.219688057899475
3275 1.3404453992843628
3276 1.5296467542648315
3277 1.1973456144332886
3278 1.344428539276123
3279 1.1651372909545898
3280 1.2622005939483643
3281 1.1229218244552612
3282 1.2525485754013062
3283 1.2244548797607422
3284 1.2737371921539307
3285 1.318980097770691
3286 1.2289031744003296
3287 1.4490740299224854
3288 1.3276246786117554
3289 1.1850881576538086
3290 1.0567855834960938
3291 1.161020040512085
3292 1.3181182146072388
3293 1.3318477869033813
3294 1.1922105550765991
3295 1.2597984075546265
3296 1.3172924518585205
3297 1.1744022369384766
3298 1.2310173511505127
3299 1.2925447225570679
3300 1.1615502834320068
3301 1.2177833318710327
3302 1.36690354347229
3303 1.5113087892532349
3304 1.288832664489746
3305 1.3651033639907837
3306 1.219828486442566
3307 1.2902112007141113
3308 1.4126620292663574
3309 1.2163703441619873
3310 1.3505144119262695
3311 1.5288801193237305
3312 1.1126492023468018
3313 1.1235415935516357
3314 1.5118576288223267
3315 1.2866796255111694
3316 1.2758581638336182
3317 1.2129974365234375
3318 1.093088150024414
3319 1.2945210933685303
3320 1.5202991962432861
3321 1.4572265148162842
3322 1.2516815662384033
3323 1.2846424579620361
3324 1.2211594581604004
3325 1.568056344985962
3326 1.2181470394134521
3327 1.1723918914794922
3328 1.0573731660842896
3329 1.3937656879425049
3330 1.350170373916626
3331 1.3788871765136719
3332 1.1476235389709473
3333 1.2651188373565674
3334 1.1882399320602417
3335 1.3206006288528442
3336 1.1250532865524292
3337 1.1002099514007568
3338 1.3070242404937744
3339 1.2650415897369385
3340 1.250028371810913
3341 1.385749101638794
3342 1.443039059638977
3343 1.2182917594909668
3344 1.1727783679962158
3345 1.1824839115142822
3346 1.2022192478179932
3347 1.0122452974319458
3348 1.4308751821517944
3349 1.203837513923645
3350 1.1765503883361816
3351 1.2421371936798096
3352 1.4948434829711914
3353 1.2720236778259277
3354 1.2090847492218018
3355 1.0614663362503052
3356 1.009598731994629
3357 1.1014163494110107
3358 0.900008499622345
3359 1.0496629476547241
3360 1.0975286960601807
3361 1.2154700756072998
3362 1.1140753030776978
3363 1.09671151638031
3364 1.1894969940185547
3365 1.1133254766464233
3366 1.0849946737289429
3367 1.0694549083709717
3368 1.0029819011688232
3369 1.1843948364257812
3370 1.1589128971099854
3371 1.1562131643295288
3372 1.2828924655914307
3373 1.203563928604126
3374 0.910191535949707
3375 1.1350466012954712
3376 1.053585410118103
3377 0.9035690426826477
3378 1.0095477104187012
3379 1.248562216758728
3380 1.0763251781463623
3381 1.2268223762512207
3382 1.111157774925232
3383 1.2679364681243896
3384 1.0077944993972778
3385 1.2104820013046265
3386 1.3060848712921143
3387 1.251220464706421
3388 0.9841718673706055
3389 1.199371576309204
3390 1.2553054094314575
3391 1.23140287399292
3392 1.486323356628418
3393 1.2578458786010742
3394 1.1544603109359741
3395 1.297366976737976
3396 1.2148423194885254
3397 1.099853277206421
3398 1.1019291877746582
3399 1.340477705001831
3400 1.2350095510482788
3401 1.4283992052078247
3402 1.2984224557876587
3403 1.2537800073623657
3404 1.1564671993255615
3405 0.9872308373451233
3406 1.3843578100204468
3407 1.3279238939285278
3408 1.3806705474853516
3409 1.366320013999939
3410 1.3784295320510864
3411 1.2010170221328735
3412 1.36823570728302
3413 1.3558886051177979
3414 1.172785997390747
3415 1.1554301977157593
3416 1.254862904548645
3417 1.2103750705718994
3418 1.151059627532959
3419 1.1267884969711304
3420 1.1529492139816284
3421 1.1541550159454346
3422 1.2131730318069458
3423 1.3632559776306152
3424 1.2286272048950195
3425 1.24117910861969
3426 1.0809834003448486
3427 1.0783545970916748
3428 1.1356865167617798
3429 1.1255325078964233
3430 1.06294584274292
3431 1.1911637783050537
3432 1.2121891975402832
3433 1.1301014423370361
3434 1.2473102807998657
3435 1.1778119802474976
3436 1.3545204401016235
3437 1.1232237815856934
3438 1.2263506650924683
3439 1.029860019683838
3440 1.1414748430252075
3441 1.25066077709198
3442 0.9591996073722839
3443 1.1262261867523193
3444 1.5418237447738647
3445 1.1214429140090942
3446 1.1200648546218872
3447 1.134018898010254
3448 1.1299492120742798
3449 1.1780903339385986
3450 1.3162553310394287
3451 1.4477993249893188
3452 1.4567526578903198
3453 1.1884403228759766
3454 1.2926902770996094
3455 1.2650965452194214
3456 1.1806246042251587
3457 1.161495327949524
3458 1.1460460424423218
3459 1.1787678003311157
3460 1.190359354019165
3461 1.5029221773147583
3462 1.21456778049469
3463 1.2251337766647339
3464 1.382267713546753
3465 1.3589988946914673
3466 1.4573287963867188
3467 1.1428860425949097
3468 1.2857861518859863
3469 1.4395453929901123
3470 1.2942962646484375
3471 1.802358627319336
3472 1.3372395038604736
3473 1.2553839683532715
3474 1.24937903881073
3475 1.2127808332443237
3476 1.2728866338729858
3477 1.3124146461486816
3478 1.249714732170105
3479 1.268958568572998
3480 1.2197351455688477
3481 1.1540007591247559
3482 1.2166712284088135
3483 1.3306102752685547
3484 1.1260018348693848
3485 1.098091721534729
3486 1.2642420530319214
3487 1.111219882965088
3488 1.0409040451049805
3489 1.0680795907974243
3490 1.2787524461746216
3491 1.2428172826766968
3492 1.1123254299163818
3493 1.1400564908981323
3494 1.1624857187271118
3495 1.1995209455490112
3496 1.259472370147705
3497 1.078635811805725
3498 1.2185649871826172
3499 1.2364420890808105
3500 1.196142554283142
3501 1.0685423612594604
3502 1.1283721923828125
3503 1.230390191078186
3504 1.2702524662017822
3505 1.2255533933639526
3506 1.1413222551345825
3507 1.3000563383102417
3508 1.3486847877502441
3509 1.2031071186065674
3510 1.2654223442077637
3511 1.594779133796692
3512 1.457061767578125
3513 1.50541353225708
3514 1.2160030603408813
3515 1.5094619989395142
3516 1.4395215511322021
3517 1.2914774417877197
3518 1.4095723628997803
3519 1.1372333765029907
3520 1.2262166738510132
3521 1.3873480558395386
3522 1.3014971017837524
3523 1.1522988080978394
3524 1.2493764162063599
3525 1.3269318342208862
3526 1.1791695356369019
3527 1.2485766410827637
3528 1.127637267112732
3529 1.1084728240966797
3530 1.000180959701538
3531 1.0237711668014526
3532 1.080810308456421
3533 1.245956540107727
3534 1.2093302011489868
3535 1.1066980361938477
3536 1.0703095197677612
3537 1.191329836845398
3538 1.0892523527145386
3539 1.0471066236495972
3540 1.194327473640442
3541 1.1723558902740479
3542 1.0798250436782837
3543 1.1910746097564697
3544 1.10633385181427
3545 1.206059455871582
3546 1.1188710927963257
3547 1.219112753868103
3548 1.3253953456878662
3549 1.1786658763885498
3550 1.0968172550201416
3551 1.0966285467147827
3552 0.995358943939209
3553 1.19114089012146
3554 1.29752779006958
3555 1.0959089994430542
3556 1.2133859395980835
3557 1.130333423614502
3558 1.0273336172103882
3559 1.062351942062378
3560 1.0268195867538452
3561 1.0657484531402588
3562 1.1581228971481323
3563 1.162630319595337
3564 1.182702660560608
3565 1.2243282794952393
3566 1.0319644212722778
3567 1.08043372631073
3568 1.1651909351348877
3569 1.1940175294876099
3570 1.2493067979812622
3571 1.0597844123840332
3572 1.0496433973312378
3573 1.10326087474823
3574 1.14569890499115
3575 0.9617356061935425
3576 1.0993938446044922
3577 1.1027977466583252
3578 1.1277978420257568
3579 1.1434568166732788
3580 0.9980709552764893
3581 1.158616304397583
3582 1.0575064420700073
3583 1.1904017925262451
3584 1.478228211402893
3585 1.189688801765442
3586 1.0515708923339844
3587 1.1058918237686157
3588 1.2486993074417114
3589 1.1389018297195435
3590 1.1299020051956177
3591 1.2754013538360596
3592 1.246395468711853
3593 1.1761475801467896
3594 1.2772314548492432
3595 1.2675989866256714
3596 1.3633615970611572
3597 1.0895349979400635
3598 1.3555060625076294
3599 1.1988494396209717
3600 1.1761828660964966
3601 1.203184962272644
3602 1.2409696578979492
3603 1.0655800104141235
3604 1.1154865026474
3605 1.3986330032348633
3606 1.2592558860778809
3607 1.0897549390792847
3608 1.2020807266235352
3609 1.3043166399002075
3610 1.3388909101486206
3611 1.322202205657959
3612 1.3324425220489502
3613 1.2186341285705566
3614 1.4521228075027466
3615 1.2675727605819702
3616 1.5380921363830566
3617 1.105566382408142
3618 1.4531584978103638
3619 1.385587215423584
3620 1.2067211866378784
3621 1.2562848329544067
3622 1.1583667993545532
3623 1.075737714767456
3624 1.0736676454544067
3625 1.3840733766555786
3626 1.345947504043579
3627 1.1918901205062866
3628 1.4268717765808105
3629 1.015175223350525
3630 0.9881114363670349
3631 1.4052298069000244
3632 1.199462652206421
3633 1.2162132263183594
3634 1.231506109237671
3635 0.9992258548736572
3636 1.1972419023513794
3637 1.25563645362854
3638 1.070602297782898
3639 0.9932844638824463
3640 1.2300455570220947
3641 1.1539207696914673
3642 1.0841208696365356
3643 1.109686255455017
3644 1.1198245286941528
3645 1.0984795093536377
3646 1.112946629524231
3647 1.1977592706680298
3648 1.1876113414764404
3649 1.0096521377563477
3650 1.2459497451782227
3651 1.1637370586395264
3652 1.0677680969238281
3653 1.157385230064392
3654 1.2247998714447021
3655 1.1497153043746948
3656 1.1631383895874023
3657 1.0869758129119873
3658 1.1564998626708984
3659 1.0906870365142822
3660 1.0522459745407104
3661 1.105614185333252
3662 1.2395693063735962
3663 1.120347261428833
3664 1.1827359199523926
3665 1.308538794517517
3666 1.1795138120651245
3667 1.1934303045272827
3668 1.1273283958435059
3669 1.111017107963562
3670 1.1529275178909302
3671 0.9188621044158936
3672 1.031282663345337
3673 1.0993379354476929
3674 1.0833326578140259
3675 1.1198232173919678
3676 1.0226869583129883
3677 1.074812889099121
3678 1.1693072319030762
3679 1.0050723552703857
3680 1.0604698657989502
3681 1.1489579677581787
3682 0.9972687363624573
3683 0.9981575012207031
3684 1.0405913591384888
3685 1.289246916770935
3686 1.1683393716812134
3687 1.2751339673995972
3688 0.9887356162071228
3689 1.1191843748092651
3690 1.2843449115753174
3691 1.0668045282363892
3692 1.1102328300476074
3693 1.0262151956558228
3694 1.0038566589355469
3695 1.0037881135940552
3696 0.9504104852676392
3697 1.20326828956604
3698 1.0215269327163696
3699 1.066623568534851
3700 1.189513921737671
3701 1.0142489671707153
3702 1.085988998413086
3703 0.9721443057060242
3704 1.0599123239517212
3705 0.9334189891815186
3706 0.9837495684623718
3707 0.9741767048835754
3708 0.9953298568725586
3709 1.0213027000427246
3710 1.1544952392578125
3711 1.261223554611206
3712 1.2182471752166748
3713 1.2735943794250488
3714 1.246640920639038
3715 1.0897445678710938
3716 1.2102599143981934
3717 1.1256183385849
3718 1.057615041732788
3719 1.0886374711990356
3720 1.2433266639709473
3721 1.088276743888855
3722 1.0654077529907227
3723 1.2710479497909546
3724 1.1825711727142334
3725 1.1145873069763184
3726 1.1039987802505493
3727 1.243765950202942
3728 1.3446390628814697
3729 1.0154364109039307
3730 1.151909589767456
3731 1.1664619445800781
3732 1.3070698976516724
3733 1.2193818092346191
3734 1.1887224912643433
3735 1.2357677221298218
3736 1.1850327253341675
3737 0.9433534741401672
3738 0.938027560710907
3739 1.0369585752487183
3740 0.9921667575836182
3741 1.079142689704895
3742 0.9600062370300293
3743 1.1095707416534424
3744 1.1021801233291626
3745 1.007263422012329
3746 1.1104665994644165
3747 0.996830403804779
3748 1.1958476305007935
3749 1.073177695274353
3750 1.206852912902832
3751 1.0210950374603271
3752 0.9479266405105591
3753 1.2023526430130005
3754 1.0124489068984985
3755 1.1931989192962646
3756 1.2797634601593018
3757 1.1201211214065552
3758 1.1663851737976074
3759 1.2686975002288818
3760 1.2822535037994385
3761 1.2015916109085083
3762 1.2050987482070923
3763 1.174856185913086
3764 1.109989047050476
3765 1.1625869274139404
3766 1.0439695119857788
3767 1.0608528852462769
3768 1.131729245185852
3769 1.282891035079956
3770 1.3509947061538696
3771 1.224555492401123
3772 1.2160521745681763
3773 1.4689092636108398
3774 1.2710765600204468
3775 1.1259610652923584
3776 1.265536904335022
3777 1.296151876449585
3778 1.411538004875183
3779 1.2319306135177612
3780 1.1797077655792236
3781 1.0767356157302856
3782 1.1902228593826294
3783 1.0145838260650635
3784 1.1080924272537231
3785 1.066077709197998
3786 1.0648330450057983
3787 1.1287235021591187
3788 1.0009194612503052
3789 1.110841989517212
3790 1.1551748514175415
3791 1.212446928024292
3792 1.0264991521835327
3793 1.069628119468689
3794 1.0362622737884521
3795 1.06820547580719
3796 1.1846903562545776
3797 1.046958565711975
3798 1.1898716688156128
3799 1.2614275217056274
3800 1.1386774778366089
3801 1.1798750162124634
3802 1.1311774253845215
3803 1.1444205045700073
3804 1.007009506225586
3805 1.07375967502594
3806 1.0335915088653564
3807 1.1467269659042358
3808 1.1565672159194946
3809 1.1034139394760132
3810 1.1579469442367554
3811 1.0564275979995728
3812 1.1518974304199219
3813 0.9856905937194824
3814 1.01524019241333
3815 1.1441519260406494
3816 1.072896122932434
3817 1.2261073589324951
3818 1.222012996673584
3819 1.3577121496200562
3820 1.2728183269500732
3821 1.173996090888977
3822 1.0437846183776855
3823 1.0619077682495117
3824 1.3578267097473145
3825 1.2242215871810913
3826 1.0230070352554321
3827 1.1994976997375488
3828 1.2618367671966553
3829 1.2222495079040527
3830 1.4732757806777954
3831 1.1104271411895752
3832 1.3159229755401611
3833 1.4230116605758667
3834 1.182488203048706
3835 1.3347827196121216
3836 1.4322766065597534
3837 1.4342550039291382
3838 1.3097158670425415
3839 1.1891628503799438
3840 1.3148239850997925
3841 0.9740298986434937
3842 1.030875563621521
3843 1.0688650608062744
3844 1.1558014154434204
3845 1.2010987997055054
3846 1.08056640625
3847 1.1147958040237427
3848 1.0690017938613892
3849 1.2048672437667847
3850 1.247435212135315
3851 1.1740747690200806
3852 1.0838319063186646
3853 1.215100646018982
3854 1.165134072303772
3855 1.100286841392517
3856 1.2734068632125854
3857 0.9993156790733337
3858 1.0480877161026
3859 1.0368489027023315
3860 1.0787066221237183
3861 0.9485224485397339
3862 0.9362977743148804
3863 1.1534620523452759
3864 1.2698732614517212
3865 1.128901720046997
3866 1.2179328203201294
3867 1.1112658977508545
3868 1.2298643589019775
3869 1.1231125593185425
3870 1.1207727193832397
3871 1.5185260772705078
3872 0.9707470536231995
3873 1.215572476387024
3874 1.2523859739303589
3875 1.171316146850586
3876 1.1869884729385376
3877 1.2192871570587158
3878 1.2523837089538574
3879 1.1151233911514282
3880 1.2264015674591064
3881 1.233190894126892
3882 1.3286211490631104
3883 1.1446876525878906
3884 1.3152819871902466
3885 1.2940322160720825
3886 1.226489543914795
3887 1.125664234161377
3888 1.2080639600753784
3889 1.2282718420028687
3890 1.1458312273025513
3891 1.2850449085235596
3892 1.1538629531860352
3893 1.4830713272094727
3894 1.493282675743103
3895 1.4855802059173584
3896 1.2762017250061035
3897 1.173511028289795
3898 1.4509835243225098
3899 1.2352828979492188
3900 1.3462471961975098
3901 1.4431089162826538
3902 1.0791294574737549
3903 1.3714778423309326
3904 1.2046012878417969
3905 1.2331990003585815
3906 1.2790191173553467
3907 1.4052327871322632
3908 1.46795654296875
3909 1.4353554248809814
3910 1.1710617542266846
3911 1.428995132446289
3912 1.46134614944458
3913 1.0476502180099487
3914 1.3422291278839111
3915 1.1948379278182983
3916 1.230595350265503
3917 1.1559875011444092
3918 1.329716444015503
3919 1.1960632801055908
3920 1.235888957977295
3921 1.3099623918533325
3922 1.3883501291275024
3923 1.4909554719924927
3924 1.612187385559082
3925 1.4089466333389282
3926 1.4640758037567139
3927 1.2277449369430542
3928 1.1343718767166138
3929 1.294012427330017
3930 1.3203039169311523
3931 1.550058364868164
3932 1.289107084274292
3933 1.398807406425476
3934 1.1981266736984253
3935 1.3362832069396973
3936 1.5540865659713745
3937 1.3299953937530518
3938 1.4165325164794922
3939 1.4696944952011108
3940 1.395979404449463
3941 1.3977004289627075
3942 1.411524772644043
3943 1.4085968732833862
3944 1.2190961837768555
3945 1.1729038953781128
3946 1.1035820245742798
3947 1.1751917600631714
3948 1.3908064365386963
3949 0.9884644150733948
3950 1.410639762878418
3951 1.1539071798324585
3952 1.1776342391967773
3953 1.1078025102615356
3954 1.0556340217590332
3955 1.0612128973007202
3956 1.4522218704223633
3957 1.5250126123428345
3958 1.3510572910308838
3959 1.252977728843689
3960 1.3301283121109009
3961 1.1651993989944458
3962 1.124373435974121
3963 1.2080851793289185
3964 1.312275767326355
3965 1.1827738285064697
3966 1.2642709016799927
3967 1.046954870223999
3968 1.4619969129562378
3969 1.2659657001495361
3970 1.261520504951477
3971 1.297583818435669
3972 1.4040526151657104
3973 1.3397409915924072
3974 1.3236945867538452
3975 1.361419439315796
3976 1.5135767459869385
3977 1.2690984010696411
3978 1.118969440460205
3979 1.1067540645599365
3980 1.1203292608261108
3981 1.056160569190979
3982 1.161923885345459
3983 0.8872102499008179
3984 1.3439958095550537
3985 1.1689109802246094
3986 1.3285019397735596
3987 1.0990630388259888
3988 0.9816321134567261
3989 1.0586165189743042
3990 1.2284890413284302
3991 1.1673036813735962
3992 1.3025097846984863
3993 1.458403468132019
3994 1.219170093536377
3995 1.2332361936569214
3996 1.5120337009429932
3997 1.1484521627426147
3998 1.344208836555481
3999 1.4509435892105103
4000 1.1995176076889038
4001 1.1482294797897339
4002 1.1818809509277344
4003 1.2613065242767334
4004 1.2593556642532349
4005 1.2509111166000366
4006 1.1305757761001587
4007 1.1486073732376099
4008 1.1226117610931396
4009 1.1033085584640503
4010 1.030368447303772
4011 1.1581509113311768
4012 1.1714811325073242
4013 1.0257391929626465
4014 1.1773443222045898
4015 1.1009445190429688
4016 1.2424150705337524
4017 1.2249945402145386
4018 1.2201364040374756
4019 1.2012732028961182
4020 1.3624846935272217
4021 1.2265839576721191
4022 1.3435698747634888
4023 1.2951335906982422
4024 1.1595580577850342
4025 1.292800784111023
4026 1.2724944353103638
4027 1.2452400922775269
4028 1.1373777389526367
4029 1.3268238306045532
4030 1.374377727508545
4031 1.3565901517868042
4032 1.6199901103973389
4033 1.2934367656707764
4034 1.3059743642807007
4035 1.5338709354400635
4036 1.3298423290252686
4037 1.344037413597107
4038 1.1438168287277222
4039 1.1621644496917725
4040 1.057204246520996
4041 1.1896251440048218
4042 1.2046053409576416
4043 1.186772346496582
4044 1.0519750118255615
4045 1.1170438528060913
4046 1.0558444261550903
4047 1.474722146987915
4048 1.2698239088058472
4049 1.1659495830535889
4050 1.1076428890228271
4051 1.2929553985595703
4052 1.2900258302688599
4053 1.1961100101470947
4054 1.379319429397583
4055 1.4197943210601807
4056 1.4393365383148193
4057 1.3164743185043335
4058 1.0890288352966309
4059 1.0217787027359009
4060 1.167413353919983
4061 1.2429403066635132
4062 1.2294821739196777
4063 1.1732385158538818
4064 1.2093080282211304
4065 1.2774688005447388
4066 1.1883189678192139
4067 1.1446068286895752
4068 1.146750569343567
4069 1.0662270784378052
4070 1.0978903770446777
4071 0.9961734414100647
4072 1.1506004333496094
4073 1.2983399629592896
4074 1.213521122932434
4075 1.2826212644577026
4076 1.2656182050704956
4077 1.4520288705825806
4078 1.4339056015014648
4079 1.3262280225753784
4080 1.3317545652389526
4081 1.1975446939468384
4082 1.2886927127838135
4083 1.1004281044006348
4084 1.0988194942474365
4085 1.2858167886734009
4086 1.2439095973968506
4087 1.3681280612945557
4088 1.2669589519500732
4089 1.2734984159469604
4090 1.1639130115509033
4091 1.1049985885620117
4092 1.2717677354812622
4093 1.1837774515151978
4094 1.1577239036560059
4095 1.146959662437439
4096 1.183769941329956
4097 1.259590744972229
4098 1.2145196199417114
4099 1.286894679069519
4100 1.3702995777130127
4101 1.2747249603271484
4102 1.3048431873321533
4103 1.1454033851623535
4104 1.335755705833435
4105 1.3169231414794922
4106 1.2171512842178345
4107 1.3521575927734375
4108 1.6581588983535767
4109 1.8923242092132568
4110 1.4259759187698364
4111 1.3084561824798584
4112 1.3240598440170288
4113 1.4010053873062134
4114 1.3279306888580322
4115 1.195101022720337
4116 1.4085428714752197
4117 1.2276009321212769
4118 1.0388096570968628
4119 1.355588674545288
4120 1.1559944152832031
4121 0.9911214113235474
4122 1.0958552360534668
4123 1.152251124382019
4124 1.281853437423706
4125 1.3935366868972778
4126 1.587250828742981
4127 1.4734958410263062
4128 1.180054783821106
4129 1.3530211448669434
4130 1.1302605867385864
4131 0.9884306192398071
4132 1.2517333030700684
4133 0.9454950094223022
4134 0.9087797999382019
4135 1.0525250434875488
4136 0.9638906717300415
4137 1.5257112979888916
4138 1.1297022104263306
4139 1.2518221139907837
4140 0.9736202955245972
4141 1.003623127937317
4142 1.0515683889389038
4143 1.0624359846115112
4144 1.1111255884170532
4145 1.0691769123077393
4146 1.0040767192840576
4147 0.931903600692749
4148 1.293623924255371
4149 1.1504578590393066
4150 1.0574629306793213
4151 1.2397842407226562
4152 0.9879341721534729
4153 0.9918060302734375
4154 0.9981404542922974
4155 1.0705658197402954
4156 1.2462077140808105
4157 1.009185552597046
4158 1.0131369829177856
4159 1.0440620183944702
4160 1.373215913772583
4161 1.0534090995788574
4162 1.0734988451004028
4163 1.0210498571395874
4164 1.1904926300048828
4165 0.9543234705924988
4166 1.2470083236694336
4167 0.9780768156051636
4168 1.4049513339996338
4169 1.3085591793060303
4170 1.1353859901428223
4171 1.1644288301467896
4172 1.1062099933624268
4173 1.1722217798233032
4174 1.5371724367141724
4175 1.271658182144165
4176 1.0685116052627563
4177 1.091445803642273
4178 1.2984176874160767
4179 1.3131455183029175
4180 1.08921217918396
4181 1.1567836999893188
4182 1.0631550550460815
4183 1.1436372995376587
4184 1.2244623899459839
4185 0.9131296277046204
4186 1.0852495431900024
4187 1.040324330329895
4188 1.0346593856811523
4189 1.0196667909622192
4190 0.8163949847221375
4191 0.9426568746566772
4192 1.0614094734191895
4193 0.9603235721588135
4194 0.9344808459281921
4195 1.0176101922988892
4196 1.116520643234253
4197 1.1604925394058228
4198 1.222031593322754
4199 1.0185832977294922
4200 1.2048698663711548
4201 1.3728071451187134
4202 1.1559696197509766
4203 1.17830491065979
4204 1.1927168369293213
4205 1.3124454021453857
4206 1.3030496835708618
4207 1.2805569171905518
4208 1.1743718385696411
4209 1.1520227193832397
4210 1.2774100303649902
4211 1.1072275638580322
4212 1.2523653507232666
4213 1.180700421333313
4214 1.1696577072143555
4215 1.330904483795166
4216 1.0024869441986084
4217 1.0485681295394897
4218 1.0155514478683472
4219 1.079959750175476
4220 1.1418417692184448
4221 1.296256184577942
4222 1.3132548332214355
4223 1.1074954271316528
4224 1.0022599697113037
4225 0.9695587754249573
4226 1.0070688724517822
4227 1.0880531072616577
4228 1.0187292098999023
4229 1.0739315748214722
4230 1.0118796825408936
4231 1.092971682548523
4232 0.9533694982528687
4233 0.9376188516616821
4234 0.987745463848114
4235 0.9244937300682068
4236 0.9884229898452759
4237 0.9213141202926636
4238 1.0849403142929077
4239 1.0990216732025146
4240 1.0198838710784912
4241 1.0422548055648804
4242 1.3639041185379028
4243 0.937261164188385
4244 0.957593560218811
4245 1.0279710292816162
4246 0.8886369466781616
4247 1.2328699827194214
4248 1.0771293640136719
4249 1.2304222583770752
4250 1.0391277074813843
4251 1.1003919839859009
4252 1.1897939443588257
4253 1.072638988494873
4254 0.8835611939430237
4255 1.0106881856918335
4256 1.0844124555587769
4257 1.0532034635543823
4258 1.0478370189666748
4259 1.029749870300293
4260 1.0406855344772339
4261 1.0126038789749146
4262 0.9660519361495972
4263 1.0725243091583252
4264 1.0622936487197876
4265 0.8341074585914612
4266 1.1485999822616577
4267 1.0716056823730469
4268 1.0857306718826294
4269 1.2243106365203857
4270 1.1872828006744385
4271 1.2454099655151367
4272 1.122085690498352
4273 1.2037243843078613
4274 1.0532631874084473
4275 1.03998863697052
4276 1.2252379655838013
4277 1.1839447021484375
4278 0.9336926937103271
4279 1.4534459114074707
4280 1.1662602424621582
4281 1.2532098293304443
4282 1.0418965816497803
4283 1.1602379083633423
4284 1.2102762460708618
4285 0.9924150705337524
4286 1.0985753536224365
4287 1.0491949319839478
4288 1.1131126880645752
4289 1.2149794101715088
4290 1.3154419660568237
4291 1.0216573476791382
4292 1.194718837738037
4293 1.3692560195922852
4294 1.1644631624221802
4295 1.2250356674194336
4296 1.1097720861434937
4297 1.2563552856445312
4298 1.415467381477356
4299 1.1962538957595825
4300 1.1124619245529175
4301 1.4010226726531982
4302 1.8087185621261597
4303 1.2361910343170166
4304 1.5758966207504272
4305 1.5660524368286133
4306 1.6831554174423218
4307 1.7972465753555298
4308 1.5455600023269653
4309 1.6393070220947266
4310 1.7263325452804565
4311 1.6809289455413818
4312 1.5870625972747803
4313 1.6432416439056396
4314 1.4034905433654785
4315 1.4072644710540771
4316 1.34945809841156
4317 1.4394606351852417
4318 1.2308260202407837
4319 1.2383979558944702
4320 1.2708890438079834
4321 1.1736985445022583
4322 1.2275946140289307
4323 1.1590001583099365
4324 1.0906659364700317
4325 1.0313583612442017
4326 1.1492385864257812
4327 1.4107093811035156
4328 1.333317518234253
4329 1.271530270576477
4330 1.3094007968902588
4331 1.2313251495361328
4332 1.2641764879226685
4333 1.374435305595398
4334 1.2452605962753296
4335 1.4186179637908936
4336 1.0484485626220703
4337 1.0433125495910645
4338 1.0803663730621338
4339 1.0916097164154053
4340 1.429444670677185
4341 1.627288818359375
4342 1.241370677947998
4343 1.2156267166137695
4344 1.1811399459838867
4345 1.3097641468048096
4346 1.3085298538208008
4347 1.330344319343567
4348 1.362300157546997
4349 1.353307843208313
4350 1.1938650608062744
4351 1.294059157371521
4352 1.197182536125183
4353 1.0085265636444092
4354 0.9822202920913696
4355 1.0339232683181763
4356 1.12639319896698
4357 1.2704215049743652
4358 1.3279658555984497
4359 1.314632773399353
4360 1.1418811082839966
4361 1.4697338342666626
4362 1.5228464603424072
4363 1.172298550605774
4364 0.9727367758750916
4365 0.9282519817352295
4366 0.9802389144897461
4367 0.9981141090393066
4368 0.9240192174911499
4369 0.9820971488952637
4370 1.0622014999389648
4371 0.9493663907051086
4372 1.0277411937713623
4373 1.0302627086639404
4374 1.170201063156128
4375 1.0068798065185547
4376 0.9420627355575562
4377 0.9403344392776489
4378 1.1140490770339966
4379 1.0228127241134644
4380 0.9354885220527649
4381 0.9285483956336975
4382 1.0443356037139893
4383 0.9524348378181458
4384 1.0714454650878906
4385 1.0831154584884644
4386 1.2779983282089233
4387 0.9369510412216187
4388 1.2529678344726562
4389 0.9494635462760925
4390 0.9871718883514404
4391 1.0405364036560059
4392 1.0723457336425781
4393 0.8864001631736755
4394 1.14951491355896
4395 1.1965713500976562
4396 1.315118670463562
4397 1.2176443338394165
4398 1.2174763679504395
4399 1.1617820262908936
4400 1.4420582056045532
4401 1.2448911666870117
4402 1.067940592765808
4403 1.1580556631088257
4404 1.0813971757888794
4405 0.9074560403823853
4406 0.8780931830406189
4407 1.1411818265914917
4408 1.0815531015396118
4409 0.9528607726097107
4410 1.2101144790649414
4411 1.1546849012374878
4412 0.9757318496704102
4413 1.1072560548782349
4414 0.8638765811920166
4415 0.9511500597000122
4416 0.9111664295196533
4417 1.0240669250488281
4418 1.0656124353408813
4419 0.9758450984954834
4420 1.004799485206604
4421 0.8813534379005432
4422 0.9322003126144409
4423 1.1549426317214966
4424 1.0062212944030762
4425 1.0211613178253174
4426 1.0693968534469604
4427 0.9147547483444214
4428 0.907928466796875
4429 0.9041575193405151
4430 1.0786373615264893
4431 0.8621327877044678
4432 1.0131043195724487
4433 0.9076532125473022
4434 0.8825304508209229
4435 0.9048711061477661
4436 1.006432294845581
4437 0.8765571713447571
4438 0.9823509454727173
4439 0.8443382978439331
4440 1.0234379768371582
4441 1.0101721286773682
4442 0.9249873757362366
4443 0.8342788815498352
4444 0.9979140758514404
4445 0.839390218257904
4446 1.1992206573486328
4447 0.9397789835929871
4448 0.9615911245346069
4449 0.8529586791992188
4450 0.8865877389907837
4451 0.9762347340583801
4452 0.9166371822357178
4453 0.9890050888061523
4454 0.866706907749176
4455 1.2368892431259155
4456 1.0630004405975342
4457 1.0397605895996094
4458 0.9193359017372131
4459 1.0232315063476562
4460 1.2129775285720825
4461 0.9643884897232056
4462 0.9932305812835693
4463 1.113817572593689
4464 1.0413826704025269
4465 0.9451014995574951
4466 1.0294530391693115
4467 0.987079381942749
4468 1.0104143619537354
4469 1.0722194910049438
4470 1.2197619676589966
4471 1.1418153047561646
4472 1.0926238298416138
4473 1.016898274421692
4474 1.060282826423645
4475 1.1933698654174805
4476 1.205406904220581
4477 1.001840591430664
4478 1.0353209972381592
4479 0.9416950345039368
4480 1.0858854055404663
4481 1.3077424764633179
4482 1.0807372331619263
4483 1.092207908630371
4484 0.9665778875350952
4485 1.0300770998001099
4486 0.9430047869682312
4487 0.9134309887886047
4488 0.9590235948562622
4489 1.0035721063613892
4490 0.9057737588882446
4491 1.0281246900558472
4492 0.9314078092575073
4493 0.9617598056793213
4494 1.10204017162323
4495 0.9868860244750977
4496 1.0357122421264648
4497 1.0999805927276611
4498 1.0196616649627686
4499 1.2505038976669312
4500 1.3882849216461182
4501 1.1969934701919556
4502 1.1375519037246704
4503 1.0061794519424438
4504 1.3020304441452026
4505 1.0852264165878296
4506 1.0308717489242554
4507 1.1260093450546265
4508 1.0087631940841675
4509 0.9796161651611328
4510 1.0901110172271729
4511 0.9290852546691895
4512 0.8784258961677551
4513 0.8991619944572449
4514 1.0542877912521362
4515 0.8522148728370667
4516 1.144086241722107
4517 1.1300567388534546
4518 0.8443881273269653
4519 0.9289224147796631
4520 1.1423181295394897
4521 1.179700255393982
4522 0.86601322889328
4523 1.0406864881515503
4524 1.0197299718856812
4525 0.9599052667617798
4526 0.8822586536407471
4527 0.8432728052139282
4528 0.9630183577537537
4529 1.0880200862884521
4530 0.9092251658439636
4531 1.0180132389068604
4532 1.5197653770446777
4533 1.2716647386550903
4534 1.1996982097625732
4535 1.0965441465377808
4536 1.1828306913375854
4537 0.8811355233192444
4538 0.9899716973304749
4539 1.0192631483078003
4540 1.0031646490097046
4541 0.971687376499176
4542 0.9703614711761475
4543 0.9154981374740601
4544 1.1156952381134033
4545 1.1103562116622925
4546 1.0630829334259033
4547 1.048401117324829
4548 1.0181434154510498
4549 0.8091318607330322
4550 1.001223087310791
4551 1.2905853986740112
4552 1.1365420818328857
4553 1.0149112939834595
4554 1.1993472576141357
4555 1.0275986194610596
4556 1.0727531909942627
4557 0.9214410185813904
4558 0.8823302984237671
4559 1.048702359199524
4560 0.8652163743972778
4561 1.0401992797851562
4562 1.1173648834228516
4563 1.2431432008743286
4564 0.9938810467720032
4565 1.0921039581298828
4566 1.2450050115585327
4567 1.2237578630447388
4568 1.011023759841919
4569 1.3409174680709839
4570 1.0773518085479736
4571 1.1110515594482422
4572 1.118933081626892
4573 0.9835540056228638
4574 1.0303531885147095
4575 1.1144890785217285
4576 1.0249032974243164
4577 1.1634656190872192
4578 0.9667060971260071
4579 0.9516782760620117
4580 0.9553093314170837
4581 1.0588154792785645
4582 1.1048238277435303
4583 1.1291626691818237
4584 0.983254075050354
4585 1.0093729496002197
4586 1.0067729949951172
4587 0.94270259141922
4588 0.8258433938026428
4589 0.9394867420196533
4590 0.8384990096092224
4591 1.114259123802185
4592 0.9458825588226318
4593 0.9247477650642395
4594 0.8759089112281799
4595 0.881160318851471
4596 0.9027397632598877
4597 0.9032872915267944
4598 0.9306479096412659
4599 0.9431929588317871
4600 0.914130449295044
4601 0.8928858637809753
4602 1.0848408937454224
4603 1.0332691669464111
4604 0.9478005170822144
4605 0.938302218914032
4606 1.113160252571106
4607 1.0886867046356201
4608 1.1998354196548462
4609 1.2652682065963745
4610 0.9665308594703674
4611 1.0096027851104736
4612 1.1444422006607056
4613 1.0565770864486694
4614 0.9911381602287292
4615 0.9765554666519165
4616 1.0745326280593872
4617 0.9542737603187561
4618 1.245583415031433
4619 0.964957594871521
4620 0.901508092880249
4621 1.0150394439697266
4622 1.1511958837509155
4623 1.1190935373306274
4624 1.2023121118545532
4625 1.1521928310394287
4626 1.2483386993408203
4627 1.0722224712371826
4628 1.1433045864105225
4629 0.8618754744529724
4630 1.0467174053192139
4631 1.083551287651062
4632 1.0314505100250244
4633 1.1381187438964844
4634 0.9146366715431213
4635 1.1896212100982666
4636 1.092299461364746
4637 1.1370763778686523
4638 1.1526137590408325
4639 1.033697485923767
4640 1.104265570640564
4641 1.0549485683441162
4642 1.1664928197860718
4643 1.1859753131866455
4644 1.0801693201065063
4645 1.1258609294891357
4646 1.3352364301681519
4647 1.1122801303863525
4648 1.077911615371704
4649 1.5003763437271118
4650 1.1241875886917114
4651 1.105616807937622
4652 1.062403678894043
4653 1.1515944004058838
4654 1.0758731365203857
4655 1.1773896217346191
4656 1.1097257137298584
4657 0.9456763863563538
4658 1.0021388530731201
4659 0.9448733329772949
4660 1.040588140487671
4661 1.1108981370925903
4662 1.149919867515564
4663 1.073623776435852
4664 0.9714219570159912
4665 1.000973105430603
4666 1.0081188678741455
4667 0.975665271282196
4668 1.043023943901062
4669 0.882497251033783
4670 1.0013905763626099
4671 0.8837826251983643
4672 0.946164071559906
4673 0.872864305973053
4674 0.9924031496047974
4675 1.110927939414978
4676 1.1976416110992432
4677 0.9631282687187195
4678 1.1424667835235596
4679 1.0928711891174316
4680 1.1684849262237549
4681 1.1149566173553467
4682 1.1123847961425781
4683 1.1381378173828125
4684 1.0863538980484009
4685 1.1230335235595703
4686 1.2630529403686523
4687 1.186113715171814
4688 1.2343615293502808
4689 1.3138765096664429
4690 1.2835440635681152
4691 1.2462646961212158
4692 1.1535990238189697
4693 1.1851067543029785
4694 1.1813544034957886
4695 1.3389102220535278
4696 1.2795418500900269
4697 1.3606499433517456
4698 1.2935397624969482
4699 1.3770655393600464
4700 1.1954047679901123
4701 1.308533787727356
4702 1.2589167356491089
4703 1.2679624557495117
4704 1.2766414880752563
4705 1.1129319667816162
4706 1.2119247913360596
4707 1.516283392906189
4708 1.14352285861969
4709 1.1728317737579346
4710 1.073785662651062
4711 1.1372836828231812
4712 1.0089783668518066
4713 1.1300793886184692
4714 1.1748473644256592
4715 1.1383737325668335
4716 0.8449273705482483
4717 1.0345615148544312
4718 0.8995780944824219
4719 0.993711531162262
4720 1.0115561485290527
4721 1.0709178447723389
4722 0.9730440378189087
4723 1.0744727849960327
4724 1.0070587396621704
4725 0.9008200764656067
4726 0.9921694397926331
4727 1.259475588798523
4728 1.153159737586975
4729 1.0999599695205688
4730 1.1514400243759155
4731 1.1068229675292969
4732 1.0628947019577026
4733 1.026252269744873
4734 1.0096460580825806
4735 1.2375150918960571
4736 1.4208563566207886
4737 1.4138585329055786
4738 1.3366178274154663
4739 1.2321823835372925
4740 1.1567250490188599
4741 1.0044026374816895
4742 0.9396295547485352
4743 1.1231058835983276
4744 1.1282522678375244
4745 1.2593072652816772
4746 1.2672734260559082
4747 1.253530740737915
4748 1.0740596055984497
4749 1.090527892112732
4750 1.1182129383087158
4751 1.3349037170410156
4752 1.2041635513305664
4753 1.2767667770385742
4754 1.2171494960784912
4755 1.1470941305160522
4756 1.1382226943969727
4757 1.013755440711975
4758 1.1692802906036377
4759 1.0568766593933105
4760 1.0718289613723755
4761 1.0442079305648804
4762 1.0948572158813477
4763 1.2022042274475098
4764 0.8662052154541016
4765 0.9399316310882568
4766 1.0280500650405884
4767 1.0800424814224243
4768 1.0156768560409546
4769 0.9751818180084229
4770 0.9704611301422119
4771 0.9887257218360901
4772 1.0306906700134277
4773 0.9618715047836304
4774 1.093859076499939
4775 1.138425350189209
4776 1.0956079959869385
4777 1.2762410640716553
4778 1.0701013803482056
4779 1.1548397541046143
4780 1.2184795141220093
4781 1.2464176416397095
4782 1.2227482795715332
4783 1.178906798362732
4784 1.148719310760498
4785 1.2173209190368652
4786 0.9428307414054871
4787 1.0521024465560913
4788 1.078467845916748
4789 1.129284381866455
4790 1.1513690948486328
4791 1.2266887426376343
4792 1.0700370073318481
4793 0.9340002536773682
4794 1.1785691976547241
4795 1.317091464996338
4796 1.586855173110962
4797 1.1702693700790405
4798 1.2254234552383423
4799 1.3996132612228394
4800 1.3733611106872559
4801 1.3227299451828003
4802 1.3793761730194092
4803 1.4105736017227173
4804 1.4731347560882568
4805 1.3179926872253418
4806 1.197298288345337
4807 1.2099034786224365
4808 1.175909399986267
4809 1.1269900798797607
4810 1.2043895721435547
4811 1.2169212102890015
4812 1.0579465627670288
4813 0.9827083945274353
4814 1.0365489721298218
4815 1.0072041749954224
4816 1.1285241842269897
4817 1.2078368663787842
4818 1.2060688734054565
4819 1.34368097782135
4820 1.2997465133666992
4821 1.1996302604675293
4822 1.081433653831482
4823 1.113363265991211
4824 0.9433735013008118
4825 1.1822341680526733
4826 1.4854291677474976
4827 1.1448187828063965
4828 1.2901002168655396
4829 1.2662744522094727
4830 1.1475218534469604
4831 0.985262930393219
4832 1.368428111076355
4833 1.1128402948379517
4834 1.1260230541229248
4835 0.9762282967567444
4836 1.1194841861724854
4837 0.9768746495246887
4838 1.0311648845672607
4839 0.9880630970001221
4840 1.2361602783203125
4841 1.185800313949585
4842 1.1363314390182495
4843 1.5254119634628296
4844 1.4661288261413574
4845 1.2478805780410767
4846 1.570515751838684
4847 1.3242889642715454
4848 1.5093282461166382
4849 1.3218504190444946
4850 1.4123029708862305
4851 1.391539454460144
4852 1.1704952716827393
4853 0.9284244179725647
4854 1.0851322412490845
4855 1.1966133117675781
4856 1.4990588426589966
4857 1.113935112953186
4858 1.1250883340835571
4859 1.2049312591552734
4860 1.1597758531570435
4861 1.1918545961380005
4862 1.2914575338363647
4863 1.0795356035232544
4864 1.1372144222259521
4865 1.2235832214355469
4866 1.1490858793258667
4867 1.07364022731781
4868 1.2065109014511108
4869 1.1791037321090698
4870 1.2369410991668701
4871 1.1822389364242554
4872 1.3154834508895874
4873 1.1657682657241821
4874 1.100287675857544
4875 1.1507927179336548
4876 1.3025004863739014
4877 1.0364950895309448
4878 1.1492209434509277
4879 1.0188755989074707
4880 1.0957683324813843
4881 1.4222363233566284
4882 1.213653326034546
4883 1.1122888326644897
4884 1.0866788625717163
4885 1.1116913557052612
4886 1.1052440404891968
4887 0.9463333487510681
4888 1.0822404623031616
4889 1.152138113975525
4890 0.8535872101783752
4891 1.0481016635894775
4892 1.1003021001815796
4893 1.2548891305923462
4894 1.134899377822876
4895 0.9227458238601685
4896 1.1443787813186646
4897 0.872500479221344
4898 1.1087762117385864
4899 1.0164562463760376
4900 1.2785775661468506
4901 1.0252536535263062
4902 0.9090142846107483
4903 0.8918573260307312
4904 0.7864601612091064
4905 1.0699619054794312
4906 0.9056856632232666
4907 0.9174458384513855
4908 0.8790094256401062
4909 0.9404090642929077
4910 0.8741555213928223
4911 1.0509527921676636
4912 1.0580885410308838
4913 0.7705502510070801
4914 0.9931154847145081
4915 1.007006049156189
4916 1.1561988592147827
4917 1.0361239910125732
4918 0.990149974822998
4919 0.8807817697525024
4920 1.1405810117721558
4921 1.1129281520843506
4922 1.104678750038147
4923 0.9279665350914001
4924 1.0619423389434814
4925 1.2405539751052856
4926 1.2325506210327148
4927 1.1541801691055298
4928 1.2926480770111084
4929 1.1572567224502563
4930 1.0950309038162231
4931 1.1600326299667358
4932 1.2283754348754883
4933 1.337825059890747
4934 1.1501790285110474
4935 1.082777500152588
4936 1.1671613454818726
4937 1.3128443956375122
4938 1.128433346748352
4939 1.0972964763641357
4940 1.0879034996032715
4941 1.2963889837265015
4942 1.1745928525924683
4943 1.1658345460891724
4944 1.250383973121643
4945 1.0944329500198364
4946 1.074587345123291
4947 1.2603687047958374
4948 1.3082070350646973
4949 1.329025387763977
4950 1.2170008420944214
4951 1.334097146987915
4952 1.2789808511734009
4953 1.2139265537261963
4954 1.3863357305526733
4955 1.1686811447143555
4956 1.5036084651947021
4957 1.4062997102737427
4958 1.4962007999420166
4959 1.6231197118759155
4960 1.5066883563995361
4961 1.2357739210128784
4962 1.059367299079895
4963 1.2921416759490967
4964 1.5084667205810547
4965 1.5341368913650513
4966 1.7141451835632324
4967 1.3652164936065674
4968 1.1207618713378906
4969 1.4099688529968262
4970 1.1536248922348022
4971 1.2372279167175293
4972 1.1767268180847168
4973 1.1938138008117676
4974 1.210658073425293
4975 1.0795361995697021
4976 1.2448936700820923
4977 1.282077670097351
4978 1.0169507265090942
4979 1.289770483970642
4980 1.3208131790161133
4981 1.1960268020629883
4982 1.188572883605957
4983 1.4700744152069092
4984 1.6959413290023804
4985 1.3385045528411865
4986 1.1419429779052734
4987 1.2002677917480469
4988 1.2894152402877808
4989 1.13685941696167
4990 1.476023554801941
4991 1.437311053276062
4992 1.4014521837234497
4993 1.2798395156860352
4994 1.3629264831542969
4995 1.2536463737487793
4996 1.3227548599243164
4997 1.4136054515838623
4998 1.2799550294876099
4999 1.2967888116836548
5000 1.256066918373108

