1 1.3704135417938232
2 1.7455613613128662
3 1.4978779554367065
4 1.5265697240829468
5 1.5705758333206177
6 1.5090657472610474
7 1.6276131868362427
8 2.0054073333740234
9 1.9335206747055054
10 2.003488302230835
11 2.3008525371551514
12 1.9791556596755981
13 1.9067044258117676
14 2.1086344718933105
15 2.0881617069244385
16 2.220384120941162
17 2.229599952697754
18 2.5645885467529297
19 2.521585464477539
20 2.6280405521392822
21 2.640249490737915
22 2.5874900817871094
23 2.527527093887329
24 2.6446895599365234
25 2.357597589492798
26 2.6758785247802734
27 2.4551758766174316
28 2.8183743953704834
29 2.8224480152130127
30 2.4920403957366943
31 2.7395834922790527
32 2.7379446029663086
33 2.7567670345306396
34 3.0449953079223633
35 2.927309274673462
36 2.7369301319122314
37 2.873918294906616
38 2.84063720703125
39 2.7525365352630615
40 2.755816698074341
41 2.8910000324249268
42 2.698861837387085
43 2.574373245239258
44 2.6402125358581543
45 2.698755979537964
46 2.7268214225769043
47 2.6269052028656006
48 2.413848638534546
49 2.638859510421753
50 2.4024147987365723
51 2.518761157989502
52 2.504319906234741
53 2.6993417739868164
54 2.6074604988098145
55 2.6960058212280273
56 2.487515926361084
57 2.972338914871216
58 2.9656050205230713
59 2.692004680633545
60 2.4084887504577637
61 2.428356885910034
62 2.4143764972686768
63 2.5005738735198975
64 2.3151724338531494
65 2.5433132648468018
66 2.7406580448150635
67 2.5360846519470215
68 2.60874342918396
69 2.590693712234497
70 2.6290230751037598
71 2.6102163791656494
72 2.5966336727142334
73 2.6186089515686035
74 2.738443613052368
75 2.7828452587127686
76 2.454650402069092
77 2.3414697647094727
78 2.252223014831543
79 2.351914882659912
80 2.4336190223693848
81 2.5380380153656006
82 2.232412338256836
83 2.10227370262146
84 2.409294605255127
85 2.5203804969787598
86 2.599156141281128
87 2.5911600589752197
88 2.521179437637329
89 2.5740978717803955
90 2.5301191806793213
91 2.435292959213257
92 2.534679889678955
93 2.438710927963257
94 2.2883098125457764
95 2.3410027027130127
96 2.338574171066284
97 2.288271903991699
98 2.224910020828247
99 2.559878349304199
100 2.5995352268218994
101 2.387714147567749
102 2.499922275543213
103 2.3275158405303955
104 2.7119805812835693
105 2.49638295173645
106 2.5654497146606445
107 2.5587146282196045
108 2.993710517883301
109 2.891960620880127
110 2.8985581398010254
111 2.7401325702667236
112 2.9873900413513184
113 2.6116058826446533
114 3.019068956375122
115 3.12135648727417
116 3.2169339656829834
117 3.1603636741638184
118 3.183894634246826
119 2.7960338592529297
120 2.6490375995635986
121 2.675938367843628
122 2.937288999557495
123 2.9958889484405518
124 2.804255962371826
125 2.9073331356048584
126 2.617321491241455
127 2.7313954830169678
128 2.5351595878601074
129 2.7653393745422363
130 2.9156386852264404
131 2.972811222076416
132 2.7309067249298096
133 3.1424245834350586
134 2.8084728717803955
135 2.9354169368743896
136 2.8913938999176025
137 2.979611873626709
138 3.2735037803649902
139 2.8866453170776367
140 2.9221248626708984
141 3.01993465423584
142 2.9836769104003906
143 2.7382421493530273
144 2.6810812950134277
145 2.52506422996521
146 2.4996280670166016
147 2.4635331630706787
148 2.512600898742676
149 2.752251148223877
150 2.7195403575897217
151 2.744262933731079
152 2.618582248687744
153 2.481597900390625
154 2.306205987930298
155 2.3882997035980225
156 2.628652334213257
157 2.7161333560943604
158 2.503566026687622
159 2.601167917251587
160 2.7947580814361572
161 2.642768383026123
162 2.7572691440582275
163 2.370323896408081
164 2.415287733078003
165 2.3205552101135254
166 2.623433828353882
167 2.659827947616577
168 2.373896598815918
169 2.5689077377319336
170 2.344078779220581
171 2.5740551948547363
172 2.4928677082061768
173 2.413909435272217
174 2.3400185108184814
175 2.4745657444000244
176 2.70108699798584
177 2.7216551303863525
178 2.820303201675415
179 3.141963481903076
180 2.603604555130005
181 2.554039478302002
182 2.726459264755249
183 2.4067494869232178
184 2.5838749408721924
185 2.563614845275879
186 2.7868528366088867
187 2.876349925994873
188 2.746788263320923
189 2.719308614730835
190 2.4377777576446533
191 2.7582647800445557
192 2.4495410919189453
193 2.5538887977600098
194 2.7591350078582764
195 2.641864776611328
196 2.7793915271759033
197 2.916339635848999
198 2.816534996032715
199 2.8305554389953613
200 3.000570297241211
201 2.9720349311828613
202 2.9687905311584473
203 3.156595468521118
204 2.397771120071411
205 2.9639883041381836
206 2.6508989334106445
207 2.8883938789367676
208 2.7498726844787598
209 2.761910915374756
210 2.6627025604248047
211 2.6827991008758545
212 2.82024884223938
213 2.719435214996338
214 2.55297589302063
215 2.527548313140869
216 2.826479434967041
217 2.749321222305298
218 2.875520944595337
219 2.714128017425537
220 2.8015902042388916
221 2.5793159008026123
222 2.658179998397827
223 2.6560862064361572
224 2.4067165851593018
225 2.6311147212982178
226 2.187861680984497
227 2.6361637115478516
228 2.5994906425476074
229 2.5561766624450684
230 2.5239710807800293
231 2.766083002090454
232 2.611839532852173
233 2.7802765369415283
234 2.6735947132110596
235 2.413958787918091
236 2.569171190261841
237 2.841383457183838
238 2.765833616256714
239 2.7976760864257812
240 2.715701103210449
241 2.6668660640716553
242 3.090198040008545
243 2.8797976970672607
244 3.0246362686157227
245 2.864191770553589
246 2.9030139446258545
247 2.9235963821411133
248 2.830127716064453
249 3.045166492462158
250 2.741018533706665
251 2.908198595046997
252 2.705350875854492
253 2.6159894466400146
254 2.7006499767303467
255 2.2781057357788086
256 2.5504047870635986
257 2.9259841442108154
258 2.50184965133667
259 2.308058738708496
260 2.499518632888794
261 2.5522868633270264
262 2.561201333999634
263 2.514167308807373
264 2.597196340560913
265 2.4919793605804443
266 2.5222127437591553
267 2.5083680152893066
268 2.6925697326660156
269 2.9640560150146484
270 2.5346899032592773
271 2.7922472953796387
272 2.4758594036102295
273 2.6491971015930176
274 2.623109817504883
275 2.844102144241333
276 2.3825154304504395
277 2.5507187843322754
278 2.5449788570404053
279 2.605776071548462
280 2.5506749153137207
281 2.5712499618530273
282 2.388129949569702
283 2.3854660987854004
284 2.6503171920776367
285 2.6402337551116943
286 2.676051616668701
287 2.558748960494995
288 2.358461618423462
289 2.3601279258728027
290 2.2880678176879883
291 2.274069309234619
292 2.142730951309204
293 2.7500267028808594
294 2.506629467010498
295 2.623872995376587
296 2.3648219108581543
297 2.43294358253479
298 2.5231027603149414
299 2.3261430263519287
300 2.417567014694214
301 2.4205093383789062
302 2.331390619277954
303 2.4485878944396973
304 2.6792688369750977
305 2.860382080078125
306 2.8363516330718994
307 2.4416685104370117
308 2.407144546508789
309 2.2138571739196777
310 2.343400478363037
311 2.3362157344818115
312 2.2464942932128906
313 2.183845281600952
314 2.087536334991455
315 2.181215286254883
316 2.2447023391723633
317 2.0512518882751465
318 1.91073739528656
319 2.213508129119873
320 2.2143540382385254
321 2.0488245487213135
322 1.9843496084213257
323 2.047898530960083
324 2.0378873348236084
325 1.968051552772522
326 1.9876282215118408
327 2.431164264678955
328 2.031111478805542
329 2.184235095977783
330 2.2518298625946045
331 2.1773812770843506
332 2.2311015129089355
333 2.205674409866333
334 2.0525009632110596
335 1.9710264205932617
336 2.2035956382751465
337 2.0059542655944824
338 1.9933278560638428
339 2.14906907081604
340 2.076723098754883
341 2.1873841285705566
342 1.963161587715149
343 2.208527088165283
344 1.9781177043914795
345 1.9825719594955444
346 2.1812217235565186
347 2.164020299911499
348 1.9609317779541016
349 1.8602807521820068
350 1.9963189363479614
351 2.045867919921875
352 2.0720231533050537
353 1.9685583114624023
354 1.9743000268936157
355 2.0433242321014404
356 2.3919897079467773
357 2.224069118499756
358 2.2607622146606445
359 2.167193651199341
360 2.117285966873169
361 2.316418409347534
362 2.266662359237671
363 2.3509299755096436
364 2.2612757682800293
365 2.2162485122680664
366 2.1629912853240967
367 2.0658316612243652
368 2.152635097503662
369 2.3849425315856934
370 2.2608296871185303
371 2.1511924266815186
372 2.3847005367279053
373 2.0743260383605957
374 2.0621423721313477
375 2.108889102935791
376 2.04998517036438
377 2.1849558353424072
378 2.034630298614502
379 2.1934640407562256
380 2.236811637878418
381 2.197767972946167
382 2.056565761566162
383 2.113414764404297
384 2.082021713256836
385 2.0938363075256348
386 1.9599157571792603
387 2.0489139556884766
388 2.150393009185791
389 1.8633843660354614
390 1.9256964921951294
391 2.0410215854644775
392 2.220438003540039
393 2.4159111976623535
394 1.9879487752914429
395 1.91081702709198
396 1.934504747390747
397 2.2980692386627197
398 2.056912660598755
399 2.2814478874206543
400 1.9529035091400146
401 1.9520643949508667
402 2.186375856399536
403 2.5797598361968994
404 2.2424683570861816
405 2.521059036254883
406 2.662663221359253
407 2.6865439414978027
408 2.1257741451263428
409 2.1795639991760254
410 2.0946881771087646
411 2.1757280826568604
412 2.276879072189331
413 2.105465888977051
414 2.2132318019866943
415 2.1033334732055664
416 2.192931652069092
417 2.157689332962036
418 2.2173266410827637
419 2.3366568088531494
420 2.1704013347625732
421 2.2046685218811035
422 2.418555736541748
423 2.1534860134124756
424 2.224504232406616
425 2.1381049156188965
426 2.2416274547576904
427 2.336078405380249
428 2.1764943599700928
429 1.9719798564910889
430 2.0563580989837646
431 2.0775203704833984
432 2.241941213607788
433 2.38240122795105
434 2.322676658630371
435 2.488574266433716
436 2.3522636890411377
437 2.486124038696289
438 2.553143262863159
439 2.30155611038208
440 2.405959367752075
441 2.44169282913208
442 2.331033706665039
443 2.5771424770355225
444 2.651376962661743
445 2.5780599117279053
446 2.573465347290039
447 2.1248340606689453
448 2.311795473098755
449 2.4238622188568115
450 2.2461588382720947
451 2.3491170406341553
452 2.2805325984954834
453 2.206965446472168
454 2.454887866973877
455 2.4103546142578125
456 2.2856295108795166
457 2.1824889183044434
458 2.32360577583313
459 1.981661319732666
460 2.249743700027466
461 2.29750394821167
462 2.221285104751587
463 2.0903234481811523
464 2.081348180770874
465 2.0745348930358887
466 2.249100685119629
467 2.2311177253723145
468 2.0870673656463623
469 2.2073590755462646
470 2.178358793258667
471 2.186697244644165
472 2.2679479122161865
473 2.0979881286621094
474 2.188666582107544
475 2.0434212684631348
476 2.2074968814849854
477 2.399130344390869
478 2.3600094318389893
479 2.297985792160034
480 2.4035847187042236
481 2.2644455432891846
482 2.4036941528320312
483 2.500143527984619
484 2.2560014724731445
485 2.382982015609741
486 2.3437321186065674
487 2.436314344406128
488 2.231567859649658
489 2.4340693950653076
490 2.420036792755127
491 2.243543863296509
492 2.2007601261138916
493 2.1764636039733887
494 2.172623872756958
495 2.1004457473754883
496 2.3350164890289307
497 2.116816997528076
498 2.242889881134033
499 2.1788482666015625
500 2.1307919025421143
501 2.010127305984497
502 2.491107225418091
503 2.528630256652832
504 2.267934799194336
505 2.235145330429077
506 2.56609845161438
507 2.3927507400512695
508 2.774308443069458
509 2.6277294158935547
510 2.098270893096924
511 2.1847646236419678
512 2.0339162349700928
513 2.233290433883667
514 2.2424533367156982
515 2.2474608421325684
516 2.3687362670898438
517 2.710986375808716
518 2.290144681930542
519 2.258073568344116
520 2.3463261127471924
521 2.242474317550659
522 2.43971848487854
523 2.397979497909546
524 2.2740378379821777
525 2.393156051635742
526 2.0064127445220947
527 2.004866600036621
528 2.2172842025756836
529 1.9231414794921875
530 1.8667476177215576
531 2.1557483673095703
532 2.221815824508667
533 2.4182636737823486
534 2.0793490409851074
535 2.2104036808013916
536 2.3181939125061035
537 2.316148281097412
538 2.32759690284729
539 2.2733352184295654
540 2.6018269062042236
541 2.4959213733673096
542 2.1812217235565186
543 2.402965545654297
544 2.1491270065307617
545 2.04556941986084
546 2.1481497287750244
547 2.516857147216797
548 2.4810853004455566
549 2.2255699634552
550 2.2645890712738037
551 2.3281502723693848
552 2.2087323665618896
553 2.309342861175537
554 2.2652580738067627
555 2.3013522624969482
556 2.2686448097229004
557 2.264713764190674
558 2.1634843349456787
559 2.2320642471313477
560 2.15834379196167
561 2.1902573108673096
562 2.2497334480285645
563 2.1565144062042236
564 2.278395175933838
565 2.281700611114502
566 2.0128045082092285
567 2.120520830154419
568 2.2143118381500244
569 2.084643602371216
570 2.3260276317596436
571 2.1752729415893555
572 2.3051469326019287
573 2.367933750152588
574 2.1880929470062256
575 2.401339530944824
576 2.211139678955078
577 2.1650378704071045
578 2.356680393218994
579 2.2365646362304688
580 2.4204084873199463
581 2.2912027835845947
582 2.5033135414123535
583 2.3694443702697754
584 2.4022185802459717
585 2.2021634578704834
586 2.4769833087921143
587 2.4795963764190674
588 2.511547088623047
589 2.4437835216522217
590 2.385202407836914
591 2.2919485569000244
592 2.408665895462036
593 2.4147162437438965
594 2.9459261894226074
595 2.7250988483428955
596 2.9158742427825928
597 2.751861333847046
598 2.7538721561431885
599 2.618182897567749
600 2.5077476501464844
601 2.1234934329986572
602 2.534396171569824
603 2.522958517074585
604 2.346278667449951
605 2.467034101486206
606 2.7574715614318848
607 2.4569811820983887
608 2.6365771293640137
609 2.5597901344299316
610 2.282386541366577
611 2.4253273010253906
612 2.358168840408325
613 2.3412234783172607
614 2.535327911376953
615 2.5294947624206543
616 2.73291015625
617 2.8212757110595703
618 2.652386426925659
619 2.5026967525482178
620 2.5658881664276123
621 2.668715000152588
622 2.6096487045288086
623 2.7393648624420166
624 2.451009750366211
625 2.6345155239105225
626 2.523283004760742
627 2.595323085784912
628 2.5700361728668213
629 2.5240604877471924
630 2.7484068870544434
631 2.649106025695801
632 2.7041399478912354
633 2.35392427444458
634 2.6389544010162354
635 2.6598734855651855
636 2.635810375213623
637 2.578413248062134
638 2.500457763671875
639 2.4453065395355225
640 2.3341212272644043
641 2.538074016571045
642 2.3795745372772217
643 2.7011585235595703
644 2.434951066970825
645 2.5117783546447754
646 2.6367340087890625
647 2.365037441253662
648 2.813263177871704
649 2.636702060699463
650 2.640496253967285
651 2.779409170150757
652 3.1661782264709473
653 2.837165355682373
654 2.721869945526123
655 2.6017394065856934
656 2.8397085666656494
657 2.2577853202819824
658 2.414017677307129
659 2.754063606262207
660 2.678574562072754
661 2.4520387649536133
662 2.634387493133545
663 2.366987466812134
664 2.516855478286743
665 2.2569239139556885
666 2.3801493644714355
667 2.5374367237091064
668 2.3360304832458496
669 2.2994401454925537
670 2.4923255443573
671 2.4869189262390137
672 2.2826290130615234
673 2.394057035446167
674 2.5436668395996094
675 2.6038565635681152
676 2.6312575340270996
677 2.417187213897705
678 2.4014103412628174
679 2.2951571941375732
680 2.3307995796203613
681 2.3141305446624756
682 2.2487518787384033
683 2.46811580657959
684 2.369664430618286
685 2.3550026416778564
686 2.3060708045959473
687 2.2861287593841553
688 2.7272260189056396
689 2.3327016830444336
690 2.28590989112854
691 2.249138593673706
692 2.4128305912017822
693 2.2862415313720703
694 2.399685859680176
695 2.4171862602233887
696 2.449922800064087
697 2.4997193813323975
698 2.2614567279815674
699 2.235802173614502
700 2.384136199951172
701 2.308519124984741
702 2.328979969024658
703 2.3328795433044434
704 2.4240994453430176
705 2.4589667320251465
706 2.3324291706085205
707 2.2985875606536865
708 2.2011983394622803
709 2.2381818294525146
710 2.45176362991333
711 2.4445338249206543
712 2.6670644283294678
713 2.498514413833618
714 2.407771587371826
715 2.314788579940796
716 2.636726140975952
717 2.6225595474243164
718 2.769129753112793
719 2.401553153991699
720 2.6179134845733643
721 2.143436908721924
722 2.519598960876465
723 2.159026622772217
724 2.2727317810058594
725 2.2333781719207764
726 2.476501703262329
727 2.313215494155884
728 2.3127543926239014
729 2.490187883377075
730 2.24428129196167
731 2.2335991859436035
732 2.329928159713745
733 2.6966371536254883
734 2.2991185188293457
735 2.5317418575286865
736 2.5177204608917236
737 2.396725654602051
738 2.6551780700683594
739 2.498244047164917
740 2.428389072418213
741 2.6597111225128174
742 2.5731735229492188
743 2.4607861042022705
744 2.873119831085205
745 2.6012966632843018
746 2.313286781311035
747 2.30370831489563
748 2.6116909980773926
749 2.4268579483032227
750 2.607023239135742
751 2.179543972015381
752 2.3752102851867676
753 2.2374446392059326
754 2.289560556411743
755 2.7237963676452637
756 2.5192766189575195
757 2.4613826274871826
758 2.324207067489624
759 2.266940116882324
760 2.192689895629883
761 2.1319851875305176
762 2.19819712638855
763 2.226691246032715
764 2.282792091369629
765 2.368774890899658
766 2.1879234313964844
767 2.4571104049682617
768 2.3228702545166016
769 2.5962753295898438
770 2.3856451511383057
771 2.4883716106414795
772 2.2246439456939697
773 2.401049852371216
774 2.2717881202697754
775 2.397980213165283
776 2.5450327396392822
777 3.0904510021209717
778 3.0665926933288574
779 3.267259120941162
780 2.989938735961914
781 2.664210796356201
782 2.8759613037109375
783 2.862593173980713
784 2.7498886585235596
785 2.7035529613494873
786 2.7838926315307617
787 2.9626224040985107
788 2.9709553718566895
789 3.274503231048584
790 3.1834259033203125
791 3.2107434272766113
792 2.954098701477051
793 2.9990334510803223
794 3.066924810409546
795 2.6299891471862793
796 3.1796481609344482
797 2.629176378250122
798 2.734600305557251
799 2.6221532821655273
800 2.8483102321624756
801 2.621417284011841
802 2.7230818271636963
803 2.8257856369018555
804 2.9925312995910645
805 2.7673420906066895
806 3.0027549266815186
807 3.0840399265289307
808 2.775254249572754
809 2.8530988693237305
810 2.6007516384124756
811 2.697842597961426
812 2.8275885581970215
813 2.874659776687622
814 2.6417949199676514
815 2.821399450302124
816 2.66251802444458
817 2.6148128509521484
818 2.9943249225616455
819 2.800604820251465
820 2.9389874935150146
821 2.566476345062256
822 2.752835512161255
823 2.5713491439819336
824 2.645625352859497
825 2.833988904953003
826 2.671761989593506
827 2.577127456665039
828 2.3727893829345703
829 2.6551554203033447
830 2.74074387550354
831 2.2833940982818604
832 2.585078477859497
833 2.466762065887451
834 2.8559751510620117
835 2.553643226623535
836 2.6978113651275635
837 2.46342134475708
838 2.535475492477417
839 2.8627960681915283
840 2.57356858253479
841 2.8717308044433594
842 2.732982635498047
843 2.504155158996582
844 2.635650157928467
845 2.181243419647217
846 2.4189624786376953
847 2.893160581588745
848 2.674224853515625
849 2.8440165519714355
850 2.3949897289276123
851 2.802253484725952
852 2.6567280292510986
853 2.7597475051879883
854 2.7465097904205322
855 2.621910810470581
856 2.5551035404205322
857 2.5153648853302
858 2.8578038215637207
859 2.559196949005127
860 2.4223690032958984
861 2.4656765460968018
862 2.722273111343384
863 2.7456302642822266
864 2.578214406967163
865 2.8949267864227295
866 3.0603713989257812
867 2.819026231765747
868 3.0075531005859375
869 3.0561087131500244
870 2.976256847381592
871 2.628983974456787
872 2.3972129821777344
873 2.5627593994140625
874 2.788219690322876
875 2.9159703254699707
876 2.9037606716156006
877 2.671025514602661
878 3.0611157417297363
879 2.5699238777160645
880 2.9895424842834473
881 2.7378485202789307
882 2.598665952682495
883 2.9043562412261963
884 3.0728187561035156
885 2.951704502105713
886 2.7404818534851074
887 2.8881237506866455
888 2.850095510482788
889 2.6457724571228027
890 2.7373266220092773
891 2.7425296306610107
892 2.9444994926452637
893 2.726588726043701
894 3.137476682662964
895 2.88154673576355
896 2.681130886077881
897 2.7896151542663574
898 2.6044020652770996
899 2.5521159172058105
900 2.820833921432495
901 2.389451742172241
902 2.8882973194122314
903 2.4714205265045166
904 2.649045467376709
905 2.7726073265075684
906 2.6228291988372803
907 2.3542518615722656
908 2.5668258666992188
909 2.6627297401428223
910 2.8517391681671143
911 2.517747402191162
912 2.8127799034118652
913 2.4214625358581543
914 2.9677295684814453
915 3.0213067531585693
916 2.6072211265563965
917 2.7693989276885986
918 2.9193434715270996
919 2.8014204502105713
920 3.0175585746765137
921 2.8680496215820312
922 2.7717835903167725
923 2.403630018234253
924 2.657897472381592
925 2.5736653804779053
926 2.6850547790527344
927 2.6998884677886963
928 2.5117344856262207
929 2.9664981365203857
930 2.700791358947754
931 2.966366767883301
932 2.9066321849823
933 2.9074065685272217
934 2.92229962348938
935 2.8928582668304443
936 2.531977653503418
937 2.6672279834747314
938 2.7082509994506836
939 2.929216146469116
940 3.047107696533203
941 2.9793646335601807
942 3.150984048843384
943 3.034968137741089
944 3.262192726135254
945 2.6479480266571045
946 2.9719488620758057
947 2.9190380573272705
948 3.0037355422973633
949 2.868723154067993
950 2.9367547035217285
951 2.8588926792144775
952 3.0522561073303223
953 2.8232786655426025
954 2.9861557483673096
955 2.8820595741271973
956 2.7378084659576416
957 2.7481296062469482
958 2.8661720752716064
959 3.0193939208984375
960 2.9331107139587402
961 2.8465447425842285
962 3.0159339904785156
963 2.7655956745147705
964 2.9466168880462646
965 2.8648018836975098
966 3.0240745544433594
967 3.1418440341949463
968 3.3468472957611084
969 3.128620147705078
970 2.694751739501953
971 2.95562744140625
972 2.6665079593658447
973 2.9808735847473145
974 2.8733322620391846
975 2.916745901107788
976 2.9812870025634766
977 2.884122610092163
978 3.0655698776245117
979 2.8946352005004883
980 2.7327632904052734
981 2.7355470657348633
982 2.797746419906616
983 2.8745880126953125
984 2.972914218902588
985 2.705493688583374
986 2.9506473541259766
987 2.8963780403137207
988 2.9896721839904785
989 2.943943977355957
990 2.664722442626953
991 3.0601513385772705
992 2.9664816856384277
993 3.1848788261413574
994 3.078007698059082
995 2.9968760013580322
996 3.058793067932129
997 2.7984235286712646
998 2.8191938400268555
999 2.737628936767578
1000 2.4938790798187256
1001 2.9370920658111572
1002 3.1733312606811523
1003 2.7694509029388428
1004 2.9644479751586914
1005 2.8357484340667725
1006 2.995596170425415
1007 2.9895436763763428
1008 2.944154977798462
1009 3.0503320693969727
1010 3.0765788555145264
1011 2.905170440673828
1012 3.116797685623169
1013 3.0369598865509033
1014 3.1094443798065186
1015 3.127426862716675
1016 3.1990151405334473
1017 3.1936967372894287
1018 2.779858350753784
1019 2.9059629440307617
1020 2.925563097000122
1021 3.116917610168457
1022 3.0101284980773926
1023 2.6414377689361572
1024 3.1986114978790283
1025 2.626837730407715
1026 2.713947296142578
1027 2.747231960296631
1028 2.8372857570648193
1029 2.966665506362915
1030 3.353233814239502
1031 2.702064037322998
1032 3.3167881965637207
1033 3.181734800338745
1034 3.2766900062561035
1035 2.826371669769287
1036 3.2874372005462646
1037 3.279991865158081
1038 3.3037846088409424
1039 3.0492687225341797
1040 3.0000929832458496
1041 3.1460258960723877
1042 3.189606189727783
1043 3.121128559112549
1044 3.1351897716522217
1045 3.2677080631256104
1046 3.2839818000793457
1047 2.936217784881592
1048 3.1587109565734863
1049 2.9320294857025146
1050 2.9933791160583496
1051 3.150758981704712
1052 3.077397108078003
1053 3.0369606018066406
1054 2.9208755493164062
1055 3.0482542514801025
1056 3.0664660930633545
1057 3.067695140838623
1058 2.9361305236816406
1059 2.8941638469696045
1060 2.795217990875244
1061 3.219649314880371
1062 3.034754753112793
1063 3.1595475673675537
1064 2.9784390926361084
1065 3.2738897800445557
1066 3.221940755844116
1067 3.242041826248169
1068 2.9557132720947266
1069 2.8102264404296875
1070 2.898263692855835
1071 2.8857595920562744
1072 3.1122689247131348
1073 3.477541923522949
1074 3.564546585083008
1075 3.435270309448242
1076 3.6952502727508545
1077 3.3524060249328613
1078 3.271961212158203
1079 2.7925360202789307
1080 3.1252825260162354
1081 2.9928596019744873
1082 3.036520004272461
1083 2.7751498222351074
1084 2.8797011375427246
1085 2.964130401611328
1086 3.1318793296813965
1087 3.1614553928375244
1088 3.1243691444396973
1089 3.3017570972442627
1090 2.9438936710357666
1091 2.781775951385498
1092 3.0687503814697266
1093 3.0555238723754883
1094 3.0996272563934326
1095 3.2997970581054688
1096 3.031874656677246
1097 2.953761577606201
1098 3.2009506225585938
1099 3.101374626159668
1100 3.3037657737731934
1101 3.1572399139404297
1102 2.9576680660247803
1103 3.0163984298706055
1104 3.038297176361084
1105 3.4848687648773193
1106 3.209721565246582
1107 3.228534698486328
1108 3.029315948486328
1109 3.143207550048828
1110 3.1775104999542236
1111 3.1374142169952393
1112 3.199363946914673
1113 3.0673115253448486
1114 2.9013688564300537
1115 2.959432363510132
1116 3.3032138347625732
1117 2.8221347332000732
1118 2.7989721298217773
1119 2.81307315826416
1120 3.2439725399017334
1121 2.779543399810791
1122 2.796323537826538
1123 2.8351099491119385
1124 2.907176971435547
1125 2.91283917427063
1126 3.0209126472473145
1127 2.8791069984436035
1128 3.2479729652404785
1129 3.073082208633423
1130 3.0128238201141357
1131 3.168227195739746
1132 3.384488821029663
1133 2.9426357746124268
1134 3.2493913173675537
1135 2.9800050258636475
1136 3.3367862701416016
1137 3.081453323364258
1138 3.336273670196533
1139 3.2661802768707275
1140 2.8353750705718994
1141 3.0811760425567627
1142 3.031604051589966
1143 3.0817956924438477
1144 3.2655444145202637
1145 2.9256880283355713
1146 2.9851200580596924
1147 2.809206247329712
1148 2.896822452545166
1149 2.6720402240753174
1150 2.910504102706909
1151 2.911405563354492
1152 2.8498964309692383
1153 3.1123998165130615
1154 3.5236871242523193
1155 3.0721065998077393
1156 3.068124294281006
1157 2.85391902923584
1158 3.31905198097229
1159 2.97978138923645
1160 2.881641387939453
1161 2.9984500408172607
1162 3.1133596897125244
1163 3.301678419113159
1164 3.1190404891967773
1165 2.9668450355529785
1166 2.949124574661255
1167 3.0032780170440674
1168 3.0483922958374023
1169 3.376067876815796
1170 3.3605313301086426
1171 3.0706593990325928
1172 3.273918867111206
1173 3.1218628883361816
1174 3.0689523220062256
1175 3.1650168895721436
1176 3.0912117958068848
1177 3.376654863357544
1178 3.129404306411743
1179 3.242255449295044
1180 3.123887062072754
1181 2.6577529907226562
1182 2.933488368988037
1183 3.252026319503784
1184 2.8449487686157227
1185 2.926203489303589
1186 3.0381863117218018
1187 3.0839972496032715
1188 3.2670764923095703
1189 3.3785951137542725
1190 3.067004680633545
1191 3.47802472114563
1192 3.1278281211853027
1193 3.429614305496216
1194 2.976447105407715
1195 2.8938539028167725
1196 3.134822130203247
1197 3.028508186340332
1198 3.330036163330078
1199 3.186842441558838
1200 3.034546375274658
1201 3.086951732635498
1202 2.808642625808716
1203 2.7776432037353516
1204 3.0761070251464844
1205 3.138160228729248
1206 3.0088515281677246
1207 3.0675978660583496
1208 3.1328964233398438
1209 3.2786340713500977
1210 3.119443893432617
1211 3.3329687118530273
1212 3.156818389892578
1213 3.38800048828125
1214 3.3166370391845703
1215 3.210848569869995
1216 3.071232557296753
1217 3.4932286739349365
1218 3.220438241958618
1219 3.3459787368774414
1220 3.1861186027526855
1221 3.4446218013763428
1222 3.1141016483306885
1223 3.2331643104553223
1224 3.188749074935913
1225 3.340162992477417
1226 3.192732334136963
1227 3.0456066131591797
1228 3.005751132965088
1229 3.119079113006592
1230 3.052077054977417
1231 3.1232190132141113
1232 2.794886589050293
1233 2.946932554244995
1234 2.8854568004608154
1235 2.773202657699585
1236 2.8713719844818115
1237 2.843449592590332
1238 2.944324493408203
1239 3.179684638977051
1240 2.881669282913208
1241 2.8334357738494873
1242 2.904649257659912
1243 2.9933087825775146
1244 2.9962158203125
1245 3.1731224060058594
1246 2.867234706878662
1247 3.022979974746704
1248 2.859316825866699
1249 2.8375022411346436
1250 2.9166812896728516
1251 2.793804407119751
1252 2.7785696983337402
1253 2.7830231189727783
1254 2.819786310195923
1255 2.9988937377929688
1256 3.198627471923828
1257 2.886276960372925
1258 2.8134100437164307
1259 3.019049644470215
1260 3.1866455078125
1261 2.751309633255005
1262 3.4441587924957275
1263 3.1100070476531982
1264 2.9242756366729736
1265 3.048571825027466
1266 3.037466049194336
1267 3.197751760482788
1268 3.0721919536590576
1269 3.061438798904419
1270 2.699171543121338
1271 2.8342978954315186
1272 2.883028030395508
1273 2.7934494018554688
1274 3.126067876815796
1275 2.9252283573150635
1276 3.177863359451294
1277 3.0900635719299316
1278 3.3716022968292236
1279 3.118813991546631
1280 3.111616849899292
1281 3.2182695865631104
1282 3.236194610595703
1283 3.192789077758789
1284 3.0831849575042725
1285 3.2725439071655273
1286 3.1331722736358643
1287 3.0414879322052
1288 3.033834934234619
1289 3.205270290374756
1290 3.032071113586426
1291 2.813646078109741
1292 2.938302516937256
1293 2.943389892578125
1294 3.3056390285491943
1295 3.0065197944641113
1296 3.195044755935669
1297 3.1752405166625977
1298 2.736579656600952
1299 2.9701662063598633
1300 3.1838061809539795
1301 3.022071599960327
1302 2.8130104541778564
1303 3.2848758697509766
1304 2.885416030883789
1305 2.940164804458618
1306 2.7763617038726807
1307 3.106607675552368
1308 2.9658942222595215
1309 3.1661856174468994
1310 3.1724367141723633
1311 3.1120896339416504
1312 2.8323545455932617
1313 3.070495128631592
1314 3.136030673980713
1315 2.841853141784668
1316 3.0599277019500732
1317 3.126638889312744
1318 3.1664130687713623
1319 3.4051475524902344
1320 2.9924075603485107
1321 3.210498571395874
1322 3.3981809616088867
1323 3.4304890632629395
1324 3.469794511795044
1325 3.6099166870117188
1326 3.296241521835327
1327 3.4384231567382812
1328 3.557992935180664
1329 3.4152791500091553
1330 3.5542829036712646
1331 3.178640127182007
1332 3.3349452018737793
1333 3.428586006164551
1334 3.2554335594177246
1335 3.388852119445801
1336 3.499194383621216
1337 3.508862018585205
1338 3.8314363956451416
1339 3.569148540496826
1340 3.55502986907959
1341 3.4032294750213623
1342 3.164149522781372
1343 3.0859076976776123
1344 3.0526187419891357
1345 3.002180814743042
1346 2.871286630630493
1347 2.9554738998413086
1348 3.1913387775421143
1349 3.044214963912964
1350 2.9202332496643066
1351 3.1999592781066895
1352 3.4566738605499268
1353 3.0096778869628906
1354 3.4127800464630127
1355 3.651751756668091
1356 3.5596749782562256
1357 3.41623854637146
1358 3.4307799339294434
1359 3.1608376502990723
1360 3.1243700981140137
1361 3.0030250549316406
1362 3.0898358821868896
1363 3.3694469928741455
1364 3.072692394256592
1365 3.069153308868408
1366 3.150242567062378
1367 3.1021904945373535
1368 3.134082317352295
1369 3.271247625350952
1370 3.396829605102539
1371 3.1334218978881836
1372 3.394977331161499
1373 3.507840394973755
1374 2.995195150375366
1375 3.080871820449829
1376 3.250370740890503
1377 3.58010196685791
1378 3.6331400871276855
1379 3.68178129196167
1380 3.201664924621582
1381 3.5410349369049072
1382 3.1573991775512695
1383 3.14284348487854
1384 3.0356764793395996
1385 3.1314337253570557
1386 2.961064338684082
1387 3.1519570350646973
1388 3.192761182785034
1389 2.894057512283325
1390 2.885248899459839
1391 3.114011287689209
1392 3.0041050910949707
1393 3.3145875930786133
1394 2.8767616748809814
1395 2.9150185585021973
1396 3.0086541175842285
1397 3.024073839187622
1398 3.09800386428833
1399 3.261033535003662
1400 3.114423990249634
1401 2.897339105606079
1402 2.9984517097473145
1403 3.121929407119751
1404 2.9243881702423096
1405 2.8729043006896973
1406 3.031667709350586
1407 2.6657116413116455
1408 2.651538610458374
1409 2.7797255516052246
1410 2.7984981536865234
1411 2.875840425491333
1412 2.9291324615478516
1413 3.1732990741729736
1414 3.175584316253662
1415 3.1256866455078125
1416 2.8583734035491943
1417 2.9233176708221436
1418 2.996830463409424
1419 3.036407232284546
1420 3.038865089416504
1421 3.0144407749176025
1422 2.928138256072998
1423 3.120098352432251
1424 3.1175057888031006
1425 3.2018537521362305
1426 3.0066516399383545
1427 2.972557306289673
1428 3.1554670333862305
1429 3.0712850093841553
1430 3.0281476974487305
1431 3.0733585357666016
1432 3.2074735164642334
1433 3.2416958808898926
1434 3.154634714126587
1435 3.333867311477661
1436 2.9298694133758545
1437 3.1480660438537598
1438 3.0499141216278076
1439 3.155945062637329
1440 3.178492546081543
1441 3.3751282691955566
1442 3.1791441440582275
1443 3.2663254737854004
1444 2.877732753753662
1445 3.151191234588623
1446 3.1299691200256348
1447 2.982565402984619
1448 2.8916029930114746
1449 2.9286422729492188
1450 3.0866987705230713
1451 3.02073073387146
1452 3.1045024394989014
1453 3.214113235473633
1454 3.1348578929901123
1455 3.2040066719055176
1456 3.1600332260131836
1457 3.0575110912323
1458 3.039551019668579
1459 2.7769856452941895
1460 2.8339405059814453
1461 2.6673903465270996
1462 2.8062970638275146
1463 2.917757987976074
1464 2.5875985622406006
1465 2.864096164703369
1466 3.054776430130005
1467 3.092520236968994
1468 3.008958339691162
1469 3.036811590194702
1470 3.0947535037994385
1471 3.116755962371826
1472 3.119805097579956
1473 3.1145787239074707
1474 3.1153628826141357
1475 2.946335792541504
1476 3.0763649940490723
1477 3.0187370777130127
1478 3.1188857555389404
1479 3.2087748050689697
1480 3.0752265453338623
1481 2.9147815704345703
1482 2.9584848880767822
1483 3.4601492881774902
1484 3.0136828422546387
1485 3.1004257202148438
1486 2.968909740447998
1487 3.0866477489471436
1488 2.8790180683135986
1489 2.736802339553833
1490 2.837662696838379
1491 3.0441718101501465
1492 2.82973051071167
1493 3.1195805072784424
1494 3.1238858699798584
1495 2.8816077709198
1496 2.7480216026306152
1497 2.930201530456543
1498 3.119351625442505
1499 3.1531553268432617
1500 2.8930604457855225
1501 3.0323827266693115
1502 2.908794403076172
1503 2.855483055114746
1504 3.226468086242676
1505 3.1405909061431885
1506 3.098376989364624
1507 2.870180130004883
1508 2.6230247020721436
1509 2.779635190963745
1510 2.8994638919830322
1511 2.7977588176727295
1512 2.7563483715057373
1513 2.9425623416900635
1514 2.8386526107788086
1515 2.762533664703369
1516 2.805527687072754
1517 2.8428211212158203
1518 2.843029022216797
1519 3.0799551010131836
1520 2.840147018432617
1521 3.007429599761963
1522 3.055093288421631
1523 2.940108299255371
1524 2.9744482040405273
1525 2.8891191482543945
1526 2.936544418334961
1527 2.948505401611328
1528 3.064059257507324
1529 2.996061086654663
1530 3.2377443313598633
1531 3.100961208343506
1532 3.0406010150909424
1533 3.1324045658111572
1534 2.9386634826660156
1535 2.9179201126098633
1536 2.8520939350128174
1537 3.0056540966033936
1538 2.9809648990631104
1539 2.814967393875122
1540 2.9971282482147217
1541 3.0699093341827393
1542 2.8770995140075684
1543 2.881862163543701
1544 3.147625684738159
1545 3.2447094917297363
1546 2.9992945194244385
1547 2.4970834255218506
1548 2.8618195056915283
1549 2.9071435928344727
1550 2.8152973651885986
1551 2.968569755554199
1552 3.052511692047119
1553 3.0206902027130127
1554 2.9186465740203857
1555 2.6951777935028076
1556 2.790217161178589
1557 2.9590353965759277
1558 2.9582643508911133
1559 2.7224979400634766
1560 2.7231481075286865
1561 2.734638214111328
1562 2.594285011291504
1563 3.055432081222534
1564 2.799445152282715
1565 2.730534076690674
1566 2.9825096130371094
1567 2.702423334121704
1568 2.78330397605896
1569 2.6946027278900146
1570 3.089745283126831
1571 2.9744346141815186
1572 2.5925862789154053
1573 2.8176145553588867
1574 2.9470746517181396
1575 2.895493745803833
1576 2.878934621810913
1577 2.827247381210327
1578 2.7154932022094727
1579 2.8566079139709473
1580 2.9060490131378174
1581 2.9983575344085693
1582 2.9649267196655273
1583 3.003556489944458
1584 2.9008467197418213
1585 2.579374313354492
1586 3.283273220062256
1587 2.7787153720855713
1588 2.871267557144165
1589 3.3714168071746826
1590 2.966414451599121
1591 2.941939115524292
1592 3.017409324645996
1593 2.900326728820801
1594 2.9359147548675537
1595 2.7833502292633057
1596 2.9087445735931396
1597 2.970794439315796
1598 3.1225428581237793
1599 3.074178457260132
1600 3.0633316040039062
1601 2.8671844005584717
1602 3.096043586730957
1603 2.629521369934082
1604 2.867572784423828
1605 2.9203379154205322
1606 2.809479236602783
1607 2.8709421157836914
1608 2.9894137382507324
1609 2.966808319091797
1610 2.9629359245300293
1611 3.0779495239257812
1612 3.0064239501953125
1613 2.896131992340088
1614 3.0516252517700195
1615 2.8014214038848877
1616 2.9280245304107666
1617 2.741117477416992
1618 3.161482572555542
1619 2.7239208221435547
1620 2.857064962387085
1621 3.000213384628296
1622 2.982576847076416
1623 2.959944486618042
1624 3.2537684440612793
1625 3.068389415740967
1626 2.9304850101470947
1627 2.90671443939209
1628 3.070711135864258
1629 2.9928293228149414
1630 2.9644694328308105
1631 2.8577821254730225
1632 2.740952491760254
1633 2.6998472213745117
1634 2.785501480102539
1635 2.7890517711639404
1636 2.9033210277557373
1637 2.5929112434387207
1638 2.6978938579559326
1639 2.7131898403167725
1640 2.828247547149658
1641 2.906933307647705
1642 2.9477219581604004
1643 2.8306753635406494
1644 2.7335445880889893
1645 3.023494005203247
1646 2.96083402633667
1647 2.8970515727996826
1648 2.9102284908294678
1649 2.9264273643493652
1650 2.980151653289795
1651 2.934591293334961
1652 2.90287184715271
1653 2.840257406234741
1654 2.912442922592163
1655 3.117703914642334
1656 2.956080198287964
1657 2.8292970657348633
1658 2.6928675174713135
1659 2.731980323791504
1660 2.7963852882385254
1661 2.650993585586548
1662 2.762462854385376
1663 2.674640655517578
1664 2.7507920265197754
1665 2.593811273574829
1666 2.80098032951355
1667 2.5365498065948486
1668 2.621778964996338
1669 3.0003530979156494
1670 2.7264745235443115
1671 2.753411293029785
1672 2.767601728439331
1673 2.99718976020813
1674 2.619251012802124
1675 2.4566597938537598
1676 2.559333562850952
1677 2.512770891189575
1678 2.604218006134033
1679 2.5136237144470215
1680 2.753750801086426
1681 2.686785936355591
1682 2.961210250854492
1683 2.9567959308624268
1684 2.6048014163970947
1685 2.610323667526245
1686 2.935823678970337
1687 2.741149663925171
1688 2.94248628616333
1689 2.863349437713623
1690 2.821105718612671
1691 2.6833863258361816
1692 2.636122226715088
1693 2.666417121887207
1694 2.7467386722564697
1695 2.576704263687134
1696 2.7773349285125732
1697 2.700670003890991
1698 2.6865439414978027
1699 2.5800697803497314
1700 2.865426540374756
1701 2.7938153743743896
1702 2.997518539428711
1703 3.1565909385681152
1704 3.2708182334899902
1705 3.3019115924835205
1706 3.0401196479797363
1707 2.8283650875091553
1708 3.007413387298584
1709 2.7454183101654053
1710 2.857722282409668
1711 2.9624085426330566
1712 2.8142495155334473
1713 2.846038579940796
1714 2.6003077030181885
1715 2.6741950511932373
1716 2.896061658859253
1717 2.7384514808654785
1718 2.919990301132202
1719 3.0240886211395264
1720 2.955385446548462
1721 3.1172564029693604
1722 2.815786600112915
1723 2.885608196258545
1724 2.636441707611084
1725 2.6963884830474854
1726 2.7446811199188232
1727 2.6172914505004883
1728 2.56715989112854
1729 2.866917610168457
1730 2.5771572589874268
1731 2.617473840713501
1732 2.890180826187134
1733 2.8685362339019775
1734 2.612070322036743
1735 2.8751332759857178
1736 2.7454545497894287
1737 2.4522271156311035
1738 2.730146646499634
1739 2.6879255771636963
1740 2.2810187339782715
1741 2.4124975204467773
1742 2.5025060176849365
1743 2.6274330615997314
1744 2.9165804386138916
1745 2.702051877975464
1746 2.6176085472106934
1747 2.6183278560638428
1748 2.6384201049804688
1749 2.586378574371338
1750 2.6778767108917236
1751 2.8076577186584473
1752 3.0094645023345947
1753 2.6155166625976562
1754 2.5529425144195557
1755 2.759850263595581
1756 2.648404359817505
1757 2.794881582260132
1758 2.610994338989258
1759 2.6708860397338867
1760 2.787911891937256
1761 2.836540699005127
1762 2.6217312812805176
1763 2.5079898834228516
1764 2.873663902282715
1765 2.820751428604126
1766 2.7657995223999023
1767 2.9729807376861572
1768 2.6128573417663574
1769 2.4993202686309814
1770 2.5012640953063965
1771 2.8360631465911865
1772 2.8653409481048584
1773 2.8441145420074463
1774 2.5490095615386963
1775 2.5373377799987793
1776 2.468129873275757
1777 2.8217267990112305
1778 2.7325210571289062
1779 2.9145872592926025
1780 2.9235126972198486
1781 2.7294907569885254
1782 2.7845122814178467
1783 2.6342008113861084
1784 2.708630323410034
1785 2.886256456375122
1786 2.9375720024108887
1787 2.9713754653930664
1788 3.376133441925049
1789 3.2814085483551025
1790 3.273683547973633
1791 3.338041305541992
1792 3.1886825561523438
1793 3.12172794342041
1794 3.0967910289764404
1795 2.9081227779388428
1796 2.5694427490234375
1797 2.4908480644226074
1798 2.526150941848755
1799 2.7098941802978516
1800 2.554140567779541
1801 2.722407817840576
1802 3.014559745788574
1803 2.9897620677948
1804 2.9961049556732178
1805 2.931342601776123
1806 2.622525691986084
1807 2.6324517726898193
1808 2.6856541633605957
1809 2.4412622451782227
1810 2.6604995727539062
1811 2.5117714405059814
1812 2.6451611518859863
1813 2.778242826461792
1814 2.7094860076904297
1815 2.457288980484009
1816 2.5172290802001953
1817 2.7230594158172607
1818 2.862759828567505
1819 2.723444938659668
1820 2.8479270935058594
1821 2.796319007873535
1822 2.794783115386963
1823 2.649909496307373
1824 2.587966203689575
1825 2.659168004989624
1826 2.7423415184020996
1827 2.409580707550049
1828 2.601977825164795
1829 2.6073009967803955
1830 2.5802152156829834
1831 2.515608072280884
1832 2.352691650390625
1833 2.4029767513275146
1834 2.641805410385132
1835 2.4513676166534424
1836 2.643197774887085
1837 2.4927775859832764
1838 2.5033912658691406
1839 2.644386053085327
1840 2.910987377166748
1841 2.7440185546875
1842 2.6686902046203613
1843 2.674645185470581
1844 2.7670512199401855
1845 2.5781028270721436
1846 2.514577865600586
1847 2.808825731277466
1848 2.653721332550049
1849 2.1608080863952637
1850 2.700584888458252
1851 2.7510364055633545
1852 2.509103775024414
1853 2.4059619903564453
1854 2.6341609954833984
1855 2.537182569503784
1856 2.6398348808288574
1857 2.7380573749542236
1858 2.7196714878082275
1859 2.7896275520324707
1860 2.8731257915496826
1861 2.7414186000823975
1862 2.5777177810668945
1863 2.543320655822754
1864 2.382993698120117
1865 2.3885793685913086
1866 2.4608726501464844
1867 2.307767152786255
1868 2.3495044708251953
1869 2.135246992111206
1870 2.3632795810699463
1871 2.3665969371795654
1872 2.438110828399658
1873 2.376493453979492
1874 2.756829023361206
1875 2.624648332595825
1876 3.2193050384521484
1877 2.8136284351348877
1878 2.677389621734619
1879 2.725576162338257
1880 2.6492843627929688
1881 2.6151647567749023
1882 2.2373223304748535
1883 2.511017084121704
1884 2.645437479019165
1885 2.8819832801818848
1886 3.0212810039520264
1887 2.6043860912323
1888 2.3231096267700195
1889 3.121290683746338
1890 2.9214773178100586
1891 2.7803943157196045
1892 2.957620620727539
1893 2.4136552810668945
1894 2.8239035606384277
1895 2.823613166809082
1896 3.210496425628662
1897 2.9958078861236572
1898 2.8768856525421143
1899 2.5982422828674316
1900 2.9526491165161133
1901 2.947406768798828
1902 2.8971328735351562
1903 2.618121385574341
1904 2.6189301013946533
1905 2.573585033416748
1906 2.5687034130096436
1907 2.6211204528808594
1908 2.8887836933135986
1909 2.820725202560425
1910 2.83721923828125
1911 2.8385839462280273
1912 2.6782779693603516
1913 2.8299026489257812
1914 2.9588451385498047
1915 3.0715131759643555
1916 2.6847126483917236
1917 2.7368907928466797
1918 2.9414703845977783
1919 3.0066418647766113
1920 2.8278541564941406
1921 2.5745043754577637
1922 2.941633462905884
1923 2.6668288707733154
1924 2.9788107872009277
1925 2.5567665100097656
1926 2.455010414123535
1927 2.630707025527954
1928 2.6245639324188232
1929 2.7491135597229004
1930 2.5703794956207275
1931 2.827932596206665
1932 3.001209020614624
1933 2.998436689376831
1934 3.0781378746032715
1935 2.757606267929077
1936 3.1467156410217285
1937 2.9866678714752197
1938 2.928454637527466
1939 3.15372371673584
1940 2.6482481956481934
1941 2.555650234222412
1942 2.5254852771759033
1943 2.3069849014282227
1944 2.7904598712921143
1945 2.7958121299743652
1946 2.9201853275299072
1947 2.695781946182251
1948 2.7987658977508545
1949 2.756645441055298
1950 2.4987008571624756
1951 2.5999746322631836
1952 2.6094069480895996
1953 2.498948097229004
1954 2.676917314529419
1955 2.5288970470428467
1956 2.634464979171753
1957 2.625196933746338
1958 2.616384506225586
1959 2.6456241607666016
1960 2.5993411540985107
1961 2.7232086658477783
1962 2.504762887954712
1963 2.377723217010498
1964 2.5401852130889893
1965 2.677382707595825
1966 2.6318013668060303
1967 2.6107354164123535
1968 2.8453025817871094
1969 2.7535762786865234
1970 2.7818500995635986
1971 2.7457070350646973
1972 2.623291254043579
1973 2.6608684062957764
1974 2.5456390380859375
1975 2.715366840362549
1976 2.9004664421081543
1977 2.74003005027771
1978 3.0707762241363525
1979 2.4924378395080566
1980 2.7904136180877686
1981 2.804112672805786
1982 2.5487122535705566
1983 2.6496968269348145
1984 2.8543291091918945
1985 2.4958932399749756
1986 2.6773459911346436
1987 2.6979994773864746
1988 2.751749038696289
1989 2.7529454231262207
1990 2.740246295928955
1991 2.834249258041382
1992 2.5124523639678955
1993 2.5436668395996094
1994 2.619175434112549
1995 2.6039936542510986
1996 2.888242721557617
1997 2.7956953048706055
1998 2.8932085037231445
1999 2.78262996673584
2000 2.7468578815460205
2001 2.7122654914855957
2002 2.6700661182403564
2003 2.9194388389587402
2004 2.666928768157959
2005 2.7023377418518066
2006 2.620131254196167
2007 2.591336727142334
2008 2.7441837787628174
2009 2.664156913757324
2010 2.465627431869507
2011 2.6741983890533447
2012 2.660606861114502
2013 2.9433860778808594
2014 2.775207757949829
2015 2.6774063110351562
2016 2.740480661392212
2017 2.7305526733398438
2018 2.8038525581359863
2019 2.9304044246673584
2020 2.711534023284912
2021 2.659029006958008
2022 2.7701809406280518
2023 2.616931915283203
2024 2.6170341968536377
2025 2.5166921615600586
2026 2.3487541675567627
2027 2.659588098526001
2028 2.4636082649230957
2029 2.4607157707214355
2030 2.687739133834839
2031 2.4652206897735596
2032 2.3852391242980957
2033 2.5070786476135254
2034 2.4435348510742188
2035 2.342256784439087
2036 2.5552146434783936
2037 2.3590400218963623
2038 2.610114812850952
2039 2.500638008117676
2040 2.4118266105651855
2041 2.5386743545532227
2042 2.5515077114105225
2043 2.496272563934326
2044 2.665069103240967
2045 2.750636577606201
2046 2.6577415466308594
2047 2.3326141834259033
2048 2.864738941192627
2049 2.511636257171631
2050 2.610708713531494
2051 2.474186897277832
2052 2.4983022212982178
2053 2.391786575317383
2054 2.6275417804718018
2055 2.6297340393066406
2056 2.850944995880127
2057 2.8807969093322754
2058 2.7014431953430176
2059 2.7334213256835938
2060 2.520595073699951
2061 2.7757792472839355
2062 2.514319658279419
2063 2.354158639907837
2064 2.4535465240478516
2065 2.6793735027313232
2066 2.6863913536071777
2067 2.432272434234619
2068 2.4076149463653564
2069 2.6078670024871826
2070 2.6579904556274414
2071 2.805868625640869
2072 2.62797212600708
2073 2.821075201034546
2074 2.6137125492095947
2075 2.4136414527893066
2076 2.4332408905029297
2077 2.410693407058716
2078 2.6363162994384766
2079 2.792109489440918
2080 2.5576822757720947
2081 2.634348154067993
2082 2.473228931427002
2083 2.450507879257202
2084 2.5426902770996094
2085 2.5322935581207275
2086 2.4589736461639404
2087 2.5318992137908936
2088 2.630589723587036
2089 2.4983108043670654
2090 2.4934957027435303
2091 2.6058897972106934
2092 2.632830858230591
2093 2.469082832336426
2094 2.5466268062591553
2095 2.481590509414673
2096 2.8622052669525146
2097 2.5323243141174316
2098 2.3761260509490967
2099 2.308880090713501
2100 2.2347354888916016
2101 2.5561015605926514
2102 2.3784539699554443
2103 2.4635305404663086
2104 2.450910806655884
2105 2.411684513092041
2106 2.599374294281006
2107 2.3843183517456055
2108 2.517822742462158
2109 2.311687469482422
2110 2.455087184906006
2111 2.3209033012390137
2112 2.4669883251190186
2113 2.5425822734832764
2114 2.608027935028076
2115 2.474066972732544
2116 2.2711305618286133
2117 2.3009464740753174
2118 2.3489742279052734
2119 2.5407729148864746
2120 2.482023239135742
2121 2.7966010570526123
2122 2.7383594512939453
2123 2.4295411109924316
2124 2.567169427871704
2125 2.8218417167663574
2126 2.734565258026123
2127 2.543389320373535
2128 2.4558048248291016
2129 2.4782657623291016
2130 2.7902870178222656
2131 2.8609464168548584
2132 2.8447654247283936
2133 2.7238693237304688
2134 2.796715259552002
2135 2.8366925716400146
2136 3.0998003482818604
2137 2.7199695110321045
2138 2.85744571685791
2139 2.80334210395813
2140 2.603724241256714
2141 2.545269012451172
2142 2.4608917236328125
2143 2.5320205688476562
2144 2.6783013343811035
2145 2.954956531524658
2146 2.717602252960205
2147 2.955796718597412
2148 2.9537644386291504
2149 2.7614896297454834
2150 3.147300958633423
2151 2.841217279434204
2152 3.0598576068878174
2153 2.838843822479248
2154 3.1148977279663086
2155 2.9758028984069824
2156 3.2317872047424316
2157 3.0672712326049805
2158 3.0136027336120605
2159 3.153653860092163
2160 3.130117893218994
2161 3.058302879333496
2162 3.092698097229004
2163 2.8481953144073486
2164 2.9733762741088867
2165 3.097743511199951
2166 2.8520846366882324
2167 2.810169219970703
2168 2.947091579437256
2169 2.695248603820801
2170 2.8348805904388428
2171 2.8516805171966553
2172 3.052497386932373
2173 3.0331008434295654
2174 2.8765549659729004
2175 2.945483446121216
2176 3.0854945182800293
2177 3.5499868392944336
2178 2.8489906787872314
2179 3.1519501209259033
2180 2.9757795333862305
2181 3.06601881980896
2182 2.923879623413086
2183 3.080387592315674
2184 3.3587584495544434
2185 3.205742120742798
2186 3.3780689239501953
2187 3.0461721420288086
2188 3.011401414871216
2189 3.099818468093872
2190 3.037327289581299
2191 3.3417983055114746
2192 3.325751543045044
2193 2.8941080570220947
2194 3.055936574935913
2195 3.1388955116271973
2196 3.4003236293792725
2197 3.1223156452178955
2198 3.5791306495666504
2199 2.9720778465270996
2200 3.2269036769866943
2201 3.1245100498199463
2202 3.139573097229004
2203 3.166036605834961
2204 2.9580636024475098
2205 3.1825931072235107
2206 3.3375728130340576
2207 3.1976609230041504
2208 3.2024283409118652
2209 3.2839150428771973
2210 2.9691500663757324
2211 3.123812198638916
2212 3.272787570953369
2213 3.2513649463653564
2214 3.072193145751953
2215 2.7844958305358887
2216 2.806204319000244
2217 3.0502195358276367
2218 2.9211556911468506
2219 2.789287805557251
2220 3.1449098587036133
2221 2.8676538467407227
2222 3.082979679107666
2223 3.2456860542297363
2224 3.2226171493530273
2225 2.965050220489502
2226 3.0566487312316895
2227 2.957413911819458
2228 3.156609535217285
2229 2.8408329486846924
2230 3.1051433086395264
2231 3.2118446826934814
2232 3.1154673099517822
2233 2.822873830795288
2234 2.827800750732422
2235 2.7875819206237793
2236 3.084913969039917
2237 2.939300298690796
2238 3.2189323902130127
2239 3.3312175273895264
2240 2.8361692428588867
2241 3.1778016090393066
2242 3.2280983924865723
2243 3.279817581176758
2244 3.07643461227417
2245 3.236402988433838
2246 3.101778984069824
2247 3.2961127758026123
2248 3.011423349380493
2249 3.1490566730499268
2250 3.252368688583374
2251 2.967496156692505
2252 3.067538022994995
2253 3.012542724609375
2254 2.9205923080444336
2255 3.1013710498809814
2256 2.9784209728240967
2257 3.3316874504089355
2258 2.9957287311553955
2259 3.09897518157959
2260 3.2634427547454834
2261 2.9112660884857178
2262 3.017096757888794
2263 2.962968111038208
2264 2.964595079421997
2265 2.7304117679595947
2266 2.8430941104888916
2267 3.070967435836792
2268 2.823500156402588
2269 3.0453073978424072
2270 3.111690044403076
2271 2.9261209964752197
2272 3.2969987392425537
2273 3.165707588195801
2274 3.012826442718506
2275 3.0665738582611084
2276 2.9159862995147705
2277 2.9666056632995605
2278 3.105973482131958
2279 3.08251953125
2280 3.2046713829040527
2281 3.113435745239258
2282 3.425013542175293
2283 3.56341552734375
2284 3.1848549842834473
2285 3.2765848636627197
2286 2.8473424911499023
2287 2.9471733570098877
2288 2.8868539333343506
2289 3.04404878616333
2290 3.1431989669799805
2291 3.0053749084472656
2292 3.2036163806915283
2293 2.657039165496826
2294 2.6390442848205566
2295 2.7755661010742188
2296 2.866204261779785
2297 3.0091681480407715
2298 2.894791841506958
2299 2.9467945098876953
2300 2.673025131225586
2301 2.874563217163086
2302 2.7850987911224365
2303 2.9210071563720703
2304 3.00409197807312
2305 2.8708579540252686
2306 2.7762269973754883
2307 2.902207136154175
2308 3.087313413619995
2309 2.7097716331481934
2310 2.9877424240112305
2311 3.0956757068634033
2312 2.9011776447296143
2313 2.8720955848693848
2314 2.599620819091797
2315 2.9106414318084717
2316 2.848992347717285
2317 2.784449815750122
2318 2.7716567516326904
2319 2.850869655609131
2320 2.6424529552459717
2321 2.7783823013305664
2322 2.69511079788208
2323 2.520921468734741
2324 2.742194175720215
2325 2.545030355453491
2326 2.5388259887695312
2327 2.7250232696533203
2328 2.756559371948242
2329 2.766104221343994
2330 2.8266754150390625
2331 2.4332709312438965
2332 2.587467670440674
2333 2.913283348083496
2334 2.9443821907043457
2335 2.857715606689453
2336 2.9813954830169678
2337 2.550884962081909
2338 2.5834622383117676
2339 2.435162305831909
2340 2.793330669403076
2341 2.80253529548645
2342 2.9071238040924072
2343 2.7258667945861816
2344 2.8179171085357666
2345 2.6485838890075684
2346 2.799544095993042
2347 2.546360492706299
2348 2.567068338394165
2349 2.549489974975586
2350 2.6837172508239746
2351 2.4412872791290283
2352 2.5721840858459473
2353 2.6525745391845703
2354 2.3897347450256348
2355 2.3870227336883545
2356 2.6955111026763916
2357 2.6145143508911133
2358 2.488128662109375
2359 2.5439581871032715
2360 2.5782580375671387
2361 2.5860533714294434
2362 2.589191436767578
2363 2.7290337085723877
2364 2.6882221698760986
2365 2.621145248413086
2366 2.557147741317749
2367 2.611020088195801
2368 2.3878462314605713
2369 2.4861221313476562
2370 2.3474953174591064
2371 2.560964584350586
2372 2.542276620864868
2373 2.493529796600342
2374 2.4833016395568848
2375 2.3887436389923096
2376 2.5476787090301514
2377 2.6032612323760986
2378 2.698878526687622
2379 2.47745943069458
2380 2.4459950923919678
2381 2.4862539768218994
2382 2.644213914871216
2383 2.5394392013549805
2384 2.284019947052002
2385 2.391716957092285
2386 2.4894192218780518
2387 2.306415319442749
2388 2.2982325553894043
2389 2.2451224327087402
2390 2.4661078453063965
2391 2.4773406982421875
2392 2.342195749282837
2393 2.5568466186523438
2394 2.467798948287964
2395 2.579867124557495
2396 2.722705841064453
2397 2.515587329864502
2398 2.3860924243927
2399 2.2965595722198486
2400 2.7198712825775146
2401 2.3370814323425293
2402 2.3101882934570312
2403 2.5955960750579834
2404 2.3133199214935303
2405 2.2648813724517822
2406 2.461332321166992
2407 2.370944023132324
2408 2.506704807281494
2409 2.517761468887329
2410 2.648660659790039
2411 2.4957921504974365
2412 2.4575436115264893
2413 2.538637161254883
2414 2.3552560806274414
2415 2.3385379314422607
2416 2.435967206954956
2417 2.4458117485046387
2418 2.5452353954315186
2419 2.4928061962127686
2420 2.3012406826019287
2421 2.4777843952178955
2422 2.7653822898864746
2423 2.7047951221466064
2424 2.500523567199707
2425 2.4891884326934814
2426 3.052464485168457
2427 2.637991428375244
2428 2.5033717155456543
2429 2.410280466079712
2430 2.629582405090332
2431 2.5004167556762695
2432 2.7349555492401123
2433 2.364290714263916
2434 2.5435080528259277
2435 2.4327807426452637
2436 2.3654091358184814
2437 2.8374881744384766
2438 2.7594523429870605
2439 2.6608221530914307
2440 2.725721597671509
2441 2.7511372566223145
2442 2.5796639919281006
2443 2.7257349491119385
2444 2.487480401992798
2445 2.709547281265259
2446 2.713613748550415
2447 2.617953062057495
2448 2.576124429702759
2449 2.5529191493988037
2450 2.43949818611145
2451 2.5074870586395264
2452 2.447646141052246
2453 2.4506564140319824
2454 2.5005152225494385
2455 2.520287275314331
2456 2.4482290744781494
2457 2.383718967437744
2458 2.583660125732422
2459 2.2314014434814453
2460 2.5144731998443604
2461 2.5344021320343018
2462 2.3032984733581543
2463 2.343567371368408
2464 2.4959805011749268
2465 2.547760486602783
2466 2.4405059814453125
2467 2.1801793575286865
2468 2.449462652206421
2469 2.2744646072387695
2470 2.5577802658081055
2471 2.749077081680298
2472 2.69751238822937
2473 2.535858631134033
2474 2.472449779510498
2475 2.698820114135742
2476 2.818519353866577
2477 2.3855531215667725
2478 2.716052293777466
2479 2.556427240371704
2480 2.47176194190979
2481 2.560084104537964
2482 2.5329387187957764
2483 2.459829092025757
2484 2.38864803314209
2485 2.400876760482788
2486 2.7332398891448975
2487 2.732511281967163
2488 2.5675199031829834
2489 2.383416175842285
2490 2.5014820098876953
2491 2.62978196144104
2492 2.506669044494629
2493 2.7329800128936768
2494 2.5460290908813477
2495 2.6179428100585938
2496 2.671689748764038
2497 2.710391044616699
2498 2.4099693298339844
2499 2.4220025539398193
2500 2.619534730911255
2501 2.3433098793029785
2502 2.348972797393799
2503 2.5533037185668945
2504 2.4008476734161377
2505 2.517885684967041
2506 2.366987466812134
2507 2.405521869659424
2508 2.5072784423828125
2509 2.2721052169799805
2510 2.4344513416290283
2511 2.6886777877807617
2512 2.3586950302124023
2513 2.244110345840454
2514 2.4242494106292725
2515 2.5003128051757812
2516 2.2561748027801514
2517 2.7381882667541504
2518 2.3752777576446533
2519 2.349817991256714
2520 2.5363168716430664
2521 2.4794983863830566
2522 2.3455376625061035
2523 2.7245185375213623
2524 2.415133237838745
2525 2.785694122314453
2526 2.8365554809570312
2527 2.763439893722534
2528 3.062570810317993
2529 2.4222235679626465
2530 2.603578805923462
2531 2.561789035797119
2532 2.6654512882232666
2533 2.4875147342681885
2534 2.490525007247925
2535 2.3963723182678223
2536 2.4714252948760986
2537 2.4876139163970947
2538 2.4478583335876465
2539 2.7642464637756348
2540 2.646535634994507
2541 2.685271978378296
2542 2.539865255355835
2543 2.418846368789673
2544 2.508481740951538
2545 2.636361837387085
2546 2.4189422130584717
2547 2.739229917526245
2548 2.602046489715576
2549 2.755492925643921
2550 2.4498236179351807
2551 2.3315110206604004
2552 2.403067111968994
2553 2.5224945545196533
2554 2.473856210708618
2555 2.4520070552825928
2556 2.3401076793670654
2557 2.343334674835205
2558 2.5296409130096436
2559 2.239731550216675
2560 2.44978928565979
2561 2.6621406078338623
2562 2.520188570022583
2563 2.654851198196411
2564 2.6866259574890137
2565 2.4929068088531494
2566 2.550718069076538
2567 2.4451310634613037
2568 2.3865489959716797
2569 2.5458920001983643
2570 2.5451807975769043
2571 2.5413498878479004
2572 2.544351577758789
2573 2.437641143798828
2574 2.388251543045044
2575 2.4662256240844727
2576 2.2935872077941895
2577 2.526668071746826
2578 2.6675846576690674
2579 2.407137870788574
2580 2.461967945098877
2581 2.4458837509155273
2582 2.7646167278289795
2583 2.2645459175109863
2584 2.282630681991577
2585 2.4306819438934326
2586 2.462815284729004
2587 2.304708957672119
2588 2.6437172889709473
2589 2.7054741382598877
2590 2.475783586502075
2591 2.4983935356140137
2592 2.4802987575531006
2593 2.390505790710449
2594 2.7832860946655273
2595 2.366770029067993
2596 2.564310312271118
2597 2.630673408508301
2598 2.4334371089935303
2599 2.4390017986297607
2600 2.6004862785339355
2601 2.4866220951080322
2602 2.5695645809173584
2603 2.206130027770996
2604 2.4987332820892334
2605 2.4881184101104736
2606 2.3845200538635254
2607 2.2517592906951904
2608 2.4860782623291016
2609 2.6864349842071533
2610 2.4066665172576904
2611 2.2438111305236816
2612 2.4318151473999023
2613 2.5119659900665283
2614 2.6992225646972656
2615 2.682826042175293
2616 2.6547787189483643
2617 2.532905101776123
2618 2.482936382293701
2619 2.509671926498413
2620 2.6914010047912598
2621 2.4930777549743652
2622 2.4867324829101562
2623 2.4355483055114746
2624 2.478201389312744
2625 2.5026092529296875
2626 2.635432481765747
2627 2.5581512451171875
2628 2.6225337982177734
2629 2.606048583984375
2630 2.3742330074310303
2631 2.6335458755493164
2632 2.588449716567993
2633 3.003309488296509
2634 2.5488224029541016
2635 2.661594867706299
2636 2.6940793991088867
2637 2.229905366897583
2638 2.3477401733398438
2639 2.4093198776245117
2640 2.803973436355591
2641 2.4821279048919678
2642 2.6963207721710205
2643 2.4524362087249756
2644 2.405196189880371
2645 2.5680575370788574
2646 2.3340280055999756
2647 2.359044075012207
2648 2.228572130203247
2649 2.3113973140716553
2650 2.245731830596924
2651 2.214996814727783
2652 2.376183032989502
2653 2.4157874584198
2654 2.350013494491577
2655 2.372260570526123
2656 2.49196195602417
2657 2.579929828643799
2658 2.464855909347534
2659 2.6537108421325684
2660 2.7285332679748535
2661 2.6847870349884033
2662 2.752481698989868
2663 2.597135305404663
2664 2.5033626556396484
2665 2.525747537612915
2666 2.242267370223999
2667 2.2624597549438477
2668 2.680119276046753
2669 2.3711485862731934
2670 2.3295748233795166
2671 2.627255916595459
2672 2.398966073989868
2673 2.46437406539917
2674 2.385831594467163
2675 2.4892725944519043
2676 2.565216541290283
2677 2.4116837978363037
2678 2.6649560928344727
2679 2.541444778442383
2680 2.458271026611328
2681 2.302889108657837
2682 2.1892149448394775
2683 2.2911808490753174
2684 2.2641048431396484
2685 2.4029300212860107
2686 2.2703166007995605
2687 2.277831554412842
2688 2.78275990486145
2689 2.3245465755462646
2690 2.4872007369995117
2691 2.503854751586914
2692 2.448251485824585
2693 2.39207124710083
2694 2.521484613418579
2695 2.638119697570801
2696 2.545856237411499
2697 2.3718066215515137
2698 2.4943432807922363
2699 2.5243730545043945
2700 2.3509891033172607
2701 2.4383089542388916
2702 2.508937358856201
2703 2.7798547744750977
2704 2.704134702682495
2705 2.642127513885498
2706 2.807979106903076
2707 2.6966075897216797
2708 2.4886586666107178
2709 2.4945201873779297
2710 2.752702474594116
2711 2.681098699569702
2712 2.7988171577453613
2713 2.5011157989501953
2714 2.545525312423706
2715 2.344538450241089
2716 2.5698885917663574
2717 2.3685519695281982
2718 2.57076358795166
2719 2.3263678550720215
2720 2.4886245727539062
2721 2.6356232166290283
2722 2.5348687171936035
2723 2.4704184532165527
2724 2.4621381759643555
2725 2.5822129249572754
2726 2.5888478755950928
2727 2.554168462753296
2728 2.5446529388427734
2729 2.5682194232940674
2730 2.226715087890625
2731 2.729679584503174
2732 2.731168508529663
2733 2.8249380588531494
2734 2.7333571910858154
2735 2.8105814456939697
2736 2.6832456588745117
2737 2.547523260116577
2738 2.5777218341827393
2739 2.7070562839508057
2740 2.5500195026397705
2741 2.534790515899658
2742 2.6482608318328857
2743 2.705749750137329
2744 2.3658697605133057
2745 2.3374485969543457
2746 2.6300158500671387
2747 2.544092893600464
2748 2.5782084465026855
2749 2.6266720294952393
2750 2.509906053543091
2751 2.413417100906372
2752 2.489362955093384
2753 2.563236713409424
2754 2.5016984939575195
2755 2.4150538444519043
2756 2.5239217281341553
2757 2.508500814437866
2758 2.3957178592681885
2759 2.757997512817383
2760 2.3706068992614746
2761 2.590822696685791
2762 2.5625901222229004
2763 2.5045690536499023
2764 2.4218597412109375
2765 2.3503429889678955
2766 2.4648191928863525
2767 2.842681407928467
2768 2.760075092315674
2769 2.669921875
2770 2.519639253616333
2771 2.3578968048095703
2772 2.555206775665283
2773 2.499235153198242
2774 2.624903678894043
2775 2.485302686691284
2776 2.5390186309814453
2777 2.5708494186401367
2778 2.756535291671753
2779 2.8476479053497314
2780 2.656372547149658
2781 2.6147029399871826
2782 2.840707540512085
2783 2.545581817626953
2784 2.7756667137145996
2785 2.572345495223999
2786 2.733544111251831
2787 2.9391133785247803
2788 2.7609193325042725
2789 2.7028660774230957
2790 2.5091230869293213
2791 2.600212335586548
2792 2.490924119949341
2793 2.568467378616333
2794 2.5327417850494385
2795 2.525597095489502
2796 2.408362627029419
2797 2.4265806674957275
2798 2.3967108726501465
2799 2.5696866512298584
2800 2.468858003616333
2801 2.535947561264038
2802 2.452542543411255
2803 2.429927349090576
2804 2.4175329208374023
2805 2.544527292251587
2806 2.465182304382324
2807 2.2055280208587646
2808 2.3718340396881104
2809 2.4218342304229736
2810 2.351417303085327
2811 2.2091445922851562
2812 2.5935404300689697
2813 2.4319560527801514
2814 2.4381656646728516
2815 2.39620304107666
2816 2.4279186725616455
2817 2.398618221282959
2818 2.298199415206909
2819 2.5110161304473877
2820 2.465850353240967
2821 2.9510583877563477
2822 2.4365577697753906
2823 2.451176404953003
2824 2.5830039978027344
2825 2.2918379306793213
2826 2.5038020610809326
2827 2.4969983100891113
2828 2.2919657230377197
2829 2.3835315704345703
2830 2.3871028423309326
2831 2.5656845569610596
2832 2.4895243644714355
2833 2.504922389984131
2834 2.5560314655303955
2835 2.581850051879883
2836 2.35720157623291
2837 2.3245773315429688
2838 2.375150203704834
2839 2.401552438735962
2840 2.5318915843963623
2841 2.730649948120117
2842 2.5604958534240723
2843 2.5611467361450195
2844 2.6559739112854004
2845 2.485663890838623
2846 2.341722011566162
2847 2.4544177055358887
2848 2.458810806274414
2849 2.5973050594329834
2850 2.4003400802612305
2851 2.5532279014587402
2852 2.4645349979400635
2853 2.4815762042999268
2854 2.3887972831726074
2855 2.3995859622955322
2856 2.5623979568481445
2857 2.3194234371185303
2858 2.4732983112335205
2859 2.2564163208007812
2860 2.6375536918640137
2861 2.7357332706451416
2862 2.592432737350464
2863 2.5644876956939697
2864 2.4125518798828125
2865 2.529905319213867
2866 2.3770639896392822
2867 2.4902546405792236
2868 2.2944276332855225
2869 2.4521431922912598
2870 2.198291063308716
2871 2.5034921169281006
2872 2.4163293838500977
2873 2.3660178184509277
2874 2.268303155899048
2875 2.2863690853118896
2876 2.4029977321624756
2877 2.4127960205078125
2878 2.422355890274048
2879 2.268317937850952
2880 2.7608275413513184
2881 2.7285797595977783
2882 2.6718361377716064
2883 2.6991751194000244
2884 2.7490928173065186
2885 2.704604387283325
2886 2.668858051300049
2887 2.797905206680298
2888 2.7267746925354004
2889 2.6261978149414062
2890 2.4322056770324707
2891 2.5089852809906006
2892 2.530531167984009
2893 2.4769036769866943
2894 2.6023683547973633
2895 2.7823753356933594
2896 2.8808822631835938
2897 2.622929573059082
2898 2.667863607406616
2899 2.805418014526367
2900 2.7496559619903564
2901 2.8800997734069824
2902 2.658015727996826
2903 2.5679726600646973
2904 2.7287120819091797
2905 2.717972755432129
2906 2.6241371631622314
2907 2.737440347671509
2908 3.0651559829711914
2909 2.7629692554473877
2910 2.5440480709075928
2911 2.420743465423584
2912 2.4925479888916016
2913 2.451415538787842
2914 2.7346091270446777
2915 2.4903204441070557
2916 2.30530047416687
2917 2.4168667793273926
2918 2.4654953479766846
2919 2.61554217338562
2920 2.587845802307129
2921 2.594310760498047
2922 2.668426752090454
2923 2.4795610904693604
2924 2.6465439796447754
2925 2.504077911376953
2926 2.5092499256134033
2927 2.7357959747314453
2928 2.7059695720672607
2929 2.4515738487243652
2930 2.642618417739868
2931 2.323004961013794
2932 2.297398567199707
2933 2.386824607849121
2934 2.5271568298339844
2935 2.707031011581421
2936 2.632659435272217
2937 2.5322928428649902
2938 2.472166061401367
2939 2.5340747833251953
2940 2.589315414428711
2941 2.514166831970215
2942 2.6862688064575195
2943 2.835764169692993
2944 2.780508041381836
2945 2.461515188217163
2946 2.5619359016418457
2947 2.4984018802642822
2948 2.656019687652588
2949 2.463944435119629
2950 2.4266417026519775
2951 2.6492018699645996
2952 2.689271926879883
2953 2.5071861743927
2954 2.777836561203003
2955 2.612987518310547
2956 2.5678319931030273
2957 2.6068778038024902
2958 2.566967010498047
2959 2.5225625038146973
2960 2.579167366027832
2961 2.465006113052368
2962 2.476222038269043
2963 2.37095308303833
2964 2.348813056945801
2965 2.590686082839966
2966 2.389753580093384
2967 2.754981756210327
2968 2.706083297729492
2969 2.561406373977661
2970 2.4980337619781494
2971 2.3881680965423584
2972 2.4019014835357666
2973 2.527867078781128
2974 2.4557700157165527
2975 2.5870258808135986
2976 2.6455090045928955
2977 2.5777201652526855
2978 2.6629180908203125
2979 2.621486186981201
2980 2.635340452194214
2981 2.595426321029663
2982 2.4853429794311523
2983 2.5859317779541016
2984 2.340435266494751
2985 2.599116563796997
2986 2.6588833332061768
2987 2.594514846801758
2988 2.4071266651153564
2989 2.6821255683898926
2990 2.5325746536254883
2991 2.6882824897766113
2992 2.468348979949951
2993 2.483999490737915
2994 2.586135149002075
2995 2.540592670440674
2996 2.76869797706604
2997 2.6108860969543457
2998 2.7321219444274902
2999 2.858680009841919
3000 2.652357816696167
3001 2.8984861373901367
3002 2.7022902965545654
3003 2.930687189102173
3004 2.6362011432647705
3005 2.692431688308716
3006 2.787546157836914
3007 2.564911365509033
3008 2.4733753204345703
3009 2.558528423309326
3010 2.8358612060546875
3011 2.9231772422790527
3012 2.7404608726501465
3013 2.7404003143310547
3014 2.596372127532959
3015 2.670614719390869
3016 2.5776426792144775
3017 2.767873764038086
3018 2.4415366649627686
3019 2.555135726928711
3020 2.614267110824585
3021 2.5952770709991455
3022 2.630267858505249
3023 2.4737141132354736
3024 2.6391029357910156
3025 2.4890966415405273
3026 2.6927201747894287
3027 2.535367012023926
3028 2.779284715652466
3029 2.543341875076294
3030 2.4850375652313232
3031 2.6102168560028076
3032 2.5531246662139893
3033 2.5346455574035645
3034 2.7940878868103027
3035 2.3618361949920654
3036 2.57564115524292
3037 2.717949628829956
3038 2.4625213146209717
3039 2.4877588748931885
3040 2.9010112285614014
3041 2.705383777618408
3042 2.704559803009033
3043 2.664999485015869
3044 2.8239011764526367
3045 2.60920786857605
3046 2.648353099822998
3047 2.7219290733337402
3048 2.640436887741089
3049 2.981858968734741
3050 2.915257453918457
3051 2.797153949737549
3052 2.755218982696533
3053 2.97114634513855
3054 2.9107208251953125
3055 2.7790160179138184
3056 3.0447659492492676
3057 3.0129101276397705
3058 3.1424272060394287
3059 2.774080991744995
3060 2.575031280517578
3061 2.7541306018829346
3062 3.0121800899505615
3063 2.5623834133148193
3064 2.8575286865234375
3065 2.6502394676208496
3066 2.5769431591033936
3067 2.5577070713043213
3068 2.9742178916931152
3069 3.0039939880371094
3070 2.717682123184204
3071 3.017362356185913
3072 2.7891621589660645
3073 2.952877998352051
3074 2.769662380218506
3075 2.736997604370117
3076 2.897911787033081
3077 2.7813642024993896
3078 2.732905626296997
3079 2.7750158309936523
3080 2.6696150302886963
3081 2.805110454559326
3082 2.6974587440490723
3083 2.5634284019470215
3084 2.539888381958008
3085 2.6153461933135986
3086 2.517568349838257
3087 2.5545995235443115
3088 2.502072811126709
3089 2.89131236076355
3090 2.5982792377471924
3091 2.4248127937316895
3092 2.764578104019165
3093 2.7674245834350586
3094 2.6042003631591797
3095 2.5133752822875977
3096 2.8571276664733887
3097 2.4343101978302
3098 2.681844472885132
3099 2.641005039215088
3100 2.4644036293029785
3101 2.5588672161102295
3102 2.566011667251587
3103 2.533416509628296
3104 2.6941778659820557
3105 2.854611396789551
3106 2.5908758640289307
3107 2.797337770462036
3108 2.7170138359069824
3109 2.6788878440856934
3110 2.515244483947754
3111 2.5346596240997314
3112 2.647813081741333
3113 2.5358192920684814
3114 3.146303415298462
3115 2.719494104385376
3116 2.648922920227051
3117 2.651214122772217
3118 2.5648345947265625
3119 2.60451340675354
3120 2.4489941596984863
3121 2.431361675262451
3122 2.3734130859375
3123 2.4669742584228516
3124 2.560361385345459
3125 2.5863964557647705
3126 2.625915765762329
3127 2.4484164714813232
3128 2.6486361026763916
3129 2.348590612411499
3130 2.4639618396759033
3131 2.640453815460205
3132 2.8530993461608887
3133 2.2561728954315186
3134 2.281926155090332
3135 2.4536221027374268
3136 2.587141990661621
3137 2.4259769916534424
3138 2.532426357269287
3139 2.510619640350342
3140 2.5949270725250244
3141 2.3998215198516846
3142 2.733773708343506
3143 2.765875816345215
3144 2.5468292236328125
3145 2.0865440368652344
3146 2.26619553565979
3147 2.534151792526245
3148 2.5262718200683594
3149 2.4896440505981445
3150 2.4641335010528564
3151 2.37117338180542
3152 2.7496354579925537
3153 2.621884822845459
3154 2.615406036376953
3155 2.68121337890625
3156 2.6079905033111572
3157 2.8293025493621826
3158 2.643146514892578
3159 2.7511706352233887
3160 2.849283456802368
3161 2.6392664909362793
3162 2.529618740081787
3163 2.678274631500244
3164 2.622605085372925
3165 2.7482669353485107
3166 2.494354486465454
3167 2.3728697299957275
3168 2.360888719558716
3169 2.580360174179077
3170 2.6292154788970947
3171 2.605785846710205
3172 2.45088529586792
3173 2.5345468521118164
3174 2.5166287422180176
3175 2.6734299659729004
3176 2.612053394317627
3177 2.4817287921905518
3178 2.761972188949585
3179 2.4467270374298096
3180 2.468463897705078
3181 2.505241632461548
3182 2.355053424835205
3183 2.7361862659454346
3184 2.5426993370056152
3185 2.7231786251068115
3186 2.7761220932006836
3187 2.648888111114502
3188 2.4810638427734375
3189 2.538053512573242
3190 2.574880838394165
3191 2.361670970916748
3192 2.5205581188201904
3193 2.4539198875427246
3194 2.645329475402832
3195 2.842912435531616
3196 2.6101467609405518
3197 2.735673189163208
3198 2.536306381225586
3199 2.5727524757385254
3200 2.3705224990844727
3201 2.4343881607055664
3202 2.4894211292266846
3203 2.5426583290100098
3204 2.5702357292175293
3205 2.5238404273986816
3206 2.4041340351104736
3207 2.3560116291046143
3208 2.4028501510620117
3209 2.597747802734375
3210 2.5300979614257812
3211 2.61098313331604
3212 2.6112775802612305
3213 2.6580119132995605
3214 2.4846177101135254
3215 2.6066648960113525
3216 2.8448379039764404
3217 2.582188367843628
3218 2.5903475284576416
3219 2.7678298950195312
3220 2.978888750076294
3221 3.0400352478027344
3222 2.9698097705841064
3223 2.719686269760132
3224 2.8240318298339844
3225 2.6110897064208984
3226 2.6979846954345703
3227 2.6981394290924072
3228 2.355656147003174
3229 2.5950517654418945
3230 2.4740304946899414
3231 2.5531070232391357
3232 2.4318623542785645
3233 2.698134422302246
3234 2.440782070159912
3235 2.4936211109161377
3236 2.4122707843780518
3237 2.8321149349212646
3238 2.5099198818206787
3239 2.823101758956909
3240 2.697216272354126
3241 2.7150661945343018
3242 2.7862725257873535
3243 2.705325126647949
3244 2.7889492511749268
3245 3.00479793548584
3246 2.5728237628936768
3247 2.9252915382385254
3248 2.6949610710144043
3249 2.638969659805298
3250 2.5955801010131836
3251 2.8420841693878174
3252 3.0791592597961426
3253 2.7768309116363525
3254 2.622483730316162
3255 2.7018396854400635
3256 2.563197374343872
3257 2.361510753631592
3258 2.446225643157959
3259 2.5948777198791504
3260 2.42276930809021
3261 2.719987630844116
3262 2.7498128414154053
3263 2.504631757736206
3264 2.511040210723877
3265 2.3662962913513184
3266 2.600131034851074
3267 2.59544038772583
3268 2.535763740539551
3269 2.445223093032837
3270 2.526883602142334
3271 2.300367832183838
3272 2.4294331073760986
3273 2.4804155826568604
3274 2.2925918102264404
3275 2.3721396923065186
3276 2.302602767944336
3277 2.3925907611846924
3278 2.637427568435669
3279 2.3826916217803955
3280 2.481475591659546
3281 2.364377975463867
3282 2.3568925857543945
3283 2.50411319732666
3284 2.3896148204803467
3285 2.522498607635498
3286 2.362990379333496
3287 2.5247344970703125
3288 2.4220306873321533
3289 2.446296215057373
3290 2.391392469406128
3291 2.470322370529175
3292 2.595133066177368
3293 2.686791181564331
3294 2.7290546894073486
3295 2.6387505531311035
3296 2.5042014122009277
3297 2.3522751331329346
3298 2.336177349090576
3299 2.555305004119873
3300 2.6185302734375
3301 2.5622849464416504
3302 2.286036729812622
3303 2.417888641357422
3304 2.327322244644165
3305 2.3409383296966553
3306 2.199361562728882
3307 2.607219934463501
3308 2.442633628845215
3309 2.4605679512023926
3310 2.5098230838775635
3311 2.589970111846924
3312 2.6569907665252686
3313 2.3965792655944824
3314 2.462114095687866
3315 2.309828996658325
3316 2.3652679920196533
3317 2.3024048805236816
3318 2.760237216949463
3319 2.3204166889190674
3320 2.4885313510894775
3321 2.410533905029297
3322 2.4145052433013916
3323 2.336237668991089
3324 2.5277419090270996
3325 2.7614076137542725
3326 2.457793712615967
3327 2.494936943054199
3328 2.44631290435791
3329 2.6199426651000977
3330 2.375669479370117
3331 2.4446794986724854
3332 2.413146734237671
3333 2.412846565246582
3334 2.6735904216766357
3335 2.6651699542999268
3336 2.270850419998169
3337 2.651333808898926
3338 2.6202080249786377
3339 2.5539770126342773
3340 2.6073920726776123
3341 2.5799293518066406
3342 2.5984418392181396
3343 2.296903610229492
3344 2.5487210750579834
3345 2.6631383895874023
3346 2.3797595500946045
3347 2.3801093101501465
3348 2.2344019412994385
3349 2.3514485359191895
3350 2.4475769996643066
3351 2.3820724487304688
3352 2.569056749343872
3353 2.8893961906433105
3354 2.5414109230041504
3355 2.5848982334136963
3356 2.3855409622192383
3357 2.604719400405884
3358 2.633427619934082
3359 2.3845396041870117
3360 2.786616563796997
3361 2.816983699798584
3362 2.6556363105773926
3363 2.6187310218811035
3364 2.601439952850342
3365 2.414618492126465
3366 2.4556548595428467
3367 2.2909069061279297
3368 2.5332329273223877
3369 2.532691240310669
3370 2.4541194438934326
3371 2.77420711517334
3372 2.5219006538391113
3373 2.3950858116149902
3374 2.508047580718994
3375 2.587514877319336
3376 2.6056108474731445
3377 2.8556554317474365
3378 2.4277522563934326
3379 2.577199935913086
3380 2.6609909534454346
3381 2.8690006732940674
3382 2.901731491088867
3383 2.7040789127349854
3384 2.7795591354370117
3385 2.698030471801758
3386 2.86309552192688
3387 2.711350679397583
3388 2.7945313453674316
3389 2.6064987182617188
3390 2.5535480976104736
3391 2.4956512451171875
3392 2.5153446197509766
3393 2.7593679428100586
3394 2.640366554260254
3395 2.572028636932373
3396 2.553457498550415
3397 2.3457107543945312
3398 2.202007293701172
3399 2.831831932067871
3400 2.67010760307312
3401 2.530755043029785
3402 2.5506374835968018
3403 2.6102309226989746
3404 2.800414800643921
3405 2.8290839195251465
3406 2.903989553451538
3407 2.8072476387023926
3408 2.3804190158843994
3409 2.4563286304473877
3410 2.628445863723755
3411 2.439464807510376
3412 2.4736337661743164
3413 2.530323028564453
3414 2.644710063934326
3415 2.8623077869415283
3416 2.7492284774780273
3417 2.717872381210327
3418 2.526776075363159
3419 2.8067922592163086
3420 2.820887327194214
3421 2.793410062789917
3422 2.883728504180908
3423 2.5819363594055176
3424 2.960841655731201
3425 2.376476764678955
3426 2.6160025596618652
3427 2.581983804702759
3428 2.668095827102661
3429 2.63472056388855
3430 2.658557653427124
3431 2.710643768310547
3432 2.6632916927337646
3433 2.8071818351745605
3434 2.4309279918670654
3435 2.681530475616455
3436 2.63449764251709
3437 2.523724317550659
3438 2.4828696250915527
3439 2.604292869567871
3440 2.6589295864105225
3441 2.4382190704345703
3442 2.806955337524414
3443 2.8150501251220703
3444 2.6331357955932617
3445 2.6453564167022705
3446 2.4193458557128906
3447 2.416459321975708
3448 2.5776045322418213
3449 2.699930429458618
3450 2.555161952972412
3451 2.452188730239868
3452 2.4319190979003906
3453 2.4361448287963867
3454 2.609624147415161
3455 2.5923218727111816
3456 2.688962936401367
3457 2.3638980388641357
3458 2.807865619659424
3459 2.813288927078247
3460 2.610623359680176
3461 2.478459119796753
3462 2.53025484085083
3463 2.6777610778808594
3464 2.4200456142425537
3465 2.4944047927856445
3466 2.7707622051239014
3467 2.5223567485809326
3468 2.5686655044555664
3469 2.6711223125457764
3470 2.4709391593933105
3471 2.5552685260772705
3472 2.6599857807159424
3473 2.512831211090088
3474 2.7136573791503906
3475 2.602504253387451
3476 2.577353000640869
3477 2.73897123336792
3478 2.7997493743896484
3479 2.5818488597869873
3480 2.4616200923919678
3481 2.5353448390960693
3482 2.770703077316284
3483 2.4498016834259033
3484 3.0193583965301514
3485 2.87203311920166
3486 2.731823682785034
3487 2.597381591796875
3488 2.7440707683563232
3489 2.5688157081604004
3490 2.450481653213501
3491 2.4755258560180664
3492 2.545609712600708
3493 2.7390143871307373
3494 2.627537250518799
3495 2.5194435119628906
3496 2.5962276458740234
3497 2.845022439956665
3498 2.859180450439453
3499 2.439096689224243
3500 2.761427879333496
3501 2.747035503387451
3502 2.7955453395843506
3503 2.7674849033355713
3504 2.4960780143737793
3505 2.4610183238983154
3506 2.418079376220703
3507 2.493004560470581
3508 2.659914016723633
3509 2.4618730545043945
3510 2.5835683345794678
3511 2.588036298751831
3512 2.5744364261627197
3513 2.5316593647003174
3514 2.782050848007202
3515 2.4412074089050293
3516 2.461117744445801
3517 2.5866000652313232
3518 2.462759494781494
3519 2.5521504878997803
3520 2.4668166637420654
3521 2.8320298194885254
3522 2.867382049560547
3523 2.5491011142730713
3524 2.6860053539276123
3525 2.514592170715332
3526 2.848011016845703
3527 2.6234500408172607
3528 2.4693593978881836
3529 2.5255064964294434
3530 2.6121370792388916
3531 2.4615838527679443
3532 2.495292901992798
3533 2.4250783920288086
3534 2.699489116668701
3535 2.76019549369812
3536 2.542412281036377
3537 2.5841622352600098
3538 2.712495803833008
3539 2.6389997005462646
3540 2.6062240600585938
3541 2.852048397064209
3542 2.530811071395874
3543 2.509235143661499
3544 2.626079797744751
3545 2.6486382484436035
3546 2.5741724967956543
3547 2.5286061763763428
3548 2.606147050857544
3549 2.6575207710266113
3550 2.542541027069092
3551 2.4924519062042236
3552 2.8788082599639893
3553 2.775973081588745
3554 2.9113898277282715
3555 2.666372776031494
3556 2.734954357147217
3557 2.8411552906036377
3558 2.9037046432495117
3559 2.709773540496826
3560 2.879741907119751
3561 2.808115005493164
3562 2.551892042160034
3563 2.525175094604492
3564 2.8858649730682373
3565 2.8440048694610596
3566 2.9025626182556152
3567 2.7832789421081543
3568 2.696604013442993
3569 2.8424315452575684
3570 2.6991803646087646
3571 2.633635997772217
3572 2.7894444465637207
3573 2.9076035022735596
3574 2.9267256259918213
3575 2.7678749561309814
3576 2.8028173446655273
3577 2.722564697265625
3578 2.7397704124450684
3579 2.758735418319702
3580 2.863065242767334
3581 2.9085142612457275
3582 2.7424161434173584
3583 2.758387565612793
3584 2.82182240486145
3585 2.935668468475342
3586 2.9748997688293457
3587 2.795010805130005
3588 2.8818185329437256
3589 2.813415765762329
3590 2.985504388809204
3591 3.0174131393432617
3592 2.827249526977539
3593 2.9831321239471436
3594 2.9310076236724854
3595 2.832638740539551
3596 2.5690600872039795
3597 2.787018060684204
3598 2.7126967906951904
3599 2.726306438446045
3600 2.6584460735321045
3601 2.7374022006988525
3602 2.824331283569336
3603 2.6147518157958984
3604 2.7807605266571045
3605 2.6527099609375
3606 2.86484432220459
3607 2.6029040813446045
3608 2.6876697540283203
3609 2.596614360809326
3610 2.6041259765625
3611 2.681344985961914
3612 2.5798463821411133
3613 2.5589635372161865
3614 2.7249889373779297
3615 2.584920644760132
3616 2.512951135635376
3617 2.5181658267974854
3618 2.5622122287750244
3619 2.363708734512329
3620 2.3920280933380127
3621 2.7123377323150635
3622 2.6824283599853516
3623 2.543496608734131
3624 2.553924083709717
3625 2.4331674575805664
3626 2.432849884033203
3627 2.625107765197754
3628 2.641484260559082
3629 2.750117778778076
3630 2.459756374359131
3631 2.617868661880493
3632 2.728242874145508
3633 2.527831554412842
3634 2.6059606075286865
3635 2.7650325298309326
3636 2.6000876426696777
3637 2.75612473487854
3638 2.7567672729492188
3639 2.5801210403442383
3640 2.5551443099975586
3641 2.7707338333129883
3642 2.6710681915283203
3643 2.8190033435821533
3644 2.6208088397979736
3645 2.7508432865142822
3646 2.732150077819824
3647 2.4402918815612793
3648 2.734755754470825
3649 2.7781083583831787
3650 2.8379528522491455
3651 2.7590253353118896
3652 2.6761181354522705
3653 3.132650136947632
3654 3.0382773876190186
3655 2.619995355606079
3656 2.9110522270202637
3657 2.4756178855895996
3658 2.7751412391662598
3659 2.846668243408203
3660 2.6547000408172607
3661 2.8378007411956787
3662 2.8821046352386475
3663 2.674346685409546
3664 2.9443655014038086
3665 2.660060167312622
3666 2.79498028755188
3667 2.597989797592163
3668 2.8681647777557373
3669 2.795856475830078
3670 2.829012393951416
3671 2.8079609870910645
3672 2.843888521194458
3673 2.6835286617279053
3674 2.5475733280181885
3675 2.5092904567718506
3676 2.6332435607910156
3677 2.743133544921875
3678 2.5807008743286133
3679 2.6079506874084473
3680 2.5668320655822754
3681 2.5951242446899414
3682 2.7882473468780518
3683 2.5614850521087646
3684 2.680043935775757
3685 2.6230216026306152
3686 2.618320941925049
3687 2.72896409034729
3688 2.4691741466522217
3689 2.4429354667663574
3690 2.518446922302246
3691 2.8534555435180664
3692 2.809366226196289
3693 2.542954206466675
3694 2.751096248626709
3695 2.746800661087036
3696 2.621032476425171
3697 2.553516387939453
3698 2.417534589767456
3699 2.7201523780822754
3700 2.516444206237793
3701 2.5588343143463135
3702 2.7110092639923096
3703 2.5846381187438965
3704 2.5160319805145264
3705 2.714693069458008
3706 2.6615092754364014
3707 2.542839288711548
3708 2.7241101264953613
3709 2.340588331222534
3710 2.6936144828796387
3711 2.6604297161102295
3712 2.7254703044891357
3713 2.9074862003326416
3714 2.6173923015594482
3715 2.666140556335449
3716 2.653430223464966
3717 2.7414472103118896
3718 2.6716361045837402
3719 2.5340089797973633
3720 2.5828657150268555
3721 2.718377113342285
3722 2.782331943511963
3723 2.646287441253662
3724 2.6756362915039062
3725 2.7378666400909424
3726 2.5645105838775635
3727 2.515594720840454
3728 2.4889755249023438
3729 2.6042943000793457
3730 2.690150737762451
3731 2.4459152221679688
3732 2.7818386554718018
3733 2.7789177894592285
3734 2.7116775512695312
3735 2.499056100845337
3736 2.5998237133026123
3737 2.552058696746826
3738 2.736150026321411
3739 2.5793933868408203
3740 2.4654200077056885
3741 2.612001657485962
3742 2.666567325592041
3743 2.7539072036743164
3744 2.7069990634918213
3745 2.7389800548553467
3746 2.8513505458831787
3747 2.784085750579834
3748 2.687561273574829
3749 2.6114583015441895
3750 2.4586682319641113
3751 2.681452751159668
3752 2.57572078704834
3753 2.626957416534424
3754 3.0399298667907715
3755 2.667402982711792
3756 2.6893527507781982
3757 2.599990129470825
3758 2.605238199234009
3759 2.9351439476013184
3760 2.879563808441162
3761 2.6140124797821045
3762 2.98336124420166
3763 2.6754941940307617
3764 2.782536268234253
3765 2.693368673324585
3766 2.62040376663208
3767 2.606327533721924
3768 2.9480679035186768
3769 2.81754207611084
3770 2.677373170852661
3771 2.5737435817718506
3772 2.5691206455230713
3773 2.998753070831299
3774 2.715602159500122
3775 2.6377065181732178
3776 2.617809295654297
3777 2.7757184505462646
3778 2.869091033935547
3779 3.096137285232544
3780 3.102329969406128
3781 2.736102819442749
3782 2.931025981903076
3783 2.8564255237579346
3784 2.8830113410949707
3785 2.898942470550537
3786 2.9305975437164307
3787 2.8556911945343018
3788 3.1770544052124023
3789 3.2339131832122803
3790 2.9021174907684326
3791 2.9141547679901123
3792 3.1309609413146973
3793 2.8450469970703125
3794 2.885190963745117
3795 2.93942928314209
3796 2.6852023601531982
3797 2.6668190956115723
3798 2.6998209953308105
3799 2.6298491954803467
3800 2.6212825775146484
3801 2.7259082794189453
3802 2.6228504180908203
3803 2.3924100399017334
3804 2.5854949951171875
3805 2.580495595932007
3806 2.6741034984588623
3807 2.5185928344726562
3808 2.6268129348754883
3809 2.6260299682617188
3810 2.633913040161133
3811 2.4317681789398193
3812 2.475645065307617
3813 2.3988285064697266
3814 2.86077618598938
3815 2.4831137657165527
3816 2.5395009517669678
3817 2.5068721771240234
3818 2.424968957901001
3819 2.524294137954712
3820 2.658500909805298
3821 2.571363925933838
3822 2.498284339904785
3823 2.5329580307006836
3824 2.399240732192993
3825 2.5814402103424072
3826 2.68082594871521
3827 2.4852843284606934
3828 2.542229175567627
3829 2.4384548664093018
3830 2.399233102798462
3831 2.568223714828491
3832 2.502776861190796
3833 2.4110019207000732
3834 2.4954981803894043
3835 2.5123512744903564
3836 2.324619770050049
3837 2.558523654937744
3838 2.4437336921691895
3839 2.5039241313934326
3840 2.6869983673095703
3841 2.4986071586608887
3842 2.7735235691070557
3843 2.6836774349212646
3844 2.697150468826294
3845 2.5318148136138916
3846 2.7609426975250244
3847 2.6070051193237305
3848 2.609208822250366
3849 2.574777841567993
3850 2.5630104541778564
3851 2.8220040798187256
3852 2.6591379642486572
3853 2.6976318359375
3854 2.465191602706909
3855 2.8679327964782715
3856 2.7863588333129883
3857 2.784907579421997
3858 2.648484945297241
3859 2.859348773956299
3860 2.676420211791992
3861 2.6161210536956787
3862 2.7820324897766113
3863 2.7923529148101807
3864 2.6589574813842773
3865 2.8466691970825195
3866 2.797116756439209
3867 2.6065847873687744
3868 2.6306426525115967
3869 2.8597469329833984
3870 2.768456220626831
3871 2.781604051589966
3872 2.734434127807617
3873 2.5584065914154053
3874 2.8341927528381348
3875 2.804145336151123
3876 2.7912333011627197
3877 2.798065662384033
3878 2.7239222526550293
3879 2.7337188720703125
3880 2.498844861984253
3881 2.7437548637390137
3882 2.4531116485595703
3883 2.9661319255828857
3884 2.7029733657836914
3885 2.6301698684692383
3886 2.6169281005859375
3887 2.5834243297576904
3888 2.646268606185913
3889 2.8043336868286133
3890 2.8204550743103027
3891 2.618878126144409
3892 2.6700820922851562
3893 2.71173095703125
3894 2.6338050365448
3895 2.7068023681640625
3896 2.784775972366333
3897 2.774315118789673
3898 2.595515489578247
3899 2.619701862335205
3900 2.9596970081329346
3901 2.6093411445617676
3902 2.660463809967041
3903 2.76893949508667
3904 2.6251025199890137
3905 2.839604139328003
3906 2.8915436267852783
3907 2.7149815559387207
3908 2.766282796859741
3909 2.7530927658081055
3910 2.6610329151153564
3911 2.9029252529144287
3912 2.618788003921509
3913 2.5476601123809814
3914 3.0151023864746094
3915 2.927661418914795
3916 2.9313700199127197
3917 3.1553125381469727
3918 2.870673179626465
3919 2.797057867050171
3920 2.8993725776672363
3921 2.9827637672424316
3922 2.6173861026763916
3923 2.6721749305725098
3924 2.6167471408843994
3925 2.8367981910705566
3926 2.8219826221466064
3927 2.9209847450256348
3928 2.8501150608062744
3929 2.6622347831726074
3930 2.8928518295288086
3931 3.134958505630493
3932 2.801464319229126
3933 2.651707172393799
3934 2.602487802505493
3935 2.5514376163482666
3936 2.638899326324463
3937 2.6012494564056396
3938 2.8740010261535645
3939 2.609393835067749
3940 2.4365243911743164
3941 2.6560218334198
3942 2.5662169456481934
3943 2.6211888790130615
3944 2.502464532852173
3945 2.525796890258789
3946 2.8549294471740723
3947 2.5210816860198975
3948 2.4641759395599365
3949 2.81345534324646
3950 2.5660080909729004
3951 2.781135082244873
3952 2.461423635482788
3953 2.6134631633758545
3954 2.89919376373291
3955 2.825516700744629
3956 2.4735684394836426
3957 2.497878313064575
3958 2.428720474243164
3959 2.5561110973358154
3960 2.6404991149902344
3961 2.710057497024536
3962 2.614840269088745
3963 2.455172300338745
3964 2.4356954097747803
3965 2.7127504348754883
3966 2.4413585662841797
3967 2.4923951625823975
3968 2.5225353240966797
3969 2.7128756046295166
3970 2.5356781482696533
3971 2.6033878326416016
3972 2.563896656036377
3973 2.564993143081665
3974 2.827329397201538
3975 2.7398862838745117
3976 2.538524866104126
3977 2.5740318298339844
3978 2.540011405944824
3979 2.5922281742095947
3980 2.474508285522461
3981 2.5929203033447266
3982 2.5856759548187256
3983 2.821997880935669
3984 2.59602427482605
3985 2.585630178451538
3986 2.5077764987945557
3987 2.920330762863159
3988 2.5426604747772217
3989 2.5243964195251465
3990 2.5944926738739014
3991 2.5783846378326416
3992 2.448396682739258
3993 2.854825496673584
3994 2.4906370639801025
3995 2.5809402465820312
3996 2.7813217639923096
3997 2.6098997592926025
3998 2.7493488788604736
3999 2.5513625144958496
4000 3.0063750743865967
4001 2.5442452430725098
4002 2.822770595550537
4003 2.5256729125976562
4004 2.7314107418060303
4005 2.7201285362243652
4006 3.0410311222076416
4007 2.835583209991455
4008 2.834212303161621
4009 2.8380863666534424
4010 2.8250174522399902
4011 3.0280556678771973
4012 2.712766408920288
4013 2.8174288272857666
4014 2.550767183303833
4015 2.6183083057403564
4016 2.5047311782836914
4017 2.5774168968200684
4018 2.534902572631836
4019 2.6111249923706055
4020 2.5671660900115967
4021 2.7451372146606445
4022 3.0227339267730713
4023 3.043238878250122
4024 2.9224252700805664
4025 3.0031731128692627
4026 2.7838099002838135
4027 2.841315746307373
4028 2.760232925415039
4029 2.7925164699554443
4030 2.8504302501678467
4031 2.7278435230255127
4032 2.964909791946411
4033 2.669668197631836
4034 2.753783702850342
4035 2.522333860397339
4036 2.86077618598938
4037 2.7784788608551025
4038 3.0150341987609863
4039 2.841822624206543
4040 2.7988405227661133
4041 2.8289740085601807
4042 2.6630876064300537
4043 2.69457745552063
4044 2.6021151542663574
4045 3.0414655208587646
4046 3.031332492828369
4047 2.8176729679107666
4048 2.881692886352539
4049 2.7665200233459473
4050 2.5641119480133057
4051 2.6318130493164062
4052 2.557889938354492
4053 2.589138984680176
4054 2.677126169204712
4055 2.764085292816162
4056 2.9293267726898193
4057 2.826341152191162
4058 2.772350311279297
4059 2.4546523094177246
4060 2.6725051403045654
4061 2.533736228942871
4062 2.6197195053100586
4063 2.517939567565918
4064 2.7319629192352295
4065 2.881965398788452
4066 2.7768032550811768
4067 2.9588887691497803
4068 2.8308892250061035
4069 3.022040367126465
4070 2.7748420238494873
4071 2.903221607208252
4072 2.80926775932312
4073 2.859794855117798
4074 2.713571071624756
4075 2.9164469242095947
4076 3.080613374710083
4077 2.6254093647003174
4078 2.6843807697296143
4079 2.6035218238830566
4080 2.763570785522461
4081 2.793148994445801
4082 2.7579708099365234
4083 3.03049373626709
4084 2.781078577041626
4085 2.5883255004882812
4086 2.8101553916931152
4087 2.4195284843444824
4088 2.423563241958618
4089 2.5718183517456055
4090 2.681483745574951
4091 2.681145668029785
4092 2.768414258956909
4093 2.7269320487976074
4094 2.699847936630249
4095 2.5750362873077393
4096 2.5801455974578857
4097 2.6289684772491455
4098 2.676429271697998
4099 2.6873085498809814
4100 2.655174732208252
4101 2.7018916606903076
4102 2.9985604286193848
4103 2.7756171226501465
4104 2.6991724967956543
4105 2.5268077850341797
4106 2.3858962059020996
4107 2.339432716369629
4108 2.39487361907959
4109 2.5810279846191406
4110 2.364325761795044
4111 2.373359441757202
4112 2.4952402114868164
4113 2.722743034362793
4114 2.6377573013305664
4115 2.572133779525757
4116 2.4541847705841064
4117 2.629472255706787
4118 2.3915181159973145
4119 2.4966635704040527
4120 2.465028762817383
4121 2.535951614379883
4122 2.4893064498901367
4123 2.5430119037628174
4124 2.576413154602051
4125 2.410862445831299
4126 2.615734338760376
4127 2.5598678588867188
4128 2.4657979011535645
4129 2.3979039192199707
4130 2.44069766998291
4131 2.586022138595581
4132 2.3324544429779053
4133 2.2902109622955322
4134 2.237217426300049
4135 2.500370740890503
4136 2.308743715286255
4137 2.3123278617858887
4138 2.203559160232544
4139 2.4346799850463867
4140 2.1708173751831055
4141 2.350461959838867
4142 2.311403751373291
4143 2.2741849422454834
4144 2.3674798011779785
4145 2.567504644393921
4146 2.3633711338043213
4147 2.1028389930725098
4148 2.2998616695404053
4149 2.44002103805542
4150 2.35953688621521
4151 2.5717971324920654
4152 2.337714910507202
4153 2.367462158203125
4154 2.1741936206817627
4155 2.440390110015869
4156 2.414443016052246
4157 2.3599741458892822
4158 2.2770299911499023
4159 2.310656785964966
4160 2.311063766479492
4161 2.39638090133667
4162 2.323242664337158
4163 2.2509615421295166
4164 2.3196756839752197
4165 2.6445436477661133
4166 2.4978058338165283
4167 2.3970892429351807
4168 2.475748062133789
4169 2.3983824253082275
4170 2.520293951034546
4171 2.7393672466278076
4172 2.671442985534668
4173 2.8130857944488525
4174 2.4899303913116455
4175 2.404496192932129
4176 2.562501907348633
4177 2.8977742195129395
4178 2.617828845977783
4179 2.554288148880005
4180 2.316619873046875
4181 2.4579384326934814
4182 2.594722270965576
4183 2.4071505069732666
4184 2.4451019763946533
4185 2.512256383895874
4186 2.5316390991210938
4187 2.691246271133423
4188 2.479231357574463
4189 2.7153050899505615
4190 2.4281795024871826
4191 2.490865468978882
4192 2.451756715774536
4193 2.692173957824707
4194 2.3878140449523926
4195 2.7450125217437744
4196 2.6385998725891113
4197 2.838804006576538
4198 2.7261602878570557
4199 2.771319627761841
4200 2.514054775238037
4201 2.602648973464966
4202 2.5526933670043945
4203 2.4888792037963867
4204 2.448547124862671
4205 2.601454973220825
4206 2.555276393890381
4207 2.3398654460906982
4208 2.330382823944092
4209 2.284304618835449
4210 2.5255258083343506
4211 2.324632406234741
4212 2.4836924076080322
4213 2.5101404190063477
4214 2.6551826000213623
4215 2.5760557651519775
4216 2.4471993446350098
4217 2.539254903793335
4218 2.6005699634552
4219 2.634037733078003
4220 2.5643224716186523
4221 2.739666700363159
4222 2.480851650238037
4223 2.289684534072876
4224 2.455502986907959
4225 2.5534536838531494
4226 2.4664316177368164
4227 2.656553268432617
4228 2.4891629219055176
4229 2.514580249786377
4230 2.575084924697876
4231 2.482198476791382
4232 2.8003835678100586
4233 2.2191503047943115
4234 2.6737937927246094
4235 2.611785888671875
4236 2.4990971088409424
4237 2.7602181434631348
4238 2.62024188041687
4239 2.5119495391845703
4240 2.5819246768951416
4241 2.463134765625
4242 2.516730308532715
4243 2.5980193614959717
4244 2.7873189449310303
4245 2.6009061336517334
4246 2.5713443756103516
4247 2.9720396995544434
4248 2.528531789779663
4249 2.346421241760254
4250 2.7294960021972656
4251 2.82330584526062
4252 2.5668270587921143
4253 2.672379732131958
4254 2.794755458831787
4255 2.442012310028076
4256 2.6359915733337402
4257 2.530125856399536
4258 2.4966306686401367
4259 2.595961093902588
4260 2.577000617980957
4261 2.720064878463745
4262 2.7791225910186768
4263 2.446601390838623
4264 2.255833625793457
4265 2.569608688354492
4266 2.544861078262329
4267 2.698251962661743
4268 2.4718048572540283
4269 2.1315553188323975
4270 2.402381181716919
4271 2.386535167694092
4272 2.517216682434082
4273 2.5344536304473877
4274 2.532822847366333
4275 2.326200008392334
4276 2.4800899028778076
4277 2.469888925552368
4278 2.595787286758423
4279 2.59604811668396
4280 2.596820831298828
4281 2.596967935562134
4282 2.6064507961273193
4283 2.5908985137939453
4284 2.7148735523223877
4285 2.8031883239746094
4286 2.307736873626709
4287 2.423621654510498
4288 2.7031302452087402
4289 2.6339023113250732
4290 2.5455915927886963
4291 2.608311891555786
4292 2.3038485050201416
4293 2.1786086559295654
4294 2.4156763553619385
4295 2.5263092517852783
4296 2.427851915359497
4297 2.4238007068634033
4298 2.25791072845459
4299 2.6803345680236816
4300 2.8069357872009277
4301 2.4186506271362305
4302 2.4265873432159424
4303 2.6200852394104004
4304 2.334900140762329
4305 2.714169979095459
4306 2.6689939498901367
4307 2.8764331340789795
4308 2.881767988204956
4309 2.581818103790283
4310 2.3584680557250977
4311 2.3816606998443604
4312 2.4029934406280518
4313 2.4264132976531982
4314 2.638608694076538
4315 2.540842056274414
4316 2.428501605987549
4317 2.218477249145508
4318 2.6792984008789062
4319 2.562566041946411
4320 2.5684874057769775
4321 2.4229941368103027
4322 2.4006540775299072
4323 2.605207681655884
4324 2.421311140060425
4325 2.306805372238159
4326 2.400585889816284
4327 2.4646694660186768
4328 2.3363029956817627
4329 2.488865613937378
4330 2.6605660915374756
4331 2.359452724456787
4332 2.6037356853485107
4333 2.703610897064209
4334 2.6067914962768555
4335 2.6695501804351807
4336 2.5840985774993896
4337 2.665364980697632
4338 2.483215808868408
4339 2.518336772918701
4340 2.4123029708862305
4341 2.4865236282348633
4342 2.633040189743042
4343 2.2475109100341797
4344 2.624309778213501
4345 2.70241117477417
4346 2.5274665355682373
4347 2.270205020904541
4348 2.730943441390991
4349 2.630624771118164
4350 2.29196834564209
4351 2.581395149230957
4352 2.495182991027832
4353 2.4444332122802734
4354 2.4508306980133057
4355 2.518569231033325
4356 2.3645291328430176
4357 2.8462722301483154
4358 2.6661922931671143
4359 2.5496420860290527
4360 2.714660882949829
4361 2.5312325954437256
4362 2.8312695026397705
4363 2.5641603469848633
4364 3.0286786556243896
4365 2.6096036434173584
4366 2.4806771278381348
4367 2.692511796951294
4368 2.7255139350891113
4369 2.4886584281921387
4370 2.601425886154175
4371 2.5635340213775635
4372 2.53182053565979
4373 2.5415287017822266
4374 2.5338797569274902
4375 2.4103589057922363
4376 2.548929452896118
4377 2.4858274459838867
4378 2.36380672454834
4379 2.2090651988983154
4380 2.440916061401367
4381 2.40547776222229
4382 2.5159976482391357
4383 2.3594017028808594
4384 2.7368290424346924
4385 2.5818793773651123
4386 2.540783643722534
4387 2.59519624710083
4388 2.8231749534606934
4389 2.878485679626465
4390 2.6721956729888916
4391 2.6077637672424316
4392 2.4985923767089844
4393 2.5382111072540283
4394 2.6855854988098145
4395 2.3069674968719482
4396 2.5283615589141846
4397 2.461998224258423
4398 2.741642475128174
4399 2.682316541671753
4400 2.6004981994628906
4401 2.563429832458496
4402 2.5447916984558105
4403 2.4702610969543457
4404 2.463247776031494
4405 2.540599822998047
4406 2.6080546379089355
4407 2.638329029083252
4408 2.5093531608581543
4409 2.350985050201416
4410 2.7423129081726074
4411 2.7380383014678955
4412 2.8292722702026367
4413 2.532907247543335
4414 2.686107873916626
4415 2.5336759090423584
4416 2.667348861694336
4417 2.475245714187622
4418 2.4514403343200684
4419 2.682302474975586
4420 2.671729564666748
4421 2.7812538146972656
4422 2.5928852558135986
4423 2.6833407878875732
4424 2.4483540058135986
4425 2.9782073497772217
4426 3.0142674446105957
4427 2.7138116359710693
4428 2.887683629989624
4429 2.834303379058838
4430 2.91308331489563
4431 2.8964967727661133
4432 2.9518232345581055
4433 2.795940399169922
4434 2.7542996406555176
4435 2.7227470874786377
4436 2.655477285385132
4437 2.751920223236084
4438 2.5248172283172607
4439 2.921665906906128
4440 2.641965389251709
4441 2.868516445159912
4442 2.7403011322021484
4443 2.74025821685791
4444 2.868922233581543
4445 2.8716917037963867
4446 2.90010142326355
4447 2.987030267715454
4448 2.7722885608673096
4449 2.6374621391296387
4450 2.711890935897827
4451 2.7269275188446045
4452 2.7038984298706055
4453 2.494394540786743
4454 2.4704182147979736
4455 2.593597412109375
4456 2.7648720741271973
4457 2.7329494953155518
4458 2.663187265396118
4459 2.668241262435913
4460 2.706101179122925
4461 2.7754173278808594
4462 2.7086093425750732
4463 2.6008217334747314
4464 2.845075845718384
4465 2.8665366172790527
4466 2.6960859298706055
4467 2.8926632404327393
4468 2.773878812789917
4469 2.696817636489868
4470 2.7209596633911133
4471 2.6911838054656982
4472 2.676267385482788
4473 2.860349178314209
4474 2.6628456115722656
4475 2.7109732627868652
4476 2.6794815063476562
4477 2.9580726623535156
4478 2.9428553581237793
4479 2.7356364727020264
4480 2.7734272480010986
4481 2.547924757003784
4482 2.5595309734344482
4483 2.7536702156066895
4484 2.7366864681243896
4485 2.6631829738616943
4486 2.747819423675537
4487 2.9183602333068848
4488 2.9175524711608887
4489 2.8384368419647217
4490 2.8449110984802246
4491 2.759287118911743
4492 2.7705323696136475
4493 2.568906545639038
4494 2.733876943588257
4495 2.71962571144104
4496 2.7992565631866455
4497 2.8160252571105957
4498 2.8599228858947754
4499 2.7753422260284424
4500 2.8550806045532227
4501 2.788153886795044
4502 2.993119239807129
4503 2.963340997695923
4504 2.638497829437256
4505 2.7704930305480957
4506 2.747079849243164
4507 2.9281015396118164
4508 2.7164320945739746
4509 2.5938148498535156
4510 2.5956828594207764
4511 2.738677740097046
4512 2.6781368255615234
4513 2.737417697906494
4514 2.7108190059661865
4515 2.801856279373169
4516 2.9330356121063232
4517 2.977569341659546
4518 2.7083683013916016
4519 2.8534774780273438
4520 2.7205700874328613
4521 2.8418664932250977
4522 2.659066677093506
4523 2.6736159324645996
4524 2.9055726528167725
4525 2.9984517097473145
4526 2.709641933441162
4527 2.729281425476074
4528 2.8017706871032715
4529 2.618044137954712
4530 2.395191192626953
4531 2.719372034072876
4532 2.4800727367401123
4533 2.690274715423584
4534 2.3567233085632324
4535 2.556674003601074
4536 2.385904312133789
4537 2.5255327224731445
4538 2.5386040210723877
4539 2.523155927658081
4540 2.498033046722412
4541 2.7249667644500732
4542 2.5765552520751953
4543 2.7297134399414062
4544 2.5571014881134033
4545 2.6853187084198
4546 2.4524147510528564
4547 2.7922539710998535
4548 2.4559590816497803
4549 2.3825554847717285
4550 2.412729024887085
4551 2.4205000400543213
4552 2.6058590412139893
4553 2.7541584968566895
4554 2.516395092010498
4555 2.654930591583252
4556 2.841533660888672
4557 2.7214395999908447
4558 2.537053346633911
4559 2.8566582202911377
4560 2.5271477699279785
4561 2.2917401790618896
4562 2.578701972961426
4563 2.6629230976104736
4564 2.544548749923706
4565 2.5114965438842773
4566 2.6578168869018555
4567 2.5973713397979736
4568 2.3664283752441406
4569 2.503995895385742
4570 2.340388536453247
4571 2.35723614692688
4572 2.50294828414917
4573 2.3247132301330566
4574 2.246629476547241
4575 2.3133456707000732
4576 2.34525990486145
4577 2.5277791023254395
4578 2.5871756076812744
4579 2.3602046966552734
4580 2.3854825496673584
4581 2.5380356311798096
4582 2.5683727264404297
4583 2.58132266998291
4584 2.6655619144439697
4585 2.3602852821350098
4586 2.5023767948150635
4587 2.4117228984832764
4588 2.2945783138275146
4589 2.4619088172912598
4590 2.2289469242095947
4591 2.3334286212921143
4592 2.4372596740722656
4593 2.4378037452697754
4594 2.5927791595458984
4595 2.4064126014709473
4596 2.2593836784362793
4597 2.557323932647705
4598 2.271777868270874
4599 2.45386004447937
4600 2.2959446907043457
4601 2.387460231781006
4602 2.4431354999542236
4603 2.2684874534606934
4604 2.3628792762756348
4605 2.4874179363250732
4606 2.3510286808013916
4607 2.547874689102173
4608 2.4312756061553955
4609 2.133317470550537
4610 2.366499185562134
4611 2.3978288173675537
4612 2.3560659885406494
4613 2.472717761993408
4614 2.510679244995117
4615 2.4632935523986816
4616 2.4924182891845703
4617 2.4301347732543945
4618 2.517246961593628
4619 2.6227638721466064
4620 2.619056463241577
4621 2.5478403568267822
4622 2.384053945541382
4623 2.4174540042877197
4624 2.505045175552368
4625 2.5709519386291504
4626 2.397801399230957
4627 2.595817804336548
4628 2.5815374851226807
4629 2.443263530731201
4630 2.2503468990325928
4631 2.35776686668396
4632 2.435077667236328
4633 2.3576085567474365
4634 2.3188657760620117
4635 2.4703800678253174
4636 2.4166040420532227
4637 2.451854705810547
4638 2.509052038192749
4639 2.573992967605591
4640 2.31803035736084
4641 2.3691039085388184
4642 2.3040530681610107
4643 2.340237855911255
4644 2.3174540996551514
4645 2.429616689682007
4646 2.452924966812134
4647 2.333688974380493
4648 2.331789255142212
4649 2.463550090789795
4650 2.594672203063965
4651 2.5777599811553955
4652 2.3823466300964355
4653 2.6233773231506348
4654 2.6064066886901855
4655 2.789971113204956
4656 2.5152952671051025
4657 2.4580390453338623
4658 2.622415781021118
4659 2.631714105606079
4660 2.775763750076294
4661 2.451568603515625
4662 2.401242971420288
4663 2.5598840713500977
4664 2.42207670211792
4665 2.5781049728393555
4666 2.5644376277923584
4667 2.3759849071502686
4668 2.6486728191375732
4669 2.5520832538604736
4670 2.59022855758667
4671 2.412438154220581
4672 2.508906841278076
4673 2.500688314437866
4674 2.356379747390747
4675 2.2696518898010254
4676 2.260772705078125
4677 2.3366811275482178
4678 2.4578397274017334
4679 2.517305612564087
4680 2.6576309204101562
4681 2.507796049118042
4682 2.5749247074127197
4683 2.5608389377593994
4684 2.5784993171691895
4685 2.761713981628418
4686 2.7302639484405518
4687 2.5732104778289795
4688 2.4972400665283203
4689 2.619049310684204
4690 2.6405861377716064
4691 2.519773483276367
4692 2.5975990295410156
4693 2.250385046005249
4694 2.4049689769744873
4695 2.626659393310547
4696 2.3395073413848877
4697 2.59755802154541
4698 2.6976540088653564
4699 2.759665012359619
4700 2.6338016986846924
4701 2.691495895385742
4702 2.538565158843994
4703 2.6498568058013916
4704 2.5315165519714355
4705 2.4851808547973633
4706 2.4069271087646484
4707 2.4489364624023438
4708 2.4042928218841553
4709 2.584479570388794
4710 2.4930927753448486
4711 2.5399434566497803
4712 2.558927536010742
4713 2.3993585109710693
4714 2.4154348373413086
4715 2.6443183422088623
4716 2.4612443447113037
4717 2.5213963985443115
4718 2.503355026245117
4719 2.3714728355407715
4720 2.431877851486206
4721 2.4654030799865723
4722 2.3522000312805176
4723 2.4549038410186768
4724 2.4087846279144287
4725 2.4388749599456787
4726 2.447535514831543
4727 2.220562696456909
4728 2.3489091396331787
4729 2.310091018676758
4730 2.1238107681274414
4731 2.4725522994995117
4732 2.3696908950805664
4733 2.4768741130828857
4734 2.568955183029175
4735 2.4041972160339355
4736 2.5807738304138184
4737 2.61183500289917
4738 2.439595937728882
4739 2.9280309677124023
4740 2.5740623474121094
4741 2.434917449951172
4742 2.497864246368408
4743 2.475346803665161
4744 2.6150577068328857
4745 2.5300464630126953
4746 2.5335047245025635
4747 2.59608793258667
4748 2.3468666076660156
4749 2.3071155548095703
4750 2.5769412517547607
4751 2.6156976222991943
4752 2.3666155338287354
4753 2.3552145957946777
4754 2.3216681480407715
4755 2.5831239223480225
4756 2.4689528942108154
4757 2.6547324657440186
4758 2.694742441177368
4759 2.476468801498413
4760 2.7348902225494385
4761 2.7671737670898438
4762 2.680652618408203
4763 2.580631971359253
4764 2.474642753601074
4765 2.6491446495056152
4766 2.687195301055908
4767 2.620288610458374
4768 2.491116762161255
4769 2.762202501296997
4770 2.5247347354888916
4771 2.2377357482910156
4772 2.721813917160034
4773 2.5080623626708984
4774 2.6015005111694336
4775 2.461719036102295
4776 2.7966299057006836
4777 2.5458180904388428
4778 2.5956735610961914
4779 2.435683250427246
4780 2.3493990898132324
4781 2.3871824741363525
4782 2.582270383834839
4783 2.784743070602417
4784 2.5243725776672363
4785 2.364753246307373
4786 2.2969272136688232
4787 2.229287624359131
4788 2.6085760593414307
4789 2.5393850803375244
4790 2.245363473892212
4791 2.4352333545684814
4792 2.509394884109497
4793 2.5027971267700195
4794 2.544017791748047
4795 2.307584285736084
4796 2.509823799133301
4797 2.508323907852173
4798 2.62518048286438
4799 2.711838960647583
4800 2.6367225646972656
4801 2.711423397064209
4802 2.4713261127471924
4803 2.8006479740142822
4804 2.5744926929473877
4805 2.71299147605896
4806 2.829751491546631
4807 2.6464271545410156
4808 2.8223345279693604
4809 2.7844929695129395
4810 2.544964075088501
4811 2.6937432289123535
4812 2.533513069152832
4813 2.6825366020202637
4814 2.657764434814453
4815 2.3379242420196533
4816 2.907410144805908
4817 2.4674830436706543
4818 2.526439666748047
4819 2.49839186668396
4820 2.5463266372680664
4821 2.5873284339904785
4822 2.5187103748321533
4823 2.5966098308563232
4824 2.509246587753296
4825 2.8093013763427734
4826 2.509699821472168
4827 2.4428277015686035
4828 2.34964656829834
4829 2.4731454849243164
4830 2.364321708679199
4831 2.524940013885498
4832 2.7471065521240234
4833 2.5439162254333496
4834 2.533358097076416
4835 2.3964812755584717
4836 2.5569114685058594
4837 2.489006996154785
4838 2.503535270690918
4839 2.3824868202209473
4840 2.519859552383423
4841 2.5041632652282715
4842 2.4124913215637207
4843 2.467517375946045
4844 2.4999470710754395
4845 2.304419994354248
4846 2.6258432865142822
4847 2.544177293777466
4848 2.517991065979004
4849 2.627157688140869
4850 2.456439971923828
4851 2.490328073501587
4852 2.548204183578491
4853 2.6123194694519043
4854 2.5820510387420654
4855 2.464237689971924
4856 2.539290189743042
4857 2.4850080013275146
4858 2.477468252182007
4859 2.202857494354248
4860 2.429826498031616
4861 2.5623836517333984
4862 2.430568218231201
4863 2.670220375061035
4864 2.654463529586792
4865 2.453716278076172
4866 2.381615161895752
4867 2.538123846054077
4868 2.286862850189209
4869 2.262488842010498
4870 2.4190568923950195
4871 2.4631898403167725
4872 2.3744664192199707
4873 2.7256197929382324
4874 2.95324969291687
4875 2.956075668334961
4876 2.6682956218719482
4877 2.756136417388916
4878 2.4707233905792236
4879 2.489408493041992
4880 2.501702070236206
4881 2.558305501937866
4882 2.288512706756592
4883 2.2145116329193115
4884 2.4544713497161865
4885 2.520679235458374
4886 2.35860538482666
4887 2.3809847831726074
4888 2.4923477172851562
4889 2.4524965286254883
4890 2.5842528343200684
4891 2.607759714126587
4892 2.628124475479126
4893 2.514766216278076
4894 2.585752248764038
4895 2.4448819160461426
4896 2.406942367553711
4897 2.3011820316314697
4898 2.4158549308776855
4899 2.448009490966797
4900 2.425729990005493
4901 2.3281819820404053
4902 2.0676791667938232
4903 2.24924635887146
4904 2.5050930976867676
4905 2.5185651779174805
4906 2.4138102531433105
4907 2.522388458251953
4908 2.461286783218384
4909 2.586904287338257
4910 2.642975330352783
4911 2.426121711730957
4912 2.508197546005249
4913 2.4031131267547607
4914 2.5030200481414795
4915 2.2943403720855713
4916 2.5049941539764404
4917 2.3413400650024414
4918 2.555281162261963
4919 2.6162590980529785
4920 2.6531057357788086
4921 2.535818576812744
4922 2.5976765155792236
4923 2.641749143600464
4924 2.340259313583374
4925 2.491054058074951
4926 2.459336757659912
4927 2.6588778495788574
4928 2.8263914585113525
4929 2.6245574951171875
4930 2.394582986831665
4931 2.5325067043304443
4932 2.5414845943450928
4933 2.8929827213287354
4934 2.7377541065216064
4935 2.6028032302856445
4936 2.479949712753296
4937 2.4602246284484863
4938 2.4846158027648926
4939 2.433992624282837
4940 2.506802797317505
4941 2.737077474594116
4942 2.8225722312927246
4943 2.4626760482788086
4944 2.5706846714019775
4945 2.338193893432617
4946 2.502614974975586
4947 2.536970853805542
4948 2.4015839099884033
4949 2.4089672565460205
4950 2.4396986961364746
4951 2.4771828651428223
4952 2.4123072624206543
4953 2.5100889205932617
4954 2.441009521484375
4955 2.5981333255767822
4956 2.596614360809326
4957 2.7174694538116455
4958 2.641796827316284
4959 2.5407333374023438
4960 2.57993745803833
4961 2.425100564956665
4962 2.5680994987487793
4963 2.6937170028686523
4964 2.5014631748199463
4965 2.531140089035034
4966 2.8733608722686768
4967 2.4388303756713867
4968 2.536086320877075
4969 2.661910057067871
4970 2.5158023834228516
4971 2.617011070251465
4972 2.7395384311676025
4973 2.237581968307495
4974 2.649998903274536
4975 2.6328186988830566
4976 2.2937042713165283
4977 2.5978195667266846
4978 2.660820722579956
4979 2.7042343616485596
4980 2.789686441421509
4981 2.4694197177886963
4982 2.329188108444214
4983 2.5626866817474365
4984 2.5603108406066895
4985 2.4743363857269287
4986 2.5875790119171143
4987 2.4988327026367188
4988 2.6398472785949707
4989 2.554565668106079
4990 2.650202751159668
4991 2.2948122024536133
4992 2.609872341156006
4993 2.480743408203125
4994 2.6592323780059814
4995 2.4750900268554688
4996 2.3387370109558105
4997 2.4685258865356445
4998 2.483887195587158
4999 2.3830599784851074
5000 2.6415042877197266
5001 2.4822182655334473

