
1 1.682407021522522
2 1.6527351140975952
3 1.7361230850219727
4 1.8683327436447144
5 1.8170530796051025
6 1.4671647548675537
7 1.9049798250198364
8 1.922106146812439
9 2.129098653793335
10 1.7817418575286865
11 2.0523054599761963
12 2.023301839828491
13 2.197659730911255
14 1.7707806825637817
15 1.650424599647522
16 1.658049464225769
17 1.8587626218795776
18 2.0102450847625732
19 2.161508321762085
20 2.0202503204345703
21 2.182997703552246
22 2.487454414367676
23 2.3317885398864746
24 2.4096438884735107
25 2.2269959449768066
26 2.098661184310913
27 2.381326675415039
28 2.0275392532348633
29 2.3696460723876953
30 2.389005184173584
31 2.575375556945801
32 2.3813438415527344
33 2.2939209938049316
34 2.3288450241088867
35 2.406691789627075
36 2.3751168251037598
37 2.3179080486297607
38 2.523001194000244
39 2.4674415588378906
40 2.312147855758667
41 2.5377438068389893
42 2.3147401809692383
43 2.4002630710601807
44 2.3016793727874756
45 2.3044514656066895
46 2.050539255142212
47 2.0894269943237305
48 2.1247341632843018
49 2.1448254585266113
50 2.1053760051727295
51 2.104783296585083
52 2.435558319091797
53 2.136664867401123
54 2.2292401790618896
55 2.247901201248169
56 2.2661678791046143
57 2.4998679161071777
58 2.35636568069458
59 2.523883819580078
60 2.425438165664673
61 2.4309279918670654
62 2.63989520072937
63 2.704767942428589
64 2.580500364303589
65 2.571044683456421
66 2.508714437484741
67 2.3922388553619385
68 2.493816375732422
69 2.324380397796631
70 2.4642014503479004
71 2.5492608547210693
72 2.6948254108428955
73 2.517657518386841
74 2.6664249897003174
75 2.4770424365997314
76 2.693171977996826
77 2.5530200004577637
78 2.6639199256896973
79 2.532475233078003
80 2.6704275608062744
81 2.4401791095733643
82 2.650606393814087
83 2.7261178493499756
84 2.450289726257324
85 2.4387855529785156
86 2.6679563522338867
87 2.6771421432495117
88 2.488290786743164
89 2.9385833740234375
90 3.111717700958252
91 2.9585633277893066
92 2.9252285957336426
93 3.0249361991882324
94 2.870663642883301
95 2.73419451713562
96 2.8781936168670654
97 3.081747531890869
98 2.9304275512695312
99 2.8705129623413086
100 2.807363271713257
101 2.9619762897491455
102 2.8409430980682373
103 2.5728297233581543
104 2.6426241397857666
105 2.8441877365112305
106 2.9952552318573
107 2.9076132774353027
108 2.972167730331421
109 2.7858328819274902
110 2.988590955734253
111 2.9408090114593506
112 2.8919155597686768
113 3.1773674488067627
114 2.892761468887329
115 2.899264097213745
116 2.9403302669525146
117 2.744616985321045
118 2.797288179397583
119 2.753767251968384
120 2.843463182449341
121 3.0077590942382812
122 2.8192100524902344
123 2.997347831726074
124 2.790414333343506
125 2.795639753341675
126 2.835178852081299
127 2.8423311710357666
128 2.8324553966522217
129 2.9581692218780518
130 2.8585073947906494
131 2.748368978500366
132 3.02754545211792
133 3.0560154914855957
134 2.8667948246002197
135 2.8016245365142822
136 3.11253023147583
137 2.809785842895508
138 2.7989351749420166
139 2.653775215148926
140 2.753727436065674
141 2.7102692127227783
142 2.574561595916748
143 2.6638998985290527
144 2.906325101852417
145 3.182215690612793
146 2.7441372871398926
147 3.03672194480896
148 2.900441884994507
149 3.062929391860962
150 3.0404481887817383
151 2.8574705123901367
152 3.059575319290161
153 2.926590919494629
154 2.8573551177978516
155 3.157165288925171
156 2.9143898487091064
157 3.0702524185180664
158 2.7716004848480225
159 2.861682415008545
160 3.0511937141418457
161 3.0184316635131836
162 2.826425313949585
163 3.2909698486328125
164 3.115387201309204
165 2.9659924507141113
166 2.9677622318267822
167 3.1515347957611084
168 3.0619418621063232
169 3.419710159301758
170 3.0370612144470215
171 3.09468412399292
172 3.103684663772583
173 3.294755697250366
174 2.8685495853424072
175 2.9198927879333496
176 2.875190019607544
177 2.916440725326538
178 2.4853241443634033
179 2.9082939624786377
180 2.8145079612731934
181 2.7007923126220703
182 2.9214582443237305
183 3.0589747428894043
184 3.090094804763794
185 2.9585351943969727
186 2.662982702255249
187 3.0325374603271484
188 3.02201771736145
189 3.1408090591430664
190 3.097599744796753
191 2.938473701477051
192 3.017324447631836
193 3.1390833854675293
194 3.0147156715393066
195 3.1228749752044678
196 3.214798927307129
197 2.8774938583374023
198 2.8874077796936035
199 2.7967445850372314
200 2.7854855060577393
201 2.8476076126098633
202 2.8717963695526123
203 3.105786085128784
204 3.034149646759033
205 2.91437029838562
206 2.955040216445923
207 2.871738910675049
208 2.918736696243286
209 2.865326404571533
210 2.9503085613250732
211 2.967048168182373
212 2.8764736652374268
213 2.8884193897247314
214 2.8857338428497314
215 2.9575905799865723
216 2.912609100341797
217 3.0693917274475098
218 2.987976312637329
219 2.7484986782073975
220 2.9168477058410645
221 2.624142646789551
222 2.881824254989624
223 3.011464834213257
224 2.957115411758423
225 2.9164273738861084
226 2.942601203918457
227 2.9542622566223145
228 2.890573740005493
229 2.886760950088501
230 2.694575309753418
231 2.5054855346679688
232 2.831652879714966
233 2.7563023567199707
234 2.9839770793914795
235 2.931973695755005
236 2.7665090560913086
237 2.7283897399902344
238 2.8756375312805176
239 2.6456139087677
240 2.686901569366455
241 2.8636186122894287
242 2.750194549560547
243 2.7847812175750732
244 2.5834319591522217
245 2.7517776489257812
246 2.78080153465271
247 2.9712061882019043
248 2.8585665225982666
249 2.9511523246765137
250 3.026026725769043
251 3.0562593936920166
252 2.810741901397705
253 3.0784735679626465
254 2.788078546524048
255 2.662515640258789
256 2.7843635082244873
257 2.7874746322631836
258 2.6468138694763184
259 2.725963592529297
260 2.950923204421997
261 2.7377541065216064
262 2.6194217205047607
263 2.6538891792297363
264 2.5952987670898438
265 2.888718605041504
266 2.693505048751831
267 2.7421908378601074
268 2.6992645263671875
269 2.9028425216674805
270 3.0977087020874023
271 2.6754708290100098
272 2.721928119659424
273 2.856194257736206
274 2.7234129905700684
275 2.894056558609009
276 2.8105239868164062
277 2.5608017444610596
278 2.5251712799072266
279 2.907526731491089
280 2.68674635887146
281 2.37323260307312
282 2.769214630126953
283 2.950085401535034
284 2.713428020477295
285 2.8486135005950928
286 3.150447130203247
287 2.9473962783813477
288 2.846436023712158
289 2.6130974292755127
290 2.7756495475769043
291 2.5549418926239014
292 2.792219877243042
293 2.6873559951782227
294 2.83450984954834
295 2.994746446609497
296 2.7372653484344482
297 2.8530681133270264
298 3.0463855266571045
299 2.942439317703247
300 3.0163145065307617
301 2.915306329727173
302 3.0324389934539795
303 2.779791831970215
304 2.807455539703369
305 2.8830268383026123
306 2.9186294078826904
307 3.142550230026245
308 3.086618185043335
309 2.8797214031219482
310 2.9269397258758545
311 2.910691261291504
312 2.7206289768218994
313 3.1196775436401367
314 2.8947620391845703
315 2.84233021736145
316 2.8480875492095947
317 2.942115068435669
318 2.849409580230713
319 2.9809494018554688
320 2.834308624267578
321 2.9424028396606445
322 2.8727502822875977
323 3.067154884338379
324 2.8375847339630127
325 3.0327675342559814
326 2.7952258586883545
327 2.796212911605835
328 2.6284737586975098
329 2.981424331665039
330 3.019876480102539
331 2.966395854949951
332 2.9227116107940674
333 2.8743598461151123
334 2.8723948001861572
335 3.2935564517974854
336 3.220609426498413
337 3.055234670639038
338 2.955575466156006
339 2.809581756591797
340 2.8254013061523438
341 2.9805996417999268
342 2.8941972255706787
343 2.8566195964813232
344 3.209630012512207
345 2.903886556625366
346 2.9043095111846924
347 2.888410806655884
348 2.8912363052368164
349 2.70953631401062
350 2.9086575508117676
351 3.010594367980957
352 3.221282482147217
353 3.280078411102295
354 3.037273645401001
355 2.919088363647461
356 2.6765987873077393
357 2.6233770847320557
358 2.777378559112549
359 2.669128179550171
360 2.7053449153900146
361 2.6212422847747803
362 2.605644941329956
363 2.8272135257720947
364 2.831735610961914
365 2.908979654312134
366 2.817523241043091
367 2.7406253814697266
368 2.614551544189453
369 2.6315200328826904
370 2.870849847793579
371 2.8049674034118652
372 2.6650800704956055
373 2.8065078258514404
374 2.869093418121338
375 2.6237223148345947
376 2.6553235054016113
377 2.7319910526275635
378 2.7367074489593506
379 2.680927276611328
380 2.774736166000366
381 2.8534350395202637
382 2.744506597518921
383 2.855985641479492
384 2.8991856575012207
385 2.953138828277588
386 2.5940966606140137
387 2.731273889541626
388 2.7510340213775635
389 2.8194594383239746
390 2.834469795227051
391 2.6303470134735107
392 2.718874931335449
393 2.7888190746307373
394 2.76646089553833
395 2.555609703063965
396 2.722769260406494
397 2.6296944618225098
398 2.513338327407837
399 2.620525598526001
400 2.7654073238372803
401 2.7357780933380127
402 2.6605918407440186
403 2.9638211727142334
404 2.682101249694824
405 2.668635845184326
406 2.9236741065979004
407 2.9874038696289062
408 2.993314266204834
409 3.0495564937591553
410 2.925457000732422
411 2.9623146057128906
412 2.8815555572509766
413 2.7145862579345703
414 2.8416121006011963
415 3.186311721801758
416 3.436230182647705
417 3.092258930206299
418 2.901366710662842
419 2.8455042839050293
420 2.494575023651123
421 2.7881534099578857
422 3.19026255607605
423 3.1241331100463867
424 2.854834794998169
425 3.0257816314697266
426 3.030421495437622
427 2.710885524749756
428 2.816368818283081
429 2.9701108932495117
430 2.763014078140259
431 2.8765816688537598
432 2.9495530128479004
433 2.8115859031677246
434 2.68464994430542
435 2.5988094806671143
436 2.723238706588745
437 2.835134506225586
438 2.8249220848083496
439 2.6641314029693604
440 2.610412120819092
441 2.676173210144043
442 2.646138906478882
443 2.799736499786377
444 2.689791440963745
445 2.8417696952819824
446 3.0273284912109375
447 2.9025275707244873
448 2.9991579055786133
449 2.8741471767425537
450 2.7762258052825928
451 3.0058350563049316
452 2.851412773132324
453 2.629591226577759
454 2.8828463554382324
455 3.049881935119629
456 2.9903435707092285
457 2.945803642272949
458 3.146653175354004
459 2.8950393199920654
460 2.8051669597625732
461 2.9862942695617676
462 2.792464256286621
463 2.867253065109253
464 2.713593006134033
465 2.8614161014556885
466 2.6618900299072266
467 2.9057538509368896
468 2.759387731552124
469 2.720628261566162
470 2.8151214122772217
471 2.683382034301758
472 2.551192045211792
473 2.589421033859253
474 2.419102907180786
475 2.487185478210449
476 2.576874256134033
477 2.6799895763397217
478 2.7309868335723877
479 3.0134944915771484
480 2.5351364612579346
481 2.500154733657837
482 2.555086135864258
483 2.576432466506958
484 2.764446496963501
485 2.9302024841308594
486 2.6431262493133545
487 2.759399890899658
488 2.9439196586608887
489 2.995582103729248
490 2.89650821685791
491 3.07489275932312
492 3.021059513092041
493 2.8411340713500977
494 2.9501712322235107
495 3.0158495903015137
496 2.979550361633301
497 3.101987361907959
498 3.0058062076568604
499 2.9243004322052
500 2.8600516319274902
501 2.8380401134490967
502 3.1713314056396484
503 2.9620120525360107
504 2.771944284439087
505 2.7733895778656006
506 2.5991926193237305
507 2.9568095207214355
508 2.7603180408477783
509 2.703443765640259
510 2.6947805881500244
511 2.8887789249420166
512 2.7598023414611816
513 3.0550310611724854
514 2.9844086170196533
515 2.4981601238250732
516 2.893498182296753
517 3.040862560272217
518 2.9798378944396973
519 2.9269611835479736
520 2.775966167449951
521 2.850888252258301
522 2.940734624862671
523 2.7880771160125732
524 2.766000986099243
525 3.2037477493286133
526 2.8257880210876465
527 2.7978575229644775
528 2.869117021560669
529 2.8732516765594482
530 3.084707021713257
531 3.3875224590301514
532 2.941114664077759
533 2.740262269973755
534 2.850417137145996
535 2.9604382514953613
536 3.020228862762451
537 2.8451831340789795
538 2.980128526687622
539 3.0548970699310303
540 2.933666467666626
541 2.8002421855926514
542 2.8499717712402344
543 2.834869384765625
544 3.0348987579345703
545 2.909430742263794
546 3.1338887214660645
547 3.1737987995147705
548 3.0729947090148926
549 3.129650115966797
550 3.0917975902557373
551 3.083402395248413
552 3.0385289192199707
553 2.9330084323883057
554 3.0643579959869385
555 2.974043369293213
556 3.0867319107055664
557 2.8089258670806885
558 2.7863047122955322
559 2.771312952041626
560 2.8134543895721436
561 2.8905184268951416
562 2.872617244720459
563 2.9254143238067627
564 2.864621877670288
565 2.898348093032837
566 2.8947179317474365
567 2.9802701473236084
568 3.0832386016845703
569 3.052555561065674
570 3.027491807937622
571 2.898810863494873
572 3.032395839691162
573 3.022799491882324
574 3.1802613735198975
575 2.98628830909729
576 2.9777302742004395
577 3.144740104675293
578 2.819291591644287
579 2.8443729877471924
580 2.865190029144287
581 2.93520450592041
582 2.986417770385742
583 3.124393939971924
584 2.9470624923706055
585 2.8551206588745117
586 2.63177490234375
587 3.023731231689453
588 3.038015365600586
589 3.075191020965576
590 2.7283012866973877
591 2.9371163845062256
592 2.6916697025299072
593 2.6330885887145996
594 2.720231771469116
595 2.7966344356536865
596 2.6333136558532715
597 2.8900041580200195
598 2.867685317993164
599 2.863994836807251
600 2.678715467453003
601 2.6513960361480713
602 2.6678996086120605
603 2.718130111694336
604 2.774845600128174
605 2.57261061668396
606 2.8901681900024414
607 2.9772510528564453
608 2.729597568511963
609 2.7185025215148926
610 2.6744580268859863
611 2.745546340942383
612 2.7148027420043945
613 2.7455499172210693
614 2.7273402214050293
615 2.740281581878662
616 2.726681709289551
617 2.842806577682495
618 2.884620428085327
619 2.7089085578918457
620 2.8249661922454834
621 2.723954677581787
622 2.706921339035034
623 2.789669990539551
624 2.589909553527832
625 2.910146713256836
626 2.9874069690704346
627 2.632251501083374
628 2.815211534500122
629 2.882827043533325
630 3.180941343307495
631 3.097973585128784
632 3.1054928302764893
633 3.200448989868164
634 2.9924516677856445
635 2.9956960678100586
636 3.3231725692749023
637 3.3385350704193115
638 3.094536066055298
639 3.22637939453125
640 3.028620958328247
641 3.037055253982544
642 3.00132155418396
643 2.9037325382232666
644 2.838609457015991
645 3.0545389652252197
646 2.901820421218872
647 3.0127556324005127
648 2.948991298675537
649 3.1280860900878906
650 2.9473674297332764
651 3.0767931938171387
652 3.1920695304870605
653 3.1682934761047363
654 3.064470052719116
655 3.019885778427124
656 3.032235860824585
657 2.81413197517395
658 3.094820499420166
659 3.1361749172210693
660 3.0640249252319336
661 2.9690427780151367
662 2.9736886024475098
663 3.11234974861145
664 2.9715795516967773
665 2.8950817584991455
666 3.2169549465179443
667 3.2613773345947266
668 3.057800054550171
669 2.8527987003326416
670 3.0620174407958984
671 2.994065284729004
672 3.062502384185791
673 2.899515390396118
674 2.72969651222229
675 3.080820322036743
676 2.8274903297424316
677 2.9688313007354736
678 2.9584367275238037
679 2.574376106262207
680 2.921825647354126
681 2.9016709327697754
682 2.999196767807007
683 2.91003155708313
684 2.8868556022644043
685 2.9426188468933105
686 3.0226380825042725
687 2.939053773880005
688 3.324533224105835
689 2.9257378578186035
690 2.9910550117492676
691 2.8330342769622803
692 3.016868829727173
693 2.5512654781341553
694 2.648287296295166
695 2.642137289047241
696 2.646181344985962
697 2.5362255573272705
698 2.5963833332061768
699 2.458092451095581
700 2.403731107711792
701 2.473134994506836
702 2.919583559036255
703 2.995681047439575
704 2.9376609325408936
705 2.8156232833862305
706 3.091996431350708
707 3.065661668777466
708 2.818667411804199
709 2.990832567214966
710 2.577680826187134
711 2.6442534923553467
712 2.841662645339966
713 2.8465018272399902
714 2.8331565856933594
715 2.9017491340637207
716 2.761068820953369
717 2.77575421333313
718 2.9187843799591064
719 2.838998794555664
720 3.3141703605651855
721 3.386306047439575
722 3.1159439086914062
723 2.939293622970581
724 2.8821330070495605
725 2.8845460414886475
726 3.0289554595947266
727 2.966020345687866
728 2.95892071723938
729 3.076772928237915
730 2.8260295391082764
731 2.7968175411224365
732 2.7895700931549072
733 2.8942933082580566
734 2.819486379623413
735 2.808920383453369
736 2.7719671726226807
737 2.8877789974212646
738 2.833986520767212
739 3.155775308609009
740 2.8657901287078857
741 2.8104236125946045
742 2.750380516052246
743 2.7959578037261963
744 2.7362449169158936
745 2.71592116355896
746 2.961214542388916
747 2.8109130859375
748 2.8699443340301514
749 2.729057788848877
750 2.7832562923431396
751 2.923419952392578
752 3.048429489135742
753 3.117175817489624
754 3.1505489349365234
755 2.6624512672424316
756 2.5298216342926025
757 2.8682360649108887
758 2.822147846221924
759 2.87972092628479
760 3.006019353866577
761 3.0250494480133057
762 3.0549283027648926
763 3.0777924060821533
764 2.8259634971618652
765 2.991452217102051
766 2.8717854022979736
767 2.87434983253479
768 2.882105588912964
769 2.7325007915496826
770 2.813508987426758
771 2.759577989578247
772 3.0038957595825195
773 2.9684369564056396
774 3.099977493286133
775 3.1645216941833496
776 3.204904556274414
777 3.0171988010406494
778 3.0613811016082764
779 3.0336365699768066
780 3.371044397354126
781 3.2704391479492188
782 3.5287275314331055
783 3.4640614986419678
784 3.431871175765991
785 3.3630056381225586
786 3.2246627807617188
787 3.217099905014038
788 2.875309944152832
789 2.8636913299560547
790 3.1217246055603027
791 3.2529687881469727
792 3.214833974838257
793 3.0939714908599854
794 2.966841220855713
795 2.9509942531585693
796 3.0540072917938232
797 2.9068403244018555
798 2.9479317665100098
799 2.9019038677215576
800 2.7910475730895996
801 2.9336929321289062
802 2.9343347549438477
803 2.8157901763916016
804 2.843890905380249
805 3.048121690750122
806 2.7522683143615723
807 3.0496296882629395
808 2.9693386554718018
809 2.9102370738983154
810 3.032195806503296
811 3.2048020362854004
812 3.064236640930176
813 3.32387638092041
814 3.1942484378814697
815 3.3273744583129883
816 3.305004835128784
817 3.1313397884368896
818 2.9544901847839355
819 3.3434951305389404
820 3.3556201457977295
821 3.1634914875030518
822 3.0675230026245117
823 3.3140676021575928
824 3.65120530128479
825 3.517169237136841
826 3.344271659851074
827 3.3148701190948486
828 3.382096767425537
829 3.5158848762512207
830 3.5334560871124268
831 3.351048231124878
832 3.444260358810425
833 3.488959550857544
834 3.4906387329101562
835 3.4725780487060547
836 3.355597972869873
837 3.2617433071136475
838 3.1438913345336914
839 3.0606160163879395
840 3.4486165046691895
841 3.0989105701446533
842 3.072502613067627
843 2.9108054637908936
844 3.152252435684204
845 3.278661012649536
846 3.431440830230713
847 3.253413677215576
848 3.024961233139038
849 2.7479076385498047
850 2.8637521266937256
851 3.2038516998291016
852 3.0921525955200195
853 3.2524571418762207
854 3.103127956390381
855 3.219430923461914
856 3.2462480068206787
857 3.1003599166870117
858 3.191493034362793
859 3.1779913902282715
860 3.4979705810546875
861 3.2198588848114014
862 3.421008825302124
863 3.225609064102173
864 3.228443145751953
865 2.962313175201416
866 3.1833531856536865
867 3.251980781555176
868 3.3694987297058105
869 3.318568706512451
870 3.379819631576538
871 3.263608455657959
872 3.1668291091918945
873 3.21728515625
874 3.559061050415039
875 3.365623950958252
876 3.3129286766052246
877 3.3223907947540283
878 3.2353596687316895
879 3.6170601844787598
880 3.3246803283691406
881 3.24007248878479
882 3.545264720916748
883 3.6513404846191406
884 3.4788620471954346
885 3.3604772090911865
886 3.090907096862793
887 3.4680235385894775
888 3.0770907402038574
889 3.1176578998565674
890 3.120094060897827
891 3.296922445297241
892 3.017380952835083
893 3.118427276611328
894 3.216759443283081
895 3.190556049346924
896 3.17171049118042
897 3.4947509765625
898 3.330852746963501
899 3.2106800079345703
900 3.227688789367676
901 3.1161141395568848
902 3.202956438064575
903 3.2517213821411133
904 3.0345420837402344
905 2.9947509765625
906 3.128476142883301
907 3.1506404876708984
908 2.8769750595092773
909 3.074582576751709
910 3.144416093826294
911 3.345601797103882
912 3.1955647468566895
913 3.092965602874756
914 3.016458749771118
915 3.0809507369995117
916 3.4100539684295654
917 3.1799821853637695
918 3.0567355155944824
919 3.0219199657440186
920 3.310408592224121
921 3.1000077724456787
922 3.1082494258880615
923 3.036825656890869
924 3.0909132957458496
925 3.207073926925659
926 3.0056662559509277
927 3.291887044906616
928 3.1215434074401855
929 3.091583013534546
930 3.245413064956665
931 3.3742926120758057
932 3.3970422744750977
933 3.5236947536468506
934 3.3072736263275146
935 3.243713140487671
936 3.103449821472168
937 3.3262767791748047
938 3.299278736114502
939 3.229003667831421
940 3.1856610774993896
941 3.2751009464263916
942 3.3701417446136475
943 3.1766741275787354
944 3.1142678260803223
945 3.1398329734802246
946 3.273987054824829
947 3.239328622817993
948 3.387022018432617
949 3.280898094177246
950 3.0939249992370605
951 2.909693956375122
952 2.7141647338867188
953 2.8730337619781494
954 2.9810283184051514
955 2.9444799423217773
956 2.9548418521881104
957 3.1894421577453613
958 2.979475498199463
959 2.947256088256836
960 3.0907113552093506
961 2.9538135528564453
962 3.0450878143310547
963 3.1247847080230713
964 3.191225528717041
965 3.076988458633423
966 3.3981261253356934
967 3.5490331649780273
968 3.2848124504089355
969 3.3638269901275635
970 3.2846553325653076
971 3.262685775756836
972 3.1585168838500977
973 3.1299760341644287
974 3.164740800857544
975 3.168252468109131
976 3.273535966873169
977 3.2150890827178955
978 3.2595326900482178
979 3.3037939071655273
980 3.2979037761688232
981 3.117769718170166
982 3.009556293487549
983 3.1105432510375977
984 3.106558084487915
985 3.1337554454803467
986 3.0546722412109375
987 3.0579960346221924
988 3.250473737716675
989 3.120596170425415
990 3.244962215423584
991 3.1364219188690186
992 3.38158917427063
993 3.530932664871216
994 2.985903739929199
995 3.236137628555298
996 3.2492263317108154
997 3.2194769382476807
998 3.47190523147583
999 3.4718801975250244
1000 3.520408868789673
1001 3.503628730773926
1002 3.487997055053711
1003 3.219264030456543
1004 3.3486955165863037
1005 3.1859025955200195
1006 3.1310269832611084
1007 3.119511842727661
1008 3.0081260204315186
1009 3.2464046478271484
1010 3.1377129554748535
1011 2.9755308628082275
1012 3.2973101139068604
1013 2.946530342102051
1014 3.0589869022369385
1015 3.156205654144287
1016 3.0454931259155273
1017 3.3319239616394043
1018 3.2558462619781494
1019 3.1618192195892334
1020 3.2980732917785645
1021 3.295827865600586
1022 3.3775436878204346
1023 3.452540397644043
1024 3.398922920227051
1025 3.3727850914001465
1026 2.967815399169922
1027 2.9675493240356445
1028 3.19714617729187
1029 3.0832433700561523
1030 3.2599449157714844
1031 3.2906899452209473
1032 3.246107578277588
1033 3.263672351837158
1034 3.132439136505127
1035 3.057462453842163
1036 3.2150938510894775
1037 3.2562997341156006
1038 3.3316824436187744
1039 3.348447799682617
1040 3.1637609004974365
1041 3.065391778945923
1042 3.205305814743042
1043 3.499687910079956
1044 3.2284302711486816
1045 3.115128755569458
1046 3.1477067470550537
1047 3.028653621673584
1048 3.2436981201171875
1049 3.079517126083374
1050 3.2110323905944824
1051 3.0848567485809326
1052 3.184561252593994
1053 2.931943416595459
1054 3.2057945728302
1055 2.9452004432678223
1056 2.8786537647247314
1057 3.1117818355560303
1058 3.240565061569214
1059 2.915344476699829
1060 2.8462188243865967
1061 2.9855005741119385
1062 2.961819648742676
1063 3.0230021476745605
1064 2.9260246753692627
1065 2.827627420425415
1066 2.840242862701416
1067 2.9018683433532715
1068 3.0677177906036377
1069 2.8184268474578857
1070 3.0930774211883545
1071 3.028644323348999
1072 2.818500280380249
1073 2.854438066482544
1074 3.054788827896118
1075 3.1832621097564697
1076 2.9754769802093506
1077 3.0471866130828857
1078 3.127484083175659
1079 3.1278953552246094
1080 3.044487714767456
1081 3.0519020557403564
1082 2.930110216140747
1083 2.8568334579467773
1084 2.900092840194702
1085 2.931318998336792
1086 2.9723923206329346
1087 2.906952381134033
1088 2.9329113960266113
1089 2.778282642364502
1090 3.0087342262268066
1091 3.281322479248047
1092 3.0650317668914795
1093 2.7901864051818848
1094 2.972219228744507
1095 2.883481502532959
1096 2.877528429031372
1097 2.8703041076660156
1098 2.9944908618927
1099 3.061122417449951
1100 3.177511215209961
1101 3.0337305068969727
1102 2.951788902282715
1103 2.95997953414917
1104 2.8585827350616455
1105 3.0147366523742676
1106 2.879046678543091
1107 2.8333752155303955
1108 2.826575756072998
1109 2.97515869140625
1110 3.075868606567383
1111 3.046477794647217
1112 3.0065226554870605
1113 2.8082215785980225
1114 3.1519272327423096
1115 3.262922525405884
1116 3.0230178833007812
1117 2.734279155731201
1118 2.9076972007751465
1119 2.8248112201690674
1120 2.826129674911499
1121 2.992260456085205
1122 2.740483045578003
1123 2.8296022415161133
1124 2.962232828140259
1125 2.778949737548828
1126 2.983320713043213
1127 3.031752109527588
1128 3.1061594486236572
1129 3.121927261352539
1130 3.0178539752960205
1131 3.1452949047088623
1132 3.2540957927703857
1133 3.146359443664551
1134 3.1397600173950195
1135 3.1925747394561768
1136 2.8579814434051514
1137 3.0776760578155518
1138 3.067842960357666
1139 2.881930351257324
1140 2.879009962081909
1141 2.8116512298583984
1142 2.762713670730591
1143 2.9039084911346436
1144 2.834470510482788
1145 2.911794424057007
1146 2.935624837875366
1147 2.9636213779449463
1148 3.0268311500549316
1149 2.6438992023468018
1150 2.881721258163452
1151 2.821321964263916
1152 2.6313295364379883
1153 2.895321846008301
1154 2.728281021118164
1155 2.764852285385132
1156 2.7841408252716064
1157 2.7797813415527344
1158 2.621005058288574
1159 2.882772445678711
1160 2.795861005783081
1161 2.638547658920288
1162 2.769561529159546
1163 2.7899129390716553
1164 2.627687454223633
1165 2.583193302154541
1166 2.6988301277160645
1167 2.7641119956970215
1168 2.7088608741760254
1169 2.8592281341552734
1170 3.064561367034912
1171 2.851980686187744
1172 2.922011137008667
1173 2.8223180770874023
1174 2.829597234725952
1175 2.6587235927581787
1176 2.952510118484497
1177 2.748277187347412
1178 2.9018259048461914
1179 2.5301930904388428
1180 2.6652262210845947
1181 2.8138999938964844
1182 2.939246892929077
1183 2.880814552307129
1184 2.6701271533966064
1185 2.624770402908325
1186 2.389517068862915
1187 2.6333768367767334
1188 2.7501931190490723
1189 2.9326679706573486
1190 2.5794782638549805
1191 2.7607781887054443
1192 2.886631488800049
1193 2.91631817817688
1194 2.514040946960449
1195 2.6466317176818848
1196 2.5783531665802
1197 2.5549404621124268
1198 2.5291781425476074
1199 2.742875099182129
1200 2.8780150413513184
1201 2.761298894882202
1202 2.7634119987487793
1203 2.760263204574585
1204 2.676227331161499
1205 2.865513563156128
1206 2.896113157272339
1207 2.8087475299835205
1208 2.9716596603393555
1209 2.822012424468994
1210 2.6212830543518066
1211 2.774315357208252
1212 2.9454615116119385
1213 2.8667242527008057
1214 2.6678173542022705
1215 2.720409393310547
1216 2.4946937561035156
1217 2.642425775527954
1218 2.8202056884765625
1219 2.6357359886169434
1220 2.8709073066711426
1221 2.710263967514038
1222 2.804518938064575
1223 2.9192936420440674
1224 2.6786305904388428
1225 2.638155937194824
1226 2.835172653198242
1227 2.759751081466675
1228 2.6356375217437744
1229 2.82141375541687
1230 2.7645511627197266
1231 2.946969747543335
1232 2.7657272815704346
1233 2.6815543174743652
1234 2.877488374710083
1235 2.7917160987854004
1236 2.5886070728302
1237 2.7000112533569336
1238 2.6755266189575195
1239 2.894714117050171
1240 2.681642532348633
1241 2.660461902618408
1242 2.8223235607147217
1243 2.817993640899658
1244 2.642475128173828
1245 2.7808167934417725
1246 2.969835042953491
1247 2.733957052230835
1248 2.67920184135437
1249 2.889111280441284
1250 2.79463529586792
1251 2.9725747108459473
1252 2.7495784759521484
1253 3.023300886154175
1254 2.8174514770507812
1255 2.7871201038360596
1256 2.639486074447632
1257 2.856834650039673
1258 2.7274162769317627
1259 2.7287209033966064
1260 2.86087965965271
1261 2.8326752185821533
1262 2.8566408157348633
1263 2.7022705078125
1264 2.992717981338501
1265 3.0854151248931885
1266 2.7991199493408203
1267 2.952651023864746
1268 3.0111465454101562
1269 2.8806464672088623
1270 3.200993776321411
1271 2.9496946334838867
1272 2.978505849838257
1273 2.8359768390655518
1274 2.6111385822296143
1275 2.893125295639038
1276 2.870148181915283
1277 2.858402967453003
1278 2.672744035720825
1279 2.9076898097991943
1280 2.8971669673919678
1281 3.024587631225586
1282 2.8970885276794434
1283 2.8895246982574463
1284 3.2475950717926025
1285 2.673738718032837
1286 2.592139959335327
1287 2.564053535461426
1288 2.736151695251465
1289 2.617570638656616
1290 2.4803383350372314
1291 2.8954415321350098
1292 2.5772271156311035
1293 2.6390230655670166
1294 2.673729419708252
1295 2.558244466781616
1296 2.632071018218994
1297 2.8211188316345215
1298 2.667196750640869
1299 2.721102476119995
1300 2.9001033306121826
1301 2.7946760654449463
1302 2.692371368408203
1303 2.5380377769470215
1304 2.604337215423584
1305 2.619898557662964
1306 2.6828737258911133
1307 2.54614520072937
1308 2.7733075618743896
1309 2.567598819732666
1310 2.5351808071136475
1311 2.472712755203247
1312 2.608332633972168
1313 2.695204734802246
1314 2.5964887142181396
1315 2.743288278579712
1316 2.70356822013855
1317 2.80361008644104
1318 2.9526402950286865
1319 2.7301597595214844
1320 2.9311697483062744
1321 2.7300302982330322
1322 2.700303316116333
1323 2.883882999420166
1324 2.728534460067749
1325 2.9293832778930664
1326 2.783881187438965
1327 2.7369041442871094
1328 2.788396120071411
1329 2.93666410446167
1330 2.5850131511688232
1331 2.7055485248565674
1332 2.528536319732666
1333 2.737863063812256
1334 2.798845052719116
1335 2.9775309562683105
1336 3.09348464012146
1337 2.79978609085083
1338 3.098745822906494
1339 2.796882152557373
1340 3.0891246795654297
1341 2.86804461479187
1342 2.9187233448028564
1343 2.7674872875213623
1344 2.7973294258117676
1345 2.8890609741210938
1346 2.9805819988250732
1347 2.879382610321045
1348 2.9050755500793457
1349 2.7341079711914062
1350 2.5573647022247314
1351 2.9248404502868652
1352 2.760794162750244
1353 2.9190003871917725
1354 3.085116386413574
1355 2.9933791160583496
1356 2.7703888416290283
1357 2.6627490520477295
1358 2.9552674293518066
1359 2.947659492492676
1360 2.918494939804077
1361 2.9631998538970947
1362 3.198899984359741
1363 2.7812891006469727
1364 2.823592185974121
1365 2.7729954719543457
1366 2.7882378101348877
1367 2.805335760116577
1368 2.8499579429626465
1369 3.248556613922119
1370 2.9040606021881104
1371 2.880225896835327
1372 2.9553513526916504
1373 2.737365961074829
1374 2.8457727432250977
1375 2.717338800430298
1376 2.8926103115081787
1377 2.9508278369903564
1378 3.033018112182617
1379 3.303842067718506
1380 2.945739507675171
1381 2.893507480621338
1382 2.824370861053467
1383 2.836433172225952
1384 2.955117702484131
1385 3.1501433849334717
1386 3.0430920124053955
1387 2.9201571941375732
1388 2.9394371509552
1389 3.0014760494232178
1390 3.1783008575439453
1391 3.446500062942505
1392 3.0485973358154297
1393 2.9934070110321045
1394 2.7987823486328125
1395 3.4091622829437256
1396 3.0877130031585693
1397 3.0298221111297607
1398 2.8832123279571533
1399 2.812793016433716
1400 3.0168213844299316
1401 2.8463363647460938
1402 2.917576789855957
1403 2.909240484237671
1404 2.979329824447632
1405 3.06365966796875
1406 3.227388858795166
1407 3.3006019592285156
1408 3.1648969650268555
1409 2.681234121322632
1410 2.830247640609741
1411 2.871572732925415
1412 3.117511749267578
1413 3.165050506591797
1414 3.192117214202881
1415 3.0880699157714844
1416 2.9924516677856445
1417 2.8156464099884033
1418 2.9283082485198975
1419 3.0155181884765625
1420 2.9185333251953125
1421 2.891871690750122
1422 2.7115986347198486
1423 2.7107977867126465
1424 2.8553528785705566
1425 2.8810157775878906
1426 2.855290651321411
1427 2.812185287475586
1428 3.012350559234619
1429 2.703897714614868
1430 2.932098150253296
1431 2.9301130771636963
1432 2.659132719039917
1433 2.9376726150512695
1434 2.9176535606384277
1435 2.8882639408111572
1436 3.068960189819336
1437 3.1360063552856445
1438 3.4168593883514404
1439 3.1731746196746826
1440 3.182140588760376
1441 3.185220718383789
1442 3.032032012939453
1443 2.9763338565826416
1444 2.920471429824829
1445 2.820634603500366
1446 2.9684762954711914
1447 3.0401790142059326
1448 3.222278594970703
1449 2.8302128314971924
1450 2.858553647994995
1451 3.152817964553833
1452 2.924445152282715
1453 2.850986957550049
1454 2.9356300830841064
1455 2.6732144355773926
1456 3.276132822036743
1457 2.9034125804901123
1458 2.8451714515686035
1459 3.003160238265991
1460 2.972512722015381
1461 2.7611570358276367
1462 2.985487461090088
1463 3.203322410583496
1464 2.6593356132507324
1465 2.5982089042663574
1466 2.7302157878875732
1467 2.955781936645508
1468 2.7216567993164062
1469 3.018763780593872
1470 2.9267680644989014
1471 2.7613861560821533
1472 3.0382187366485596
1473 2.9937686920166016
1474 3.1295838356018066
1475 2.9936325550079346
1476 2.99615740776062
1477 2.7439305782318115
1478 2.8183562755584717
1479 2.9045510292053223
1480 3.1307504177093506
1481 2.854400634765625
1482 2.6458802223205566
1483 2.521364450454712
1484 2.721465826034546
1485 2.6609909534454346
1486 2.813952684402466
1487 2.8155150413513184
1488 2.957878589630127
1489 2.795271635055542
1490 2.8363699913024902
1491 2.747833728790283
1492 2.87829327583313
1493 2.769137382507324
1494 2.6846048831939697
1495 2.743826150894165
1496 2.9489686489105225
1497 2.8220231533050537
1498 2.794848918914795
1499 2.826099395751953
1500 2.576784610748291
1501 2.6379687786102295
1502 2.617170572280884
1503 2.6393027305603027
1504 2.722489356994629
1505 2.862593650817871
1506 2.817558526992798
1507 2.682657241821289
1508 2.642355442047119
1509 2.872758150100708
1510 2.860187530517578
1511 2.766467809677124
1512 2.811210870742798
1513 2.754641056060791
1514 2.6964900493621826
1515 2.7586143016815186
1516 2.8174755573272705
1517 2.9500010013580322
1518 3.0776522159576416
1519 3.124950408935547
1520 3.104283094406128
1521 2.8456504344940186
1522 2.9785962104797363
1523 3.0986530780792236
1524 3.0503246784210205
1525 2.877150297164917
1526 2.813887596130371
1527 3.1117355823516846
1528 2.8012895584106445
1529 2.7360472679138184
1530 2.6284124851226807
1531 2.604323148727417
1532 2.8798890113830566
1533 3.1849164962768555
1534 3.183384418487549
1535 3.1832833290100098
1536 2.9971165657043457
1537 3.018512725830078
1538 2.855268955230713
1539 2.882608652114868
1540 2.7789981365203857
1541 2.9166901111602783
1542 2.887211561203003
1543 2.948756217956543
1544 2.92089581489563
1545 2.9585440158843994
1546 3.2500712871551514
1547 3.045872688293457
1548 2.7885046005249023
1549 2.985718011856079
1550 3.025193452835083
1551 3.042900323867798
1552 2.82047438621521
1553 2.718571186065674
1554 2.713332176208496
1555 2.714442729949951
1556 2.6920294761657715
1557 2.7803194522857666
1558 2.7030575275421143
1559 2.6613352298736572
1560 2.853774070739746
1561 2.662179946899414
1562 2.811812400817871
1563 2.8525147438049316
1564 2.8920626640319824
1565 2.8667562007904053
1566 2.797806978225708
1567 2.9493978023529053
1568 2.863187789916992
1569 2.985464096069336
1570 2.8770129680633545
1571 2.722867965698242
1572 2.992438554763794
1573 2.975867509841919
1574 3.1537134647369385
1575 2.8546557426452637
1576 2.755801200866699
1577 2.8242714405059814
1578 2.850527286529541
1579 2.785043716430664
1580 2.9842514991760254
1581 2.673151731491089
1582 2.8249754905700684
1583 2.9564599990844727
1584 2.7979249954223633
1585 2.731001138687134
1586 2.9446470737457275
1587 2.9145452976226807
1588 2.8644261360168457
1589 2.80843448638916
1590 2.6556692123413086
1591 2.920557975769043
1592 2.7862308025360107
1593 3.0308542251586914
1594 2.840420961380005
1595 2.715419054031372
1596 2.720729351043701
1597 2.880544900894165
1598 2.7835922241210938
1599 3.056029796600342
1600 2.8647847175598145
1601 2.7211837768554688
1602 2.8231301307678223
1603 2.579784393310547
1604 2.644282817840576
1605 2.5604407787323
1606 2.678615093231201
1607 2.7470157146453857
1608 2.5824735164642334
1609 2.6725094318389893
1610 2.6632239818573
1611 2.789729118347168
1612 2.64803409576416
1613 2.884345054626465
1614 2.824199676513672
1615 2.68697190284729
1616 2.8733227252960205
1617 2.7887911796569824
1618 2.7074685096740723
1619 2.8896899223327637
1620 2.7284228801727295
1621 2.715480089187622
1622 2.827877998352051
1623 3.057178020477295
1624 2.7016921043395996
1625 2.719841957092285
1626 2.8623363971710205
1627 2.740696430206299
1628 2.725334882736206
1629 2.961966037750244
1630 2.7304012775421143
1631 2.909898281097412
1632 2.935960531234741
1633 2.879751443862915
1634 2.6475627422332764
1635 2.899916410446167
1636 2.984492778778076
1637 2.7509214878082275
1638 2.626828908920288
1639 2.6672770977020264
1640 2.9486019611358643
1641 2.7221477031707764
1642 2.794447660446167
1643 2.937718391418457
1644 2.7298574447631836
1645 2.732185125350952
1646 2.9365932941436768
1647 2.933077812194824
1648 2.797614336013794
1649 2.9428584575653076
1650 3.02606201171875
1651 3.100071668624878
1652 2.955406904220581
1653 3.0165300369262695
1654 3.3224782943725586
1655 3.2068638801574707
1656 3.216933250427246
1657 3.0701375007629395
1658 3.2113614082336426
1659 2.9645986557006836
1660 3.1340293884277344
1661 2.861788034439087
1662 3.234689474105835
1663 3.3341808319091797
1664 3.0621347427368164
1665 3.0725526809692383
1666 2.986605405807495
1667 3.008115530014038
1668 2.9003841876983643
1669 2.828352689743042
1670 3.2166788578033447
1671 2.82485032081604
1672 2.881507635116577
1673 2.8526346683502197
1674 2.8430135250091553
1675 2.86173677444458
1676 2.921942710876465
1677 2.811361074447632
1678 2.8066530227661133
1679 2.7700858116149902
1680 2.905748128890991
1681 2.932241916656494
1682 2.8087804317474365
1683 2.879528760910034
1684 2.772249698638916
1685 2.7424604892730713
1686 2.810482978820801
1687 2.767076253890991
1688 2.9371418952941895
1689 2.884587049484253
1690 2.8584930896759033
1691 2.73309326171875
1692 3.0175507068634033
1693 2.8220763206481934
1694 2.617159605026245
1695 2.7449629306793213
1696 2.711535692214966
1697 2.885956287384033
1698 2.8745741844177246
1699 3.0250635147094727
1700 3.135270833969116
1701 3.016638994216919
1702 3.044729709625244
1703 2.9914872646331787
1704 3.052314043045044
1705 2.999988317489624
1706 3.0973551273345947
1707 2.9219744205474854
1708 2.897390604019165
1709 2.9549336433410645
1710 3.2388782501220703
1711 3.0640530586242676
1712 3.597024917602539
1713 3.1768264770507812
1714 3.0291380882263184
1715 2.866175651550293
1716 2.742702007293701
1717 2.9518234729766846
1718 2.8452870845794678
1719 3.0179808139801025
1720 2.835218906402588
1721 2.8674278259277344
1722 2.8073177337646484
1723 2.9327406883239746
1724 3.073176145553589
1725 3.090792179107666
1726 3.303884744644165
1727 3.1027896404266357
1728 2.925814151763916
1729 2.952662944793701
1730 2.8410818576812744
1731 3.017719030380249
1732 2.8172807693481445
1733 2.8533408641815186
1734 3.078766107559204
1735 2.868239641189575
1736 2.8493118286132812
1737 2.8075854778289795
1738 2.825917959213257
1739 2.9042608737945557
1740 3.1682653427124023
1741 2.8662359714508057
1742 2.7411184310913086
1743 2.7867650985717773
1744 2.8705215454101562
1745 2.7737812995910645
1746 2.9766321182250977
1747 2.8162143230438232
1748 2.9163899421691895
1749 2.8327512741088867
1750 2.7735917568206787
1751 2.8813488483428955
1752 2.778825044631958
1753 2.8483777046203613
1754 2.8312828540802
1755 2.7490758895874023
1756 3.071291923522949
1757 2.9750099182128906
1758 2.6911654472351074
1759 2.932128667831421
1760 2.9745635986328125
1761 3.0281410217285156
1762 3.2712111473083496
1763 2.9097142219543457
1764 2.6918082237243652
1765 2.61822247505188
1766 2.9355506896972656
1767 2.7589855194091797
1768 2.8556859493255615
1769 2.869842052459717
1770 2.737326145172119
1771 2.6931705474853516
1772 2.81899094581604
1773 2.7167866230010986
1774 2.7398996353149414
1775 2.7006912231445312
1776 2.808154344558716
1777 2.807976722717285
1778 2.690567970275879
1779 2.7480289936065674
1780 2.8751895427703857
1781 2.7874724864959717
1782 2.890047311782837
1783 3.0549283027648926
1784 2.9618234634399414
1785 2.9006857872009277
1786 2.7528605461120605
1787 2.773664951324463
1788 2.9220736026763916
1789 2.8279366493225098
1790 2.6961777210235596
1791 2.752598524093628
1792 2.788032054901123
1793 2.7930686473846436
1794 2.7925264835357666
1795 2.987441062927246
1796 2.8651463985443115
1797 3.1232128143310547
1798 3.3774516582489014
1799 2.9361798763275146
1800 3.2586605548858643
1801 2.7737579345703125
1802 2.8149452209472656
1803 2.9741039276123047
1804 2.7959134578704834
1805 2.795492649078369
1806 3.0467605590820312
1807 3.150660991668701
1808 3.1163129806518555
1809 3.0041775703430176
1810 2.9865405559539795
1811 2.791254997253418
1812 2.9815680980682373
1813 2.8852453231811523
1814 2.8013699054718018
1815 2.872204303741455
1816 3.083199977874756
1817 3.023439645767212
1818 2.917093276977539
1819 3.001375198364258
1820 2.8584461212158203
1821 3.184244394302368
1822 2.719000816345215
1823 3.018284320831299
1824 2.9368155002593994
1825 2.9580078125
1826 2.97863507270813
1827 3.036139965057373
1828 2.7861385345458984
1829 2.8413777351379395
1830 2.9721245765686035
1831 2.823113203048706
1832 3.0094051361083984
1833 3.30646014213562
1834 3.0849549770355225
1835 3.2127952575683594
1836 2.94720196723938
1837 2.980130195617676
1838 3.0618085861206055
1839 2.988640069961548
1840 3.107914686203003
1841 3.2000112533569336
1842 3.0369014739990234
1843 3.020020008087158
1844 2.818467617034912
1845 3.040527582168579
1846 3.0055501461029053
1847 3.164106607437134
1848 3.2126879692077637
1849 2.9867656230926514
1850 2.982452869415283
1851 2.7823896408081055
1852 2.8178462982177734
1853 2.855217933654785
1854 2.788348436355591
1855 2.786550521850586
1856 2.9595656394958496
1857 2.9578943252563477
1858 2.8449015617370605
1859 3.133955717086792
1860 3.0236916542053223
1861 2.9921929836273193
1862 2.962461233139038
1863 2.9110209941864014
1864 3.0573511123657227
1865 3.045198678970337
1866 2.990469455718994
1867 2.8681674003601074
1868 3.0655276775360107
1869 3.0766963958740234
1870 3.0215699672698975
1871 2.9835922718048096
1872 3.1222219467163086
1873 3.260392904281616
1874 3.206960678100586
1875 3.138021230697632
1876 3.00746750831604
1877 3.140202522277832
1878 3.093216896057129
1879 3.3755412101745605
1880 3.1194918155670166
1881 3.155492067337036
1882 2.980708360671997
1883 3.0270416736602783
1884 3.264707088470459
1885 3.0612452030181885
1886 3.1283557415008545
1887 3.365582227706909
1888 3.3524324893951416
1889 3.5454742908477783
1890 3.0905773639678955
1891 3.2066709995269775
1892 2.8543601036071777
1893 3.195267915725708
1894 3.2347683906555176
1895 3.145383358001709
1896 2.945495843887329
1897 3.009598970413208
1898 3.2932088375091553
1899 3.2072503566741943
1900 3.001929521560669
1901 3.0091755390167236
1902 2.9769630432128906
1903 3.07167649269104
1904 3.0781683921813965
1905 2.9675843715667725
1906 3.096221446990967
1907 3.069833278656006
1908 2.945594310760498
1909 3.035003185272217
1910 3.154935598373413
1911 3.0065934658050537
1912 3.1524460315704346
1913 3.1474080085754395
1914 3.0858664512634277
1915 3.0749754905700684
1916 3.1357407569885254
1917 3.1681604385375977
1918 3.309462785720825
1919 2.9642791748046875
1920 3.2021892070770264
1921 3.131237506866455
1922 3.3139803409576416
1923 3.2053942680358887
1924 3.4669713973999023
1925 3.0899338722229004
1926 3.101166248321533
1927 3.430500030517578
1928 3.4076900482177734
1929 3.294343948364258
1930 3.367521047592163
1931 3.230219602584839
1932 3.085770845413208
1933 3.298290491104126
1934 2.9793851375579834
1935 3.1573121547698975
1936 3.0527641773223877
1937 3.185609817504883
1938 3.2067081928253174
1939 3.1891441345214844
1940 3.0572257041931152
1941 3.0486109256744385
1942 2.9311649799346924
1943 3.2068803310394287
1944 3.358407974243164
1945 2.925891637802124
1946 3.1689040660858154
1947 3.316814422607422
1948 3.45470929145813
1949 3.3665640354156494
1950 3.0600385665893555
1951 3.162882089614868
1952 3.3279950618743896
1953 3.267247200012207
1954 3.297804117202759
1955 3.082404136657715
1956 3.5436007976531982
1957 3.097848415374756
1958 3.417200803756714
1959 3.1825175285339355
1960 3.173093795776367
1961 3.2627737522125244
1962 3.2984933853149414
1963 3.0427441596984863
1964 3.4033844470977783
1965 3.0792791843414307
1966 2.982212781906128
1967 2.889664888381958
1968 3.0544400215148926
1969 3.0535223484039307
1970 3.2608866691589355
1971 2.943326234817505
1972 3.28849196434021
1973 3.177626609802246
1974 3.1271140575408936
1975 3.341708183288574
1976 2.950942039489746
1977 3.2219760417938232
1978 3.0375142097473145
1979 3.250072956085205
1980 3.1336259841918945
1981 3.203068256378174
1982 3.478776216506958
1983 3.06272029876709
1984 3.109113931655884
1985 3.015299081802368
1986 3.093559741973877
1987 2.956061601638794
1988 2.807541608810425
1989 2.7902023792266846
1990 2.727976083755493
1991 2.848283529281616
1992 2.995234966278076
1993 2.8998305797576904
1994 3.004149913787842
1995 2.8883538246154785
1996 2.844357967376709
1997 2.842921733856201
1998 2.9748828411102295
1999 3.003760576248169
2000 3.0510902404785156
2001 2.868037462234497
2002 3.0379559993743896
2003 2.998107671737671
2004 3.077483892440796
2005 3.0361313819885254
2006 3.2089569568634033
2007 3.09122371673584
2008 3.2192459106445312
2009 2.8976171016693115
2010 3.025587320327759
2011 3.349198579788208
2012 2.9984118938446045
2013 2.8495774269104004
2014 3.007927179336548
2015 3.215571641921997
2016 3.1484556198120117
2017 2.9669349193573
2018 3.165815591812134
2019 2.891453266143799
2020 2.812177896499634
2021 2.915580987930298
2022 2.8289682865142822
2023 2.8964803218841553
2024 2.9626054763793945
2025 2.8719260692596436
2026 3.073911190032959
2027 2.9029247760772705
2028 2.9033944606781006
2029 2.876951217651367
2030 3.1203181743621826
2031 3.1348299980163574
2032 2.895709991455078
2033 3.1888346672058105
2034 3.015228748321533
2035 2.9095468521118164
2036 3.027292490005493
2037 2.935203790664673
2038 2.9982874393463135
2039 2.8107407093048096
2040 2.7830662727355957
2041 3.0702569484710693
2042 2.762014627456665
2043 2.769277811050415
2044 2.8871071338653564
2045 2.9485232830047607
2046 3.218116521835327
2047 3.128384590148926
2048 2.969003200531006
2049 2.955148935317993
2050 3.041888475418091
2051 2.8415303230285645
2052 2.8024790287017822
2053 2.8892486095428467
2054 2.933328866958618
2055 2.960796356201172
2056 3.021458148956299
2057 2.9380950927734375
2058 2.911818027496338
2059 3.0224716663360596
2060 2.900954484939575
2061 3.03409481048584
2062 2.8716704845428467
2063 3.0067787170410156
2064 3.0098214149475098
2065 2.893911600112915
2066 2.9989066123962402
2067 2.951575756072998
2068 3.0302133560180664
2069 3.139289617538452
2070 2.932553768157959
2071 2.7319486141204834
2072 2.9499106407165527
2073 2.857255458831787
2074 3.0379252433776855
2075 2.770270347595215
2076 2.823289394378662
2077 3.0138463973999023
2078 3.0475409030914307
2079 3.0289218425750732
2080 3.053478717803955
2081 3.2167365550994873
2082 2.7690634727478027
2083 3.1762003898620605
2084 2.9482998847961426
2085 3.116276979446411
2086 3.040107011795044
2087 3.039435386657715
2088 3.030975818634033
2089 3.088064670562744
2090 3.2481184005737305
2091 3.122852087020874
2092 3.0629422664642334
2093 3.219175338745117
2094 3.177135705947876
2095 3.0100607872009277
2096 3.132086753845215
2097 3.253112316131592
2098 2.982151985168457
2099 2.930271863937378
2100 3.098763942718506
2101 3.1888608932495117
2102 3.0837416648864746
2103 3.1086087226867676
2104 3.2482492923736572
2105 3.1105241775512695
2106 3.1473371982574463
2107 2.8787386417388916
2108 2.9364686012268066
2109 3.113210439682007
2110 2.9672183990478516
2111 3.0089166164398193
2112 3.190272808074951
2113 3.0210623741149902
2114 3.2543416023254395
2115 3.0949652194976807
2116 2.9640960693359375
2117 2.8474936485290527
2118 3.1215548515319824
2119 3.07110857963562
2120 3.1588146686553955
2121 2.976745128631592
2122 3.1707189083099365
2123 3.232342004776001
2124 3.1006059646606445
2125 3.199833393096924
2126 3.1347460746765137
2127 3.1717748641967773
2128 3.1897759437561035
2129 3.235783576965332
2130 2.941805601119995
2131 2.915896415710449
2132 3.093571186065674
2133 3.2285783290863037
2134 2.94547438621521
2135 3.0715973377227783
2136 3.1175198554992676
2137 3.070265531539917
2138 3.4261510372161865
2139 3.189788818359375
2140 3.315903902053833
2141 3.1957552433013916
2142 3.1719255447387695
2143 3.238071918487549
2144 3.152644157409668
2145 3.217224359512329
2146 3.045328378677368
2147 2.984715223312378
2148 3.2076680660247803
2149 3.077378749847412
2150 2.9561965465545654
2151 3.1356468200683594
2152 3.246825695037842
2153 2.984773635864258
2154 3.0927112102508545
2155 2.865074872970581
2156 3.082907199859619
2157 2.9754600524902344
2158 2.9586021900177
2159 2.9129645824432373
2160 2.9454262256622314
2161 2.899322986602783
2162 3.1127514839172363
2163 2.963153600692749
2164 2.9295146465301514
2165 3.0558369159698486
2166 2.965418815612793
2167 3.0929741859436035
2168 3.0052740573883057
2169 3.1059205532073975
2170 3.10746431350708
2171 3.073915481567383
2172 3.2714293003082275
2173 3.0839757919311523
2174 2.942033290863037
2175 3.0142416954040527
2176 2.987912654876709
2177 2.9518649578094482
2178 2.8983020782470703
2179 2.9770255088806152
2180 2.8102149963378906
2181 2.862553358078003
2182 3.1255853176116943
2183 2.9967222213745117
2184 2.9660708904266357
2185 3.1246602535247803
2186 2.9963204860687256
2187 2.9064865112304688
2188 3.0767550468444824
2189 2.9337005615234375
2190 3.161299467086792
2191 3.079458713531494
2192 3.154167652130127
2193 3.057704210281372
2194 3.0236096382141113
2195 2.980719804763794
2196 3.1049551963806152
2197 3.3081953525543213
2198 3.0039193630218506
2199 3.084122896194458
2200 3.1969621181488037
2201 3.0786309242248535
2202 3.1589932441711426
2203 3.1696815490722656
2204 3.0064823627471924
2205 2.880972146987915
2206 2.77510929107666
2207 2.8797004222869873
2208 2.9505081176757812
2209 2.9790430068969727
2210 2.9394850730895996
2211 3.0618457794189453
2212 2.927957773208618
2213 2.7655389308929443
2214 2.945880174636841
2215 3.0545530319213867
2216 3.1952950954437256
2217 3.176011562347412
2218 2.9588611125946045
2219 3.1049511432647705
2220 3.066725730895996
2221 3.207167387008667
2222 3.2557613849639893
2223 3.165499687194824
2224 3.1105592250823975
2225 3.098684549331665
2226 3.233816146850586
2227 3.187950372695923
2228 3.2891290187835693
2229 3.1643965244293213
2230 2.8537189960479736
2231 2.972195625305176
2232 2.923696756362915
2233 2.9603772163391113
2234 3.04300594329834
2235 3.135613441467285
2236 3.076306104660034
2237 2.987272024154663
2238 3.083138942718506
2239 3.292900323867798
2240 3.091336727142334
2241 3.207571506500244
2242 3.003399133682251
2243 3.296433210372925
2244 3.1818222999572754
2245 3.176011323928833
2246 3.3433234691619873
2247 3.0168521404266357
2248 3.269648790359497
2249 3.11305570602417
2250 3.4932801723480225
2251 3.112119674682617
2252 3.4071176052093506
2253 3.052551507949829
2254 3.0758683681488037
2255 2.9333157539367676
2256 3.0117123126983643
2257 3.006930112838745
2258 2.970888137817383
2259 3.1539156436920166
2260 2.954040765762329
2261 3.136188268661499
2262 3.222681999206543
2263 2.864626407623291
2264 3.0667130947113037
2265 2.854736328125
2266 2.8436801433563232
2267 3.0697720050811768
2268 2.889986515045166
2269 2.8847506046295166
2270 2.985584259033203
2271 2.7516262531280518
2272 2.787142515182495
2273 2.727132797241211
2274 2.6017091274261475
2275 2.9737708568573
2276 2.8412933349609375
2277 3.1162023544311523
2278 3.0624470710754395
2279 2.9621355533599854
2280 3.007228374481201
2281 2.8697853088378906
2282 2.7074294090270996
2283 2.717607259750366
2284 2.6716761589050293
2285 2.8558340072631836
2286 2.738703966140747
2287 2.808091878890991
2288 3.017764091491699
2289 2.9098970890045166
2290 3.1553854942321777
2291 3.064652442932129
2292 2.7811055183410645
2293 3.0052452087402344
2294 2.7133119106292725
2295 2.9838569164276123
2296 2.962632894515991
2297 3.0205438137054443
2298 3.026721954345703
2299 2.7646267414093018
2300 2.981963634490967
2301 2.8017735481262207
2302 2.9295923709869385
2303 3.0187056064605713
2304 3.0539872646331787
2305 3.011579990386963
2306 2.82948899269104
2307 2.7438089847564697
2308 2.7249741554260254
2309 2.9492063522338867
2310 2.7580251693725586
2311 2.8766210079193115
2312 2.605834484100342
2313 2.858628749847412
2314 2.9623470306396484
2315 3.0515453815460205
2316 2.6577885150909424
2317 3.027164936065674
2318 2.9462924003601074
2319 3.0044217109680176
2320 2.8043463230133057
2321 2.8749141693115234
2322 2.7725367546081543
2323 2.6276745796203613
2324 2.628822088241577
2325 2.5964066982269287
2326 2.8785197734832764
2327 3.1082675457000732
2328 3.2927756309509277
2329 3.0895888805389404
2330 3.0285985469818115
2331 2.9315547943115234
2332 2.7621779441833496
2333 2.9522502422332764
2334 3.03828501701355
2335 2.965256452560425
2336 2.874823808670044
2337 2.846683979034424
2338 2.7808072566986084
2339 3.145677328109741
2340 3.0927681922912598
2341 3.276116132736206
2342 3.0311219692230225
2343 3.169452428817749
2344 3.06964111328125
2345 3.113600254058838
2346 3.113372802734375
2347 3.177807331085205
2348 3.143541097640991
2349 3.2056667804718018
2350 3.151801347732544
2351 2.9557223320007324
2352 2.886837959289551
2353 3.1723685264587402
2354 2.9584474563598633
2355 2.99604868888855
2356 2.969513177871704
2357 3.0447938442230225
2358 3.183821201324463
2359 3.2613167762756348
2360 3.0914525985717773
2361 2.8193702697753906
2362 3.024799346923828
2363 3.118772029876709
2364 3.0694751739501953
2365 3.050018310546875
2366 2.97499418258667
2367 3.086885690689087
2368 3.153662919998169
2369 3.0172841548919678
2370 2.8036558628082275
2371 3.170865297317505
2372 3.21266508102417
2373 3.16188907623291
2374 3.1041879653930664
2375 2.889131784439087
2376 3.0795624256134033
2377 2.8640894889831543
2378 2.933746814727783
2379 2.768221616744995
2380 2.8495380878448486
2381 2.8019282817840576
2382 3.0578205585479736
2383 3.141852378845215
2384 3.1621155738830566
2385 2.8448173999786377
2386 2.807485580444336
2387 3.0398311614990234
2388 3.09348726272583
2389 2.8921704292297363
2390 2.7984800338745117
2391 2.7688522338867188
2392 2.8080549240112305
2393 2.8783583641052246
2394 3.095885992050171
2395 3.0923404693603516
2396 3.107752799987793
2397 3.036860704421997
2398 2.86624813079834
2399 2.811492681503296
2400 2.8854453563690186
2401 3.0263099670410156
2402 2.9640488624572754
2403 3.0665650367736816
2404 2.8264081478118896
2405 2.8423171043395996
2406 2.686807155609131
2407 2.938772439956665
2408 2.995983123779297
2409 3.1127588748931885
2410 3.1248621940612793
2411 3.0969901084899902
2412 2.989003896713257
2413 2.9534518718719482
2414 3.114750385284424
2415 3.2637839317321777
2416 2.8442516326904297
2417 3.2856130599975586
2418 3.143953561782837
2419 3.099191188812256
2420 3.154212236404419
2421 3.1356613636016846
2422 2.9238131046295166
2423 2.8029162883758545
2424 3.171461582183838
2425 3.0398683547973633
2426 3.1133668422698975
2427 3.242706060409546
2428 2.8378334045410156
2429 3.2316794395446777
2430 3.0214743614196777
2431 2.8325910568237305
2432 3.028104305267334
2433 3.114281177520752
2434 2.9866740703582764
2435 2.835059881210327
2436 3.1191391944885254
2437 3.080524206161499
2438 3.0185108184814453
2439 3.002979278564453
2440 3.050431728363037
2441 2.9457013607025146
2442 3.189260482788086
2443 3.2780590057373047
2444 3.1276159286499023
2445 3.0831754207611084
2446 3.190568685531616
2447 3.203127145767212
2448 3.143763303756714
2449 3.0700676441192627
2450 2.916677474975586
2451 3.139791250228882
2452 2.847891330718994
2453 3.1318299770355225
2454 3.0139389038085938
2455 3.19681453704834
2456 3.436800479888916
2457 3.1701548099517822
2458 3.1019222736358643
2459 3.1905672550201416
2460 3.1841869354248047
2461 3.1751370429992676
2462 3.1153159141540527
2463 3.293147325515747
2464 3.3758866786956787
2465 3.3609256744384766
2466 3.096090316772461
2467 3.0887975692749023
2468 3.1470086574554443
2469 3.2425742149353027
2470 3.0782361030578613
2471 2.9566736221313477
2472 3.3225202560424805
2473 3.2699787616729736
2474 3.360262155532837
2475 3.1333441734313965
2476 3.1242153644561768
2477 3.0794143676757812
2478 3.0299901962280273
2479 3.100367307662964
2480 3.0117082595825195
2481 3.2424445152282715
2482 3.240583658218384
2483 3.113572120666504
2484 3.1687934398651123
2485 3.2438323497772217
2486 3.308523178100586
2487 3.4614293575286865
2488 3.261382579803467
2489 3.0648558139801025
2490 2.9961867332458496
2491 3.2407126426696777
2492 3.3014707565307617
2493 3.102088689804077
2494 3.2333717346191406
2495 3.2524049282073975
2496 3.2356650829315186
2497 3.170910358428955
2498 3.158616065979004
2499 2.9778640270233154
2500 3.0234546661376953
2501 2.956224203109741
2502 2.988694190979004
2503 3.004857301712036
2504 2.9690604209899902
2505 3.0382938385009766
2506 2.9174282550811768
2507 2.8896071910858154
2508 2.847008466720581
2509 3.006357431411743
2510 2.9262726306915283
2511 2.893544912338257
2512 2.8964450359344482
2513 2.7473394870758057
2514 2.9512593746185303
2515 2.938404083251953
2516 3.0020840167999268
2517 2.8991012573242188
2518 3.0670740604400635
2519 2.878953695297241
2520 3.0400922298431396
2521 2.9721763134002686
2522 2.9088692665100098
2523 3.1064975261688232
2524 3.1083943843841553
2525 3.1738359928131104
2526 3.0214295387268066
2527 3.4780445098876953
2528 3.3322203159332275
2529 2.965628147125244
2530 3.1036109924316406
2531 2.908052444458008
2532 2.8990185260772705
2533 3.1940176486968994
2534 3.108964204788208
2535 3.1188976764678955
2536 3.0202062129974365
2537 3.0989842414855957
2538 3.049990653991699
2539 2.949130058288574
2540 3.1689541339874268
2541 3.0592234134674072
2542 3.0243043899536133
2543 2.958946466445923
2544 2.9906623363494873
2545 3.1989078521728516
2546 3.1203906536102295
2547 3.0139858722686768
2548 2.883589029312134
2549 2.950756549835205
2550 2.8338940143585205
2551 2.796860694885254
2552 2.8471524715423584
2553 2.9259769916534424
2554 2.6902105808258057
2555 2.898193120956421
2556 2.789776563644409
2557 2.8120853900909424
2558 2.844513177871704
2559 2.918166399002075
2560 2.753802537918091
2561 3.1258461475372314
2562 3.060863494873047
2563 3.0546762943267822
2564 3.0332205295562744
2565 2.8184638023376465
2566 2.9000656604766846
2567 2.8576736450195312
2568 3.0415728092193604
2569 2.7596209049224854
2570 2.713040590286255
2571 3.0503745079040527
2572 2.8094284534454346
2573 3.118603467941284
2574 2.8774185180664062
2575 2.8230113983154297
2576 2.8883371353149414
2577 2.9693996906280518
2578 3.2536568641662598
2579 3.1207685470581055
2580 2.978548526763916
2581 2.8720316886901855
2582 3.0418202877044678
2583 3.0370266437530518
2584 2.973388433456421
2585 3.0943572521209717
2586 3.1029820442199707
2587 3.0181431770324707
2588 3.4677329063415527
2589 3.1720550060272217
2590 3.160327911376953
2591 3.34295654296875
2592 3.2810866832733154
2593 3.220876932144165
2594 3.05320143699646
2595 2.9871034622192383
2596 2.8281755447387695
2597 2.943384885787964
2598 3.0732855796813965
2599 3.3156256675720215
2600 3.219252109527588
2601 3.1163599491119385
2602 3.2607972621917725
2603 2.9159996509552
2604 3.1011710166931152
2605 2.984726905822754
2606 3.1802003383636475
2607 3.1562864780426025
2608 3.238795757293701
2609 3.2099409103393555
2610 3.24660587310791
2611 3.3804526329040527
2612 2.9968042373657227
2613 3.1175754070281982
2614 3.0630910396575928
2615 2.9622111320495605
2616 2.8438687324523926
2617 3.0421323776245117
2618 2.872178792953491
2619 3.029208183288574
2620 3.025575637817383
2621 3.0387916564941406
2622 3.0082428455352783
2623 2.8790531158447266
2624 3.0380465984344482
2625 2.9460599422454834
2626 2.812878370285034
2627 3.053323268890381
2628 3.1246278285980225
2629 3.1154069900512695
2630 3.0772857666015625
2631 3.0109591484069824
2632 2.8437438011169434
2633 3.1891727447509766
2634 3.0247597694396973
2635 3.0388052463531494
2636 3.1508092880249023
2637 3.0388851165771484
2638 3.0884687900543213
2639 2.9765069484710693
2640 3.164353132247925
2641 3.111870765686035
2642 3.195344924926758
2643 3.2477619647979736
2644 3.03869891166687
2645 3.074748992919922
2646 3.143826723098755
2647 3.0348267555236816
2648 3.0040621757507324
2649 3.17805552482605
2650 3.144270658493042
2651 2.9437880516052246
2652 3.0234944820404053
2653 3.166003942489624
2654 3.082886219024658
2655 2.9615561962127686
2656 2.9122681617736816
2657 3.1605520248413086
2658 2.844602346420288
2659 3.208488941192627
2660 2.846543073654175
2661 2.9218902587890625
2662 2.955620288848877
2663 2.8754594326019287
2664 2.784417152404785
2665 2.865586519241333
2666 3.0941951274871826
2667 2.992436647415161
2668 2.8618037700653076
2669 3.0263588428497314
2670 3.055933713912964
2671 2.9194929599761963
2672 2.9706132411956787
2673 2.939866304397583
2674 3.038069248199463
2675 3.0756595134735107
2676 2.7612409591674805
2677 2.9739553928375244
2678 2.960275173187256
2679 2.982415199279785
2680 2.8526930809020996
2681 2.8993823528289795
2682 2.8937618732452393
2683 2.7088308334350586
2684 2.842836380004883
2685 2.8902411460876465
2686 3.073279619216919
2687 2.5452537536621094
2688 2.770906925201416
2689 2.7674789428710938
2690 2.6806108951568604
2691 2.9266202449798584
2692 2.869889259338379
2693 3.015373706817627
2694 2.9372000694274902
2695 3.064758777618408
2696 3.037520170211792
2697 2.8499319553375244
2698 3.087804079055786
2699 3.0983705520629883
2700 2.8889822959899902
2701 2.8855514526367188
2702 3.0260016918182373
2703 3.0867555141448975
2704 3.1508662700653076
2705 3.0358595848083496
2706 3.0217180252075195
2707 3.072917938232422
2708 3.063330888748169
2709 3.0807993412017822
2710 3.043137788772583
2711 3.105797290802002
2712 2.863182783126831
2713 2.9364521503448486
2714 3.0169870853424072
2715 2.885996103286743
2716 3.1441895961761475
2717 3.1630594730377197
2718 3.063840627670288
2719 3.1826136112213135
2720 3.096266984939575
2721 2.9439666271209717
2722 3.0163092613220215
2723 2.897035837173462
2724 2.938760995864868
2725 3.158846616744995
2726 3.1660194396972656
2727 2.989151954650879
2728 2.957719326019287
2729 2.871582269668579
2730 2.9359216690063477
2731 3.1947219371795654
2732 2.838545322418213
2733 2.9161555767059326
2734 2.9085068702697754
2735 3.3524460792541504
2736 3.081509828567505
2737 3.04144549369812
2738 3.0375189781188965
2739 3.190885543823242
2740 3.118401288986206
2741 3.1692416667938232
2742 3.1141726970672607
2743 3.3394603729248047
2744 3.0528717041015625
2745 2.867509365081787
2746 3.0890867710113525
2747 2.7952394485473633
2748 2.755061388015747
2749 2.7909188270568848
2750 2.79148268699646
2751 3.020766258239746
2752 3.0311553478240967
2753 2.8522746562957764
2754 3.1276631355285645
2755 3.073714256286621
2756 2.8721799850463867
2757 2.9856202602386475
2758 2.9513487815856934
2759 3.2010672092437744
2760 3.1231765747070312
2761 3.116056442260742
2762 3.0993287563323975
2763 3.059969425201416
2764 3.1645514965057373
2765 3.047163724899292
2766 2.9857683181762695
2767 3.074692487716675
2768 3.087989330291748
2769 3.0657989978790283
2770 3.1364340782165527
2771 3.2158448696136475
2772 3.088160276412964
2773 2.954190492630005
2774 2.890738010406494
2775 2.973787307739258
2776 2.9843928813934326
2777 3.0009796619415283
2778 3.0488622188568115
2779 2.854519844055176
2780 2.755103349685669
2781 2.9373583793640137
2782 3.0551559925079346
2783 2.721832275390625
2784 2.9196133613586426
2785 2.9349751472473145
2786 3.1600122451782227
2787 3.0922272205352783
2788 2.925459623336792
2789 2.999056577682495
2790 3.1108174324035645
2791 2.8944127559661865
2792 3.046306848526001
2793 2.8977835178375244
2794 2.8618083000183105
2795 2.884101390838623
2796 3.0781452655792236
2797 3.176095724105835
2798 3.218228816986084
2799 3.052332878112793
2800 3.3312361240386963
2801 3.100752115249634
2802 2.835622549057007
2803 2.916185140609741
2804 3.0981333255767822
2805 3.0875613689422607
2806 2.819230318069458
2807 2.901597261428833
2808 2.7349414825439453
2809 2.9060866832733154
2810 2.944519519805908
2811 2.833595037460327
2812 3.0907375812530518
2813 2.8875956535339355
2814 3.096402168273926
2815 2.8841922283172607
2816 2.8934807777404785
2817 3.0544698238372803
2818 3.081758737564087
2819 2.840690851211548
2820 3.052187204360962
2821 3.011596918106079
2822 2.8241474628448486
2823 2.8052029609680176
2824 3.021552085876465
2825 2.777803659439087
2826 2.9102048873901367
2827 3.0402443408966064
2828 3.0157055854797363
2829 2.8374338150024414
2830 3.037367820739746
2831 2.879319429397583
2832 2.655919313430786
2833 2.7356741428375244
2834 2.5892579555511475
2835 2.7887825965881348
2836 2.888151168823242
2837 3.0217530727386475
2838 2.9328722953796387
2839 2.871105909347534
2840 3.142153024673462
2841 3.239121198654175
2842 3.015115261077881
2843 3.104368209838867
2844 3.1313538551330566
2845 2.796583890914917
2846 3.3020646572113037
2847 3.04457688331604
2848 2.983994483947754
2849 2.848064661026001
2850 2.869966983795166
2851 3.037966251373291
2852 3.109938383102417
2853 3.2633652687072754
2854 3.0258255004882812
2855 2.998004913330078
2856 3.10530161857605
2857 3.1174814701080322
2858 3.065587282180786
2859 2.86850643157959
2860 2.9106171131134033
2861 3.112485647201538
2862 2.9080777168273926
2863 2.976970672607422
2864 2.79252552986145
2865 2.830925941467285
2866 3.014646053314209
2867 2.7616634368896484
2868 3.2639682292938232
2869 2.930830955505371
2870 2.7791357040405273
2871 2.9533145427703857
2872 3.0211400985717773
2873 2.6398041248321533
2874 2.7993557453155518
2875 2.8485300540924072
2876 3.2074661254882812
2877 2.9869253635406494
2878 3.25605845451355
2879 3.144134283065796
2880 3.093780040740967
2881 3.062734842300415
2882 3.1973373889923096
2883 3.044480562210083
2884 2.704352617263794
2885 2.902449607849121
2886 2.800694704055786
2887 2.9857606887817383
2888 2.825430393218994
2889 2.727322816848755
2890 3.0176188945770264
2891 2.8153815269470215
2892 2.6545627117156982
2893 3.0018839836120605
2894 2.9726457595825195
2895 2.9549808502197266
2896 3.0166356563568115
2897 2.9157071113586426
2898 3.0733489990234375
2899 3.044401168823242
2900 3.0792176723480225
2901 2.8493001461029053
2902 2.8114912509918213
2903 2.7724103927612305
2904 2.9050872325897217
2905 3.0301151275634766
2906 3.0946004390716553
2907 3.0346322059631348
2908 3.1121153831481934
2909 3.064831495285034
2910 2.8323090076446533
2911 2.744769811630249
2912 2.7019641399383545
2913 3.0191826820373535
2914 3.15008282661438
2915 2.85595965385437
2916 2.983450174331665
2917 2.847804069519043
2918 3.146613359451294
2919 2.8107006549835205
2920 3.046384811401367
2921 2.95524525642395
2922 2.860196352005005
2923 2.786886215209961
2924 2.7182841300964355
2925 3.1399881839752197
2926 2.877973794937134
2927 3.051154613494873
2928 2.7723331451416016
2929 3.098446846008301
2930 2.9424471855163574
2931 3.090472936630249
2932 2.9666576385498047
2933 2.8486499786376953
2934 2.7502286434173584
2935 2.9277522563934326
2936 3.2275023460388184
2937 2.9750945568084717
2938 3.0962843894958496
2939 2.937751054763794
2940 2.930591106414795
2941 2.8802859783172607
2942 2.8753931522369385
2943 2.9340832233428955
2944 2.8235535621643066
2945 2.8810973167419434
2946 2.9791817665100098
2947 3.0831570625305176
2948 3.0306382179260254
2949 3.2144534587860107
2950 3.024521827697754
2951 2.9534051418304443
2952 3.0194263458251953
2953 3.096264362335205
2954 3.041468858718872
2955 2.8607380390167236
2956 2.9137167930603027
2957 2.9859607219696045
2958 3.1002676486968994
2959 3.08809757232666
2960 3.137446880340576
2961 2.9730727672576904
2962 3.026959180831909
2963 3.0623505115509033
2964 3.017385959625244
2965 3.1550042629241943
2966 3.15767502784729
2967 3.015043020248413
2968 3.0468482971191406
2969 2.8859875202178955
2970 3.1058952808380127
2971 3.111497163772583
2972 3.055943012237549
2973 2.9267210960388184
2974 2.9004688262939453
2975 3.091472625732422
2976 3.136713981628418
2977 3.1261062622070312
2978 3.038794755935669
2979 3.0544674396514893
2980 2.930402994155884
2981 2.8886585235595703
2982 2.97859787940979
2983 2.9569613933563232
2984 3.098191022872925
2985 3.239147424697876
2986 3.0072507858276367
2987 2.8022847175598145
2988 3.094942569732666
2989 2.997065782546997
2990 2.979952573776245
2991 2.9462337493896484
2992 2.93902850151062
2993 2.8462421894073486
2994 2.8981897830963135
2995 2.9206535816192627
2996 3.0931174755096436
2997 3.036630153656006
2998 3.149061679840088
2999 3.003603935241699
3000 3.0578222274780273
3001 3.286112070083618
3002 3.0640602111816406
3003 3.1381351947784424
3004 3.2348220348358154
3005 2.806048631668091
3006 2.8258721828460693
3007 3.151207685470581
3008 3.346571207046509
3009 3.2790937423706055
3010 2.937584400177002
3011 3.131532907485962
3012 2.853234052658081
3013 2.986745595932007
3014 2.841780424118042
3015 2.8393261432647705
3016 2.637564182281494
3017 2.8724663257598877
3018 2.929600477218628
3019 2.935976505279541
3020 2.7794010639190674
3021 2.849489688873291
3022 2.8403103351593018
3023 2.738426923751831
3024 2.869907855987549
3025 2.811215877532959
3026 2.8343002796173096
3027 2.861250877380371
3028 3.0483875274658203
3029 2.9171347618103027
3030 3.0600433349609375
3031 3.037379026412964
3032 2.9273529052734375
3033 2.8963496685028076
3034 2.800011157989502
3035 2.947699546813965
3036 3.0106213092803955
3037 2.907550811767578
3038 2.860694646835327
3039 3.0009992122650146
3040 2.942082405090332
3041 2.852923631668091
3042 2.8797099590301514
3043 2.921100378036499
3044 2.805824041366577
3045 3.0853402614593506
3046 3.074418783187866
3047 3.110187530517578
3048 3.055703639984131
3049 3.241469144821167
3050 3.049557685852051
3051 3.0555272102355957
3052 2.950883626937866
3053 3.0219662189483643
3054 2.8844263553619385
3055 3.304335355758667
3056 3.013428211212158
3057 3.169773578643799
3058 3.0736336708068848
3059 3.1296160221099854
3060 3.1900782585144043
3061 3.180485248565674
3062 3.1770846843719482
3063 3.172039747238159
3064 2.8936150074005127
3065 2.8958981037139893
3066 3.253333568572998
3067 2.987889051437378
3068 3.119325876235962
3069 3.052216053009033
3070 3.0615897178649902
3071 2.938383102416992
3072 3.2714223861694336
3073 3.0836880207061768
3074 2.917151927947998
3075 3.207533359527588
3076 3.0394392013549805
3077 2.8195645809173584
3078 2.817615270614624
3079 3.0478572845458984
3080 3.0195438861846924
3081 3.0969414710998535
3082 3.0500364303588867
3083 3.0889124870300293
3084 3.0287508964538574
3085 3.0371265411376953
3086 2.938973903656006
3087 2.897637367248535
3088 3.0545318126678467
3089 3.0045557022094727
3090 3.00811505317688
3091 3.1190223693847656
3092 2.9505882263183594
3093 3.2332799434661865
3094 3.3866841793060303
3095 3.0879065990448
3096 3.062863349914551
3097 3.147976875305176
3098 2.9985098838806152
3099 2.905834913253784
3100 3.147664785385132
3101 3.028271436691284
3102 3.07450532913208
3103 3.34495210647583
3104 3.229546070098877
3105 3.0865848064422607
3106 2.7941646575927734
3107 3.042797803878784
3108 3.023534059524536
3109 3.055534601211548
3110 3.255784749984741
3111 3.1410820484161377
3112 2.956394910812378
3113 3.0807504653930664
3114 3.0535993576049805
3115 2.9482288360595703
3116 3.048128128051758
3117 2.9964470863342285
3118 3.2268760204315186
3119 3.0660665035247803
3120 3.2500600814819336
3121 3.207613706588745
3122 3.031683921813965
3123 2.82536244392395
3124 2.940743923187256
3125 3.395331382751465
3126 3.090735912322998
3127 3.343331813812256
3128 3.2548890113830566
3129 2.952547073364258
3130 3.1174819469451904
3131 3.211858034133911
3132 3.0898890495300293
3133 3.2316582202911377
3134 3.2597975730895996
3135 3.344545602798462
3136 3.244396686553955
3137 2.9214465618133545
3138 2.9486069679260254
3139 3.0123777389526367
3140 3.016929864883423
3141 2.954500675201416
3142 3.044734001159668
3143 2.9719114303588867
3144 3.2900824546813965
3145 3.0930559635162354
3146 3.0748131275177
3147 3.007065773010254
3148 3.0251448154449463
3149 3.208073377609253
3150 3.2401442527770996
3151 3.065986156463623
3152 3.2750914096832275
3153 3.2088115215301514
3154 3.063532829284668
3155 2.9201693534851074
3156 3.0975396633148193
3157 3.1864209175109863
3158 3.1038832664489746
3159 3.0102357864379883
3160 3.2288875579833984
3161 3.0685157775878906
3162 2.985930919647217
3163 3.1710026264190674
3164 3.2287309169769287
3165 2.9688570499420166
3166 3.16135573387146
3167 3.0649290084838867
3168 2.9540438652038574
3169 3.052438735961914
3170 2.9413609504699707
3171 3.01896595954895
3172 3.0034241676330566
3173 3.0552053451538086
3174 3.1331982612609863
3175 3.116504430770874
3176 2.875885009765625
3177 3.0529370307922363
3178 3.081815242767334
3179 3.318321704864502
3180 3.068610906600952
3181 2.91807222366333
3182 2.971487283706665
3183 3.057892322540283
3184 2.9765090942382812
3185 2.9830517768859863
3186 3.019963026046753
3187 2.8918282985687256
3188 3.2633056640625
3189 3.2990024089813232
3190 3.21476411819458
3191 3.178176164627075
3192 3.1052157878875732
3193 3.214792490005493
3194 3.053563117980957
3195 3.133983612060547
3196 3.0865964889526367
3197 3.1643850803375244
3198 3.2014646530151367
3199 2.9629628658294678
3200 3.085115671157837
3201 3.1489429473876953
3202 3.1347641944885254
3203 3.3641867637634277
3204 3.2682533264160156
3205 2.935871124267578
3206 3.020190715789795
3207 2.898345708847046
3208 2.9429609775543213
3209 3.208163261413574
3210 3.075897455215454
3211 3.24422025680542
3212 2.93695330619812
3213 3.134589195251465
3214 2.958228349685669
3215 3.033581256866455
3216 2.9945638179779053
3217 3.275012969970703
3218 3.1450064182281494
3219 2.7945783138275146
3220 3.154749870300293
3221 2.852506399154663
3222 2.99334454536438
3223 2.889519214630127
3224 2.9976589679718018
3225 2.9143009185791016
3226 2.896639823913574
3227 3.007197856903076
3228 3.0147979259490967
3229 3.001981258392334
3230 3.4901435375213623
3231 3.056529998779297
3232 2.8883376121520996
3233 3.0041816234588623
3234 2.877340793609619
3235 2.8878047466278076
3236 2.900444507598877
3237 2.9747121334075928
3238 3.0025856494903564
3239 2.9870409965515137
3240 2.9187021255493164
3241 3.2697713375091553
3242 3.0835816860198975
3243 3.0389163494110107
3244 3.2535455226898193
3245 2.948944091796875
3246 3.0274572372436523
3247 3.0407004356384277
3248 3.030290126800537
3249 2.939560651779175
3250 2.9684088230133057
3251 3.0199100971221924
3252 3.089437484741211
3253 3.217257261276245
3254 3.219082832336426
3255 3.323333263397217
3256 3.039722204208374
3257 3.1368157863616943
3258 3.181658983230591
3259 2.9963722229003906
3260 3.1342289447784424
3261 3.2575607299804688
3262 3.0498416423797607
3263 3.191906452178955
3264 3.2164247035980225
3265 3.071570873260498
3266 3.2917306423187256
3267 3.1493563652038574
3268 3.105067014694214
3269 3.1326470375061035
3270 2.8389241695404053
3271 2.949948310852051
3272 3.0731794834136963
3273 3.2749104499816895
3274 2.9573545455932617
3275 2.977184534072876
3276 3.068441867828369
3277 2.9822070598602295
3278 3.0275979042053223
3279 3.312530517578125
3280 3.1571261882781982
3281 3.226989984512329
3282 3.310342788696289
3283 3.370004415512085
3284 3.266895294189453
3285 3.132479429244995
3286 3.052288293838501
3287 3.1738808155059814
3288 3.0644690990448
3289 2.8722610473632812
3290 2.908298969268799
3291 3.0594775676727295
3292 3.0097107887268066
3293 2.8924293518066406
3294 3.0070013999938965
3295 3.160452127456665
3296 3.314363956451416
3297 3.063016176223755
3298 2.854576349258423
3299 3.13438081741333
3300 3.2256906032562256
3301 3.0531764030456543
3302 3.259854793548584
3303 3.2131948471069336
3304 3.0981924533843994
3305 3.1474649906158447
3306 3.081611156463623
3307 3.154514789581299
3308 3.082531690597534
3309 3.016408920288086
3310 3.1741108894348145
3311 3.028160572052002
3312 3.1034352779388428
3313 3.156435251235962
3314 2.8454389572143555
3315 2.904160261154175
3316 3.0814552307128906
3317 3.008627414703369
3318 3.1725199222564697
3319 3.090684652328491
3320 2.997257947921753
3321 2.771859645843506
3322 3.1818249225616455
3323 3.341644763946533
3324 3.014969825744629
3325 3.02077317237854
3326 3.1330976486206055
3327 3.382862091064453
3328 3.1807620525360107
3329 3.13521146774292
3330 2.999573230743408
3331 3.036872625350952
3332 3.078855037689209
3333 3.19054913520813
3334 3.096726894378662
3335 2.9552316665649414
3336 3.047461986541748
3337 3.078690528869629
3338 2.914844512939453
3339 3.020465850830078
3340 3.049095630645752
3341 3.000070333480835
3342 2.7742550373077393
3343 2.7882890701293945
3344 3.1434171199798584
3345 3.233978748321533
3346 3.2990481853485107
3347 3.1695683002471924
3348 3.2195286750793457
3349 3.3864192962646484
3350 3.1488683223724365
3351 3.2853615283966064
3352 3.1879465579986572
3353 3.2140495777130127
3354 3.061206340789795
3355 3.0743982791900635
3356 3.058443307876587
3357 2.9760582447052
3358 3.096540927886963
3359 3.176726818084717
3360 2.81640625
3361 2.9831786155700684
3362 2.843801498413086
3363 2.9982311725616455
3364 3.145879030227661
3365 3.0520951747894287
3366 3.1288928985595703
3367 3.210209608078003
3368 2.996234178543091
3369 3.2484917640686035
3370 3.1488845348358154
3371 3.2179677486419678
3372 3.1215109825134277
3373 3.1815624237060547
3374 3.154407501220703
3375 3.1619503498077393
3376 3.067016363143921
3377 3.1752796173095703
3378 3.161604881286621
3379 3.2259950637817383
3380 3.003803253173828
3381 2.9833812713623047
3382 3.023491144180298
3383 2.990124464035034
3384 3.051344156265259
3385 3.125218152999878
3386 3.293790102005005
3387 3.086852550506592
3388 3.1913888454437256
3389 3.300825595855713
3390 3.3669111728668213
3391 3.286752223968506
3392 3.585747718811035
3393 3.171724319458008
3394 3.244210720062256
3395 3.3067004680633545
3396 3.148587226867676
3397 3.3073551654815674
3398 3.319669246673584
3399 3.2014918327331543
3400 3.023719072341919
3401 3.1158599853515625
3402 3.291900157928467
3403 3.2700161933898926
3404 3.266313076019287
3405 3.277430534362793
3406 3.2920167446136475
3407 3.141460418701172
3408 3.307960271835327
3409 3.1116390228271484
3410 3.284242630004883
3411 3.1585402488708496
3412 3.2791032791137695
3413 3.0256009101867676
3414 3.3528354167938232
3415 3.331559658050537
3416 3.1713058948516846
3417 3.1712279319763184
3418 3.168503761291504
3419 3.1740169525146484
3420 3.2308757305145264
3421 3.005685329437256
3422 2.9805736541748047
3423 3.071913480758667
3424 3.2127256393432617
3425 3.0651168823242188
3426 3.1675546169281006
3427 3.0413482189178467
3428 2.998565673828125
3429 2.971790075302124
3430 3.1986539363861084
3431 3.1074373722076416
3432 3.111508369445801
3433 3.144312620162964
3434 2.950658082962036
3435 3.0762126445770264
3436 3.149311065673828
3437 3.116689920425415
3438 3.104519844055176
3439 3.1553008556365967
3440 3.2161245346069336
3441 3.176950693130493
3442 3.1272852420806885
3443 3.4251794815063477
3444 3.2414140701293945
3445 3.1222081184387207
3446 3.150756597518921
3447 3.0732624530792236
3448 3.181802749633789
3449 3.3530962467193604
3450 3.4574012756347656
3451 3.1077535152435303
3452 3.122307538986206
3453 3.249229907989502
3454 3.2093589305877686
3455 3.3208060264587402
3456 3.312278985977173
3457 2.99757981300354
3458 3.159696578979492
3459 3.090852737426758
3460 3.0923807621002197
3461 3.461777925491333
3462 3.3215036392211914
3463 3.1769626140594482
3464 3.0272536277770996
3465 3.2071855068206787
3466 3.171682596206665
3467 3.1314144134521484
3468 3.111642360687256
3469 3.0410218238830566
3470 3.13553786277771
3471 2.9248740673065186
3472 3.219609260559082
3473 3.0159215927124023
3474 3.1163034439086914
3475 3.025803804397583
3476 3.3049840927124023
3477 3.131399631500244
3478 3.1316723823547363
3479 3.194331645965576
3480 3.0988128185272217
3481 3.285139322280884
3482 3.158742666244507
3483 3.0768237113952637
3484 3.2460474967956543
3485 3.2521650791168213
3486 3.2578859329223633
3487 3.21075177192688
3488 3.269728899002075
3489 3.240105628967285
3490 3.101616382598877
3491 3.0738115310668945
3492 3.2384700775146484
3493 2.99365234375
3494 2.913501024246216
3495 2.9812018871307373
3496 3.034867286682129
3497 3.2360756397247314
3498 3.1024675369262695
3499 2.96439266204834
3500 3.024224042892456
3501 3.1250197887420654
3502 3.0597476959228516
3503 3.078972339630127
3504 3.1057868003845215
3505 3.0947413444519043
3506 3.0061564445495605
3507 2.866805076599121
3508 3.27968430519104
3509 2.960690498352051
3510 2.9360389709472656
3511 2.9131572246551514
3512 3.0145211219787598
3513 3.028899669647217
3514 3.030771493911743
3515 3.034604072570801
3516 3.239135980606079
3517 3.2092628479003906
3518 3.5076816082000732
3519 3.323622465133667
3520 3.2178397178649902
3521 3.1634581089019775
3522 3.462090253829956
3523 3.2564284801483154
3524 3.2462830543518066
3525 3.1898128986358643
3526 3.595869779586792
3527 3.4730608463287354
3528 3.5595929622650146
3529 3.412834405899048
3530 3.3231494426727295
3531 3.11790132522583
3532 3.252256393432617
3533 3.530759334564209
3534 3.492802858352661
3535 3.3585236072540283
3536 3.2690136432647705
3537 3.088698148727417
3538 3.1831161975860596
3539 3.252143383026123
3540 3.3567562103271484
3541 3.116611957550049
3542 3.1032168865203857
3543 3.3628268241882324
3544 3.0451529026031494
3545 2.9558281898498535
3546 3.2949700355529785
3547 3.0156409740448
3548 3.175121545791626
3549 3.025386095046997
3550 3.0368237495422363
3551 3.1837825775146484
3552 3.1199076175689697
3553 3.30190110206604
3554 3.061655044555664
3555 2.966279983520508
3556 3.18007755279541
3557 3.1737730503082275
3558 3.177203416824341
3559 3.232830286026001
3560 3.2383217811584473
3561 3.1205551624298096
3562 3.2778022289276123
3563 3.257289171218872
3564 3.2238259315490723
3565 3.1108133792877197
3566 3.119687795639038
3567 3.0677008628845215
3568 3.1082780361175537
3569 3.2332160472869873
3570 2.886953592300415
3571 3.031944513320923
3572 3.0760624408721924
3573 3.1458401679992676
3574 3.1233599185943604
3575 3.210322380065918
3576 3.091719627380371
3577 2.8404951095581055
3578 3.0634703636169434
3579 3.0259995460510254
3580 3.2309622764587402
3581 3.2678592205047607
3582 3.1130034923553467
3583 3.223391532897949
3584 3.0434207916259766
3585 3.1762239933013916
3586 3.227799415588379
3587 3.222313165664673
3588 3.031529188156128
3589 3.3995354175567627
3590 3.277420997619629
3591 3.018695116043091
3592 3.2918474674224854
3593 2.988163709640503
3594 2.907752275466919
3595 3.04490065574646
3596 2.97538423538208
3597 3.2659964561462402
3598 3.0022366046905518
3599 2.8988258838653564
3600 2.983628988265991
3601 3.081402063369751
3602 3.320188283920288
3603 3.328930616378784
3604 3.108154773712158
3605 3.026212215423584
3606 3.3661603927612305
3607 3.118635892868042
3608 2.9800570011138916
3609 2.864553213119507
3610 2.8797590732574463
3611 2.836515426635742
3612 2.7171895503997803
3613 3.030961751937866
3614 3.035403251647949
3615 2.9195303916931152
3616 2.6946351528167725
3617 2.857579469680786
3618 2.7512412071228027
3619 2.8550376892089844
3620 2.8736448287963867
3621 3.114820957183838
3622 2.9957327842712402
3623 2.9479451179504395
3624 2.8803651332855225
3625 2.6060354709625244
3626 2.8418009281158447
3627 2.949983596801758
3628 2.835364580154419
3629 2.8938233852386475
3630 3.0494093894958496
3631 2.96134090423584
3632 2.959873676300049
3633 3.0978524684906006
3634 3.095508337020874
3635 3.0495083332061768
3636 3.1442818641662598
3637 2.8172268867492676
3638 2.99556303024292
3639 2.979576587677002
3640 3.092137575149536
3641 3.050758123397827
3642 3.0163116455078125
3643 2.9851109981536865
3644 3.02909255027771
3645 3.0628950595855713
3646 3.0262796878814697
3647 3.031751871109009
3648 3.023759365081787
3649 3.018106460571289
3650 3.0472702980041504
3651 3.10375714302063
3652 3.0701773166656494
3653 3.0574586391448975
3654 2.934178352355957
3655 3.1099114418029785
3656 2.8924307823181152
3657 3.0418858528137207
3658 3.114497661590576
3659 3.1873955726623535
3660 3.0883285999298096
3661 3.0399999618530273
3662 3.111375570297241
3663 3.0334830284118652
3664 3.1286349296569824
3665 3.369999885559082
3666 2.9928202629089355
3667 2.9775214195251465
3668 2.956249952316284
3669 2.8865742683410645
3670 3.012641668319702
3671 3.136455774307251
3672 3.187617301940918
3673 3.0448434352874756
3674 3.013836145401001
3675 3.287271499633789
3676 3.2488179206848145
3677 3.2674758434295654
3678 3.184607982635498
3679 3.166733503341675
3680 2.894376039505005
3681 2.879002094268799
3682 3.186194658279419
3683 2.9956347942352295
3684 3.0426502227783203
3685 2.914301872253418
3686 2.8280105590820312
3687 2.8053762912750244
3688 2.881194829940796
3689 2.9755136966705322
3690 2.91880202293396
3691 2.9140963554382324
3692 3.146698474884033
3693 3.160099744796753
3694 3.0204546451568604
3695 3.1066043376922607
3696 3.056097984313965
3697 2.889474391937256
3698 3.2935707569122314
3699 2.9463748931884766
3700 2.938826084136963
3701 3.234529972076416
3702 2.932187080383301
3703 3.06076979637146
3704 3.007800340652466
3705 3.1777098178863525
3706 3.0223278999328613
3707 2.9578495025634766
3708 2.940429449081421
3709 2.8416295051574707
3710 2.7538676261901855
3711 2.727246046066284
3712 2.921281337738037
3713 2.8365495204925537
3714 2.8217389583587646
3715 2.8644943237304688
3716 2.841838836669922
3717 2.7590110301971436
3718 2.9614779949188232
3719 3.0774037837982178
3720 3.0922319889068604
3721 3.0853891372680664
3722 3.086503744125366
3723 2.9618892669677734
3724 3.1059651374816895
3725 3.10782790184021
3726 3.0449156761169434
3727 3.020855188369751
3728 2.9458489418029785
3729 3.104271411895752
3730 3.3404171466827393
3731 3.3514957427978516
3732 2.9865496158599854
3733 3.108595132827759
3734 3.1460824012756348
3735 2.90033221244812
3736 2.895085096359253
3737 3.120540142059326
3738 3.0592260360717773
3739 2.9706931114196777
3740 3.080826759338379
3741 3.088669538497925
3742 3.0102834701538086
3743 3.0011708736419678
3744 3.2061188220977783
3745 3.1147847175598145
3746 3.0000412464141846
3747 3.1627004146575928
3748 3.06931734085083
3749 3.084315776824951
3750 3.158460855484009
3751 3.193695068359375
3752 3.024416208267212
3753 2.9675045013427734
3754 2.8911187648773193
3755 3.1999266147613525
3756 3.067148208618164
3757 3.1698737144470215
3758 3.1155734062194824
3759 3.2045509815216064
3760 3.197009563446045
3761 3.0861518383026123
3762 2.9992191791534424
3763 3.252990484237671
3764 2.875093936920166
3765 2.782515525817871
3766 2.919365644454956
3767 3.086251735687256
3768 2.8818118572235107
3769 2.843540906906128
3770 2.978900909423828
3771 2.999105453491211
3772 3.0001394748687744
3773 3.338447093963623
3774 3.2993974685668945
3775 2.95084285736084
3776 3.18652606010437
3777 2.9220170974731445
3778 3.0562572479248047
3779 3.0061187744140625
3780 2.9956777095794678
3781 3.2008540630340576
3782 3.0585567951202393
3783 3.253401041030884
3784 3.3460946083068848
3785 3.3014137744903564
3786 3.18105149269104
3787 3.293018341064453
3788 3.1599342823028564
3789 3.007735252380371
3790 3.4101691246032715
3791 3.13720703125
3792 3.243875026702881
3793 3.156954526901245
3794 3.21049165725708
3795 3.3492019176483154
3796 3.364927291870117
3797 3.148446798324585
3798 3.2876718044281006
3799 3.0461862087249756
3800 3.1188805103302
3801 3.0897064208984375
3802 3.2487077713012695
3803 3.153749465942383
3804 3.2814090251922607
3805 3.3829221725463867
3806 3.1820690631866455
3807 3.1908485889434814
3808 3.295387029647827
3809 2.9183762073516846
3810 3.128650426864624
3811 3.284876585006714
3812 3.255613327026367
3813 3.3748979568481445
3814 3.031862735748291
3815 3.2984862327575684
3816 3.0847294330596924
3817 3.35188889503479
3818 3.1944336891174316
3819 2.9563369750976562
3820 3.0441672801971436
3821 3.2719860076904297
3822 2.937195301055908
3823 3.065831422805786
3824 3.1641733646392822
3825 3.2583160400390625
3826 3.1775505542755127
3827 3.0399281978607178
3828 3.058307647705078
3829 3.265624523162842
3830 3.013246536254883
3831 3.1196062564849854
3832 3.116481304168701
3833 2.928370237350464
3834 3.054720401763916
3835 3.0277743339538574
3836 3.117166042327881
3837 3.043602705001831
3838 3.0287277698516846
3839 3.083022356033325
3840 2.894620180130005
3841 3.059752941131592
3842 2.9960110187530518
3843 3.0513012409210205
3844 2.8754773139953613
3845 3.002438545227051
3846 2.9966917037963867
3847 2.897259473800659
3848 3.2288668155670166
3849 2.9659535884857178
3850 2.998599052429199
3851 3.170840263366699
3852 3.1897547245025635
3853 2.876668930053711
3854 3.237882614135742
3855 3.020582914352417
3856 3.415525197982788
3857 3.1510114669799805
3858 2.9872281551361084
3859 3.2949578762054443
3860 3.079220771789551
3861 3.2060906887054443
3862 3.106748580932617
3863 2.936824321746826
3864 2.8786940574645996
3865 3.1896274089813232
3866 3.232085704803467
3867 3.2100179195404053
3868 3.050539016723633
3869 3.0866458415985107
3870 3.056061267852783
3871 3.089945077896118
3872 3.0990090370178223
3873 3.055583953857422
3874 2.8696515560150146
3875 3.077324628829956
3876 3.0783679485321045
3877 3.2392737865448
3878 2.9126672744750977
3879 3.026793956756592
3880 3.087580680847168
3881 3.0353100299835205
3882 2.9331071376800537
3883 3.052711248397827
3884 3.150402069091797
3885 2.8850131034851074
3886 3.0839383602142334
3887 3.080994129180908
3888 2.98038387298584
3889 2.8872365951538086
3890 2.995497226715088
3891 2.9285967350006104
3892 3.170938730239868
3893 3.036853075027466
3894 2.9087038040161133
3895 2.957209825515747
3896 3.0224850177764893
3897 2.9776899814605713
3898 3.216677188873291
3899 3.113407611846924
3900 3.141953706741333
3901 3.187497138977051
3902 3.099815607070923
3903 3.008824110031128
3904 2.880859136581421
3905 2.851921558380127
3906 2.863673448562622
3907 2.933131217956543
3908 2.795034646987915
3909 2.8447625637054443
3910 2.890035390853882
3911 2.684154987335205
3912 2.803314685821533
3913 3.0848660469055176
3914 2.646683931350708
3915 2.6200008392333984
3916 2.8870935440063477
3917 2.8703951835632324
3918 2.811739921569824
3919 3.1811575889587402
3920 2.9675533771514893
3921 2.8054633140563965
3922 2.7628302574157715
3923 2.6744027137756348
3924 2.6886792182922363
3925 2.9222025871276855
3926 2.760477066040039
3927 2.7801249027252197
3928 2.810961961746216
3929 2.7064783573150635
3930 2.8229737281799316
3931 2.7489075660705566
3932 2.971813201904297
3933 3.0456154346466064
3934 2.9261834621429443
3935 2.7455685138702393
3936 2.9408881664276123
3937 2.619401454925537
3938 2.900184392929077
3939 2.6706278324127197
3940 2.7637546062469482
3941 2.726686477661133
3942 2.7783234119415283
3943 2.8160643577575684
3944 2.8083181381225586
3945 2.8728439807891846
3946 2.9131405353546143
3947 3.116605281829834
3948 3.0762321949005127
3949 2.94558048248291
3950 2.8195481300354004
3951 3.0300004482269287
3952 3.035447835922241
3953 2.8778843879699707
3954 3.305041551589966
3955 2.870108127593994
3956 2.682600259780884
3957 3.0968739986419678
3958 2.7947745323181152
3959 2.8042337894439697
3960 3.0485246181488037
3961 3.148211717605591
3962 3.1054282188415527
3963 2.8685615062713623
3964 2.6887567043304443
3965 2.9666755199432373
3966 2.768277883529663
3967 2.949733257293701
3968 3.013036012649536
3969 2.9193685054779053
3970 2.8547167778015137
3971 2.887765645980835
3972 2.8559415340423584
3973 2.73209547996521
3974 2.6899571418762207
3975 2.947477340698242
3976 2.8088674545288086
3977 2.873133659362793
3978 2.7151331901550293
3979 2.926923990249634
3980 2.7327988147735596
3981 3.0639054775238037
3982 2.7754766941070557
3983 3.0326130390167236
3984 2.7368080615997314
3985 2.8454430103302
3986 2.9072487354278564
3987 3.101182222366333
3988 3.0468761920928955
3989 3.05527400970459
3990 3.2153866291046143
3991 3.0149731636047363
3992 3.1983418464660645
3993 2.911318778991699
3994 3.1934640407562256
3995 3.028146266937256
3996 2.7646842002868652
3997 3.034449577331543
3998 2.973186731338501
3999 2.925410509109497
4000 3.0971505641937256
4001 3.12758207321167
4002 3.1329505443573
4003 2.8773193359375
4004 2.875551700592041
4005 2.83074951171875
4006 3.085120677947998
4007 3.264078378677368
4008 2.9623680114746094
4009 3.3024392127990723
4010 3.1977052688598633
4011 3.089184284210205
4012 3.195546865463257
4013 3.2065536975860596
4014 3.085054636001587
4015 3.1210901737213135
4016 2.9749274253845215
4017 2.8208260536193848
4018 3.1038358211517334
4019 3.0121970176696777
4020 3.037031650543213
4021 3.131074905395508
4022 3.3841285705566406
4023 2.885359048843384
4024 3.1514346599578857
4025 2.952181577682495
4026 2.9532251358032227
4027 2.8705246448516846
4028 2.9637484550476074
4029 2.8505988121032715
4030 2.688300132751465
4031 3.0067989826202393
4032 2.8585522174835205
4033 2.7133567333221436
4034 2.9463393688201904
4035 2.830940008163452
4036 2.491844892501831
4037 2.834564685821533
4038 3.144864320755005
4039 3.0250720977783203
4040 3.096165418624878
4041 2.8780312538146973
4042 2.9178309440612793
4043 2.9126780033111572
4044 3.041653633117676
4045 2.8860106468200684
4046 2.9929068088531494
4047 2.864124298095703
4048 2.8613383769989014
4049 2.985210418701172
4050 3.03579044342041
4051 3.2788708209991455
4052 2.862593650817871
4053 2.93585467338562
4054 2.9515528678894043
4055 3.0855183601379395
4056 3.2021989822387695
4057 3.0966734886169434
4058 3.0802969932556152
4059 2.9241113662719727
4060 3.0384342670440674
4061 2.672480344772339
4062 2.8750288486480713
4063 3.0294971466064453
4064 2.942586898803711
4065 2.996037244796753
4066 2.9640724658966064
4067 2.914097309112549
4068 2.9951767921447754
4069 2.915405035018921
4070 2.876554250717163
4071 2.933465003967285
4072 3.0092623233795166
4073 3.01973032951355
4074 3.092768430709839
4075 3.001399517059326
4076 2.9555389881134033
4077 2.9862403869628906
4078 3.160526752471924
4079 3.150968313217163
4080 3.0193183422088623
4081 3.0660293102264404
4082 2.9717516899108887
4083 2.8909854888916016
4084 3.2138946056365967
4085 2.9840571880340576
4086 2.9360239505767822
4087 3.176323175430298
4088 3.298192024230957
4089 2.9906485080718994
4090 3.225311756134033
4091 3.3300979137420654
4092 3.2379262447357178
4093 3.19638729095459
4094 3.022768497467041
4095 3.0250818729400635
4096 3.2318830490112305
4097 3.3618180751800537
4098 2.9575982093811035
4099 3.223149299621582
4100 2.715871572494507
4101 3.106119394302368
4102 3.01627254486084
4103 3.190943956375122
4104 3.3709707260131836
4105 3.3690221309661865
4106 3.2665767669677734
4107 3.4525232315063477
4108 3.369244337081909
4109 3.260650157928467
4110 3.1716856956481934
4111 3.2333083152770996
4112 3.1043365001678467
4113 3.316624641418457
4114 3.16032338142395
4115 3.4292690753936768
4116 3.518327236175537
4117 3.4668381214141846
4118 3.1710128784179688
4119 3.1190857887268066
4120 3.3251352310180664
4121 3.1157305240631104
4122 2.8070998191833496
4123 2.889941692352295
4124 2.577024221420288
4125 2.7040164470672607
4126 2.666820764541626
4127 2.6507608890533447
4128 2.572525978088379
4129 2.7729856967926025
4130 2.8659420013427734
4131 2.8550610542297363
4132 2.7647604942321777
4133 2.7629315853118896
4134 2.9949846267700195
4135 3.010395050048828
4136 2.86116099357605
4137 2.695744752883911
4138 3.064735174179077
4139 3.318178653717041
4140 2.8631653785705566
4141 2.8783817291259766
4142 2.871609687805176
4143 2.9860687255859375
4144 2.7040505409240723
4145 2.7541074752807617
4146 2.7713654041290283
4147 2.9452266693115234
4148 2.850698232650757
4149 2.6677606105804443
4150 3.2922587394714355
4151 3.067552328109741
4152 2.632845401763916
4153 3.071458578109741
4154 2.8302059173583984
4155 2.8615596294403076
4156 2.816046714782715
4157 2.9616687297821045
4158 2.715693235397339
4159 2.7917115688323975
4160 2.7242465019226074
4161 2.9869678020477295
4162 2.6924734115600586
4163 2.816880464553833
4164 2.890533924102783
4165 3.028406858444214
4166 2.8108198642730713
4167 2.8644919395446777
4168 2.6991169452667236
4169 2.6501989364624023
4170 2.9555671215057373
4171 2.7570571899414062
4172 2.614692211151123
4173 2.7805817127227783
4174 2.673726797103882
4175 2.812094211578369
4176 2.786069869995117
4177 2.7702269554138184
4178 2.8038783073425293
4179 2.676178455352783
4180 2.7628438472747803
4181 2.7923367023468018
4182 2.8344802856445312
4183 2.691668748855591
4184 2.8854434490203857
4185 3.0062568187713623
4186 2.9070568084716797
4187 2.9182775020599365
4188 3.0372133255004883
4189 3.0014688968658447
4190 3.1689953804016113
4191 2.9344072341918945
4192 3.1267497539520264
4193 2.9879491329193115
4194 2.8760385513305664
4195 2.6759226322174072
4196 2.6252739429473877
4197 2.996246099472046
4198 2.7903008460998535
4199 3.137972593307495
4200 2.843520402908325
4201 2.487039089202881
4202 2.6399075984954834
4203 2.798842668533325
4204 2.7692174911499023
4205 2.8272101879119873
4206 2.5329835414886475
4207 2.634249448776245
4208 2.777499198913574
4209 2.804107904434204
4210 2.5664405822753906
4211 2.643406867980957
4212 2.7499563694000244
4213 2.6636905670166016
4214 2.662511110305786
4215 2.606628179550171
4216 2.833688497543335
4217 2.90775728225708
4218 2.8647727966308594
4219 2.6554839611053467
4220 2.561711311340332
4221 2.754473924636841
4222 2.6262004375457764
4223 2.969219207763672
4224 2.890298366546631
4225 3.0753605365753174
4226 2.8376924991607666
4227 2.7868103981018066
4228 2.9410808086395264
4229 2.7349941730499268
4230 2.824983596801758
4231 2.8252289295196533
4232 2.815423011779785
4233 2.9578495025634766
4234 2.9562699794769287
4235 2.908060312271118
4236 2.879908800125122
4237 2.8678336143493652
4238 2.8081188201904297
4239 2.856198787689209
4240 3.038997173309326
4241 2.9649040699005127
4242 2.9387025833129883
4243 2.9178810119628906
4244 2.864441156387329
4245 2.7342779636383057
4246 3.006922721862793
4247 2.7798261642456055
4248 2.9730348587036133
4249 3.008481025695801
4250 2.7598977088928223
4251 2.8156216144561768
4252 2.617264986038208
4253 2.799057960510254
4254 2.857714891433716
4255 2.6903603076934814
4256 2.7788186073303223
4257 2.7852303981781006
4258 2.942741870880127
4259 2.71916127204895
4260 2.787877321243286
4261 2.757362127304077
4262 2.9225549697875977
4263 2.920024871826172
4264 2.7945423126220703
4265 2.997051477432251
4266 2.801649332046509
4267 2.8692972660064697
4268 2.7350707054138184
4269 2.5943844318389893
4270 2.789365768432617
4271 2.649348020553589
4272 2.8947854042053223
4273 2.8985302448272705
4274 2.866410493850708
4275 2.823590040206909
4276 2.732424259185791
4277 2.890836000442505
4278 3.053290367126465
4279 2.6485447883605957
4280 2.6590781211853027
4281 2.778449535369873
4282 2.8280155658721924
4283 2.6954357624053955
4284 2.9394583702087402
4285 2.993413209915161
4286 2.733675956726074
4287 2.836604118347168
4288 2.739879846572876
4289 2.6507794857025146
4290 2.518876552581787
4291 2.8936381340026855
4292 2.584836483001709
4293 2.5435445308685303
4294 2.6609761714935303
4295 2.6201064586639404
4296 2.7441701889038086
4297 2.6465816497802734
4298 2.775334119796753
4299 2.8075766563415527
4300 2.785518169403076
4301 2.5252764225006104
4302 2.5361135005950928
4303 2.7982113361358643
4304 2.614245653152466
4305 2.4583544731140137
4306 2.596477746963501
4307 2.5072314739227295
4308 2.554795980453491
4309 2.503512144088745
4310 2.6936492919921875
4311 2.640747308731079
4312 2.5644004344940186
4313 2.6701440811157227
4314 2.7522826194763184
4315 2.6158320903778076
4316 2.651129722595215
4317 2.5212645530700684
4318 2.6957571506500244
4319 2.514096975326538
4320 2.566150665283203
4321 2.730800151824951
4322 2.6578307151794434
4323 2.693917751312256
4324 2.6099953651428223
4325 2.8438143730163574
4326 2.6591603755950928
4327 2.4265646934509277
4328 2.446913957595825
4329 2.5553207397460938
4330 2.6520087718963623
4331 2.5666253566741943
4332 2.5298755168914795
4333 2.621478796005249
4334 2.647207260131836
4335 2.5060853958129883
4336 2.762019395828247
4337 2.8164031505584717
4338 2.684375047683716
4339 2.7545740604400635
4340 2.661776542663574
4341 2.312767744064331
4342 2.5300638675689697
4343 2.546578884124756
4344 2.6121530532836914
4345 2.5111472606658936
4346 2.6046557426452637
4347 2.4363136291503906
4348 2.5558266639709473
4349 2.3925013542175293
4350 2.729025363922119
4351 2.5654447078704834
4352 2.7634897232055664
4353 2.867703914642334
4354 2.8135151863098145
4355 2.6216063499450684
4356 2.6975839138031006
4357 2.7808914184570312
4358 2.6874520778656006
4359 2.5577239990234375
4360 2.718090295791626
4361 2.4699575901031494
4362 2.220641613006592
4363 2.527765989303589
4364 2.711625576019287
4365 2.703998327255249
4366 2.637228012084961
4367 2.793283224105835
4368 2.6704537868499756
4369 2.6741886138916016
4370 2.693751573562622
4371 2.911151647567749
4372 2.700636386871338
4373 2.7108371257781982
4374 2.518836736679077
4375 2.80383038520813
4376 2.925485134124756
4377 2.9919486045837402
4378 3.009824752807617
4379 2.8155205249786377
4380 2.8593392372131348
4381 2.8750991821289062
4382 2.9875316619873047
4383 3.0336618423461914
4384 2.9177958965301514
4385 2.7149603366851807
4386 2.9268276691436768
4387 2.76076078414917
4388 3.190964460372925
4389 3.1943492889404297
4390 2.87851881980896
4391 3.0895493030548096
4392 3.347182512283325
4393 3.0009491443634033
4394 3.208094358444214
4395 3.055875778198242
4396 3.0682435035705566
4397 2.760669708251953
4398 3.0998787879943848
4399 2.8264992237091064
4400 2.737016201019287
4401 2.7026078701019287
4402 2.9845900535583496
4403 3.180954694747925
4404 3.067248821258545
4405 3.1609206199645996
4406 3.2714040279388428
4407 2.9773240089416504
4408 2.8978850841522217
4409 2.7313575744628906
4410 3.034529685974121
4411 2.8711934089660645
4412 3.0456020832061768
4413 2.7682642936706543
4414 3.0895307064056396
4415 3.1864469051361084
4416 3.0457584857940674
4417 3.0689749717712402
4418 2.97373628616333
4419 3.142038345336914
4420 3.0262856483459473
4421 3.0838510990142822
4422 2.859844446182251
4423 2.7964773178100586
4424 3.129636287689209
4425 3.093568801879883
4426 3.165468215942383
4427 3.233196496963501
4428 2.951507329940796
4429 3.0279605388641357
4430 3.176924705505371
4431 2.910984516143799
4432 3.262956380844116
4433 3.1092398166656494
4434 3.2277414798736572
4435 3.061608076095581
4436 3.1000006198883057
4437 3.0488998889923096
4438 3.1956093311309814
4439 3.0351483821868896
4440 3.009298801422119
4441 2.7928028106689453
4442 3.0797836780548096
4443 2.9786486625671387
4444 3.080836296081543
4445 3.0023856163024902
4446 3.0095982551574707
4447 3.3147740364074707
4448 2.9034647941589355
4449 2.935441255569458
4450 2.9385340213775635
4451 3.0821971893310547
4452 3.175666570663452
4453 3.092480421066284
4454 3.1204073429107666
4455 3.0887789726257324
4456 2.8822479248046875
4457 3.3144030570983887
4458 3.1638898849487305
4459 3.1656100749969482
4460 3.301724910736084
4461 3.0426366329193115
4462 3.414696455001831
4463 3.0835742950439453
4464 3.3349921703338623
4465 3.076475143432617
4466 3.0809390544891357
4467 2.869253396987915
4468 2.950272560119629
4469 3.150519847869873
4470 3.023883581161499
4471 2.959789276123047
4472 3.1606314182281494
4473 3.007040500640869
4474 2.919532060623169
4475 2.5780935287475586
4476 3.258793592453003
4477 2.845358371734619
4478 2.8046610355377197
4479 2.8870339393615723
4480 2.7686426639556885
4481 2.59302020072937
4482 2.735246181488037
4483 2.571697473526001
4484 2.779874324798584
4485 2.7483694553375244
4486 2.9828453063964844
4487 3.0930864810943604
4488 2.8587050437927246
4489 2.748387575149536
4490 2.944753885269165
4491 3.16572642326355
4492 2.9895987510681152
4493 2.832181930541992
4494 2.805647134780884
4495 2.8142921924591064
4496 2.7868270874023438
4497 2.9601402282714844
4498 2.839484214782715
4499 2.594057321548462
4500 2.8913469314575195
4501 2.867445468902588
4502 2.770766258239746
4503 3.0404953956604004
4504 2.787651300430298
4505 3.093491554260254
4506 3.012585401535034
4507 2.881566286087036
4508 2.987643241882324
4509 2.8734090328216553
4510 3.277675151824951
4511 3.053422212600708
4512 3.1745078563690186
4513 3.0902509689331055
4514 2.859823226928711
4515 3.2066445350646973
4516 2.7150135040283203
4517 2.9198148250579834
4518 2.914466142654419
4519 3.30155086517334
4520 2.8044304847717285
4521 2.7913904190063477
4522 3.0059518814086914
4523 2.890995502471924
4524 3.088590383529663
4525 2.82912015914917
4526 3.0833187103271484
4527 3.128056049346924
4528 3.251709222793579
4529 3.259860038757324
4530 3.290424108505249
4531 3.0119569301605225
4532 3.0906989574432373
4533 3.188152551651001
4534 3.2555720806121826
4535 2.982229471206665
4536 3.165415048599243
4537 3.104783296585083
4538 2.960338592529297
4539 3.0378198623657227
4540 3.1902923583984375
4541 2.9937143325805664
4542 2.900688648223877
4543 2.90401554107666
4544 2.955857276916504
4545 2.9428789615631104
4546 2.623764753341675
4547 2.627473831176758
4548 2.7540273666381836
4549 3.0107131004333496
4550 3.1094741821289062
4551 2.7150590419769287
4552 2.8024489879608154
4553 2.9113681316375732
4554 2.5485281944274902
4555 2.889514684677124
4556 2.925808906555176
4557 2.8562874794006348
4558 2.8724560737609863
4559 2.7204017639160156
4560 2.9795706272125244
4561 2.8684914112091064
4562 2.6198666095733643
4563 3.1088624000549316
4564 3.022531270980835
4565 2.947071075439453
4566 3.049492120742798
4567 2.88249135017395
4568 3.0691208839416504
4569 2.8741579055786133
4570 3.084052324295044
4571 2.8998186588287354
4572 2.894036293029785
4573 2.9662935733795166
4574 2.849468231201172
4575 2.6223151683807373
4576 2.793687105178833
4577 2.8358113765716553
4578 2.8311140537261963
4579 2.727429151535034
4580 3.104560375213623
4581 2.742830991744995
4582 2.6892359256744385
4583 2.9723782539367676
4584 2.9170472621917725
4585 2.831937074661255
4586 3.044888496398926
4587 2.7717018127441406
4588 2.917588472366333
4589 3.127084732055664
4590 3.057976484298706
4591 2.774867534637451
4592 2.9425837993621826
4593 2.848970413208008
4594 2.857273817062378
4595 3.0930747985839844
4596 3.0190045833587646
4597 3.0531671047210693
4598 3.022392988204956
4599 2.9011688232421875
4600 3.0314431190490723
4601 3.0879147052764893
4602 3.154684066772461
4603 3.007340431213379
4604 2.939936399459839
4605 2.8612332344055176
4606 2.8067009449005127
4607 2.77445912361145
4608 3.1313910484313965
4609 2.7284698486328125
4610 2.7919414043426514
4611 3.01420521736145
4612 3.099236488342285
4613 3.1059277057647705
4614 2.821413516998291
4615 3.334381580352783
4616 3.3070099353790283
4617 3.206188917160034
4618 3.1538548469543457
4619 3.082643508911133
4620 3.067945718765259
4621 2.788963794708252
4622 3.197113513946533
4623 2.9024593830108643
4624 2.896322011947632
4625 2.8489110469818115
4626 2.8774592876434326
4627 3.011096715927124
4628 2.8897697925567627
4629 3.064852237701416
4630 3.098853826522827
4631 2.9781785011291504
4632 3.0801455974578857
4633 3.097776174545288
4634 2.983870029449463
4635 3.1619842052459717
4636 3.2210447788238525
4637 2.979706048965454
4638 2.9817395210266113
4639 2.811353921890259
4640 2.6900999546051025
4641 2.698251962661743
4642 2.569490671157837
4643 2.540148973464966
4644 2.761448860168457
4645 2.6875991821289062
4646 2.6072378158569336
4647 3.092892646789551
4648 2.9134128093719482
4649 2.94659423828125
4650 3.0746829509735107
4651 3.062082052230835
4652 2.859004497528076
4653 2.8197591304779053
4654 2.732257843017578
4655 3.0546088218688965
4656 2.7039098739624023
4657 2.9078922271728516
4658 3.0347321033477783
4659 2.793003559112549
4660 2.8380239009857178
4661 2.8568990230560303
4662 2.899564743041992
4663 2.8657889366149902
4664 2.874469518661499
4665 2.9357004165649414
4666 2.854314088821411
4667 2.9678690433502197
4668 2.680377244949341
4669 3.155486583709717
4670 3.1362199783325195
4671 3.110741138458252
4672 3.0907111167907715
4673 3.1149654388427734
4674 3.2835283279418945
4675 3.209226608276367
4676 2.899661064147949
4677 2.887942314147949
4678 2.8957719802856445
4679 3.0248289108276367
4680 2.8720452785491943
4681 2.966488838195801
4682 2.8263649940490723
4683 2.954988956451416
4684 2.995041608810425
4685 2.924156427383423
4686 2.955674886703491
4687 2.8733832836151123
4688 2.597888946533203
4689 2.490884780883789
4690 2.620734453201294
4691 2.5638928413391113
4692 2.625856637954712
4693 2.4915764331817627
4694 2.738154888153076
4695 2.5427935123443604
4696 2.675510883331299
4697 2.623911142349243
4698 2.6747589111328125
4699 2.62341046333313
4700 2.7262766361236572
4701 2.535757541656494
4702 2.6211295127868652
4703 2.5781099796295166
4704 2.5070433616638184
4705 2.81360125541687
4706 2.826245069503784
4707 2.744281053543091
4708 2.719156265258789
4709 2.9026007652282715
4710 2.9137930870056152
4711 2.8019628524780273
4712 2.9504897594451904
4713 2.7075347900390625
4714 2.8968636989593506
4715 2.5475549697875977
4716 2.9383134841918945
4717 2.932844638824463
4718 2.944267988204956
4719 2.9516539573669434
4720 3.0064733028411865
4721 2.796023368835449
4722 2.982088804244995
4723 2.9883534908294678
4724 2.980272054672241
4725 2.8492817878723145
4726 3.0418167114257812
4727 2.9172308444976807
4728 2.7622036933898926
4729 2.855795383453369
4730 2.685716152191162
4731 2.75026798248291
4732 3.030799627304077
4733 3.0301499366760254
4734 3.029648780822754
4735 3.0380396842956543
4736 3.0210094451904297
4737 3.0108959674835205
4738 2.9079644680023193
4739 3.071129322052002
4740 2.8198719024658203
4741 2.9190802574157715
4742 3.0305581092834473
4743 3.1951780319213867
4744 2.903486490249634
4745 2.7118594646453857
4746 2.8783462047576904
4747 2.9783411026000977
4748 3.023345470428467
4749 2.9726686477661133
4750 2.774022102355957
4751 2.7719388008117676
4752 2.7666549682617188
4753 2.7818350791931152
4754 2.8523764610290527
4755 3.0679757595062256
4756 2.9001715183258057
4757 2.7709386348724365
4758 2.915025472640991
4759 2.8901028633117676
4760 3.096118450164795
4761 3.021610975265503
4762 2.997145175933838
4763 2.7980387210845947
4764 3.0513246059417725
4765 3.148634433746338
4766 2.9607863426208496
4767 2.9116005897521973
4768 3.0014820098876953
4769 3.0709943771362305
4770 2.920867681503296
4771 2.8471667766571045
4772 2.9805917739868164
4773 2.785994291305542
4774 2.950698137283325
4775 2.8412647247314453
4776 2.891986131668091
4777 2.9657764434814453
4778 3.0854573249816895
4779 2.7583911418914795
4780 2.852924108505249
4781 2.817495584487915
4782 2.852627754211426
4783 2.935312509536743
4784 2.918654441833496
4785 2.9064276218414307
4786 2.821776866912842
4787 3.0527503490448
4788 3.1352922916412354
4789 3.2051916122436523
4790 3.1928956508636475
4791 3.205803394317627
4792 2.8552424907684326
4793 3.0140950679779053
4794 3.039314031600952
4795 2.754361867904663
4796 2.740172863006592
4797 2.780385732650757
4798 3.0102972984313965
4799 2.7802982330322266
4800 2.739821672439575
4801 2.843916416168213
4802 3.069587469100952
4803 3.063403367996216
4804 2.790074586868286
4805 2.6573362350463867
4806 2.666306734085083
4807 2.540984869003296
4808 2.7449615001678467
4809 2.775009870529175
4810 2.5309393405914307
4811 3.030639886856079
4812 3.048919677734375
4813 2.8952279090881348
4814 3.0555570125579834
4815 2.9744021892547607
4816 2.967318534851074
4817 2.951226234436035
4818 2.8454341888427734
4819 2.733656883239746
4820 2.888969659805298
4821 2.7818915843963623
4822 2.9320483207702637
4823 3.0137104988098145
4824 2.8729889392852783
4825 2.9184024333953857
4826 2.6461503505706787
4827 2.814298152923584
4828 2.7273826599121094
4829 2.718243360519409
4830 2.990628719329834
4831 2.946848154067993
4832 3.1800527572631836
4833 2.9927589893341064
4834 2.747426986694336
4835 3.119365692138672
4836 2.6735026836395264
4837 2.9703588485717773
4838 2.824934244155884
4839 2.882185935974121
4840 2.891087770462036
4841 2.7874677181243896
4842 2.9407873153686523
4843 2.984626293182373
4844 2.839416027069092
4845 2.9140465259552
4846 3.077319860458374
4847 2.639826774597168
4848 2.923778533935547
4849 2.9108777046203613
4850 2.863264322280884
4851 3.0135602951049805
4852 3.1826250553131104
4853 3.0381839275360107
4854 2.798192262649536
4855 2.992941379547119
4856 3.053520679473877
4857 2.9662599563598633
4858 2.779445171356201
4859 3.1144044399261475
4860 2.7856194972991943
4861 2.807044506072998
4862 2.778165102005005
4863 2.901261329650879
4864 2.7949841022491455
4865 2.9482057094573975
4866 2.8453657627105713
4867 3.009051561355591
4868 2.927717924118042
4869 3.1173906326293945
4870 2.775529623031616
4871 3.0886709690093994
4872 2.838102102279663
4873 2.943067789077759
4874 3.066668748855591
4875 3.139751434326172
4876 2.923609733581543
4877 2.7680866718292236
4878 2.761509895324707
4879 2.8680715560913086
4880 2.8276472091674805
4881 2.7311484813690186
4882 3.1395716667175293
4883 2.889052391052246
4884 2.999478578567505
4885 2.993044137954712
4886 2.7732110023498535
4887 2.8076939582824707
4888 2.862213611602783
4889 2.642784833908081
4890 2.8942508697509766
4891 2.8005318641662598
4892 2.8039491176605225
4893 2.920314311981201
4894 3.0436747074127197
4895 2.950655698776245
4896 2.908850908279419
4897 2.977138042449951
4898 2.7329022884368896
4899 2.8610551357269287
4900 2.9398574829101562
4901 2.960569381713867
4902 2.9150404930114746
4903 3.040971279144287
4904 3.0565147399902344
4905 2.9545271396636963
4906 3.172534704208374
4907 3.302093744277954
4908 3.0176963806152344
4909 2.788015604019165
4910 2.9628612995147705
4911 3.0426034927368164
4912 2.6750142574310303
4913 2.9015636444091797
4914 2.7367873191833496
4915 2.6166906356811523
4916 2.6242363452911377
4917 2.9732635021209717
4918 2.9748237133026123
4919 2.837892532348633
4920 2.761031150817871
4921 2.797689437866211
4922 2.870306968688965
4923 2.951961040496826
4924 2.76212215423584
4925 2.849478006362915
4926 2.8329877853393555
4927 3.0866148471832275
4928 3.0527288913726807
4929 3.0571529865264893
4930 2.54791259765625
4931 2.736774444580078
4932 2.8492212295532227
4933 3.0266494750976562
4934 2.921351194381714
4935 2.859938383102417
4936 2.858125686645508
4937 2.6912307739257812
4938 2.935030460357666
4939 2.7870121002197266
4940 3.0425052642822266
4941 2.7221486568450928
4942 2.844878911972046
4943 3.0593628883361816
4944 3.1538476943969727
4945 2.803920269012451
4946 2.963669538497925
4947 2.976623058319092
4948 2.7790136337280273
4949 2.8909173011779785
4950 2.960284471511841
4951 3.11091685295105
4952 2.926802635192871
4953 2.7645726203918457
4954 2.671130657196045
4955 2.8079640865325928
4956 2.644388198852539
4957 2.7864677906036377
4958 3.0408120155334473
4959 3.2142064571380615
4960 3.094371795654297
4961 2.990095853805542
4962 2.9132602214813232
4963 2.9860942363739014
4964 2.94230580329895
4965 3.060816526412964
4966 2.782254934310913
4967 2.9691176414489746
4968 2.612595796585083
4969 2.7195119857788086
4970 3.07371187210083
4971 3.0567715167999268
4972 2.9158499240875244
4973 3.0433666706085205
4974 3.0732226371765137
4975 2.88661527633667
4976 3.0379815101623535
4977 2.940833568572998
4978 3.0370802879333496
4979 3.069443464279175
4980 3.0480363368988037
4981 2.772191286087036
4982 2.728909730911255
4983 3.057319402694702
4984 2.9411942958831787
4985 2.713127374649048
4986 2.977998971939087
4987 3.0256896018981934
4988 3.172783613204956
4989 2.887399911880493
4990 2.956003427505493
4991 2.602264881134033
4992 2.6025490760803223
4993 2.8477623462677
4994 2.725043296813965
4995 2.723931312561035
4996 2.879542827606201
4997 2.7027463912963867
4998 2.4583613872528076
4999 2.6022915840148926
5000 2.857543468475342
5001 3.1961936950683594

