
0 2.7279412746429443
1 2.5946133136749268
2 2.754915952682495
3 2.5854332447052
4 2.5502803325653076
5 2.4841315746307373
6 2.5538206100463867
7 2.68166184425354
8 2.676738977432251
9 2.435105323791504
10 2.546029567718506
11 2.2083985805511475
12 2.2392313480377197
13 2.167184591293335
14 2.3135409355163574
15 2.380161762237549
16 2.360409736633301
17 2.503649950027466
18 2.292520046234131
19 2.4389808177948
20 2.29756498336792
21 2.2511980533599854
22 2.174736261367798
23 2.133124828338623
24 2.0602059364318848
25 2.113772392272949
26 2.4023454189300537
27 2.319413185119629
28 2.5894148349761963
29 2.6854565143585205
30 2.7659807205200195
31 2.5813069343566895
32 2.8359947204589844
33 2.804542303085327
34 2.5999972820281982
35 2.5248501300811768
36 2.605523109436035
37 2.4676618576049805
38 2.5152363777160645
39 2.3102633953094482
40 2.429896354675293
41 2.7739005088806152
42 2.5942394733428955
43 2.2022998332977295
44 2.3236615657806396
45 2.7257416248321533
46 2.3433237075805664
47 2.611496925354004
48 2.3241782188415527
49 2.7672834396362305
50 2.4910595417022705
51 2.478672504425049
52 2.860050678253174
53 2.6393208503723145
54 2.5978901386260986
55 2.732922315597534
56 2.723266124725342
57 2.789607524871826
58 2.900740623474121
59 2.862902879714966
60 2.8926103115081787
61 2.7503662109375
62 3.2042477130889893
63 3.223519802093506
64 2.8566243648529053
65 2.9169762134552
66 2.9639017581939697
67 2.9444801807403564
68 3.222278118133545
69 3.144704818725586
70 3.0428154468536377
71 2.8615190982818604
72 2.901606798171997
73 2.7874083518981934
74 2.874417543411255
75 2.816493034362793
76 2.7942662239074707
77 2.5965874195098877
78 2.7111003398895264
79 2.9650766849517822
80 2.7333977222442627
81 2.7202892303466797
82 2.6378796100616455
83 3.177922487258911
84 3.0428080558776855
85 3.0207011699676514
86 3.1685867309570312
87 2.7449207305908203
88 2.838982105255127
89 2.824439764022827
90 2.743116617202759
91 3.0210378170013428
92 2.6095807552337646
93 2.4835245609283447
94 2.6322789192199707
95 2.5609748363494873
96 2.827183246612549
97 2.7946016788482666
98 2.3351216316223145
99 2.7726588249206543
100 2.640637159347534
101 2.259821891784668
102 2.2393481731414795
103 2.3424789905548096
104 2.3575615882873535
105 2.3130929470062256
106 2.254612445831299
107 2.152754783630371
108 2.175246000289917
109 2.1138947010040283
110 2.007812976837158
111 1.8881076574325562
112 1.9933382272720337
113 1.8463581800460815
114 1.9661945104599
115 1.9609003067016602
116 1.93057382106781
117 2.0211374759674072
118 2.253072500228882
119 2.02359938621521
120 1.8419033288955688
121 1.8877142667770386
122 2.1661064624786377
123 2.138235330581665
124 2.1091086864471436
125 1.7655847072601318
126 1.743535041809082
127 1.8568123579025269
128 1.7817273139953613
129 1.7876262664794922
130 1.7336037158966064
131 2.2549688816070557
132 2.0635106563568115
133 1.839650273323059
134 1.9052361249923706
135 2.0183181762695312
136 2.045769691467285
137 1.9401352405548096
138 1.788445234298706
139 1.8736155033111572
140 1.931191086769104
141 2.211670398712158
142 2.0492911338806152
143 2.2238757610321045
144 2.273473024368286
145 2.2060391902923584
146 2.164046049118042
147 2.0537471771240234
148 2.2374651432037354
149 2.4211409091949463
150 2.298832654953003
151 2.4364593029022217
152 2.3190231323242188
153 2.1927731037139893
154 2.0755295753479004
155 2.4673824310302734
156 2.243739604949951
157 2.1380043029785156
158 2.139921188354492
159 2.117133140563965
160 2.1204075813293457
161 1.7930623292922974
162 1.8880046606063843
163 1.8491870164871216
164 1.9785594940185547
165 1.9609624147415161
166 2.0899159908294678
167 2.1400904655456543
168 2.051280975341797
169 1.940039873123169
170 1.9160393476486206
171 1.8556791543960571
172 2.2551958560943604
173 2.351632833480835
174 2.149940252304077
175 2.0837395191192627
176 2.274770975112915
177 2.1889688968658447
178 2.3311641216278076
179 2.2690765857696533
180 2.1531364917755127
181 2.070704221725464
182 1.7425789833068848
183 2.2344560623168945
184 2.111668109893799
185 2.0762338638305664
186 2.0132675170898438
187 1.5460397005081177
188 2.1750524044036865
189 1.8518316745758057
190 1.9393383264541626
191 1.8646966218948364
192 1.9126683473587036
193 1.9256649017333984
194 1.967847228050232
195 1.980689525604248
196 1.9161573648452759
197 1.8919212818145752
198 1.7513641119003296
199 1.7567743062973022
200 2.0334503650665283
201 1.986121416091919
202 1.7001475095748901
203 1.9398839473724365
204 1.6718065738677979
205 1.7651780843734741
206 1.8229060173034668
207 1.9086538553237915
208 1.7426496744155884
209 1.6439499855041504
210 1.6742383241653442
211 1.7717304229736328
212 1.893523097038269
213 2.055267095565796
214 2.2596395015716553
215 1.9474035501480103
216 1.9080605506896973
217 1.9733445644378662
218 1.7759376764297485
219 1.9271146059036255
220 1.8055087327957153
221 1.9955158233642578
222 2.0406172275543213
223 1.9156790971755981
224 1.7394423484802246
225 1.8062942028045654
226 1.9302839040756226
227 1.7903783321380615
228 1.7796491384506226
229 1.9201687574386597
230 1.6895657777786255
231 1.636638879776001
232 1.668412208557129
233 1.5427018404006958
234 1.4511178731918335
235 1.652175784111023
236 1.7670230865478516
237 1.6143131256103516
238 1.899146318435669
239 1.8304409980773926
240 1.6618069410324097
241 1.9027817249298096
242 1.8151663541793823
243 1.7793265581130981
244 1.654642105102539
245 1.4128421545028687
246 1.6482083797454834
247 1.6366000175476074
248 1.652315616607666
249 1.719402551651001
250 1.5365469455718994
251 1.617996335029602
252 1.6023566722869873
253 1.5734953880310059
254 1.4837324619293213
255 1.644289255142212
256 1.63334321975708
257 1.7326956987380981
258 1.6762794256210327
259 1.8278499841690063
260 1.6932635307312012
261 1.7690969705581665
262 1.8493670225143433
263 1.6272633075714111
264 1.656813621520996
265 1.6339001655578613
266 1.6311548948287964
267 1.8453975915908813
268 1.6680525541305542
269 1.6964075565338135
270 1.7052104473114014
271 1.7951637506484985
272 2.186725616455078
273 1.5003138780593872
274 1.7069329023361206
275 1.5788367986679077
276 1.8126775026321411
277 1.8935545682907104
278 1.8777241706848145
279 1.9533108472824097
280 1.7435978651046753
281 1.9904799461364746
282 1.7626142501831055
283 1.673415184020996
284 1.6830129623413086
285 1.929512858390808
286 1.7613831758499146
287 1.8381222486495972
288 1.7242164611816406
289 1.8817131519317627
290 1.9862651824951172
291 1.9941942691802979
292 1.7402461767196655
293 1.7438600063323975
294 1.9205100536346436
295 2.004638433456421
296 2.118481397628784
297 1.7177214622497559
298 1.8087435960769653
299 1.5401439666748047
300 1.7187283039093018
301 1.5923985242843628
302 1.8190913200378418
303 1.810200810432434
304 1.6482017040252686
305 1.5707553625106812
306 1.5342329740524292
307 1.734089732170105
308 1.7911170721054077
309 1.5690730810165405
310 1.6407994031906128
311 1.7454023361206055
312 1.8133496046066284
313 1.593280553817749
314 1.6677768230438232
315 1.6958775520324707
316 1.6804752349853516
317 1.4670684337615967
318 1.6768522262573242
319 1.5192101001739502
320 1.6993374824523926
321 1.4356096982955933
322 1.7358720302581787
323 1.7463337182998657
324 1.6699000597000122
325 1.7544169425964355
326 1.700251817703247
327 1.8359116315841675
328 1.6513971090316772
329 2.145425319671631
330 1.9982541799545288
331 1.7937946319580078
332 1.8177891969680786
333 1.6485421657562256
334 1.872313141822815
335 1.6137089729309082
336 1.745169758796692
337 2.1227428913116455
338 1.741521954536438
339 1.6530416011810303
340 1.814923644065857
341 1.676779866218567
342 1.9886541366577148
343 1.6769789457321167
344 1.6558582782745361
345 1.6870262622833252
346 1.8138047456741333
347 1.9982216358184814
348 1.3835891485214233
349 1.4193365573883057
350 1.5540504455566406
351 1.40103018283844
352 1.5971952676773071
353 1.3848336935043335
354 1.3235647678375244
355 1.3989436626434326
356 1.6368980407714844
357 1.362735629081726
358 1.5339326858520508
359 1.5936594009399414
360 1.7785038948059082
361 1.4597927331924438
362 1.5537700653076172
363 1.7321077585220337
364 1.2674834728240967
365 1.5632933378219604
366 1.1837987899780273
367 1.5149281024932861
368 1.486100196838379
369 1.5187711715698242
370 1.6959389448165894
371 1.2925297021865845
372 1.3444006443023682
373 1.3864672183990479
374 1.4184397459030151
375 1.5609581470489502
376 1.5116833448410034
377 1.2989884614944458
378 1.3541940450668335
379 1.5897438526153564
380 1.5880752801895142
381 1.3967770338058472
382 1.6619160175323486
383 1.563463807106018
384 1.4965012073516846
385 1.4443703889846802
386 1.4476418495178223
387 1.4272526502609253
388 1.6402287483215332
389 1.4926025867462158
390 1.6400102376937866
391 1.5692366361618042
392 1.5545991659164429
393 1.7066853046417236
394 1.4958182573318481
395 1.6116564273834229
396 1.7642085552215576
397 1.6873503923416138
398 1.6500476598739624
399 1.6095770597457886
400 1.527266263961792
401 1.6528081893920898
402 1.382820725440979
403 1.4459487199783325
404 1.7754623889923096
405 1.7046499252319336
406 1.3141436576843262
407 1.6233973503112793
408 1.5162642002105713
409 1.4925758838653564
410 1.388336181640625
411 1.4247336387634277
412 1.5275574922561646
413 1.7154368162155151
414 1.4637845754623413
415 1.4819507598876953
416 1.6886060237884521
417 1.548240065574646
418 1.6138437986373901
419 1.6065952777862549
420 1.668494462966919
421 1.632204294204712
422 1.5110692977905273
423 1.6641548871994019
424 1.4959352016448975
425 1.5975468158721924
426 1.4996527433395386
427 1.5322186946868896
428 1.6918160915374756
429 1.729699730873108
430 1.609872579574585
431 1.6613142490386963
432 1.5747634172439575
433 1.666636347770691
434 1.4926080703735352
435 1.6805858612060547
436 1.652134656906128
437 1.617438554763794
438 1.4463489055633545
439 1.4180128574371338
440 1.4027366638183594
441 1.7075451612472534
442 1.4850343465805054
443 1.8083479404449463
444 1.7944953441619873
445 1.5917367935180664
446 1.728545904159546
447 1.7657325267791748
448 1.5613971948623657
449 1.55842924118042
450 1.4486699104309082
451 1.5358988046646118
452 1.5665063858032227
453 1.5524351596832275
454 1.6820391416549683
455 1.4101227521896362
456 1.7429124116897583
457 1.8496636152267456
458 1.5865532159805298
459 1.7718664407730103
460 1.4399068355560303
461 1.786210536956787
462 1.6718097925186157
463 1.9257755279541016
464 1.7421106100082397
465 1.6042462587356567
466 1.990082859992981
467 1.5743521451950073
468 1.6016191244125366
469 1.577803134918213
470 1.5339045524597168
471 1.7355186939239502
472 1.8005220890045166
473 1.7045083045959473
474 1.7104902267456055
475 1.441043496131897
476 1.3849666118621826
477 1.8434561491012573
478 2.1027488708496094
479 1.9921759366989136
480 1.7031617164611816
481 1.501347303390503
482 1.7349308729171753
483 1.618567705154419
484 1.6218429803848267
485 1.5730396509170532
486 1.5492631196975708
487 1.3550546169281006
488 1.542303204536438
489 1.309382677078247
490 1.4817980527877808
491 1.7308863401412964
492 1.3733800649642944
493 1.6269222497940063
494 1.4746614694595337
495 1.5993635654449463
496 1.3993144035339355
497 1.5149348974227905
498 1.4720216989517212
499 1.4440912008285522
500 1.455926537513733
501 1.3888652324676514
502 1.4117448329925537
503 1.4391844272613525
504 1.4719187021255493
505 1.378684401512146
506 1.3569023609161377
507 1.3298099040985107
508 1.3659840822219849
509 1.3120111227035522
510 1.4087868928909302
511 1.3896907567977905
512 1.4682035446166992
513 1.502789855003357
514 1.39274001121521
515 1.3273876905441284
516 1.2824554443359375
517 1.4027117490768433
518 1.2133114337921143
519 1.1997897624969482
520 1.3587664365768433
521 1.4011536836624146
522 1.4308384656906128
523 1.2650692462921143
524 1.6838014125823975
525 1.6259063482284546
526 1.629906415939331
527 1.9096773862838745
528 1.5194573402404785
529 1.4009608030319214
530 1.5636301040649414
531 1.519020438194275
532 1.7457001209259033
533 1.585026741027832
534 1.3885105848312378
535 1.462630271911621
536 1.4135419130325317
537 1.7559458017349243
538 1.3763924837112427
539 1.3588250875473022
540 1.3313018083572388
541 1.5108108520507812
542 1.4712213277816772
543 1.4449329376220703
544 1.4490500688552856
545 1.4314714670181274
546 1.4734374284744263
547 1.455322265625
548 1.3861271142959595
549 1.5045156478881836
550 1.524783730506897
551 1.4968712329864502
552 1.407684087753296
553 1.4194414615631104
554 1.6019936800003052
555 1.6155459880828857
556 1.563690423965454
557 1.50668466091156
558 1.595869779586792
559 1.3145015239715576
560 1.3806532621383667
561 1.3414868116378784
562 1.3024463653564453
563 1.5413540601730347
564 1.51558518409729
565 1.423048496246338
566 1.538028597831726
567 1.6045669317245483
568 1.3732709884643555
569 1.4083342552185059
570 1.5098453760147095
571 1.4799439907073975
572 1.646781325340271
573 1.5170222520828247
574 1.5998698472976685
575 1.3702322244644165
576 1.4559072256088257
577 1.5660414695739746
578 1.5921480655670166
579 1.5096113681793213
580 1.2721564769744873
581 1.4935353994369507
582 1.460810899734497
583 1.3218268156051636
584 1.565385341644287
585 1.4734218120574951
586 1.518617033958435
587 1.4002857208251953
588 1.3662757873535156
589 1.2476741075515747
590 1.3508656024932861
591 1.3695354461669922
592 1.4034125804901123
593 1.274456262588501
594 1.3233120441436768
595 1.2552696466445923
596 1.3228039741516113
597 1.6842018365859985
598 1.7253308296203613
599 1.7506563663482666
600 1.7863235473632812
601 1.4606412649154663
602 1.8921014070510864
603 1.8780364990234375
604 1.6130625009536743
605 1.6006765365600586
606 1.8698173761367798
607 1.650648832321167
608 1.6667110919952393
609 1.4931005239486694
610 1.9558935165405273
611 1.6988569498062134
612 1.7580856084823608
613 1.4134387969970703
614 1.5454381704330444
615 1.5599794387817383
616 1.430649995803833
617 1.453611135482788
618 1.7112723588943481
619 1.5382750034332275
620 1.579545021057129
621 1.345609188079834
622 1.4933571815490723
623 1.5210975408554077
624 1.526936411857605
625 1.5598399639129639
626 1.663144826889038
627 1.4613209962844849
628 1.3590238094329834
629 1.5331798791885376
630 1.4377235174179077
631 1.5911673307418823
632 1.5309715270996094
633 1.5937845706939697
634 1.526835560798645
635 1.703310251235962
636 1.4308373928070068
637 1.4002079963684082
638 1.5911353826522827
639 1.548172116279602
640 1.4552967548370361
641 1.338613510131836
642 1.4883633852005005
643 1.4295400381088257
644 1.2963812351226807
645 1.4356962442398071
646 1.4769588708877563
647 1.1610515117645264
648 1.3741483688354492
649 1.1915762424468994
650 1.5115896463394165
651 1.3014421463012695
652 1.4037809371948242
653 1.5430636405944824
654 1.5701707601547241
655 1.725261926651001
656 1.4672620296478271
657 1.8789596557617188
658 1.475701093673706
659 1.5688645839691162
660 1.814859390258789
661 1.394648551940918
662 1.5438212156295776
663 1.4618947505950928
664 1.776185393333435
665 1.4294967651367188
666 1.3218339681625366
667 1.2963814735412598
668 1.3043845891952515
669 1.377498745918274
670 1.316817283630371
671 1.2798926830291748
672 1.2091808319091797
673 1.5927602052688599
674 1.366593360900879
675 1.22278892993927
676 1.5116647481918335
677 1.3429574966430664
678 1.388771414756775
679 1.4533236026763916
680 1.6339056491851807
681 1.305582046508789
682 1.673555612564087
683 1.4534186124801636
684 1.4757359027862549
685 1.3371089696884155
686 1.3531546592712402
687 1.646399974822998
688 1.4514250755310059
689 1.362202763557434
690 1.4057141542434692
691 1.4735653400421143
692 1.480177640914917
693 1.3720070123672485
694 1.3718656301498413
695 1.4514042139053345
696 1.338866949081421
697 1.45780348777771
698 1.222409963607788
699 1.4080946445465088
700 1.4277666807174683
701 1.4257261753082275
702 1.7980526685714722
703 1.868573784828186
704 1.519406795501709
705 1.3053914308547974
706 1.2426676750183105
707 1.4563599824905396
708 1.3219969272613525
709 1.290228247642517
710 1.3909223079681396
711 1.438971996307373
712 1.2594200372695923
713 1.2766578197479248
714 1.1583539247512817
715 1.221472978591919
716 1.226354718208313
717 1.239924669265747
718 1.4558260440826416
719 1.517761468887329
720 1.4341059923171997
721 1.4626212120056152
722 1.1599254608154297
723 1.4668867588043213
724 1.3798660039901733
725 1.339690089225769
726 1.3143291473388672
727 1.4318853616714478
728 1.3655918836593628
729 1.4937775135040283
730 1.321496605873108
731 1.580430507659912
732 1.3818376064300537
733 1.2701470851898193
734 1.2374112606048584
735 1.4058945178985596
736 1.2236169576644897
737 1.1706310510635376
738 1.1203131675720215
739 1.3564341068267822
740 1.2999650239944458
741 1.265238642692566
742 1.4357093572616577
743 1.4085034132003784
744 1.6787165403366089
745 1.5390657186508179
746 1.5100250244140625
747 1.4839398860931396
748 1.3903099298477173
749 1.4881128072738647
750 1.5104435682296753
751 1.5543839931488037
752 1.8251879215240479
753 1.901482343673706
754 1.5071979761123657
755 1.4315985441207886
756 1.3994250297546387
757 1.5549662113189697
758 1.726104736328125
759 1.6347875595092773
760 1.4286160469055176
761 1.6857664585113525
762 1.5872055292129517
763 1.6295642852783203
764 1.6445177793502808
765 1.5378646850585938
766 1.3292787075042725
767 1.5733777284622192
768 1.4352167844772339
769 1.4825799465179443
770 1.3711613416671753
771 1.849631905555725
772 1.644525408744812
773 1.601285696029663
774 1.2624536752700806
775 1.4240304231643677
776 1.310120940208435
777 1.4513505697250366
778 1.2934116125106812
779 1.4843417406082153
780 1.6069767475128174
781 1.801978349685669
782 1.8046966791152954
783 2.1802709102630615
784 1.7830321788787842
785 1.6216918230056763
786 1.8739463090896606
787 1.4348639249801636
788 1.7285276651382446
789 1.6523592472076416
790 1.566929817199707
791 1.5401273965835571
792 1.4276143312454224
793 1.6139823198318481
794 1.496985912322998
795 2.0511281490325928
796 2.054194450378418
797 2.0434987545013428
798 1.7244209051132202
799 2.039357900619507
800 1.6972997188568115
801 1.7921695709228516
802 1.82985520362854
803 1.921141505241394
804 1.715795636177063
805 1.5857501029968262
806 1.762802243232727
807 1.5061293840408325
808 1.704321265220642
809 1.3896504640579224
810 1.5815964937210083
811 1.6154371500015259
812 1.6067430973052979
813 1.5910124778747559
814 1.721645474433899
815 1.756719708442688
816 1.4789835214614868
817 1.5835232734680176
818 1.5663193464279175
819 1.7576700448989868
820 1.6528493165969849
821 1.6673349142074585
822 1.6435898542404175
823 1.7448047399520874
824 1.9799288511276245
825 1.733643889427185
826 1.6475216150283813
827 2.0638067722320557
828 1.6109251976013184
829 1.95647132396698
830 1.764831781387329
831 1.8272215127944946
832 1.410499930381775
833 1.821873664855957
834 1.6430323123931885
835 1.9733967781066895
836 1.943835973739624
837 1.9867860078811646
838 1.7647145986557007
839 1.5234555006027222
840 1.5670849084854126
841 1.6495168209075928
842 1.822663426399231
843 1.6162631511688232
844 2.0142126083374023
845 1.7330338954925537
846 1.9165897369384766
847 1.720522165298462
848 1.5992615222930908
849 1.5863983631134033
850 1.6894495487213135
851 1.8149081468582153
852 1.9493706226348877
853 1.5072636604309082
854 1.738053321838379
855 1.7168940305709839
856 1.8048481941223145
857 1.8978371620178223
858 1.7347372770309448
859 1.4578429460525513
860 1.4963889122009277
861 1.5773321390151978
862 1.7716737985610962
863 1.5000436305999756
864 1.7388036251068115
865 1.7547892332077026
866 1.594420313835144
867 1.6241511106491089
868 1.88970947265625
869 1.640078067779541
870 2.112779378890991
871 2.1979801654815674
872 1.8780032396316528
873 1.9851257801055908
874 1.87167489528656
875 2.014669179916382
876 1.8871134519577026
877 1.9566864967346191
878 2.003474712371826
879 1.8354976177215576
880 1.9661452770233154
881 1.9088441133499146
882 1.7771459817886353
883 1.695417046546936
884 1.761202335357666
885 1.773541808128357
886 1.8302457332611084
887 1.6713167428970337
888 1.985470175743103
889 1.745734453201294
890 1.6815803050994873
891 1.772295594215393
892 1.890625
893 1.7423179149627686
894 1.6777317523956299
895 1.857845664024353
896 1.8698537349700928
897 1.5883848667144775
898 2.0248966217041016
899 1.8527936935424805
900 1.684599757194519
901 1.7959253787994385
902 1.592227816581726
903 1.556874394416809
904 1.4038636684417725
905 1.5061111450195312
906 1.254621148109436
907 1.5151257514953613
908 1.4230623245239258
909 1.4429926872253418
910 1.5255955457687378
911 1.563375473022461
912 1.4803056716918945
913 1.5957988500595093
914 1.4031492471694946
915 1.3476924896240234
916 1.5445295572280884
917 1.96952223777771
918 1.552346110343933
919 1.6002492904663086
920 1.667949914932251
921 1.6582260131835938
922 1.5644025802612305
923 1.6408923864364624
924 1.6069279909133911
925 1.5450646877288818
926 1.7141547203063965
927 1.6134984493255615
928 1.5638436079025269
929 1.349229335784912
930 1.366621732711792
931 1.4508219957351685
932 1.3888558149337769
933 1.5677989721298218
934 1.3001208305358887
935 1.5105221271514893
936 1.3219143152236938
937 1.389533519744873
938 1.1199475526809692
939 1.2556875944137573
940 1.437281847000122
941 1.0410315990447998
942 1.3236936330795288
943 1.257332682609558
944 1.3958287239074707
945 1.2229063510894775
946 1.1819736957550049
947 1.6114412546157837
948 1.5317925214767456
949 1.4405765533447266
950 1.5591894388198853
951 1.9112441539764404
952 1.7758210897445679
953 1.5235697031021118
954 1.3298112154006958
955 1.4831904172897339
956 1.5397684574127197
957 1.515040397644043
958 1.362105131149292
959 1.326200008392334
960 1.6528621912002563
961 1.5283993482589722
962 1.2157926559448242
963 1.3958379030227661
964 1.457258939743042
965 1.6417784690856934
966 1.9242762327194214
967 1.7138447761535645
968 1.60238778591156
969 1.5424506664276123
970 1.4588940143585205
971 1.74454927444458
972 1.8441576957702637
973 1.791972041130066
974 1.7753125429153442
975 1.6507222652435303
976 1.5289688110351562
977 1.6321892738342285
978 1.8271230459213257
979 1.757167935371399
980 1.7981829643249512
981 1.6259315013885498
982 1.524091124534607
983 1.8362985849380493
984 1.6781126260757446
985 2.056736707687378
986 1.896971344947815
987 1.9879623651504517
988 1.5239262580871582
989 1.3705676794052124
990 1.684584379196167
991 1.5721821784973145
992 1.606311321258545
993 1.3667473793029785
994 1.4923216104507446
995 1.3797663450241089
996 1.359808325767517
997 1.596252202987671
998 1.3584651947021484
999 1.5936594009399414
1000 1.498282790184021
1001 1.5315382480621338
1002 1.6137953996658325
1003 1.6013951301574707
1004 1.3675810098648071
1005 1.3961457014083862
1006 1.4727052450180054
1007 1.492939829826355
1008 1.815381407737732
1009 2.006274700164795
1010 1.7428241968154907
1011 1.759621500968933
1012 1.4583654403686523
1013 1.3435107469558716
1014 1.4668329954147339
1015 1.6297551393508911
1016 1.8056846857070923
1017 1.8324717283248901
1018 1.5796124935150146
1019 1.927566647529602
1020 2.0421009063720703
1021 2.145681381225586
1022 2.0291125774383545
1023 1.7035892009735107
1024 1.483207106590271
1025 1.6848161220550537
1026 1.620770812034607
1027 1.617671251296997
1028 1.399997353553772
1029 1.7597582340240479
1030 1.4875257015228271
1031 1.8457573652267456
1032 1.606264591217041
1033 1.6680186986923218
1034 1.5471965074539185
1035 1.7874304056167603
1036 1.5110728740692139
1037 1.5455517768859863
1038 1.9664775133132935
1039 1.973604440689087
1040 1.4456820487976074
1041 1.6244065761566162
1042 1.8389434814453125
1043 1.5598100423812866
1044 1.8790773153305054
1045 1.7288532257080078
1046 1.523557424545288
1047 1.640870213508606
1048 1.8515719175338745
1049 1.8680691719055176
1050 1.6797186136245728
1051 1.5814961194992065
1052 1.6460192203521729
1053 1.3455861806869507
1054 1.5848991870880127
1055 1.7722975015640259
1056 1.3298943042755127
1057 1.6306748390197754
1058 1.402635097503662
1059 1.3254750967025757
1060 1.586103916168213
1061 1.3902667760849
1062 1.5781149864196777
1063 1.400041937828064
1064 1.5915192365646362
1065 1.408260464668274
1066 1.3135974407196045
1067 1.4196228981018066
1068 1.6565659046173096
1069 1.738029956817627
1070 1.3065351247787476
1071 1.6598387956619263
1072 1.535865068435669
1073 1.8200569152832031
1074 1.5377516746520996
1075 1.7461310625076294
1076 1.429701566696167
1077 1.683351993560791
1078 1.4841934442520142
1079 1.7924658060073853
1080 1.6113505363464355
1081 1.8426672220230103
1082 1.7242106199264526
1083 2.2764768600463867
1084 1.6802574396133423
1085 1.9076522588729858
1086 1.886483907699585
1087 1.9229270219802856
1088 1.8428339958190918
1089 1.2993274927139282
1090 1.6577342748641968
1091 1.884078860282898
1092 2.045475959777832
1093 1.9828417301177979
1094 1.8366438150405884
1095 1.7730321884155273
1096 1.4007699489593506
1097 1.3127076625823975
1098 1.5062472820281982
1099 1.406151533126831
1100 1.4995914697647095
1101 1.5119760036468506
1102 1.5524567365646362
1103 1.6235510110855103
1104 1.5232481956481934
1105 1.6369643211364746
1106 1.5265592336654663
1107 1.4673012495040894
1108 1.1994136571884155
1109 1.5555124282836914
1110 1.5456856489181519
1111 2.0020318031311035
1112 1.7917202711105347
1113 1.8454539775848389
1114 1.3993959426879883
1115 1.5906620025634766
1116 1.6918755769729614
1117 1.5541257858276367
1118 1.6375203132629395
1119 1.4062438011169434
1120 1.5787734985351562
1121 1.5925378799438477
1122 1.3693898916244507
1123 1.574415922164917
1124 1.4295746088027954
1125 1.6462252140045166
1126 1.5476645231246948
1127 1.6709142923355103
1128 1.9244600534439087
1129 1.8379697799682617
1130 1.655405044555664
1131 1.607006311416626
1132 1.795222282409668
1133 1.5992556810379028
1134 1.5982543230056763
1135 1.5515074729919434
1136 1.5830105543136597
1137 1.6669296026229858
1138 1.5257840156555176
1139 1.672525405883789
1140 1.4983747005462646
1141 1.9014067649841309
1142 1.8309663534164429
1143 1.593477725982666
1144 1.921738862991333
1145 1.915533423423767
1146 1.811977505683899
1147 1.7717971801757812
1148 1.8956729173660278
1149 1.7473067045211792
1150 1.642585277557373
1151 1.6472480297088623
1152 1.5907092094421387
1153 1.5117967128753662
1154 1.8150427341461182
1155 2.038067579269409
1156 1.6811586618423462
1157 1.3541090488433838
1158 1.6690398454666138
1159 1.4737756252288818
1160 1.2916646003723145
1161 1.6344739198684692
1162 1.7409800291061401
1163 1.7522971630096436
1164 1.5876350402832031
1165 1.9031556844711304
1166 1.783039927482605
1167 1.538352608680725
1168 1.959928274154663
1169 2.0176196098327637
1170 1.98672616481781
1171 2.210113763809204
1172 1.8999098539352417
1173 2.201521873474121
1174 1.8543394804000854
1175 2.0906450748443604
1176 1.7029649019241333
1177 1.7045130729675293
1178 1.6925631761550903
1179 1.5107557773590088
1180 1.6010149717330933
1181 1.4084513187408447
1182 1.5013190507888794
1183 1.8059440851211548
1184 1.3654861450195312
1185 1.4075597524642944
1186 1.5481202602386475
1187 1.65327787399292
1188 1.5836046934127808
1189 1.8763678073883057
1190 1.5966459512710571
1191 1.4436752796173096
1192 1.7419062852859497
1193 1.7328095436096191
1194 1.8532336950302124
1195 1.7200244665145874
1196 1.8226715326309204
1197 2.0995707511901855
1198 1.7688407897949219
1199 1.814527153968811
1200 1.7562533617019653
1201 1.6092702150344849
1202 1.7290321588516235
1203 1.8518954515457153
1204 1.7214032411575317
1205 2.062757968902588
1206 1.8099935054779053
1207 1.7040199041366577
1208 1.8336559534072876
1209 1.7436431646347046
1210 1.5717272758483887
1211 1.92704439163208
1212 2.1139614582061768
1213 2.1474826335906982
1214 1.7969328165054321
1215 1.8099735975265503
1216 1.7920887470245361
1217 1.8069899082183838
1218 1.9731777906417847
1219 1.742463231086731
1220 1.7301892042160034
1221 1.8196443319320679
1222 1.6725553274154663
1223 2.005445718765259
1224 2.1081600189208984
1225 1.881505012512207
1226 1.6629633903503418
1227 1.714363932609558
1228 1.6837241649627686
1229 1.7353636026382446
1230 1.6043164730072021
1231 1.5639228820800781
1232 1.734139323234558
1233 1.8729956150054932
1234 1.7235544919967651
1235 1.7559857368469238
1236 1.8055870532989502
1237 1.5427895784378052
1238 1.9820492267608643
1239 1.6850541830062866
1240 1.7286438941955566
1241 1.5323814153671265
1242 1.7924797534942627
1243 1.6440420150756836
1244 1.6772806644439697
1245 1.723832368850708
1246 1.7459055185317993
1247 1.5204360485076904
1248 1.4838429689407349
1249 1.8852565288543701
1250 1.7834707498550415
1251 1.8116450309753418
1252 1.7290945053100586
1253 2.3106305599212646
1254 1.7986489534378052
1255 1.7806388139724731
1256 2.000095844268799
1257 1.908200740814209
1258 1.9930399656295776
1259 1.8817719221115112
1260 1.8163138628005981
1261 1.7686738967895508
1262 1.9462538957595825
1263 1.770108938217163
1264 1.8059258460998535
1265 1.7667709589004517
1266 1.6967517137527466
1267 1.9470219612121582
1268 1.8288215398788452
1269 1.8613582849502563
1270 2.14642333984375
1271 1.9732664823532104
1272 1.6850756406784058
1273 1.7031148672103882
1274 1.7704665660858154
1275 1.79006028175354
1276 1.7243965864181519
1277 1.945131540298462
1278 1.6280996799468994
1279 1.7256720066070557
1280 2.171329975128174
1281 1.9681493043899536
1282 1.8466894626617432
1283 1.8764058351516724
1284 1.8109935522079468
1285 1.7031742334365845
1286 1.9897587299346924
1287 2.103363275527954
1288 2.0689094066619873
1289 1.9080435037612915
1290 1.930399775505066
1291 1.9363089799880981
1292 1.7809805870056152
1293 1.9026685953140259
1294 1.8532841205596924
1295 1.848402976989746
1296 1.790592074394226
1297 1.7371342182159424
1298 1.8037244081497192
1299 1.6457706689834595
1300 1.6657440662384033
1301 1.8281221389770508
1302 1.8631129264831543
1303 1.7989416122436523
1304 1.621909260749817
1305 1.7045799493789673
1306 1.8670153617858887
1307 1.6708825826644897
1308 1.6725713014602661
1309 1.5229920148849487
1310 1.5614551305770874
1311 1.6890946626663208
1312 1.6401538848876953
1313 1.5190690755844116
1314 1.492480754852295
1315 1.8031153678894043
1316 1.6458550691604614
1317 1.6805130243301392
1318 1.7070591449737549
1319 1.5730559825897217
1320 1.5946946144104004
1321 1.5302709341049194
1322 1.6553744077682495
1323 1.7143911123275757
1324 1.5373117923736572
1325 1.5992666482925415
1326 1.6775718927383423
1327 1.694196105003357
1328 1.4737329483032227
1329 1.8297398090362549
1330 1.564093828201294
1331 1.5417262315750122
1332 1.9299476146697998
1333 1.6851085424423218
1334 1.6465272903442383
1335 1.8314580917358398
1336 1.8611443042755127
1337 1.7209211587905884
1338 1.7193506956100464
1339 1.8631792068481445
1340 1.8000472784042358
1341 1.9261457920074463
1342 2.056513786315918
1343 1.9602280855178833
1344 1.917118787765503
1345 1.910300374031067
1346 1.9314075708389282
1347 1.8028299808502197
1348 2.0033514499664307
1349 1.6895604133605957
1350 1.621492862701416
1351 1.4044548273086548
1352 1.7146241664886475
1353 1.4641531705856323
1354 1.8105624914169312
1355 1.6676009893417358
1356 1.7105549573898315
1357 1.7462105751037598
1358 1.852273941040039
1359 1.9080588817596436
1360 1.8859893083572388
1361 1.772598147392273
1362 1.9781079292297363
1363 1.6944525241851807
1364 1.8292514085769653
1365 1.7829886674880981
1366 1.4984533786773682
1367 1.4822160005569458
1368 1.5117710828781128
1369 1.4855924844741821
1370 1.9245460033416748
1371 1.7869969606399536
1372 1.780507206916809
1373 2.0232858657836914
1374 1.602199673652649
1375 1.4565880298614502
1376 1.4777250289916992
1377 1.457540512084961
1378 1.4502689838409424
1379 1.4653064012527466
1380 1.7176117897033691
1381 1.508882761001587
1382 1.4262241125106812
1383 1.547245740890503
1384 1.638018012046814
1385 1.5904922485351562
1386 1.4493377208709717
1387 1.5540724992752075
1388 1.5777472257614136
1389 1.726823329925537
1390 1.5442554950714111
1391 1.4934207201004028
1392 1.5567508935928345
1393 1.5934854745864868
1394 1.7436025142669678
1395 1.6263846158981323
1396 1.4314985275268555
1397 1.7738821506500244
1398 1.7824243307113647
1399 1.6635819673538208
1400 1.4744828939437866
1401 1.4302443265914917
1402 1.3883209228515625
1403 1.78266179561615
1404 1.4844509363174438
1405 1.765735149383545
1406 1.4881104230880737
1407 1.5368112325668335
1408 2.0014259815216064
1409 1.8963985443115234
1410 1.9032319784164429
1411 2.0148565769195557
1412 1.7735087871551514
1413 2.1087799072265625
1414 1.8069530725479126
1415 1.5158435106277466
1416 2.023571729660034
1417 2.1303653717041016
1418 2.301527738571167
1419 1.9134390354156494
1420 1.8405343294143677
1421 1.7754446268081665
1422 1.684950828552246
1423 1.5529570579528809
1424 1.7115436792373657
1425 1.6970703601837158
1426 1.7188868522644043
1427 1.765083909034729
1428 1.492051601409912
1429 1.606704831123352
1430 1.4313960075378418
1431 1.666832447052002
1432 1.5849677324295044
1433 1.8509465456008911
1434 1.9771021604537964
1435 1.7016524076461792
1436 2.1410303115844727
1437 2.130164384841919
1438 1.9266703128814697
1439 2.166947603225708
1440 1.8095141649246216
1441 1.8844627141952515
1442 1.7284036874771118
1443 1.3004032373428345
1444 1.6868789196014404
1445 1.6783066987991333
1446 1.7101703882217407
1447 1.7207856178283691
1448 1.7285032272338867
1449 1.6754330396652222
1450 1.5314522981643677
1451 1.37485933303833
1452 1.4929522275924683
1453 1.2762713432312012
1454 1.56663179397583
1455 1.7163487672805786
1456 1.7553293704986572
1457 1.8456591367721558
1458 1.7465503215789795
1459 1.434964895248413
1460 1.648756742477417
1461 1.4207499027252197
1462 1.60139799118042
1463 1.5982868671417236
1464 1.5972366333007812
1465 1.8290585279464722
1466 1.4984469413757324
1467 1.6662908792495728
1468 1.84231698513031
1469 2.2579333782196045
1470 2.181131601333618
1471 2.185042142868042
1472 2.3376026153564453
1473 2.250314235687256
1474 1.8513034582138062
1475 1.862471103668213
1476 1.7198562622070312
1477 2.109096050262451
1478 1.8552234172821045
1479 1.7893424034118652
1480 1.605385661125183
1481 1.6654245853424072
1482 1.7961512804031372
1483 1.5242568254470825
1484 1.7972474098205566
1485 1.8164223432540894
1486 1.808010458946228
1487 1.8074334859848022
1488 1.7102293968200684
1489 1.460968017578125
1490 1.6870160102844238
1491 1.6220890283584595
1492 1.4189598560333252
1493 1.4498860836029053
1494 1.74907386302948
1495 1.6224278211593628
1496 1.6169440746307373
1497 1.5000056028366089
1498 1.500859022140503
1499 1.7606759071350098
1500 1.587143898010254
1501 1.5563669204711914
1502 1.5471464395523071
1503 1.794622540473938
1504 1.493371844291687
1505 1.601442813873291
1506 1.4176043272018433
1507 1.4472553730010986
1508 1.3845112323760986
1509 1.4845433235168457
1510 1.4694063663482666
1511 1.4431328773498535
1512 1.5993703603744507
1513 1.3685812950134277
1514 1.5907542705535889
1515 1.7053865194320679
1516 1.7383326292037964
1517 1.576101541519165
1518 1.5994881391525269
1519 1.4466825723648071
1520 1.58797025680542
1521 1.3914777040481567
1522 1.3284116983413696
1523 1.493647813796997
1524 1.49839186668396
1525 1.3287488222122192
1526 1.4672231674194336
1527 1.2581268548965454
1528 1.5592223405838013
1529 1.456875205039978
1530 1.3747211694717407
1531 1.482835292816162
1532 1.3722325563430786
1533 1.4412044286727905
1534 1.6381895542144775
1535 1.4462343454360962
1536 1.291489839553833
1537 1.334841012954712
1538 1.5339384078979492
1539 1.635249376296997
1540 1.6275802850723267
1541 1.4570523500442505
1542 1.4585988521575928
1543 1.4169148206710815
1544 1.5132938623428345
1545 1.2972720861434937
1546 1.2438105344772339
1547 1.4772154092788696
1548 1.2097597122192383
1549 1.4210951328277588
1550 1.3983643054962158
1551 1.4594823122024536
1552 1.2845615148544312
1553 1.2363829612731934
1554 1.1921688318252563
1555 1.1337690353393555
1556 1.4061230421066284
1557 1.3708112239837646
1558 1.1849701404571533
1559 1.653182029724121
1560 1.8655368089675903
1561 1.802706003189087
1562 1.8382010459899902
1563 1.7798686027526855
1564 1.9379386901855469
1565 1.8917291164398193
1566 1.6857579946517944
1567 1.71892511844635
1568 1.781450629234314
1569 1.81086266040802
1570 1.9210691452026367
1571 1.9033902883529663
1572 1.390950083732605
1573 1.6738344430923462
1574 1.7534703016281128
1575 1.492142915725708
1576 1.795525074005127
1577 1.5841678380966187
1578 1.8038244247436523
1579 1.5596184730529785
1580 1.75041925907135
1581 1.7948912382125854
1582 1.817317247390747
1583 1.7414865493774414
1584 1.5250447988510132
1585 1.940420150756836
1586 1.8405345678329468
1587 2.0575430393218994
1588 1.8231080770492554
1589 1.6161439418792725
1590 1.9615230560302734
1591 2.007432699203491
1592 1.655626654624939
1593 1.6864583492279053
1594 1.5095977783203125
1595 1.9708820581436157
1596 1.9940439462661743
1597 2.0070016384124756
1598 1.8435612916946411
1599 2.0306894779205322
1600 1.8889201879501343
1601 1.7304438352584839
1602 1.7049658298492432
1603 1.8244978189468384
1604 1.8296948671340942
1605 1.67328941822052
1606 1.4390064477920532
1607 1.6022764444351196
1608 1.5796006917953491
1609 1.3913556337356567
1610 1.5977163314819336
1611 1.4725223779678345
1612 1.5613963603973389
1613 1.5579638481140137
1614 1.7304184436798096
1615 1.4725993871688843
1616 1.704392671585083
1617 1.679975152015686
1618 1.525193214416504
1619 1.7686359882354736
1620 1.8969851732254028
1621 1.7986323833465576
1622 1.6126396656036377
1623 1.666532039642334
1624 1.6507402658462524
1625 1.740271806716919
1626 1.6570502519607544
1627 1.797573447227478
1628 1.6694765090942383
1629 1.9617202281951904
1630 2.148313045501709
1631 1.759132742881775
1632 1.8545018434524536
1633 1.3945497274398804
1634 1.4038164615631104
1635 1.7110402584075928
1636 1.5244795083999634
1637 1.6746747493743896
1638 1.7677810192108154
1639 1.6247318983078003
1640 1.484933853149414
1641 1.6218832731246948
1642 1.3128620386123657
1643 1.5496488809585571
1644 1.561921238899231
1645 1.4592657089233398
1646 1.423272728919983
1647 1.343943476676941
1648 1.3135629892349243
1649 1.5764528512954712
1650 1.4889591932296753
1651 1.7472162246704102
1652 1.552254319190979
1653 1.760999083518982
1654 1.8645700216293335
1655 1.7604384422302246
1656 1.673435926437378
1657 1.6747246980667114
1658 1.4642820358276367
1659 1.7198446989059448
1660 1.5011558532714844
1661 1.4215703010559082
1662 1.683476209640503
1663 1.5751700401306152
1664 1.672845482826233
1665 1.8014661073684692
1666 1.9433492422103882
1667 1.6333367824554443
1668 2.0685765743255615
1669 1.646741509437561
1670 1.6278129816055298
1671 1.4961252212524414
1672 1.7305760383605957
1673 1.692142367362976
1674 1.865862250328064
1675 1.8597931861877441
1676 1.7081027030944824
1677 1.7529120445251465
1678 1.8200414180755615
1679 1.9172230958938599
1680 1.7859184741973877
1681 1.534557580947876
1682 1.6474632024765015
1683 1.791253685951233
1684 1.5564935207366943
1685 1.8006865978240967
1686 1.6391228437423706
1687 1.6926270723342896
1688 1.525405764579773
1689 1.7241029739379883
1690 1.52623450756073
1691 1.5568617582321167
1692 1.5608763694763184
1693 1.5084021091461182
1694 1.5926663875579834
1695 1.6639522314071655
1696 1.7717578411102295
1697 1.4198912382125854
1698 1.5193380117416382
1699 1.627524733543396
1700 1.9840867519378662
1701 1.5989261865615845
1702 1.8947460651397705
1703 1.7693225145339966
1704 1.601717472076416
1705 1.9875742197036743
1706 1.8450392484664917
1707 1.8790991306304932
1708 1.7900866270065308
1709 1.3972067832946777
1710 1.687303900718689
1711 1.6788948774337769
1712 1.6679325103759766
1713 1.5184452533721924
1714 1.5097826719284058
1715 1.3980807065963745
1716 1.6627877950668335
1717 1.412704348564148
1718 1.4988136291503906
1719 1.7008501291275024
1720 1.7513713836669922
1721 1.752243161201477
1722 1.96633780002594
1723 1.5933393239974976
1724 1.5849716663360596
1725 1.5513297319412231
1726 1.4627387523651123
1727 2.004242181777954
1728 1.9693560600280762
1729 1.2922524213790894
1730 1.4592564105987549
1731 1.7788735628128052
1732 1.5494157075881958
1733 1.6963129043579102
1734 1.792218565940857
1735 1.8401820659637451
1736 1.667093276977539
1737 1.3917396068572998
1738 1.778281807899475
1739 1.8659522533416748
1740 1.5997114181518555
1741 1.3961613178253174
1742 1.5534414052963257
1743 1.8943597078323364
1744 1.9094971418380737
1745 2.1411209106445312
1746 1.8569536209106445
1747 1.723441481590271
1748 1.4994016885757446
1749 1.6677416563034058
1750 1.486103892326355
1751 1.4390264749526978
1752 1.232023000717163
1753 1.88949716091156
1754 1.7780779600143433
1755 1.9233322143554688
1756 1.6776536703109741
1757 1.526934266090393
1758 1.2195566892623901
1759 1.1398193836212158
1760 1.3420119285583496
1761 1.615382194519043
1762 1.5290651321411133
1763 1.8788177967071533
1764 1.954053282737732
1765 1.6668994426727295
1766 1.478671669960022
1767 1.867754578590393
1768 1.7403604984283447
1769 1.6291533708572388
1770 1.6939191818237305
1771 1.8227444887161255
1772 1.8025152683258057
1773 1.8938549757003784
1774 1.669015884399414
1775 1.9497908353805542
1776 1.6561812162399292
1777 1.6294907331466675
1778 1.7467752695083618
1779 1.6161028146743774
1780 1.6532639265060425
1781 1.477893352508545
1782 1.478188395500183
1783 1.6478840112686157
1784 1.953995704650879
1785 1.8093987703323364
1786 1.7562321424484253
1787 1.5723429918289185
1788 1.6715202331542969
1789 1.56272292137146
1790 1.847923755645752
1791 1.765893816947937
1792 1.8531996011734009
1793 1.260021448135376
1794 1.1653988361358643
1795 1.4093875885009766
1796 1.4999442100524902
1797 1.6690728664398193
1798 1.486890196800232
1799 1.7753503322601318
1800 1.3779103755950928
1801 1.3652231693267822
1802 1.3522261381149292
1803 1.1244789361953735
1804 1.2290912866592407
1805 1.2462033033370972
1806 1.437725305557251
1807 1.1570813655853271
1808 1.4277048110961914
1809 1.6662660837173462
1810 1.3838883638381958
1811 1.2622240781784058
1812 1.1759259700775146
1813 1.0459356307983398
1814 1.309943675994873
1815 1.00058114528656
1816 1.3385919332504272
1817 1.398593783378601
1818 1.3852630853652954
1819 1.4915440082550049
1820 1.4195455312728882
1821 1.6190910339355469
1822 1.3716026544570923
1823 1.5905898809432983
1824 1.9867061376571655
1825 1.8888059854507446
1826 1.8036905527114868
1827 1.7766923904418945
1828 2.174591541290283
1829 1.7443304061889648
1830 1.6895065307617188
1831 1.6605405807495117
1832 1.612807035446167
1833 1.6532902717590332
1834 1.4896608591079712
1835 1.3032041788101196
1836 1.5358213186264038
1837 1.1582953929901123
1838 1.3389172554016113
1839 1.5568767786026
1840 1.3479827642440796
1841 1.6604602336883545
1842 1.4708341360092163
1843 1.0247129201889038
1844 1.6233012676239014
1845 1.3252735137939453
1846 1.1901167631149292
1847 1.255631685256958
1848 1.4790087938308716
1849 1.353996992111206
1850 1.4632459878921509
1851 1.1701146364212036
1852 1.0152767896652222
1853 1.167376160621643
1854 1.1297800540924072
1855 1.2246053218841553
1856 1.296494483947754
1857 1.2519173622131348
1858 1.2844047546386719
1859 1.3026947975158691
1860 1.3899896144866943
1861 1.3224374055862427
1862 1.1138215065002441
1863 1.5120232105255127
1864 1.3537389039993286
1865 1.51939058303833
1866 1.2293014526367188
1867 1.2485620975494385
1868 1.2873915433883667
1869 1.2934807538986206
1870 1.2255417108535767
1871 1.338832139968872
1872 1.473454236984253
1873 1.079656958580017
1874 1.309837818145752
1875 1.1648544073104858
1876 1.319471001625061
1877 1.4315026998519897
1878 1.2568387985229492
1879 0.9856368899345398
1880 1.3435465097427368
1881 1.1669763326644897
1882 1.3976012468338013
1883 1.375623345375061
1884 1.7056964635849
1885 1.253454566001892
1886 1.2844048738479614
1887 1.3686963319778442
1888 1.4596365690231323
1889 1.1046013832092285
1890 1.1350070238113403
1891 1.5214838981628418
1892 1.7020294666290283
1893 1.4619251489639282
1894 1.4107813835144043
1895 1.417129635810852
1896 1.5321918725967407
1897 1.388488531112671
1898 1.5173380374908447
1899 1.343681812286377
1900 1.5277245044708252
1901 1.2284451723098755
1902 1.2809247970581055
1903 1.649661660194397
1904 1.6352602243423462
1905 1.577161431312561
1906 1.4651823043823242
1907 1.499723196029663
1908 1.3786317110061646
1909 1.321079969406128
1910 1.4658573865890503
1911 1.3307732343673706
1912 1.5298908948898315
1913 1.5371860265731812
1914 1.4394896030426025
1915 1.3010954856872559
1916 1.3302627801895142
1917 1.243582844734192
1918 1.2099360227584839
1919 1.6823759078979492
1920 1.3501964807510376
1921 1.4390184879302979
1922 1.3424656391143799
1923 1.2580002546310425
1924 1.4427080154418945
1925 1.3595281839370728
1926 1.0768704414367676
1927 1.4674267768859863
1928 1.7678636312484741
1929 1.4087095260620117
1930 1.2173981666564941
1931 1.4026291370391846
1932 1.1768044233322144
1933 1.4573029279708862
1934 1.6021175384521484
1935 1.321976900100708
1936 1.3668056726455688
1937 1.5785332918167114
1938 1.0415819883346558
1939 1.2286217212677002
1940 1.0416494607925415
1941 0.8484609127044678
1942 1.4229896068572998
1943 1.211859107017517
1944 1.2459267377853394
1945 1.2047230005264282
1946 1.5546709299087524
1947 1.2819797992706299
1948 1.3365161418914795
1949 1.4551830291748047
1950 1.434096336364746
1951 1.2347687482833862
1952 1.1916600465774536
1953 1.503942608833313
1954 1.5531312227249146
1955 1.8374083042144775
1956 1.637139916419983
1957 1.4362434148788452
1958 1.5985957384109497
1959 1.35197913646698
1960 1.4209060668945312
1961 1.5578768253326416
1962 1.0717377662658691
1963 1.2901124954223633
1964 1.1562597751617432
1965 1.3418105840682983
1966 1.1286723613739014
1967 1.1044729948043823
1968 1.450897216796875
1969 1.3683948516845703
1970 1.3903508186340332
1971 1.5442074537277222
1972 1.3502228260040283
1973 1.2315975427627563
1974 1.6312823295593262
1975 1.4499332904815674
1976 1.8864750862121582
1977 1.6368902921676636
1978 1.7080519199371338
1979 1.3748072385787964
1980 1.723081111907959
1981 1.7210801839828491
1982 1.1307939291000366
1983 1.057202935218811
1984 1.3482681512832642
1985 1.2785711288452148
1986 1.266784906387329
1987 1.142966389656067
1988 1.1664413213729858
1989 1.4931516647338867
1990 1.2222976684570312
1991 1.1253383159637451
1992 1.1420352458953857
1993 1.1820623874664307
1994 1.0462567806243896
1995 1.2570337057113647
1996 1.061458706855774
1997 1.2574528455734253
1998 1.3145354986190796
1999 1.1390657424926758
2000 1.2963802814483643
2001 1.1882256269454956
2002 1.1433206796646118
2003 1.1953914165496826
2004 1.467350721359253
2005 1.4909846782684326
2006 1.4202786684036255
2007 1.4367260932922363
2008 1.3544347286224365
2009 1.2924641370773315
2010 1.483195185661316
2011 1.4469720125198364
2012 1.4705734252929688
2013 1.3378355503082275
2014 1.617651104927063
2015 1.9957513809204102
2016 1.8409026861190796
2017 1.9880993366241455
2018 1.7537002563476562
2019 1.5679988861083984
2020 1.5457550287246704
2021 1.5280193090438843
2022 1.374301552772522
2023 1.2669323682785034
2024 1.5329777002334595
2025 1.3118882179260254
2026 1.3385584354400635
2027 1.5386027097702026
2028 1.806270718574524
2029 1.768442988395691
2030 1.4920591115951538
2031 1.4291855096817017
2032 1.5085201263427734
2033 1.644045352935791
2034 1.3980227708816528
2035 1.6820341348648071
2036 2.0726749897003174
2037 2.6919829845428467
2038 2.2908170223236084
2039 2.1580564975738525
2040 2.0362162590026855
2041 2.0378596782684326
2042 2.1013472080230713
2043 2.2868969440460205
2044 2.4192166328430176
2045 1.6810566186904907
2046 1.500114917755127
2047 1.6321418285369873
2048 1.780747890472412
2049 2.058185338973999
2050 1.514938473701477
2051 1.9389111995697021
2052 1.7304633855819702
2053 1.7505526542663574
2054 1.9276210069656372
2055 1.4911129474639893
2056 1.5912936925888062
2057 1.6958463191986084
2058 1.6238844394683838
2059 1.5308778285980225
2060 1.4067610502243042
2061 1.2365107536315918
2062 1.200646996498108
2063 1.4036086797714233
2064 1.3175487518310547
2065 1.2946628332138062
2066 1.537754774093628
2067 1.4867937564849854
2068 1.5871480703353882
2069 1.806787371635437
2070 1.3863976001739502
2071 1.7955414056777954
2072 1.4783737659454346
2073 1.9175286293029785
2074 1.7350406646728516
2075 1.5863512754440308
2076 1.5830029249191284
2077 1.6567062139511108
2078 1.602306842803955
2079 1.6454761028289795
2080 1.7136740684509277
2081 1.452367901802063
2082 1.6176410913467407
2083 1.6724495887756348
2084 1.5423165559768677
2085 1.6269670724868774
2086 1.5283254384994507
2087 1.7194633483886719
2088 1.858954668045044
2089 1.7084078788757324
2090 1.5951699018478394
2091 1.5468050241470337
2092 1.266008734703064
2093 1.3946563005447388
2094 1.525686264038086
2095 1.5539684295654297
2096 1.6964441537857056
2097 1.5899642705917358
2098 1.7477052211761475
2099 2.093092679977417
2100 1.7631094455718994
2101 1.7404308319091797
2102 1.3954557180404663
2103 1.6184502840042114
2104 1.8868160247802734
2105 1.6510995626449585
2106 1.842333197593689
2107 1.6837183237075806
2108 1.570650339126587
2109 1.4444878101348877
2110 1.4509963989257812
2111 1.5026599168777466
2112 1.6144046783447266
2113 1.6634304523468018
2114 1.836519479751587
2115 1.3048782348632812
2116 1.697658896446228
2117 1.8314708471298218
2118 1.785826563835144
2119 1.9365166425704956
2120 1.5170706510543823
2121 2.0366222858428955
2122 1.870827555656433
2123 1.5902715921401978
2124 1.5730150938034058
2125 1.4683914184570312
2126 1.520685076713562
2127 1.842402696609497
2128 2.041741371154785
2129 1.7260397672653198
2130 1.5879347324371338
2131 1.692887306213379
2132 1.6409780979156494
2133 1.7341384887695312
2134 1.7621766328811646
2135 2.0139503479003906
2136 1.8642083406448364
2137 2.2465271949768066
2138 1.609048843383789
2139 1.4678311347961426
2140 1.7712531089782715
2141 1.4354703426361084
2142 1.3644461631774902
2143 1.5091984272003174
2144 1.492144227027893
2145 1.7504653930664062
2146 1.6842820644378662
2147 1.9957236051559448
2148 1.616062045097351
2149 1.382965087890625
2150 1.7535806894302368
2151 1.6794116497039795
2152 1.621249794960022
2153 1.655848503112793
2154 1.9450236558914185
2155 1.5311051607131958
2156 1.7355254888534546
2157 1.829206943511963
2158 1.7548136711120605
2159 1.5190354585647583
2160 1.7585928440093994
2161 1.5630308389663696
2162 1.4661760330200195
2163 1.4835021495819092
2164 1.6382365226745605
2165 1.6377233266830444
2166 1.8500086069107056
2167 1.6013915538787842
2168 1.5619337558746338
2169 1.5706586837768555
2170 1.5926642417907715
2171 1.312330722808838
2172 1.5025066137313843
2173 1.4297692775726318
2174 1.3463773727416992
2175 1.7764201164245605
2176 1.5903514623641968
2177 1.5489418506622314
2178 1.311564326286316
2179 1.6214910745620728
2180 1.744687795639038
2181 1.5671870708465576
2182 1.8820972442626953
2183 1.4607008695602417
2184 1.7011523246765137
2185 1.629326343536377
2186 1.6052178144454956
2187 1.856080174446106
2188 1.7254681587219238
2189 1.7582687139511108
2190 1.705949306488037
2191 1.7449424266815186
2192 1.6703190803527832
2193 1.807262659072876
2194 1.814926028251648
2195 1.879461646080017
2196 1.9821463823318481
2197 1.9685441255569458
2198 2.039456367492676
2199 1.7543249130249023
2200 1.8184539079666138
2201 1.6456547975540161
2202 1.719468116760254
2203 1.9678025245666504
2204 1.8160215616226196
2205 1.5500855445861816
2206 1.8910645246505737
2207 1.5209238529205322
2208 1.8968138694763184
2209 2.0205156803131104
2210 2.0541679859161377
2211 1.763250708580017
2212 1.923883080482483
2213 1.9611085653305054
2214 1.6074587106704712
2215 1.6815052032470703
2216 1.596450686454773
2217 1.7532637119293213
2218 1.8111951351165771
2219 1.5271656513214111
2220 1.8910537958145142
2221 1.7311211824417114
2222 1.776252031326294
2223 1.5039838552474976
2224 1.7800976037979126
2225 1.8886423110961914
2226 2.1751480102539062
2227 2.1950578689575195
2228 1.9892154932022095
2229 2.050443649291992
2230 1.8073875904083252
2231 1.8361241817474365
2232 1.9496747255325317
2233 1.6668994426727295
2234 1.9158766269683838
2235 1.6228803396224976
2236 2.0378804206848145
2237 1.5165008306503296
2238 1.5312464237213135
2239 1.908503532409668
2240 1.9276002645492554
2241 1.660647988319397
2242 1.8596174716949463
2243 1.4803309440612793
2244 1.5883827209472656
2245 1.5940966606140137
2246 1.6093884706497192
2247 1.7287964820861816
2248 1.8912746906280518
2249 1.552957534790039
2250 1.668852686882019
2251 1.4730173349380493
2252 1.516263484954834
2253 1.652243971824646
2254 1.3724967241287231
2255 1.197304129600525
2256 1.4941864013671875
2257 1.6579415798187256
2258 1.7421772480010986
2259 1.8664929866790771
2260 1.8656201362609863
2261 1.6350407600402832
2262 1.809789776802063
2263 1.5133907794952393
2264 1.5882929563522339
2265 1.8343162536621094
2266 1.6186352968215942
2267 1.8661956787109375
2268 1.9081928730010986
2269 1.502529263496399
2270 1.613273024559021
2271 1.5526868104934692
2272 1.7006207704544067
2273 2.075373649597168
2274 1.758414626121521
2275 1.7572548389434814
2276 1.9212104082107544
2277 2.181074380874634
2278 1.813191294670105
2279 1.717995524406433
2280 1.9025191068649292
2281 2.075129270553589
2282 1.676030158996582
2283 1.6557576656341553
2284 1.6815992593765259
2285 1.906750202178955
2286 1.6305851936340332
2287 1.9036431312561035
2288 1.6635175943374634
2289 1.8829160928726196
2290 1.6726454496383667
2291 1.5905940532684326
2292 1.686725378036499
2293 1.4840033054351807
2294 1.793357253074646
2295 1.5667128562927246
2296 1.799854040145874
2297 1.893248438835144
2298 1.5756893157958984
2299 1.421696662902832
2300 1.5018466711044312
2301 1.9110678434371948
2302 2.1563093662261963
2303 1.8614815473556519
2304 1.6612635850906372
2305 2.075187921524048
2306 1.6319414377212524
2307 1.6269841194152832
2308 1.7278772592544556
2309 1.989256739616394
2310 1.7126551866531372
2311 2.0325121879577637
2312 1.7550597190856934
2313 1.959903597831726
2314 1.7489725351333618
2315 1.6415385007858276
2316 2.0462958812713623
2317 1.9664465188980103
2318 1.9286248683929443
2319 2.166933536529541
2320 1.9245713949203491
2321 1.9179457426071167
2322 1.74910306930542
2323 1.4571059942245483
2324 1.6380352973937988
2325 1.510564923286438
2326 1.6044552326202393
2327 1.4968990087509155
2328 1.9506511688232422
2329 2.206702947616577
2330 1.7282315492630005
2331 1.4639899730682373
2332 1.59672212600708
2333 1.7554889917373657
2334 1.9726001024246216
2335 1.9099279642105103
2336 1.8294891119003296
2337 2.17181396484375
2338 2.0323212146759033
2339 2.048428773880005
2340 2.227073907852173
2341 2.207862615585327
2342 2.336595296859741
2343 2.3198935985565186
2344 2.008446455001831
2345 2.362035036087036
2346 1.8077456951141357
2347 1.5840873718261719
2348 1.4139362573623657
2349 1.5364243984222412
2350 1.6867033243179321
2351 1.5503268241882324
2352 1.759811520576477
2353 1.5755995512008667
2354 1.848069667816162
2355 1.9203639030456543
2356 1.6596519947052002
2357 1.4689748287200928
2358 1.5403426885604858
2359 1.9475359916687012
2360 1.763157606124878
2361 1.8508251905441284
2362 1.5769782066345215
2363 1.37511146068573
2364 1.9446481466293335
2365 1.4939802885055542
2366 1.5946484804153442
2367 1.6393407583236694
2368 1.7203125953674316
2369 1.5759735107421875
2370 1.5700621604919434
2371 1.6717042922973633
2372 1.729906678199768
2373 1.833398461341858
2374 1.8418710231781006
2375 1.7695177793502808
2376 1.76725172996521
2377 1.5801116228103638
2378 1.6265486478805542
2379 1.8766651153564453
2380 1.6162196397781372
2381 1.861114263534546
2382 1.8083440065383911
2383 1.8305572271347046
2384 1.6964068412780762
2385 1.7361023426055908
2386 1.9249566793441772
2387 1.8692224025726318
2388 1.7563799619674683
2389 2.131767511367798
2390 1.9373410940170288
2391 1.914830207824707
2392 1.8161877393722534
2393 2.1051697731018066
2394 1.8860005140304565
2395 1.919925332069397
2396 2.0900912284851074
2397 2.2628166675567627
2398 2.234821319580078
2399 2.3905282020568848
2400 2.3808774948120117
2401 2.787071943283081
2402 2.458000421524048
2403 2.476222515106201
2404 2.4495832920074463
2405 2.3150992393493652
2406 2.6893348693847656
2407 2.4683709144592285
2408 2.4958701133728027
2409 2.3505585193634033
2410 2.9567956924438477
2411 3.174865245819092
2412 2.963580369949341
2413 3.108522415161133
2414 2.9763457775115967
2415 2.5274276733398438
2416 2.7400474548339844
2417 2.7826504707336426
2418 2.593636989593506
2419 2.653059244155884
2420 2.825127124786377
2421 2.7513039112091064
2422 2.551351547241211
2423 2.471247673034668
2424 2.6638050079345703
2425 2.6754462718963623
2426 2.6403048038482666
2427 2.782749652862549
2428 2.8741655349731445
2429 2.5991129875183105
2430 2.566148519515991
2431 2.5117311477661133
2432 2.2977194786071777
2433 2.2106683254241943
2434 2.4755728244781494
2435 2.541045665740967
2436 2.272650957107544
2437 2.5355172157287598
2438 2.444753646850586
2439 2.4285225868225098
2440 2.46585750579834
2441 2.3788001537323
2442 2.4088239669799805
2443 2.6111207008361816
2444 2.440228223800659
2445 2.4301235675811768
2446 2.2417759895324707
2447 2.48563814163208
2448 2.2829010486602783
2449 2.4498138427734375
2450 2.552325487136841
2451 2.717456579208374
2452 2.661350727081299
2453 2.7484591007232666
2454 2.281364917755127
2455 2.4072794914245605
2456 2.4041173458099365
2457 2.731189012527466
2458 2.714489221572876
2459 2.3873789310455322
2460 2.4551639556884766
2461 2.515435218811035
2462 2.18253493309021
2463 2.1985437870025635
2464 2.127030611038208
2465 2.238084316253662
2466 2.4913265705108643
2467 2.740351438522339
2468 2.276829242706299
2469 2.1134848594665527
2470 2.0786287784576416
2471 2.0393385887145996
2472 2.250023365020752
2473 2.1860849857330322
2474 2.075773000717163
2475 2.0939571857452393
2476 2.175018787384033
2477 2.0486106872558594
2478 2.328359365463257
2479 2.435857057571411
2480 2.196467638015747
2481 2.1277048587799072
2482 2.0793070793151855
2483 2.1397833824157715
2484 2.1779823303222656
2485 2.0447142124176025
2486 2.149688482284546
2487 2.424517869949341
2488 2.2851150035858154
2489 2.275857925415039
2490 2.206731081008911
2491 2.2027969360351562
2492 2.4217822551727295
2493 2.3023128509521484
2494 2.1316466331481934
2495 2.1359801292419434
2496 2.3699543476104736
2497 2.2910943031311035
2498 2.0068399906158447
2499 2.2795140743255615
2500 2.026085376739502
2501 2.1897943019866943
2502 2.1097681522369385
2503 1.8167378902435303
2504 2.109107732772827
2505 2.0700478553771973
2506 2.002437114715576
2507 2.30076003074646
2508 1.985194444656372
2509 2.3408005237579346
2510 2.0184929370880127
2511 1.9235360622406006
2512 2.168285369873047
2513 2.1565802097320557
2514 2.1814870834350586
2515 1.9695987701416016
2516 2.2083630561828613
2517 2.217524528503418
2518 2.225266218185425
2519 2.1093430519104004
2520 2.266794443130493
2521 2.2349462509155273
2522 2.5792582035064697
2523 2.3495800495147705
2524 2.4173927307128906
2525 2.158596992492676
2526 2.4273993968963623
2527 2.1671950817108154
2528 2.462223768234253
2529 2.170814037322998
2530 2.553889513015747
2531 2.582612991333008
2532 2.2989680767059326
2533 2.2543628215789795
2534 2.176335096359253
2535 2.1478183269500732
2536 2.0988543033599854
2537 2.088327407836914
2538 2.0320749282836914
2539 1.8969979286193848
2540 2.0619266033172607
2541 2.164238691329956
2542 2.00620436668396
2543 2.105790376663208
2544 2.0836639404296875
2545 2.1048800945281982
2546 2.1096725463867188
2547 1.9240440130233765
2548 1.9374735355377197
2549 2.0570502281188965
2550 1.9689942598342896
2551 1.9336541891098022
2552 2.1575632095336914
2553 1.8200761079788208
2554 1.8759175539016724
2555 2.131197690963745
2556 2.0764968395233154
2557 2.0730772018432617
2558 2.073000431060791
2559 1.9757920503616333
2560 1.9971843957901
2561 1.7678818702697754
2562 1.7796268463134766
2563 1.7327409982681274
2564 1.610253095626831
2565 1.4561052322387695
2566 1.9460583925247192
2567 1.9144374132156372
2568 1.9022537469863892
2569 1.8927078247070312
2570 1.780146598815918
2571 1.7376935482025146
2572 1.9353306293487549
2573 1.9291973114013672
2574 1.6069592237472534
2575 1.8298304080963135
2576 1.7229477167129517
2577 2.0415587425231934
2578 1.7695491313934326
2579 1.8278071880340576
2580 1.8425403833389282
2581 2.305609703063965
2582 1.9324580430984497
2583 1.8851350545883179
2584 1.8580416440963745
2585 2.0380640029907227
2586 1.777439832687378
2587 1.8364132642745972
2588 1.8296328783035278
2589 2.19488525390625
2590 2.1978816986083984
2591 2.1492295265197754
2592 1.9579694271087646
2593 1.7925673723220825
2594 1.740342378616333
2595 1.577958583831787
2596 1.564460039138794
2597 1.733036994934082
2598 1.5338867902755737
2599 1.481523871421814
2600 1.8256886005401611
2601 1.9092580080032349
2602 1.995347499847412
2603 1.7399247884750366
2604 1.6136497259140015
2605 1.494214653968811
2606 1.1994456052780151
2607 1.5338252782821655
2608 1.7920290231704712
2609 1.4632954597473145
2610 1.4604898691177368
2611 1.4815034866333008
2612 1.6553040742874146
2613 1.803991675376892
2614 1.3772250413894653
2615 1.3838642835617065
2616 1.68269681930542
2617 1.5406568050384521
2618 1.8986936807632446
2619 1.8474788665771484
2620 1.6206647157669067
2621 1.8205640316009521
2622 1.613234519958496
2623 1.7113566398620605
2624 1.5827332735061646
2625 1.831642508506775
2626 1.6571102142333984
2627 1.4675531387329102
2628 1.5500035285949707
2629 1.8628448247909546
2630 1.6232731342315674
2631 1.5139364004135132
2632 1.2866604328155518
2633 1.374649167060852
2634 1.494500994682312
2635 1.1426552534103394
2636 1.625962734222412
2637 1.5445153713226318
2638 1.9413703680038452
2639 1.6777197122573853
2640 1.3906208276748657
2641 1.5603594779968262
2642 1.6182217597961426
2643 1.6845333576202393
2644 2.2671639919281006
2645 1.924797534942627
2646 1.6610080003738403
2647 1.9541106224060059
2648 1.8692134618759155
2649 1.800411343574524
2650 1.9890518188476562
2651 1.2169575691223145
2652 1.3982006311416626
2653 1.0186575651168823
2654 1.4081313610076904
2655 1.165676236152649
2656 1.2426903247833252
2657 1.0733455419540405
2658 1.2900097370147705
2659 1.192291259765625
2660 1.2464449405670166
2661 1.3091713190078735
2662 1.3221678733825684
2663 1.2345629930496216
2664 1.3638463020324707
2665 1.2947876453399658
2666 1.286679983139038
2667 1.2651872634887695
2668 1.416885495185852
2669 1.2136720418930054
2670 1.2415266036987305
2671 1.388728380203247
2672 1.1113358736038208
2673 1.3747406005859375
2674 1.4268046617507935
2675 1.36500883102417
2676 1.5477803945541382
2677 1.7056373357772827
2678 1.7640986442565918
2679 1.865707516670227
2680 1.3239388465881348
2681 1.7846001386642456
2682 1.7214394807815552
2683 1.576005458831787
2684 1.626257061958313
2685 1.5497874021530151
2686 1.6512491703033447
2687 1.3468751907348633
2688 1.5711653232574463
2689 1.5557724237442017
2690 1.496529459953308
2691 1.5756080150604248
2692 1.5443421602249146
2693 1.6334742307662964
2694 1.6644792556762695
2695 1.7158794403076172
2696 1.4178518056869507
2697 1.3702670335769653
2698 1.4106812477111816
2699 1.6052303314208984
2700 1.7020260095596313
2701 1.879125952720642
2702 1.6871591806411743
2703 1.5773789882659912
2704 1.6518244743347168
2705 1.6475173234939575
2706 1.6875476837158203
2707 1.7283058166503906
2708 1.796631097793579
2709 1.7119340896606445
2710 1.7357414960861206
2711 1.5637215375900269
2712 1.7690340280532837
2713 1.7409694194793701
2714 1.7778760194778442
2715 1.755643606185913
2716 1.8669365644454956
2717 1.629353404045105
2718 1.4388790130615234
2719 1.4924198389053345
2720 1.7078276872634888
2721 1.520215392112732
2722 1.5249720811843872
2723 1.7199242115020752
2724 1.5457379817962646
2725 1.6932636499404907
2726 1.6096673011779785
2727 1.4369604587554932
2728 1.7997469902038574
2729 1.454486608505249
2730 1.5438306331634521
2731 1.7077101469039917
2732 1.5099331140518188
2733 1.5184516906738281
2734 1.475740671157837
2735 1.619276762008667
2736 1.7142159938812256
2737 1.7598098516464233
2738 1.6666748523712158
2739 1.7464953660964966
2740 1.8224766254425049
2741 1.7908105850219727
2742 1.8392812013626099
2743 1.948157548904419
2744 1.7790648937225342
2745 1.714311957359314
2746 1.7893948554992676
2747 1.6388872861862183
2748 1.7567918300628662
2749 1.6305888891220093
2750 1.7064746618270874
2751 1.6636511087417603
2752 1.745045781135559
2753 1.7579787969589233
2754 1.8396952152252197
2755 1.818181037902832
2756 1.7897403240203857
2757 1.86227548122406
2758 1.8076525926589966
2759 1.83390212059021
2760 1.8706157207489014
2761 2.0597922801971436
2762 1.7244248390197754
2763 1.877529501914978
2764 2.0926012992858887
2765 2.0420432090759277
2766 1.8738889694213867
2767 1.8014273643493652
2768 1.605732798576355
2769 1.6915676593780518
2770 1.7456963062286377
2771 1.9082915782928467
2772 1.93705415725708
2773 1.9591915607452393
2774 2.0555808544158936
2775 1.8846644163131714
2776 2.092409610748291
2777 1.780725359916687
2778 1.6230149269104004
2779 2.1187002658843994
2780 1.7439048290252686
2781 1.788932204246521
2782 2.07535457611084
2783 2.273470878601074
2784 1.899040699005127
2785 2.1565988063812256
2786 2.036525011062622
2787 2.090111017227173
2788 1.7980849742889404
2789 1.7909109592437744
2790 1.9129489660263062
2791 1.790695309638977
2792 1.8172441720962524
2793 2.3456575870513916
2794 2.1805028915405273
2795 2.0290515422821045
2796 2.245762348175049
2797 2.126235246658325
2798 1.9752439260482788
2799 1.9006768465042114
2800 2.1865792274475098
2801 2.1490437984466553
2802 1.7653650045394897
2803 1.9527990818023682
2804 1.929545283317566
2805 1.896506667137146
2806 1.8468722105026245
2807 2.011195421218872
2808 1.7679736614227295
2809 1.7563412189483643
2810 1.9113543033599854
2811 2.03790020942688
2812 1.8052228689193726
2813 1.8422658443450928
2814 1.9822282791137695
2815 1.8326789140701294
2816 2.0367090702056885
2817 1.7974177598953247
2818 1.963328242301941
2819 1.9516165256500244
2820 2.0959813594818115
2821 1.9567958116531372
2822 1.9382842779159546
2823 2.0000367164611816
2824 2.1030595302581787
2825 2.1542840003967285
2826 2.17043399810791
2827 2.425720453262329
2828 2.094893217086792
2829 2.0619826316833496
2830 2.0325253009796143
2831 1.9787256717681885
2832 1.9869146347045898
2833 1.866402268409729
2834 1.8483482599258423
2835 1.8249081373214722
2836 1.9358903169631958
2837 1.9655578136444092
2838 2.1231296062469482
2839 1.900123119354248
2840 1.9146544933319092
2841 2.0145368576049805
2842 1.9055697917938232
2843 2.0462169647216797
2844 2.061383008956909
2845 2.1162374019622803
2846 2.088397741317749
2847 2.0577895641326904
2848 2.0693185329437256
2849 2.2863097190856934
2850 2.2000811100006104
2851 1.8576782941818237
2852 1.8672213554382324
2853 2.3487441539764404
2854 1.9482996463775635
2855 2.0365419387817383
2856 2.16355037689209
2857 2.092754602432251
2858 2.1913015842437744
2859 1.952700138092041
2860 1.8571890592575073
2861 2.0406389236450195
2862 1.9291338920593262
2863 1.9185322523117065
2864 2.061164617538452
2865 1.992587924003601
2866 2.0507638454437256
2867 2.1165237426757812
2868 2.0533902645111084
2869 2.2442445755004883
2870 2.018465042114258
2871 2.0158743858337402
2872 2.1754095554351807
2873 2.0503437519073486
2874 1.7992737293243408
2875 1.7659481763839722
2876 1.708000659942627
2877 2.0085902214050293
2878 1.9485834836959839
2879 2.0295751094818115
2880 2.2277605533599854
2881 2.305501699447632
2882 2.177828073501587
2883 2.123124122619629
2884 2.2816450595855713
2885 1.8381162881851196
2886 2.083571434020996
2887 1.9827861785888672
2888 2.3135080337524414
2889 2.2069833278656006
2890 2.0196657180786133
2891 1.9607269763946533
2892 2.148745536804199
2893 2.0966196060180664
2894 2.0458130836486816
2895 2.106881618499756
2896 2.2208092212677
2897 2.245844841003418
2898 2.267510414123535
2899 2.3030495643615723
2900 2.3467371463775635
2901 2.0360069274902344
2902 2.3908658027648926
2903 2.2039859294891357
2904 2.498546838760376
2905 2.331928014755249
2906 2.208500623703003
2907 2.170057773590088
2908 2.1386075019836426
2909 2.2356438636779785
2910 2.456932783126831
2911 2.516940116882324
2912 2.2917211055755615
2913 2.196772575378418
2914 2.1955106258392334
2915 2.2129130363464355
2916 2.2460861206054688
2917 2.22865891456604
2918 2.281137228012085
2919 2.2076845169067383
2920 2.339944839477539
2921 2.0877926349639893
2922 2.2241921424865723
2923 2.267085075378418
2924 2.2989213466644287
2925 2.004539966583252
2926 2.329118251800537
2927 2.671147584915161
2928 2.1508901119232178
2929 2.1076605319976807
2930 2.0855307579040527
2931 1.9637888669967651
2932 2.1992039680480957
2933 2.5092523097991943
2934 2.228694200515747
2935 2.356233835220337
2936 2.824819326400757
2937 2.5798308849334717
2938 2.58380389213562
2939 2.825476884841919
2940 2.640195369720459
2941 2.307825803756714
2942 2.324814558029175
2943 2.5933423042297363
2944 2.5831940174102783
2945 2.386357069015503
2946 2.7685787677764893
2947 2.1232709884643555
2948 2.2408862113952637
2949 2.273719549179077
2950 2.325091600418091
2951 2.2867138385772705
2952 2.0467050075531006
2953 2.2640726566314697
2954 2.05850887298584
2955 2.2713048458099365
2956 2.1995201110839844
2957 2.111424207687378
2958 2.0363738536834717
2959 1.9089964628219604
2960 2.1908953189849854
2961 2.004974365234375
2962 2.2956032752990723
2963 2.3400697708129883
2964 2.220207929611206
2965 2.2634129524230957
2966 2.2119944095611572
2967 1.8904204368591309
2968 2.073519229888916
2969 2.2814905643463135
2970 2.1789891719818115
2971 2.1095352172851562
2972 2.453234910964966
2973 2.367936134338379
2974 2.2986369132995605
2975 1.8619364500045776
2976 2.3903939723968506
2977 2.6147117614746094
2978 2.463310480117798
2979 2.7456841468811035
2980 2.845749616622925
2981 2.8116021156311035
2982 2.9868764877319336
2983 2.5576229095458984
2984 2.5443434715270996
2985 2.637948513031006
2986 2.534313440322876
2987 2.702401876449585
2988 2.5474092960357666
2989 2.476825714111328
2990 2.263533115386963
2991 2.4065279960632324
2992 2.3760812282562256
2993 2.460113763809204
2994 2.6179141998291016
2995 2.5510141849517822
2996 2.234354019165039
2997 2.325192451477051
2998 2.530857801437378
2999 2.666250467300415
3000 2.3166892528533936
3001 2.442845582962036
3002 2.5563735961914062
3003 2.7795071601867676
3004 2.606534957885742
3005 2.3588132858276367
3006 2.33288311958313
3007 2.243678092956543
3008 2.1899917125701904
3009 2.0250027179718018
3010 2.0353801250457764
3011 2.1876211166381836
3012 2.2853777408599854
3013 1.9841269254684448
3014 2.0241801738739014
3015 2.4351272583007812
3016 2.1855204105377197
3017 2.282991647720337
3018 2.4837052822113037
3019 2.391692638397217
3020 2.0494441986083984
3021 2.1418213844299316
3022 2.2035024166107178
3023 1.9179688692092896
3024 2.0268380641937256
3025 2.3748021125793457
3026 2.2228071689605713
3027 2.2120089530944824
3028 2.2462382316589355
3029 2.398879289627075
3030 2.1405856609344482
3031 2.166566848754883
3032 2.0433943271636963
3033 2.2552261352539062
3034 2.0013844966888428
3035 2.036602020263672
3036 1.9856454133987427
3037 2.0965676307678223
3038 1.8727792501449585
3039 2.053065538406372
3040 2.0289745330810547
3041 1.9861950874328613
3042 2.2073404788970947
3043 2.6243348121643066
3044 2.437864065170288
3045 1.9536880254745483
3046 2.184185743331909
3047 2.4885056018829346
3048 2.225736141204834
3049 1.7550368309020996
3050 1.7372627258300781
3051 2.013564348220825
3052 1.7271199226379395
3053 1.753591537475586
3054 2.0278449058532715
3055 2.3835413455963135
3056 2.6142358779907227
3057 2.6028075218200684
3058 2.6765854358673096
3059 2.836817979812622
3060 2.528107166290283
3061 2.5666260719299316
3062 2.6728928089141846
3063 2.693179130554199
3064 2.6486806869506836
3065 3.0272257328033447
3066 3.0011916160583496
3067 2.865541696548462
3068 2.510711193084717
3069 2.645514488220215
3070 2.973015308380127
3071 2.9600532054901123
3072 2.998386859893799
3073 2.6107287406921387
3074 2.644577741622925
3075 2.5861165523529053
3076 2.7047390937805176
3077 2.7190442085266113
3078 2.764070987701416
3079 2.231646776199341
3080 2.4043219089508057
3081 2.5897860527038574
3082 2.2748310565948486
3083 2.131227493286133
3084 2.4996519088745117
3085 2.2435667514801025
3086 2.075366973876953
3087 2.0330965518951416
3088 2.021963357925415
3089 2.1890220642089844
3090 2.1457393169403076
3091 1.724355936050415
3092 1.8587071895599365
3093 1.898472785949707
3094 1.9902379512786865
3095 1.997499704360962
3096 2.1435160636901855
3097 2.243131160736084
3098 2.096489667892456
3099 2.6796154975891113
3100 2.308634042739868
3101 1.768860101699829
3102 2.097562313079834
3103 2.33872652053833
3104 2.1467819213867188
3105 1.9931365251541138
3106 2.1184260845184326
3107 2.0558407306671143
3108 2.091648817062378
3109 2.001167058944702
3110 2.0331339836120605
3111 2.1746158599853516
3112 2.0065112113952637
3113 1.908957839012146
3114 2.0823659896850586
3115 2.2683897018432617
3116 2.353928804397583
3117 2.506117820739746
3118 2.221118688583374
3119 2.484758138656616
3120 2.5354106426239014
3121 2.42889142036438
3122 2.1787056922912598
3123 2.447356939315796
3124 2.394280195236206
3125 2.4291646480560303
3126 2.017477035522461
3127 2.4473280906677246
3128 2.198730707168579
3129 2.28922176361084
3130 2.1531925201416016
3131 1.9585580825805664
3132 2.227979898452759
3133 2.117114543914795
3134 1.9997648000717163
3135 2.389569044113159
3136 2.5778517723083496
3137 2.529165744781494
3138 2.3782877922058105
3139 2.5190768241882324
3140 2.397921085357666
3141 2.1066346168518066
3142 2.2865190505981445
3143 2.2876603603363037
3144 2.2523982524871826
3145 2.1066720485687256
3146 2.006094217300415
3147 2.059819221496582
3148 2.1867403984069824
3149 2.2261409759521484
3150 2.5172717571258545
3151 2.8321399688720703
3152 2.3303611278533936
3153 2.3227546215057373
3154 2.102423667907715
3155 2.043778419494629
3156 2.1928601264953613
3157 2.129725694656372
3158 2.704031229019165
3159 2.59332537651062
3160 2.302950859069824
3161 1.9515525102615356
3162 2.2679967880249023
3163 2.3016419410705566
3164 2.1057751178741455
3165 2.1371076107025146
3166 2.121594190597534
3167 2.270047903060913
3168 2.162492275238037
3169 2.346564531326294
3170 1.9445586204528809
3171 1.8710579872131348
3172 2.012413740158081
3173 2.336409568786621
3174 2.464193105697632
3175 2.110335350036621
3176 2.0554451942443848
3177 2.2863686084747314
3178 1.923129916191101
3179 2.168349266052246
3180 2.4688801765441895
3181 2.100623846054077
3182 2.2131927013397217
3183 2.130671501159668
3184 2.0549511909484863
3185 2.6799075603485107
3186 2.4811153411865234
3187 2.1976730823516846
3188 2.0616891384124756
3189 1.9704703092575073
3190 2.179983377456665
3191 2.071716547012329
3192 2.3200747966766357
3193 2.164776563644409
3194 2.12766170501709
3195 2.3365371227264404
3196 2.3818509578704834
3197 2.329705238342285
3198 2.022854804992676
3199 2.03471302986145
3200 2.225721836090088
3201 2.1950008869171143
3202 2.1663103103637695
3203 2.150477886199951
3204 2.2911696434020996
3205 2.3059451580047607
3206 2.3029115200042725
3207 2.143827438354492
3208 2.1336212158203125
3209 2.0434696674346924
3210 2.260620594024658
3211 2.2989351749420166
3212 2.1909244060516357
3213 2.278613567352295
3214 2.084970235824585
3215 2.1206862926483154
3216 2.2816948890686035
3217 2.4233992099761963
3218 2.1182382106781006
3219 2.314732789993286
3220 2.2683651447296143
3221 2.0612897872924805
3222 2.2342402935028076
3223 2.413189649581909
3224 2.532231569290161
3225 2.508002758026123
3226 2.4712767601013184
3227 2.4255614280700684
3228 2.5105347633361816
3229 2.4710981845855713
3230 2.604556083679199
3231 2.237679958343506
3232 2.347663640975952
3233 2.2249207496643066
3234 2.149778366088867
3235 2.3589727878570557
3236 1.9251892566680908
3237 2.043539047241211
3238 1.9678092002868652
3239 1.8338061571121216
3240 1.9439146518707275
3241 1.8668649196624756
3242 1.9025306701660156
3243 1.9638056755065918
3244 1.7067475318908691
3245 1.9541535377502441
3246 1.7568578720092773
3247 1.787437915802002
3248 1.7731367349624634
3249 2.0114686489105225
3250 1.955518126487732
3251 1.9891756772994995
3252 2.078702211380005
3253 1.85651695728302
3254 1.7977542877197266
3255 2.0517618656158447
3256 2.0691800117492676
3257 1.9440052509307861
3258 1.9480977058410645
3259 1.8899023532867432
3260 1.934009075164795
3261 2.0501015186309814
3262 1.9898077249526978
3263 2.1470730304718018
3264 2.0522353649139404
3265 2.0319371223449707
3266 2.3659682273864746
3267 2.1122677326202393
3268 2.089752674102783
3269 2.2793402671813965
3270 2.105055570602417
3271 2.211620807647705
3272 2.1466128826141357
3273 2.2378294467926025
3274 2.262601852416992
3275 2.157806873321533
3276 2.1875059604644775
3277 2.152947425842285
3278 2.255110025405884
3279 2.132169723510742
3280 2.0045645236968994
3281 2.2799527645111084
3282 2.2355406284332275
3283 2.1745479106903076
3284 2.341040849685669
3285 2.4438440799713135
3286 1.9567022323608398
3287 2.1815025806427
3288 2.2659823894500732
3289 1.9827314615249634
3290 1.8102178573608398
3291 2.157968759536743
3292 1.9807933568954468
3293 2.158130407333374
3294 1.794973373413086
3295 1.8866546154022217
3296 1.815904974937439
3297 2.1912076473236084
3298 2.038348436355591
3299 2.005200147628784
3300 2.0510501861572266
3301 2.025437355041504
3302 1.8895080089569092
3303 2.0287225246429443
3304 1.8416588306427002
3305 1.7048523426055908
3306 1.8802751302719116
3307 1.9260668754577637
3308 1.6917457580566406
3309 1.862924575805664
3310 1.6995429992675781
3311 1.655291199684143
3312 1.837943434715271
3313 1.5985982418060303
3314 1.7584260702133179
3315 1.709069848060608
3316 1.7343626022338867
3317 1.6048427820205688
3318 1.5350960493087769
3319 1.6408636569976807
3320 1.5464228391647339
3321 1.7452702522277832
3322 1.5350086688995361
3323 1.617945671081543
3324 1.6555908918380737
3325 1.641433835029602
3326 1.870938777923584
3327 1.7556506395339966
3328 1.7614836692810059
3329 1.634676456451416
3330 1.7151330709457397
3331 1.8775522708892822
3332 1.8763130903244019
3333 1.9677778482437134
3334 2.108314037322998
3335 1.982938528060913
3336 1.8593195676803589
3337 2.1137449741363525
3338 1.873059630393982
3339 1.9148550033569336
3340 1.777285099029541
3341 1.8761637210845947
3342 1.6878595352172852
3343 1.9168791770935059
3344 1.9805235862731934
3345 1.985823631286621
3346 1.873468279838562
3347 2.0045342445373535
3348 1.8534986972808838
3349 2.2062928676605225
3350 2.136612892150879
3351 2.195303440093994
3352 2.094996213912964
3353 1.933615803718567
3354 2.077848196029663
3355 2.1219520568847656
3356 1.988154411315918
3357 1.9976295232772827
3358 1.8505154848098755
3359 2.072519063949585
3360 1.9690746068954468
3361 2.016237735748291
3362 2.069483518600464
3363 2.0174999237060547
3364 2.113823175430298
3365 2.1983439922332764
3366 2.102513074874878
3367 2.0190975666046143
3368 2.246628761291504
3369 2.21803879737854
3370 2.3044137954711914
3371 2.0120129585266113
3372 2.0469353199005127
3373 1.8770095109939575
3374 2.039271116256714
3375 2.0314483642578125
3376 1.8874831199645996
3377 1.9095014333724976
3378 2.067025899887085
3379 1.905388593673706
3380 1.8786070346832275
3381 1.8068604469299316
3382 2.0993430614471436
3383 1.8899083137512207
3384 1.9894516468048096
3385 1.797536849975586
3386 1.808286428451538
3387 2.1082112789154053
3388 1.9062069654464722
3389 2.127162456512451
3390 2.080486536026001
3391 2.0862178802490234
3392 1.7350553274154663
3393 2.0536134243011475
3394 1.8267134428024292
3395 1.8731908798217773
3396 2.0114407539367676
3397 2.0404622554779053
3398 2.085415840148926
3399 1.8314601182937622
3400 1.8993629217147827
3401 1.817081093788147
3402 2.0309131145477295
3403 2.264486312866211
3404 2.1853976249694824
3405 2.119307518005371
3406 2.200077772140503
3407 2.1750600337982178
3408 2.3028764724731445
3409 2.3547210693359375
3410 2.2170135974884033
3411 2.033726930618286
3412 2.2882275581359863
3413 2.0014727115631104
3414 2.0735483169555664
3415 2.230360984802246
3416 2.384706735610962
3417 2.154757261276245
3418 2.4527015686035156
3419 2.394667863845825
3420 2.2207541465759277
3421 2.5182015895843506
3422 2.675273895263672
3423 2.437774181365967
3424 2.3375351428985596
3425 2.534571886062622
3426 2.3313286304473877
3427 2.2101261615753174
3428 2.2498443126678467
3429 2.414214849472046
3430 2.4000463485717773
3431 2.3087539672851562
3432 2.325359582901001
3433 2.11145281791687
3434 2.5260000228881836
3435 2.5396885871887207
3436 2.1832993030548096
3437 2.2517342567443848
3438 2.666280508041382
3439 2.732192039489746
3440 2.6516318321228027
3441 2.7790491580963135
3442 2.806170701980591
3443 2.778700828552246
3444 3.2744028568267822
3445 2.9026429653167725
3446 2.5371406078338623
3447 2.8514599800109863
3448 2.6433820724487305
3449 2.4947521686553955
3450 2.709118366241455
3451 2.630265712738037
3452 2.644029140472412
3453 2.452029228210449
3454 2.0772206783294678
3455 2.0947442054748535
3456 2.1906447410583496
3457 2.5780882835388184
3458 2.4400672912597656
3459 2.3101086616516113
3460 2.4761803150177
3461 2.4788246154785156
3462 2.291024923324585
3463 2.388559103012085
3464 2.295593738555908
3465 2.343015670776367
3466 2.3358490467071533
3467 2.466085195541382
3468 2.620330333709717
3469 2.45976185798645
3470 2.9095065593719482
3471 2.5855050086975098
3472 2.67299485206604
3473 2.7178452014923096
3474 2.533525228500366
3475 2.7350032329559326
3476 2.7472119331359863
3477 2.565713882446289
3478 2.4260387420654297
3479 2.5862529277801514
3480 2.6726067066192627
3481 2.54544997215271
3482 2.617271900177002
3483 2.6021761894226074
3484 2.88043475151062
3485 2.997912645339966
3486 2.6318817138671875
3487 2.3539161682128906
3488 2.7132604122161865
3489 2.7188775539398193
3490 2.2479217052459717
3491 2.4074549674987793
3492 2.8064796924591064
3493 2.823061227798462
3494 2.797396421432495
3495 2.632519006729126
3496 2.7413246631622314
3497 2.7546985149383545
3498 2.5694687366485596
3499 2.8119866847991943
3500 2.850562572479248
3501 2.9257357120513916
3502 2.519045829772949
3503 2.615449905395508
3504 2.3013243675231934
3505 2.4236204624176025
3506 2.325521230697632
3507 2.6035335063934326
3508 2.695007085800171
3509 2.4915454387664795
3510 2.601926803588867
3511 2.6195812225341797
3512 2.9764435291290283
3513 2.5836198329925537
3514 2.5665061473846436
3515 2.7547807693481445
3516 2.845844030380249
3517 2.5450613498687744
3518 2.6105313301086426
3519 2.897597551345825
3520 2.693727970123291
3521 2.682900905609131
3522 2.5578837394714355
3523 2.9681336879730225
3524 3.0428626537323
3525 2.771484851837158
3526 2.6985292434692383
3527 3.108069658279419
3528 2.9519026279449463
3529 2.6262247562408447
3530 2.8773820400238037
3531 2.205660104751587
3532 2.7792000770568848
3533 2.671384811401367
3534 2.8379969596862793
3535 2.7006897926330566
3536 2.3695199489593506
3537 2.675279140472412
3538 2.698394775390625
3539 2.246673583984375
3540 2.6804819107055664
3541 2.500826835632324
3542 2.446547746658325
3543 2.2399284839630127
3544 2.450657606124878
3545 2.4352917671203613
3546 2.385016918182373
3547 2.5801403522491455
3548 2.4880495071411133
3549 2.4693596363067627
3550 2.419523239135742
3551 2.6070289611816406
3552 2.3367252349853516
3553 2.118034839630127
3554 2.5273454189300537
3555 2.34716534614563
3556 2.4849822521209717
3557 2.425168514251709
3558 2.514187812805176
3559 2.4144163131713867
3560 2.2512645721435547
3561 2.323326349258423
3562 2.224783182144165
3563 1.9239894151687622
3564 1.7985219955444336
3565 2.666642904281616
3566 2.0826499462127686
3567 2.298614025115967
3568 2.3672499656677246
3569 2.3638570308685303
3570 2.6545662879943848
3571 2.5435707569122314
3572 2.4714956283569336
3573 2.234189987182617
3574 2.603593587875366
3575 2.60166597366333
3576 2.614201545715332
3577 2.781383752822876
3578 2.7403411865234375
3579 2.653723955154419
3580 2.7325799465179443
3581 2.5408079624176025
3582 2.8346540927886963
3583 2.7970502376556396
3584 2.8311333656311035
3585 2.8503098487854004
3586 3.159189462661743
3587 2.5577917098999023
3588 2.7419776916503906
3589 2.624197244644165
3590 2.6026816368103027
3591 2.7590203285217285
3592 2.6750221252441406
3593 2.4850237369537354
3594 2.2161030769348145
3595 2.0949671268463135
3596 2.3299238681793213
3597 2.5143775939941406
3598 2.5488674640655518
3599 2.3949525356292725
3600 2.696667194366455
3601 2.612429618835449
3602 2.608640670776367
3603 2.5465824604034424
3604 2.717205047607422
3605 2.6780569553375244
3606 2.672501802444458
3607 2.919402599334717
3608 2.734898090362549
3609 2.773392915725708
3610 2.210015058517456
3611 2.2717838287353516
3612 2.5961720943450928
3613 2.3048040866851807
3614 2.49629282951355
3615 2.320051431655884
3616 2.250904083251953
3617 2.2801454067230225
3618 2.1524271965026855
3619 2.337373971939087
3620 2.507020950317383
3621 1.800806999206543
3622 2.078699827194214
3623 2.4112653732299805
3624 2.2194154262542725
3625 2.422466278076172
3626 2.4322352409362793
3627 2.5377228260040283
3628 2.281813621520996
3629 2.7753303050994873
3630 2.670351028442383
3631 2.644570827484131
3632 2.625190019607544
3633 2.879166841506958
3634 2.6927075386047363
3635 2.3329195976257324
3636 2.586803913116455
3637 2.8206703662872314
3638 2.7663636207580566
3639 2.3698203563690186
3640 2.4965803623199463
3641 2.9230988025665283
3642 2.687234878540039
3643 2.8676259517669678
3644 2.766378879547119
3645 2.5137507915496826
3646 2.8141696453094482
3647 2.4092462062835693
3648 2.537240982055664
3649 2.4971940517425537
3650 2.7233502864837646
3651 2.5885181427001953
3652 2.4286952018737793
3653 2.421773910522461
3654 2.698495626449585
3655 2.5108745098114014
3656 2.278663158416748
3657 2.5720736980438232
3658 2.4883761405944824
3659 2.3964312076568604
3660 2.3320555686950684
3661 2.8234496116638184
3662 3.275967836380005
3663 2.60294246673584
3664 2.383324146270752
3665 2.3427574634552
3666 2.3277394771575928
3667 2.2906594276428223
3668 2.348703622817993
3669 2.519026041030884
3670 2.207347869873047
3671 2.24708890914917
3672 2.336970329284668
3673 2.345839023590088
3674 2.0515735149383545
3675 2.2718493938446045
3676 2.4386870861053467
3677 2.2134416103363037
3678 2.5174689292907715
3679 2.2966723442077637
3680 2.603149175643921
3681 2.705504894256592
3682 2.585505723953247
3683 2.6275644302368164
3684 2.7085306644439697
3685 2.7783358097076416
3686 2.7006185054779053
3687 2.6828413009643555
3688 2.7787771224975586
3689 2.821089506149292
3690 2.572376251220703
3691 2.5281360149383545
3692 2.485452175140381
3693 2.7220520973205566
3694 2.52103328704834
3695 2.6027040481567383
3696 2.577573776245117
3697 2.5487518310546875
3698 2.8337836265563965
3699 2.7747161388397217
3700 2.7087321281433105
3701 2.9095892906188965
3702 2.830369710922241
3703 2.826514959335327
3704 2.581986427307129
3705 2.636789321899414
3706 2.9129226207733154
3707 2.698808431625366
3708 2.58620548248291
3709 2.6940581798553467
3710 2.1994619369506836
3711 2.5542101860046387
3712 2.2755606174468994
3713 2.5018341541290283
3714 2.5836687088012695
3715 2.3350768089294434
3716 2.7337076663970947
3717 2.663926124572754
3718 2.5473713874816895
3719 2.691260576248169
3720 2.325427770614624
3721 2.8419413566589355
3722 2.481523036956787
3723 2.2731926441192627
3724 2.470893144607544
3725 2.2934694290161133
3726 2.6288115978240967
3727 2.755887508392334
3728 2.487675666809082
3729 2.3946378231048584
3730 2.6143181324005127
3731 2.3856775760650635
3732 2.625396490097046
3733 2.5939619541168213
3734 2.722818374633789
3735 2.7939844131469727
3736 2.758794069290161
3737 2.7757620811462402
3738 2.671788454055786
3739 2.798940896987915
3740 2.8345727920532227
3741 2.55894136428833
3742 2.6709208488464355
3743 2.256301164627075
3744 2.713482618331909
3745 2.4749562740325928
3746 2.8189480304718018
3747 2.6383728981018066
3748 2.9691460132598877
3749 3.0520200729370117
3750 2.7422003746032715
3751 2.7318673133850098
3752 2.7930002212524414
3753 2.8147695064544678
3754 3.089021921157837
3755 2.6680309772491455
3756 2.785109758377075
3757 2.627680540084839
3758 2.7212836742401123
3759 3.0013742446899414
3760 2.7505691051483154
3761 2.609806776046753
3762 2.6469759941101074
3763 2.734916925430298
3764 2.464803695678711
3765 2.6276159286499023
3766 2.116177558898926
3767 2.255303144454956
3768 2.5228660106658936
3769 2.698232412338257
3770 2.6988067626953125
3771 2.630094289779663
3772 2.8711366653442383
3773 2.777256965637207
3774 2.6062586307525635
3775 2.4023168087005615
3776 2.626401424407959
3777 2.8549392223358154
3778 2.5617613792419434
3779 2.7433013916015625
3780 2.3755691051483154
3781 2.2615489959716797
3782 2.500638008117676
3783 2.4966917037963867
3784 2.665018081665039
3785 2.663400888442993
3786 2.810718297958374
3787 2.6650874614715576
3788 2.9614040851593018
3789 2.9908101558685303
3790 2.774494171142578
3791 3.01108455657959
3792 2.7939815521240234
3793 2.980281114578247
3794 2.4278743267059326
3795 2.6750824451446533
3796 2.4581611156463623
3797 2.521533489227295
3798 2.485839605331421
3799 2.6034278869628906
3800 2.5628573894500732
3801 2.855722188949585
3802 2.5077972412109375
3803 2.553107261657715
3804 2.6377248764038086
3805 2.7434661388397217
3806 2.721433401107788
3807 2.7440261840820312
3808 2.743821859359741
3809 2.8319191932678223
3810 2.8334593772888184
3811 2.641468048095703
3812 3.071169853210449
3813 2.874922513961792
3814 2.723417282104492
3815 2.923491954803467
3816 2.644137144088745
3817 2.028393507003784
3818 2.4283313751220703
3819 2.3095545768737793
3820 1.9425263404846191
3821 2.199512004852295
3822 2.3107969760894775
3823 2.27044677734375
3824 2.216822385787964
3825 2.2562358379364014
3826 2.3830599784851074
3827 2.2300782203674316
3828 2.451047658920288
3829 2.4690794944763184
3830 2.4863765239715576
3831 2.45379900932312
3832 2.2239201068878174
3833 2.7518534660339355
3834 2.04980731010437
3835 2.1154863834381104
3836 1.9193263053894043
3837 2.1438891887664795
3838 2.196354627609253
3839 2.070368528366089
3840 2.333956003189087
3841 2.394357204437256
3842 2.286713123321533
3843 2.1590425968170166
3844 2.211411237716675
3845 2.4598231315612793
3846 2.6316800117492676
3847 2.2148945331573486
3848 2.2577266693115234
3849 2.3559410572052
3850 2.369286060333252
3851 2.633284091949463
3852 2.4185404777526855
3853 2.5463707447052
3854 2.6558597087860107
3855 2.5215132236480713
3856 2.083630084991455
3857 2.066854238510132
3858 2.5794482231140137
3859 2.5056493282318115
3860 2.3555703163146973
3861 2.650244951248169
3862 2.6674997806549072
3863 2.6602303981781006
3864 2.2784078121185303
3865 2.777418375015259
3866 2.3231613636016846
3867 2.5478110313415527
3868 2.7118189334869385
3869 2.4911391735076904
3870 2.628509759902954
3871 2.4612772464752197
3872 2.5787296295166016
3873 2.2882778644561768
3874 2.3125815391540527
3875 2.2579500675201416
3876 2.7326440811157227
3877 2.4888484477996826
3878 2.7360048294067383
3879 2.610536813735962
3880 2.433497667312622
3881 2.2227859497070312
3882 2.5704452991485596
3883 2.7217023372650146
3884 2.500383138656616
3885 2.1859445571899414
3886 2.252872943878174
3887 2.0319268703460693
3888 2.3941102027893066
3889 2.4894728660583496
3890 2.4323890209198
3891 2.334139347076416
3892 2.401198148727417
3893 2.4568991661071777
3894 2.7018842697143555
3895 2.6154046058654785
3896 2.8995890617370605
3897 2.666134834289551
3898 2.6281678676605225
3899 2.378589153289795
3900 2.6841349601745605
3901 2.7529685497283936
3902 2.7390644550323486
3903 2.65295147895813
3904 2.6868467330932617
3905 2.5099446773529053
3906 2.6781492233276367
3907 2.460954189300537
3908 2.3988378047943115
3909 2.3343119621276855
3910 2.203014373779297
3911 2.2599754333496094
3912 2.1090750694274902
3913 2.6378555297851562
3914 2.402517795562744
3915 2.860975503921509
3916 2.621389627456665
3917 2.6880431175231934
3918 2.5928032398223877
3919 2.8344738483428955
3920 2.4628868103027344
3921 2.386251926422119
3922 2.234034538269043
3923 2.4769115447998047
3924 2.840414524078369
3925 2.870824098587036
3926 3.1428890228271484
3927 3.0782344341278076
3928 3.132603645324707
3929 2.8843417167663574
3930 2.893815517425537
3931 2.848335027694702
3932 2.902118682861328
3933 2.6378121376037598
3934 3.029407501220703
3935 3.020125150680542
3936 3.0468826293945312
3937 2.733229637145996
3938 2.7895662784576416
3939 2.3747832775115967
3940 2.7746310234069824
3941 2.88907790184021
3942 2.9291560649871826
3943 3.090487003326416
3944 2.81003737449646
3945 2.8070333003997803
3946 3.3539466857910156
3947 2.8061583042144775
3948 3.047011137008667
3949 3.102959632873535
3950 2.830805778503418
3951 2.7677001953125
3952 3.0808377265930176
3953 3.020193576812744
3954 2.913059949874878
3955 2.847423791885376
3956 2.9593589305877686
3957 3.20596981048584
3958 2.879594087600708
3959 3.1791746616363525
3960 2.814354181289673
3961 3.0485172271728516
3962 2.5094542503356934
3963 2.746696710586548
3964 2.779829263687134
3965 2.827169418334961
3966 2.614379644393921
3967 2.1758289337158203
3968 2.490565061569214
3969 2.5145323276519775
3970 2.6703739166259766
3971 2.765322208404541
3972 2.5071799755096436
3973 2.6508870124816895
3974 2.5437817573547363
3975 2.1527504920959473
3976 2.3862125873565674
3977 2.5358622074127197
3978 2.6018083095550537
3979 2.5005125999450684
3980 3.0225086212158203
3981 2.8055450916290283
3982 3.2764880657196045
3983 3.081376552581787
3984 2.971794366836548
3985 3.2503108978271484
3986 2.7895278930664062
3987 2.5187978744506836
3988 2.7225606441497803
3989 2.601153612136841
3990 2.5935277938842773
3991 2.893252372741699
3992 2.3919570446014404
3993 2.155118465423584
3994 2.3061094284057617
3995 2.396878957748413
3996 1.866309404373169
3997 2.5040688514709473
3998 2.248961925506592
3999 2.2164223194122314
4000 2.4367661476135254
4001 2.6407599449157715
4002 2.7387828826904297
4003 2.428039789199829
4004 2.3675789833068848
4005 2.494443655014038
4006 2.5050787925720215
4007 2.617394208908081
4008 2.8405117988586426
4009 2.9814422130584717
4010 2.6332550048828125
4011 2.9724066257476807
4012 2.809457540512085
4013 2.9364495277404785
4014 2.526618719100952
4015 2.672335386276245
4016 2.627962589263916
4017 2.5019330978393555
4018 2.817628860473633
4019 2.6432604789733887
4020 2.6802518367767334
4021 2.5162551403045654
4022 2.451674222946167
4023 2.5924577713012695
4024 2.3788576126098633
4025 2.5545504093170166
4026 3.1107678413391113
4027 2.9020628929138184
4028 2.73421573638916
4029 2.6009984016418457
4030 2.9491889476776123
4031 2.4528613090515137
4032 2.3190386295318604
4033 2.5633301734924316
4034 2.6357245445251465
4035 2.908224105834961
4036 2.672159194946289
4037 2.9555962085723877
4038 2.5437324047088623
4039 2.636855363845825
4040 3.058875322341919
4041 2.915539026260376
4042 2.648066520690918
4043 2.69368839263916
4044 2.82169771194458
4045 2.9161083698272705
4046 2.7249107360839844
4047 2.9716551303863525
4048 2.67301344871521
4049 3.1096084117889404
4050 2.909391164779663
4051 2.5438430309295654
4052 2.9474563598632812
4053 3.1250391006469727
4054 2.7376811504364014
4055 2.638178825378418
4056 2.550978422164917
4057 2.871474504470825
4058 2.8265879154205322
4059 2.881312131881714
4060 2.8262181282043457
4061 2.6928915977478027
4062 2.761406898498535
4063 2.7184436321258545
4064 2.432785987854004
4065 2.819556713104248
4066 2.4820640087127686
4067 2.9234328269958496
4068 2.82834792137146
4069 2.7263386249542236
4070 2.5367989540100098
4071 2.1106252670288086
4072 2.0659072399139404
4073 2.4866247177124023
4074 2.7220003604888916
4075 2.7888007164001465
4076 2.8205223083496094
4077 2.739196538925171
4078 2.5014688968658447
4079 2.615809440612793
4080 2.4793577194213867
4081 2.6961851119995117
4082 2.403754711151123
4083 2.3832552433013916
4084 2.8042256832122803
4085 2.688480854034424
4086 2.307906150817871
4087 2.7012383937835693
4088 3.050332546234131
4089 2.706958055496216
4090 2.8571276664733887
4091 2.5208356380462646
4092 2.75164532661438
4093 2.7487359046936035
4094 3.233227491378784
4095 3.1033365726470947
4096 2.8092041015625
4097 2.800980567932129
4098 2.8350679874420166
4099 2.742607831954956
4100 2.8499419689178467
4101 2.6220436096191406
4102 2.8010413646698
4103 2.3816161155700684
4104 2.0355255603790283
4105 2.0551810264587402
4106 2.23091459274292
4107 2.488436460494995
4108 2.793121576309204
4109 2.820556640625
4110 3.033891201019287
4111 2.9971559047698975
4112 3.010751485824585
4113 3.4161481857299805
4114 2.9526736736297607
4115 2.8811957836151123
4116 3.5678579807281494
4117 3.1113369464874268
4118 2.7560760974884033
4119 3.0601112842559814
4120 2.966597318649292
4121 2.5776872634887695
4122 2.874951124191284
4123 2.988393545150757
4124 3.114917039871216
4125 3.1408116817474365
4126 2.3149094581604004
4127 2.637566566467285
4128 3.118191957473755
4129 2.8043620586395264
4130 2.9350268840789795
4131 2.806276798248291
4132 3.486523151397705
4133 3.2673919200897217
4134 3.565746545791626
4135 2.803199529647827
4136 3.042874336242676
4137 2.564775228500366
4138 2.76461124420166
4139 2.7944703102111816
4140 2.6948649883270264
4141 2.50997257232666
4142 2.64540433883667
4143 3.115605115890503
4144 2.8663673400878906
4145 2.9224348068237305
4146 2.993501663208008
4147 2.897381544113159
4148 2.9422314167022705
4149 2.7714757919311523
4150 2.8828070163726807
4151 3.0695736408233643
4152 2.921600580215454
4153 3.039508581161499
4154 3.1777327060699463
4155 3.083665370941162
4156 2.971505641937256
4157 2.797734498977661
4158 3.190216302871704
4159 3.011782169342041
4160 2.880969524383545
4161 3.0622782707214355
4162 3.1248741149902344
4163 2.9966554641723633
4164 2.9232921600341797
4165 3.03403902053833
4166 3.0006027221679688
4167 2.7352676391601562
4168 2.487644910812378
4169 2.713456869125366
4170 2.849825859069824
4171 3.076254367828369
4172 2.871892213821411
4173 2.7098331451416016
4174 2.7339987754821777
4175 2.9455838203430176
4176 3.120002269744873
4177 3.1787402629852295
4178 3.674304723739624
4179 3.2284326553344727
4180 2.947819232940674
4181 3.278853416442871
4182 3.037653684616089
4183 3.4341073036193848
4184 3.220442295074463
4185 3.3293755054473877
4186 2.8338980674743652
4187 3.117931842803955
4188 3.4948837757110596
4189 3.0774948596954346
4190 2.9247066974639893
4191 3.0510287284851074
4192 3.0167863368988037
4193 2.986008644104004
4194 2.912980794906616
4195 2.874387502670288
4196 2.9477274417877197
4197 3.182194709777832
4198 2.9509878158569336
4199 2.7743749618530273
4200 2.8156981468200684
4201 2.7712960243225098
4202 3.0987892150878906
4203 2.970139741897583
4204 3.382289171218872
4205 2.9988534450531006
4206 3.2760097980499268
4207 2.9524786472320557
4208 2.857938289642334
4209 2.93731951713562
4210 3.0658602714538574
4211 2.964874267578125
4212 2.9742093086242676
4213 2.8957273960113525
4214 2.9096131324768066
4215 3.200880527496338
4216 3.0257349014282227
4217 2.846191883087158
4218 2.780465602874756
4219 2.605804681777954
4220 2.5741465091705322
4221 3.0478830337524414
4222 2.419790744781494
4223 2.720366954803467
4224 2.533398151397705
4225 2.7205331325531006
4226 2.6600277423858643
4227 2.981607675552368
4228 2.91927170753479
4229 2.769211769104004
4230 2.9644527435302734
4231 2.751535654067993
4232 2.800919532775879
4233 2.7784337997436523
4234 2.764230489730835
4235 2.918651580810547
4236 3.1720376014709473
4237 2.877885580062866
4238 3.1041557788848877
4239 2.796645402908325
4240 2.8402693271636963
4241 2.831444025039673
4242 2.9904723167419434
4243 3.1700973510742188
4244 3.1111669540405273
4245 2.8217933177948
4246 2.5367934703826904
4247 2.521155595779419
4248 2.732710838317871
4249 3.005701780319214
4250 2.809262990951538
4251 2.489035129547119
4252 2.542050361633301
4253 2.6240909099578857
4254 2.683198928833008
4255 3.0207393169403076
4256 3.2055487632751465
4257 2.872058629989624
4258 2.576303243637085
4259 2.398894786834717
4260 2.697075605392456
4261 2.766920566558838
4262 2.8833885192871094
4263 2.6349024772644043
4264 3.048640251159668
4265 3.072669744491577
4266 2.8464300632476807
4267 2.848799467086792
4268 2.796088695526123
4269 3.2508504390716553
4270 3.041447877883911
4271 3.244072914123535
4272 2.791372060775757
4273 3.170861005783081
4274 2.852694272994995
4275 2.7151870727539062
4276 2.5849764347076416
4277 2.637291193008423
4278 2.7635114192962646
4279 2.719560146331787
4280 2.7675931453704834
4281 2.7488348484039307
4282 2.720977783203125
4283 3.0062122344970703
4284 2.759906530380249
4285 2.423017740249634
4286 2.878436803817749
4287 2.756547212600708
4288 2.8335459232330322
4289 2.807044506072998
4290 2.822873115539551
4291 2.6647541522979736
4292 2.5971293449401855
4293 3.1648709774017334
4294 2.988629102706909
4295 2.882784128189087
4296 2.7725841999053955
4297 2.913390874862671
4298 3.144242763519287
4299 2.7155256271362305
4300 3.0358543395996094
4301 2.6512622833251953
4302 2.656876802444458
4303 2.7986083030700684
4304 2.8356168270111084
4305 2.8282876014709473
4306 2.984816074371338
4307 2.6093156337738037
4308 2.6625266075134277
4309 2.8569812774658203
4310 2.6906559467315674
4311 3.01193904876709
4312 2.716817855834961
4313 2.7956342697143555
4314 2.8569278717041016
4315 2.9057962894439697
4316 2.4578609466552734
4317 2.6196110248565674
4318 2.761904716491699
4319 2.6695075035095215
4320 2.8866078853607178
4321 2.8822386264801025
4322 3.038578987121582
4323 2.8714599609375
4324 2.7062368392944336
4325 2.385113000869751
4326 2.54840087890625
4327 2.5875167846679688
4328 3.0006067752838135
4329 2.9165735244750977
4330 2.894597053527832
4331 2.8526735305786133
4332 2.863687753677368
4333 3.1795992851257324
4334 2.6188814640045166
4335 2.883481740951538
4336 3.0679056644439697
4337 3.396357774734497
4338 3.135363817214966
4339 2.926194429397583
4340 3.0253944396972656
4341 2.82955265045166
4342 3.204489231109619
4343 2.915515184402466
4344 3.1467013359069824
4345 3.084998846054077
4346 3.008538007736206
4347 2.9865574836730957
4348 2.851217746734619
4349 2.907959461212158
4350 3.220332622528076
4351 3.1199591159820557
4352 3.0329461097717285
4353 2.6454341411590576
4354 2.686532735824585
4355 3.0264251232147217
4356 2.957037925720215
4357 2.8280019760131836
4358 2.89338755607605
4359 2.918476104736328
4360 3.076958656311035
4361 3.1661949157714844
4362 2.809969425201416
4363 2.914524793624878
4364 3.1257715225219727
4365 2.8034191131591797
4366 2.594902753829956
4367 2.7982797622680664
4368 2.8943631649017334
4369 2.7340481281280518
4370 2.9774329662323
4371 2.6371424198150635
4372 2.682595729827881
4373 2.688744068145752
4374 2.8781750202178955
4375 2.8588199615478516
4376 2.7069997787475586
4377 2.7152466773986816
4378 2.513564348220825
4379 3.0852251052856445
4380 2.8088982105255127
4381 3.1071786880493164
4382 2.7287216186523438
4383 2.802377223968506
4384 2.9577836990356445
4385 3.044955015182495
4386 2.946197271347046
4387 3.1970794200897217
4388 2.928863525390625
4389 3.3504724502563477
4390 3.156550645828247
4391 2.5614120960235596
4392 2.7315051555633545
4393 2.6954500675201416
4394 2.8142178058624268
4395 2.6451926231384277
4396 2.718553304672241
4397 2.825075387954712
4398 2.5944149494171143
4399 2.5893778800964355
4400 2.882166862487793
4401 2.69199538230896
4402 2.76063871383667
4403 2.9510087966918945
4404 2.945561408996582
4405 2.725471258163452
4406 2.5420007705688477
4407 2.696110486984253
4408 2.410989284515381
4409 2.3009607791900635
4410 2.2392802238464355
4411 2.5017950534820557
4412 2.3524909019470215
4413 2.2783870697021484
4414 2.1802854537963867
4415 2.2685294151306152
4416 2.1265010833740234
4417 2.2096316814422607
4418 2.4314565658569336
4419 2.425706148147583
4420 2.4862263202667236
4421 2.6739888191223145
4422 2.515676736831665
4423 2.608971357345581
4424 2.282132625579834
4425 2.2174768447875977
4426 2.1113333702087402
4427 2.2568085193634033
4428 2.4786548614501953
4429 2.717373847961426
4430 2.5660195350646973
4431 2.1746768951416016
4432 2.5056331157684326
4433 2.4459314346313477
4434 2.3108725547790527
4435 2.553429365158081
4436 2.391732931137085
4437 2.4083468914031982
4438 2.430103063583374
4439 2.3625893592834473
4440 2.6344635486602783
4441 2.375900983810425
4442 2.751755952835083
4443 2.809572458267212
4444 2.5862841606140137
4445 2.5796713829040527
4446 2.7363569736480713
4447 2.6196539402008057
4448 2.5398175716400146
4449 2.404825448989868
4450 2.583833694458008
4451 2.6760430335998535
4452 2.591881036758423
4453 3.138822555541992
4454 2.680670976638794
4455 2.8638086318969727
4456 2.5154151916503906
4457 2.3640382289886475
4458 2.504133462905884
4459 2.717313051223755
4460 2.3634073734283447
4461 2.60974383354187
4462 2.498579978942871
4463 2.4051709175109863
4464 2.2328569889068604
4465 2.373661518096924
4466 2.4266159534454346
4467 2.141164779663086
4468 2.092628002166748
4469 2.104720115661621
4470 2.441009998321533
4471 2.0266146659851074
4472 2.2051022052764893
4473 2.0547659397125244
4474 2.38956880569458
4475 2.2461469173431396
4476 2.093296527862549
4477 2.6085808277130127
4478 2.4286725521087646
4479 2.357147455215454
4480 2.3136258125305176
4481 2.703803062438965
4482 2.8231916427612305
4483 2.3862621784210205
4484 2.719642400741577
4485 2.6176955699920654
4486 2.4099271297454834
4487 2.4542927742004395
4488 2.1099812984466553
4489 2.4676942825317383
4490 2.277076244354248
4491 2.7302067279815674
4492 2.903083086013794
4493 2.5223066806793213
4494 2.5701417922973633
4495 2.8255107402801514
4496 3.031799793243408
4497 3.034632921218872
4498 3.075934410095215
4499 3.069350004196167
4500 2.781749725341797
4501 2.9880571365356445
4502 2.9593091011047363
4503 2.8270206451416016
4504 2.7064895629882812
4505 2.8137598037719727
4506 2.6129097938537598
4507 2.5141940116882324
4508 2.818791627883911
4509 2.66276478767395
4510 2.783329725265503
4511 3.1208596229553223
4512 3.3009285926818848
4513 3.152827262878418
4514 2.814852714538574
4515 2.607656240463257
4516 2.5738518238067627
4517 2.8332223892211914
4518 2.7606773376464844
4519 2.716172933578491
4520 2.5836939811706543
4521 2.768672227859497
4522 2.3966307640075684
4523 2.399653196334839
4524 2.383938789367676
4525 2.5749571323394775
4526 2.5711593627929688
4527 2.706406831741333
4528 2.7523446083068848
4529 2.822819709777832
4530 2.5080316066741943
4531 2.4432663917541504
4532 2.4030652046203613
4533 2.471740245819092
4534 2.444241762161255
4535 2.8230221271514893
4536 2.885937213897705
4537 2.845998764038086
4538 2.8870656490325928
4539 2.7797348499298096
4540 2.507551431655884
4541 2.7608516216278076
4542 3.1447606086730957
4543 3.066420316696167
4544 3.071843385696411
4545 2.993673801422119
4546 3.0543408393859863
4547 2.846261739730835
4548 2.6555163860321045
4549 2.752350330352783
4550 2.3255655765533447
4551 2.3659286499023438
4552 2.307326555252075
4553 2.6525065898895264
4554 2.71679425239563
4555 2.9211983680725098
4556 2.517550230026245
4557 2.815375328063965
4558 2.3669583797454834
4559 2.9609432220458984
4560 2.607205867767334
4561 2.690659761428833
4562 2.457731246948242
4563 2.783700942993164
4564 2.2710163593292236
4565 2.2872636318206787
4566 2.1043596267700195
4567 2.1503963470458984
4568 1.8135614395141602
4569 1.945724606513977
4570 2.131107807159424
4571 2.344902515411377
4572 2.1007208824157715
4573 1.9218769073486328
4574 2.0748517513275146
4575 2.08701753616333
4576 2.2420170307159424
4577 2.167656421661377
4578 2.238321542739868
4579 2.067878484725952
4580 2.3415839672088623
4581 2.327716588973999
4582 2.271390676498413
4583 2.386615037918091
4584 2.4913692474365234
4585 2.7691946029663086
4586 2.200948715209961
4587 2.1759870052337646
4588 2.2439615726470947
4589 2.500669479370117
4590 2.282320022583008
4591 2.4108541011810303
4592 2.373161792755127
4593 2.3902664184570312
4594 2.5875914096832275
4595 2.430304527282715
4596 2.441673517227173
4597 2.3704869747161865
4598 2.3979179859161377
4599 2.233250617980957
4600 2.3498520851135254
4601 2.3586180210113525
4602 2.4612555503845215
4603 2.3270559310913086
4604 2.2186851501464844
4605 2.3852438926696777
4606 2.4732604026794434
4607 2.7821147441864014
4608 2.612088203430176
4609 2.3599259853363037
4610 2.622318983078003
4611 2.2234630584716797
4612 2.550708293914795
4613 2.334444046020508
4614 2.762669324874878
4615 2.79470157623291
4616 2.8010895252227783
4617 3.069193124771118
4618 3.0000858306884766
4619 2.6744179725646973
4620 2.5695793628692627
4621 2.621669054031372
4622 2.237900495529175
4623 2.4460954666137695
4624 2.4854609966278076
4625 2.4743897914886475
4626 2.7675862312316895
4627 2.793490171432495
4628 2.3328795433044434
4629 2.631117582321167
4630 2.4969537258148193
4631 2.3143179416656494
4632 2.5405197143554688
4633 2.6864936351776123
4634 2.5829036235809326
4635 2.512634038925171
4636 2.613264799118042
4637 2.4405038356781006
4638 2.2774720191955566
4639 2.409349203109741
4640 2.417278289794922
4641 2.7062926292419434
4642 2.741698741912842
4643 2.4744908809661865
4644 2.6397411823272705
4645 2.6786158084869385
4646 2.590655565261841
4647 2.39359712600708
4648 2.420426845550537
4649 2.620054006576538
4650 2.5897324085235596
4651 2.556797504425049
4652 2.508831024169922
4653 2.598278522491455
4654 2.4674768447875977
4655 2.485322952270508
4656 2.3108646869659424
4657 2.4512975215911865
4658 2.370164394378662
4659 2.788496494293213
4660 2.4456369876861572
4661 2.3193790912628174
4662 2.379709482192993
4663 2.155113935470581
4664 2.3031327724456787
4665 2.3926026821136475
4666 2.4973788261413574
4667 2.427264928817749
4668 2.2525298595428467
4669 2.3128204345703125
4670 2.381460189819336
4671 2.1345345973968506
4672 2.2302074432373047
4673 2.3247015476226807
4674 2.304105281829834
4675 2.114313840866089
4676 2.4030439853668213
4677 2.080089569091797
4678 2.0269651412963867
4679 2.132800817489624
4680 2.1791274547576904
4681 1.9416216611862183
4682 2.098520517349243
4683 1.8869192600250244
4684 1.8506277799606323
4685 2.016984224319458
4686 2.094161033630371
4687 1.9741771221160889
4688 2.213340997695923
4689 2.234928846359253
4690 2.1795244216918945
4691 2.3353230953216553
4692 2.2714977264404297
4693 2.4422993659973145
4694 2.2949419021606445
4695 2.28702712059021
4696 2.536895513534546
4697 2.2767975330352783
4698 2.1728267669677734
4699 2.3764400482177734
4700 2.376904010772705
4701 2.5000956058502197
4702 2.751420736312866
4703 2.3327276706695557
4704 2.217179536819458
4705 2.5140206813812256
4706 2.5882837772369385
4707 2.533261299133301
4708 2.4070866107940674
4709 2.5751566886901855
4710 2.5090832710266113
4711 2.5666258335113525
4712 2.506340742111206
4713 2.502591609954834
4714 2.468529462814331
4715 2.5394914150238037
4716 2.3554961681365967
4717 2.4931116104125977
4718 2.3030776977539062
4719 2.412707805633545
4720 2.62186861038208
4721 2.7137441635131836
4722 2.7463831901550293
4723 2.7273435592651367
4724 2.733830690383911
4725 2.8861353397369385
4726 2.903057813644409
4727 2.89473819732666
4728 2.6072847843170166
4729 2.631135940551758
4730 2.615471839904785
4731 2.3663315773010254
4732 2.4570794105529785
4733 2.6100637912750244
4734 2.4909024238586426
4735 2.4463181495666504
4736 2.6804115772247314
4737 2.7315187454223633
4738 2.6358320713043213
4739 2.6136059761047363
4740 2.7170417308807373
4741 2.8482773303985596
4742 2.7482354640960693
4743 2.935016393661499
4744 2.892611265182495
4745 2.6838643550872803
4746 2.5754804611206055
4747 2.689176559448242
4748 2.722513437271118
4749 2.6926043033599854
4750 2.5773582458496094
4751 2.6400341987609863
4752 2.5516626834869385
4753 2.4872097969055176
4754 2.5309300422668457
4755 2.5828771591186523
4756 2.6916422843933105
4757 2.6766958236694336
4758 2.8673880100250244
4759 2.83981990814209
4760 2.7380452156066895
4761 2.519284248352051
4762 2.7380948066711426
4763 2.6357457637786865
4764 2.6199581623077393
4765 2.751394271850586
4766 2.6643996238708496
4767 2.322219133377075
4768 2.5099289417266846
4769 2.435551643371582
4770 2.4435696601867676
4771 2.576817750930786
4772 2.5185325145721436
4773 2.614560604095459
4774 2.752793550491333
4775 2.5376663208007812
4776 2.548570394515991
4777 2.766770839691162
4778 2.8301336765289307
4779 2.9890568256378174
4780 2.9385693073272705
4781 3.0806233882904053
4782 2.8780429363250732
4783 3.0407493114471436
4784 2.9159812927246094
4785 2.82382869720459
4786 2.7896475791931152
4787 2.841623544692993
4788 3.0752463340759277
4789 2.607875108718872
4790 2.749401092529297
4791 2.8834800720214844
4792 2.8885159492492676
4793 2.7724368572235107
4794 2.534064769744873
4795 2.6272242069244385
4796 2.5695836544036865
4797 2.5620877742767334
4798 2.682643413543701
4799 2.5201826095581055
4800 2.694328784942627
4801 2.4261746406555176
4802 2.433454751968384
4803 2.6433260440826416
4804 2.882523536682129
4805 2.6300504207611084
4806 2.4123623371124268
4807 2.5482795238494873
4808 2.6003239154815674
4809 2.5124969482421875
4810 2.5836329460144043
4811 2.6377949714660645
4812 2.7125468254089355
4813 2.5315229892730713
4814 2.5588693618774414
4815 2.775560140609741
4816 2.570737600326538
4817 2.641545295715332
4818 2.5504000186920166
4819 2.5904297828674316
4820 2.5330193042755127
4821 2.550477981567383
4822 2.4083235263824463
4823 2.502063035964966
4824 2.7289979457855225
4825 2.518242359161377
4826 2.4896023273468018
4827 2.580744981765747
4828 2.558575391769409
4829 2.5555310249328613
4830 2.543200731277466
4831 2.2679390907287598
4832 2.321890115737915
4833 2.4954874515533447
4834 2.593748092651367
4835 2.6967804431915283
4836 2.8834714889526367
4837 2.923177719116211
4838 2.810713768005371
4839 2.891014575958252
4840 2.9450013637542725
4841 2.738851308822632
4842 2.773798942565918
4843 2.8397936820983887
4844 3.02179217338562
4845 2.798187255859375
4846 2.7524051666259766
4847 2.5293240547180176
4848 2.810368776321411
4849 2.7752845287323
4850 2.599386215209961
4851 2.7254834175109863
4852 2.7089614868164062
4853 2.515291213989258
4854 2.8387844562530518
4855 2.6161441802978516
4856 2.747347831726074
4857 2.8949904441833496
4858 3.1231658458709717
4859 2.7961843013763428
4860 2.829416513442993
4861 2.8818037509918213
4862 2.9706969261169434
4863 2.8416390419006348
4864 3.0021188259124756
4865 2.7699601650238037
4866 2.7513411045074463
4867 2.9571542739868164
4868 2.6777477264404297
4869 2.7919259071350098
4870 2.880751371383667
4871 3.072343111038208
4872 2.862966299057007
4873 2.8230173587799072
4874 2.9757273197174072
4875 2.807398557662964
4876 3.025413990020752
4877 2.975440502166748
4878 2.6078057289123535
4879 2.6905853748321533
4880 2.732637882232666
4881 3.0329904556274414
4882 3.0891287326812744
4883 3.0344622135162354
4884 3.153074026107788
4885 3.010493516921997
4886 3.0070507526397705
4887 2.8273792266845703
4888 2.8707072734832764
4889 2.944802761077881
4890 3.1083059310913086
4891 3.121063232421875
4892 2.841825008392334
4893 2.9325342178344727
4894 2.817021369934082
4895 2.7370383739471436
4896 2.7871735095977783
4897 3.0093297958374023
4898 2.780694007873535
4899 2.737682580947876
4900 2.962536096572876
4901 2.969097852706909
4902 3.224212169647217
4903 3.1661415100097656
4904 2.63112211227417
4905 2.718449354171753
4906 2.73934268951416
4907 2.8570492267608643
4908 3.058137893676758
4909 3.1083157062530518
4910 2.8549602031707764
4911 2.765578508377075
4912 2.697929859161377
4913 2.822687864303589
4914 2.635622501373291
4915 2.558659076690674
4916 2.5543742179870605
4917 2.541194200515747
4918 2.8373172283172607
4919 2.7467122077941895
4920 2.8857669830322266
4921 2.4931159019470215
4922 2.710677146911621
4923 2.8367550373077393
4924 2.782367706298828
4925 2.6462435722351074
4926 2.542029619216919
4927 2.549147605895996
4928 2.492180585861206
4929 2.498136281967163
4930 2.6538331508636475
4931 2.6670355796813965
4932 2.9530203342437744
4933 2.6293632984161377
4934 2.5460381507873535
4935 2.9873600006103516
4936 2.819990873336792
4937 2.779369592666626
4938 2.8565731048583984
4939 2.4060003757476807
4940 2.6517810821533203
4941 2.5608294010162354
4942 2.687950849533081
4943 2.6379354000091553
4944 2.609447956085205
4945 2.58992338180542
4946 2.409839391708374
4947 2.6021125316619873
4948 2.377484083175659
4949 2.6287899017333984
4950 2.70204758644104
4951 2.530668258666992
4952 2.6534314155578613
4953 2.5203888416290283
4954 2.6321256160736084
4955 2.56492018699646
4956 2.592203140258789
4957 2.674243211746216
4958 2.6233103275299072
4959 2.633465051651001
4960 2.530590534210205
4961 2.696794033050537
4962 2.5816636085510254
4963 2.8234736919403076
4964 2.809826135635376
4965 2.4814600944519043
4966 2.421945810317993
4967 2.4021148681640625
4968 2.290135622024536
4969 2.3177168369293213
4970 2.676478624343872
4971 2.377004384994507
4972 2.5597548484802246
4973 2.506981611251831
4974 2.3194527626037598
4975 2.4604697227478027
4976 2.4757964611053467
4977 2.379183292388916
4978 2.5197598934173584
4979 2.537757396697998
4980 2.460462808609009
4981 2.5878336429595947
4982 2.3279504776000977
4983 2.2989554405212402
4984 2.6084847450256348
4985 2.470517158508301
4986 2.54343843460083
4987 2.505182981491089
4988 2.465932846069336
4989 2.555814504623413
4990 2.771876573562622
4991 2.5885848999023438
4992 2.720283269882202
4993 2.7420763969421387
4994 2.675366163253784
4995 2.614349842071533
4996 2.3332550525665283
4997 2.6054527759552
4998 2.403099775314331
4999 2.441364049911499
5000 2.5838022232055664

