                      :-) GROMACS - gmx mdrun, 2019.1 (-:

                            GROMACS is written by:
     Emile Apol      Rossen Apostolov      Paul Bauer     Herman J.C. Berendsen
    Par Bjelkmar      Christian Blau   Viacheslav Bolnykh     Kevin Boyd    
 Aldert van Buuren   Rudi van Drunen     Anton Feenstra       Alan Gray     
  Gerrit Groenhof     Anca Hamuraru    Vincent Hindriksen  M. Eric Irrgang  
  Aleksei Iupinov   Christoph Junghans     Joe Jordan     Dimitrios Karkoulis
    Peter Kasson        Jiri Kraus      Carsten Kutzner      Per Larsson    
  Justin A. Lemkul    Viveca Lindahl    Magnus Lundborg     Erik Marklund   
    Pascal Merz     Pieter Meulenhoff    Teemu Murtola       Szilard Pall   
    Sander Pronk      Roland Schulz      Michael Shirts    Alexey Shvetsov  
   Alfons Sijbers     Peter Tieleman      Jon Vincent      Teemu Virolainen 
 Christian Wennberg    Maarten Wolf   
                           and the project leaders:
        Mark Abraham, Berk Hess, Erik Lindahl, and David van der Spoel

Copyright (c) 1991-2000, University of Groningen, The Netherlands.
Copyright (c) 2001-2018, The GROMACS development team at
Uppsala University, Stockholm University and
the Royal Institute of Technology, Sweden.
check out http://www.gromacs.org for more information.

GROMACS is free software; you can redistribute it and/or modify it
under the terms of the GNU Lesser General Public License
as published by the Free Software Foundation; either version 2.1
of the License, or (at your option) any later version.

GROMACS:      gmx mdrun, version 2019.1
Executable:   /programs/x86_64-linux/gromacs/2019.1/bin//gmx
Data prefix:  /programs/x86_64-linux/gromacs/2019.1
Working dir:  /home/dalal/Desktop/modellar-projects/rep3-MD/499
Process ID:   1018
Command line:
  gmx mdrun -v -deffnm em

GROMACS version:    2019.1
Precision:          single
Memory model:       64 bit
MPI library:        thread_mpi
OpenMP support:     enabled (GMX_OPENMP_MAX_THREADS = 64)
GPU support:        disabled
SIMD instructions:  SSE2
FFT library:        fftw-3.3.8-sse2
RDTSCP usage:       disabled
TNG support:        enabled
Hwloc support:      disabled
Tracing support:    disabled
C compiler:         /nfs/build/x86_64-linux/spack/0.12.1/lib/spack/env/gcc/gcc GNU 4.9.2
C compiler flags:    -msse2     -O2 -g -DNDEBUG -funroll-all-loops -fexcess-precision=fast  
C++ compiler:       /nfs/build/x86_64-linux/spack/0.12.1/lib/spack/env/gcc/g++ GNU 4.9.2
C++ compiler flags:  -msse2    -std=c++11   -O2 -g -DNDEBUG -funroll-all-loops -fexcess-precision=fast  


Running on 1 node with total 16 cores, 32 logical cores
Hardware detected:
  CPU info:
    Vendor: Intel
    Brand:  Intel(R) Xeon(R) CPU E5-2687W 0 @ 3.10GHz
    Family: 6   Model: 45   Stepping: 7
    Features: aes apic avx clfsh cmov cx8 cx16 htt intel lahf mmx msr nonstop_tsc pcid pclmuldq pdcm pdpe1gb popcnt pse rdtscp sse2 sse3 sse4.1 sse4.2 ssse3 tdt x2apic
  Hardware topology: Basic
    Sockets, cores, and logical processors:
      Socket  0: [   0  16] [   1  17] [   2  18] [   3  19] [   4  20] [   5  21] [   6  22] [   7  23]
      Socket  1: [   8  24] [   9  25] [  10  26] [  11  27] [  12  28] [  13  29] [  14  30] [  15  31]

Highest SIMD level requested by all nodes in run: AVX_256
SIMD instructions selected at compile time:       SSE2
This program was compiled for different hardware than you are running on,
which could influence performance.
The current CPU can measure timings more accurately than the code in
gmx mdrun was configured to use. This might affect your simulation
speed as accurate timings are needed for load-balancing.
Please consider rebuilding gmx mdrun with the GMX_USE_RDTSCP=ON CMake option.

++++ PLEASE READ AND CITE THE FOLLOWING REFERENCE ++++
M. J. Abraham, T. Murtola, R. Schulz, S. Páll, J. C. Smith, B. Hess, E.
Lindahl
GROMACS: High performance molecular simulations through multi-level
parallelism from laptops to supercomputers
SoftwareX 1 (2015) pp. 19-25
-------- -------- --- Thank You --- -------- --------


++++ PLEASE READ AND CITE THE FOLLOWING REFERENCE ++++
S. Páll, M. J. Abraham, C. Kutzner, B. Hess, E. Lindahl
Tackling Exascale Software Challenges in Molecular Dynamics Simulations with
GROMACS
In S. Markidis & E. Laure (Eds.), Solving Software Challenges for Exascale 8759 (2015) pp. 3-27
-------- -------- --- Thank You --- -------- --------


++++ PLEASE READ AND CITE THE FOLLOWING REFERENCE ++++
S. Pronk, S. Páll, R. Schulz, P. Larsson, P. Bjelkmar, R. Apostolov, M. R.
Shirts, J. C. Smith, P. M. Kasson, D. van der Spoel, B. Hess, and E. Lindahl
GROMACS 4.5: a high-throughput and highly parallel open source molecular
simulation toolkit
Bioinformatics 29 (2013) pp. 845-54
-------- -------- --- Thank You --- -------- --------


++++ PLEASE READ AND CITE THE FOLLOWING REFERENCE ++++
B. Hess and C. Kutzner and D. van der Spoel and E. Lindahl
GROMACS 4: Algorithms for highly efficient, load-balanced, and scalable
molecular simulation
J. Chem. Theory Comput. 4 (2008) pp. 435-447
-------- -------- --- Thank You --- -------- --------


++++ PLEASE READ AND CITE THE FOLLOWING REFERENCE ++++
D. van der Spoel, E. Lindahl, B. Hess, G. Groenhof, A. E. Mark and H. J. C.
Berendsen
GROMACS: Fast, Flexible and Free
J. Comp. Chem. 26 (2005) pp. 1701-1719
-------- -------- --- Thank You --- -------- --------


++++ PLEASE READ AND CITE THE FOLLOWING REFERENCE ++++
E. Lindahl and B. Hess and D. van der Spoel
GROMACS 3.0: A package for molecular simulation and trajectory analysis
J. Mol. Mod. 7 (2001) pp. 306-317
-------- -------- --- Thank You --- -------- --------


++++ PLEASE READ AND CITE THE FOLLOWING REFERENCE ++++
H. J. C. Berendsen, D. van der Spoel and R. van Drunen
GROMACS: A message-passing parallel molecular dynamics implementation
Comp. Phys. Comm. 91 (1995) pp. 43-56
-------- -------- --- Thank You --- -------- --------


++++ PLEASE CITE THE DOI FOR THIS VERSION OF GROMACS ++++
https://doi.org/10.5281/zenodo.2564764
-------- -------- --- Thank You --- -------- --------

Input Parameters:
   integrator                     = steep
   tinit                          = 0
   dt                             = 0.001
   nsteps                         = 50000
   init-step                      = 0
   simulation-part                = 1
   comm-mode                      = Linear
   nstcomm                        = 100
   bd-fric                        = 0
   ld-seed                        = 1540566772
   emtol                          = 1000
   emstep                         = 0.01
   niter                          = 20
   fcstep                         = 0
   nstcgsteep                     = 1000
   nbfgscorr                      = 10
   rtpi                           = 0.05
   nstxout                        = 0
   nstvout                        = 0
   nstfout                        = 0
   nstlog                         = 1000
   nstcalcenergy                  = 100
   nstenergy                      = 1000
   nstxout-compressed             = 0
   compressed-x-precision         = 1000
   cutoff-scheme                  = Verlet
   nstlist                        = 1
   ns-type                        = Grid
   pbc                            = xyz
   periodic-molecules             = false
   verlet-buffer-tolerance        = 0.005
   rlist                          = 1.2
   coulombtype                    = PME
   coulomb-modifier               = Potential-shift
   rcoulomb-switch                = 0
   rcoulomb                       = 1.2
   epsilon-r                      = 1
   epsilon-rf                     = inf
   vdw-type                       = Cut-off
   vdw-modifier                   = Force-switch
   rvdw-switch                    = 1
   rvdw                           = 1.2
   DispCorr                       = No
   table-extension                = 1
   fourierspacing                 = 0.12
   fourier-nx                     = 120
   fourier-ny                     = 120
   fourier-nz                     = 120
   pme-order                      = 4
   ewald-rtol                     = 1e-05
   ewald-rtol-lj                  = 0.001
   lj-pme-comb-rule               = Geometric
   ewald-geometry                 = 0
   epsilon-surface                = 0
   tcoupl                         = No
   nsttcouple                     = -1
   nh-chain-length                = 0
   print-nose-hoover-chain-variables = false
   pcoupl                         = No
   pcoupltype                     = Isotropic
   nstpcouple                     = -1
   tau-p                          = 1
   compressibility (3x3):
      compressibility[    0]={ 0.00000e+00,  0.00000e+00,  0.00000e+00}
      compressibility[    1]={ 0.00000e+00,  0.00000e+00,  0.00000e+00}
      compressibility[    2]={ 0.00000e+00,  0.00000e+00,  0.00000e+00}
   ref-p (3x3):
      ref-p[    0]={ 0.00000e+00,  0.00000e+00,  0.00000e+00}
      ref-p[    1]={ 0.00000e+00,  0.00000e+00,  0.00000e+00}
      ref-p[    2]={ 0.00000e+00,  0.00000e+00,  0.00000e+00}
   refcoord-scaling               = No
   posres-com (3):
      posres-com[0]= 0.00000e+00
      posres-com[1]= 0.00000e+00
      posres-com[2]= 0.00000e+00
   posres-comB (3):
      posres-comB[0]= 0.00000e+00
      posres-comB[1]= 0.00000e+00
      posres-comB[2]= 0.00000e+00
   QMMM                           = false
   QMconstraints                  = 0
   QMMMscheme                     = 0
   MMChargeScaleFactor            = 1
qm-opts:
   ngQM                           = 0
   constraint-algorithm           = Lincs
   continuation                   = false
   Shake-SOR                      = false
   shake-tol                      = 0.0001
   lincs-order                    = 4
   lincs-iter                     = 1
   lincs-warnangle                = 30
   nwall                          = 0
   wall-type                      = 9-3
   wall-r-linpot                  = -1
   wall-atomtype[0]               = -1
   wall-atomtype[1]               = -1
   wall-density[0]                = 0
   wall-density[1]                = 0
   wall-ewald-zfac                = 3
   pull                           = false
   awh                            = false
   rotation                       = false
   interactiveMD                  = false
   disre                          = No
   disre-weighting                = Conservative
   disre-mixed                    = false
   dr-fc                          = 1000
   dr-tau                         = 0
   nstdisreout                    = 100
   orire-fc                       = 0
   orire-tau                      = 0
   nstorireout                    = 100
   free-energy                    = no
   cos-acceleration               = 0
   deform (3x3):
      deform[    0]={ 0.00000e+00,  0.00000e+00,  0.00000e+00}
      deform[    1]={ 0.00000e+00,  0.00000e+00,  0.00000e+00}
      deform[    2]={ 0.00000e+00,  0.00000e+00,  0.00000e+00}
   simulated-tempering            = false
   swapcoords                     = no
   userint1                       = 0
   userint2                       = 0
   userint3                       = 0
   userint4                       = 0
   userreal1                      = 0
   userreal2                      = 0
   userreal3                      = 0
   userreal4                      = 0
   applied-forces:
     electric-field:
       x:
         E0                       = 0
         omega                    = 0
         t0                       = 0
         sigma                    = 0
       y:
         E0                       = 0
         omega                    = 0
         t0                       = 0
         sigma                    = 0
       z:
         E0                       = 0
         omega                    = 0
         t0                       = 0
         sigma                    = 0
grpopts:
   nrdf:      499000
   ref-t:           0
   tau-t:           0
annealing:          No
annealing-npoints:           0
   acc:	           0           0           0
   nfreeze:           N           N           N
   energygrp-flags[  0]: 0


Initializing Domain Decomposition on 32 ranks
NOTE: disabling dynamic load balancing as it is only supported with dynamics, not with integrator 'steep'.
Dynamic load balancing: auto
Using update groups, nr 84042, average size 2.9 atoms, max. radius 0.139 nm
Minimum cell size due to atom displacement: 0.000 nm
Initial maximum distances in bonded interactions:
    two-body bonded interactions: 0.452 nm, LJ-14, atoms 2171 7035
  multi-body bonded interactions: 0.482 nm, CMAP Dih., atoms 8035 8044
Minimum cell size due to bonded interactions: 0.530 nm
Guess for relative PME load: 0.14
Will use 24 particle-particle and 8 PME only ranks
This is a guess, check the performance at the end of the log file
Using 8 separate PME ranks, as guessed by mdrun
Optimizing the DD grid for 24 cells with a minimum initial size of 0.530 nm
The maximum allowed number of cells is: X 25 Y 25 Z 25
Domain decomposition grid 8 x 3 x 1, separate PME ranks 8
PME domain decomposition: 8 x 1 x 1
Interleaving PP and PME ranks
This rank does only particle-particle work.
Domain decomposition rank 0, coordinates 0 0 0

The initial number of communication pulses is: X 1 Y 1
The initial domain decomposition cell size is: X 1.70 nm Y 4.52 nm

The maximum allowed distance for atom groups involved in interactions is:
                 non-bonded interactions           1.478 nm
            two-body bonded interactions  (-rdd)   1.478 nm
          multi-body bonded interactions  (-rdd)   1.478 nm

Using 32 MPI threads
Using 1 OpenMP thread per tMPI thread

Pinning threads with an auto-selected logical core stride of 1
System total charge: 0.000
Will do PME sum in reciprocal space for electrostatic interactions.

++++ PLEASE READ AND CITE THE FOLLOWING REFERENCE ++++
U. Essmann, L. Perera, M. L. Berkowitz, T. Darden, H. Lee and L. G. Pedersen 
A smooth particle mesh Ewald method
J. Chem. Phys. 103 (1995) pp. 8577-8592
-------- -------- --- Thank You --- -------- --------

Using a Gaussian width (1/beta) of 0.384195 nm for Ewald
Potential shift: LJ r^-12: -2.648e-01 r^-6: -5.349e-01, Ewald -8.333e-06
Initialized non-bonded Ewald correction tables, spacing: 1.02e-03 size: 1176

Generated table with 1100 data points for 1-4 COUL.
Tabscale = 500 points/nm
Generated table with 1100 data points for 1-4 LJ6.
Tabscale = 500 points/nm
Generated table with 1100 data points for 1-4 LJ12.
Tabscale = 500 points/nm

Using SIMD 4x4 nonbonded short-range kernels

Using a 4x4 pair-list setup:
  updated every 1 steps, buffer 0.000 nm, rlist 1.200 nm

Removing pbc first time

Initializing LINear Constraint Solver

++++ PLEASE READ AND CITE THE FOLLOWING REFERENCE ++++
B. Hess and H. Bekker and H. J. C. Berendsen and J. G. E. M. Fraaije
LINCS: A Linear Constraint Solver for molecular simulations
J. Comp. Chem. 18 (1997) pp. 1463-1472
-------- -------- --- Thank You --- -------- --------

The number of constraints is 4103

++++ PLEASE READ AND CITE THE FOLLOWING REFERENCE ++++
S. Miyamoto and P. A. Kollman
SETTLE: An Analytical Version of the SHAKE and RATTLE Algorithms for Rigid
Water Models
J. Comp. Chem. 13 (1992) pp. 952-962
-------- -------- --- Thank You --- -------- --------


Linking all bonded interactions to atoms


Note that activating steepest-descent energy minimization via the integrator .mdp option and the command gmx mdrun may be available in a different form in a future version of GROMACS, e.g. gmx minimize and an .mdp option.
Initiating Steepest Descents

Atom distribution over 24 domains: av 10302 stddev 309 min 9691 max 10788
Started Steepest Descents on rank 0 Wed Sep  2 19:04:09 2020


Steepest Descents:
   Tolerance (Fmax)   =  1.00000e+03
   Number of steps    =        50000
           Step           Time
              0        0.00000

   Energies (kJ/mol)
           Bond            U-B    Proper Dih.  Improper Dih.      CMAP Dih.
    9.66921e+03    1.56441e+04    9.17017e+03    6.45336e+01   -2.44864e+03
          LJ-14     Coulomb-14        LJ (SR)   Coulomb (SR)   Coul. recip.
    8.28123e+03    1.12578e+05    1.52423e+06   -4.36333e+06    1.29849e+05
      Potential Pressure (bar)   Constr. rmsd
   -2.55629e+06   -9.98033e+02    0.00000e+00


DD  step 0 load imb.: force 18.9%  pme mesh/force 0.849
           Step           Time
              1        1.00000

   Energies (kJ/mol)
           Bond            U-B    Proper Dih.  Improper Dih.      CMAP Dih.
    9.55797e+03    1.54905e+04    9.16762e+03    6.75515e+01   -2.45063e+03
          LJ-14     Coulomb-14        LJ (SR)   Coulomb (SR)   Coul. recip.
    8.27964e+03    1.12563e+05    1.34297e+06   -4.36602e+06    1.29552e+05
      Potential Pressure (bar)   Constr. rmsd
   -2.74082e+06   -1.02093e+03    0.00000e+00

           Step           Time
              2        2.00000

   Energies (kJ/mol)
           Bond            U-B    Proper Dih.  Improper Dih.      CMAP Dih.
    9.26690e+03    1.50325e+04    9.17666e+03    9.92888e+01   -2.45516e+03
          LJ-14     Coulomb-14        LJ (SR)   Coulomb (SR)   Coul. recip.
    8.26819e+03    1.12543e+05    1.16198e+06   -4.37134e+06    1.28735e+05
      Potential Pressure (bar)   Constr. rmsd
   -2.92869e+06   -1.04188e+03    0.00000e+00

           Step           Time
              3        3.00000

   Energies (kJ/mol)
           Bond            U-B    Proper Dih.  Improper Dih.      CMAP Dih.
    8.23687e+03    1.38769e+04    9.19616e+03    1.78056e+02   -2.46440e+03
          LJ-14     Coulomb-14        LJ (SR)   Coulomb (SR)   Coul. recip.
    8.21276e+03    1.12535e+05    1.01353e+06   -4.38140e+06    1.26744e+05
      Potential Pressure (bar)   Constr. rmsd
   -3.09136e+06   -1.04906e+03    0.00000e+00

           Step           Time
              4        4.00000

   Energies (kJ/mol)
           Bond            U-B    Proper Dih.  Improper Dih.      CMAP Dih.
    5.59923e+03    1.16743e+04    9.21191e+03    3.12563e+02   -2.47598e+03
          LJ-14     Coulomb-14        LJ (SR)   Coulomb (SR)   Coul. recip.
    8.02815e+03    1.12564e+05    8.98595e+05   -4.40029e+06    1.22287e+05
      Potential Pressure (bar)   Constr. rmsd
   -3.23449e+06   -1.06521e+03    0.00000e+00

           Step           Time
              5        5.00000

   Energies (kJ/mol)
           Bond            U-B    Proper Dih.  Improper Dih.      CMAP Dih.
    3.70789e+03    1.01143e+04    9.19783e+03    3.60945e+02   -2.48358e+03
          LJ-14     Coulomb-14        LJ (SR)   Coulomb (SR)   Coul. recip.
    7.86288e+03    1.12608e+05    8.52041e+05   -4.41668e+06    1.17970e+05
      Potential Pressure (bar)   Constr. rmsd
   -3.30530e+06   -1.07644e+03    0.00000e+00

           Step           Time
              6        6.00000

   Energies (kJ/mol)
           Bond            U-B    Proper Dih.  Improper Dih.      CMAP Dih.
    2.66981e+03    9.02093e+03    9.18920e+03    3.86578e+02   -2.49072e+03
          LJ-14     Coulomb-14        LJ (SR)   Coulomb (SR)   Coul. recip.
    7.67727e+03    1.12633e+05    8.19195e+05   -4.43305e+06    1.13463e+05
      Potential Pressure (bar)   Constr. rmsd
   -3.36130e+06   -1.08631e+03    0.00000e+00

           Step           Time
              7        7.00000

   Energies (kJ/mol)
           Bond            U-B    Proper Dih.  Improper Dih.      CMAP Dih.
    1.64626e+03    8.05403e+03    9.18934e+03    4.13543e+02   -2.50182e+03
          LJ-14     Coulomb-14        LJ (SR)   Coulomb (SR)   Coul. recip.
    7.44869e+03    1.12650e+05    7.77899e+05   -4.46117e+06    1.05490e+05
      Potential Pressure (bar)   Constr. rmsd
   -3.44088e+06   -1.10118e+03    0.00000e+00

           Step           Time
              8        8.00000

   Energies (kJ/mol)
           Bond            U-B    Proper Dih.  Improper Dih.      CMAP Dih.
    1.58127e+03    7.73660e+03    9.18450e+03    4.08526e+02   -2.50741e+03
          LJ-14     Coulomb-14        LJ (SR)   Coulomb (SR)   Coul. recip.
    7.32237e+03    1.12633e+05    7.61046e+05   -4.47638e+06    1.01172e+05
      Potential Pressure (bar)   Constr. rmsd
   -3.47780e+06   -1.10838e+03    0.00000e+00

           Step           Time
              9        9.00000

   Energies (kJ/mol)
           Bond            U-B    Proper Dih.  Improper Dih.      CMAP Dih.
    1.41894e+03    7.41494e+03    9.18821e+03    4.12154e+02   -2.52254e+03
          LJ-14     Coulomb-14        LJ (SR)   Coulomb (SR)   Coul. recip.
    7.12493e+03    1.12568e+05    7.25461e+05   -4.51652e+06    8.96239e+04
      Potential Pressure (bar)   Constr. rmsd
   -3.56583e+06   -1.12586e+03    0.00000e+00

           Step           Time
             10       10.00000

   Energies (kJ/mol)
           Bond            U-B    Proper Dih.  Improper Dih.      CMAP Dih.
    1.37821e+03    7.30718e+03    9.18306e+03    4.08497e+02   -2.52536e+03
          LJ-14     Coulomb-14        LJ (SR)   Coulomb (SR)   Coul. recip.
    7.07399e+03    1.12548e+05    7.19205e+05   -4.52395e+06    8.76399e+04
      Potential Pressure (bar)   Constr. rmsd
   -3.58173e+06   -1.12881e+03    0.00000e+00

           Step           Time
             11       11.00000

   Energies (kJ/mol)
           Bond            U-B    Proper Dih.  Improper Dih.      CMAP Dih.
    1.86942e+03    7.16706e+03    9.17895e+03    4.07891e+02   -2.54440e+03
          LJ-14     Coulomb-14        LJ (SR)   Coulomb (SR)   Coul. recip.
    6.91382e+03    1.12438e+05    6.92745e+05   -4.56571e+06    7.63541e+04
      Potential Pressure (bar)   Constr. rmsd
   -3.66118e+06   -1.14450e+03    0.00000e+00

           Step           Time
             12       12.00000

   Energies (kJ/mol)
           Bond            U-B    Proper Dih.  Improper Dih.      CMAP Dih.
    1.37666e+03    6.96536e+03    9.17206e+03    4.05572e+02   -2.54738e+03
          LJ-14     Coulomb-14        LJ (SR)   Coulomb (SR)   Coul. recip.
    6.88094e+03    1.12427e+05    6.88254e+05   -4.57271e+06    7.47247e+04
      Potential Pressure (bar)   Constr. rmsd
   -3.67505e+06   -1.14697e+03    0.00000e+00

           Step           Time
             13       13.00000

   Energies (kJ/mol)
           Bond            U-B    Proper Dih.  Improper Dih.      CMAP Dih.
    1.54021e+03    7.03677e+03    9.20186e+03    4.04366e+02   -2.55830e+03
          LJ-14     Coulomb-14        LJ (SR)   Coulomb (SR)   Coul. recip.
    6.96430e+03    1.12397e+05    6.78022e+05   -4.59251e+06    7.02124e+04
      Potential Pressure (bar)   Constr. rmsd
   -3.70929e+06   -1.15370e+03    0.00000e+00

           Step           Time
             14       14.00000

   Energies (kJ/mol)
           Bond            U-B    Proper Dih.  Improper Dih.      CMAP Dih.
    5.76230e+03    7.72409e+03    9.22680e+03    4.13403e+02   -2.56724e+03
          LJ-14     Coulomb-14        LJ (SR)   Coulomb (SR)   Coul. recip.
    6.72302e+03    1.12364e+05    6.68794e+05   -4.61065e+06    6.63409e+04
      Potential Pressure (bar)   Constr. rmsd
   -3.73587e+06   -1.15972e+03    0.00000e+00

           Step           Time
             15       15.00000

   Energies (kJ/mol)
           Bond            U-B    Proper Dih.  Improper Dih.      CMAP Dih.
    4.49996e+03    7.76797e+03    9.21956e+03    4.39134e+02   -2.57474e+03
          LJ-14     Coulomb-14        LJ (SR)   Coulomb (SR)   Coul. recip.
    6.84504e+03    1.12366e+05    6.63486e+05   -4.62228e+06    6.40360e+04
      Potential Pressure (bar)   Constr. rmsd
   -3.75620e+06   -1.16346e+03    0.00000e+00

           Step           Time
             16       16.00000

           Step           Time
             17       17.00000

   Energies (kJ/mol)
           Bond            U-B    Proper Dih.  Improper Dih.      CMAP Dih.
    6.49067e+03    7.67952e+03    9.24057e+03    4.04448e+02   -2.57919e+03
          LJ-14     Coulomb-14        LJ (SR)   Coulomb (SR)   Coul. recip.
    6.66152e+03    1.12288e+05    6.59495e+05   -4.63120e+06    6.23597e+04
      Potential Pressure (bar)   Constr. rmsd
   -3.76916e+06   -1.16636e+03    0.00000e+00

           Step           Time
             18       18.00000

   Energies (kJ/mol)
           Bond            U-B    Proper Dih.  Improper Dih.      CMAP Dih.
    5.33828e+03    7.50225e+03    9.22611e+03    6.14120e+02   -2.58255e+03
          LJ-14     Coulomb-14        LJ (SR)   Coulomb (SR)   Coul. recip.
    6.65073e+03    1.12367e+05    6.56856e+05   -4.63784e+06    6.11829e+04
      Potential Pressure (bar)   Constr. rmsd
   -3.78068e+06   -1.16840e+03    0.00000e+00

           Step           Time
             19       19.00000

   Energies (kJ/mol)
           Bond            U-B    Proper Dih.  Improper Dih.      CMAP Dih.
    1.00218e+04    7.81216e+03    9.21507e+03    5.25672e+02   -2.58219e+03
          LJ-14     Coulomb-14        LJ (SR)   Coulomb (SR)   Coul. recip.
    6.61136e+03    1.12240e+05    6.53562e+05   -4.64513e+06    5.98677e+04
      Potential Pressure (bar)   Constr. rmsd
   -3.78785e+06   -1.17058e+03    0.00000e+00

           Step           Time
             20       20.00000

   Energies (kJ/mol)
           Bond            U-B    Proper Dih.  Improper Dih.      CMAP Dih.
    3.10020e+03    7.25664e+03    9.23152e+03    5.77875e+02   -2.58523e+03
          LJ-14     Coulomb-14        LJ (SR)   Coulomb (SR)   Coul. recip.
    6.61443e+03    1.12275e+05    6.52791e+05   -4.64736e+06    5.94838e+04
      Potential Pressure (bar)   Constr. rmsd
   -3.79862e+06   -1.17125e+03    0.00000e+00

           Step           Time
             21       21.00000

   Energies (kJ/mol)
           Bond            U-B    Proper Dih.  Improper Dih.      CMAP Dih.
    8.00419e+03    9.05852e+03    9.23660e+03    1.22664e+03   -2.59193e+03
          LJ-14     Coulomb-14        LJ (SR)   Coulomb (SR)   Coul. recip.
    6.59039e+03    1.12341e+05    6.47302e+05   -4.66202e+06    5.70758e+04
      Potential Pressure (bar)   Constr. rmsd
   -3.81377e+06   -1.17478e+03    0.00000e+00

           Step           Time
             22       22.00000

   Energies (kJ/mol)
           Bond            U-B    Proper Dih.  Improper Dih.      CMAP Dih.
    1.62140e+04    9.71765e+03    9.27438e+03    4.76492e+02   -2.60039e+03
          LJ-14     Coulomb-14        LJ (SR)   Coulomb (SR)   Coul. recip.
    6.53466e+03    1.12061e+05    6.44639e+05   -4.66846e+06    5.59221e+04
      Potential Pressure (bar)   Constr. rmsd
   -3.81622e+06   -1.17673e+03    0.00000e+00

           Step           Time
             23       23.00000

           Step           Time
             24       24.00000

   Energies (kJ/mol)
           Bond            U-B    Proper Dih.  Improper Dih.      CMAP Dih.
    1.81353e+04    9.37322e+03    9.27643e+03    1.36988e+03   -2.60206e+03
          LJ-14     Coulomb-14        LJ (SR)   Coulomb (SR)   Coul. recip.
    6.58144e+03    1.12376e+05    6.42433e+05   -4.67500e+06    5.50884e+04
      Potential Pressure (bar)   Constr. rmsd
   -3.82297e+06   -1.17861e+03    0.00000e+00

           Step           Time
             25       25.00000

   Energies (kJ/mol)
           Bond            U-B    Proper Dih.  Improper Dih.      CMAP Dih.
    2.10067e+04    9.54843e+03    9.27455e+03    1.10832e+03   -2.59503e+03
          LJ-14     Coulomb-14        LJ (SR)   Coulomb (SR)   Coul. recip.
    6.49213e+03    1.11974e+05    6.40049e+05   -4.67966e+06    5.42013e+04
      Potential Pressure (bar)   Constr. rmsd
   -3.82860e+06   -1.18022e+03    0.00000e+00

           Step           Time
             26       26.00000

           Step           Time
             27       27.00000

   Energies (kJ/mol)
           Bond            U-B    Proper Dih.  Improper Dih.      CMAP Dih.
    2.88691e+03    7.51454e+03    9.25845e+03    9.62685e+02   -2.60271e+03
          LJ-14     Coulomb-14        LJ (SR)   Coulomb (SR)   Coul. recip.
    6.49690e+03    1.12100e+05    6.39417e+05   -4.68221e+06    5.38800e+04
      Potential Pressure (bar)   Constr. rmsd
   -3.85229e+06   -1.18093e+03    0.00000e+00

           Step           Time
             28       28.00000

   Energies (kJ/mol)
           Bond            U-B    Proper Dih.  Improper Dih.      CMAP Dih.
    2.26564e+03    6.62991e+03    9.24562e+03    5.57933e+02   -2.60702e+03
          LJ-14     Coulomb-14        LJ (SR)   Coulomb (SR)   Coul. recip.
    6.48004e+03    1.12141e+05    6.37532e+05   -4.68735e+06    5.31591e+04
      Potential Pressure (bar)   Constr. rmsd
   -3.86194e+06   -1.18251e+03    0.00000e+00

           Step           Time
             29       29.00000

   Energies (kJ/mol)
           Bond            U-B    Proper Dih.  Improper Dih.      CMAP Dih.
    8.61093e+03    6.67626e+03    9.23751e+03    1.54516e+03   -2.60958e+03
          LJ-14     Coulomb-14        LJ (SR)   Coulomb (SR)   Coul. recip.
    6.43602e+03    1.12152e+05    6.34005e+05   -4.69748e+06    5.17123e+04
      Potential Pressure (bar)   Constr. rmsd
   -3.86972e+06   -1.18569e+03    0.00000e+00

           Step           Time
             30       30.00000

   Energies (kJ/mol)
           Bond            U-B    Proper Dih.  Improper Dih.      CMAP Dih.
    5.62789e+03    6.76787e+03    9.23290e+03    4.48694e+02   -2.61335e+03
          LJ-14     Coulomb-14        LJ (SR)   Coulomb (SR)   Coul. recip.
    6.43728e+03    1.12169e+05    6.32654e+05   -4.70153e+06    5.11687e+04
      Potential Pressure (bar)   Constr. rmsd
   -3.87964e+06   -1.18691e+03    0.00000e+00

           Step           Time
             31       31.00000

           Step           Time
             32       32.00000

   Energies (kJ/mol)
           Bond            U-B    Proper Dih.  Improper Dih.      CMAP Dih.
    1.58184e+03    6.17398e+03    9.23241e+03    7.50563e+02   -2.61354e+03
          LJ-14     Coulomb-14        LJ (SR)   Coulomb (SR)   Coul. recip.
    6.42123e+03    1.12150e+05    6.31723e+05   -4.70412e+06    5.08179e+04
      Potential Pressure (bar)   Constr. rmsd
   -3.88788e+06   -1.18775e+03    0.00000e+00

           Step           Time
             33       33.00000

   Energies (kJ/mol)
           Bond            U-B    Proper Dih.  Improper Dih.      CMAP Dih.
    4.65211e+03    6.74127e+03    9.22619e+03    4.37124e+02   -2.61774e+03
          LJ-14     Coulomb-14        LJ (SR)   Coulomb (SR)   Coul. recip.
    6.39976e+03    1.12143e+05    6.28893e+05   -4.71276e+06    4.96760e+04
      Potential Pressure (bar)   Constr. rmsd
   -3.89721e+06   -1.19044e+03    0.00000e+00

           Step           Time
             34       34.00000

   Energies (kJ/mol)
           Bond            U-B    Proper Dih.  Improper Dih.      CMAP Dih.
    6.05513e+03    6.82601e+03    9.22521e+03    1.73770e+03   -2.61890e+03
          LJ-14     Coulomb-14        LJ (SR)   Coulomb (SR)   Coul. recip.
    6.38347e+03    1.12125e+05    6.27246e+05   -4.71782e+06    4.90503e+04
      Potential Pressure (bar)   Constr. rmsd
   -3.90179e+06   -1.19181e+03    0.00000e+00

           Step           Time
             35       35.00000

   Energies (kJ/mol)
           Bond            U-B    Proper Dih.  Improper Dih.      CMAP Dih.
    5.16075e+03    7.16621e+03    9.22078e+03    4.17043e+02   -2.62203e+03
          LJ-14     Coulomb-14        LJ (SR)   Coulomb (SR)   Coul. recip.
    6.37234e+03    1.12135e+05    6.25950e+05   -4.72201e+06    4.85101e+04
      Potential Pressure (bar)   Constr. rmsd
   -3.90970e+06   -1.19289e+03    0.00000e+00

           Step           Time
             36       36.00000

           Step           Time
             37       37.00000

   Energies (kJ/mol)
           Bond            U-B    Proper Dih.  Improper Dih.      CMAP Dih.
    2.66685e+03    6.80118e+03    9.22189e+03    1.01997e+03   -2.62241e+03
          LJ-14     Coulomb-14        LJ (SR)   Coulomb (SR)   Coul. recip.
    6.35440e+03    1.12066e+05    6.25112e+05   -4.72473e+06    4.81592e+04
      Potential Pressure (bar)   Constr. rmsd
   -3.91595e+06   -1.19379e+03    0.00000e+00

           Step           Time
             38       38.00000

   Energies (kJ/mol)
           Bond            U-B    Proper Dih.  Improper Dih.      CMAP Dih.
    2.85617e+03    6.23224e+03    9.21765e+03    4.12646e+02   -2.62492e+03
          LJ-14     Coulomb-14        LJ (SR)   Coulomb (SR)   Coul. recip.
    6.34397e+03    1.12100e+05    6.23701e+05   -4.72916e+06    4.76407e+04
      Potential Pressure (bar)   Constr. rmsd
   -3.92328e+06   -1.19517e+03    0.00000e+00

           Step           Time
             39       39.00000

           Step           Time
             40       40.00000

   Energies (kJ/mol)
           Bond            U-B    Proper Dih.  Improper Dih.      CMAP Dih.
    2.18505e+03    6.17311e+03    9.21578e+03    4.22750e+02   -2.62589e+03
          LJ-14     Coulomb-14        LJ (SR)   Coulomb (SR)   Coul. recip.
    6.32418e+03    1.12091e+05    6.22618e+05   -4.73251e+06    4.72466e+04
      Potential Pressure (bar)   Constr. rmsd
   -3.92886e+06   -1.19603e+03    0.00000e+00

           Step           Time
             41       41.00000

   Energies (kJ/mol)
           Bond            U-B    Proper Dih.  Improper Dih.      CMAP Dih.
    3.21382e+03    6.17829e+03    9.21402e+03    4.06209e+02   -2.62854e+03
          LJ-14     Coulomb-14        LJ (SR)   Coulomb (SR)   Coul. recip.
    6.31674e+03    1.12105e+05    6.21404e+05   -4.73679e+06    4.67382e+04
      Potential Pressure (bar)   Constr. rmsd
   -3.93384e+06   -1.19712e+03    0.00000e+00

           Step           Time
             42       42.00000

   Energies (kJ/mol)
           Bond            U-B    Proper Dih.  Improper Dih.      CMAP Dih.
    3.79577e+03    6.38008e+03    9.21011e+03    4.37188e+02   -2.62940e+03
          LJ-14     Coulomb-14        LJ (SR)   Coulomb (SR)   Coul. recip.
    6.29531e+03    1.12073e+05    6.20245e+05   -4.74046e+06    4.63228e+04
      Potential Pressure (bar)   Constr. rmsd
   -3.93833e+06   -1.19814e+03    0.00000e+00

           Step           Time
             43       43.00000

   Energies (kJ/mol)
           Bond            U-B    Proper Dih.  Improper Dih.      CMAP Dih.
    4.20553e+03    6.31984e+03    9.21269e+03    4.12512e+02   -2.63180e+03
          LJ-14     Coulomb-14        LJ (SR)   Coulomb (SR)   Coul. recip.
    6.29373e+03    1.12091e+05    6.19300e+05   -4.74400e+06    4.59089e+04
      Potential Pressure (bar)   Constr. rmsd
   -3.94289e+06   -1.19881e+03    0.00000e+00

           Step           Time
             44       44.00000

   Energies (kJ/mol)
           Bond            U-B    Proper Dih.  Improper Dih.      CMAP Dih.
    8.19485e+03    6.81910e+03    9.21599e+03    2.09809e+03   -2.63261e+03
          LJ-14     Coulomb-14        LJ (SR)   Coulomb (SR)   Coul. recip.
    6.26854e+03    1.12038e+05    6.17939e+05   -4.74850e+06    4.54232e+04
      Potential Pressure (bar)   Constr. rmsd
   -3.94313e+06   -1.19981e+03    0.00000e+00

           Step           Time
             45       45.00000

   Energies (kJ/mol)
           Bond            U-B    Proper Dih.  Improper Dih.      CMAP Dih.
    5.47964e+03    7.50480e+03    9.21450e+03    4.05392e+02   -2.63527e+03
          LJ-14     Coulomb-14        LJ (SR)   Coulomb (SR)   Coul. recip.
    6.27210e+03    1.12076e+05    6.17118e+05   -4.75181e+06    4.50382e+04
      Potential Pressure (bar)   Constr. rmsd
   -3.95133e+06   -1.19999e+03    0.00000e+00

           Step           Time
             46       46.00000

           Step           Time
             47       47.00000

   Energies (kJ/mol)
           Bond            U-B    Proper Dih.  Improper Dih.      CMAP Dih.
    3.81972e+03    7.25243e+03    9.21798e+03    1.12071e+03   -2.63552e+03
          LJ-14     Coulomb-14        LJ (SR)   Coulomb (SR)   Coul. recip.
    6.26130e+03    1.11960e+05    6.16212e+05   -4.75494e+06    4.46642e+04
      Potential Pressure (bar)   Constr. rmsd
   -3.95707e+06   -1.20085e+03    0.00000e+00

           Step           Time
             48       48.00000

   Energies (kJ/mol)
           Bond            U-B    Proper Dih.  Improper Dih.      CMAP Dih.
    4.70940e+03    6.49494e+03    9.19293e+03    3.82883e+02   -2.63812e+03
          LJ-14     Coulomb-14        LJ (SR)   Coulomb (SR)   Coul. recip.
    6.25274e+03    1.12083e+05    6.15241e+05   -4.75870e+06    4.42983e+04
      Potential Pressure (bar)   Constr. rmsd
   -3.96268e+06   -1.20154e+03    0.00000e+00

           Step           Time
             49       49.00000

           Step           Time
             50       50.00000

   Energies (kJ/mol)
           Bond            U-B    Proper Dih.  Improper Dih.      CMAP Dih.
    3.41788e+03    6.20301e+03    9.19726e+03    4.40913e+02   -2.63825e+03
          LJ-14     Coulomb-14        LJ (SR)   Coulomb (SR)   Coul. recip.
    6.22272e+03    1.11994e+05    6.14354e+05   -4.76136e+06    4.39963e+04
      Potential Pressure (bar)   Constr. rmsd
   -3.96817e+06   -1.20201e+03    0.00000e+00

           Step           Time
             51       51.00000

   Energies (kJ/mol)
           Bond            U-B    Proper Dih.  Improper Dih.      CMAP Dih.
    4.67776e+03    6.25293e+03    9.19497e+03    3.88940e+02   -2.64080e+03
          LJ-14     Coulomb-14        LJ (SR)   Coulomb (SR)   Coul. recip.
    6.23033e+03    1.12103e+05    6.13603e+05   -4.76490e+06    4.36451e+04
      Potential Pressure (bar)   Constr. rmsd
   -3.97144e+06   -1.20310e+03    0.00000e+00

           Step           Time
             52       52.00000

           Step           Time
             53       53.00000

   Energies (kJ/mol)
           Bond            U-B    Proper Dih.  Improper Dih.      CMAP Dih.
    1.32243e+03    5.81999e+03    9.19703e+03    4.59726e+02   -2.64117e+03
          LJ-14     Coulomb-14        LJ (SR)   Coulomb (SR)   Coul. recip.
    6.20836e+03    1.12021e+05    6.13022e+05   -4.76662e+06    4.34493e+04
      Potential Pressure (bar)   Constr. rmsd
   -3.97776e+06   -1.20371e+03    0.00000e+00

           Step           Time
             54       54.00000

   Energies (kJ/mol)
           Bond            U-B    Proper Dih.  Improper Dih.      CMAP Dih.
    4.05836e+03    6.18161e+03    9.19580e+03    3.80812e+02   -2.64418e+03
          LJ-14     Coulomb-14        LJ (SR)   Coulomb (SR)   Coul. recip.
    6.19593e+03    1.12072e+05    6.11419e+05   -4.77337e+06    4.27601e+04
      Potential Pressure (bar)   Constr. rmsd
   -3.98375e+06   -1.20553e+03    0.00000e+00

           Step           Time
             55       55.00000

   Energies (kJ/mol)
           Bond            U-B    Proper Dih.  Improper Dih.      CMAP Dih.
    3.17832e+03    5.96287e+03    9.19708e+03    4.11426e+02   -2.64480e+03
          LJ-14     Coulomb-14        LJ (SR)   Coulomb (SR)   Coul. recip.
    6.17149e+03    1.11970e+05    6.10689e+05   -4.77573e+06    4.25085e+04
      Potential Pressure (bar)   Constr. rmsd
   -3.98828e+06   -1.20636e+03    0.00000e+00

           Step           Time
             56       56.00000

   Energies (kJ/mol)
           Bond            U-B    Proper Dih.  Improper Dih.      CMAP Dih.
    6.00879e+03    6.33858e+03    9.19509e+03    3.79497e+02   -2.64676e+03
          LJ-14     Coulomb-14        LJ (SR)   Coulomb (SR)   Coul. recip.
    6.18047e+03    1.12064e+05    6.09949e+05   -4.77945e+06    4.21543e+04
      Potential Pressure (bar)   Constr. rmsd
   -3.98982e+06   -1.20716e+03    0.00000e+00

           Step           Time
             57       57.00000

   Energies (kJ/mol)
           Bond            U-B    Proper Dih.  Improper Dih.      CMAP Dih.
    5.98081e+03    6.30566e+03    9.21211e+03    7.72319e+02   -2.64708e+03
          LJ-14     Coulomb-14        LJ (SR)   Coulomb (SR)   Coul. recip.
    6.15099e+03    1.11922e+05    6.09170e+05   -4.78191e+06    4.18969e+04
      Potential Pressure (bar)   Constr. rmsd
   -3.99315e+06   -1.20806e+03    0.00000e+00

           Step           Time
             58       58.00000

   Energies (kJ/mol)
           Bond            U-B    Proper Dih.  Improper Dih.      CMAP Dih.
    6.75536e+03    6.38360e+03    9.20258e+03    3.75149e+02   -2.64927e+03
          LJ-14     Coulomb-14        LJ (SR)   Coulomb (SR)   Coul. recip.
    6.15948e+03    1.12035e+05    6.08687e+05   -4.78470e+06    4.16318e+04
      Potential Pressure (bar)   Constr. rmsd
   -3.99612e+06   -1.20891e+03    0.00000e+00

           Step           Time
             59       59.00000

           Step           Time
             60       60.00000

   Energies (kJ/mol)
           Bond            U-B    Proper Dih.  Improper Dih.      CMAP Dih.
    1.31126e+03    5.79368e+03    9.20250e+03    4.52745e+02   -2.64956e+03
          LJ-14     Coulomb-14        LJ (SR)   Coulomb (SR)   Coul. recip.
    6.13931e+03    1.11964e+05    6.08239e+05   -4.78612e+06    4.14887e+04
      Potential Pressure (bar)   Constr. rmsd
   -4.00418e+06   -1.20929e+03    0.00000e+00

           Step           Time
             61       61.00000

   Energies (kJ/mol)
           Bond            U-B    Proper Dih.  Improper Dih.      CMAP Dih.
    5.29211e+03    6.48800e+03    9.22391e+03    4.06245e+02   -2.65246e+03
          LJ-14     Coulomb-14        LJ (SR)   Coulomb (SR)   Coul. recip.
    6.12382e+03    1.11998e+05    6.06408e+05   -4.79473e+06    4.06546e+04
      Potential Pressure (bar)   Constr. rmsd
   -4.01079e+06   -1.21152e+03    0.00000e+00

           Step           Time
             62       62.00000

           Step           Time
             63       63.00000

   Energies (kJ/mol)
           Bond            U-B    Proper Dih.  Improper Dih.      CMAP Dih.
    1.74217e+03    6.04217e+03    9.22661e+03    6.38400e+02   -2.65351e+03
          LJ-14     Coulomb-14        LJ (SR)   Coulomb (SR)   Coul. recip.
    6.10457e+03    1.11903e+05    6.05939e+05   -4.79632e+06    4.04799e+04
      Potential Pressure (bar)   Constr. rmsd
   -4.01689e+06   -1.21210e+03    0.00000e+00

           Step           Time
             64       64.00000

   Energies (kJ/mol)
           Bond            U-B    Proper Dih.  Improper Dih.      CMAP Dih.
    4.07961e+03    6.16755e+03    9.20313e+03    3.78758e+02   -2.65510e+03
          LJ-14     Coulomb-14        LJ (SR)   Coulomb (SR)   Coul. recip.
    6.10573e+03    1.11995e+05    6.05106e+05   -4.80082e+06    4.00961e+04
      Potential Pressure (bar)   Constr. rmsd
   -4.02035e+06   -1.21354e+03    0.00000e+00

           Step           Time
             65       65.00000

           Step           Time
             66       66.00000

   Energies (kJ/mol)
           Bond            U-B    Proper Dih.  Improper Dih.      CMAP Dih.
    1.79882e+03    5.77566e+03    9.20421e+03    4.03627e+02   -2.65594e+03
          LJ-14     Coulomb-14        LJ (SR)   Coulomb (SR)   Coul. recip.
    6.08242e+03    1.11889e+05    6.04637e+05   -4.80238e+06    3.99308e+04
      Potential Pressure (bar)   Constr. rmsd
   -4.02531e+06   -1.21412e+03    0.00000e+00

           Step           Time
             67       67.00000

   Energies (kJ/mol)
           Bond            U-B    Proper Dih.  Improper Dih.      CMAP Dih.
    4.25556e+03    6.14993e+03    9.20345e+03    3.70390e+02   -2.65726e+03
          LJ-14     Coulomb-14        LJ (SR)   Coulomb (SR)   Coul. recip.
    6.08608e+03    1.11980e+05    6.03977e+05   -4.80631e+06    3.95936e+04
      Potential Pressure (bar)   Constr. rmsd
   -4.02735e+06   -1.21537e+03    0.00000e+00

           Step           Time
             68       68.00000

   Energies (kJ/mol)
           Bond            U-B    Proper Dih.  Improper Dih.      CMAP Dih.
    3.36795e+03    5.92018e+03    9.20510e+03    3.64580e+02   -2.65798e+03
          LJ-14     Coulomb-14        LJ (SR)   Coulomb (SR)   Coul. recip.
    6.06033e+03    1.11844e+05    6.03436e+05   -4.80817e+06    3.94034e+04
      Potential Pressure (bar)   Constr. rmsd
   -4.03122e+06   -1.21607e+03    0.00000e+00

           Step           Time
             69       69.00000

           Step           Time
             70       70.00000

   Energies (kJ/mol)
           Bond            U-B    Proper Dih.  Improper Dih.      CMAP Dih.
    1.30806e+03    5.72709e+03    9.20347e+03    3.61806e+02   -2.65898e+03
          LJ-14     Coulomb-14        LJ (SR)   Coulomb (SR)   Coul. recip.
    6.06209e+03    1.11912e+05    6.03198e+05   -4.80977e+06    3.92690e+04
      Potential Pressure (bar)   Constr. rmsd
   -4.03539e+06   -1.21657e+03    0.00000e+00

           Step           Time
             71       71.00000

   Energies (kJ/mol)
           Bond            U-B    Proper Dih.  Improper Dih.      CMAP Dih.
    4.72781e+03    6.04449e+03    9.20991e+03    3.64710e+02   -2.66055e+03
          LJ-14     Coulomb-14        LJ (SR)   Coulomb (SR)   Coul. recip.
    6.03365e+03    1.11804e+05    6.02011e+05   -4.81549e+06    3.87475e+04
      Potential Pressure (bar)   Constr. rmsd
   -4.03920e+06   -1.21829e+03    0.00000e+00

           Step           Time
             72       72.00000

   Energies (kJ/mol)
           Bond            U-B    Proper Dih.  Improper Dih.      CMAP Dih.
    1.84956e+03    5.78028e+03    9.20764e+03    3.62703e+02   -2.66159e+03
          LJ-14     Coulomb-14        LJ (SR)   Coulomb (SR)   Coul. recip.
    6.03840e+03    1.11901e+05    6.01790e+05   -4.81725e+06    3.86052e+04
      Potential Pressure (bar)   Constr. rmsd
   -4.04438e+06   -1.21882e+03    0.00000e+00

           Step           Time
             73       73.00000

           Step           Time
             74       74.00000

   Energies (kJ/mol)
           Bond            U-B    Proper Dih.  Improper Dih.      CMAP Dih.
    1.73934e+03    5.73112e+03    9.20955e+03    3.57387e+02   -2.66225e+03
          LJ-14     Coulomb-14        LJ (SR)   Coulomb (SR)   Coul. recip.
    6.02406e+03    1.11833e+05    6.01365e+05   -4.81917e+06    3.84290e+04
      Potential Pressure (bar)   Constr. rmsd
   -4.04714e+06   -1.21950e+03    0.00000e+00

           Step           Time
             75       75.00000

   Energies (kJ/mol)
           Bond            U-B    Proper Dih.  Improper Dih.      CMAP Dih.
    2.46122e+03    5.85012e+03    9.21040e+03    3.62227e+02   -2.66328e+03
          LJ-14     Coulomb-14        LJ (SR)   Coulomb (SR)   Coul. recip.
    6.02474e+03    1.11894e+05    6.00952e+05   -4.82197e+06    3.81971e+04
      Potential Pressure (bar)   Constr. rmsd
   -4.04968e+06   -1.22003e+03    0.00000e+00

           Step           Time
             76       76.00000

   Energies (kJ/mol)
           Bond            U-B    Proper Dih.  Improper Dih.      CMAP Dih.
    2.44130e+03    5.79938e+03    9.21286e+03    3.56309e+02   -2.66391e+03
          LJ-14     Coulomb-14        LJ (SR)   Coulomb (SR)   Coul. recip.
    6.00746e+03    1.11802e+05    6.00518e+05   -4.82387e+06    3.80225e+04
      Potential Pressure (bar)   Constr. rmsd
   -4.05237e+06   -1.22072e+03    0.00000e+00

           Step           Time
             77       77.00000

   Energies (kJ/mol)
           Bond            U-B    Proper Dih.  Improper Dih.      CMAP Dih.
    3.69809e+03    6.00318e+03    9.21374e+03    3.63079e+02   -2.66487e+03
          LJ-14     Coulomb-14        LJ (SR)   Coulomb (SR)   Coul. recip.
    6.01324e+03    1.11892e+05    6.00181e+05   -4.82655e+06    3.78073e+04
      Potential Pressure (bar)   Constr. rmsd
   -4.05404e+06   -1.22156e+03    0.00000e+00

           Step           Time
             78       78.00000

   Energies (kJ/mol)
           Bond            U-B    Proper Dih.  Improper Dih.      CMAP Dih.
    3.84864e+03    5.95482e+03    9.21665e+03    3.54960e+02   -2.66545e+03
          LJ-14     Coulomb-14        LJ (SR)   Coulomb (SR)   Coul. recip.
    5.99169e+03    1.11766e+05    5.99736e+05   -4.82837e+06    3.76385e+04
      Potential Pressure (bar)   Constr. rmsd
   -4.05653e+06   -1.22225e+03    0.00000e+00

           Step           Time
             79       79.00000

   Energies (kJ/mol)
           Bond            U-B    Proper Dih.  Improper Dih.      CMAP Dih.
    6.23832e+03    6.33653e+03    9.21829e+03    3.66074e+02   -2.66633e+03
          LJ-14     Coulomb-14        LJ (SR)   Coulomb (SR)   Coul. recip.
    6.00556e+03    1.11895e+05    5.99476e+05   -4.83102e+06    3.74340e+04
      Potential Pressure (bar)   Constr. rmsd
   -4.05672e+06   -1.22306e+03    0.00000e+00

           Step           Time
             80       80.00000

   Energies (kJ/mol)
           Bond            U-B    Proper Dih.  Improper Dih.      CMAP Dih.
    6.67380e+03    6.29624e+03    9.22115e+03    3.52367e+02   -2.66683e+03
          LJ-14     Coulomb-14        LJ (SR)   Coulomb (SR)   Coul. recip.
    5.97684e+03    1.11722e+05    5.99010e+05   -4.83272e+06    3.72740e+04
      Potential Pressure (bar)   Constr. rmsd
   -4.05886e+06   -1.22373e+03    0.00000e+00

           Step           Time
             81       81.00000

           Step           Time
             82       82.00000

   Energies (kJ/mol)
           Bond            U-B    Proper Dih.  Improper Dih.      CMAP Dih.
    1.35253e+03    5.69595e+03    9.21770e+03    3.54972e+02   -2.66767e+03
          LJ-14     Coulomb-14        LJ (SR)   Coulomb (SR)   Coul. recip.
    5.98012e+03    1.11818e+05    5.98881e+05   -4.83408e+06    3.71652e+04
      Potential Pressure (bar)   Constr. rmsd
   -4.06628e+06   -1.22413e+03    0.00000e+00

           Step           Time
             83       83.00000

           Step           Time
             84       84.00000

   Energies (kJ/mol)
           Bond            U-B    Proper Dih.  Improper Dih.      CMAP Dih.
    3.07929e+03    5.85483e+03    9.22273e+03    3.52243e+02   -2.66874e+03
          LJ-14     Coulomb-14        LJ (SR)   Coulomb (SR)   Coul. recip.
    5.96037e+03    1.11738e+05    5.98243e+05   -4.83780e+06    3.68491e+04
      Potential Pressure (bar)   Constr. rmsd
   -4.06917e+06   -1.22513e+03    0.00000e+00

           Step           Time
             85       85.00000

   Energies (kJ/mol)
           Bond            U-B    Proper Dih.  Improper Dih.      CMAP Dih.
    1.76896e+03    5.72968e+03    9.22177e+03    3.56500e+02   -2.66941e+03
          LJ-14     Coulomb-14        LJ (SR)   Coulomb (SR)   Coul. recip.
    5.96334e+03    1.11812e+05    5.98077e+05   -4.83944e+06    3.67223e+04
      Potential Pressure (bar)   Constr. rmsd
   -4.07246e+06   -1.22564e+03    0.00000e+00

           Step           Time
             86       86.00000

   Energies (kJ/mol)
           Bond            U-B    Proper Dih.  Improper Dih.      CMAP Dih.
    4.49856e+03    6.00021e+03    9.22726e+03    3.51304e+02   -2.67020e+03
          LJ-14     Coulomb-14        LJ (SR)   Coulomb (SR)   Coul. recip.
    5.94523e+03    1.11704e+05    5.97564e+05   -4.84234e+06    3.64774e+04
      Potential Pressure (bar)   Constr. rmsd
   -4.07324e+06   -1.22668e+03    0.00000e+00

           Step           Time
             87       87.00000

   Energies (kJ/mol)
           Bond            U-B    Proper Dih.  Improper Dih.      CMAP Dih.
    2.96370e+03    5.88273e+03    9.22577e+03    3.56994e+02   -2.67094e+03
          LJ-14     Coulomb-14        LJ (SR)   Coulomb (SR)   Coul. recip.
    5.95208e+03    1.11814e+05    5.97422e+05   -4.84416e+06    3.63412e+04
      Potential Pressure (bar)   Constr. rmsd
   -4.07687e+06   -1.22722e+03    0.00000e+00

           Step           Time
             88       88.00000

           Step           Time
             89       89.00000

   Energies (kJ/mol)
           Bond            U-B    Proper Dih.  Improper Dih.      CMAP Dih.
    1.45516e+03    5.67437e+03    9.22705e+03    3.51320e+02   -2.67133e+03
          LJ-14     Coulomb-14        LJ (SR)   Coulomb (SR)   Coul. recip.
    5.93843e+03    1.11739e+05    5.97180e+05   -4.84531e+06    3.62390e+04
      Potential Pressure (bar)   Constr. rmsd
   -4.08017e+06   -1.22765e+03    0.00000e+00

           Step           Time
             90       90.00000

   Energies (kJ/mol)
           Bond            U-B    Proper Dih.  Improper Dih.      CMAP Dih.
    3.93894e+03    5.99525e+03    9.23019e+03    3.57777e+02   -2.67244e+03
          LJ-14     Coulomb-14        LJ (SR)   Coulomb (SR)   Coul. recip.
    5.93825e+03    1.11807e+05    5.96761e+05   -4.84913e+06    3.59421e+04
      Potential Pressure (bar)   Constr. rmsd
   -4.08183e+06   -1.22890e+03    0.00000e+00

           Step           Time
             91       91.00000

   Energies (kJ/mol)
           Bond            U-B    Proper Dih.  Improper Dih.      CMAP Dih.
    2.10833e+03    5.73788e+03    9.23182e+03    3.49998e+02   -2.67290e+03
          LJ-14     Coulomb-14        LJ (SR)   Coulomb (SR)   Coul. recip.
    5.92099e+03    1.11705e+05    5.96490e+05   -4.85035e+06    3.58332e+04
      Potential Pressure (bar)   Constr. rmsd
   -4.08564e+06   -1.22937e+03    0.00000e+00

           Step           Time
             92       92.00000

           Step           Time
             93       93.00000

   Energies (kJ/mol)
           Bond            U-B    Proper Dih.  Improper Dih.      CMAP Dih.
    1.52325e+03    5.68294e+03    9.23157e+03    3.52371e+02   -2.67342e+03
          LJ-14     Coulomb-14        LJ (SR)   Coulomb (SR)   Coul. recip.
    5.92190e+03    1.11757e+05    5.96349e+05   -4.85188e+06    3.57170e+04
      Potential Pressure (bar)   Constr. rmsd
   -4.08802e+06   -1.22985e+03    0.00000e+00

           Step           Time
             94       94.00000

   Energies (kJ/mol)
           Bond            U-B    Proper Dih.  Improper Dih.      CMAP Dih.
    2.86572e+03    5.81529e+03    9.23602e+03    3.49041e+02   -2.67419e+03
          LJ-14     Coulomb-14        LJ (SR)   Coulomb (SR)   Coul. recip.
    5.90706e+03    1.11678e+05    5.95963e+05   -4.85447e+06    3.55070e+04
      Potential Pressure (bar)   Constr. rmsd
   -4.08982e+06   -1.23077e+03    0.00000e+00

           Step           Time
             95       95.00000

   Energies (kJ/mol)
           Bond            U-B    Proper Dih.  Improper Dih.      CMAP Dih.
    2.15529e+03    5.75575e+03    9.23538e+03    3.52955e+02   -2.67477e+03
          LJ-14     Coulomb-14        LJ (SR)   Coulomb (SR)   Coul. recip.
    5.91048e+03    1.11754e+05    5.95840e+05   -4.85613e+06    3.53847e+04
      Potential Pressure (bar)   Constr. rmsd
   -4.09242e+06   -1.23094e+03    0.00000e+00

           Step           Time
             96       96.00000

   Energies (kJ/mol)
           Bond            U-B    Proper Dih.  Improper Dih.      CMAP Dih.
    4.26903e+03    5.96686e+03    9.24036e+03    3.47974e+02   -2.67535e+03
          LJ-14     Coulomb-14        LJ (SR)   Coulomb (SR)   Coul. recip.
    5.89448e+03    1.11646e+05    5.95500e+05   -4.85828e+06    3.52099e+04
      Potential Pressure (bar)   Constr. rmsd
   -4.09288e+06   -1.23173e+03    0.00000e+00

           Step           Time
             97       97.00000

   Energies (kJ/mol)
           Bond            U-B    Proper Dih.  Improper Dih.      CMAP Dih.
    3.67895e+03    5.94962e+03    9.23954e+03    3.54439e+02   -2.67600e+03
          LJ-14     Coulomb-14        LJ (SR)   Coulomb (SR)   Coul. recip.
    5.90228e+03    1.11759e+05    5.95409e+05   -4.86009e+06    3.50813e+04
      Potential Pressure (bar)   Constr. rmsd
   -4.09539e+06   -1.23193e+03    0.00000e+00

           Step           Time
             98       98.00000

           Step           Time
             99       99.00000

   Energies (kJ/mol)
           Bond            U-B    Proper Dih.  Improper Dih.      CMAP Dih.
    1.33324e+03    5.64784e+03    9.24027e+03    3.48401e+02   -2.67625e+03
          LJ-14     Coulomb-14        LJ (SR)   Coulomb (SR)   Coul. recip.
    5.88887e+03    1.11683e+05    5.95225e+05   -4.86099e+06    3.50015e+04
      Potential Pressure (bar)   Constr. rmsd
   -4.09930e+06   -1.23194e+03    0.00000e+00

           Step           Time
            100      100.00000

   Energies (kJ/mol)
           Bond            U-B    Proper Dih.  Improper Dih.      CMAP Dih.
    4.70609e+03    6.06288e+03    9.24516e+03    3.54909e+02   -2.67756e+03
          LJ-14     Coulomb-14        LJ (SR)   Coulomb (SR)   Coul. recip.
    5.88639e+03    1.11748e+05    5.94813e+05   -4.86577e+06    3.46453e+04
      Potential Pressure (bar)   Constr. rmsd
   -4.10099e+06   -1.23379e+03    0.00000e+00

           Step           Time
            101      101.00000

   Energies (kJ/mol)
           Bond            U-B    Proper Dih.  Improper Dih.      CMAP Dih.
    1.90413e+03    5.70142e+03    9.24631e+03    3.46979e+02   -2.67788e+03
          LJ-14     Coulomb-14        LJ (SR)   Coulomb (SR)   Coul. recip.
    5.86949e+03    1.11647e+05    5.94603e+05   -4.86675e+06    3.45591e+04
      Potential Pressure (bar)   Constr. rmsd
   -4.10555e+06   -1.23400e+03    0.00000e+00

           Step           Time
            102      102.00000

           Step           Time
            103      103.00000

   Energies (kJ/mol)
           Bond            U-B    Proper Dih.  Improper Dih.      CMAP Dih.
    1.76910e+03    5.69394e+03    9.24649e+03    3.49262e+02   -2.67839e+03
          LJ-14     Coulomb-14        LJ (SR)   Coulomb (SR)   Coul. recip.
    5.87043e+03    1.11697e+05    5.94496e+05   -4.86836e+06    3.44420e+04
      Potential Pressure (bar)   Constr. rmsd
   -4.10748e+06   -1.23451e+03    0.00000e+00

           Step           Time
            104      104.00000

   Energies (kJ/mol)
           Bond            U-B    Proper Dih.  Improper Dih.      CMAP Dih.
    2.57182e+03    5.77391e+03    9.25025e+03    3.46088e+02   -2.67892e+03
          LJ-14     Coulomb-14        LJ (SR)   Coulomb (SR)   Coul. recip.
    5.85814e+03    1.11622e+05    5.94258e+05   -4.87022e+06    3.42976e+04
      Potential Pressure (bar)   Constr. rmsd
   -4.10892e+06   -1.23518e+03    0.00000e+00

           Step           Time
            105      105.00000

   Energies (kJ/mol)
           Bond            U-B    Proper Dih.  Improper Dih.      CMAP Dih.
    2.56217e+03    5.78661e+03    9.25014e+03    3.49973e+02   -2.67947e+03
          LJ-14     Coulomb-14        LJ (SR)   Coulomb (SR)   Coul. recip.
    5.86176e+03    1.11696e+05    5.94177e+05   -4.87192e+06    3.41780e+04
      Potential Pressure (bar)   Constr. rmsd
   -4.11074e+06   -1.23570e+03    0.00000e+00

           Step           Time
            106      106.00000

   Energies (kJ/mol)
           Bond            U-B    Proper Dih.  Improper Dih.      CMAP Dih.
    3.86917e+03    5.92012e+03    9.25448e+03    3.45123e+02   -2.67988e+03
          LJ-14     Coulomb-14        LJ (SR)   Coulomb (SR)   Coul. recip.
    5.84732e+03    1.11592e+05    5.93944e+05   -4.87357e+06    3.40481e+04
      Potential Pressure (bar)   Constr. rmsd
   -4.11143e+06   -1.23632e+03    0.00000e+00

           Step           Time
            107      107.00000

   Energies (kJ/mol)
           Bond            U-B    Proper Dih.  Improper Dih.      CMAP Dih.
    4.34148e+03    6.00867e+03    9.25428e+03    3.51605e+02   -2.68049e+03
          LJ-14     Coulomb-14        LJ (SR)   Coulomb (SR)   Coul. recip.
    5.85559e+03    1.11702e+05    5.93901e+05   -4.87538e+06    3.39257e+04
      Potential Pressure (bar)   Constr. rmsd
   -4.11272e+06   -1.23644e+03    0.00000e+00

           Step           Time
            108      108.00000

           Step           Time
            109      109.00000

   Energies (kJ/mol)
           Bond            U-B    Proper Dih.  Improper Dih.      CMAP Dih.
    1.24609e+03    5.62771e+03    9.25462e+03    3.45752e+02   -2.68063e+03
          LJ-14     Coulomb-14        LJ (SR)   Coulomb (SR)   Coul. recip.
    5.84255e+03    1.11629e+05    5.93758e+05   -4.87611e+06    3.38622e+04
      Potential Pressure (bar)   Constr. rmsd
   -4.11722e+06   -1.23673e+03    0.00000e+00

           Step           Time
            110      110.00000

   Energies (kJ/mol)
           Bond            U-B    Proper Dih.  Improper Dih.      CMAP Dih.
    5.13867e+03    6.08815e+03    9.26212e+03    3.51476e+02   -2.68241e+03
          LJ-14     Coulomb-14        LJ (SR)   Coulomb (SR)   Coul. recip.
    5.83365e+03    1.11681e+05    5.93328e+05   -4.88283e+06    3.33772e+04
      Potential Pressure (bar)   Constr. rmsd
   -4.12045e+06   -1.23862e+03    0.00000e+00

           Step           Time
            111      111.00000

   Energies (kJ/mol)
           Bond            U-B    Proper Dih.  Improper Dih.      CMAP Dih.
    1.71658e+03    5.66488e+03    9.26309e+03    3.44188e+02   -2.68255e+03
          LJ-14     Coulomb-14        LJ (SR)   Coulomb (SR)   Coul. recip.
    5.81806e+03    1.11587e+05    5.93169e+05   -4.88364e+06    3.33081e+04
      Potential Pressure (bar)   Constr. rmsd
   -4.12545e+06   -1.23895e+03    0.00000e+00

           Step           Time
            112      112.00000

           Step           Time
            113      113.00000

   Energies (kJ/mol)
           Bond            U-B    Proper Dih.  Improper Dih.      CMAP Dih.
    1.96696e+03    5.69909e+03    9.26369e+03    3.46027e+02   -2.68309e+03
          LJ-14     Coulomb-14        LJ (SR)   Coulomb (SR)   Coul. recip.
    5.81877e+03    1.11632e+05    5.93102e+05   -4.88532e+06    3.31924e+04
      Potential Pressure (bar)   Constr. rmsd
   -4.12698e+06   -1.23948e+03    0.00000e+00

           Step           Time
            114      114.00000

   Energies (kJ/mol)
           Bond            U-B    Proper Dih.  Improper Dih.      CMAP Dih.
    2.25511e+03    5.72991e+03    9.26683e+03    3.43235e+02   -2.68345e+03
          LJ-14     Coulomb-14        LJ (SR)   Coulomb (SR)   Coul. recip.
    5.80847e+03    1.11564e+05    5.92957e+05   -4.88674e+06    3.30872e+04
      Potential Pressure (bar)   Constr. rmsd
   -4.12841e+06   -1.23999e+03    0.00000e+00

           Step           Time
            115      115.00000

   Energies (kJ/mol)
           Bond            U-B    Proper Dih.  Improper Dih.      CMAP Dih.
    2.83815e+03    5.79885e+03    9.26717e+03    3.46617e+02   -2.68400e+03
          LJ-14     Coulomb-14        LJ (SR)   Coulomb (SR)   Coul. recip.
    5.81173e+03    1.11631e+05    5.92920e+05   -4.88845e+06    3.29715e+04
      Potential Pressure (bar)   Constr. rmsd
   -4.12955e+06   -1.24052e+03    0.00000e+00

           Step           Time
            116      116.00000

   Energies (kJ/mol)
           Bond            U-B    Proper Dih.  Improper Dih.      CMAP Dih.
    3.36456e+03    5.86309e+03    9.27085e+03    3.42350e+02   -2.68426e+03
          LJ-14     Coulomb-14        LJ (SR)   Coulomb (SR)   Coul. recip.
    5.79904e+03    1.11537e+05    5.92766e+05   -4.88978e+06    3.28724e+04
      Potential Pressure (bar)   Constr. rmsd
   -4.13065e+06   -1.24101e+03    0.00000e+00

           Step           Time
            117      117.00000

   Energies (kJ/mol)
           Bond            U-B    Proper Dih.  Improper Dih.      CMAP Dih.
    4.69801e+03    6.01868e+03    9.27107e+03    3.47969e+02   -2.68488e+03
          LJ-14     Coulomb-14        LJ (SR)   Coulomb (SR)   Coul. recip.
    5.80669e+03    1.11636e+05    5.92768e+05   -4.89154e+06    3.27574e+04
      Potential Pressure (bar)   Constr. rmsd
   -4.13093e+06   -1.24154e+03    0.00000e+00

           Step           Time
            118      118.00000

   Energies (kJ/mol)
           Bond            U-B    Proper Dih.  Improper Dih.      CMAP Dih.
    5.60771e+03    6.14593e+03    9.27542e+03    3.41497e+02   -2.68504e+03
          LJ-14     Coulomb-14        LJ (SR)   Coulomb (SR)   Coul. recip.
    5.79003e+03    1.11502e+05    5.92596e+05   -4.89276e+06    3.26655e+04
      Potential Pressure (bar)   Constr. rmsd
   -4.13152e+06   -1.24169e+03    0.00000e+00

           Step           Time
            119      119.00000

           Step           Time
            120      120.00000

   Energies (kJ/mol)
           Bond            U-B    Proper Dih.  Improper Dih.      CMAP Dih.
    1.30687e+03    5.62632e+03    9.27262e+03    3.43274e+02   -2.68532e+03
          LJ-14     Coulomb-14        LJ (SR)   Coulomb (SR)   Coul. recip.
    5.79194e+03    1.11577e+05    5.92595e+05   -4.89369e+06    3.26008e+04
      Potential Pressure (bar)   Constr. rmsd
   -4.13726e+06   -1.24195e+03    0.00000e+00

           Step           Time
            121      121.00000

           Step           Time
            122      122.00000

   Energies (kJ/mol)
           Bond            U-B    Proper Dih.  Improper Dih.      CMAP Dih.
    3.02595e+03    5.81084e+03    9.27867e+03    3.41230e+02   -2.68611e+03
          LJ-14     Coulomb-14        LJ (SR)   Coulomb (SR)   Coul. recip.
    5.77777e+03    1.11510e+05    5.92402e+05   -4.89704e+06    3.23643e+04
      Potential Pressure (bar)   Constr. rmsd
   -4.13921e+06   -1.24310e+03    0.00000e+00

           Step           Time
            123      123.00000

   Energies (kJ/mol)
           Bond            U-B    Proper Dih.  Improper Dih.      CMAP Dih.
    1.58346e+03    5.64591e+03    9.27749e+03    3.43433e+02   -2.68644e+03
          LJ-14     Coulomb-14        LJ (SR)   Coulomb (SR)   Coul. recip.
    5.77961e+03    1.11573e+05    5.92403e+05   -4.89812e+06    3.22945e+04
      Potential Pressure (bar)   Constr. rmsd
   -4.14191e+06   -1.24342e+03    0.00000e+00

           Step           Time
            124      124.00000

           Step           Time
            125      125.00000

   Energies (kJ/mol)
           Bond            U-B    Proper Dih.  Improper Dih.      CMAP Dih.
    1.53208e+03    5.64294e+03    9.27987e+03    3.41393e+02   -2.68668e+03
          LJ-14     Coulomb-14        LJ (SR)   Coulomb (SR)   Coul. recip.
    5.77272e+03    1.11527e+05    5.92323e+05   -4.89932e+06    3.22087e+04
      Potential Pressure (bar)   Constr. rmsd
   -4.14338e+06   -1.24384e+03    0.00000e+00

           Step           Time
            126      126.00000

   Energies (kJ/mol)
           Bond            U-B    Proper Dih.  Improper Dih.      CMAP Dih.
    1.94272e+03    5.68551e+03    9.28066e+03    3.43259e+02   -2.68715e+03
          LJ-14     Coulomb-14        LJ (SR)   Coulomb (SR)   Coul. recip.
    5.77232e+03    1.11570e+05    5.92300e+05   -4.90103e+06    3.20968e+04
      Potential Pressure (bar)   Constr. rmsd
   -4.14472e+06   -1.24438e+03    0.00000e+00

           Step           Time
            127      127.00000

   Energies (kJ/mol)
           Bond            U-B    Proper Dih.  Improper Dih.      CMAP Dih.
    1.93771e+03    5.68787e+03    9.28351e+03    3.40582e+02   -2.68739e+03
          LJ-14     Coulomb-14        LJ (SR)   Coulomb (SR)   Coul. recip.
    5.76403e+03    1.11506e+05    5.92213e+05   -4.90221e+06    3.20112e+04
      Potential Pressure (bar)   Constr. rmsd
   -4.14615e+06   -1.24480e+03    0.00000e+00

           Step           Time
            128      128.00000

   Energies (kJ/mol)
           Bond            U-B    Proper Dih.  Improper Dih.      CMAP Dih.
    2.67254e+03    5.76952e+03    9.28390e+03    3.43511e+02   -2.68788e+03
          LJ-14     Coulomb-14        LJ (SR)   Coulomb (SR)   Coul. recip.
    5.76588e+03    1.11571e+05    5.92220e+05   -4.90389e+06    3.19054e+04
      Potential Pressure (bar)   Constr. rmsd
   -4.14704e+06   -1.24503e+03    0.00000e+00

           Step           Time
            129      129.00000

   Energies (kJ/mol)
           Bond            U-B    Proper Dih.  Improper Dih.      CMAP Dih.
    2.78492e+03    5.78325e+03    9.28736e+03    3.39775e+02   -2.68808e+03
          LJ-14     Coulomb-14        LJ (SR)   Coulomb (SR)   Coul. recip.
    5.75565e+03    1.11480e+05    5.92120e+05   -4.90502e+06    3.18212e+04
      Potential Pressure (bar)   Constr. rmsd
   -4.14834e+06   -1.24545e+03    0.00000e+00

           Step           Time
            130      130.00000

   Energies (kJ/mol)
           Bond            U-B    Proper Dih.  Improper Dih.      CMAP Dih.
    4.18681e+03    5.95343e+03    9.28745e+03    3.44495e+02   -2.68863e+03
          LJ-14     Coulomb-14        LJ (SR)   Coulomb (SR)   Coul. recip.
    5.76089e+03    1.11577e+05    5.92164e+05   -4.90671e+06    3.17199e+04
      Potential Pressure (bar)   Constr. rmsd
   -4.14840e+06   -1.24595e+03    0.00000e+00

           Step           Time
            131      131.00000

   Energies (kJ/mol)
           Bond            U-B    Proper Dih.  Improper Dih.      CMAP Dih.
    4.53219e+03    5.98249e+03    9.29154e+03    3.38985e+02   -2.68877e+03
          LJ-14     Coulomb-14        LJ (SR)   Coulomb (SR)   Coul. recip.
    5.74766e+03    1.11448e+05    5.92044e+05   -4.90777e+06    3.16383e+04
      Potential Pressure (bar)   Constr. rmsd
   -4.14943e+06   -1.24637e+03    0.00000e+00

           Step           Time
            132      132.00000

           Step           Time
            133      133.00000

   Energies (kJ/mol)
           Bond            U-B    Proper Dih.  Improper Dih.      CMAP Dih.
    1.33040e+03    5.61877e+03    9.28919e+03    3.40528e+02   -2.68899e+03
          LJ-14     Coulomb-14        LJ (SR)   Coulomb (SR)   Coul. recip.
    5.74903e+03    1.11521e+05    5.92067e+05   -4.90864e+06    3.15836e+04
      Potential Pressure (bar)   Constr. rmsd
   -4.15383e+06   -1.24661e+03    0.00000e+00

           Step           Time
            134      134.00000

           Step           Time
            135      135.00000

   Energies (kJ/mol)
           Bond            U-B    Proper Dih.  Improper Dih.      CMAP Dih.
    2.20955e+03    5.71618e+03    9.29366e+03    3.38952e+02   -2.68951e+03
          LJ-14     Coulomb-14        LJ (SR)   Coulomb (SR)   Coul. recip.
    5.73922e+03    1.11465e+05    5.91996e+05   -4.91099e+06    3.14232e+04
      Potential Pressure (bar)   Constr. rmsd
   -4.15550e+06   -1.24742e+03    0.00000e+00

           Step           Time
            136      136.00000

   Energies (kJ/mol)
           Bond            U-B    Proper Dih.  Improper Dih.      CMAP Dih.
    1.66329e+03    5.64634e+03    9.29306e+03    3.40725e+02   -2.68982e+03
          LJ-14     Coulomb-14        LJ (SR)   Coulomb (SR)   Coul. recip.
    5.74006e+03    1.11521e+05    5.92019e+05   -4.91212e+06    3.13552e+04
      Potential Pressure (bar)   Constr. rmsd
   -4.15723e+06   -1.24775e+03    0.00000e+00

           Step           Time
            137      137.00000

   Energies (kJ/mol)
           Bond            U-B    Proper Dih.  Improper Dih.      CMAP Dih.
    2.93975e+03    5.79455e+03    9.29748e+03    3.38305e+02   -2.69018e+03
          LJ-14     Coulomb-14        LJ (SR)   Coulomb (SR)   Coul. recip.
    5.73134e+03    1.11442e+05    5.91955e+05   -4.91379e+06    3.12397e+04
      Potential Pressure (bar)   Constr. rmsd
   -4.15774e+06   -1.24803e+03    0.00000e+00

           Step           Time
            138      138.00000

   Energies (kJ/mol)
           Bond            U-B    Proper Dih.  Improper Dih.      CMAP Dih.
    2.35321e+03    5.72574e+03    9.29630e+03    3.40968e+02   -2.69052e+03
          LJ-14     Coulomb-14        LJ (SR)   Coulomb (SR)   Coul. recip.
    5.73363e+03    1.11524e+05    5.92001e+05   -4.91502e+06    3.11675e+04
      Potential Pressure (bar)   Constr. rmsd
   -4.15957e+06   -1.24838e+03    0.00000e+00

           Step           Time
            139      139.00000

           Step           Time
            140      140.00000

   Energies (kJ/mol)
           Bond            U-B    Proper Dih.  Improper Dih.      CMAP Dih.
    1.34797e+03    5.61748e+03    9.29803e+03    3.38571e+02   -2.69063e+03
          LJ-14     Coulomb-14        LJ (SR)   Coulomb (SR)   Coul. recip.
    5.72748e+03    1.11469e+05    5.91955e+05   -4.91573e+06    3.11152e+04
      Potential Pressure (bar)   Constr. rmsd
   -4.16155e+06   -1.24864e+03    0.00000e+00

           Step           Time
            141      141.00000

   Energies (kJ/mol)
           Bond            U-B    Proper Dih.  Improper Dih.      CMAP Dih.
    3.16235e+03    5.81314e+03    9.30061e+03    3.41103e+02   -2.69138e+03
          LJ-14     Coulomb-14        LJ (SR)   Coulomb (SR)   Coul. recip.
    5.72473e+03    1.11523e+05    5.92000e+05   -4.91872e+06    3.09300e+04
      Potential Pressure (bar)   Constr. rmsd
   -4.16262e+06   -1.24900e+03    0.00000e+00

           Step           Time
            142      142.00000

   Energies (kJ/mol)
           Bond            U-B    Proper Dih.  Improper Dih.      CMAP Dih.
    1.71429e+03    5.65783e+03    9.30280e+03    3.37601e+02   -2.69148e+03
          LJ-14     Coulomb-14        LJ (SR)   Coulomb (SR)   Coul. recip.
    5.71675e+03    1.11443e+05    5.91939e+05   -4.91946e+06    3.08726e+04
      Potential Pressure (bar)   Constr. rmsd
   -4.16517e+06   -1.24928e+03    0.00000e+00

           Step           Time
            143      143.00000

           Step           Time
            144      144.00000

   Energies (kJ/mol)
           Bond            U-B    Proper Dih.  Improper Dih.      CMAP Dih.
    1.53216e+03    5.62767e+03    9.30271e+03    3.38805e+02   -2.69176e+03
          LJ-14     Coulomb-14        LJ (SR)   Coulomb (SR)   Coul. recip.
    5.71649e+03    1.11485e+05    5.91971e+05   -4.92058e+06    3.08061e+04
      Potential Pressure (bar)   Constr. rmsd
   -4.16649e+06   -1.24962e+03    0.00000e+00

           Step           Time
            145      145.00000

   Energies (kJ/mol)
           Bond            U-B    Proper Dih.  Improper Dih.      CMAP Dih.
    2.15183e+03    5.70586e+03    9.30625e+03    3.37040e+02   -2.69209e+03
          LJ-14     Coulomb-14        LJ (SR)   Coulomb (SR)   Coul. recip.
    5.70943e+03    1.11424e+05    5.91945e+05   -4.92207e+06    3.07058e+04
      Potential Pressure (bar)   Constr. rmsd
   -4.16748e+06   -1.25014e+03    0.00000e+00

           Step           Time
            146      146.00000

   Energies (kJ/mol)
           Bond            U-B    Proper Dih.  Improper Dih.      CMAP Dih.
    1.97866e+03    5.67503e+03    9.30566e+03    3.38928e+02   -2.69240e+03
          LJ-14     Coulomb-14        LJ (SR)   Coulomb (SR)   Coul. recip.
    5.71026e+03    1.11486e+05    5.91997e+05   -4.92327e+06    3.06367e+04
      Potential Pressure (bar)   Constr. rmsd
   -4.16883e+06   -1.25050e+03    0.00000e+00

           Step           Time
            147      147.00000

   Energies (kJ/mol)
           Bond            U-B    Proper Dih.  Improper Dih.      CMAP Dih.
    2.99580e+03    5.79830e+03    9.30980e+03    3.36428e+02   -2.69268e+03
          LJ-14     Coulomb-14        LJ (SR)   Coulomb (SR)   Coul. recip.
    5.70255e+03    1.11401e+05    5.91962e+05   -4.92457e+06    3.05468e+04
      Potential Pressure (bar)   Constr. rmsd
   -4.16921e+06   -1.25097e+03    0.00000e+00

           Step           Time
            148      148.00000

   Energies (kJ/mol)
           Bond            U-B    Proper Dih.  Improper Dih.      CMAP Dih.
    2.93057e+03    5.78600e+03    9.30861e+03    3.39386e+02   -2.69302e+03
          LJ-14     Coulomb-14        LJ (SR)   Coulomb (SR)   Coul. recip.
    5.70507e+03    1.11491e+05    5.92042e+05   -4.92585e+06    3.04766e+04
      Potential Pressure (bar)   Constr. rmsd
   -4.17047e+06   -1.25134e+03    0.00000e+00

           Step           Time
            149      149.00000

           Step           Time
            150      150.00000

   Energies (kJ/mol)
           Bond            U-B    Proper Dih.  Improper Dih.      CMAP Dih.
    1.30943e+03    5.60964e+03    9.31009e+03    3.36711e+02   -2.69309e+03
          LJ-14     Coulomb-14        LJ (SR)   Coulomb (SR)   Coul. recip.
    5.69905e+03    1.11432e+05    5.92003e+05   -4.92643e+06    3.04319e+04
      Potential Pressure (bar)   Constr. rmsd
   -4.17299e+06   -1.25156e+03    0.00000e+00

           Step           Time
            151      151.00000

   Energies (kJ/mol)
           Bond            U-B    Proper Dih.  Improper Dih.      CMAP Dih.
    3.67759e+03    5.86085e+03    9.31368e+03    3.39264e+02   -2.69399e+03
          LJ-14     Coulomb-14        LJ (SR)   Coulomb (SR)   Coul. recip.
    5.69428e+03    1.11486e+05    5.92132e+05   -4.93019e+06    3.02070e+04
      Potential Pressure (bar)   Constr. rmsd
   -4.17418e+06   -1.25274e+03    0.00000e+00

           Step           Time
            152      152.00000

   Energies (kJ/mol)
           Bond            U-B    Proper Dih.  Improper Dih.      CMAP Dih.
    1.64865e+03    5.64669e+03    9.31566e+03    3.35661e+02   -2.69407e+03
          LJ-14     Coulomb-14        LJ (SR)   Coulomb (SR)   Coul. recip.
    5.68689e+03    1.11403e+05    5.92082e+05   -4.93082e+06    3.01569e+04
      Potential Pressure (bar)   Constr. rmsd
   -4.17724e+06   -1.25300e+03    0.00000e+00

           Step           Time
            153      153.00000

           Step           Time
            154      154.00000

   Energies (kJ/mol)
           Bond            U-B    Proper Dih.  Improper Dih.      CMAP Dih.
    1.69240e+03    5.63876e+03    9.31564e+03    3.36856e+02   -2.69435e+03
          LJ-14     Coulomb-14        LJ (SR)   Coulomb (SR)   Coul. recip.
    5.68644e+03    1.11446e+05    5.92142e+05   -4.93201e+06    3.00889e+04
      Potential Pressure (bar)   Constr. rmsd
   -4.17836e+06   -1.25336e+03    0.00000e+00

           Step           Time
            155      155.00000

   Energies (kJ/mol)
           Bond            U-B    Proper Dih.  Improper Dih.      CMAP Dih.
    2.06207e+03    5.69361e+03    9.31880e+03    3.35156e+02   -2.69461e+03
          LJ-14     Coulomb-14        LJ (SR)   Coulomb (SR)   Coul. recip.
    5.68053e+03    1.11385e+05    5.92140e+05   -4.93319e+06    3.00108e+04
      Potential Pressure (bar)   Constr. rmsd
   -4.17926e+06   -1.25344e+03    0.00000e+00

           Step           Time
            156      156.00000

   Energies (kJ/mol)
           Bond            U-B    Proper Dih.  Improper Dih.      CMAP Dih.
    2.24518e+03    5.69831e+03    9.31830e+03    3.37035e+02   -2.69491e+03
          LJ-14     Coulomb-14        LJ (SR)   Coulomb (SR)   Coul. recip.
    5.68117e+03    1.11448e+05    5.92221e+05   -4.93444e+06    2.99425e+04
      Potential Pressure (bar)   Constr. rmsd
   -4.18024e+06   -1.25381e+03    0.00000e+00

           Step           Time
            157      157.00000

   Energies (kJ/mol)
           Bond            U-B    Proper Dih.  Improper Dih.      CMAP Dih.
    2.89515e+03    5.78665e+03    9.32209e+03    3.34581e+02   -2.69515e+03
          LJ-14     Coulomb-14        LJ (SR)   Coulomb (SR)   Coul. recip.
    5.67440e+03    1.11361e+05    5.92208e+05   -4.93551e+06    2.98684e+04
      Potential Pressure (bar)   Constr. rmsd
   -4.18076e+06   -1.25420e+03    0.00000e+00

           Step           Time
            158      158.00000

   Energies (kJ/mol)
           Bond            U-B    Proper Dih.  Improper Dih.      CMAP Dih.
    3.45049e+03    5.83835e+03    9.32102e+03    3.37608e+02   -2.69548e+03
          LJ-14     Coulomb-14        LJ (SR)   Coulomb (SR)   Coul. recip.
    5.67678e+03    1.11456e+05    5.92318e+05   -4.93683e+06    2.98007e+04
      Potential Pressure (bar)   Constr. rmsd
   -4.18133e+06   -1.25458e+03    0.00000e+00

           Step           Time
            159      159.00000

           Step           Time
            160      160.00000

   Energies (kJ/mol)
           Bond            U-B    Proper Dih.  Improper Dih.      CMAP Dih.
    1.27259e+03    5.60208e+03    9.32227e+03    3.34886e+02   -2.69553e+03
          LJ-14     Coulomb-14        LJ (SR)   Coulomb (SR)   Coul. recip.
    5.67118e+03    1.11395e+05    5.92287e+05   -4.93731e+06    2.97621e+04
      Potential Pressure (bar)   Constr. rmsd
   -4.18436e+06   -1.25477e+03    0.00000e+00

           Step           Time
            161      161.00000

   Energies (kJ/mol)
           Bond            U-B    Proper Dih.  Improper Dih.      CMAP Dih.
    4.02378e+03    5.88286e+03    9.32808e+03    3.37046e+02   -2.69681e+03
          LJ-14     Coulomb-14        LJ (SR)   Coulomb (SR)   Coul. recip.
    5.66105e+03    1.11443e+05    5.92582e+05   -4.94298e+06    2.94304e+04
      Potential Pressure (bar)   Constr. rmsd
   -4.18699e+06   -1.25637e+03    0.00000e+00

           Step           Time
            162      162.00000

   Energies (kJ/mol)
           Bond            U-B    Proper Dih.  Improper Dih.      CMAP Dih.
    1.55087e+03    5.63023e+03    9.32987e+03    3.33615e+02   -2.69687e+03
          LJ-14     Coulomb-14        LJ (SR)   Coulomb (SR)   Coul. recip.
    5.65471e+03    1.11362e+05    5.92546e+05   -4.94351e+06    2.93873e+04
      Potential Pressure (bar)   Constr. rmsd
   -4.19042e+06   -1.25658e+03    0.00000e+00

           Step           Time
            163      163.00000

           Step           Time
            164      164.00000

   Energies (kJ/mol)
           Bond            U-B    Proper Dih.  Improper Dih.      CMAP Dih.
    1.84567e+03    5.64793e+03    9.33003e+03    3.34672e+02   -2.69716e+03
          LJ-14     Coulomb-14        LJ (SR)   Coulomb (SR)   Coul. recip.
    5.65394e+03    1.11402e+05    5.92638e+05   -4.94480e+06    2.93166e+04
      Potential Pressure (bar)   Constr. rmsd
   -4.19133e+06   -1.25698e+03    0.00000e+00

           Step           Time
            165      165.00000

   Energies (kJ/mol)
           Bond            U-B    Proper Dih.  Improper Dih.      CMAP Dih.
    1.89238e+03    5.67201e+03    9.33270e+03    3.33105e+02   -2.69738e+03
          LJ-14     Coulomb-14        LJ (SR)   Coulomb (SR)   Coul. recip.
    5.64919e+03    1.11344e+05    5.92656e+05   -4.94574e+06    2.92556e+04
      Potential Pressure (bar)   Constr. rmsd
   -4.19230e+06   -1.25731e+03    0.00000e+00

           Step           Time
            166      166.00000

   Energies (kJ/mol)
           Bond            U-B    Proper Dih.  Improper Dih.      CMAP Dih.
    2.46223e+03    5.71432e+03    9.33241e+03    3.34823e+02   -2.69767e+03
          LJ-14     Coulomb-14        LJ (SR)   Coulomb (SR)   Coul. recip.
    5.64938e+03    1.11404e+05    5.92768e+05   -4.94704e+06    2.91875e+04
      Potential Pressure (bar)   Constr. rmsd
   -4.19289e+06   -1.25769e+03    0.00000e+00

           Step           Time
            167      167.00000

   Energies (kJ/mol)
           Bond            U-B    Proper Dih.  Improper Dih.      CMAP Dih.
    2.62070e+03    5.75646e+03    9.33569e+03    3.32559e+02   -2.69789e+03
          LJ-14     Coulomb-14        LJ (SR)   Coulomb (SR)   Coul. recip.
    5.64373e+03    1.11322e+05    5.92774e+05   -4.94793e+06    2.91272e+04
      Potential Pressure (bar)   Constr. rmsd
   -4.19372e+06   -1.25803e+03    0.00000e+00

           Step           Time
            168      168.00000

           Step           Time
            169      169.00000

   Energies (kJ/mol)
           Bond            U-B    Proper Dih.  Improper Dih.      CMAP Dih.
    1.30026e+03    5.59628e+03    9.33454e+03    3.33342e+02   -2.69799e+03
          LJ-14     Coulomb-14        LJ (SR)   Coulomb (SR)   Coul. recip.
    5.64361e+03    1.11368e+05    5.92834e+05   -4.94860e+06    2.90922e+04
      Potential Pressure (bar)   Constr. rmsd
   -4.19579e+06   -1.25822e+03    0.00000e+00

           Step           Time
            170      170.00000

   Energies (kJ/mol)
           Bond            U-B    Proper Dih.  Improper Dih.      CMAP Dih.
    3.72529e+03    5.87171e+03    9.34204e+03    3.31810e+02   -2.69899e+03
          LJ-14     Coulomb-14        LJ (SR)   Coulomb (SR)   Coul. recip.
    5.63148e+03    1.11292e+05    5.93081e+05   -4.95286e+06    2.88401e+04
      Potential Pressure (bar)   Constr. rmsd
   -4.19744e+06   -1.25987e+03    0.00000e+00

           Step           Time
            171      171.00000

   Energies (kJ/mol)
           Bond            U-B    Proper Dih.  Improper Dih.      CMAP Dih.
    1.58836e+03    5.61867e+03    9.33983e+03    3.33062e+02   -2.69907e+03
          LJ-14     Coulomb-14        LJ (SR)   Coulomb (SR)   Coul. recip.
    5.63181e+03    1.11364e+05    5.93166e+05   -4.95365e+06    2.88018e+04
      Potential Pressure (bar)   Constr. rmsd
   -4.20051e+06   -1.26008e+03    0.00000e+00

           Step           Time
            172      172.00000

           Step           Time
            173      173.00000

   Energies (kJ/mol)
           Bond            U-B    Proper Dih.  Improper Dih.      CMAP Dih.
    1.81102e+03    5.66169e+03    9.34246e+03    3.31737e+02   -2.69933e+03
          LJ-14     Coulomb-14        LJ (SR)   Coulomb (SR)   Coul. recip.
    5.62788e+03    1.11313e+05    5.93215e+05   -4.95468e+06    2.87372e+04
      Potential Pressure (bar)   Constr. rmsd
   -4.20134e+06   -1.26045e+03    0.00000e+00

           Step           Time
            174      174.00000

   Energies (kJ/mol)
           Bond            U-B    Proper Dih.  Improper Dih.      CMAP Dih.
    1.98205e+03    5.65942e+03    9.34197e+03    3.32962e+02   -2.69953e+03
          LJ-14     Coulomb-14        LJ (SR)   Coulomb (SR)   Coul. recip.
    5.62731e+03    1.11366e+05    5.93327e+05   -4.95580e+06    2.86812e+04
      Potential Pressure (bar)   Constr. rmsd
   -4.20219e+06   -1.26078e+03    0.00000e+00

           Step           Time
            175      175.00000

   Energies (kJ/mol)
           Bond            U-B    Proper Dih.  Improper Dih.      CMAP Dih.
    2.38131e+03    5.72636e+03    9.34517e+03    3.31211e+02   -2.69980e+03
          LJ-14     Coulomb-14        LJ (SR)   Coulomb (SR)   Coul. recip.
    5.62296e+03    1.11294e+05    5.93364e+05   -4.95676e+06    2.86192e+04
      Potential Pressure (bar)   Constr. rmsd
   -4.20277e+06   -1.26113e+03    0.00000e+00

           Step           Time
            176      176.00000

   Energies (kJ/mol)
           Bond            U-B    Proper Dih.  Improper Dih.      CMAP Dih.
    2.82568e+03    5.75280e+03    9.34407e+03    3.33149e+02   -2.69999e+03
          LJ-14     Coulomb-14        LJ (SR)   Coulomb (SR)   Coul. recip.
    5.62321e+03    1.11373e+05    5.93500e+05   -4.95793e+06    2.85640e+04
      Potential Pressure (bar)   Constr. rmsd
   -4.20332e+06   -1.26146e+03    0.00000e+00

           Step           Time
            177      177.00000

   Energies (kJ/mol)
           Bond            U-B    Proper Dih.  Improper Dih.      CMAP Dih.
    3.55068e+03    5.85446e+03    9.34812e+03    3.30691e+02   -2.70029e+03
          LJ-14     Coulomb-14        LJ (SR)   Coulomb (SR)   Coul. recip.
    5.61825e+03    1.11269e+05    5.93518e+05   -4.95880e+06    2.85038e+04
      Potential Pressure (bar)   Constr. rmsd
   -4.20350e+06   -1.26180e+03    0.00000e+00

           Step           Time
            178      178.00000

           Step           Time
            179      179.00000

   Energies (kJ/mol)
           Bond            U-B    Proper Dih.  Improper Dih.      CMAP Dih.
    1.29308e+03    5.59590e+03    9.34619e+03    3.31394e+02   -2.70032e+03
          LJ-14     Coulomb-14        LJ (SR)   Coulomb (SR)   Coul. recip.
    5.61790e+03    1.11328e+05    5.93588e+05   -4.95942e+06    2.84742e+04
      Potential Pressure (bar)   Constr. rmsd
   -4.20655e+06   -1.26197e+03    0.00000e+00

           Step           Time
            180      180.00000

   Energies (kJ/mol)
           Bond            U-B    Proper Dih.  Improper Dih.      CMAP Dih.
    3.88944e+03    5.88543e+03    9.35515e+03    3.30062e+02   -2.70159e+03
          LJ-14     Coulomb-14        LJ (SR)   Coulomb (SR)   Coul. recip.
    5.60352e+03    1.11247e+05    5.94041e+05   -4.96490e+06    2.81614e+04
      Potential Pressure (bar)   Constr. rmsd
   -4.20909e+06   -1.26379e+03    0.00000e+00

           Step           Time
            181      181.00000

   Energies (kJ/mol)
           Bond            U-B    Proper Dih.  Improper Dih.      CMAP Dih.
    1.58960e+03    5.61020e+03    9.35257e+03    3.31126e+02   -2.70161e+03
          LJ-14     Coulomb-14        LJ (SR)   Coulomb (SR)   Coul. recip.
    5.60330e+03    1.11325e+05    5.94136e+05   -4.96565e+06    2.81300e+04
      Potential Pressure (bar)   Constr. rmsd
   -4.21228e+06   -1.26398e+03    0.00000e+00

           Step           Time
            182      182.00000

           Step           Time
            183      183.00000

   Energies (kJ/mol)
           Bond            U-B    Proper Dih.  Improper Dih.      CMAP Dih.
    1.81481e+03    5.66136e+03    9.35518e+03    3.29874e+02   -2.70188e+03
          LJ-14     Coulomb-14        LJ (SR)   Coulomb (SR)   Coul. recip.
    5.60053e+03    1.11272e+05    5.94206e+05   -4.96663e+06    2.80699e+04
      Potential Pressure (bar)   Constr. rmsd
   -4.21302e+06   -1.26433e+03    0.00000e+00

           Step           Time
            184      184.00000

   Energies (kJ/mol)
           Bond            U-B    Proper Dih.  Improper Dih.      CMAP Dih.
    1.90812e+03    5.64674e+03    9.35440e+03    3.30858e+02   -2.70201e+03
          LJ-14     Coulomb-14        LJ (SR)   Coulomb (SR)   Coul. recip.
    5.59942e+03    1.11326e+05    5.94331e+05   -4.96765e+06    2.80229e+04
      Potential Pressure (bar)   Constr. rmsd
   -4.21384e+06   -1.26463e+03    0.00000e+00

           Step           Time
            185      185.00000

   Energies (kJ/mol)
           Bond            U-B    Proper Dih.  Improper Dih.      CMAP Dih.
    2.36193e+03    5.72210e+03    9.35760e+03    3.29369e+02   -2.70232e+03
          LJ-14     Coulomb-14        LJ (SR)   Coulomb (SR)   Coul. recip.
    5.59631e+03    1.11253e+05    5.94391e+05   -4.96858e+06    2.79633e+04
      Potential Pressure (bar)   Constr. rmsd
   -4.21430e+06   -1.26497e+03    0.00000e+00

           Step           Time
            186      186.00000

   Energies (kJ/mol)
           Bond            U-B    Proper Dih.  Improper Dih.      CMAP Dih.
    2.56741e+03    5.72153e+03    9.35622e+03    3.30874e+02   -2.70241e+03
          LJ-14     Coulomb-14        LJ (SR)   Coulomb (SR)   Coul. recip.
    5.59553e+03    1.11331e+05    5.94536e+05   -4.96965e+06    2.79182e+04
      Potential Pressure (bar)   Constr. rmsd
   -4.21499e+06   -1.26527e+03    0.00000e+00

           Step           Time
            187      187.00000

           Step           Time
            188      188.00000

   Energies (kJ/mol)
           Bond            U-B    Proper Dih.  Improper Dih.      CMAP Dih.
    1.30821e+03    5.60026e+03    9.35770e+03    3.29436e+02   -2.70257e+03
          LJ-14     Coulomb-14        LJ (SR)   Coulomb (SR)   Coul. recip.
    5.59338e+03    1.11280e+05    5.94549e+05   -4.97007e+06    2.78867e+04
      Potential Pressure (bar)   Constr. rmsd
   -4.21687e+06   -1.26543e+03    0.00000e+00

           Step           Time
            189      189.00000

   Energies (kJ/mol)
           Bond            U-B    Proper Dih.  Improper Dih.      CMAP Dih.
    3.35547e+03    5.79598e+03    9.36074e+03    3.30644e+02   -2.70331e+03
          LJ-14     Coulomb-14        LJ (SR)   Coulomb (SR)   Coul. recip.
    5.58568e+03    1.11330e+05    5.95021e+05   -4.97415e+06    2.76794e+04
      Potential Pressure (bar)   Constr. rmsd
   -4.21840e+06   -1.26672e+03    0.00000e+00

           Step           Time
            190      190.00000

   Energies (kJ/mol)
           Bond            U-B    Proper Dih.  Improper Dih.      CMAP Dih.
    1.49260e+03    5.62344e+03    9.36265e+03    3.28550e+02   -2.70352e+03
          LJ-14     Coulomb-14        LJ (SR)   Coulomb (SR)   Coul. recip.
    5.58324e+03    1.11256e+05    5.95024e+05   -4.97459e+06    2.76432e+04
      Potential Pressure (bar)   Constr. rmsd
   -4.22099e+06   -1.26691e+03    0.00000e+00

           Step           Time
            191      191.00000

           Step           Time
            192      192.00000

   Energies (kJ/mol)
           Bond            U-B    Proper Dih.  Improper Dih.      CMAP Dih.
    1.73149e+03    5.62762e+03    9.36251e+03    3.29180e+02   -2.70366e+03
          LJ-14     Coulomb-14        LJ (SR)   Coulomb (SR)   Coul. recip.
    5.58152e+03    1.11294e+05    5.95167e+05   -4.97571e+06    2.75912e+04
      Potential Pressure (bar)   Constr. rmsd
   -4.22173e+06   -1.26724e+03    0.00000e+00

           Step           Time
            193      193.00000

   Energies (kJ/mol)
           Bond            U-B    Proper Dih.  Improper Dih.      CMAP Dih.
    1.74549e+03    5.65402e+03    9.36481e+03    3.28166e+02   -2.70392e+03
          LJ-14     Coulomb-14        LJ (SR)   Coulomb (SR)   Coul. recip.
    5.57917e+03    1.11241e+05    5.95234e+05   -4.97650e+06    2.75423e+04
      Potential Pressure (bar)   Constr. rmsd
   -4.22251e+06   -1.26753e+03    0.00000e+00

           Step           Time
            194      194.00000

   Energies (kJ/mol)
           Bond            U-B    Proper Dih.  Improper Dih.      CMAP Dih.
    2.14586e+03    5.67073e+03    9.36418e+03    3.29168e+02   -2.70402e+03
          LJ-14     Coulomb-14        LJ (SR)   Coulomb (SR)   Coul. recip.
    5.57775e+03    1.11297e+05    5.95389e+05   -4.97760e+06    2.74942e+04
      Potential Pressure (bar)   Constr. rmsd
   -4.22304e+06   -1.26785e+03    0.00000e+00

           Step           Time
            195      195.00000

   Energies (kJ/mol)
           Bond            U-B    Proper Dih.  Improper Dih.      CMAP Dih.
    2.28713e+03    5.71464e+03    9.36711e+03    3.27750e+02   -2.70433e+03
          LJ-14     Coulomb-14        LJ (SR)   Coulomb (SR)   Coul. recip.
    5.57529e+03    1.11222e+05    5.95447e+05   -4.97837e+06    2.74437e+04
      Potential Pressure (bar)   Constr. rmsd
   -4.22369e+06   -1.26814e+03    0.00000e+00

           Step           Time
            196      196.00000

   Energies (kJ/mol)
           Bond            U-B    Proper Dih.  Improper Dih.      CMAP Dih.
    2.94526e+03    5.76170e+03    9.36583e+03    3.29283e+02   -2.70438e+03
          LJ-14     Coulomb-14        LJ (SR)   Coulomb (SR)   Coul. recip.
    5.57421e+03    1.11304e+05    5.95620e+05   -4.97948e+06    2.73994e+04
      Potential Pressure (bar)   Constr. rmsd
   -4.22389e+06   -1.26845e+03    0.00000e+00

           Step           Time
            197      197.00000

   Energies (kJ/mol)
           Bond            U-B    Proper Dih.  Improper Dih.      CMAP Dih.
    3.45610e+03    5.83726e+03    9.36961e+03    3.27318e+02   -2.70475e+03
          LJ-14     Coulomb-14        LJ (SR)   Coulomb (SR)   Coul. recip.
    5.57159e+03    1.11197e+05    5.95663e+05   -4.98020e+06    2.73471e+04
      Potential Pressure (bar)   Constr. rmsd
   -4.22414e+06   -1.26875e+03    0.00000e+00

           Step           Time
            198      198.00000

           Step           Time
            199      199.00000

   Energies (kJ/mol)
           Bond            U-B    Proper Dih.  Improper Dih.      CMAP Dih.
    1.31964e+03    5.59669e+03    9.36770e+03    3.27808e+02   -2.70472e+03
          LJ-14     Coulomb-14        LJ (SR)   Coulomb (SR)   Coul. recip.
    5.57060e+03    1.11257e+05    5.95747e+05   -4.98078e+06    2.73245e+04
      Potential Pressure (bar)   Constr. rmsd
   -4.22697e+06   -1.26890e+03    0.00000e+00

           Step           Time
            200      200.00000

   Energies (kJ/mol)
           Bond            U-B    Proper Dih.  Improper Dih.      CMAP Dih.
    3.89822e+03    5.88635e+03    9.37507e+03    3.26835e+02   -2.70576e+03
          LJ-14     Coulomb-14        LJ (SR)   Coulomb (SR)   Coul. recip.
    5.56007e+03    1.11180e+05    5.96311e+05   -4.98534e+06    2.70814e+04
      Potential Pressure (bar)   Constr. rmsd
   -4.22843e+06   -1.27042e+03    0.00000e+00

           Step           Time
            201      201.00000

   Energies (kJ/mol)
           Bond            U-B    Proper Dih.  Improper Dih.      CMAP Dih.
    1.63795e+03    5.61144e+03    9.37239e+03    3.27685e+02   -2.70571e+03
          LJ-14     Coulomb-14        LJ (SR)   Coulomb (SR)   Coul. recip.
    5.55901e+03    1.11260e+05    5.96422e+05   -4.98604e+06    2.70572e+04
      Potential Pressure (bar)   Constr. rmsd
   -4.23150e+06   -1.27060e+03    0.00000e+00

           Step           Time
            202      202.00000

           Step           Time
            203      203.00000

   Energies (kJ/mol)
           Bond            U-B    Proper Dih.  Improper Dih.      CMAP Dih.
    1.82741e+03    5.66332e+03    9.37479e+03    3.26617e+02   -2.70598e+03
          LJ-14     Coulomb-14        LJ (SR)   Coulomb (SR)   Coul. recip.
    5.55752e+03    1.11206e+05    5.96515e+05   -4.98689e+06    2.70066e+04
      Potential Pressure (bar)   Constr. rmsd
   -4.23212e+06   -1.27090e+03    0.00000e+00

           Step           Time
            204      204.00000

   Energies (kJ/mol)
           Bond            U-B    Proper Dih.  Improper Dih.      CMAP Dih.
    1.97398e+03    5.65032e+03    9.37384e+03    3.27401e+02   -2.70603e+03
          LJ-14     Coulomb-14        LJ (SR)   Coulomb (SR)   Coul. recip.
    5.55575e+03    1.11262e+05    5.96666e+05   -4.98785e+06    2.69684e+04
      Potential Pressure (bar)   Constr. rmsd
   -4.23277e+06   -1.27118e+03    0.00000e+00

           Step           Time
            205      205.00000

   Energies (kJ/mol)
           Bond            U-B    Proper Dih.  Improper Dih.      CMAP Dih.
    2.39286e+03    5.72481e+03    9.37682e+03    3.26192e+02   -2.70635e+03
          LJ-14     Coulomb-14        LJ (SR)   Coulomb (SR)   Coul. recip.
    5.55417e+03    1.11188e+05    5.96749e+05   -4.98865e+06    2.69170e+04
      Potential Pressure (bar)   Constr. rmsd
   -4.23313e+06   -1.27103e+03    0.00000e+00

           Step           Time
            206      206.00000

   Energies (kJ/mol)
           Bond            U-B    Proper Dih.  Improper Dih.      CMAP Dih.
    2.66735e+03    5.73105e+03    9.37525e+03    3.27377e+02   -2.70634e+03
          LJ-14     Coulomb-14        LJ (SR)   Coulomb (SR)   Coul. recip.
    5.55240e+03    1.11269e+05    5.96921e+05   -4.98965e+06    2.68817e+04
      Potential Pressure (bar)   Constr. rmsd
   -4.23363e+06   -1.27111e+03    0.00000e+00

           Step           Time
            207      207.00000

           Step           Time
            208      208.00000

   Energies (kJ/mol)
           Bond            U-B    Proper Dih.  Improper Dih.      CMAP Dih.
    1.32598e+03    5.60186e+03    9.37666e+03    3.26189e+02   -2.70653e+03
          LJ-14     Coulomb-14        LJ (SR)   Coulomb (SR)   Coul. recip.
    5.55135e+03    1.11217e+05    5.96944e+05   -4.99002e+06    2.68533e+04
      Potential Pressure (bar)   Constr. rmsd
   -4.23553e+06   -1.27126e+03    0.00000e+00

           Step           Time
            209      209.00000

   Energies (kJ/mol)
           Bond            U-B    Proper Dih.  Improper Dih.      CMAP Dih.
    3.55516e+03    5.81398e+03    9.37902e+03    3.27210e+02   -2.70711e+03
          LJ-14     Coulomb-14        LJ (SR)   Coulomb (SR)   Coul. recip.
    5.54345e+03    1.11272e+05    5.97553e+05   -4.99400e+06    2.66693e+04
      Potential Pressure (bar)   Constr. rmsd
   -4.23659e+06   -1.27252e+03    0.00000e+00

           Step           Time
            210      210.00000

   Energies (kJ/mol)
           Bond            U-B    Proper Dih.  Improper Dih.      CMAP Dih.
    1.50832e+03    5.62587e+03    9.38089e+03    3.25399e+02   -2.70738e+03
          LJ-14     Coulomb-14        LJ (SR)   Coulomb (SR)   Coul. recip.
    5.54251e+03    1.11194e+05    5.97563e+05   -4.99437e+06    2.66361e+04
      Potential Pressure (bar)   Constr. rmsd
   -4.23930e+06   -1.27268e+03    0.00000e+00

           Step           Time
            211      211.00000

           Step           Time
            212      212.00000

   Energies (kJ/mol)
           Bond            U-B    Proper Dih.  Improper Dih.      CMAP Dih.
    1.79982e+03    5.63197e+03    9.38053e+03    3.25886e+02   -2.70745e+03
          LJ-14     Coulomb-14        LJ (SR)   Coulomb (SR)   Coul. recip.
    5.54047e+03    1.11235e+05    5.97735e+05   -4.99543e+06    2.65927e+04
      Potential Pressure (bar)   Constr. rmsd
   -4.23989e+06   -1.27270e+03    0.00000e+00

           Step           Time
            213      213.00000

   Energies (kJ/mol)
           Bond            U-B    Proper Dih.  Improper Dih.      CMAP Dih.
    1.77395e+03    5.65814e+03    9.38265e+03    3.25045e+02   -2.70772e+03
          LJ-14     Coulomb-14        LJ (SR)   Coulomb (SR)   Coul. recip.
    5.53923e+03    1.11180e+05    5.97818e+05   -4.99611e+06    2.65506e+04
      Potential Pressure (bar)   Constr. rmsd
   -4.24059e+06   -1.27295e+03    0.00000e+00

           Step           Time
            214      214.00000

   Energies (kJ/mol)
           Bond            U-B    Proper Dih.  Improper Dih.      CMAP Dih.
    2.24895e+03    5.67987e+03    9.38179e+03    3.25858e+02   -2.70773e+03
          LJ-14     Coulomb-14        LJ (SR)   Coulomb (SR)   Coul. recip.
    5.53719e+03    1.11240e+05    5.98000e+05   -4.99715e+06    2.65114e+04
      Potential Pressure (bar)   Constr. rmsd
   -4.24094e+06   -1.27328e+03    0.00000e+00

           Step           Time
            215      215.00000

   Energies (kJ/mol)
           Bond            U-B    Proper Dih.  Improper Dih.      CMAP Dih.
    2.35238e+03    5.72172e+03    9.38456e+03    3.24680e+02   -2.70806e+03
          LJ-14     Coulomb-14        LJ (SR)   Coulomb (SR)   Coul. recip.
    5.53611e+03    1.11161e+05    5.98074e+05   -4.99781e+06    2.64670e+04
      Potential Pressure (bar)   Constr. rmsd
   -4.24150e+06   -1.27354e+03    0.00000e+00

           Step           Time
            216      216.00000

           Step           Time
            217      217.00000

   Energies (kJ/mol)
           Bond            U-B    Proper Dih.  Improper Dih.      CMAP Dih.
    1.33681e+03    5.59555e+03    9.38336e+03    3.25003e+02   -2.70803e+03
          LJ-14     Coulomb-14        LJ (SR)   Coulomb (SR)   Coul. recip.
    5.53481e+03    1.11205e+05    5.98164e+05   -4.99834e+06    2.64481e+04
      Potential Pressure (bar)   Constr. rmsd
   -4.24306e+06   -1.27341e+03    0.00000e+00

           Step           Time
            218      218.00000

   Energies (kJ/mol)
           Bond            U-B    Proper Dih.  Improper Dih.      CMAP Dih.
    2.70721e+03    5.76053e+03    9.38796e+03    3.24220e+02   -2.70875e+03
          LJ-14     Coulomb-14        LJ (SR)   Coulomb (SR)   Coul. recip.
    5.52861e+03    1.11147e+05    5.98660e+05   -5.00157e+06    2.62862e+04
      Potential Pressure (bar)   Constr. rmsd
   -4.24448e+06   -1.27448e+03    0.00000e+00

           Step           Time
            219      219.00000

   Energies (kJ/mol)
           Bond            U-B    Proper Dih.  Improper Dih.      CMAP Dih.
    1.53097e+03    5.60589e+03    9.38625e+03    3.24715e+02   -2.70869e+03
          LJ-14     Coulomb-14        LJ (SR)   Coulomb (SR)   Coul. recip.
    5.52706e+03    1.11207e+05    5.98776e+05   -5.00220e+06    2.62657e+04
      Potential Pressure (bar)   Constr. rmsd
   -4.24629e+06   -1.27465e+03    0.00000e+00

           Step           Time
            220      220.00000

           Step           Time
            221      221.00000

   Energies (kJ/mol)
           Bond            U-B    Proper Dih.  Improper Dih.      CMAP Dih.
    1.57885e+03    5.63511e+03    9.38797e+03    3.24078e+02   -2.70892e+03
          LJ-14     Coulomb-14        LJ (SR)   Coulomb (SR)   Coul. recip.
    5.52600e+03    1.11167e+05    5.98884e+05   -5.00295e+06    2.62240e+04
      Potential Pressure (bar)   Constr. rmsd
   -4.24693e+06   -1.27492e+03    0.00000e+00

           Step           Time
            222      222.00000

   Energies (kJ/mol)
           Bond            U-B    Proper Dih.  Improper Dih.      CMAP Dih.
    1.74795e+03    5.62702e+03    9.38739e+03    3.24524e+02   -2.70895e+03
          LJ-14     Coulomb-14        LJ (SR)   Coulomb (SR)   Coul. recip.
    5.52397e+03    1.11209e+05    5.99049e+05   -5.00387e+06    2.61888e+04
      Potential Pressure (bar)   Constr. rmsd
   -4.24752e+06   -1.27519e+03    0.00000e+00

           Step           Time
            223      223.00000

   Energies (kJ/mol)
           Bond            U-B    Proper Dih.  Improper Dih.      CMAP Dih.
    1.87925e+03    5.67023e+03    9.38956e+03    3.23738e+02   -2.70923e+03
          LJ-14     Coulomb-14        LJ (SR)   Coulomb (SR)   Coul. recip.
    5.52309e+03    1.11153e+05    5.99150e+05   -5.00459e+06    2.61461e+04
      Potential Pressure (bar)   Constr. rmsd
   -4.24806e+06   -1.27545e+03    0.00000e+00

           Step           Time
            224      224.00000

   Energies (kJ/mol)
           Bond            U-B    Proper Dih.  Improper Dih.      CMAP Dih.
    2.17852e+03    5.67303e+03    9.38844e+03    3.24437e+02   -2.70921e+03
          LJ-14     Coulomb-14        LJ (SR)   Coulomb (SR)   Coul. recip.
    5.52086e+03    1.11215e+05    5.99328e+05   -5.00552e+06    2.61136e+04
      Potential Pressure (bar)   Constr. rmsd
   -4.24849e+06   -1.27571e+03    0.00000e+00

           Step           Time
            225      225.00000

   Energies (kJ/mol)
           Bond            U-B    Proper Dih.  Improper Dih.      CMAP Dih.
    2.52065e+03    5.73848e+03    9.39125e+03    3.23396e+02   -2.70954e+03
          LJ-14     Coulomb-14        LJ (SR)   Coulomb (SR)   Coul. recip.
    5.52033e+03    1.11135e+05    5.99417e+05   -5.00620e+06    2.60691e+04
      Potential Pressure (bar)   Constr. rmsd
   -4.24880e+06   -1.27598e+03    0.00000e+00

           Step           Time
            226      226.00000

   Energies (kJ/mol)
           Bond            U-B    Proper Dih.  Improper Dih.      CMAP Dih.
    3.02033e+03    5.77472e+03    9.38949e+03    3.24462e+02   -2.70945e+03
          LJ-14     Coulomb-14        LJ (SR)   Coulomb (SR)   Coul. recip.
    5.51784e+03    1.11224e+05    5.99615e+05   -5.00718e+06    2.60405e+04
      Potential Pressure (bar)   Constr. rmsd
   -4.24898e+06   -1.27624e+03    0.00000e+00

           Step           Time
            227      227.00000

           Step           Time
            228      228.00000

   Energies (kJ/mol)
           Bond            U-B    Proper Dih.  Improper Dih.      CMAP Dih.
    1.33694e+03    5.60376e+03    9.39079e+03    3.23360e+02   -2.70966e+03
          LJ-14     Coulomb-14        LJ (SR)   Coulomb (SR)   Coul. recip.
    5.51753e+03    1.11167e+05    5.99637e+05   -5.00749e+06    2.60146e+04
      Potential Pressure (bar)   Constr. rmsd
   -4.25120e+06   -1.27637e+03    0.00000e+00

           Step           Time
            229      229.00000

   Energies (kJ/mol)
           Bond            U-B    Proper Dih.  Improper Dih.      CMAP Dih.
    4.23535e+03    5.88331e+03    9.39310e+03    3.24513e+02   -2.71022e+03
          LJ-14     Coulomb-14        LJ (SR)   Coulomb (SR)   Coul. recip.
    5.50813e+03    1.11231e+05    6.00487e+05   -5.01208e+06    2.58184e+04
      Potential Pressure (bar)   Constr. rmsd
   -4.25191e+06   -1.27693e+03    0.00000e+00

           Step           Time
            230      230.00000

   Energies (kJ/mol)
           Bond            U-B    Proper Dih.  Improper Dih.      CMAP Dih.
    1.51920e+03    5.62826e+03    9.39484e+03    3.22575e+02   -2.71052e+03
          LJ-14     Coulomb-14        LJ (SR)   Coulomb (SR)   Coul. recip.
    5.50829e+03    1.11144e+05    6.00487e+05   -5.01238e+06    2.57875e+04
      Potential Pressure (bar)   Constr. rmsd
   -4.25530e+06   -1.27707e+03    0.00000e+00

           Step           Time
            231      231.00000

           Step           Time
            232      232.00000

   Energies (kJ/mol)
           Bond            U-B    Proper Dih.  Improper Dih.      CMAP Dih.
    1.98020e+03    5.64857e+03    9.39433e+03    3.22977e+02   -2.71053e+03
          LJ-14     Coulomb-14        LJ (SR)   Coulomb (SR)   Coul. recip.
    5.50593e+03    1.11189e+05    6.00695e+05   -5.01345e+06    2.57480e+04
      Potential Pressure (bar)   Constr. rmsd
   -4.25568e+06   -1.27739e+03    0.00000e+00

           Step           Time
            233      233.00000

   Energies (kJ/mol)
           Bond            U-B    Proper Dih.  Improper Dih.      CMAP Dih.
    1.82790e+03    5.66587e+03    9.39629e+03    3.22203e+02   -2.71081e+03
          LJ-14     Coulomb-14        LJ (SR)   Coulomb (SR)   Coul. recip.
    5.50557e+03    1.11129e+05    6.00781e+05   -5.01403e+06    2.57118e+04
      Potential Pressure (bar)   Constr. rmsd
   -4.25640e+06   -1.27761e+03    0.00000e+00

           Step           Time
            234      234.00000

   Energies (kJ/mol)
           Bond            U-B    Proper Dih.  Improper Dih.      CMAP Dih.
    2.53656e+03    5.71143e+03    9.39523e+03    3.22955e+02   -2.71075e+03
          LJ-14     Coulomb-14        LJ (SR)   Coulomb (SR)   Coul. recip.
    5.50303e+03    1.11195e+05    6.00992e+05   -5.01505e+06    2.56787e+04
      Potential Pressure (bar)   Constr. rmsd
   -4.25643e+06   -1.27790e+03    0.00000e+00

           Step           Time
            235      235.00000

   Energies (kJ/mol)
           Bond            U-B    Proper Dih.  Improper Dih.      CMAP Dih.
    2.50960e+03    5.73937e+03    9.39787e+03    3.21857e+02   -2.71110e+03
          LJ-14     Coulomb-14        LJ (SR)   Coulomb (SR)   Coul. recip.
    5.50306e+03    1.11109e+05    6.01068e+05   -5.01561e+06    2.56393e+04
      Potential Pressure (bar)   Constr. rmsd
   -4.25703e+06   -1.27754e+03    0.00000e+00

           Step           Time
            236      236.00000

           Step           Time
            237      237.00000

   Energies (kJ/mol)
           Bond            U-B    Proper Dih.  Improper Dih.      CMAP Dih.
    1.37359e+03    5.59963e+03    9.39652e+03    3.22128e+02   -2.71104e+03
          LJ-14     Coulomb-14        LJ (SR)   Coulomb (SR)   Coul. recip.
    5.50140e+03    1.11158e+05    6.01170e+05   -5.01612e+06    2.56240e+04
      Potential Pressure (bar)   Constr. rmsd
   -4.25869e+06   -1.27767e+03    0.00000e+00

           Step           Time
            238      238.00000

   Energies (kJ/mol)
           Bond            U-B    Proper Dih.  Improper Dih.      CMAP Dih.
    2.97077e+03    5.78892e+03    9.40022e+03    3.21484e+02   -2.71159e+03
          LJ-14     Coulomb-14        LJ (SR)   Coulomb (SR)   Coul. recip.
    5.49749e+03    1.11097e+05    6.01622e+05   -5.01858e+06    2.55063e+04
      Potential Pressure (bar)   Constr. rmsd
   -4.25908e+06   -1.27813e+03    0.00000e+00

           Step           Time
            239      239.00000

   Energies (kJ/mol)
           Bond            U-B    Proper Dih.  Improper Dih.      CMAP Dih.
    1.62598e+03    5.61592e+03    9.39829e+03    3.21936e+02   -2.71149e+03
          LJ-14     Coulomb-14        LJ (SR)   Coulomb (SR)   Coul. recip.
    5.49546e+03    1.11164e+05    6.01750e+05   -5.01919e+06    2.54898e+04
      Potential Pressure (bar)   Constr. rmsd
   -4.26104e+06   -1.27829e+03    0.00000e+00

           Step           Time
            240      240.00000

           Step           Time
            241      241.00000

   Energies (kJ/mol)
           Bond            U-B    Proper Dih.  Improper Dih.      CMAP Dih.
    1.62600e+03    5.64238e+03    9.39988e+03    3.21346e+02   -2.71170e+03
          LJ-14     Coulomb-14        LJ (SR)   Coulomb (SR)   Coul. recip.
    5.49502e+03    1.11120e+05    6.01860e+05   -5.01983e+06    2.54542e+04
      Potential Pressure (bar)   Constr. rmsd
   -4.26162e+06   -1.27852e+03    0.00000e+00

           Step           Time
            242      242.00000

   Energies (kJ/mol)
           Bond            U-B    Proper Dih.  Improper Dih.      CMAP Dih.
    1.90961e+03    5.64407e+03    9.39913e+03    3.21773e+02   -2.71169e+03
          LJ-14     Coulomb-14        LJ (SR)   Coulomb (SR)   Coul. recip.
    5.49267e+03    1.11168e+05    6.02049e+05   -5.02074e+06    2.54240e+04
      Potential Pressure (bar)   Constr. rmsd
   -4.26204e+06   -1.27878e+03    0.00000e+00

           Step           Time
            243      243.00000

   Energies (kJ/mol)
           Bond            U-B    Proper Dih.  Improper Dih.      CMAP Dih.
    1.98581e+03    5.68366e+03    9.40119e+03    3.21028e+02   -2.71197e+03
          LJ-14     Coulomb-14        LJ (SR)   Coulomb (SR)   Coul. recip.
    5.49260e+03    1.11106e+05    6.02151e+05   -5.02135e+06    2.53864e+04
      Potential Pressure (bar)   Constr. rmsd
   -4.26253e+06   -1.27901e+03    0.00000e+00

           Step           Time
            244      244.00000

   Energies (kJ/mol)
           Bond            U-B    Proper Dih.  Improper Dih.      CMAP Dih.
    2.45978e+03    5.70564e+03    9.39992e+03    3.21705e+02   -2.71190e+03
          LJ-14     Coulomb-14        LJ (SR)   Coulomb (SR)   Coul. recip.
    5.48990e+03    1.11175e+05    6.02352e+05   -5.02227e+06    2.53597e+04
      Potential Pressure (bar)   Constr. rmsd
   -4.26272e+06   -1.27897e+03    0.00000e+00

           Step           Time
            245      245.00000

   Energies (kJ/mol)
           Bond            U-B    Proper Dih.  Improper Dih.      CMAP Dih.
    2.77523e+03    5.76545e+03    9.40264e+03    3.20710e+02   -2.71224e+03
          LJ-14     Coulomb-14        LJ (SR)   Coulomb (SR)   Coul. recip.
    5.49037e+03    1.11087e+05    6.02442e+05   -5.02285e+06    2.53195e+04
      Potential Pressure (bar)   Constr. rmsd
   -4.26296e+06   -1.27921e+03    0.00000e+00

           Step           Time
            246      246.00000

           Step           Time
            247      247.00000

   Energies (kJ/mol)
           Bond            U-B    Proper Dih.  Improper Dih.      CMAP Dih.
    1.35472e+03    5.60001e+03    9.40119e+03    3.20909e+02   -2.71216e+03
          LJ-14     Coulomb-14        LJ (SR)   Coulomb (SR)   Coul. recip.
    5.48857e+03    1.11137e+05    6.02540e+05   -5.02332e+06    2.53067e+04
      Potential Pressure (bar)   Constr. rmsd
   -4.26489e+06   -1.27933e+03    0.00000e+00

           Step           Time
            248      248.00000

   Energies (kJ/mol)
           Bond            U-B    Proper Dih.  Improper Dih.      CMAP Dih.
    3.17672e+03    5.81310e+03    9.40557e+03    3.20233e+02   -2.71286e+03
          LJ-14     Coulomb-14        LJ (SR)   Coulomb (SR)   Coul. recip.
    5.48264e+03    1.11075e+05    6.03259e+05   -5.02693e+06    2.51420e+04
      Potential Pressure (bar)   Constr. rmsd
   -4.26597e+06   -1.28052e+03    0.00000e+00

           Step           Time
            249      249.00000

   Energies (kJ/mol)
           Bond            U-B    Proper Dih.  Improper Dih.      CMAP Dih.
    1.59572e+03    5.61001e+03    9.40352e+03    3.20662e+02   -2.71276e+03
          LJ-14     Coulomb-14        LJ (SR)   Coulomb (SR)   Coul. recip.
    5.48043e+03    1.11143e+05    6.03385e+05   -5.02752e+06    2.51289e+04
      Potential Pressure (bar)   Constr. rmsd
   -4.26816e+06   -1.28067e+03    0.00000e+00

           Step           Time
            250      250.00000

           Step           Time
            251      251.00000

   Energies (kJ/mol)
           Bond            U-B    Proper Dih.  Improper Dih.      CMAP Dih.
    1.71137e+03    5.65258e+03    9.40515e+03    3.20012e+02   -2.71297e+03
          LJ-14     Coulomb-14        LJ (SR)   Coulomb (SR)   Coul. recip.
    5.48042e+03    1.11098e+05    6.03514e+05   -5.02820e+06    2.50919e+04
      Potential Pressure (bar)   Constr. rmsd
   -4.26864e+06   -1.28069e+03    0.00000e+00

           Step           Time
            252      252.00000

   Energies (kJ/mol)
           Bond            U-B    Proper Dih.  Improper Dih.      CMAP Dih.
    1.85221e+03    5.63833e+03    9.40424e+03    3.20377e+02   -2.71294e+03
          LJ-14     Coulomb-14        LJ (SR)   Coulomb (SR)   Coul. recip.
    5.47797e+03    1.11146e+05    6.03691e+05   -5.02900e+06    2.50677e+04
      Potential Pressure (bar)   Constr. rmsd
   -4.26911e+06   -1.28092e+03    0.00000e+00

           Step           Time
            253      253.00000

   Energies (kJ/mol)
           Bond            U-B    Proper Dih.  Improper Dih.      CMAP Dih.
    2.12613e+03    5.69824e+03    9.40634e+03    3.19712e+02   -2.71321e+03
          LJ-14     Coulomb-14        LJ (SR)   Coulomb (SR)   Coul. recip.
    5.47829e+03    1.11084e+05    6.03811e+05   -5.02964e+06    2.50293e+04
      Potential Pressure (bar)   Constr. rmsd
   -4.26940e+06   -1.28077e+03    0.00000e+00

           Step           Time
            254      254.00000

   Energies (kJ/mol)
           Bond            U-B    Proper Dih.  Improper Dih.      CMAP Dih.
    2.38012e+03    5.69927e+03    9.40493e+03    3.20262e+02   -2.71313e+03
          LJ-14     Coulomb-14        LJ (SR)   Coulomb (SR)   Coul. recip.
    5.47533e+03    1.11154e+05    6.04004e+05   -5.03048e+06    2.50079e+04
      Potential Pressure (bar)   Constr. rmsd
   -4.26975e+06   -1.28099e+03    0.00000e+00

           Step           Time
            255      255.00000

           Step           Time
            256      256.00000

   Energies (kJ/mol)
           Bond            U-B    Proper Dih.  Improper Dih.      CMAP Dih.
    1.35424e+03    5.60562e+03    9.40601e+03    3.19627e+02   -2.71329e+03
          LJ-14     Coulomb-14        LJ (SR)   Coulomb (SR)   Coul. recip.
    5.47570e+03    1.11109e+05    6.04047e+05   -5.03078e+06    2.49863e+04
      Potential Pressure (bar)   Constr. rmsd
   -4.27118e+06   -1.28111e+03    0.00000e+00

           Step           Time
            257      257.00000

   Energies (kJ/mol)
           Bond            U-B    Proper Dih.  Improper Dih.      CMAP Dih.
    3.07797e+03    5.76250e+03    9.40709e+03    3.19995e+02   -2.71365e+03
          LJ-14     Coulomb-14        LJ (SR)   Coulomb (SR)   Coul. recip.
    5.46833e+03    1.11159e+05    6.04821e+05   -5.03429e+06    2.48513e+04
      Potential Pressure (bar)   Constr. rmsd
   -4.27214e+06   -1.28184e+03    0.00000e+00

           Step           Time
            258      258.00000

   Energies (kJ/mol)
           Bond            U-B    Proper Dih.  Improper Dih.      CMAP Dih.
    1.48101e+03    5.62423e+03    9.40856e+03    3.18965e+02   -2.71387e+03
          LJ-14     Coulomb-14        LJ (SR)   Coulomb (SR)   Coul. recip.
    5.46930e+03    1.11092e+05    6.04853e+05   -5.03459e+06    2.48251e+04
      Potential Pressure (bar)   Constr. rmsd
   -4.27423e+06   -1.28198e+03    0.00000e+00

           Step           Time
            259      259.00000

           Step           Time
            260      260.00000

   Energies (kJ/mol)
           Bond            U-B    Proper Dih.  Improper Dih.      CMAP Dih.
    1.73522e+03    5.62638e+03    9.40811e+03    3.19157e+02   -2.71388e+03
          LJ-14     Coulomb-14        LJ (SR)   Coulomb (SR)   Coul. recip.
    5.46693e+03    1.11128e+05    6.05057e+05   -5.03549e+06    2.47953e+04
      Potential Pressure (bar)   Constr. rmsd
   -4.27467e+06   -1.28224e+03    0.00000e+00

           Step           Time
            261      261.00000

   Energies (kJ/mol)
           Bond            U-B    Proper Dih.  Improper Dih.      CMAP Dih.
    1.67680e+03    5.64897e+03    9.40961e+03    3.18680e+02   -2.71409e+03
          LJ-14     Coulomb-14        LJ (SR)   Coulomb (SR)   Coul. recip.
    5.46710e+03    1.11080e+05    6.05166e+05   -5.03604e+06    2.47641e+04
      Potential Pressure (bar)   Constr. rmsd
   -4.27523e+06   -1.28245e+03    0.00000e+00

           Step           Time
            262      262.00000

   Energies (kJ/mol)
           Bond            U-B    Proper Dih.  Improper Dih.      CMAP Dih.
    2.08542e+03    5.66342e+03    9.40874e+03    3.19064e+02   -2.71406e+03
          LJ-14     Coulomb-14        LJ (SR)   Coulomb (SR)   Coul. recip.
    5.46438e+03    1.11133e+05    6.05373e+05   -5.03693e+06    2.47384e+04
      Potential Pressure (bar)   Constr. rmsd
   -4.27546e+06   -1.28270e+03    0.00000e+00

           Step           Time
            263      263.00000

   Energies (kJ/mol)
           Bond            U-B    Proper Dih.  Improper Dih.      CMAP Dih.
    2.10974e+03    5.69715e+03    9.41076e+03    3.18406e+02   -2.71432e+03
          LJ-14     Coulomb-14        LJ (SR)   Coulomb (SR)   Coul. recip.
    5.46508e+03    1.11065e+05    6.05473e+05   -5.03746e+06    2.47044e+04
      Potential Pressure (bar)   Constr. rmsd
   -4.27593e+06   -1.28291e+03    0.00000e+00

           Step           Time
            264      264.00000

           Step           Time
            265      265.00000

   Energies (kJ/mol)
           Bond            U-B    Proper Dih.  Improper Dih.      CMAP Dih.
    1.37163e+03    5.60027e+03    9.40981e+03    3.18539e+02   -2.71427e+03
          LJ-14     Coulomb-14        LJ (SR)   Coulomb (SR)   Coul. recip.
    5.46335e+03    1.11104e+05    6.05575e+05   -5.03791e+06    2.46928e+04
      Potential Pressure (bar)   Constr. rmsd
   -4.27709e+06   -1.28303e+03    0.00000e+00

           Step           Time
            266      266.00000

   Energies (kJ/mol)
           Bond            U-B    Proper Dih.  Improper Dih.      CMAP Dih.
    2.41256e+03    5.73080e+03    9.41267e+03    3.18010e+02   -2.71472e+03
          LJ-14     Coulomb-14        LJ (SR)   Coulomb (SR)   Coul. recip.
    5.46015e+03    1.11055e+05    6.06112e+05   -5.04035e+06    2.45857e+04
      Potential Pressure (bar)   Constr. rmsd
   -4.27798e+06   -1.28384e+03    0.00000e+00

           Step           Time
            267      267.00000

   Energies (kJ/mol)
           Bond            U-B    Proper Dih.  Improper Dih.      CMAP Dih.
    1.53238e+03    5.60852e+03    9.41129e+03    3.18258e+02   -2.71466e+03
          LJ-14     Coulomb-14        LJ (SR)   Coulomb (SR)   Coul. recip.
    5.45795e+03    1.11108e+05    6.06239e+05   -5.04089e+06    2.45734e+04
      Potential Pressure (bar)   Constr. rmsd
   -4.27936e+06   -1.28398e+03    0.00000e+00

           Step           Time
            268      268.00000

           Step           Time
            269      269.00000

   Energies (kJ/mol)
           Bond            U-B    Proper Dih.  Improper Dih.      CMAP Dih.
    1.54558e+03    5.63269e+03    9.41253e+03    3.17873e+02   -2.71482e+03
          LJ-14     Coulomb-14        LJ (SR)   Coulomb (SR)   Coul. recip.
    5.45788e+03    1.11074e+05    6.06367e+05   -5.04149e+06    2.45429e+04
      Potential Pressure (bar)   Constr. rmsd
   -4.27986e+06   -1.28400e+03    0.00000e+00

           Step           Time
            270      270.00000

   Energies (kJ/mol)
           Bond            U-B    Proper Dih.  Improper Dih.      CMAP Dih.
    1.71333e+03    5.62535e+03    9.41196e+03    3.18090e+02   -2.71483e+03
          LJ-14     Coulomb-14        LJ (SR)   Coulomb (SR)   Coul. recip.
    5.45557e+03    1.11112e+05    6.06553e+05   -5.04228e+06    2.45189e+04
      Potential Pressure (bar)   Constr. rmsd
   -4.28029e+06   -1.28405e+03    0.00000e+00

           Step           Time
            271      271.00000

   Energies (kJ/mol)
           Bond            U-B    Proper Dih.  Improper Dih.      CMAP Dih.
    1.78018e+03    5.66071e+03    9.41354e+03    3.17624e+02   -2.71503e+03
          LJ-14     Coulomb-14        LJ (SR)   Coulomb (SR)   Coul. recip.
    5.45591e+03    1.11063e+05    6.06674e+05   -5.04286e+06    2.44866e+04
      Potential Pressure (bar)   Constr. rmsd
   -4.28072e+06   -1.28399e+03    0.00000e+00

           Step           Time
            272      272.00000

   Energies (kJ/mol)
           Bond            U-B    Proper Dih.  Improper Dih.      CMAP Dih.
    2.06906e+03    5.66314e+03    9.41259e+03    3.17982e+02   -2.71499e+03
          LJ-14     Coulomb-14        LJ (SR)   Coulomb (SR)   Coul. recip.
    5.45312e+03    1.11118e+05    6.06871e+05   -5.04367e+06    2.44655e+04
      Potential Pressure (bar)   Constr. rmsd
   -4.28101e+06   -1.28421e+03    0.00000e+00

           Step           Time
            273      273.00000

   Energies (kJ/mol)
           Bond            U-B    Proper Dih.  Improper Dih.      CMAP Dih.
    2.29018e+03    5.71519e+03    9.41468e+03    3.17379e+02   -2.71523e+03
          LJ-14     Coulomb-14        LJ (SR)   Coulomb (SR)   Coul. recip.
    5.45410e+03    1.11048e+05    6.06982e+05   -5.04421e+06    2.44309e+04
      Potential Pressure (bar)   Constr. rmsd
   -4.28127e+06   -1.28443e+03    0.00000e+00

           Step           Time
            274      274.00000

   Energies (kJ/mol)
           Bond            U-B    Proper Dih.  Improper Dih.      CMAP Dih.
    2.76225e+03    5.74798e+03    9.41319e+03    3.17933e+02   -2.71514e+03
          LJ-14     Coulomb-14        LJ (SR)   Coulomb (SR)   Coul. recip.
    5.45067e+03    1.11127e+05    6.07195e+05   -5.04505e+06    2.44139e+04
      Potential Pressure (bar)   Constr. rmsd
   -4.28134e+06   -1.28465e+03    0.00000e+00

           Step           Time
            275      275.00000

           Step           Time
            276      276.00000

   Energies (kJ/mol)
           Bond            U-B    Proper Dih.  Improper Dih.      CMAP Dih.
    1.36286e+03    5.60712e+03    9.41422e+03    3.17287e+02   -2.71530e+03
          LJ-14     Coulomb-14        LJ (SR)   Coulomb (SR)   Coul. recip.
    5.45147e+03    1.11077e+05    6.07230e+05   -5.04530e+06    2.43928e+04
      Potential Pressure (bar)   Constr. rmsd
   -4.28316e+06   -1.28476e+03    0.00000e+00

           Step           Time
            277      277.00000

   Energies (kJ/mol)
           Bond            U-B    Proper Dih.  Improper Dih.      CMAP Dih.
    3.80124e+03    5.83707e+03    9.41576e+03    3.17979e+02   -2.71571e+03
          LJ-14     Coulomb-14        LJ (SR)   Coulomb (SR)   Coul. recip.
    5.44249e+03    1.11137e+05    6.08273e+05   -5.04959e+06    2.42378e+04
      Potential Pressure (bar)   Constr. rmsd
   -4.28384e+06   -1.28656e+03    0.00000e+00

           Step           Time
            278      278.00000

   Energies (kJ/mol)
           Bond            U-B    Proper Dih.  Improper Dih.      CMAP Dih.
    1.49458e+03    5.62632e+03    9.41720e+03    3.16631e+02   -2.71593e+03
          LJ-14     Coulomb-14        LJ (SR)   Coulomb (SR)   Coul. recip.
    5.44417e+03    1.11060e+05    6.08286e+05   -5.04982e+06    2.42121e+04
      Potential Pressure (bar)   Constr. rmsd
   -4.28668e+06   -1.28668e+03    0.00000e+00

           Step           Time
            279      279.00000

           Step           Time
            280      280.00000

   Energies (kJ/mol)
           Bond            U-B    Proper Dih.  Improper Dih.      CMAP Dih.
    1.91495e+03    5.64333e+03    9.41673e+03    3.16799e+02   -2.71592e+03
          LJ-14     Coulomb-14        LJ (SR)   Coulomb (SR)   Coul. recip.
    5.44158e+03    1.11100e+05    6.08520e+05   -5.05077e+06    2.41839e+04
      Potential Pressure (bar)   Constr. rmsd
   -4.28695e+06   -1.28696e+03    0.00000e+00

           Step           Time
            281      281.00000

   Energies (kJ/mol)
           Bond            U-B    Proper Dih.  Improper Dih.      CMAP Dih.
    1.73884e+03    5.65678e+03    9.41823e+03    3.16351e+02   -2.71610e+03
          LJ-14     Coulomb-14        LJ (SR)   Coulomb (SR)   Coul. recip.
    5.44233e+03    1.11046e+05    6.08619e+05   -5.05123e+06    2.41557e+04
      Potential Pressure (bar)   Constr. rmsd
   -4.28755e+06   -1.28714e+03    0.00000e+00

           Step           Time
            282      282.00000

           Step           Time
            283      283.00000

   Energies (kJ/mol)
           Bond            U-B    Proper Dih.  Improper Dih.      CMAP Dih.
    1.39578e+03    5.60124e+03    9.41763e+03    3.16449e+02   -2.71609e+03
          LJ-14     Coulomb-14        LJ (SR)   Coulomb (SR)   Coul. recip.
    5.44072e+03    1.11077e+05    6.08728e+05   -5.05168e+06    2.41440e+04
      Potential Pressure (bar)   Constr. rmsd
   -4.28827e+06   -1.28726e+03    0.00000e+00

           Step           Time
            284      284.00000

   Energies (kJ/mol)
           Bond            U-B    Proper Dih.  Improper Dih.      CMAP Dih.
    1.93938e+03    5.67962e+03    9.41952e+03    3.16096e+02   -2.71635e+03
          LJ-14     Coulomb-14        LJ (SR)   Coulomb (SR)   Coul. recip.
    5.43934e+03    1.11038e+05    6.09082e+05   -5.05316e+06    2.40799e+04
      Potential Pressure (bar)   Constr. rmsd
   -4.28888e+06   -1.28776e+03    0.00000e+00

           Step           Time
            285      285.00000

   Energies (kJ/mol)
           Bond            U-B    Proper Dih.  Improper Dih.      CMAP Dih.
    1.52002e+03    5.60910e+03    9.41862e+03    3.16281e+02   -2.71632e+03
          LJ-14     Coulomb-14        LJ (SR)   Coulomb (SR)   Coul. recip.
    5.43727e+03    1.11080e+05    6.09214e+05   -5.05369e+06    2.40676e+04
      Potential Pressure (bar)   Constr. rmsd
   -4.28974e+06   -1.28790e+03    0.00000e+00

           Step           Time
            286      286.00000

           Step           Time
            287      287.00000

   Energies (kJ/mol)
           Bond            U-B    Proper Dih.  Improper Dih.      CMAP Dih.
    1.44318e+03    5.61906e+03    9.41955e+03    3.16012e+02   -2.71644e+03
          LJ-14     Coulomb-14        LJ (SR)   Coulomb (SR)   Coul. recip.
    5.43727e+03    1.11053e+05    6.09326e+05   -5.05417e+06    2.40439e+04
      Potential Pressure (bar)   Constr. rmsd
   -4.29023e+06   -1.28773e+03    0.00000e+00

           Step           Time
            288      288.00000

   Energies (kJ/mol)
           Bond            U-B    Proper Dih.  Improper Dih.      CMAP Dih.
    1.65986e+03    5.62067e+03    9.41931e+03    3.16150e+02   -2.71647e+03
          LJ-14     Coulomb-14        LJ (SR)   Coulomb (SR)   Coul. recip.
    5.43498e+03    1.11083e+05    6.09544e+05   -5.05504e+06    2.40169e+04
      Potential Pressure (bar)   Constr. rmsd
   -4.29066e+06   -1.28799e+03    0.00000e+00

           Step           Time
            289      289.00000

   Energies (kJ/mol)
           Bond            U-B    Proper Dih.  Improper Dih.      CMAP Dih.
    1.56801e+03    5.63584e+03    9.42051e+03    3.15800e+02   -2.71661e+03
          LJ-14     Coulomb-14        LJ (SR)   Coulomb (SR)   Coul. recip.
    5.43538e+03    1.11044e+05    6.09654e+05   -5.05553e+06    2.39908e+04
      Potential Pressure (bar)   Constr. rmsd
   -4.29118e+06   -1.28817e+03    0.00000e+00

           Step           Time
            290      290.00000

   Energies (kJ/mol)
           Bond            U-B    Proper Dih.  Improper Dih.      CMAP Dih.
    1.91980e+03    5.64658e+03    9.41995e+03    3.16053e+02   -2.71661e+03
          LJ-14     Coulomb-14        LJ (SR)   Coulomb (SR)   Coul. recip.
    5.43272e+03    1.11088e+05    6.09870e+05   -5.05637e+06    2.39680e+04
      Potential Pressure (bar)   Constr. rmsd
   -4.29142e+06   -1.28841e+03    0.00000e+00

           Step           Time
            291      291.00000

   Energies (kJ/mol)
           Bond            U-B    Proper Dih.  Improper Dih.      CMAP Dih.
    1.85544e+03    5.66962e+03    9.42154e+03    3.15583e+02   -2.71679e+03
          LJ-14     Coulomb-14        LJ (SR)   Coulomb (SR)   Coul. recip.
    5.43366e+03    1.11032e+05    6.09976e+05   -5.05684e+06    2.39390e+04
      Potential Pressure (bar)   Constr. rmsd
   -4.29191e+06   -1.28859e+03    0.00000e+00

           Step           Time
            292      292.00000

           Step           Time
            293      293.00000

   Energies (kJ/mol)
           Bond            U-B    Proper Dih.  Improper Dih.      CMAP Dih.
    1.38787e+03    5.60186e+03    9.42088e+03    3.15673e+02   -2.71677e+03
          LJ-14     Coulomb-14        LJ (SR)   Coulomb (SR)   Coul. recip.
    5.43200e+03    1.11064e+05    6.10080e+05   -5.05726e+06    2.39292e+04
      Potential Pressure (bar)   Constr. rmsd
   -4.29274e+06   -1.28871e+03    0.00000e+00

           Step           Time
            294      294.00000

   Energies (kJ/mol)
           Bond            U-B    Proper Dih.  Improper Dih.      CMAP Dih.
    2.08012e+03    5.69504e+03    9.42308e+03    3.15312e+02   -2.71706e+03
          LJ-14     Coulomb-14        LJ (SR)   Coulomb (SR)   Coul. recip.
    5.43012e+03    1.11024e+05    6.10542e+05   -5.05912e+06    2.38514e+04
      Potential Pressure (bar)   Constr. rmsd
   -4.29348e+06   -1.28863e+03    0.00000e+00

           Step           Time
            295      295.00000

   Energies (kJ/mol)
           Bond            U-B    Proper Dih.  Improper Dih.      CMAP Dih.
    1.51170e+03    5.60848e+03    9.42211e+03    3.15471e+02   -2.71703e+03
          LJ-14     Coulomb-14        LJ (SR)   Coulomb (SR)   Coul. recip.
    5.42798e+03    1.11068e+05    6.10670e+05   -5.05962e+06    2.38410e+04
      Potential Pressure (bar)   Constr. rmsd
   -4.29447e+06   -1.28846e+03    0.00000e+00

           Step           Time
            296      296.00000

           Step           Time
            297      297.00000

   Energies (kJ/mol)
           Bond            U-B    Proper Dih.  Improper Dih.      CMAP Dih.
    1.48549e+03    5.62493e+03    9.42309e+03    3.15206e+02   -2.71714e+03
          LJ-14     Coulomb-14        LJ (SR)   Coulomb (SR)   Coul. recip.
    5.42806e+03    1.11040e+05    6.10796e+05   -5.06014e+06    2.38160e+04
      Potential Pressure (bar)   Constr. rmsd
   -4.29493e+06   -1.28864e+03    0.00000e+00

           Step           Time
            298      298.00000

   Energies (kJ/mol)
           Bond            U-B    Proper Dih.  Improper Dih.      CMAP Dih.
    1.65162e+03    5.62054e+03    9.42276e+03    3.15349e+02   -2.71717e+03
          LJ-14     Coulomb-14        LJ (SR)   Coulomb (SR)   Coul. recip.
    5.42585e+03    1.11071e+05    6.10994e+05   -5.06091e+06    2.37940e+04
      Potential Pressure (bar)   Constr. rmsd
   -4.29533e+06   -1.28887e+03    0.00000e+00

           Step           Time
            299      299.00000

   Energies (kJ/mol)
           Bond            U-B    Proper Dih.  Improper Dih.      CMAP Dih.
    1.64235e+03    5.64493e+03    9.42402e+03    3.15014e+02   -2.71730e+03
          LJ-14     Coulomb-14        LJ (SR)   Coulomb (SR)   Coul. recip.
    5.42637e+03    1.11030e+05    6.11115e+05   -5.06141e+06    2.37670e+04
      Potential Pressure (bar)   Constr. rmsd
   -4.29577e+06   -1.28906e+03    0.00000e+00

           Step           Time
            300      300.00000

   Energies (kJ/mol)
           Bond            U-B    Proper Dih.  Improper Dih.      CMAP Dih.
    1.92070e+03    5.64784e+03    9.42337e+03    3.15257e+02   -2.71730e+03
          LJ-14     Coulomb-14        LJ (SR)   Coulomb (SR)   Coul. recip.
    5.42369e+03    1.11076e+05    6.11318e+05   -5.06218e+06    2.37479e+04
      Potential Pressure (bar)   Constr. rmsd
   -4.29602e+06   -1.28927e+03    0.00000e+00

           Step           Time
            301      301.00000

   Energies (kJ/mol)
           Bond            U-B    Proper Dih.  Improper Dih.      CMAP Dih.
    1.98999e+03    5.68407e+03    9.42504e+03    3.14820e+02   -2.71746e+03
          LJ-14     Coulomb-14        LJ (SR)   Coulomb (SR)   Coul. recip.
    5.42483e+03    1.11018e+05    6.11432e+05   -5.06267e+06    2.37185e+04
      Potential Pressure (bar)   Constr. rmsd
   -4.29638e+06   -1.28946e+03    0.00000e+00

           Step           Time
            302      302.00000

   Energies (kJ/mol)
           Bond            U-B    Proper Dih.  Improper Dih.      CMAP Dih.
    2.44086e+03    5.70871e+03    9.42398e+03    3.15207e+02   -2.71741e+03
          LJ-14     Coulomb-14        LJ (SR)   Coulomb (SR)   Coul. recip.
    5.42151e+03    1.11084e+05    6.11646e+05   -5.06345e+06    2.37033e+04
      Potential Pressure (bar)   Constr. rmsd
   -4.29642e+06   -1.28967e+03    0.00000e+00

           Step           Time
            303      303.00000

   Energies (kJ/mol)
           Bond            U-B    Proper Dih.  Improper Dih.      CMAP Dih.
    2.75936e+03    5.76105e+03    9.42619e+03    3.14629e+02   -2.71762e+03
          LJ-14     Coulomb-14        LJ (SR)   Coulomb (SR)   Coul. recip.
    5.42355e+03    1.11001e+05    6.11748e+05   -5.06390e+06    2.36705e+04
      Potential Pressure (bar)   Constr. rmsd
   -4.29652e+06   -1.28961e+03    0.00000e+00

           Step           Time
            304      304.00000

           Step           Time
            305      305.00000

   Energies (kJ/mol)
           Bond            U-B    Proper Dih.  Improper Dih.      CMAP Dih.
    1.38632e+03    5.60512e+03    9.42501e+03    3.14688e+02   -2.71758e+03
          LJ-14     Coulomb-14        LJ (SR)   Coulomb (SR)   Coul. recip.
    5.42132e+03    1.11048e+05    6.11850e+05   -5.06431e+06    2.36636e+04
      Potential Pressure (bar)   Constr. rmsd
   -4.29831e+06   -1.28971e+03    0.00000e+00

           Step           Time
            306      306.00000

   Energies (kJ/mol)
           Bond            U-B    Proper Dih.  Improper Dih.      CMAP Dih.
    3.16507e+03    5.81252e+03    9.42860e+03    3.14288e+02   -2.71801e+03
          LJ-14     Coulomb-14        LJ (SR)   Coulomb (SR)   Coul. recip.
    5.41759e+03    1.10993e+05    6.12649e+05   -5.06738e+06    2.35406e+04
      Potential Pressure (bar)   Constr. rmsd
   -4.29878e+06   -1.29069e+03    0.00000e+00

           Step           Time
            307      307.00000

   Energies (kJ/mol)
           Bond            U-B    Proper Dih.  Improper Dih.      CMAP Dih.
    1.62480e+03    5.61457e+03    9.42689e+03    3.14675e+02   -2.71796e+03
          LJ-14     Coulomb-14        LJ (SR)   Coulomb (SR)   Coul. recip.
    5.41482e+03    1.11057e+05    6.12780e+05   -5.06788e+06    2.35342e+04
      Potential Pressure (bar)   Constr. rmsd
   -4.30083e+06   -1.29081e+03    0.00000e+00

           Step           Time
            308      308.00000

           Step           Time
            309      309.00000

   Energies (kJ/mol)
           Bond            U-B    Proper Dih.  Improper Dih.      CMAP Dih.
    1.74191e+03    5.65674e+03    9.42826e+03    3.14131e+02   -2.71807e+03
          LJ-14     Coulomb-14        LJ (SR)   Coulomb (SR)   Coul. recip.
    5.41577e+03    1.11015e+05    6.12920e+05   -5.06844e+06    2.35056e+04
      Potential Pressure (bar)   Constr. rmsd
   -4.30116e+06   -1.29102e+03    0.00000e+00

           Step           Time
            310      310.00000

   Energies (kJ/mol)
           Bond            U-B    Proper Dih.  Improper Dih.      CMAP Dih.
    1.87296e+03    5.64367e+03    9.42753e+03    3.14377e+02   -2.71805e+03
          LJ-14     Coulomb-14        LJ (SR)   Coulomb (SR)   Coul. recip.
    5.41305e+03    1.11061e+05    6.13104e+05   -5.06912e+06    2.34909e+04
      Potential Pressure (bar)   Constr. rmsd
   -4.30151e+06   -1.29120e+03    0.00000e+00

           Step           Time
            311      311.00000

   Energies (kJ/mol)
           Bond            U-B    Proper Dih.  Improper Dih.      CMAP Dih.
    2.16055e+03    5.70147e+03    9.42924e+03    3.13954e+02   -2.71821e+03
          LJ-14     Coulomb-14        LJ (SR)   Coulomb (SR)   Coul. recip.
    5.41443e+03    1.11002e+05    6.13235e+05   -5.06964e+06    2.34600e+04
      Potential Pressure (bar)   Constr. rmsd
   -4.30164e+06   -1.29141e+03    0.00000e+00

           Step           Time
            312      312.00000

   Energies (kJ/mol)
           Bond            U-B    Proper Dih.  Improper Dih.      CMAP Dih.
    2.38841e+03    5.70627e+03    9.42813e+03    3.14270e+02   -2.71817e+03
          LJ-14     Coulomb-14        LJ (SR)   Coulomb (SR)   Coul. recip.
    5.41100e+03    1.11069e+05    6.13435e+05   -5.07035e+06    2.34486e+04
      Potential Pressure (bar)   Constr. rmsd
   -4.30187e+06   -1.29159e+03    0.00000e+00

           Step           Time
            313      313.00000

           Step           Time
            314      314.00000

   Energies (kJ/mol)
           Bond            U-B    Proper Dih.  Improper Dih.      CMAP Dih.
    1.38763e+03    5.61100e+03    9.42899e+03    3.13857e+02   -2.71827e+03
          LJ-14     Coulomb-14        LJ (SR)   Coulomb (SR)   Coul. recip.
    5.41206e+03    1.11027e+05    6.13483e+05   -5.07059e+06    2.34304e+04
      Potential Pressure (bar)   Constr. rmsd
   -4.30321e+06   -1.29118e+03    0.00000e+00

           Step           Time
            315      315.00000

   Energies (kJ/mol)
           Bond            U-B    Proper Dih.  Improper Dih.      CMAP Dih.
    3.06923e+03    5.76966e+03    9.42985e+03    3.14212e+02   -2.71847e+03
          LJ-14     Coulomb-14        LJ (SR)   Coulomb (SR)   Coul. recip.
    5.40586e+03    1.11077e+05    6.14258e+05   -5.07340e+06    2.33411e+04
      Potential Pressure (bar)   Constr. rmsd
   -4.30345e+06   -1.29129e+03    0.00000e+00

           Step           Time
            316      316.00000

   Energies (kJ/mol)
           Bond            U-B    Proper Dih.  Improper Dih.      CMAP Dih.
    1.51809e+03    5.63011e+03    9.43106e+03    3.13465e+02   -2.71860e+03
          LJ-14     Coulomb-14        LJ (SR)   Coulomb (SR)   Coul. recip.
    5.40777e+03    1.11013e+05    6.14293e+05   -5.07363e+06    2.33186e+04
      Potential Pressure (bar)   Constr. rmsd
   -4.30542e+06   -1.29140e+03    0.00000e+00

           Step           Time
            317      317.00000

           Step           Time
            318      318.00000

   Energies (kJ/mol)
           Bond            U-B    Proper Dih.  Improper Dih.      CMAP Dih.
    1.74872e+03    5.63149e+03    9.43072e+03    3.13549e+02   -2.71861e+03
          LJ-14     Coulomb-14        LJ (SR)   Coulomb (SR)   Coul. recip.
    5.40539e+03    1.11048e+05    6.14500e+05   -5.07438e+06    2.32993e+04
      Potential Pressure (bar)   Constr. rmsd
   -4.30572e+06   -1.29162e+03    0.00000e+00

           Step           Time
            319      319.00000

   Energies (kJ/mol)
           Bond            U-B    Proper Dih.  Improper Dih.      CMAP Dih.
    1.71661e+03    5.65459e+03    9.43197e+03    3.13286e+02   -2.71872e+03
          LJ-14     Coulomb-14        LJ (SR)   Coulomb (SR)   Coul. recip.
    5.40630e+03    1.11003e+05    6.14617e+05   -5.07484e+06    2.32742e+04
      Potential Pressure (bar)   Constr. rmsd
   -4.30614e+06   -1.29180e+03    0.00000e+00

           Step           Time
            320      320.00000

   Energies (kJ/mol)
           Bond            U-B    Proper Dih.  Improper Dih.      CMAP Dih.
    2.09059e+03    5.66912e+03    9.43129e+03    3.13496e+02   -2.71871e+03
          LJ-14     Coulomb-14        LJ (SR)   Coulomb (SR)   Coul. recip.
    5.40339e+03    1.11054e+05    6.14828e+05   -5.07558e+06    2.32586e+04
      Potential Pressure (bar)   Constr. rmsd
   -4.30625e+06   -1.29200e+03    0.00000e+00

           Step           Time
            321      321.00000

   Energies (kJ/mol)
           Bond            U-B    Proper Dih.  Improper Dih.      CMAP Dih.
    2.15764e+03    5.70217e+03    9.43296e+03    3.13121e+02   -2.71885e+03
          LJ-14     Coulomb-14        LJ (SR)   Coulomb (SR)   Coul. recip.
    5.40504e+03    1.10990e+05    6.14937e+05   -5.07602e+06    2.32302e+04
      Potential Pressure (bar)   Constr. rmsd
   -4.30657e+06   -1.29142e+03    0.00000e+00

           Step           Time
            322      322.00000

           Step           Time
            323      323.00000

   Energies (kJ/mol)
           Bond            U-B    Proper Dih.  Improper Dih.      CMAP Dih.
    1.39747e+03    5.60597e+03    9.43218e+03    3.13165e+02   -2.71884e+03
          LJ-14     Coulomb-14        LJ (SR)   Coulomb (SR)   Coul. recip.
    5.40312e+03    1.11026e+05    6.15039e+05   -5.07640e+06    2.32237e+04
      Potential Pressure (bar)   Constr. rmsd
   -4.30767e+06   -1.29151e+03    0.00000e+00

           Step           Time
            324      324.00000

   Energies (kJ/mol)
           Bond            U-B    Proper Dih.  Improper Dih.      CMAP Dih.
    2.46212e+03    5.73674e+03    9.43470e+03    3.12845e+02   -2.71911e+03
          LJ-14     Coulomb-14        LJ (SR)   Coulomb (SR)   Coul. recip.
    5.40106e+03    1.10981e+05    6.15645e+05   -5.07861e+06    2.31372e+04
      Potential Pressure (bar)   Constr. rmsd
   -4.30822e+06   -1.29187e+03    0.00000e+00

           Step           Time
            325      325.00000

   Energies (kJ/mol)
           Bond            U-B    Proper Dih.  Improper Dih.      CMAP Dih.
    1.55674e+03    5.61414e+03    9.43358e+03    3.12987e+02   -2.71910e+03
          LJ-14     Coulomb-14        LJ (SR)   Coulomb (SR)   Coul. recip.
    5.39861e+03    1.11032e+05    6.15772e+05   -5.07908e+06    2.31309e+04
      Potential Pressure (bar)   Constr. rmsd
   -4.30954e+06   -1.29199e+03    0.00000e+00

           Step           Time
            326      326.00000

           Step           Time
            327      327.00000

   Energies (kJ/mol)
           Bond            U-B    Proper Dih.  Improper Dih.      CMAP Dih.
    1.58556e+03    5.63919e+03    9.43462e+03    3.12732e+02   -2.71918e+03
          LJ-14     Coulomb-14        LJ (SR)   Coulomb (SR)   Coul. recip.
    5.39914e+03    1.10999e+05    6.15909e+05   -5.07958e+06    2.31065e+04
      Potential Pressure (bar)   Constr. rmsd
   -4.30992e+06   -1.29217e+03    0.00000e+00

           Step           Time
            328      328.00000

   Energies (kJ/mol)
           Bond            U-B    Proper Dih.  Improper Dih.      CMAP Dih.
    1.73451e+03    5.63176e+03    9.43418e+03    3.12864e+02   -2.71919e+03
          LJ-14     Coulomb-14        LJ (SR)   Coulomb (SR)   Coul. recip.
    5.39680e+03    1.11036e+05    6.16096e+05   -5.08024e+06    2.30912e+04
      Potential Pressure (bar)   Constr. rmsd
   -4.31023e+06   -1.29236e+03    0.00000e+00

           Step           Time
            329      329.00000

   Energies (kJ/mol)
           Bond            U-B    Proper Dih.  Improper Dih.      CMAP Dih.
    1.83070e+03    5.66766e+03    9.43548e+03    3.12576e+02   -2.71930e+03
          LJ-14     Coulomb-14        LJ (SR)   Coulomb (SR)   Coul. recip.
    5.39784e+03    1.10989e+05    6.16225e+05   -5.08073e+06    2.30648e+04
      Potential Pressure (bar)   Constr. rmsd
   -4.31052e+06   -1.29255e+03    0.00000e+00

           Step           Time
            330      330.00000

   Energies (kJ/mol)
           Bond            U-B    Proper Dih.  Improper Dih.      CMAP Dih.
    2.08808e+03    5.67120e+03    9.43474e+03    3.12784e+02   -2.71930e+03
          LJ-14     Coulomb-14        LJ (SR)   Coulomb (SR)   Coul. recip.
    5.39486e+03    1.11042e+05    6.16423e+05   -5.08142e+06    2.30524e+04
      Potential Pressure (bar)   Constr. rmsd
   -4.31072e+06   -1.29273e+03    0.00000e+00

           Step           Time
            331      331.00000

   Energies (kJ/mol)
           Bond            U-B    Proper Dih.  Improper Dih.      CMAP Dih.
    2.36333e+03    5.72256e+03    9.43646e+03    3.12429e+02   -2.71942e+03
          LJ-14     Coulomb-14        LJ (SR)   Coulomb (SR)   Coul. recip.
    5.39670e+03    1.10975e+05    6.16541e+05   -5.08186e+06    2.30233e+04
      Potential Pressure (bar)   Constr. rmsd
   -4.31081e+06   -1.29292e+03    0.00000e+00

           Step           Time
            332      332.00000

           Step           Time
            333      333.00000

   Energies (kJ/mol)
           Bond            U-B    Proper Dih.  Improper Dih.      CMAP Dih.
    1.38956e+03    5.60741e+03    9.43564e+03    3.12445e+02   -2.71942e+03
          LJ-14     Coulomb-14        LJ (SR)   Coulomb (SR)   Coul. recip.
    5.39472e+03    1.11013e+05    6.16638e+05   -5.08222e+06    2.30179e+04
      Potential Pressure (bar)   Constr. rmsd
   -4.31213e+06   -1.29301e+03    0.00000e+00

           Step           Time
            334      334.00000

   Energies (kJ/mol)
           Bond            U-B    Proper Dih.  Improper Dih.      CMAP Dih.
    2.63963e+03    5.75928e+03    9.43884e+03    3.12062e+02   -2.71979e+03
          LJ-14     Coulomb-14        LJ (SR)   Coulomb (SR)   Coul. recip.
    5.39083e+03    1.10968e+05    6.17581e+05   -5.08557e+06    2.28937e+04
      Potential Pressure (bar)   Constr. rmsd
   -4.31330e+06   -1.29412e+03    0.00000e+00

           Step           Time
            335      335.00000

   Energies (kJ/mol)
           Bond            U-B    Proper Dih.  Improper Dih.      CMAP Dih.
    1.55439e+03    5.61243e+03    9.43764e+03    3.12245e+02   -2.71979e+03
          LJ-14     Coulomb-14        LJ (SR)   Coulomb (SR)   Coul. recip.
    5.38840e+03    1.11019e+05    6.17706e+05   -5.08601e+06    2.28889e+04
      Potential Pressure (bar)   Constr. rmsd
   -4.31482e+06   -1.29423e+03    0.00000e+00

           Step           Time
            336      336.00000

           Step           Time
            337      337.00000

   Energies (kJ/mol)
           Bond            U-B    Proper Dih.  Improper Dih.      CMAP Dih.
    1.65045e+03    5.64745e+03    9.43872e+03    3.11921e+02   -2.71986e+03
          LJ-14     Coulomb-14        LJ (SR)   Coulomb (SR)   Coul. recip.
    5.38920e+03    1.10985e+05    6.17853e+05   -5.08655e+06    2.28636e+04
      Potential Pressure (bar)   Constr. rmsd
   -4.31513e+06   -1.29442e+03    0.00000e+00

           Step           Time
            338      338.00000

   Energies (kJ/mol)
           Bond            U-B    Proper Dih.  Improper Dih.      CMAP Dih.
    1.72382e+03    5.63192e+03    9.43822e+03    3.12041e+02   -2.71987e+03
          LJ-14     Coulomb-14        LJ (SR)   Coulomb (SR)   Coul. recip.
    5.38683e+03    1.11021e+05    6.18029e+05   -5.08715e+06    2.28512e+04
      Potential Pressure (bar)   Constr. rmsd
   -4.31548e+06   -1.29490e+03    0.00000e+00

           Step           Time
            339      339.00000

   Energies (kJ/mol)
           Bond            U-B    Proper Dih.  Improper Dih.      CMAP Dih.
    1.94593e+03    5.68007e+03    9.43955e+03    3.11780e+02   -2.71997e+03
          LJ-14     Coulomb-14        LJ (SR)   Coulomb (SR)   Coul. recip.
    5.38801e+03    1.10974e+05    6.18168e+05   -5.08765e+06    2.28242e+04
      Potential Pressure (bar)   Constr. rmsd
   -4.31564e+06   -1.29539e+03    0.00000e+00

           Step           Time
            340      340.00000

   Energies (kJ/mol)
           Bond            U-B    Proper Dih.  Improper Dih.      CMAP Dih.
    2.08318e+03    5.67365e+03    9.43876e+03    3.11944e+02   -2.71998e+03
          LJ-14     Coulomb-14        LJ (SR)   Coulomb (SR)   Coul. recip.
    5.38497e+03    1.11027e+05    6.18357e+05   -5.08829e+06    2.28143e+04
      Potential Pressure (bar)   Constr. rmsd
   -4.31592e+06   -1.29556e+03    0.00000e+00

           Step           Time
            341      341.00000

           Step           Time
            342      342.00000

   Energies (kJ/mol)
           Bond            U-B    Proper Dih.  Improper Dih.      CMAP Dih.
    1.39641e+03    5.61345e+03    9.43944e+03    3.11689e+02   -2.72004e+03
          LJ-14     Coulomb-14        LJ (SR)   Coulomb (SR)   Coul. recip.
    5.38595e+03    1.10994e+05    6.18413e+05   -5.08852e+06    2.27986e+04
      Potential Pressure (bar)   Constr. rmsd
   -4.31689e+06   -1.29566e+03    0.00000e+00

           Step           Time
            343      343.00000

   Energies (kJ/mol)
           Bond            U-B    Proper Dih.  Improper Dih.      CMAP Dih.
    2.53201e+03    5.71556e+03    9.44018e+03    3.11791e+02   -2.72025e+03
          LJ-14     Coulomb-14        LJ (SR)   Coulomb (SR)   Coul. recip.
    5.38079e+03    1.11032e+05    6.19117e+05   -5.09091e+06    2.27273e+04
      Potential Pressure (bar)   Constr. rmsd
   -4.31738e+06   -1.29582e+03    0.00000e+00

           Step           Time
            344      344.00000

   Energies (kJ/mol)
           Bond            U-B    Proper Dih.  Improper Dih.      CMAP Dih.
    1.49237e+03    5.62835e+03    9.44112e+03    3.11366e+02   -2.72032e+03
          LJ-14     Coulomb-14        LJ (SR)   Coulomb (SR)   Coul. recip.
    5.38246e+03    1.10982e+05    6.19167e+05   -5.09115e+06    2.27078e+04
      Potential Pressure (bar)   Constr. rmsd
   -4.31875e+06   -1.29637e+03    0.00000e+00

           Step           Time
            345      345.00000

           Step           Time
            346      346.00000

   Energies (kJ/mol)
           Bond            U-B    Proper Dih.  Improper Dih.      CMAP Dih.
    1.63799e+03    5.62503e+03    9.44089e+03    3.11393e+02   -2.72036e+03
          LJ-14     Coulomb-14        LJ (SR)   Coulomb (SR)   Coul. recip.
    5.38039e+03    1.11009e+05    6.19362e+05   -5.09181e+06    2.26917e+04
      Potential Pressure (bar)   Constr. rmsd
   -4.31907e+06   -1.29615e+03    0.00000e+00

           Step           Time
            347      347.00000

   Energies (kJ/mol)
           Bond            U-B    Proper Dih.  Improper Dih.      CMAP Dih.
    1.63171e+03    5.64616e+03    9.44186e+03    3.11225e+02   -2.72043e+03
          LJ-14     Coulomb-14        LJ (SR)   Coulomb (SR)   Coul. recip.
    5.38116e+03    1.10974e+05    6.19486e+05   -5.09225e+06    2.26692e+04
      Potential Pressure (bar)   Constr. rmsd
   -4.31943e+06   -1.29663e+03    0.00000e+00

           Step           Time
            348      348.00000

   Energies (kJ/mol)
           Bond            U-B    Proper Dih.  Improper Dih.      CMAP Dih.
    1.87507e+03    5.64986e+03    9.44140e+03    3.11326e+02   -2.72047e+03
          LJ-14     Coulomb-14        LJ (SR)   Coulomb (SR)   Coul. recip.
    5.37861e+03    1.11014e+05    6.19686e+05   -5.09292e+06    2.26560e+04
      Potential Pressure (bar)   Constr. rmsd
   -4.31963e+06   -1.29716e+03    0.00000e+00

           Step           Time
            349      349.00000

   Energies (kJ/mol)
           Bond            U-B    Proper Dih.  Improper Dih.      CMAP Dih.
    1.93943e+03    5.68050e+03    9.44266e+03    3.11091e+02   -2.72055e+03
          LJ-14     Coulomb-14        LJ (SR)   Coulomb (SR)   Coul. recip.
    5.38001e+03    1.10963e+05    6.19804e+05   -5.09334e+06    2.26312e+04
      Potential Pressure (bar)   Constr. rmsd
   -4.31991e+06   -1.29733e+03    0.00000e+00

           Step           Time
            350      350.00000

   Energies (kJ/mol)
           Bond            U-B    Proper Dih.  Improper Dih.      CMAP Dih.
    2.33423e+03    5.70504e+03    9.44191e+03    3.11278e+02   -2.72058e+03
          LJ-14     Coulomb-14        LJ (SR)   Coulomb (SR)   Coul. recip.
    5.37677e+03    1.11021e+05    6.20012e+05   -5.09402e+06    2.26214e+04
      Potential Pressure (bar)   Constr. rmsd
   -4.31992e+06   -1.29751e+03    0.00000e+00

           Step           Time
            351      351.00000

   Energies (kJ/mol)
           Bond            U-B    Proper Dih.  Improper Dih.      CMAP Dih.
    2.62282e+03    5.74776e+03    9.44357e+03    3.10971e+02   -2.72067e+03
          LJ-14     Coulomb-14        LJ (SR)   Coulomb (SR)   Coul. recip.
    5.37908e+03    1.10948e+05    6.20119e+05   -5.09441e+06    2.25932e+04
      Potential Pressure (bar)   Constr. rmsd
   -4.31997e+06   -1.29768e+03    0.00000e+00

           Step           Time
            352      352.00000

           Step           Time
            353      353.00000

   Energies (kJ/mol)
           Bond            U-B    Proper Dih.  Improper Dih.      CMAP Dih.
    1.40541e+03    5.61189e+03    9.44268e+03    3.10957e+02   -2.72069e+03
          LJ-14     Coulomb-14        LJ (SR)   Coulomb (SR)   Coul. recip.
    5.37692e+03    1.10990e+05    6.20218e+05   -5.09477e+06    2.25892e+04
      Potential Pressure (bar)   Constr. rmsd
   -4.32155e+06   -1.29816e+03    0.00000e+00

           Step           Time
            354      354.00000

   Energies (kJ/mol)
           Bond            U-B    Proper Dih.  Improper Dih.      CMAP Dih.
    2.99964e+03    5.79675e+03    9.44547e+03    3.10654e+02   -2.72101e+03
          LJ-14     Coulomb-14        LJ (SR)   Coulomb (SR)   Coul. recip.
    5.37418e+03    1.10942e+05    6.21019e+05   -5.09747e+06    2.24903e+04
      Potential Pressure (bar)   Constr. rmsd
   -4.32181e+06   -1.29907e+03    0.00000e+00

           Step           Time
            355      355.00000

   Energies (kJ/mol)
           Bond            U-B    Proper Dih.  Improper Dih.      CMAP Dih.
    1.62180e+03    5.62105e+03    9.44416e+03    3.10920e+02   -2.72103e+03
          LJ-14     Coulomb-14        LJ (SR)   Coulomb (SR)   Coul. recip.
    5.37151e+03    1.10998e+05    6.21146e+05   -5.09791e+06    2.24872e+04
      Potential Pressure (bar)   Constr. rmsd
   -4.32363e+06   -1.29918e+03    0.00000e+00

           Step           Time
            356      356.00000

           Step           Time
            357      357.00000

   Energies (kJ/mol)
           Bond            U-B    Proper Dih.  Improper Dih.      CMAP Dih.
    1.72760e+03    5.65825e+03    9.44522e+03    3.10532e+02   -2.72109e+03
          LJ-14     Coulomb-14        LJ (SR)   Coulomb (SR)   Coul. recip.
    5.37262e+03    1.10961e+05    6.21286e+05   -5.09839e+06    2.24633e+04
      Potential Pressure (bar)   Constr. rmsd
   -4.32389e+06   -1.29935e+03    0.00000e+00

           Step           Time
            358      358.00000

   Energies (kJ/mol)
           Bond            U-B    Proper Dih.  Improper Dih.      CMAP Dih.
    1.84573e+03    5.64811e+03    9.44468e+03    3.10669e+02   -2.72112e+03
          LJ-14     Coulomb-14        LJ (SR)   Coulomb (SR)   Coul. recip.
    5.37006e+03    1.11001e+05    6.21467e+05   -5.09899e+06    2.24532e+04
      Potential Pressure (bar)   Constr. rmsd
   -4.32417e+06   -1.29952e+03    0.00000e+00

           Step           Time
            359      359.00000

   Energies (kJ/mol)
           Bond            U-B    Proper Dih.  Improper Dih.      CMAP Dih.
    2.10923e+03    5.69851e+03    9.44599e+03    3.10422e+02   -2.72121e+03
          LJ-14     Coulomb-14        LJ (SR)   Coulomb (SR)   Coul. recip.
    5.37162e+03    1.10949e+05    6.21598e+05   -5.09944e+06    2.24272e+04
      Potential Pressure (bar)   Constr. rmsd
   -4.32425e+06   -1.29970e+03    0.00000e+00

           Step           Time
            360      360.00000

   Energies (kJ/mol)
           Bond            U-B    Proper Dih.  Improper Dih.      CMAP Dih.
    2.31218e+03    5.70619e+03    9.44516e+03    3.10566e+02   -2.72124e+03
          LJ-14     Coulomb-14        LJ (SR)   Coulomb (SR)   Coul. recip.
    5.36832e+03    1.11008e+05    6.21793e+05   -5.10007e+06    2.24200e+04
      Potential Pressure (bar)   Constr. rmsd
   -4.32443e+06   -1.29987e+03    0.00000e+00

           Step           Time
            361      361.00000

           Step           Time
            362      362.00000

   Energies (kJ/mol)
           Bond            U-B    Proper Dih.  Improper Dih.      CMAP Dih.
    1.40718e+03    5.61766e+03    9.44580e+03    3.10318e+02   -2.72130e+03
          LJ-14     Coulomb-14        LJ (SR)   Coulomb (SR)   Coul. recip.
    5.36952e+03    1.10970e+05    6.21842e+05   -5.10027e+06    2.24043e+04
      Potential Pressure (bar)   Constr. rmsd
   -4.32563e+06   -1.29996e+03    0.00000e+00

           Step           Time
            363      363.00000

   Energies (kJ/mol)
           Bond            U-B    Proper Dih.  Improper Dih.      CMAP Dih.
    2.92576e+03    5.76415e+03    9.44647e+03    3.10510e+02   -2.72154e+03
          LJ-14     Coulomb-14        LJ (SR)   Coulomb (SR)   Coul. recip.
    5.36408e+03    1.11014e+05    6.22598e+05   -5.10271e+06    2.23357e+04
      Potential Pressure (bar)   Constr. rmsd
   -4.32568e+06   -1.30114e+03    0.00000e+00

           Step           Time
            364      364.00000

   Energies (kJ/mol)
           Bond            U-B    Proper Dih.  Improper Dih.      CMAP Dih.
    1.52674e+03    5.63529e+03    9.44733e+03    3.10023e+02   -2.72161e+03
          LJ-14     Coulomb-14        LJ (SR)   Coulomb (SR)   Coul. recip.
    5.36612e+03    1.10958e+05    6.22635e+05   -5.10291e+06    2.23160e+04
      Potential Pressure (bar)   Constr. rmsd
   -4.32744e+06   -1.30124e+03    0.00000e+00

           Step           Time
            365      365.00000

           Step           Time
            366      366.00000

   Energies (kJ/mol)
           Bond            U-B    Proper Dih.  Improper Dih.      CMAP Dih.
    1.73136e+03    5.63735e+03    9.44707e+03    3.10027e+02   -2.72165e+03
          LJ-14     Coulomb-14        LJ (SR)   Coulomb (SR)   Coul. recip.
    5.36393e+03    1.10989e+05    6.22836e+05   -5.10357e+06    2.23018e+04
      Potential Pressure (bar)   Constr. rmsd
   -4.32767e+06   -1.30207e+03    0.00000e+00

           Step           Time
            367      367.00000

   Energies (kJ/mol)
           Bond            U-B    Proper Dih.  Improper Dih.      CMAP Dih.
    1.70826e+03    5.65743e+03    9.44799e+03    3.09886e+02   -2.72173e+03
          LJ-14     Coulomb-14        LJ (SR)   Coulomb (SR)   Coul. recip.
    5.36497e+03    1.10949e+05    6.22953e+05   -5.10397e+06    2.22804e+04
      Potential Pressure (bar)   Constr. rmsd
   -4.32802e+06   -1.30222e+03    0.00000e+00

           Step           Time
            368      368.00000

   Energies (kJ/mol)
           Bond            U-B    Proper Dih.  Improper Dih.      CMAP Dih.
    2.04069e+03    5.67214e+03    9.44751e+03    3.09974e+02   -2.72177e+03
          LJ-14     Coulomb-14        LJ (SR)   Coulomb (SR)   Coul. recip.
    5.36223e+03    1.10994e+05    6.23157e+05   -5.10462e+06    2.22694e+04
      Potential Pressure (bar)   Constr. rmsd
   -4.32809e+06   -1.30264e+03    0.00000e+00

           Step           Time
            369      369.00000

   Energies (kJ/mol)
           Bond            U-B    Proper Dih.  Improper Dih.      CMAP Dih.
    2.11238e+03    5.70042e+03    9.44873e+03    3.09777e+02   -2.72185e+03
          LJ-14     Coulomb-14        LJ (SR)   Coulomb (SR)   Coul. recip.
    5.36400e+03    1.10937e+05    6.23267e+05   -5.10500e+06    2.22451e+04
      Potential Pressure (bar)   Constr. rmsd
   -4.32834e+06   -1.30280e+03    0.00000e+00

           Step           Time
            370      370.00000

           Step           Time
            371      371.00000

   Energies (kJ/mol)
           Bond            U-B    Proper Dih.  Improper Dih.      CMAP Dih.
    1.41465e+03    5.61396e+03    9.44813e+03    3.09759e+02   -2.72188e+03
          LJ-14     Coulomb-14        LJ (SR)   Coulomb (SR)   Coul. recip.
    5.36221e+03    1.10970e+05    6.23365e+05   -5.10533e+06    2.22408e+04
      Potential Pressure (bar)   Constr. rmsd
   -4.32933e+06   -1.30289e+03    0.00000e+00

           Step           Time
            372      372.00000

   Energies (kJ/mol)
           Bond            U-B    Proper Dih.  Improper Dih.      CMAP Dih.
    2.39567e+03    5.73302e+03    9.45003e+03    3.09547e+02   -2.72213e+03
          LJ-14     Coulomb-14        LJ (SR)   Coulomb (SR)   Coul. recip.
    5.36066e+03    1.10930e+05    6.23974e+05   -5.10731e+06    2.21694e+04
      Potential Pressure (bar)   Constr. rmsd
   -4.32971e+06   -1.30356e+03    0.00000e+00

           Step           Time
            373      373.00000

   Energies (kJ/mol)
           Bond            U-B    Proper Dih.  Improper Dih.      CMAP Dih.
    1.55989e+03    5.62181e+03    9.44916e+03    3.09595e+02   -2.72217e+03
          LJ-14     Coulomb-14        LJ (SR)   Coulomb (SR)   Coul. recip.
    5.35837e+03    1.10975e+05    6.24097e+05   -5.10773e+06    2.21654e+04
      Potential Pressure (bar)   Constr. rmsd
   -4.33091e+06   -1.30366e+03    0.00000e+00

           Step           Time
            374      374.00000

           Step           Time
            375      375.00000

   Energies (kJ/mol)
           Bond            U-B    Proper Dih.  Improper Dih.      CMAP Dih.
    1.59158e+03    5.64446e+03    9.44992e+03    3.09440e+02   -2.72223e+03
          LJ-14     Coulomb-14        LJ (SR)   Coulomb (SR)   Coul. recip.
    5.35903e+03    1.10946e+05    6.24232e+05   -5.10817e+06    2.21449e+04
      Potential Pressure (bar)   Constr. rmsd
   -4.33122e+06   -1.30383e+03    0.00000e+00

           Step           Time
            376      376.00000

   Energies (kJ/mol)
           Bond            U-B    Proper Dih.  Improper Dih.      CMAP Dih.
    1.72175e+03    5.63835e+03    9.44958e+03    3.09489e+02   -2.72228e+03
          LJ-14     Coulomb-14        LJ (SR)   Coulomb (SR)   Coul. recip.
    5.35686e+03    1.10978e+05    6.24413e+05   -5.10876e+06    2.21337e+04
      Potential Pressure (bar)   Constr. rmsd
   -4.33148e+06   -1.30400e+03    0.00000e+00

           Step           Time
            377      377.00000

   Energies (kJ/mol)
           Bond            U-B    Proper Dih.  Improper Dih.      CMAP Dih.
    1.82026e+03    5.67068e+03    9.45057e+03    3.09334e+02   -2.72235e+03
          LJ-14     Coulomb-14        LJ (SR)   Coulomb (SR)   Coul. recip.
    5.35801e+03    1.10937e+05    6.24541e+05   -5.10918e+06    2.21113e+04
      Potential Pressure (bar)   Constr. rmsd
   -4.33170e+06   -1.30416e+03    0.00000e+00

           Step           Time
            378      378.00000

   Energies (kJ/mol)
           Bond            U-B    Proper Dih.  Improper Dih.      CMAP Dih.
    2.04527e+03    5.67522e+03    9.45000e+03    3.09415e+02   -2.72241e+03
          LJ-14     Coulomb-14        LJ (SR)   Coulomb (SR)   Coul. recip.
    5.35523e+03    1.10983e+05    6.24732e+05   -5.10978e+06    2.21028e+04
      Potential Pressure (bar)   Constr. rmsd
   -4.33185e+06   -1.30433e+03    0.00000e+00

           Step           Time
            379      379.00000

   Energies (kJ/mol)
           Bond            U-B    Proper Dih.  Improper Dih.      CMAP Dih.
    2.31692e+03    5.72111e+03    9.45127e+03    3.09232e+02   -2.72248e+03
          LJ-14     Coulomb-14        LJ (SR)   Coulomb (SR)   Coul. recip.
    5.35715e+03    1.10924e+05    6.24850e+05   -5.11018e+06    2.20775e+04
      Potential Pressure (bar)   Constr. rmsd
   -4.33189e+06   -1.30449e+03    0.00000e+00

           Step           Time
            380      380.00000

           Step           Time
            381      381.00000

   Energies (kJ/mol)
           Bond            U-B    Proper Dih.  Improper Dih.      CMAP Dih.
    1.40726e+03    5.61578e+03    9.45062e+03    3.09194e+02   -2.72251e+03
          LJ-14     Coulomb-14        LJ (SR)   Coulomb (SR)   Coul. recip.
    5.35530e+03    1.10958e+05    6.24943e+05   -5.11049e+06    2.20742e+04
      Potential Pressure (bar)   Constr. rmsd
   -4.33310e+06   -1.30457e+03    0.00000e+00

           Step           Time
            382      382.00000

   Energies (kJ/mol)
           Bond            U-B    Proper Dih.  Improper Dih.      CMAP Dih.
    2.57696e+03    5.75713e+03    9.45302e+03    3.08912e+02   -2.72291e+03
          LJ-14     Coulomb-14        LJ (SR)   Coulomb (SR)   Coul. recip.
    5.35197e+03    1.10918e+05    6.25910e+05   -5.11359e+06    2.19682e+04
      Potential Pressure (bar)   Constr. rmsd
   -4.33407e+06   -1.30558e+03    0.00000e+00

           Step           Time
            383      383.00000

   Energies (kJ/mol)
           Bond            U-B    Proper Dih.  Improper Dih.      CMAP Dih.
    1.56040e+03    5.62065e+03    9.45208e+03    3.09019e+02   -2.72296e+03
          LJ-14     Coulomb-14        LJ (SR)   Coulomb (SR)   Coul. recip.
    5.34975e+03    1.10963e+05    6.26030e+05   -5.11398e+06    2.19654e+04
      Potential Pressure (bar)   Constr. rmsd
   -4.33546e+06   -1.30568e+03    0.00000e+00

           Step           Time
            384      384.00000

           Step           Time
            385      385.00000

   Energies (kJ/mol)
           Bond            U-B    Proper Dih.  Improper Dih.      CMAP Dih.
    1.65681e+03    5.65333e+03    9.45288e+03    3.08784e+02   -2.72300e+03
          LJ-14     Coulomb-14        LJ (SR)   Coulomb (SR)   Coul. recip.
    5.35065e+03    1.10932e+05    6.26175e+05   -5.11446e+06    2.19439e+04
      Potential Pressure (bar)   Constr. rmsd
   -4.33571e+06   -1.30585e+03    0.00000e+00

           Step           Time
            386      386.00000

   Energies (kJ/mol)
           Bond            U-B    Proper Dih.  Improper Dih.      CMAP Dih.
    1.71567e+03    5.63920e+03    9.45247e+03    3.08835e+02   -2.72305e+03
          LJ-14     Coulomb-14        LJ (SR)   Coulomb (SR)   Coul. recip.
    5.34848e+03    1.10965e+05    6.26343e+05   -5.11499e+06    2.19351e+04
      Potential Pressure (bar)   Constr. rmsd
   -4.33600e+06   -1.30600e+03    0.00000e+00

           Step           Time
            387      387.00000

   Energies (kJ/mol)
           Bond            U-B    Proper Dih.  Improper Dih.      CMAP Dih.
    1.93825e+03    5.68394e+03    9.45346e+03    3.08688e+02   -2.72312e+03
          LJ-14     Coulomb-14        LJ (SR)   Coulomb (SR)   Coul. recip.
    5.34973e+03    1.10923e+05    6.26481e+05   -5.11543e+06    2.19116e+04
      Potential Pressure (bar)   Constr. rmsd
   -4.33611e+06   -1.30581e+03    0.00000e+00

           Step           Time
            388      388.00000

   Energies (kJ/mol)
           Bond            U-B    Proper Dih.  Improper Dih.      CMAP Dih.
    2.04858e+03    5.67862e+03    9.45286e+03    3.08742e+02   -2.72318e+03
          LJ-14     Coulomb-14        LJ (SR)   Coulomb (SR)   Coul. recip.
    5.34693e+03    1.10970e+05    6.26662e+05   -5.11600e+06    2.19054e+04
      Potential Pressure (bar)   Constr. rmsd
   -4.33635e+06   -1.30596e+03    0.00000e+00

           Step           Time
            389      389.00000

           Step           Time
            390      390.00000

   Energies (kJ/mol)
           Bond            U-B    Proper Dih.  Improper Dih.      CMAP Dih.
    1.41610e+03    5.62192e+03    9.45333e+03    3.08584e+02   -2.72322e+03
          LJ-14     Coulomb-14        LJ (SR)   Coulomb (SR)   Coul. recip.
    5.34793e+03    1.10940e+05    6.26717e+05   -5.11620e+06    2.18915e+04
      Potential Pressure (bar)   Constr. rmsd
   -4.33722e+06   -1.30605e+03    0.00000e+00

           Step           Time
            391      391.00000

   Energies (kJ/mol)
           Bond            U-B    Proper Dih.  Improper Dih.      CMAP Dih.
    2.45901e+03    5.71776e+03    9.45376e+03    3.08630e+02   -2.72347e+03
          LJ-14     Coulomb-14        LJ (SR)   Coulomb (SR)   Coul. recip.
    5.34354e+03    1.10974e+05    6.27367e+05   -5.11822e+06    2.18378e+04
      Potential Pressure (bar)   Constr. rmsd
   -4.33748e+06   -1.30669e+03    0.00000e+00

           Step           Time
            392      392.00000

   Energies (kJ/mol)
           Bond            U-B    Proper Dih.  Improper Dih.      CMAP Dih.
    1.51104e+03    5.63632e+03    9.45442e+03    3.08352e+02   -2.72351e+03
          LJ-14     Coulomb-14        LJ (SR)   Coulomb (SR)   Coul. recip.
    5.34522e+03    1.10929e+05    6.27418e+05   -5.11842e+06    2.18204e+04
      Potential Pressure (bar)   Constr. rmsd
   -4.33872e+06   -1.30678e+03    0.00000e+00

           Step           Time
            393      393.00000

           Step           Time
            394      394.00000

   Energies (kJ/mol)
           Bond            U-B    Proper Dih.  Improper Dih.      CMAP Dih.
    1.63196e+03    5.63275e+03    9.45423e+03    3.08328e+02   -2.72357e+03
          LJ-14     Coulomb-14        LJ (SR)   Coulomb (SR)   Coul. recip.
    5.34337e+03    1.10954e+05    6.27601e+05   -5.11899e+06    2.18084e+04
      Potential Pressure (bar)   Constr. rmsd
   -4.33898e+06   -1.30695e+03    0.00000e+00

           Step           Time
            395      395.00000

   Energies (kJ/mol)
           Bond            U-B    Proper Dih.  Improper Dih.      CMAP Dih.
    1.64558e+03    5.65317e+03    9.45493e+03    3.08241e+02   -2.72363e+03
          LJ-14     Coulomb-14        LJ (SR)   Coulomb (SR)   Coul. recip.
    5.34418e+03    1.10922e+05    6.27726e+05   -5.11939e+06    2.17890e+04
      Potential Pressure (bar)   Constr. rmsd
   -4.33927e+06   -1.30710e+03    0.00000e+00

           Step           Time
            396      396.00000

   Energies (kJ/mol)
           Bond            U-B    Proper Dih.  Improper Dih.      CMAP Dih.
    1.85092e+03    5.65597e+03    9.45456e+03    3.08256e+02   -2.72369e+03
          LJ-14     Coulomb-14        LJ (SR)   Coulomb (SR)   Coul. recip.
    5.34188e+03    1.10958e+05    6.27914e+05   -5.11998e+06    2.17795e+04
      Potential Pressure (bar)   Constr. rmsd
   -4.33944e+06   -1.30770e+03    0.00000e+00

           Step           Time
            397      397.00000

   Energies (kJ/mol)
           Bond            U-B    Proper Dih.  Improper Dih.      CMAP Dih.
    1.94179e+03    5.68567e+03    9.45549e+03    3.08141e+02   -2.72375e+03
          LJ-14     Coulomb-14        LJ (SR)   Coulomb (SR)   Coul. recip.
    5.34328e+03    1.10912e+05    6.28031e+05   -5.12035e+06    2.17577e+04
      Potential Pressure (bar)   Constr. rmsd
   -4.33964e+06   -1.30786e+03    0.00000e+00

           Step           Time
            398      398.00000

   Energies (kJ/mol)
           Bond            U-B    Proper Dih.  Improper Dih.      CMAP Dih.
    2.27710e+03    5.70779e+03    9.45492e+03    3.08199e+02   -2.72380e+03
          LJ-14     Coulomb-14        LJ (SR)   Coulomb (SR)   Coul. recip.
    5.34030e+03    1.10964e+05    6.28229e+05   -5.12096e+06    2.17514e+04
      Potential Pressure (bar)   Constr. rmsd
   -4.33965e+06   -1.30802e+03    0.00000e+00

           Step           Time
            399      399.00000

           Step           Time
            400      400.00000

   Energies (kJ/mol)
           Bond            U-B    Proper Dih.  Improper Dih.      CMAP Dih.
    1.40978e+03    5.62192e+03    9.45533e+03    3.08040e+02   -2.72384e+03
          LJ-14     Coulomb-14        LJ (SR)   Coulomb (SR)   Coul. recip.
    5.34142e+03    1.10931e+05    6.28273e+05   -5.12113e+06    2.17379e+04
      Potential Pressure (bar)   Constr. rmsd
   -4.34077e+06   -1.30810e+03    0.00000e+00

           Step           Time
            401      401.00000

   Energies (kJ/mol)
           Bond            U-B    Proper Dih.  Improper Dih.      CMAP Dih.
    2.91495e+03    5.75954e+03    9.45641e+03    3.08155e+02   -2.72428e+03
          LJ-14     Coulomb-14        LJ (SR)   Coulomb (SR)   Coul. recip.
    5.33467e+03    1.10970e+05    6.29444e+05   -5.12470e+06    2.16383e+04
      Potential Pressure (bar)   Constr. rmsd
   -4.34160e+06   -1.30924e+03    0.00000e+00

           Step           Time
            402      402.00000

   Energies (kJ/mol)
           Bond            U-B    Proper Dih.  Improper Dih.      CMAP Dih.
    1.47854e+03    5.63375e+03    9.45702e+03    3.07651e+02   -2.72432e+03
          LJ-14     Coulomb-14        LJ (SR)   Coulomb (SR)   Coul. recip.
    5.33663e+03    1.10919e+05    6.29472e+05   -5.12486e+06    2.16210e+04
      Potential Pressure (bar)   Constr. rmsd
   -4.34336e+06   -1.30933e+03    0.00000e+00

           Step           Time
            403      403.00000

           Step           Time
            404      404.00000

   Energies (kJ/mol)
           Bond            U-B    Proper Dih.  Improper Dih.      CMAP Dih.
    1.76138e+03    5.64539e+03    9.45687e+03    3.07617e+02   -2.72437e+03
          LJ-14     Coulomb-14        LJ (SR)   Coulomb (SR)   Coul. recip.
    5.33466e+03    1.10945e+05    6.29704e+05   -5.12558e+06    2.16056e+04
      Potential Pressure (bar)   Constr. rmsd
   -4.34354e+06   -1.30955e+03    0.00000e+00

           Step           Time
            405      405.00000

   Energies (kJ/mol)
           Bond            U-B    Proper Dih.  Improper Dih.      CMAP Dih.
    1.62118e+03    5.65234e+03    9.45753e+03    3.07524e+02   -2.72442e+03
          LJ-14     Coulomb-14        LJ (SR)   Coulomb (SR)   Coul. recip.
    5.33571e+03    1.10910e+05    6.29805e+05   -5.12590e+06    2.15879e+04
      Potential Pressure (bar)   Constr. rmsd
   -4.34394e+06   -1.30968e+03    0.00000e+00

           Step           Time
            406      406.00000

           Step           Time
            407      407.00000

   Energies (kJ/mol)
           Bond            U-B    Proper Dih.  Improper Dih.      CMAP Dih.
    1.43769e+03    5.61993e+03    9.45729e+03    3.07501e+02   -2.72446e+03
          LJ-14     Coulomb-14        LJ (SR)   Coulomb (SR)   Coul. recip.
    5.33443e+03    1.10930e+05    6.29909e+05   -5.12622e+06    2.15825e+04
      Potential Pressure (bar)   Constr. rmsd
   -4.34437e+06   -1.30977e+03    0.00000e+00

           Step           Time
            408      408.00000

   Energies (kJ/mol)
           Bond            U-B    Proper Dih.  Improper Dih.      CMAP Dih.
    1.74568e+03    5.66707e+03    9.45814e+03    3.07394e+02   -2.72458e+03
          LJ-14     Coulomb-14        LJ (SR)   Coulomb (SR)   Coul. recip.
    5.33416e+03    1.10904e+05    6.30224e+05   -5.12719e+06    2.15479e+04
      Potential Pressure (bar)   Constr. rmsd
   -4.34473e+06   -1.31010e+03    0.00000e+00

           Step           Time
            409      409.00000

   Energies (kJ/mol)
           Bond            U-B    Proper Dih.  Improper Dih.      CMAP Dih.
    1.51588e+03    5.62530e+03    9.45774e+03    3.07381e+02   -2.72463e+03
          LJ-14     Coulomb-14        LJ (SR)   Coulomb (SR)   Coul. recip.
    5.33250e+03    1.10932e+05    6.30347e+05   -5.12757e+06    2.15424e+04
      Potential Pressure (bar)   Constr. rmsd
   -4.34524e+06   -1.31021e+03    0.00000e+00

           Step           Time
            410      410.00000

           Step           Time
            411      411.00000

   Energies (kJ/mol)
           Bond            U-B    Proper Dih.  Improper Dih.      CMAP Dih.
    1.45635e+03    5.63099e+03    9.45818e+03    3.07309e+02   -2.72467e+03
          LJ-14     Coulomb-14        LJ (SR)   Coulomb (SR)   Coul. recip.
    5.33281e+03    1.10914e+05    6.30455e+05   -5.12791e+06    2.15284e+04
      Potential Pressure (bar)   Constr. rmsd
   -4.34555e+06   -1.31033e+03    0.00000e+00

           Step           Time
            412      412.00000

   Energies (kJ/mol)
           Bond            U-B    Proper Dih.  Improper Dih.      CMAP Dih.
    1.60322e+03    5.63262e+03    9.45809e+03    3.07289e+02   -2.72474e+03
          LJ-14     Coulomb-14        LJ (SR)   Coulomb (SR)   Coul. recip.
    5.33110e+03    1.10934e+05    6.30667e+05   -5.12856e+06    2.15135e+04
      Potential Pressure (bar)   Constr. rmsd
   -4.34584e+06   -1.31053e+03    0.00000e+00

           Step           Time
            413      413.00000

   Energies (kJ/mol)
           Bond            U-B    Proper Dih.  Improper Dih.      CMAP Dih.
    1.53032e+03    5.64151e+03    9.45862e+03    3.07206e+02   -2.72478e+03
          LJ-14     Coulomb-14        LJ (SR)   Coulomb (SR)   Coul. recip.
    5.33173e+03    1.10908e+05    6.30775e+05   -5.12890e+06    2.14976e+04
      Potential Pressure (bar)   Constr. rmsd
   -4.34617e+06   -1.31031e+03    0.00000e+00

           Step           Time
            414      414.00000

   Energies (kJ/mol)
           Bond            U-B    Proper Dih.  Improper Dih.      CMAP Dih.
    1.76504e+03    5.64875e+03    9.45843e+03    3.07211e+02   -2.72486e+03
          LJ-14     Coulomb-14        LJ (SR)   Coulomb (SR)   Coul. recip.
    5.32972e+03    1.10937e+05    6.30979e+05   -5.12951e+06    2.14858e+04
      Potential Pressure (bar)   Constr. rmsd
   -4.34632e+06   -1.31030e+03    0.00000e+00

           Step           Time
            415      415.00000

   Energies (kJ/mol)
           Bond            U-B    Proper Dih.  Improper Dih.      CMAP Dih.
    1.70332e+03    5.66247e+03    9.45913e+03    3.07104e+02   -2.72490e+03
          LJ-14     Coulomb-14        LJ (SR)   Coulomb (SR)   Coul. recip.
    5.33083e+03    1.10900e+05    6.31086e+05   -5.12985e+06    2.14674e+04
      Potential Pressure (bar)   Constr. rmsd
   -4.34666e+06   -1.31044e+03    0.00000e+00

           Step           Time
            416      416.00000

           Step           Time
            417      417.00000

   Energies (kJ/mol)
           Bond            U-B    Proper Dih.  Improper Dih.      CMAP Dih.
    1.43086e+03    5.62126e+03    9.45882e+03    3.07078e+02   -2.72493e+03
          LJ-14     Coulomb-14        LJ (SR)   Coulomb (SR)   Coul. recip.
    5.32955e+03    1.10921e+05    6.31183e+05   -5.13015e+06    2.14629e+04
      Potential Pressure (bar)   Constr. rmsd
   -4.34716e+06   -1.31052e+03    0.00000e+00

           Step           Time
            418      418.00000

   Energies (kJ/mol)
           Bond            U-B    Proper Dih.  Improper Dih.      CMAP Dih.
    1.85087e+03    5.67978e+03    9.45983e+03    3.06937e+02   -2.72508e+03
          LJ-14     Coulomb-14        LJ (SR)   Coulomb (SR)   Coul. recip.
    5.32893e+03    1.10893e+05    6.31600e+05   -5.13142e+06    2.14193e+04
      Potential Pressure (bar)   Constr. rmsd
   -4.34760e+06   -1.31096e+03    0.00000e+00

           Step           Time
            419      419.00000

   Energies (kJ/mol)
           Bond            U-B    Proper Dih.  Improper Dih.      CMAP Dih.
    1.50922e+03    5.62585e+03    9.45940e+03    3.06924e+02   -2.72513e+03
          LJ-14     Coulomb-14        LJ (SR)   Coulomb (SR)   Coul. recip.
    5.32724e+03    1.10923e+05    6.31717e+05   -5.13178e+06    2.14149e+04
      Potential Pressure (bar)   Constr. rmsd
   -4.34822e+06   -1.31105e+03    0.00000e+00

           Step           Time
            420      420.00000

           Step           Time
            421      421.00000

   Energies (kJ/mol)
           Bond            U-B    Proper Dih.  Improper Dih.      CMAP Dih.
    1.48696e+03    5.63634e+03    9.45984e+03    3.06850e+02   -2.72517e+03
          LJ-14     Coulomb-14        LJ (SR)   Coulomb (SR)   Coul. recip.
    5.32757e+03    1.10904e+05    6.31838e+05   -5.13215e+06    2.13996e+04
      Potential Pressure (bar)   Constr. rmsd
   -4.34852e+06   -1.31119e+03    0.00000e+00

           Step           Time
            422      422.00000

   Energies (kJ/mol)
           Bond            U-B    Proper Dih.  Improper Dih.      CMAP Dih.
    1.59786e+03    5.63345e+03    9.45973e+03    3.06828e+02   -2.72523e+03
          LJ-14     Coulomb-14        LJ (SR)   Coulomb (SR)   Coul. recip.
    5.32593e+03    1.10925e+05    6.32023e+05   -5.13271e+06    2.13880e+04
      Potential Pressure (bar)   Constr. rmsd
   -4.34877e+06   -1.31136e+03    0.00000e+00

           Step           Time
            423      423.00000

   Energies (kJ/mol)
           Bond            U-B    Proper Dih.  Improper Dih.      CMAP Dih.
    1.58540e+03    5.64933e+03    9.46030e+03    3.06747e+02   -2.72527e+03
          LJ-14     Coulomb-14        LJ (SR)   Coulomb (SR)   Coul. recip.
    5.32662e+03    1.10898e+05    6.32142e+05   -5.13308e+06    2.13708e+04
      Potential Pressure (bar)   Constr. rmsd
   -4.34906e+06   -1.31082e+03    0.00000e+00

           Step           Time
            424      424.00000

   Energies (kJ/mol)
           Bond            U-B    Proper Dih.  Improper Dih.      CMAP Dih.
    1.76838e+03    5.65059e+03    9.46003e+03    3.06750e+02   -2.72534e+03
          LJ-14     Coulomb-14        LJ (SR)   Coulomb (SR)   Coul. recip.
    5.32459e+03    1.10928e+05    6.32328e+05   -5.13363e+06    2.13616e+04
      Potential Pressure (bar)   Constr. rmsd
   -4.34923e+06   -1.31070e+03    0.00000e+00

           Step           Time
            425      425.00000

   Energies (kJ/mol)
           Bond            U-B    Proper Dih.  Improper Dih.      CMAP Dih.
    1.80474e+03    5.67458e+03    9.46078e+03    3.06650e+02   -2.72538e+03
          LJ-14     Coulomb-14        LJ (SR)   Coulomb (SR)   Coul. recip.
    5.32580e+03    1.10889e+05    6.32442e+05   -5.13398e+06    2.13423e+04
      Potential Pressure (bar)   Constr. rmsd
   -4.34946e+06   -1.31085e+03    0.00000e+00

           Step           Time
            426      426.00000

   Energies (kJ/mol)
           Bond            U-B    Proper Dih.  Improper Dih.      CMAP Dih.
    2.09963e+03    5.68881e+03    9.46035e+03    3.06676e+02   -2.72545e+03
          LJ-14     Coulomb-14        LJ (SR)   Coulomb (SR)   Coul. recip.
    5.32320e+03    1.10934e+05    6.32634e+05   -5.13455e+06    2.13361e+04
      Potential Pressure (bar)   Constr. rmsd
   -4.34949e+06   -1.31100e+03    0.00000e+00

           Step           Time
            427      427.00000

   Energies (kJ/mol)
           Bond            U-B    Proper Dih.  Improper Dih.      CMAP Dih.
    2.29077e+03    5.72384e+03    9.46131e+03    3.06560e+02   -2.72548e+03
          LJ-14     Coulomb-14        LJ (SR)   Coulomb (SR)   Coul. recip.
    5.32516e+03    1.10877e+05    6.32741e+05   -5.13488e+06    2.13139e+04
      Potential Pressure (bar)   Constr. rmsd
   -4.34957e+06   -1.31115e+03    0.00000e+00

           Step           Time
            428      428.00000

           Step           Time
            429      429.00000

   Energies (kJ/mol)
           Bond            U-B    Proper Dih.  Improper Dih.      CMAP Dih.
    1.42866e+03    5.62431e+03    9.46078e+03    3.06506e+02   -2.72552e+03
          LJ-14     Coulomb-14        LJ (SR)   Coulomb (SR)   Coul. recip.
    5.32343e+03    1.10909e+05    6.32833e+05   -5.13517e+06    2.13116e+04
      Potential Pressure (bar)   Constr. rmsd
   -4.35070e+06   -1.31122e+03    0.00000e+00

           Step           Time
            430      430.00000

   Energies (kJ/mol)
           Bond            U-B    Proper Dih.  Improper Dih.      CMAP Dih.
    2.60147e+03    5.76208e+03    9.46245e+03    3.06296e+02   -2.72577e+03
          LJ-14     Coulomb-14        LJ (SR)   Coulomb (SR)   Coul. recip.
    5.32167e+03    1.10871e+05    6.33581e+05   -5.13740e+06    2.12380e+04
      Potential Pressure (bar)   Constr. rmsd
   -4.35098e+06   -1.31198e+03    0.00000e+00

           Step           Time
            431      431.00000

   Energies (kJ/mol)
           Bond            U-B    Proper Dih.  Improper Dih.      CMAP Dih.
    1.57893e+03    5.63087e+03    9.46167e+03    3.06323e+02   -2.72583e+03
          LJ-14     Coulomb-14        LJ (SR)   Coulomb (SR)   Coul. recip.
    5.31951e+03    1.10915e+05    6.33697e+05   -5.13777e+06    2.12366e+04
      Potential Pressure (bar)   Constr. rmsd
   -4.35235e+06   -1.31207e+03    0.00000e+00

           Step           Time
            432      432.00000

           Step           Time
            433      433.00000

   Energies (kJ/mol)
           Bond            U-B    Proper Dih.  Improper Dih.      CMAP Dih.
    1.67079e+03    5.66075e+03    9.46232e+03    3.06179e+02   -2.72585e+03
          LJ-14     Coulomb-14        LJ (SR)   Coulomb (SR)   Coul. recip.
    5.32041e+03    1.10886e+05    6.33835e+05   -5.13818e+06    2.12181e+04
      Potential Pressure (bar)   Constr. rmsd
   -4.35255e+06   -1.31223e+03    0.00000e+00

           Step           Time
            434      434.00000

   Energies (kJ/mol)
           Bond            U-B    Proper Dih.  Improper Dih.      CMAP Dih.
    1.74091e+03    5.64907e+03    9.46200e+03    3.06187e+02   -2.72591e+03
          LJ-14     Coulomb-14        LJ (SR)   Coulomb (SR)   Coul. recip.
    5.31839e+03    1.10917e+05    6.34000e+05   -5.13867e+06    2.12111e+04
      Potential Pressure (bar)   Constr. rmsd
   -4.35279e+06   -1.31280e+03    0.00000e+00

           Step           Time
            435      435.00000

   Energies (kJ/mol)
           Bond            U-B    Proper Dih.  Improper Dih.      CMAP Dih.
    1.95310e+03    5.69135e+03    9.46280e+03    3.06092e+02   -2.72594e+03
          LJ-14     Coulomb-14        LJ (SR)   Coulomb (SR)   Coul. recip.
    5.31970e+03    1.10876e+05    6.34130e+05   -5.13906e+06    2.11907e+04
      Potential Pressure (bar)   Constr. rmsd
   -4.35286e+06   -1.31295e+03    0.00000e+00

           Step           Time
            436      436.00000

   Energies (kJ/mol)
           Bond            U-B    Proper Dih.  Improper Dih.      CMAP Dih.
    2.07963e+03    5.68901e+03    9.46233e+03    3.06096e+02   -2.72602e+03
          LJ-14     Coulomb-14        LJ (SR)   Coulomb (SR)   Coul. recip.
    5.31707e+03    1.10922e+05    6.34307e+05   -5.13958e+06    2.11864e+04
      Potential Pressure (bar)   Constr. rmsd
   -4.35304e+06   -1.31309e+03    0.00000e+00

           Step           Time
            437      437.00000

           Step           Time
            438      438.00000

   Energies (kJ/mol)
           Bond            U-B    Proper Dih.  Improper Dih.      CMAP Dih.
    1.43122e+03    5.62981e+03    9.46269e+03    3.05989e+02   -2.72603e+03
          LJ-14     Coulomb-14        LJ (SR)   Coulomb (SR)   Coul. recip.
    5.31807e+03    1.10893e+05    6.34358e+05   -5.13975e+06    2.11740e+04
      Potential Pressure (bar)   Constr. rmsd
   -4.35390e+06   -1.31317e+03    0.00000e+00

           Step           Time
            439      439.00000

   Energies (kJ/mol)
           Bond            U-B    Proper Dih.  Improper Dih.      CMAP Dih.
    2.49544e+03    5.72810e+03    9.46312e+03    3.05959e+02   -2.72624e+03
          LJ-14     Coulomb-14        LJ (SR)   Coulomb (SR)   Coul. recip.
    5.31414e+03    1.10927e+05    6.35005e+05   -5.14164e+06    2.11278e+04
      Potential Pressure (bar)   Constr. rmsd
   -4.35400e+06   -1.31421e+03    0.00000e+00

           Step           Time
            440      440.00000

   Energies (kJ/mol)
           Bond            U-B    Proper Dih.  Improper Dih.      CMAP Dih.
    1.52746e+03    5.64429e+03    9.46364e+03    3.05757e+02   -2.72625e+03
          LJ-14     Coulomb-14        LJ (SR)   Coulomb (SR)   Coul. recip.
    5.31582e+03    1.10884e+05    6.35052e+05   -5.14181e+06    2.11120e+04
      Potential Pressure (bar)   Constr. rmsd
   -4.35523e+06   -1.31429e+03    0.00000e+00

           Step           Time
            441      441.00000

           Step           Time
            442      442.00000

   Energies (kJ/mol)
           Bond            U-B    Proper Dih.  Improper Dih.      CMAP Dih.
    1.65151e+03    5.64125e+03    9.46349e+03    3.05718e+02   -2.72631e+03
          LJ-14     Coulomb-14        LJ (SR)   Coulomb (SR)   Coul. recip.
    5.31412e+03    1.10908e+05    6.35229e+05   -5.14234e+06    2.11025e+04
      Potential Pressure (bar)   Constr. rmsd
   -4.35545e+06   -1.31445e+03    0.00000e+00

           Step           Time
            443      443.00000

   Energies (kJ/mol)
           Bond            U-B    Proper Dih.  Improper Dih.      CMAP Dih.
    1.66614e+03    5.66150e+03    9.46407e+03    3.05651e+02   -2.72634e+03
          LJ-14     Coulomb-14        LJ (SR)   Coulomb (SR)   Coul. recip.
    5.31500e+03    1.10877e+05    6.35348e+05   -5.14269e+06    2.10853e+04
      Potential Pressure (bar)   Constr. rmsd
   -4.35569e+06   -1.31431e+03    0.00000e+00

           Step           Time
            444      444.00000

   Energies (kJ/mol)
           Bond            U-B    Proper Dih.  Improper Dih.      CMAP Dih.
    1.87171e+03    5.66465e+03    9.46380e+03    3.05641e+02   -2.72641e+03
          LJ-14     Coulomb-14        LJ (SR)   Coulomb (SR)   Coul. recip.
    5.31286e+03    1.10912e+05    6.35530e+05   -5.14322e+06    2.10780e+04
      Potential Pressure (bar)   Constr. rmsd
   -4.35581e+06   -1.31447e+03    0.00000e+00

           Step           Time
            445      445.00000

   Energies (kJ/mol)
           Bond            U-B    Proper Dih.  Improper Dih.      CMAP Dih.
    1.97114e+03    5.69465e+03    9.46457e+03    3.05562e+02   -2.72642e+03
          LJ-14     Coulomb-14        LJ (SR)   Coulomb (SR)   Coul. recip.
    5.31433e+03    1.10867e+05    6.35642e+05   -5.14355e+06    2.10584e+04
      Potential Pressure (bar)   Constr. rmsd
   -4.35596e+06   -1.31461e+03    0.00000e+00

           Step           Time
            446      446.00000

           Step           Time
            447      447.00000

   Energies (kJ/mol)
           Bond            U-B    Proper Dih.  Improper Dih.      CMAP Dih.
    1.43129e+03    5.62639e+03    9.46421e+03    3.05515e+02   -2.72647e+03
          LJ-14     Coulomb-14        LJ (SR)   Coulomb (SR)   Coul. recip.
    5.31290e+03    1.10893e+05    6.35731e+05   -5.14383e+06    2.10557e+04
      Potential Pressure (bar)   Constr. rmsd
   -4.35674e+06   -1.31468e+03    0.00000e+00

           Step           Time
            448      448.00000

   Energies (kJ/mol)
           Bond            U-B    Proper Dih.  Improper Dih.      CMAP Dih.
    2.19015e+03    5.72075e+03    9.46562e+03    3.05313e+02   -2.72667e+03
          LJ-14     Coulomb-14        LJ (SR)   Coulomb (SR)   Coul. recip.
    5.31148e+03    1.10861e+05    6.36424e+05   -5.14585e+06    2.09911e+04
      Potential Pressure (bar)   Constr. rmsd
   -4.35731e+06   -1.31580e+03    0.00000e+00

           Step           Time
            449      449.00000

   Energies (kJ/mol)
           Bond            U-B    Proper Dih.  Improper Dih.      CMAP Dih.
    1.53001e+03    5.63052e+03    9.46510e+03    3.05286e+02   -2.72673e+03
          LJ-14     Coulomb-14        LJ (SR)   Coulomb (SR)   Coul. recip.
    5.30967e+03    1.10896e+05    6.36534e+05   -5.14619e+06    2.09887e+04
      Potential Pressure (bar)   Constr. rmsd
   -4.35826e+06   -1.31589e+03    0.00000e+00

           Step           Time
            450      450.00000

           Step           Time
            451      451.00000

   Energies (kJ/mol)
           Bond            U-B    Proper Dih.  Improper Dih.      CMAP Dih.
    1.58355e+03    5.65251e+03    9.46561e+03    3.05199e+02   -2.72674e+03
          LJ-14     Coulomb-14        LJ (SR)   Coulomb (SR)   Coul. recip.
    5.31023e+03    1.10873e+05    6.36673e+05   -5.14660e+06    2.09720e+04
      Potential Pressure (bar)   Constr. rmsd
   -4.35849e+06   -1.31648e+03    0.00000e+00

           Step           Time
            452      452.00000

   Energies (kJ/mol)
           Bond            U-B    Proper Dih.  Improper Dih.      CMAP Dih.
    1.64059e+03    5.64145e+03    9.46543e+03    3.05177e+02   -2.72681e+03
          LJ-14     Coulomb-14        LJ (SR)   Coulomb (SR)   Coul. recip.
    5.30857e+03    1.10898e+05    6.36832e+05   -5.14706e+06    2.09646e+04
      Potential Pressure (bar)   Constr. rmsd
   -4.35873e+06   -1.31633e+03    0.00000e+00

           Step           Time
            453      453.00000

   Energies (kJ/mol)
           Bond            U-B    Proper Dih.  Improper Dih.      CMAP Dih.
    1.76358e+03    5.67344e+03    9.46607e+03    3.05107e+02   -2.72683e+03
          LJ-14     Coulomb-14        LJ (SR)   Coulomb (SR)   Coul. recip.
    5.30952e+03    1.10866e+05    6.36963e+05   -5.14744e+06    2.09463e+04
      Potential Pressure (bar)   Constr. rmsd
   -4.35888e+06   -1.31648e+03    0.00000e+00

           Step           Time
            454      454.00000

   Energies (kJ/mol)
           Bond            U-B    Proper Dih.  Improper Dih.      CMAP Dih.
    1.86911e+03    5.66604e+03    9.46576e+03    3.05092e+02   -2.72690e+03
          LJ-14     Coulomb-14        LJ (SR)   Coulomb (SR)   Coul. recip.
    5.30735e+03    1.10902e+05    6.37132e+05   -5.14793e+06    2.09409e+04
      Potential Pressure (bar)   Constr. rmsd
   -4.35907e+06   -1.31661e+03    0.00000e+00

           Step           Time
            455      455.00000

           Step           Time
            456      456.00000

   Energies (kJ/mol)
           Bond            U-B    Proper Dih.  Improper Dih.      CMAP Dih.
    1.43023e+03    5.63094e+03    9.46607e+03    3.05022e+02   -2.72691e+03
          LJ-14     Coulomb-14        LJ (SR)   Coulomb (SR)   Coul. recip.
    5.30812e+03    1.10879e+05    6.37187e+05   -5.14811e+06    2.09301e+04
      Potential Pressure (bar)   Constr. rmsd
   -4.35970e+06   -1.31669e+03    0.00000e+00

           Step           Time
            457      457.00000

   Energies (kJ/mol)
           Bond            U-B    Proper Dih.  Improper Dih.      CMAP Dih.
    2.14035e+03    5.69032e+03    9.46662e+03    3.04893e+02   -2.72712e+03
          LJ-14     Coulomb-14        LJ (SR)   Coulomb (SR)   Coul. recip.
    5.30457e+03    1.10905e+05    6.37850e+05   -5.15001e+06    2.08823e+04
      Potential Pressure (bar)   Constr. rmsd
   -4.36020e+06   -1.31730e+03    0.00000e+00

           Step           Time
            458      458.00000

   Energies (kJ/mol)
           Bond            U-B    Proper Dih.  Improper Dih.      CMAP Dih.
    1.49070e+03    5.64116e+03    9.46703e+03    3.04767e+02   -2.72712e+03
          LJ-14     Coulomb-14        LJ (SR)   Coulomb (SR)   Coul. recip.
    5.30587e+03    1.10870e+05    6.37906e+05   -5.15020e+06    2.08687e+04
      Potential Pressure (bar)   Constr. rmsd
   -4.36107e+06   -1.31738e+03    0.00000e+00

           Step           Time
            459      459.00000

           Step           Time
            460      460.00000

   Energies (kJ/mol)
           Bond            U-B    Proper Dih.  Improper Dih.      CMAP Dih.
    1.58370e+03    5.63704e+03    9.46698e+03    3.04722e+02   -2.72718e+03
          LJ-14     Coulomb-14        LJ (SR)   Coulomb (SR)   Coul. recip.
    5.30443e+03    1.10889e+05    6.38080e+05   -5.15070e+06    2.08588e+04
      Potential Pressure (bar)   Constr. rmsd
   -4.36131e+06   -1.31753e+03    0.00000e+00

           Step           Time
            461      461.00000

   Energies (kJ/mol)
           Bond            U-B    Proper Dih.  Improper Dih.      CMAP Dih.
    1.57974e+03    5.65312e+03    9.46746e+03    3.04669e+02   -2.72720e+03
          LJ-14     Coulomb-14        LJ (SR)   Coulomb (SR)   Coul. recip.
    5.30508e+03    1.10865e+05    6.38199e+05   -5.15105e+06    2.08435e+04
      Potential Pressure (bar)   Constr. rmsd
   -4.36156e+06   -1.31766e+03    0.00000e+00

           Step           Time
            462      462.00000

   Energies (kJ/mol)
           Bond            U-B    Proper Dih.  Improper Dih.      CMAP Dih.
    1.73127e+03    5.65155e+03    9.46732e+03    3.04638e+02   -2.72727e+03
          LJ-14     Coulomb-14        LJ (SR)   Coulomb (SR)   Coul. recip.
    5.30329e+03    1.10892e+05    6.38375e+05   -5.15155e+06    2.08357e+04
      Potential Pressure (bar)   Constr. rmsd
   -4.36172e+06   -1.31781e+03    0.00000e+00

           Step           Time
            463      463.00000

   Energies (kJ/mol)
           Bond            U-B    Proper Dih.  Improper Dih.      CMAP Dih.
    1.77514e+03    5.67589e+03    9.46794e+03    3.04576e+02   -2.72728e+03
          LJ-14     Coulomb-14        LJ (SR)   Coulomb (SR)   Coul. recip.
    5.30441e+03    1.10857e+05    6.38489e+05   -5.15188e+06    2.08182e+04
      Potential Pressure (bar)   Constr. rmsd
   -4.36192e+06   -1.31794e+03    0.00000e+00

           Step           Time
            464      464.00000

   Energies (kJ/mol)
           Bond            U-B    Proper Dih.  Improper Dih.      CMAP Dih.
    2.02071e+03    5.68398e+03    9.46765e+03    3.04559e+02   -2.72736e+03
          LJ-14     Coulomb-14        LJ (SR)   Coulomb (SR)   Coul. recip.
    5.30209e+03    1.10897e+05    6.38670e+05   -5.15240e+06    2.08129e+04
      Potential Pressure (bar)   Constr. rmsd
   -4.36197e+06   -1.31809e+03    0.00000e+00

           Step           Time
            465      465.00000

   Energies (kJ/mol)
           Bond            U-B    Proper Dih.  Improper Dih.      CMAP Dih.
    2.20555e+03    5.72017e+03    9.46846e+03    3.04492e+02   -2.72736e+03
          LJ-14     Coulomb-14        LJ (SR)   Coulomb (SR)   Coul. recip.
    5.30390e+03    1.10846e+05    6.38777e+05   -5.15271e+06    2.07930e+04
      Potential Pressure (bar)   Constr. rmsd
   -4.36202e+06   -1.31822e+03    0.00000e+00

           Step           Time
            466      466.00000

           Step           Time
            467      467.00000

   Energies (kJ/mol)
           Bond            U-B    Proper Dih.  Improper Dih.      CMAP Dih.
    1.43758e+03    5.62983e+03    9.46807e+03    3.04432e+02   -2.72741e+03
          LJ-14     Coulomb-14        LJ (SR)   Coulomb (SR)   Coul. recip.
    5.30233e+03    1.10875e+05    6.38865e+05   -5.15298e+06    2.07913e+04
      Potential Pressure (bar)   Constr. rmsd
   -4.36303e+06   -1.31829e+03    0.00000e+00

           Step           Time
            468      468.00000

   Energies (kJ/mol)
           Bond            U-B    Proper Dih.  Improper Dih.      CMAP Dih.
    2.49267e+03    5.75566e+03    9.46967e+03    3.04194e+02   -2.72762e+03
          LJ-14     Coulomb-14        LJ (SR)   Coulomb (SR)   Coul. recip.
    5.30074e+03    1.10840e+05    6.39637e+05   -5.15518e+06    2.07219e+04
      Potential Pressure (bar)   Constr. rmsd
   -4.36339e+06   -1.31904e+03    0.00000e+00

           Step           Time
            469      469.00000

   Energies (kJ/mol)
           Bond            U-B    Proper Dih.  Improper Dih.      CMAP Dih.
    1.56596e+03    5.63474e+03    9.46909e+03    3.04175e+02   -2.72768e+03
          LJ-14     Coulomb-14        LJ (SR)   Coulomb (SR)   Coul. recip.
    5.29880e+03    1.10880e+05    6.39747e+05   -5.15551e+06    2.07210e+04
      Potential Pressure (bar)   Constr. rmsd
   -4.36462e+06   -1.31882e+03    0.00000e+00

           Step           Time
            470      470.00000

           Step           Time
            471      471.00000

   Energies (kJ/mol)
           Bond            U-B    Proper Dih.  Improper Dih.      CMAP Dih.
    1.66252e+03    5.66421e+03    9.46964e+03    3.04085e+02   -2.72769e+03
          LJ-14     Coulomb-14        LJ (SR)   Coulomb (SR)   Coul. recip.
    5.29964e+03    1.10854e+05    6.39885e+05   -5.15591e+06    2.07041e+04
      Potential Pressure (bar)   Constr. rmsd
   -4.36479e+06   -1.31897e+03    0.00000e+00

           Step           Time
            472      472.00000

   Energies (kJ/mol)
           Bond            U-B    Proper Dih.  Improper Dih.      CMAP Dih.
    1.70577e+03    5.65006e+03    9.46944e+03    3.04063e+02   -2.72775e+03
          LJ-14     Coulomb-14        LJ (SR)   Coulomb (SR)   Coul. recip.
    5.29784e+03    1.10883e+05    6.40040e+05   -5.15635e+06    2.06983e+04
      Potential Pressure (bar)   Constr. rmsd
   -4.36503e+06   -1.31909e+03    0.00000e+00

           Step           Time
            473      473.00000

   Energies (kJ/mol)
           Bond            U-B    Proper Dih.  Improper Dih.      CMAP Dih.
    1.91854e+03    5.69227e+03    9.47012e+03    3.03997e+02   -2.72776e+03
          LJ-14     Coulomb-14        LJ (SR)   Coulomb (SR)   Coul. recip.
    5.29905e+03    1.10845e+05    6.40170e+05   -5.15672e+06    2.06798e+04
      Potential Pressure (bar)   Constr. rmsd
   -4.36507e+06   -1.31924e+03    0.00000e+00

           Step           Time
            474      474.00000

   Energies (kJ/mol)
           Bond            U-B    Proper Dih.  Improper Dih.      CMAP Dih.
    2.00232e+03    5.68385e+03    9.46981e+03    3.03968e+02   -2.72784e+03
          LJ-14     Coulomb-14        LJ (SR)   Coulomb (SR)   Coul. recip.
    5.29669e+03    1.10888e+05    6.40337e+05   -5.15719e+06    2.06763e+04
      Potential Pressure (bar)   Constr. rmsd
   -4.36526e+06   -1.31911e+03    0.00000e+00

           Step           Time
            475      475.00000

           Step           Time
            476      476.00000

   Energies (kJ/mol)
           Bond            U-B    Proper Dih.  Improper Dih.      CMAP Dih.
    1.44354e+03    5.63557e+03    9.47011e+03    3.03898e+02   -2.72784e+03
          LJ-14     Coulomb-14        LJ (SR)   Coulomb (SR)   Coul. recip.
    5.29762e+03    1.10861e+05    6.40389e+05   -5.15736e+06    2.06652e+04
      Potential Pressure (bar)   Constr. rmsd
   -4.36602e+06   -1.31918e+03    0.00000e+00

           Step           Time
            477      477.00000

   Energies (kJ/mol)
           Bond            U-B    Proper Dih.  Improper Dih.      CMAP Dih.
    2.35282e+03    5.71699e+03    9.47060e+03    3.03810e+02   -2.72802e+03
          LJ-14     Coulomb-14        LJ (SR)   Coulomb (SR)   Coul. recip.
    5.29435e+03    1.10892e+05    6.40956e+05   -5.15895e+06    2.06283e+04
      Potential Pressure (bar)   Constr. rmsd
   -4.36606e+06   -1.31968e+03    0.00000e+00

           Step           Time
            478      478.00000

   Energies (kJ/mol)
           Bond            U-B    Proper Dih.  Improper Dih.      CMAP Dih.
    1.53702e+03    5.64958e+03    9.47103e+03    3.03685e+02   -2.72802e+03
          LJ-14     Coulomb-14        LJ (SR)   Coulomb (SR)   Coul. recip.
    5.29589e+03    1.10852e+05    6.41006e+05   -5.15911e+06    2.06142e+04
      Potential Pressure (bar)   Constr. rmsd
   -4.36711e+06   -1.31977e+03    0.00000e+00

           Step           Time
            479      479.00000

           Step           Time
            480      480.00000

   Energies (kJ/mol)
           Bond            U-B    Proper Dih.  Improper Dih.      CMAP Dih.
    1.62364e+03    5.64330e+03    9.47096e+03    3.03638e+02   -2.72807e+03
          LJ-14     Coulomb-14        LJ (SR)   Coulomb (SR)   Coul. recip.
    5.29438e+03    1.10874e+05    6.41170e+05   -5.15958e+06    2.06063e+04
      Potential Pressure (bar)   Constr. rmsd
   -4.36732e+06   -1.31990e+03    0.00000e+00

           Step           Time
            481      481.00000

   Energies (kJ/mol)
           Bond            U-B    Proper Dih.  Improper Dih.      CMAP Dih.
    1.66569e+03    5.66560e+03    9.47149e+03    3.03592e+02   -2.72809e+03
          LJ-14     Coulomb-14        LJ (SR)   Coulomb (SR)   Coul. recip.
    5.29520e+03    1.10846e+05    6.41291e+05   -5.15992e+06    2.05906e+04
      Potential Pressure (bar)   Constr. rmsd
   -4.36752e+06   -1.32003e+03    0.00000e+00

           Step           Time
            482      482.00000

   Energies (kJ/mol)
           Bond            U-B    Proper Dih.  Improper Dih.      CMAP Dih.
    1.81472e+03    5.66279e+03    9.47130e+03    3.03554e+02   -2.72816e+03
          LJ-14     Coulomb-14        LJ (SR)   Coulomb (SR)   Coul. recip.
    5.29327e+03    1.10878e+05    6.41459e+05   -5.16040e+06    2.05845e+04
      Potential Pressure (bar)   Constr. rmsd
   -4.36766e+06   -1.32017e+03    0.00000e+00

           Step           Time
            483      483.00000

   Energies (kJ/mol)
           Bond            U-B    Proper Dih.  Improper Dih.      CMAP Dih.
    1.94608e+03    5.69632e+03    9.47197e+03    3.03504e+02   -2.72816e+03
          LJ-14     Coulomb-14        LJ (SR)   Coulomb (SR)   Coul. recip.
    5.29464e+03    1.10837e+05    6.41574e+05   -5.16072e+06    2.05668e+04
      Potential Pressure (bar)   Constr. rmsd
   -4.36776e+06   -1.32030e+03    0.00000e+00

           Step           Time
            484      484.00000

   Energies (kJ/mol)
           Bond            U-B    Proper Dih.  Improper Dih.      CMAP Dih.
    2.19229e+03    5.70719e+03    9.47169e+03    3.03474e+02   -2.72824e+03
          LJ-14     Coulomb-14        LJ (SR)   Coulomb (SR)   Coul. recip.
    5.29211e+03    1.10884e+05    6.41752e+05   -5.16122e+06    2.05635e+04
      Potential Pressure (bar)   Constr. rmsd
   -4.36778e+06   -1.32043e+03    0.00000e+00

           Step           Time
            485      485.00000

           Step           Time
            486      486.00000

   Energies (kJ/mol)
           Bond            U-B    Proper Dih.  Improper Dih.      CMAP Dih.
    1.43887e+03    5.63568e+03    9.47195e+03    3.03402e+02   -2.72824e+03
          LJ-14     Coulomb-14        LJ (SR)   Coulomb (SR)   Coul. recip.
    5.29315e+03    1.10855e+05    6.41796e+05   -5.16136e+06    2.05523e+04
      Potential Pressure (bar)   Constr. rmsd
   -4.36874e+06   -1.32050e+03    0.00000e+00

           Step           Time
            487      487.00000

   Energies (kJ/mol)
           Bond            U-B    Proper Dih.  Improper Dih.      CMAP Dih.
    2.68913e+03    5.75021e+03    9.47286e+03    3.03287e+02   -2.72849e+03
          LJ-14     Coulomb-14        LJ (SR)   Coulomb (SR)   Coul. recip.
    5.28881e+03    1.10890e+05    6.42639e+05   -5.16369e+06    2.04963e+04
      Potential Pressure (bar)   Constr. rmsd
   -4.36889e+06   -1.32124e+03    0.00000e+00

           Step           Time
            488      488.00000

   Energies (kJ/mol)
           Bond            U-B    Proper Dih.  Improper Dih.      CMAP Dih.
    1.52251e+03    5.64899e+03    9.47324e+03    3.03094e+02   -2.72848e+03
          LJ-14     Coulomb-14        LJ (SR)   Coulomb (SR)   Coul. recip.
    5.29058e+03    1.10845e+05    6.42674e+05   -5.16383e+06    2.04815e+04
      Potential Pressure (bar)   Constr. rmsd
   -4.37032e+06   -1.32132e+03    0.00000e+00

           Step           Time
            489      489.00000

           Step           Time
            490      490.00000

   Energies (kJ/mol)
           Bond            U-B    Proper Dih.  Improper Dih.      CMAP Dih.
    1.71909e+03    5.65233e+03    9.47323e+03    3.03040e+02   -2.72855e+03
          LJ-14     Coulomb-14        LJ (SR)   Coulomb (SR)   Coul. recip.
    5.28898e+03    1.10869e+05    6.42864e+05   -5.16436e+06    2.04725e+04
      Potential Pressure (bar)   Constr. rmsd
   -4.37045e+06   -1.32190e+03    0.00000e+00

           Step           Time
            491      491.00000

   Energies (kJ/mol)
           Bond            U-B    Proper Dih.  Improper Dih.      CMAP Dih.
    1.66481e+03    5.66693e+03    9.47373e+03    3.02998e+02   -2.72855e+03
          LJ-14     Coulomb-14        LJ (SR)   Coulomb (SR)   Coul. recip.
    5.29000e+03    1.10838e+05    6.42967e+05   -5.16465e+06    2.04577e+04
      Potential Pressure (bar)   Constr. rmsd
   -4.37072e+06   -1.32201e+03    0.00000e+00

           Step           Time
            492      492.00000

           Step           Time
            493      493.00000

   Energies (kJ/mol)
           Bond            U-B    Proper Dih.  Improper Dih.      CMAP Dih.
    1.44983e+03    5.63229e+03    9.47359e+03    3.02960e+02   -2.72859e+03
          LJ-14     Coulomb-14        LJ (SR)   Coulomb (SR)   Coul. recip.
    5.28894e+03    1.10856e+05    6.43057e+05   -5.16491e+06    2.04543e+04
      Potential Pressure (bar)   Constr. rmsd
   -4.37112e+06   -1.32208e+03    0.00000e+00

           Step           Time
            494      494.00000

   Energies (kJ/mol)
           Bond            U-B    Proper Dih.  Improper Dih.      CMAP Dih.
    1.79099e+03    5.68187e+03    9.47447e+03    3.02843e+02   -2.72868e+03
          LJ-14     Coulomb-14        LJ (SR)   Coulomb (SR)   Coul. recip.
    5.28861e+03    1.10833e+05    6.43452e+05   -5.16601e+06    2.04190e+04
      Potential Pressure (bar)   Constr. rmsd
   -4.37149e+06   -1.32250e+03    0.00000e+00

           Step           Time
            495      495.00000

   Energies (kJ/mol)
           Bond            U-B    Proper Dih.  Improper Dih.      CMAP Dih.
    1.51089e+03    5.63551e+03    9.47426e+03    3.02799e+02   -2.72874e+03
          LJ-14     Coulomb-14        LJ (SR)   Coulomb (SR)   Coul. recip.
    5.28721e+03    1.10858e+05    6.43560e+05   -5.16632e+06    2.04160e+04
      Potential Pressure (bar)   Constr. rmsd
   -4.37200e+06   -1.32258e+03    0.00000e+00

           Step           Time
            496      496.00000

           Step           Time
            497      497.00000

   Energies (kJ/mol)
           Bond            U-B    Proper Dih.  Improper Dih.      CMAP Dih.
    1.49690e+03    5.64576e+03    9.47463e+03    3.02752e+02   -2.72875e+03
          LJ-14     Coulomb-14        LJ (SR)   Coulomb (SR)   Coul. recip.
    5.28754e+03    1.10842e+05    6.43677e+05   -5.16664e+06    2.04035e+04
      Potential Pressure (bar)   Constr. rmsd
   -4.37224e+06   -1.32236e+03    0.00000e+00

           Step           Time
            498      498.00000

   Energies (kJ/mol)
           Bond            U-B    Proper Dih.  Improper Dih.      CMAP Dih.
    1.58099e+03    5.64105e+03    9.47464e+03    3.02705e+02   -2.72882e+03
          LJ-14     Coulomb-14        LJ (SR)   Coulomb (SR)   Coul. recip.
    5.28622e+03    1.10860e+05    6.43844e+05   -5.16711e+06    2.03948e+04
      Potential Pressure (bar)   Constr. rmsd
   -4.37245e+06   -1.32250e+03    0.00000e+00

           Step           Time
            499      499.00000

   Energies (kJ/mol)
           Bond            U-B    Proper Dih.  Improper Dih.      CMAP Dih.
    1.57882e+03    5.65686e+03    9.47508e+03    3.02659e+02   -2.72883e+03
          LJ-14     Coulomb-14        LJ (SR)   Coulomb (SR)   Coul. recip.
    5.28687e+03    1.10836e+05    6.43959e+05   -5.16743e+06    2.03808e+04
      Potential Pressure (bar)   Constr. rmsd
   -4.37268e+06   -1.32262e+03    0.00000e+00

           Step           Time
            500      500.00000

   Energies (kJ/mol)
           Bond            U-B    Proper Dih.  Improper Dih.      CMAP Dih.
    1.71730e+03    5.65394e+03    9.47501e+03    3.02622e+02   -2.72890e+03
          LJ-14     Coulomb-14        LJ (SR)   Coulomb (SR)   Coul. recip.
    5.28521e+03    1.10863e+05    6.44128e+05   -5.16790e+06    2.03739e+04
      Potential Pressure (bar)   Constr. rmsd
   -4.37283e+06   -1.32275e+03    0.00000e+00

           Step           Time
            501      501.00000

   Energies (kJ/mol)
           Bond            U-B    Proper Dih.  Improper Dih.      CMAP Dih.
    1.76021e+03    5.67829e+03    9.47557e+03    3.02573e+02   -2.72889e+03
          LJ-14     Coulomb-14        LJ (SR)   Coulomb (SR)   Coul. recip.
    5.28631e+03    1.10829e+05    6.44240e+05   -5.16821e+06    2.03580e+04
      Potential Pressure (bar)   Constr. rmsd
   -4.37300e+06   -1.32288e+03    0.00000e+00

           Step           Time
            502      502.00000

   Energies (kJ/mol)
           Bond            U-B    Proper Dih.  Improper Dih.      CMAP Dih.
    1.98546e+03    5.68315e+03    9.47540e+03    3.02534e+02   -2.72898e+03
          LJ-14     Coulomb-14        LJ (SR)   Coulomb (SR)   Coul. recip.
    5.28413e+03    1.10868e+05    6.44414e+05   -5.16869e+06    2.03536e+04
      Potential Pressure (bar)   Constr. rmsd
   -4.37305e+06   -1.32301e+03    0.00000e+00

           Step           Time
            503      503.00000

   Energies (kJ/mol)
           Bond            U-B    Proper Dih.  Improper Dih.      CMAP Dih.
    2.15928e+03    5.71993e+03    9.47612e+03    3.02496e+02   -2.72896e+03
          LJ-14     Coulomb-14        LJ (SR)   Coulomb (SR)   Coul. recip.
    5.28589e+03    1.10819e+05    6.44519e+05   -5.16898e+06    2.03353e+04
      Potential Pressure (bar)   Constr. rmsd
   -4.37309e+06   -1.32313e+03    0.00000e+00

           Step           Time
            504      504.00000

           Step           Time
            505      505.00000

   Energies (kJ/mol)
           Bond            U-B    Proper Dih.  Improper Dih.      CMAP Dih.
    1.44679e+03    5.63454e+03    9.47579e+03    3.02433e+02   -2.72902e+03
          LJ-14     Coulomb-14        LJ (SR)   Coulomb (SR)   Coul. recip.
    5.28440e+03    1.10847e+05    6.44603e+05   -5.16923e+06    2.03340e+04
      Potential Pressure (bar)   Constr. rmsd
   -4.37403e+06   -1.32320e+03    0.00000e+00

           Step           Time
            506      506.00000

   Energies (kJ/mol)
           Bond            U-B    Proper Dih.  Improper Dih.      CMAP Dih.
    2.44266e+03    5.75442e+03    9.47748e+03    3.02190e+02   -2.72919e+03
          LJ-14     Coulomb-14        LJ (SR)   Coulomb (SR)   Coul. recip.
    5.28313e+03    1.10814e+05    6.45367e+05   -5.17132e+06    2.02699e+04
      Potential Pressure (bar)   Constr. rmsd
   -4.37434e+06   -1.32390e+03    0.00000e+00

           Step           Time
            507      507.00000

   Energies (kJ/mol)
           Bond            U-B    Proper Dih.  Improper Dih.      CMAP Dih.
    1.56340e+03    5.63867e+03    9.47699e+03    3.02152e+02   -2.72928e+03
          LJ-14     Coulomb-14        LJ (SR)   Coulomb (SR)   Coul. recip.
    5.28126e+03    1.10852e+05    6.45473e+05   -5.17163e+06    2.02692e+04
      Potential Pressure (bar)   Constr. rmsd
   -4.37550e+06   -1.32397e+03    0.00000e+00

           Step           Time
            508      508.00000

           Step           Time
            509      509.00000

   Energies (kJ/mol)
           Bond            U-B    Proper Dih.  Improper Dih.      CMAP Dih.
    1.66270e+03    5.66797e+03    9.47752e+03    3.02089e+02   -2.72927e+03
          LJ-14     Coulomb-14        LJ (SR)   Coulomb (SR)   Coul. recip.
    5.28209e+03    1.10826e+05    6.45610e+05   -5.17200e+06    2.02536e+04
      Potential Pressure (bar)   Constr. rmsd
   -4.37565e+06   -1.32411e+03    0.00000e+00

           Step           Time
            510      510.00000

   Energies (kJ/mol)
           Bond            U-B    Proper Dih.  Improper Dih.      CMAP Dih.
    1.69307e+03    5.65239e+03    9.47739e+03    3.02053e+02   -2.72934e+03
          LJ-14     Coulomb-14        LJ (SR)   Coulomb (SR)   Coul. recip.
    5.28040e+03    1.10854e+05    6.45758e+05   -5.17241e+06    2.02487e+04
      Potential Pressure (bar)   Constr. rmsd
   -4.37588e+06   -1.32423e+03    0.00000e+00

           Step           Time
            511      511.00000

   Energies (kJ/mol)
           Bond            U-B    Proper Dih.  Improper Dih.      CMAP Dih.
    1.90549e+03    5.69487e+03    9.47803e+03    3.02016e+02   -2.72934e+03
          LJ-14     Coulomb-14        LJ (SR)   Coulomb (SR)   Coul. recip.
    5.28162e+03    1.10819e+05    6.45887e+05   -5.17276e+06    2.02317e+04
      Potential Pressure (bar)   Constr. rmsd
   -4.37589e+06   -1.32436e+03    0.00000e+00

           Step           Time
            512      512.00000

   Energies (kJ/mol)
           Bond            U-B    Proper Dih.  Improper Dih.      CMAP Dih.
    1.97008e+03    5.68309e+03    9.47780e+03    3.01969e+02   -2.72943e+03
          LJ-14     Coulomb-14        LJ (SR)   Coulomb (SR)   Coul. recip.
    5.27936e+03    1.10859e+05    6.46046e+05   -5.17320e+06    2.02288e+04
      Potential Pressure (bar)   Constr. rmsd
   -4.37608e+06   -1.32448e+03    0.00000e+00

           Step           Time
            513      513.00000

           Step           Time
            514      514.00000

   Energies (kJ/mol)
           Bond            U-B    Proper Dih.  Improper Dih.      CMAP Dih.
    1.45380e+03    5.64036e+03    9.47807e+03    3.01919e+02   -2.72942e+03
          LJ-14     Coulomb-14        LJ (SR)   Coulomb (SR)   Coul. recip.
    5.28028e+03    1.10834e+05    6.46098e+05   -5.17335e+06    2.02185e+04
      Potential Pressure (bar)   Constr. rmsd
   -4.37678e+06   -1.32455e+03    0.00000e+00

           Step           Time
            515      515.00000

           Step           Time
            516      516.00000

   Energies (kJ/mol)
           Bond            U-B    Proper Dih.  Improper Dih.      CMAP Dih.
    1.60122e+03    5.64436e+03    9.47830e+03    3.01834e+02   -2.72951e+03
          LJ-14     Coulomb-14        LJ (SR)   Coulomb (SR)   Coul. recip.
    5.27880e+03    1.10849e+05    6.46355e+05   -5.17406e+06    2.02027e+04
      Potential Pressure (bar)   Constr. rmsd
   -4.37707e+06   -1.32477e+03    0.00000e+00

           Step           Time
            517      517.00000

   Energies (kJ/mol)
           Bond            U-B    Proper Dih.  Improper Dih.      CMAP Dih.
    1.48685e+03    5.64573e+03    9.47861e+03    3.01797e+02   -2.72951e+03
          LJ-14     Coulomb-14        LJ (SR)   Coulomb (SR)   Coul. recip.
    5.27937e+03    1.10830e+05    6.46442e+05   -5.17429e+06    2.01920e+04
      Potential Pressure (bar)   Constr. rmsd
   -4.37737e+06   -1.32486e+03    0.00000e+00

           Step           Time
            518      518.00000

   Energies (kJ/mol)
           Bond            U-B    Proper Dih.  Improper Dih.      CMAP Dih.
    1.71657e+03    5.65507e+03    9.47874e+03    3.01734e+02   -2.72960e+03
          LJ-14     Coulomb-14        LJ (SR)   Coulomb (SR)   Coul. recip.
    5.27778e+03    1.10851e+05    6.46662e+05   -5.17489e+06    2.01806e+04
      Potential Pressure (bar)   Constr. rmsd
   -4.37750e+06   -1.32504e+03    0.00000e+00

           Step           Time
            519      519.00000

   Energies (kJ/mol)
           Bond            U-B    Proper Dih.  Improper Dih.      CMAP Dih.
    1.57829e+03    5.65834e+03    9.47915e+03    3.01695e+02   -2.72959e+03
          LJ-14     Coulomb-14        LJ (SR)   Coulomb (SR)   Coul. recip.
    5.27872e+03    1.10824e+05    6.46752e+05   -5.17514e+06    2.01680e+04
      Potential Pressure (bar)   Constr. rmsd
   -4.37783e+06   -1.32513e+03    0.00000e+00

           Step           Time
            520      520.00000

           Step           Time
            521      521.00000

   Energies (kJ/mol)
           Bond            U-B    Proper Dih.  Improper Dih.      CMAP Dih.
    1.46796e+03    5.63554e+03    9.47908e+03    3.01655e+02   -2.72964e+03
          LJ-14     Coulomb-14        LJ (SR)   Coulomb (SR)   Coul. recip.
    5.27772e+03    1.10839e+05    6.46850e+05   -5.17541e+06    2.01638e+04
      Potential Pressure (bar)   Constr. rmsd
   -4.37813e+06   -1.32521e+03    0.00000e+00

           Step           Time
            522      522.00000

   Energies (kJ/mol)
           Bond            U-B    Proper Dih.  Improper Dih.      CMAP Dih.
    1.66916e+03    5.66967e+03    9.47972e+03    3.01579e+02   -2.72968e+03
          LJ-14     Coulomb-14        LJ (SR)   Coulomb (SR)   Coul. recip.
    5.27783e+03    1.10819e+05    6.47102e+05   -5.17609e+06    2.01412e+04
      Potential Pressure (bar)   Constr. rmsd
   -4.37836e+06   -1.32545e+03    0.00000e+00

           Step           Time
            523      523.00000

   Energies (kJ/mol)
           Bond            U-B    Proper Dih.  Improper Dih.      CMAP Dih.
    1.52920e+03    5.63934e+03    9.47960e+03    3.01532e+02   -2.72974e+03
          LJ-14     Coulomb-14        LJ (SR)   Coulomb (SR)   Coul. recip.
    5.27652e+03    1.10842e+05    6.47216e+05   -5.17641e+06    2.01376e+04
      Potential Pressure (bar)   Constr. rmsd
   -4.37872e+06   -1.32554e+03    0.00000e+00

           Step           Time
            524      524.00000

           Step           Time
            525      525.00000

   Energies (kJ/mol)
           Bond            U-B    Proper Dih.  Improper Dih.      CMAP Dih.
    1.46930e+03    5.64330e+03    9.47989e+03    3.01500e+02   -2.72975e+03
          LJ-14     Coulomb-14        LJ (SR)   Coulomb (SR)   Coul. recip.
    5.27686e+03    1.10828e+05    6.47308e+05   -5.17666e+06    2.01274e+04
      Potential Pressure (bar)   Constr. rmsd
   -4.37896e+06   -1.32563e+03    0.00000e+00

           Step           Time
            526      526.00000

   Energies (kJ/mol)
           Bond            U-B    Proper Dih.  Improper Dih.      CMAP Dih.
    1.59564e+03    5.64448e+03    9.48003e+03    3.01435e+02   -2.72983e+03
          LJ-14     Coulomb-14        LJ (SR)   Coulomb (SR)   Coul. recip.
    5.27556e+03    1.10843e+05    6.47514e+05   -5.17722e+06    2.01160e+04
      Potential Pressure (bar)   Constr. rmsd
   -4.37918e+06   -1.32580e+03    0.00000e+00

           Step           Time
            527      527.00000

   Energies (kJ/mol)
           Bond            U-B    Proper Dih.  Improper Dih.      CMAP Dih.
    1.52154e+03    5.65125e+03    9.48041e+03    3.01398e+02   -2.72982e+03
          LJ-14     Coulomb-14        LJ (SR)   Coulomb (SR)   Coul. recip.
    5.27616e+03    1.10823e+05    6.47611e+05   -5.17748e+06    2.01043e+04
      Potential Pressure (bar)   Constr. rmsd
   -4.37945e+06   -1.32589e+03    0.00000e+00

           Step           Time
            528      528.00000

   Energies (kJ/mol)
           Bond            U-B    Proper Dih.  Improper Dih.      CMAP Dih.
    1.71845e+03    5.65595e+03    9.48044e+03    3.01344e+02   -2.72991e+03
          LJ-14     Coulomb-14        LJ (SR)   Coulomb (SR)   Coul. recip.
    5.27460e+03    1.10846e+05    6.47800e+05   -5.17800e+06    2.00958e+04
      Potential Pressure (bar)   Constr. rmsd
   -4.37956e+06   -1.32605e+03    0.00000e+00

           Step           Time
            529      529.00000

   Energies (kJ/mol)
           Bond            U-B    Proper Dih.  Improper Dih.      CMAP Dih.
    1.64662e+03    5.66723e+03    9.48091e+03    3.01304e+02   -2.72989e+03
          LJ-14     Coulomb-14        LJ (SR)   Coulomb (SR)   Coul. recip.
    5.27561e+03    1.10816e+05    6.47898e+05   -5.17826e+06    2.00821e+04
      Potential Pressure (bar)   Constr. rmsd
   -4.37982e+06   -1.32615e+03    0.00000e+00

           Step           Time
            530      530.00000

           Step           Time
            531      531.00000

   Energies (kJ/mol)
           Bond            U-B    Proper Dih.  Improper Dih.      CMAP Dih.
    1.45989e+03    5.63608e+03    9.48083e+03    3.01262e+02   -2.72994e+03
          LJ-14     Coulomb-14        LJ (SR)   Coulomb (SR)   Coul. recip.
    5.27458e+03    1.10833e+05    6.47987e+05   -5.17851e+06    2.00789e+04
      Potential Pressure (bar)   Constr. rmsd
   -4.38019e+06   -1.32622e+03    0.00000e+00

           Step           Time
            532      532.00000

   Energies (kJ/mol)
           Bond            U-B    Proper Dih.  Improper Dih.      CMAP Dih.
    1.76403e+03    5.68133e+03    9.48163e+03    3.01157e+02   -2.73000e+03
          LJ-14     Coulomb-14        LJ (SR)   Coulomb (SR)   Coul. recip.
    5.27448e+03    1.10811e+05    6.48336e+05   -5.17945e+06    2.00492e+04
      Potential Pressure (bar)   Constr. rmsd
   -4.38048e+06   -1.32612e+03    0.00000e+00

           Step           Time
            533      533.00000

   Energies (kJ/mol)
           Bond            U-B    Proper Dih.  Improper Dih.      CMAP Dih.
    1.51935e+03    5.63925e+03    9.48147e+03    3.01106e+02   -2.73008e+03
          LJ-14     Coulomb-14        LJ (SR)   Coulomb (SR)   Coul. recip.
    5.27312e+03    1.10836e+05    6.48442e+05   -5.17974e+06    2.00464e+04
      Potential Pressure (bar)   Constr. rmsd
   -4.38093e+06   -1.32620e+03    0.00000e+00

           Step           Time
            534      534.00000

           Step           Time
            535      535.00000

   Energies (kJ/mol)
           Bond            U-B    Proper Dih.  Improper Dih.      CMAP Dih.
    1.49642e+03    5.64805e+03    9.48180e+03    3.01072e+02   -2.73008e+03
          LJ-14     Coulomb-14        LJ (SR)   Coulomb (SR)   Coul. recip.
    5.27348e+03    1.10820e+05    6.48552e+05   -5.18003e+06    2.00350e+04
      Potential Pressure (bar)   Constr. rmsd
   -4.38116e+06   -1.32631e+03    0.00000e+00

           Step           Time
            536      536.00000

   Energies (kJ/mol)
           Bond            U-B    Proper Dih.  Improper Dih.      CMAP Dih.
    1.58662e+03    5.64450e+03    9.48188e+03    3.01017e+02   -2.73015e+03
          LJ-14     Coulomb-14        LJ (SR)   Coulomb (SR)   Coul. recip.
    5.27222e+03    1.10838e+05    6.48720e+05   -5.18049e+06    2.00267e+04
      Potential Pressure (bar)   Constr. rmsd
   -4.38135e+06   -1.32644e+03    0.00000e+00

           Step           Time
            537      537.00000

   Energies (kJ/mol)
           Bond            U-B    Proper Dih.  Improper Dih.      CMAP Dih.
    1.57114e+03    5.65835e+03    9.48229e+03    3.00982e+02   -2.73015e+03
          LJ-14     Coulomb-14        LJ (SR)   Coulomb (SR)   Coul. recip.
    5.27289e+03    1.10815e+05    6.48830e+05   -5.18078e+06    2.00139e+04
      Potential Pressure (bar)   Constr. rmsd
   -4.38157e+06   -1.32655e+03    0.00000e+00

           Step           Time
            538      538.00000

   Energies (kJ/mol)
           Bond            U-B    Proper Dih.  Improper Dih.      CMAP Dih.
    1.71675e+03    5.65667e+03    9.48227e+03    3.00927e+02   -2.73023e+03
          LJ-14     Coulomb-14        LJ (SR)   Coulomb (SR)   Coul. recip.
    5.27130e+03    1.10841e+05    6.48997e+05   -5.18124e+06    2.00076e+04
      Potential Pressure (bar)   Constr. rmsd
   -4.38169e+06   -1.32668e+03    0.00000e+00

           Step           Time
            539      539.00000

   Energies (kJ/mol)
           Bond            U-B    Proper Dih.  Improper Dih.      CMAP Dih.
    1.73821e+03    5.67836e+03    9.48279e+03    3.00897e+02   -2.73021e+03
          LJ-14     Coulomb-14        LJ (SR)   Coulomb (SR)   Coul. recip.
    5.27240e+03    1.10808e+05    6.49105e+05   -5.18152e+06    1.99930e+04
      Potential Pressure (bar)   Constr. rmsd
   -4.38187e+06   -1.32680e+03    0.00000e+00

           Step           Time
            540      540.00000

   Energies (kJ/mol)
           Bond            U-B    Proper Dih.  Improper Dih.      CMAP Dih.
    1.97221e+03    5.68414e+03    9.48270e+03    3.00846e+02   -2.73032e+03
          LJ-14     Coulomb-14        LJ (SR)   Coulomb (SR)   Coul. recip.
    5.27031e+03    1.10845e+05    6.49276e+05   -5.18198e+06    1.99890e+04
      Potential Pressure (bar)   Constr. rmsd
   -4.38189e+06   -1.32660e+03    0.00000e+00

           Step           Time
            541      541.00000

   Energies (kJ/mol)
           Bond            U-B    Proper Dih.  Improper Dih.      CMAP Dih.
    2.10755e+03    5.71738e+03    9.48334e+03    3.00815e+02   -2.73027e+03
          LJ-14     Coulomb-14        LJ (SR)   Coulomb (SR)   Coul. recip.
    5.27206e+03    1.10799e+05    6.49377e+05   -5.18225e+06    1.99719e+04
      Potential Pressure (bar)   Constr. rmsd
   -4.38195e+06   -1.32672e+03    0.00000e+00

           Step           Time
            542      542.00000

           Step           Time
            543      543.00000

   Energies (kJ/mol)
           Bond            U-B    Proper Dih.  Improper Dih.      CMAP Dih.
    1.45598e+03    5.63799e+03    9.48307e+03    3.00752e+02   -2.73034e+03
          LJ-14     Coulomb-14        LJ (SR)   Coulomb (SR)   Coul. recip.
    5.27062e+03    1.10826e+05    6.49460e+05   -5.18249e+06    1.99707e+04
      Potential Pressure (bar)   Constr. rmsd
   -4.38281e+06   -1.32678e+03    0.00000e+00

           Step           Time
            544      544.00000

   Energies (kJ/mol)
           Bond            U-B    Proper Dih.  Improper Dih.      CMAP Dih.
    2.39246e+03    5.75097e+03    9.48462e+03    3.00553e+02   -2.73047e+03
          LJ-14     Coulomb-14        LJ (SR)   Coulomb (SR)   Coul. recip.
    5.26980e+03    1.10793e+05    6.50142e+05   -5.18429e+06    1.99160e+04
      Potential Pressure (bar)   Constr. rmsd
   -4.38297e+06   -1.32665e+03    0.00000e+00

           Step           Time
            545      545.00000

   Energies (kJ/mol)
           Bond            U-B    Proper Dih.  Improper Dih.      CMAP Dih.
    1.56623e+03    5.64239e+03    9.48424e+03    3.00490e+02   -2.73058e+03
          LJ-14     Coulomb-14        LJ (SR)   Coulomb (SR)   Coul. recip.
    5.26798e+03    1.10830e+05    6.50245e+05   -5.18458e+06    1.99157e+04
      Potential Pressure (bar)   Constr. rmsd
   -4.38406e+06   -1.32672e+03    0.00000e+00

           Step           Time
            546      546.00000

           Step           Time
            547      547.00000

   Energies (kJ/mol)
           Bond            U-B    Proper Dih.  Improper Dih.      CMAP Dih.
    1.65521e+03    5.66950e+03    9.48471e+03    3.00443e+02   -2.73056e+03
          LJ-14     Coulomb-14        LJ (SR)   Coulomb (SR)   Coul. recip.
    5.26878e+03    1.10806e+05    6.50378e+05   -5.18493e+06    1.99012e+04
      Potential Pressure (bar)   Constr. rmsd
   -4.38420e+06   -1.32685e+03    0.00000e+00

           Step           Time
            548      548.00000

   Energies (kJ/mol)
           Bond            U-B    Proper Dih.  Improper Dih.      CMAP Dih.
    1.69257e+03    5.65516e+03    9.48465e+03    3.00394e+02   -2.73065e+03
          LJ-14     Coulomb-14        LJ (SR)   Coulomb (SR)   Coul. recip.
    5.26716e+03    1.10833e+05    6.50523e+05   -5.18532e+06    1.98969e+04
      Potential Pressure (bar)   Constr. rmsd
   -4.38440e+06   -1.32696e+03    0.00000e+00

           Step           Time
            549      549.00000

   Energies (kJ/mol)
           Bond            U-B    Proper Dih.  Improper Dih.      CMAP Dih.
    1.88344e+03    5.69507e+03    9.48523e+03    3.00365e+02   -2.73062e+03
          LJ-14     Coulomb-14        LJ (SR)   Coulomb (SR)   Coul. recip.
    5.26836e+03    1.10799e+05    6.50648e+05   -5.18565e+06    1.98810e+04
      Potential Pressure (bar)   Constr. rmsd
   -4.38442e+06   -1.32708e+03    0.00000e+00

           Step           Time
            550      550.00000

   Energies (kJ/mol)
           Bond            U-B    Proper Dih.  Improper Dih.      CMAP Dih.
    1.95972e+03    5.68426e+03    9.48508e+03    3.00307e+02   -2.73073e+03
          LJ-14     Coulomb-14        LJ (SR)   Coulomb (SR)   Coul. recip.
    5.26620e+03    1.10838e+05    6.50803e+05   -5.18607e+06    1.98786e+04
      Potential Pressure (bar)   Constr. rmsd
   -4.38458e+06   -1.32719e+03    0.00000e+00

           Step           Time
            551      551.00000

           Step           Time
            552      552.00000

   Energies (kJ/mol)
           Bond            U-B    Proper Dih.  Improper Dih.      CMAP Dih.
    1.45939e+03    5.64335e+03    9.48532e+03    3.00266e+02   -2.73070e+03
          LJ-14     Coulomb-14        LJ (SR)   Coulomb (SR)   Coul. recip.
    5.26710e+03    1.10814e+05    6.50854e+05   -5.18621e+06    1.98689e+04
      Potential Pressure (bar)   Constr. rmsd
   -4.38525e+06   -1.32726e+03    0.00000e+00

           Step           Time
            553      553.00000

           Step           Time
            554      554.00000

   Energies (kJ/mol)
           Bond            U-B    Proper Dih.  Improper Dih.      CMAP Dih.
    1.60486e+03    5.64736e+03    9.48559e+03    3.00179e+02   -2.73080e+03
          LJ-14     Coulomb-14        LJ (SR)   Coulomb (SR)   Coul. recip.
    5.26569e+03    1.10828e+05    6.51114e+05   -5.18690e+06    1.98537e+04
      Potential Pressure (bar)   Constr. rmsd
   -4.38553e+06   -1.32747e+03    0.00000e+00

           Step           Time
            555      555.00000

   Energies (kJ/mol)
           Bond            U-B    Proper Dih.  Improper Dih.      CMAP Dih.
    1.49019e+03    5.64841e+03    9.48588e+03    3.00146e+02   -2.73079e+03
          LJ-14     Coulomb-14        LJ (SR)   Coulomb (SR)   Coul. recip.
    5.26626e+03    1.10810e+05    6.51198e+05   -5.18712e+06    1.98438e+04
      Potential Pressure (bar)   Constr. rmsd
   -4.38581e+06   -1.32755e+03    0.00000e+00

           Step           Time
            556      556.00000

   Energies (kJ/mol)
           Bond            U-B    Proper Dih.  Improper Dih.      CMAP Dih.
    1.71560e+03    5.65759e+03    9.48604e+03    3.00080e+02   -2.73089e+03
          LJ-14     Coulomb-14        LJ (SR)   Coulomb (SR)   Coul. recip.
    5.26476e+03    1.10830e+05    6.51416e+05   -5.18770e+06    1.98333e+04
      Potential Pressure (bar)   Constr. rmsd
   -4.38593e+06   -1.32772e+03    0.00000e+00

           Step           Time
            557      557.00000

   Energies (kJ/mol)
           Bond            U-B    Proper Dih.  Improper Dih.      CMAP Dih.
    1.57624e+03    5.66042e+03    9.48643e+03    3.00049e+02   -2.73086e+03
          LJ-14     Coulomb-14        LJ (SR)   Coulomb (SR)   Coul. recip.
    5.26568e+03    1.10804e+05    6.51504e+05   -5.18793e+06    1.98214e+04
      Potential Pressure (bar)   Constr. rmsd
   -4.38624e+06   -1.32782e+03    0.00000e+00

           Step           Time
            558      558.00000

           Step           Time
            559      559.00000

   Energies (kJ/mol)
           Bond            U-B    Proper Dih.  Improper Dih.      CMAP Dih.
    1.47558e+03    5.63888e+03    9.48639e+03    3.00004e+02   -2.73092e+03
          LJ-14     Coulomb-14        LJ (SR)   Coulomb (SR)   Coul. recip.
    5.26472e+03    1.10819e+05    6.51600e+05   -5.18819e+06    1.98177e+04
      Potential Pressure (bar)   Constr. rmsd
   -4.38652e+06   -1.32789e+03    0.00000e+00

           Step           Time
            560      560.00000

   Energies (kJ/mol)
           Bond            U-B    Proper Dih.  Improper Dih.      CMAP Dih.
    1.66316e+03    5.67128e+03    9.48698e+03    2.99928e+02   -2.73095e+03
          LJ-14     Coulomb-14        LJ (SR)   Coulomb (SR)   Coul. recip.
    5.26490e+03    1.10799e+05    6.51840e+05   -5.18882e+06    1.97970e+04
      Potential Pressure (bar)   Constr. rmsd
   -4.38672e+06   -1.32810e+03    0.00000e+00

           Step           Time
            561      561.00000

   Energies (kJ/mol)
           Bond            U-B    Proper Dih.  Improper Dih.      CMAP Dih.
    1.53489e+03    5.64253e+03    9.48690e+03    2.99880e+02   -2.73102e+03
          LJ-14     Coulomb-14        LJ (SR)   Coulomb (SR)   Coul. recip.
    5.26364e+03    1.10821e+05    6.51951e+05   -5.18912e+06    1.97937e+04
      Potential Pressure (bar)   Constr. rmsd
   -4.38705e+06   -1.32819e+03    0.00000e+00

           Step           Time
            562      562.00000

           Step           Time
            563      563.00000

   Energies (kJ/mol)
           Bond            U-B    Proper Dih.  Improper Dih.      CMAP Dih.
    1.47436e+03    5.64614e+03    9.48718e+03    2.99850e+02   -2.73101e+03
          LJ-14     Coulomb-14        LJ (SR)   Coulomb (SR)   Coul. recip.
    5.26399e+03    1.10807e+05    6.52041e+05   -5.18935e+06    1.97844e+04
      Potential Pressure (bar)   Constr. rmsd
   -4.38728e+06   -1.32827e+03    0.00000e+00

           Step           Time
            564      564.00000

   Energies (kJ/mol)
           Bond            U-B    Proper Dih.  Improper Dih.      CMAP Dih.
    1.59903e+03    5.64746e+03    9.48736e+03    2.99779e+02   -2.73110e+03
          LJ-14     Coulomb-14        LJ (SR)   Coulomb (SR)   Coul. recip.
    5.26274e+03    1.10823e+05    6.52245e+05   -5.18989e+06    1.97737e+04
      Potential Pressure (bar)   Constr. rmsd
   -4.38748e+06   -1.32843e+03    0.00000e+00

           Step           Time
            565      565.00000

   Energies (kJ/mol)
           Bond            U-B    Proper Dih.  Improper Dih.      CMAP Dih.
    1.52380e+03    5.65373e+03    9.48767e+03    2.99748e+02   -2.73108e+03
          LJ-14     Coulomb-14        LJ (SR)   Coulomb (SR)   Coul. recip.
    5.26337e+03    1.10803e+05    6.52339e+05   -5.19014e+06    1.97629e+04
      Potential Pressure (bar)   Constr. rmsd
   -4.38773e+06   -1.32853e+03    0.00000e+00

           Step           Time
            566      566.00000

   Energies (kJ/mol)
           Bond            U-B    Proper Dih.  Improper Dih.      CMAP Dih.
    1.71772e+03    5.65846e+03    9.48777e+03    2.99687e+02   -2.73117e+03
          LJ-14     Coulomb-14        LJ (SR)   Coulomb (SR)   Coul. recip.
    5.26186e+03    1.10826e+05    6.52525e+05   -5.19063e+06    1.97549e+04
      Potential Pressure (bar)   Constr. rmsd
   -4.38783e+06   -1.32867e+03    0.00000e+00

           Step           Time
            567      567.00000

   Energies (kJ/mol)
           Bond            U-B    Proper Dih.  Improper Dih.      CMAP Dih.
    1.64269e+03    5.66902e+03    9.48818e+03    2.99659e+02   -2.73114e+03
          LJ-14     Coulomb-14        LJ (SR)   Coulomb (SR)   Coul. recip.
    5.26287e+03    1.10797e+05    6.52621e+05   -5.19087e+06    1.97422e+04
      Potential Pressure (bar)   Constr. rmsd
   -4.38808e+06   -1.32877e+03    0.00000e+00

           Step           Time
            568      568.00000

           Step           Time
            569      569.00000

   Energies (kJ/mol)
           Bond            U-B    Proper Dih.  Improper Dih.      CMAP Dih.
    1.46735e+03    5.63932e+03    9.48811e+03    2.99614e+02   -2.73120e+03
          LJ-14     Coulomb-14        LJ (SR)   Coulomb (SR)   Coul. recip.
    5.26188e+03    1.10813e+05    6.52708e+05   -5.19111e+06    1.97392e+04
      Potential Pressure (bar)   Constr. rmsd
   -4.38842e+06   -1.32883e+03    0.00000e+00

           Step           Time
            570      570.00000

   Energies (kJ/mol)
           Bond            U-B    Proper Dih.  Improper Dih.      CMAP Dih.
    1.75655e+03    5.68268e+03    9.48890e+03    2.99516e+02   -2.73125e+03
          LJ-14     Coulomb-14        LJ (SR)   Coulomb (SR)   Coul. recip.
    5.26188e+03    1.10792e+05    6.53041e+05   -5.19197e+06    1.97123e+04
      Potential Pressure (bar)   Constr. rmsd
   -4.38867e+06   -1.32913e+03    0.00000e+00

           Step           Time
            571      571.00000

   Energies (kJ/mol)
           Bond            U-B    Proper Dih.  Improper Dih.      CMAP Dih.
    1.52517e+03    5.64239e+03    9.48877e+03    2.99461e+02   -2.73132e+03
          LJ-14     Coulomb-14        LJ (SR)   Coulomb (SR)   Coul. recip.
    5.26056e+03    1.10816e+05    6.53145e+05   -5.19225e+06    1.97097e+04
      Potential Pressure (bar)   Constr. rmsd
   -4.38910e+06   -1.32920e+03    0.00000e+00

           Step           Time
            572      572.00000

           Step           Time
            573      573.00000

   Energies (kJ/mol)
           Bond            U-B    Proper Dih.  Improper Dih.      CMAP Dih.
    1.50065e+03    5.65072e+03    9.48908e+03    2.99428e+02   -2.73132e+03
          LJ-14     Coulomb-14        LJ (SR)   Coulomb (SR)   Coul. recip.
    5.26094e+03    1.10801e+05    6.53251e+05   -5.19253e+06    1.96993e+04
      Potential Pressure (bar)   Constr. rmsd
   -4.38931e+06   -1.32935e+03    0.00000e+00

           Step           Time
            574      574.00000

   Energies (kJ/mol)
           Bond            U-B    Proper Dih.  Improper Dih.      CMAP Dih.
    1.59056e+03    5.64745e+03    9.48917e+03    2.99367e+02   -2.73140e+03
          LJ-14     Coulomb-14        LJ (SR)   Coulomb (SR)   Coul. recip.
    5.25973e+03    1.10818e+05    6.53417e+05   -5.19297e+06    1.96916e+04
      Potential Pressure (bar)   Constr. rmsd
   -4.38948e+06   -1.32948e+03    0.00000e+00

           Step           Time
            575      575.00000

   Energies (kJ/mol)
           Bond            U-B    Proper Dih.  Improper Dih.      CMAP Dih.
    1.57225e+03    5.66064e+03    9.48955e+03    2.99338e+02   -2.73138e+03
          LJ-14     Coulomb-14        LJ (SR)   Coulomb (SR)   Coul. recip.
    5.26041e+03    1.10796e+05    6.53524e+05   -5.19324e+06    1.96797e+04
      Potential Pressure (bar)   Constr. rmsd
   -4.38969e+06   -1.32958e+03    0.00000e+00

           Step           Time
            576      576.00000

   Energies (kJ/mol)
           Bond            U-B    Proper Dih.  Improper Dih.      CMAP Dih.
    1.71711e+03    5.65921e+03    9.48959e+03    2.99276e+02   -2.73148e+03
          LJ-14     Coulomb-14        LJ (SR)   Coulomb (SR)   Coul. recip.
    5.25889e+03    1.10821e+05    6.53688e+05   -5.19367e+06    1.96738e+04
      Potential Pressure (bar)   Constr. rmsd
   -4.38980e+06   -1.32970e+03    0.00000e+00

           Step           Time
            577      577.00000

   Energies (kJ/mol)
           Bond            U-B    Proper Dih.  Improper Dih.      CMAP Dih.
    1.73274e+03    5.67994e+03    9.49004e+03    2.99253e+02   -2.73144e+03
          LJ-14     Coulomb-14        LJ (SR)   Coulomb (SR)   Coul. recip.
    5.25999e+03    1.10790e+05    6.53792e+05   -5.19394e+06    1.96602e+04
      Potential Pressure (bar)   Constr. rmsd
   -4.38996e+06   -1.32980e+03    0.00000e+00

           Step           Time
            578      578.00000

   Energies (kJ/mol)
           Bond            U-B    Proper Dih.  Improper Dih.      CMAP Dih.
    1.96598e+03    5.68576e+03    9.49001e+03    2.99193e+02   -2.73156e+03
          LJ-14     Coulomb-14        LJ (SR)   Coulomb (SR)   Coul. recip.
    5.25797e+03    1.10825e+05    6.53960e+05   -5.19438e+06    1.96567e+04
      Potential Pressure (bar)   Constr. rmsd
   -4.38997e+06   -1.32992e+03    0.00000e+00

           Step           Time
            579      579.00000

   Energies (kJ/mol)
           Bond            U-B    Proper Dih.  Improper Dih.      CMAP Dih.
    2.08775e+03    5.71763e+03    9.49057e+03    2.99180e+02   -2.73149e+03
          LJ-14     Coulomb-14        LJ (SR)   Coulomb (SR)   Coul. recip.
    5.25971e+03    1.10780e+05    6.54059e+05   -5.19462e+06    1.96406e+04
      Potential Pressure (bar)   Constr. rmsd
   -4.39002e+06   -1.33003e+03    0.00000e+00

           Step           Time
            580      580.00000

           Step           Time
            581      581.00000

   Energies (kJ/mol)
           Bond            U-B    Proper Dih.  Improper Dih.      CMAP Dih.
    1.46346e+03    5.64107e+03    9.49034e+03    2.99115e+02   -2.73157e+03
          LJ-14     Coulomb-14        LJ (SR)   Coulomb (SR)   Coul. recip.
    5.25830e+03    1.10806e+05    6.54140e+05   -5.19485e+06    1.96397e+04
      Potential Pressure (bar)   Constr. rmsd
   -4.39085e+06   -1.33009e+03    0.00000e+00

           Step           Time
            582      582.00000

   Energies (kJ/mol)
           Bond            U-B    Proper Dih.  Improper Dih.      CMAP Dih.
    2.37661e+03    5.75111e+03    9.49180e+03    2.98928e+02   -2.73167e+03
          LJ-14     Coulomb-14        LJ (SR)   Coulomb (SR)   Coul. recip.
    5.25772e+03    1.10775e+05    6.54789e+05   -5.19651e+06    1.95900e+04
      Potential Pressure (bar)   Constr. rmsd
   -4.39091e+06   -1.33064e+03    0.00000e+00

           Step           Time
            583      583.00000

   Energies (kJ/mol)
           Bond            U-B    Proper Dih.  Improper Dih.      CMAP Dih.
    1.57093e+03    5.64551e+03    9.49146e+03    2.98846e+02   -2.73179e+03
          LJ-14     Coulomb-14        LJ (SR)   Coulomb (SR)   Coul. recip.
    5.25592e+03    1.10811e+05    6.54890e+05   -5.19679e+06    1.95899e+04
      Potential Pressure (bar)   Constr. rmsd
   -4.39197e+06   -1.33071e+03    0.00000e+00

           Step           Time
            584      584.00000

           Step           Time
            585      585.00000

   Energies (kJ/mol)
           Bond            U-B    Proper Dih.  Improper Dih.      CMAP Dih.
    1.65708e+03    5.67176e+03    9.49190e+03    2.98813e+02   -2.73176e+03
          LJ-14     Coulomb-14        LJ (SR)   Coulomb (SR)   Coul. recip.
    5.25673e+03    1.10787e+05    6.55020e+05   -5.19712e+06    1.95763e+04
      Potential Pressure (bar)   Constr. rmsd
   -4.39209e+06   -1.33083e+03    0.00000e+00

           Step           Time
            586      586.00000

   Energies (kJ/mol)
           Bond            U-B    Proper Dih.  Improper Dih.      CMAP Dih.
    1.69612e+03    5.65800e+03    9.49187e+03    2.98758e+02   -2.73186e+03
          LJ-14     Coulomb-14        LJ (SR)   Coulomb (SR)   Coul. recip.
    5.25516e+03    1.10814e+05    6.55161e+05   -5.19750e+06    1.95724e+04
      Potential Pressure (bar)   Constr. rmsd
   -4.39228e+06   -1.33093e+03    0.00000e+00

           Step           Time
            587      587.00000

   Energies (kJ/mol)
           Bond            U-B    Proper Dih.  Improper Dih.      CMAP Dih.
    1.88011e+03    5.69681e+03    9.49238e+03    2.98729e+02   -2.73181e+03
          LJ-14     Coulomb-14        LJ (SR)   Coulomb (SR)   Coul. recip.
    5.25638e+03    1.10780e+05    6.55283e+05   -5.19780e+06    1.95574e+04
      Potential Pressure (bar)   Constr. rmsd
   -4.39229e+06   -1.33106e+03    0.00000e+00

           Step           Time
            588      588.00000

   Energies (kJ/mol)
           Bond            U-B    Proper Dih.  Improper Dih.      CMAP Dih.
    1.96035e+03    5.68660e+03    9.49230e+03    2.98669e+02   -2.73194e+03
          LJ-14     Coulomb-14        LJ (SR)   Coulomb (SR)   Coul. recip.
    5.25425e+03    1.10819e+05    6.55435e+05   -5.19820e+06    1.95555e+04
      Potential Pressure (bar)   Constr. rmsd
   -4.39243e+06   -1.33116e+03    0.00000e+00

           Step           Time
            589      589.00000

           Step           Time
            590      590.00000

   Energies (kJ/mol)
           Bond            U-B    Proper Dih.  Improper Dih.      CMAP Dih.
    1.46560e+03    5.64616e+03    9.49249e+03    2.98637e+02   -2.73190e+03
          LJ-14     Coulomb-14        LJ (SR)   Coulomb (SR)   Coul. recip.
    5.25516e+03    1.10795e+05    6.55486e+05   -5.19833e+06    1.95464e+04
      Potential Pressure (bar)   Constr. rmsd
   -4.39308e+06   -1.33121e+03    0.00000e+00

           Step           Time
            591      591.00000

           Step           Time
            592      592.00000

   Energies (kJ/mol)
           Bond            U-B    Proper Dih.  Improper Dih.      CMAP Dih.
    1.60982e+03    5.65022e+03    9.49278e+03    2.98548e+02   -2.73201e+03
          LJ-14     Coulomb-14        LJ (SR)   Coulomb (SR)   Coul. recip.
    5.25380e+03    1.10809e+05    6.55743e+05   -5.19900e+06    1.95322e+04
      Potential Pressure (bar)   Constr. rmsd
   -4.39334e+06   -1.33142e+03    0.00000e+00

           Step           Time
            593      593.00000

   Energies (kJ/mol)
           Bond            U-B    Proper Dih.  Improper Dih.      CMAP Dih.
    1.49569e+03    5.65110e+03    9.49303e+03    2.98517e+02   -2.73198e+03
          LJ-14     Coulomb-14        LJ (SR)   Coulomb (SR)   Coul. recip.
    5.25439e+03    1.10791e+05    6.55825e+05   -5.19920e+06    1.95229e+04
      Potential Pressure (bar)   Constr. rmsd
   -4.39360e+06   -1.33150e+03    0.00000e+00

           Step           Time
            594      594.00000

   Energies (kJ/mol)
           Bond            U-B    Proper Dih.  Improper Dih.      CMAP Dih.
    1.71875e+03    5.66029e+03    9.49322e+03    2.98444e+02   -2.73209e+03
          LJ-14     Coulomb-14        LJ (SR)   Coulomb (SR)   Coul. recip.
    5.25294e+03    1.10811e+05    6.56039e+05   -5.19975e+06    1.95131e+04
      Potential Pressure (bar)   Constr. rmsd
   -4.39370e+06   -1.33166e+03    0.00000e+00

           Step           Time
            595      595.00000

   Energies (kJ/mol)
           Bond            U-B    Proper Dih.  Improper Dih.      CMAP Dih.
    1.57979e+03    5.66283e+03    9.49356e+03    2.98418e+02   -2.73204e+03
          LJ-14     Coulomb-14        LJ (SR)   Coulomb (SR)   Coul. recip.
    5.25388e+03    1.10785e+05    6.56125e+05   -5.19997e+06    1.95020e+04
      Potential Pressure (bar)   Constr. rmsd
   -4.39400e+06   -1.33175e+03    0.00000e+00

           Step           Time
            596      596.00000

           Step           Time
            597      597.00000

   Energies (kJ/mol)
           Bond            U-B    Proper Dih.  Improper Dih.      CMAP Dih.
    1.48233e+03    5.64184e+03    9.49355e+03    2.98373e+02   -2.73211e+03
          LJ-14     Coulomb-14        LJ (SR)   Coulomb (SR)   Coul. recip.
    5.25295e+03    1.10800e+05    6.56219e+05   -5.20022e+06    1.94985e+04
      Potential Pressure (bar)   Constr. rmsd
   -4.39426e+06   -1.33182e+03    0.00000e+00

           Step           Time
            598      598.00000

   Energies (kJ/mol)
           Bond            U-B    Proper Dih.  Improper Dih.      CMAP Dih.
    1.66565e+03    5.67354e+03    9.49410e+03    2.98311e+02   -2.73212e+03
          LJ-14     Coulomb-14        LJ (SR)   Coulomb (SR)   Coul. recip.
    5.25319e+03    1.10781e+05    6.56452e+05   -5.20081e+06    1.94794e+04
      Potential Pressure (bar)   Constr. rmsd
   -4.39444e+06   -1.33202e+03    0.00000e+00

           Step           Time
            599      599.00000

   Energies (kJ/mol)
           Bond            U-B    Proper Dih.  Improper Dih.      CMAP Dih.
    1.54092e+03    5.64545e+03    9.49405e+03    2.98257e+02   -2.73221e+03
          LJ-14     Coulomb-14        LJ (SR)   Coulomb (SR)   Coul. recip.
    5.25194e+03    1.10803e+05    6.56561e+05   -5.20110e+06    1.94764e+04
      Potential Pressure (bar)   Constr. rmsd
   -4.39476e+06   -1.33210e+03    0.00000e+00

           Step           Time
            600      600.00000

           Step           Time
            601      601.00000

   Energies (kJ/mol)
           Bond            U-B    Proper Dih.  Improper Dih.      CMAP Dih.
    1.48046e+03    5.64888e+03    9.49430e+03    2.98228e+02   -2.73219e+03
          LJ-14     Coulomb-14        LJ (SR)   Coulomb (SR)   Coul. recip.
    5.25231e+03    1.10789e+05    6.56649e+05   -5.20132e+06    1.94676e+04
      Potential Pressure (bar)   Constr. rmsd
   -4.39497e+06   -1.33218e+03    0.00000e+00

           Step           Time
            602      602.00000

   Energies (kJ/mol)
           Bond            U-B    Proper Dih.  Improper Dih.      CMAP Dih.
    1.60390e+03    5.65026e+03    9.49448e+03    2.98157e+02   -2.73229e+03
          LJ-14     Coulomb-14        LJ (SR)   Coulomb (SR)   Coul. recip.
    5.25110e+03    1.10804e+05    6.56849e+05   -5.20183e+06    1.94578e+04
      Potential Pressure (bar)   Constr. rmsd
   -4.39515e+06   -1.33213e+03    0.00000e+00

           Step           Time
            603      603.00000

   Energies (kJ/mol)
           Bond            U-B    Proper Dih.  Improper Dih.      CMAP Dih.
    1.52685e+03    5.65603e+03    9.49476e+03    2.98130e+02   -2.73226e+03
          LJ-14     Coulomb-14        LJ (SR)   Coulomb (SR)   Coul. recip.
    5.25174e+03    1.10785e+05    6.56940e+05   -5.20206e+06    1.94476e+04
      Potential Pressure (bar)   Constr. rmsd
   -4.39539e+06   -1.33222e+03    0.00000e+00

           Step           Time
            604      604.00000

   Energies (kJ/mol)
           Bond            U-B    Proper Dih.  Improper Dih.      CMAP Dih.
    1.71881e+03    5.66088e+03    9.49487e+03    2.98065e+02   -2.73237e+03
          LJ-14     Coulomb-14        LJ (SR)   Coulomb (SR)   Coul. recip.
    5.25028e+03    1.10807e+05    6.57124e+05   -5.20253e+06    1.94404e+04
      Potential Pressure (bar)   Constr. rmsd
   -4.39547e+06   -1.33235e+03    0.00000e+00

           Step           Time
            605      605.00000

   Energies (kJ/mol)
           Bond            U-B    Proper Dih.  Improper Dih.      CMAP Dih.
    1.63668e+03    5.67023e+03    9.49524e+03    2.98038e+02   -2.73232e+03
          LJ-14     Coulomb-14        LJ (SR)   Coulomb (SR)   Coul. recip.
    5.25130e+03    1.10779e+05    6.57217e+05   -5.20276e+06    1.94284e+04
      Potential Pressure (bar)   Constr. rmsd
   -4.39572e+06   -1.33244e+03    0.00000e+00

           Step           Time
            606      606.00000

           Step           Time
            607      607.00000

   Energies (kJ/mol)
           Bond            U-B    Proper Dih.  Improper Dih.      CMAP Dih.
    1.47453e+03    5.64219e+03    9.49520e+03    2.97997e+02   -2.73238e+03
          LJ-14     Coulomb-14        LJ (SR)   Coulomb (SR)   Coul. recip.
    5.25033e+03    1.10795e+05    6.57303e+05   -5.20299e+06    1.94259e+04
      Potential Pressure (bar)   Constr. rmsd
   -4.39604e+06   -1.33251e+03    0.00000e+00

           Step           Time
            608      608.00000

   Energies (kJ/mol)
           Bond            U-B    Proper Dih.  Improper Dih.      CMAP Dih.
    1.73624e+03    5.68226e+03    9.49589e+03    2.97900e+02   -2.73241e+03
          LJ-14     Coulomb-14        LJ (SR)   Coulomb (SR)   Coul. recip.
    5.25043e+03    1.10775e+05    6.57613e+05   -5.20376e+06    1.94018e+04
      Potential Pressure (bar)   Constr. rmsd
   -4.39624e+06   -1.33277e+03    0.00000e+00

           Step           Time
            609      609.00000

   Energies (kJ/mol)
           Bond            U-B    Proper Dih.  Improper Dih.      CMAP Dih.
    1.53042e+03    5.64518e+03    9.49579e+03    2.97843e+02   -2.73250e+03
          LJ-14     Coulomb-14        LJ (SR)   Coulomb (SR)   Coul. recip.
    5.24914e+03    1.10798e+05    6.57715e+05   -5.20404e+06    1.93994e+04
      Potential Pressure (bar)   Constr. rmsd
   -4.39664e+06   -1.33284e+03    0.00000e+00

           Step           Time
            610      610.00000

           Step           Time
            611      611.00000

   Energies (kJ/mol)
           Bond            U-B    Proper Dih.  Improper Dih.      CMAP Dih.
    1.49931e+03    5.65227e+03    9.49607e+03    2.97814e+02   -2.73249e+03
          LJ-14     Coulomb-14        LJ (SR)   Coulomb (SR)   Coul. recip.
    5.24953e+03    1.10783e+05    6.57816e+05   -5.20429e+06    1.93899e+04
      Potential Pressure (bar)   Constr. rmsd
   -4.39683e+06   -1.33293e+03    0.00000e+00

           Step           Time
            612      612.00000

   Energies (kJ/mol)
           Bond            U-B    Proper Dih.  Improper Dih.      CMAP Dih.
    1.59199e+03    5.64991e+03    9.49620e+03    2.97754e+02   -2.73257e+03
          LJ-14     Coulomb-14        LJ (SR)   Coulomb (SR)   Coul. recip.
    5.24837e+03    1.10799e+05    6.57983e+05   -5.20472e+06    1.93824e+04
      Potential Pressure (bar)   Constr. rmsd
   -4.39700e+06   -1.33306e+03    0.00000e+00

           Step           Time
            613      613.00000

   Energies (kJ/mol)
           Bond            U-B    Proper Dih.  Improper Dih.      CMAP Dih.
    1.56008e+03    5.66089e+03    9.49651e+03    2.97727e+02   -2.73255e+03
          LJ-14     Coulomb-14        LJ (SR)   Coulomb (SR)   Coul. recip.
    5.24904e+03    1.10779e+05    6.58085e+05   -5.20497e+06    1.93716e+04
      Potential Pressure (bar)   Constr. rmsd
   -4.39720e+06   -1.33347e+03    0.00000e+00

           Step           Time
            614      614.00000

   Energies (kJ/mol)
           Bond            U-B    Proper Dih.  Improper Dih.      CMAP Dih.
    1.70903e+03    5.66065e+03    9.49658e+03    2.97667e+02   -2.73265e+03
          LJ-14     Coulomb-14        LJ (SR)   Coulomb (SR)   Coul. recip.
    5.24757e+03    1.10802e+05    6.58249e+05   -5.20539e+06    1.93659e+04
      Potential Pressure (bar)   Constr. rmsd
   -4.39729e+06   -1.33359e+03    0.00000e+00

           Step           Time
            615      615.00000

   Energies (kJ/mol)
           Bond            U-B    Proper Dih.  Improper Dih.      CMAP Dih.
    1.69574e+03    5.67758e+03    9.49697e+03    2.97643e+02   -2.73260e+03
          LJ-14     Coulomb-14        LJ (SR)   Coulomb (SR)   Coul. recip.
    5.24865e+03    1.10773e+05    6.58349e+05   -5.20563e+06    1.93534e+04
      Potential Pressure (bar)   Constr. rmsd
   -4.39747e+06   -1.33369e+03    0.00000e+00

           Step           Time
            616      616.00000

           Step           Time
            617      617.00000

   Energies (kJ/mol)
           Bond            U-B    Proper Dih.  Improper Dih.      CMAP Dih.
    1.46837e+03    5.64279e+03    9.49690e+03    2.97599e+02   -2.73267e+03
          LJ-14     Coulomb-14        LJ (SR)   Coulomb (SR)   Coul. recip.
    5.24765e+03    1.10790e+05    6.58429e+05   -5.20584e+06    1.93513e+04
      Potential Pressure (bar)   Constr. rmsd
   -4.39785e+06   -1.33375e+03    0.00000e+00

           Step           Time
            618      618.00000

   Energies (kJ/mol)
           Bond            U-B    Proper Dih.  Improper Dih.      CMAP Dih.
    1.80945e+03    5.69116e+03    9.49779e+03    2.97458e+02   -2.73272e+03
          LJ-14     Coulomb-14        LJ (SR)   Coulomb (SR)   Coul. recip.
    5.24745e+03    1.10769e+05    6.58870e+05   -5.20694e+06    1.93190e+04
      Potential Pressure (bar)   Constr. rmsd
   -4.39817e+06   -1.33375e+03    0.00000e+00

           Step           Time
            619      619.00000

   Energies (kJ/mol)
           Bond            U-B    Proper Dih.  Improper Dih.      CMAP Dih.
    1.52038e+03    5.64490e+03    9.49768e+03    2.97401e+02   -2.73282e+03
          LJ-14     Coulomb-14        LJ (SR)   Coulomb (SR)   Coul. recip.
    5.24614e+03    1.10792e+05    6.58967e+05   -5.20720e+06    1.93170e+04
      Potential Pressure (bar)   Constr. rmsd
   -4.39865e+06   -1.33382e+03    0.00000e+00

           Step           Time
            620      620.00000

           Step           Time
            621      621.00000

   Energies (kJ/mol)
           Bond            U-B    Proper Dih.  Improper Dih.      CMAP Dih.
    1.52330e+03    5.65618e+03    9.49798e+03    2.97371e+02   -2.73280e+03
          LJ-14     Coulomb-14        LJ (SR)   Coulomb (SR)   Coul. recip.
    5.24654e+03    1.10777e+05    6.59083e+05   -5.20749e+06    1.93066e+04
      Potential Pressure (bar)   Constr. rmsd
   -4.39883e+06   -1.33392e+03    0.00000e+00

           Step           Time
            622      622.00000

   Energies (kJ/mol)
           Bond            U-B    Proper Dih.  Improper Dih.      CMAP Dih.
    1.58003e+03    5.64953e+03    9.49805e+03    2.97315e+02   -2.73289e+03
          LJ-14     Coulomb-14        LJ (SR)   Coulomb (SR)   Coul. recip.
    5.24540e+03    1.10794e+05    6.59229e+05   -5.20786e+06    1.93008e+04
      Potential Pressure (bar)   Constr. rmsd
   -4.39900e+06   -1.33403e+03    0.00000e+00

           Step           Time
            623      623.00000

   Energies (kJ/mol)
           Bond            U-B    Proper Dih.  Improper Dih.      CMAP Dih.
    1.60011e+03    5.66647e+03    9.49838e+03    2.97288e+02   -2.73286e+03
          LJ-14     Coulomb-14        LJ (SR)   Coulomb (SR)   Coul. recip.
    5.24610e+03    1.10773e+05    6.59342e+05   -5.20814e+06    1.92893e+04
      Potential Pressure (bar)   Constr. rmsd
   -4.39916e+06   -1.33384e+03    0.00000e+00

           Step           Time
            624      624.00000

   Energies (kJ/mol)
           Bond            U-B    Proper Dih.  Improper Dih.      CMAP Dih.
    1.69815e+03    5.66040e+03    9.49842e+03    2.97224e+02   -2.73297e+03
          LJ-14     Coulomb-14        LJ (SR)   Coulomb (SR)   Coul. recip.
    5.24461e+03    1.10797e+05    6.59492e+05   -5.20852e+06    1.92847e+04
      Potential Pressure (bar)   Constr. rmsd
   -4.39928e+06   -1.33394e+03    0.00000e+00

           Step           Time
            625      625.00000

   Energies (kJ/mol)
           Bond            U-B    Proper Dih.  Improper Dih.      CMAP Dih.
    1.76410e+03    5.68579e+03    9.49884e+03    2.97204e+02   -2.73290e+03
          LJ-14     Coulomb-14        LJ (SR)   Coulomb (SR)   Coul. recip.
    5.24575e+03    1.10766e+05    6.59600e+05   -5.20878e+06    1.92717e+04
      Potential Pressure (bar)   Constr. rmsd
   -4.39938e+06   -1.33405e+03    0.00000e+00

           Step           Time
            626      626.00000

   Energies (kJ/mol)
           Bond            U-B    Proper Dih.  Improper Dih.      CMAP Dih.
    1.93229e+03    5.68510e+03    9.49882e+03    2.97147e+02   -2.73305e+03
          LJ-14     Coulomb-14        LJ (SR)   Coulomb (SR)   Coul. recip.
    5.24377e+03    1.10801e+05    6.59756e+05   -5.20918e+06    1.92691e+04
      Potential Pressure (bar)   Constr. rmsd
   -4.39943e+06   -1.33415e+03    0.00000e+00

           Step           Time
            627      627.00000

           Step           Time
            628      628.00000

   Energies (kJ/mol)
           Bond            U-B    Proper Dih.  Improper Dih.      CMAP Dih.
    1.46240e+03    5.64644e+03    9.49896e+03    2.97119e+02   -2.73301e+03
          LJ-14     Coulomb-14        LJ (SR)   Coulomb (SR)   Coul. recip.
    5.24460e+03    1.10780e+05    6.59802e+05   -5.20930e+06    1.92611e+04
      Potential Pressure (bar)   Constr. rmsd
   -4.40004e+06   -1.33420e+03    0.00000e+00

           Step           Time
            629      629.00000

   Energies (kJ/mol)
           Bond            U-B    Proper Dih.  Improper Dih.      CMAP Dih.
    2.19579e+03    5.70629e+03    9.50008e+03    2.96849e+02   -2.73330e+03
          LJ-14     Coulomb-14        LJ (SR)   Coulomb (SR)   Coul. recip.
    5.24139e+03    1.10805e+05    6.60617e+05   -5.21132e+06    1.92153e+04
      Potential Pressure (bar)   Constr. rmsd
   -4.40048e+06   -1.33484e+03    0.00000e+00

           Step           Time
            630      630.00000

   Energies (kJ/mol)
           Bond            U-B    Proper Dih.  Improper Dih.      CMAP Dih.
    1.50876e+03    5.65474e+03    9.50028e+03    2.96809e+02   -2.73322e+03
          LJ-14     Coulomb-14        LJ (SR)   Coulomb (SR)   Coul. recip.
    5.24271e+03    1.10773e+05    6.60663e+05   -5.21144e+06    1.92050e+04
      Potential Pressure (bar)   Constr. rmsd
   -4.40133e+06   -1.33461e+03    0.00000e+00

           Step           Time
            631      631.00000

           Step           Time
            632      632.00000

   Energies (kJ/mol)
           Bond            U-B    Proper Dih.  Improper Dih.      CMAP Dih.
    1.63399e+03    5.65432e+03    9.50042e+03    2.96752e+02   -2.73331e+03
          LJ-14     Coulomb-14        LJ (SR)   Coulomb (SR)   Coul. recip.
    5.24150e+03    1.10790e+05    6.60836e+05   -5.21187e+06    1.91978e+04
      Potential Pressure (bar)   Constr. rmsd
   -4.40146e+06   -1.33474e+03    0.00000e+00

           Step           Time
            633      633.00000

   Energies (kJ/mol)
           Bond            U-B    Proper Dih.  Improper Dih.      CMAP Dih.
    1.58605e+03    5.66549e+03    9.50072e+03    2.96728e+02   -2.73326e+03
          LJ-14     Coulomb-14        LJ (SR)   Coulomb (SR)   Coul. recip.
    5.24230e+03    1.10767e+05    6.60933e+05   -5.21211e+06    1.91871e+04
      Potential Pressure (bar)   Constr. rmsd
   -4.40166e+06   -1.33483e+03    0.00000e+00

           Step           Time
            634      634.00000

   Energies (kJ/mol)
           Bond            U-B    Proper Dih.  Improper Dih.      CMAP Dih.
    1.77875e+03    5.66866e+03    9.50078e+03    2.96672e+02   -2.73339e+03
          LJ-14     Coulomb-14        LJ (SR)   Coulomb (SR)   Coul. recip.
    5.24073e+03    1.10793e+05    6.61099e+05   -5.21253e+06    1.91822e+04
      Potential Pressure (bar)   Constr. rmsd
   -4.40170e+06   -1.33494e+03    0.00000e+00

           Step           Time
            635      635.00000

   Energies (kJ/mol)
           Bond            U-B    Proper Dih.  Improper Dih.      CMAP Dih.
    1.75549e+03    5.68563e+03    9.50116e+03    2.96651e+02   -2.73332e+03
          LJ-14     Coulomb-14        LJ (SR)   Coulomb (SR)   Coul. recip.
    5.24197e+03    1.10761e+05    6.61194e+05   -5.21275e+06    1.91698e+04
      Potential Pressure (bar)   Constr. rmsd
   -4.40188e+06   -1.33504e+03    0.00000e+00

           Step           Time
            636      636.00000

           Step           Time
            637      637.00000

   Energies (kJ/mol)
           Bond            U-B    Proper Dih.  Improper Dih.      CMAP Dih.
    1.47563e+03    5.64464e+03    9.50108e+03    2.96603e+02   -2.73340e+03
          LJ-14     Coulomb-14        LJ (SR)   Coulomb (SR)   Coul. recip.
    5.24088e+03    1.10780e+05    6.61275e+05   -5.21296e+06    1.91680e+04
      Potential Pressure (bar)   Constr. rmsd
   -4.40232e+06   -1.33509e+03    0.00000e+00

           Step           Time
            638      638.00000

   Energies (kJ/mol)
           Bond            U-B    Proper Dih.  Improper Dih.      CMAP Dih.
    1.89695e+03    5.70206e+03    9.50192e+03    2.96477e+02   -2.73343e+03
          LJ-14     Coulomb-14        LJ (SR)   Coulomb (SR)   Coul. recip.
    5.24088e+03    1.10756e+05    6.61691e+05   -5.21398e+06    1.91378e+04
      Potential Pressure (bar)   Constr. rmsd
   -4.40249e+06   -1.33543e+03    0.00000e+00

           Step           Time
            639      639.00000

   Energies (kJ/mol)
           Bond            U-B    Proper Dih.  Improper Dih.      CMAP Dih.
    1.54066e+03    5.64780e+03    9.50178e+03    2.96420e+02   -2.73355e+03
          LJ-14     Coulomb-14        LJ (SR)   Coulomb (SR)   Coul. recip.
    5.23946e+03    1.10783e+05    6.61788e+05   -5.21424e+06    1.91367e+04
      Potential Pressure (bar)   Constr. rmsd
   -4.40304e+06   -1.33521e+03    0.00000e+00

           Step           Time
            640      640.00000

           Step           Time
            641      641.00000

   Energies (kJ/mol)
           Bond            U-B    Proper Dih.  Improper Dih.      CMAP Dih.
    1.54203e+03    5.65995e+03    9.50207e+03    2.96390e+02   -2.73353e+03
          LJ-14     Coulomb-14        LJ (SR)   Coulomb (SR)   Coul. recip.
    5.23994e+03    1.10766e+05    6.61901e+05   -5.21451e+06    1.91263e+04
      Potential Pressure (bar)   Constr. rmsd
   -4.40321e+06   -1.33531e+03    0.00000e+00

           Step           Time
            642      642.00000

   Energies (kJ/mol)
           Bond            U-B    Proper Dih.  Improper Dih.      CMAP Dih.
    1.61536e+03    5.65392e+03    9.50213e+03    2.96331e+02   -2.73363e+03
          LJ-14     Coulomb-14        LJ (SR)   Coulomb (SR)   Coul. recip.
    5.23872e+03    1.10785e+05    6.62047e+05   -5.21487e+06    1.91210e+04
      Potential Pressure (bar)   Constr. rmsd
   -4.40335e+06   -1.33542e+03    0.00000e+00

           Step           Time
            643      643.00000

   Energies (kJ/mol)
           Bond            U-B    Proper Dih.  Improper Dih.      CMAP Dih.
    1.63766e+03    5.67227e+03    9.50248e+03    2.96304e+02   -2.73358e+03
          LJ-14     Coulomb-14        LJ (SR)   Coulomb (SR)   Coul. recip.
    5.23954e+03    1.10761e+05    6.62156e+05   -5.21513e+06    1.91096e+04
      Potential Pressure (bar)   Constr. rmsd
   -4.40349e+06   -1.33552e+03    0.00000e+00

           Step           Time
            644      644.00000

   Energies (kJ/mol)
           Bond            U-B    Proper Dih.  Improper Dih.      CMAP Dih.
    1.76260e+03    5.66810e+03    9.50248e+03    2.96245e+02   -2.73371e+03
          LJ-14     Coulomb-14        LJ (SR)   Coulomb (SR)   Coul. recip.
    5.23794e+03    1.10788e+05    6.62307e+05   -5.21552e+06    1.91059e+04
      Potential Pressure (bar)   Constr. rmsd
   -4.40358e+06   -1.33562e+03    0.00000e+00

           Step           Time
            645      645.00000

   Energies (kJ/mol)
           Bond            U-B    Proper Dih.  Improper Dih.      CMAP Dih.
    1.84312e+03    5.69565e+03    9.50290e+03    2.96227e+02   -2.73363e+03
          LJ-14     Coulomb-14        LJ (SR)   Coulomb (SR)   Coul. recip.
    5.23925e+03    1.10754e+05    6.62411e+05   -5.21576e+06    1.90928e+04
      Potential Pressure (bar)   Constr. rmsd
   -4.40366e+06   -1.33572e+03    0.00000e+00

           Step           Time
            646      646.00000

           Step           Time
            647      647.00000

   Energies (kJ/mol)
           Bond            U-B    Proper Dih.  Improper Dih.      CMAP Dih.
    1.46939e+03    5.64546e+03    9.50281e+03    2.96182e+02   -2.73372e+03
          LJ-14     Coulomb-14        LJ (SR)   Coulomb (SR)   Coul. recip.
    5.23813e+03    1.10774e+05    6.62486e+05   -5.21596e+06    1.90916e+04
      Potential Pressure (bar)   Constr. rmsd
   -4.40419e+06   -1.33577e+03    0.00000e+00

           Step           Time
            648      648.00000

   Energies (kJ/mol)
           Bond            U-B    Proper Dih.  Improper Dih.      CMAP Dih.
    1.99004e+03    5.71350e+03    9.50402e+03    2.95967e+02   -2.73382e+03
          LJ-14     Coulomb-14        LJ (SR)   Coulomb (SR)   Coul. recip.
    5.23747e+03    1.10750e+05    6.63170e+05   -5.21762e+06    1.90454e+04
      Potential Pressure (bar)   Constr. rmsd
   -4.40465e+06   -1.33595e+03    0.00000e+00

           Step           Time
            649      649.00000

   Energies (kJ/mol)
           Bond            U-B    Proper Dih.  Improper Dih.      CMAP Dih.
    1.52963e+03    5.64701e+03    9.50386e+03    2.95907e+02   -2.73394e+03
          LJ-14     Coulomb-14        LJ (SR)   Coulomb (SR)   Coul. recip.
    5.23603e+03    1.10777e+05    6.63263e+05   -5.21786e+06    1.90446e+04
      Potential Pressure (bar)   Constr. rmsd
   -4.40530e+06   -1.33601e+03    0.00000e+00

           Step           Time
            650      650.00000

           Step           Time
            651      651.00000

   Energies (kJ/mol)
           Bond            U-B    Proper Dih.  Improper Dih.      CMAP Dih.
    1.57660e+03    5.66501e+03    9.50418e+03    2.95874e+02   -2.73392e+03
          LJ-14     Coulomb-14        LJ (SR)   Coulomb (SR)   Coul. recip.
    5.23657e+03    1.10759e+05    6.63393e+05   -5.21817e+06    1.90333e+04
      Potential Pressure (bar)   Constr. rmsd
   -4.40544e+06   -1.33612e+03    0.00000e+00

           Step           Time
            652      652.00000

   Energies (kJ/mol)
           Bond            U-B    Proper Dih.  Improper Dih.      CMAP Dih.
    1.59948e+03    5.65321e+03    9.50421e+03    2.95824e+02   -2.73402e+03
          LJ-14     Coulomb-14        LJ (SR)   Coulomb (SR)   Coul. recip.
    5.23534e+03    1.10779e+05    6.63524e+05   -5.21850e+06    1.90291e+04
      Potential Pressure (bar)   Constr. rmsd
   -4.40561e+06   -1.33621e+03    0.00000e+00

           Step           Time
            653      653.00000

   Energies (kJ/mol)
           Bond            U-B    Proper Dih.  Improper Dih.      CMAP Dih.
    1.69392e+03    5.67938e+03    9.50456e+03    2.95792e+02   -2.73397e+03
          LJ-14     Coulomb-14        LJ (SR)   Coulomb (SR)   Coul. recip.
    5.23622e+03    1.10754e+05    6.63646e+05   -5.21879e+06    1.90170e+04
      Potential Pressure (bar)   Constr. rmsd
   -4.40570e+06   -1.33632e+03    0.00000e+00

           Step           Time
            654      654.00000

   Energies (kJ/mol)
           Bond            U-B    Proper Dih.  Improper Dih.      CMAP Dih.
    1.74562e+03    5.66739e+03    9.50456e+03    2.95742e+02   -2.73411e+03
          LJ-14     Coulomb-14        LJ (SR)   Coulomb (SR)   Coul. recip.
    5.23457e+03    1.10782e+05    6.63785e+05   -5.21914e+06    1.90143e+04
      Potential Pressure (bar)   Constr. rmsd
   -4.40584e+06   -1.33642e+03    0.00000e+00

           Step           Time
            655      655.00000

           Step           Time
            656      656.00000

   Energies (kJ/mol)
           Bond            U-B    Proper Dih.  Improper Dih.      CMAP Dih.
    1.47028e+03    5.64919e+03    9.50471e+03    2.95718e+02   -2.73406e+03
          LJ-14     Coulomb-14        LJ (SR)   Coulomb (SR)   Coul. recip.
    5.23522e+03    1.10765e+05    6.63839e+05   -5.21927e+06    1.90072e+04
      Potential Pressure (bar)   Constr. rmsd
   -4.40624e+06   -1.33647e+03    0.00000e+00

           Step           Time
            657      657.00000

   Energies (kJ/mol)
           Bond            U-B    Proper Dih.  Improper Dih.      CMAP Dih.
    1.90061e+03    5.68081e+03    9.50531e+03    2.95553e+02   -2.73427e+03
          LJ-14     Coulomb-14        LJ (SR)   Coulomb (SR)   Coul. recip.
    5.23309e+03    1.10785e+05    6.64342e+05   -5.22049e+06    1.89811e+04
      Potential Pressure (bar)   Constr. rmsd
   -4.40650e+06   -1.33655e+03    0.00000e+00

           Step           Time
            658      658.00000

   Energies (kJ/mol)
           Bond            U-B    Proper Dih.  Improper Dih.      CMAP Dih.
    1.51157e+03    5.65648e+03    9.50550e+03    2.95527e+02   -2.73420e+03
          LJ-14     Coulomb-14        LJ (SR)   Coulomb (SR)   Coul. recip.
    5.23411e+03    1.10759e+05    6.64400e+05   -5.22063e+06    1.89723e+04
      Potential Pressure (bar)   Constr. rmsd
   -4.40703e+06   -1.33661e+03    0.00000e+00

           Step           Time
            659      659.00000

           Step           Time
            660      660.00000

   Energies (kJ/mol)
           Bond            U-B    Proper Dih.  Improper Dih.      CMAP Dih.
    1.55990e+03    5.65059e+03    9.50560e+03    2.95478e+02   -2.73429e+03
          LJ-14     Coulomb-14        LJ (SR)   Coulomb (SR)   Coul. recip.
    5.23311e+03    1.10774e+05    6.64542e+05   -5.22098e+06    1.89665e+04
      Potential Pressure (bar)   Constr. rmsd
   -4.40719e+06   -1.33672e+03    0.00000e+00

           Step           Time
            661      661.00000

   Energies (kJ/mol)
           Bond            U-B    Proper Dih.  Improper Dih.      CMAP Dih.
    1.56797e+03    5.66443e+03    9.50587e+03    2.95447e+02   -2.73426e+03
          LJ-14     Coulomb-14        LJ (SR)   Coulomb (SR)   Coul. recip.
    5.23369e+03    1.10755e+05    6.64653e+05   -5.22124e+06    1.89563e+04
      Potential Pressure (bar)   Constr. rmsd
   -4.40734e+06   -1.33681e+03    0.00000e+00

           Step           Time
            662      662.00000

   Energies (kJ/mol)
           Bond            U-B    Proper Dih.  Improper Dih.      CMAP Dih.
    1.65035e+03    5.65845e+03    9.50593e+03    2.95397e+02   -2.73438e+03
          LJ-14     Coulomb-14        LJ (SR)   Coulomb (SR)   Coul. recip.
    5.23238e+03    1.10776e+05    6.64797e+05   -5.22160e+06    1.89518e+04
      Potential Pressure (bar)   Constr. rmsd
   -4.40747e+06   -1.33691e+03    0.00000e+00

           Step           Time
            663      663.00000

   Energies (kJ/mol)
           Bond            U-B    Proper Dih.  Improper Dih.      CMAP Dih.
    1.68889e+03    5.67931e+03    9.50626e+03    2.95367e+02   -2.73431e+03
          LJ-14     Coulomb-14        LJ (SR)   Coulomb (SR)   Coul. recip.
    5.23334e+03    1.10750e+05    6.64905e+05   -5.22185e+06    1.89405e+04
      Potential Pressure (bar)   Constr. rmsd
   -4.40759e+06   -1.33701e+03    0.00000e+00

           Step           Time
            664      664.00000

   Energies (kJ/mol)
           Bond            U-B    Proper Dih.  Improper Dih.      CMAP Dih.
    1.82934e+03    5.67653e+03    9.50628e+03    2.95318e+02   -2.73447e+03
          LJ-14     Coulomb-14        LJ (SR)   Coulomb (SR)   Coul. recip.
    5.23161e+03    1.10780e+05    6.65055e+05   -5.22222e+06    1.89376e+04
      Potential Pressure (bar)   Constr. rmsd
   -4.40765e+06   -1.33711e+03    0.00000e+00

           Step           Time
            665      665.00000

   Energies (kJ/mol)
           Bond            U-B    Proper Dih.  Improper Dih.      CMAP Dih.
    1.94832e+03    5.70771e+03    9.50667e+03    2.95294e+02   -2.73436e+03
          LJ-14     Coulomb-14        LJ (SR)   Coulomb (SR)   Coul. recip.
    5.23311e+03    1.10742e+05    6.65156e+05   -5.22245e+06    1.89243e+04
      Potential Pressure (bar)   Constr. rmsd
   -4.40767e+06   -1.33721e+03    0.00000e+00

           Step           Time
            666      666.00000

           Step           Time
            667      667.00000

   Energies (kJ/mol)
           Bond            U-B    Proper Dih.  Improper Dih.      CMAP Dih.
    1.47322e+03    5.64729e+03    9.50655e+03    2.95249e+02   -2.73447e+03
          LJ-14     Coulomb-14        LJ (SR)   Coulomb (SR)   Coul. recip.
    5.23187e+03    1.10764e+05    6.65230e+05   -5.22265e+06    1.89235e+04
      Potential Pressure (bar)   Constr. rmsd
   -4.40831e+06   -1.33770e+03    0.00000e+00

           Step           Time
            668      668.00000

   Energies (kJ/mol)
           Bond            U-B    Proper Dih.  Improper Dih.      CMAP Dih.
    2.12272e+03    5.72915e+03    9.50780e+03    2.95020e+02   -2.73457e+03
          LJ-14     Coulomb-14        LJ (SR)   Coulomb (SR)   Coul. recip.
    5.23120e+03    1.10738e+05    6.65956e+05   -5.22438e+06    1.88759e+04
      Potential Pressure (bar)   Constr. rmsd
   -4.40866e+06   -1.33827e+03    0.00000e+00

           Step           Time
            669      669.00000

   Energies (kJ/mol)
           Bond            U-B    Proper Dih.  Improper Dih.      CMAP Dih.
    1.54606e+03    5.64922e+03    9.50762e+03    2.94960e+02   -2.73472e+03
          LJ-14     Coulomb-14        LJ (SR)   Coulomb (SR)   Coul. recip.
    5.22963e+03    1.10768e+05    6.66048e+05   -5.22463e+06    1.88757e+04
      Potential Pressure (bar)   Constr. rmsd
   -4.40944e+06   -1.33833e+03    0.00000e+00

           Step           Time
            670      670.00000

           Step           Time
            671      671.00000

   Energies (kJ/mol)
           Bond            U-B    Proper Dih.  Improper Dih.      CMAP Dih.
    1.61098e+03    5.67038e+03    9.50792e+03    2.94932e+02   -2.73468e+03
          LJ-14     Coulomb-14        LJ (SR)   Coulomb (SR)   Coul. recip.
    5.23031e+03    1.10749e+05    6.66178e+05   -5.22493e+06    1.88646e+04
      Potential Pressure (bar)   Constr. rmsd
   -4.40956e+06   -1.33844e+03    0.00000e+00

           Step           Time
            672      672.00000

   Energies (kJ/mol)
           Bond            U-B    Proper Dih.  Improper Dih.      CMAP Dih.
    1.62930e+03    5.65725e+03    9.50796e+03    2.94885e+02   -2.73480e+03
          LJ-14     Coulomb-14        LJ (SR)   Coulomb (SR)   Coul. recip.
    5.22899e+03    1.10770e+05    6.66306e+05   -5.22525e+06    1.88611e+04
      Potential Pressure (bar)   Constr. rmsd
   -4.40973e+06   -1.33852e+03    0.00000e+00

           Step           Time
            673      673.00000

   Energies (kJ/mol)
           Bond            U-B    Proper Dih.  Improper Dih.      CMAP Dih.
    1.75899e+03    5.68777e+03    9.50829e+03    2.94854e+02   -2.73473e+03
          LJ-14     Coulomb-14        LJ (SR)   Coulomb (SR)   Coul. recip.
    5.22999e+03    1.10743e+05    6.66428e+05   -5.22552e+06    1.88490e+04
      Potential Pressure (bar)   Constr. rmsd
   -4.40976e+06   -1.33863e+03    0.00000e+00

           Step           Time
            674      674.00000

   Energies (kJ/mol)
           Bond            U-B    Proper Dih.  Improper Dih.      CMAP Dih.
    1.80581e+03    5.67525e+03    9.50827e+03    2.94809e+02   -2.73489e+03
          LJ-14     Coulomb-14        LJ (SR)   Coulomb (SR)   Coul. recip.
    5.22822e+03    1.10774e+05    6.66565e+05   -5.22587e+06    1.88470e+04
      Potential Pressure (bar)   Constr. rmsd
   -4.40990e+06   -1.33872e+03    0.00000e+00

           Step           Time
            675      675.00000

           Step           Time
            676      676.00000

   Energies (kJ/mol)
           Bond            U-B    Proper Dih.  Improper Dih.      CMAP Dih.
    1.47654e+03    5.65150e+03    9.50840e+03    2.94779e+02   -2.73484e+03
          LJ-14     Coulomb-14        LJ (SR)   Coulomb (SR)   Coul. recip.
    5.22896e+03    1.10755e+05    6.66617e+05   -5.22599e+06    1.88398e+04
      Potential Pressure (bar)   Constr. rmsd
   -4.41035e+06   -1.33877e+03    0.00000e+00

           Step           Time
            677      677.00000

   Energies (kJ/mol)
           Bond            U-B    Proper Dih.  Improper Dih.      CMAP Dih.
    1.99646e+03    5.69244e+03    9.50896e+03    2.94642e+02   -2.73507e+03
          LJ-14     Coulomb-14        LJ (SR)   Coulomb (SR)   Coul. recip.
    5.22681e+03    1.10777e+05    6.67088e+05   -5.22712e+06    1.88171e+04
      Potential Pressure (bar)   Constr. rmsd
   -4.41045e+06   -1.33912e+03    0.00000e+00

           Step           Time
            678      678.00000

   Energies (kJ/mol)
           Bond            U-B    Proper Dih.  Improper Dih.      CMAP Dih.
    1.53020e+03    5.66029e+03    9.50911e+03    2.94608e+02   -2.73498e+03
          LJ-14     Coulomb-14        LJ (SR)   Coulomb (SR)   Coul. recip.
    5.22797e+03    1.10749e+05    6.67143e+05   -5.22724e+06    1.88079e+04
      Potential Pressure (bar)   Constr. rmsd
   -4.41106e+06   -1.33918e+03    0.00000e+00

           Step           Time
            679      679.00000

           Step           Time
            680      680.00000

   Energies (kJ/mol)
           Bond            U-B    Proper Dih.  Improper Dih.      CMAP Dih.
    1.58058e+03    5.65380e+03    9.50920e+03    2.94564e+02   -2.73508e+03
          LJ-14     Coulomb-14        LJ (SR)   Coulomb (SR)   Coul. recip.
    5.22689e+03    1.10765e+05    6.67281e+05   -5.22758e+06    1.88030e+04
      Potential Pressure (bar)   Constr. rmsd
   -4.41120e+06   -1.33928e+03    0.00000e+00

           Step           Time
            681      681.00000

   Energies (kJ/mol)
           Bond            U-B    Proper Dih.  Improper Dih.      CMAP Dih.
    1.60205e+03    5.66991e+03    9.50946e+03    2.94527e+02   -2.73503e+03
          LJ-14     Coulomb-14        LJ (SR)   Coulomb (SR)   Coul. recip.
    5.22758e+03    1.10745e+05    6.67392e+05   -5.22784e+06    1.87927e+04
      Potential Pressure (bar)   Constr. rmsd
   -4.41134e+06   -1.33937e+03    0.00000e+00

           Step           Time
            682      682.00000

   Energies (kJ/mol)
           Bond            U-B    Proper Dih.  Improper Dih.      CMAP Dih.
    1.69038e+03    5.66381e+03    9.50952e+03    2.94483e+02   -2.73517e+03
          LJ-14     Coulomb-14        LJ (SR)   Coulomb (SR)   Coul. recip.
    5.22617e+03    1.10768e+05    6.67533e+05   -5.22819e+06    1.87891e+04
      Potential Pressure (bar)   Constr. rmsd
   -4.41145e+06   -1.33947e+03    0.00000e+00

           Step           Time
            683      683.00000

   Energies (kJ/mol)
           Bond            U-B    Proper Dih.  Improper Dih.      CMAP Dih.
    1.75569e+03    5.68802e+03    9.50983e+03    2.94453e+02   -2.73509e+03
          LJ-14     Coulomb-14        LJ (SR)   Coulomb (SR)   Coul. recip.
    5.22728e+03    1.10739e+05    6.67640e+05   -5.22843e+06    1.87776e+04
      Potential Pressure (bar)   Constr. rmsd
   -4.41153e+06   -1.33957e+03    0.00000e+00

           Step           Time
            684      684.00000

   Energies (kJ/mol)
           Bond            U-B    Proper Dih.  Improper Dih.      CMAP Dih.
    1.90831e+03    5.68681e+03    9.50984e+03    2.94413e+02   -2.73527e+03
          LJ-14     Coulomb-14        LJ (SR)   Coulomb (SR)   Coul. recip.
    5.22540e+03    1.10772e+05    6.67788e+05   -5.22879e+06    1.87756e+04
      Potential Pressure (bar)   Constr. rmsd
   -4.41156e+06   -1.33966e+03    0.00000e+00

           Step           Time
            685      685.00000

           Step           Time
            686      686.00000

   Energies (kJ/mol)
           Bond            U-B    Proper Dih.  Improper Dih.      CMAP Dih.
    1.47291e+03    5.65113e+03    9.50994e+03    2.94381e+02   -2.73520e+03
          LJ-14     Coulomb-14        LJ (SR)   Coulomb (SR)   Coul. recip.
    5.22619e+03    1.10752e+05    6.67833e+05   -5.22890e+06    1.87684e+04
      Potential Pressure (bar)   Constr. rmsd
   -4.41213e+06   -1.33971e+03    0.00000e+00

           Step           Time
            687      687.00000

   Energies (kJ/mol)
           Bond            U-B    Proper Dih.  Improper Dih.      CMAP Dih.
    2.16207e+03    5.70779e+03    9.51087e+03    2.94147e+02   -2.73555e+03
          LJ-14     Coulomb-14        LJ (SR)   Coulomb (SR)   Coul. recip.
    5.22330e+03    1.10776e+05    6.68591e+05   -5.23070e+06    1.87302e+04
      Potential Pressure (bar)   Constr. rmsd
   -4.41244e+06   -1.34027e+03    0.00000e+00

           Step           Time
            688      688.00000

   Energies (kJ/mol)
           Bond            U-B    Proper Dih.  Improper Dih.      CMAP Dih.
    1.51713e+03    5.65904e+03    9.51098e+03    2.94109e+02   -2.73543e+03
          LJ-14     Coulomb-14        LJ (SR)   Coulomb (SR)   Coul. recip.
    5.22456e+03    1.10745e+05    6.68637e+05   -5.23080e+06    1.87208e+04
      Potential Pressure (bar)   Constr. rmsd
   -4.41323e+06   -1.34032e+03    0.00000e+00

           Step           Time
            689      689.00000

           Step           Time
            690      690.00000

   Energies (kJ/mol)
           Bond            U-B    Proper Dih.  Improper Dih.      CMAP Dih.
    1.63378e+03    5.65856e+03    9.51109e+03    2.94056e+02   -2.73555e+03
          LJ-14     Coulomb-14        LJ (SR)   Coulomb (SR)   Coul. recip.
    5.22340e+03    1.10762e+05    6.68801e+05   -5.23120e+06    1.87148e+04
      Potential Pressure (bar)   Constr. rmsd
   -4.41334e+06   -1.34044e+03    0.00000e+00

           Step           Time
            691      691.00000

   Energies (kJ/mol)
           Bond            U-B    Proper Dih.  Improper Dih.      CMAP Dih.
    1.59074e+03    5.66927e+03    9.51133e+03    2.94029e+02   -2.73549e+03
          LJ-14     Coulomb-14        LJ (SR)   Coulomb (SR)   Coul. recip.
    5.22421e+03    1.10740e+05    6.68895e+05   -5.23142e+06    1.87054e+04
      Potential Pressure (bar)   Constr. rmsd
   -4.41352e+06   -1.34052e+03    0.00000e+00

           Step           Time
            692      692.00000

   Energies (kJ/mol)
           Bond            U-B    Proper Dih.  Improper Dih.      CMAP Dih.
    1.77094e+03    5.67216e+03    9.51140e+03    2.93984e+02   -2.73565e+03
          LJ-14     Coulomb-14        LJ (SR)   Coulomb (SR)   Coul. recip.
    5.22269e+03    1.10765e+05    6.69054e+05   -5.23180e+06    1.87011e+04
      Potential Pressure (bar)   Constr. rmsd
   -4.41354e+06   -1.34063e+03    0.00000e+00

           Step           Time
            693      693.00000

   Energies (kJ/mol)
           Bond            U-B    Proper Dih.  Improper Dih.      CMAP Dih.
    1.75261e+03    5.68847e+03    9.51169e+03    2.93956e+02   -2.73554e+03
          LJ-14     Coulomb-14        LJ (SR)   Coulomb (SR)   Coul. recip.
    5.22394e+03    1.10734e+05    6.69146e+05   -5.23201e+06    1.86900e+04
      Potential Pressure (bar)   Constr. rmsd
   -4.41370e+06   -1.34072e+03    0.00000e+00

           Step           Time
            694      694.00000

           Step           Time
            695      695.00000

   Energies (kJ/mol)
           Bond            U-B    Proper Dih.  Improper Dih.      CMAP Dih.
    1.48471e+03    5.64945e+03    9.51164e+03    2.93918e+02   -2.73565e+03
          LJ-14     Coulomb-14        LJ (SR)   Coulomb (SR)   Coul. recip.
    5.22288e+03    1.10752e+05    6.69223e+05   -5.23220e+06    1.86887e+04
      Potential Pressure (bar)   Constr. rmsd
   -4.41411e+06   -1.34077e+03    0.00000e+00

           Step           Time
            696      696.00000

   Energies (kJ/mol)
           Bond            U-B    Proper Dih.  Improper Dih.      CMAP Dih.
    1.88723e+03    5.70404e+03    9.51231e+03    2.93798e+02   -2.73568e+03
          LJ-14     Coulomb-14        LJ (SR)   Coulomb (SR)   Coul. recip.
    5.22295e+03    1.10730e+05    6.69629e+05   -5.23314e+06    1.86619e+04
      Potential Pressure (bar)   Constr. rmsd
   -4.41424e+06   -1.34108e+03    0.00000e+00

           Step           Time
            697      697.00000

   Energies (kJ/mol)
           Bond            U-B    Proper Dih.  Improper Dih.      CMAP Dih.
    1.54635e+03    5.65245e+03    9.51220e+03    2.93750e+02   -2.73582e+03
          LJ-14     Coulomb-14        LJ (SR)   Coulomb (SR)   Coul. recip.
    5.22154e+03    1.10755e+05    6.69722e+05   -5.23338e+06    1.86609e+04
      Potential Pressure (bar)   Constr. rmsd
   -4.41475e+06   -1.34114e+03    0.00000e+00

           Step           Time
            698      698.00000

           Step           Time
            699      699.00000

   Energies (kJ/mol)
           Bond            U-B    Proper Dih.  Improper Dih.      CMAP Dih.
    1.54901e+03    5.66408e+03    9.51243e+03    2.93718e+02   -2.73579e+03
          LJ-14     Coulomb-14        LJ (SR)   Coulomb (SR)   Coul. recip.
    5.22205e+03    1.10739e+05    6.69830e+05   -5.23363e+06    1.86518e+04
      Potential Pressure (bar)   Constr. rmsd
   -4.41490e+06   -1.34123e+03    0.00000e+00

           Step           Time
            700      700.00000

   Energies (kJ/mol)
           Bond            U-B    Proper Dih.  Improper Dih.      CMAP Dih.
    1.61733e+03    5.65834e+03    9.51250e+03    2.93670e+02   -2.73592e+03
          LJ-14     Coulomb-14        LJ (SR)   Coulomb (SR)   Coul. recip.
    5.22086e+03    1.10758e+05    6.69970e+05   -5.23396e+06    1.86473e+04
      Potential Pressure (bar)   Constr. rmsd
   -4.41502e+06   -1.34133e+03    0.00000e+00

           Step           Time
            701      701.00000

   Energies (kJ/mol)
           Bond            U-B    Proper Dih.  Improper Dih.      CMAP Dih.
    1.64090e+03    5.67586e+03    9.51277e+03    2.93644e+02   -2.73586e+03
          LJ-14     Coulomb-14        LJ (SR)   Coulomb (SR)   Coul. recip.
    5.22170e+03    1.10735e+05    6.70076e+05   -5.23420e+06    1.86372e+04
      Potential Pressure (bar)   Constr. rmsd
   -4.41515e+06   -1.34142e+03    0.00000e+00

           Step           Time
            702      702.00000

   Energies (kJ/mol)
           Bond            U-B    Proper Dih.  Improper Dih.      CMAP Dih.
    1.75768e+03    5.67197e+03    9.51281e+03    2.93599e+02   -2.73602e+03
          LJ-14     Coulomb-14        LJ (SR)   Coulomb (SR)   Coul. recip.
    5.22014e+03    1.10761e+05    6.70219e+05   -5.23455e+06    1.86343e+04
      Potential Pressure (bar)   Constr. rmsd
   -4.41522e+06   -1.34152e+03    0.00000e+00

           Step           Time
            703      703.00000

   Energies (kJ/mol)
           Bond            U-B    Proper Dih.  Improper Dih.      CMAP Dih.
    1.83867e+03    5.69826e+03    9.51310e+03    2.93575e+02   -2.73591e+03
          LJ-14     Coulomb-14        LJ (SR)   Coulomb (SR)   Coul. recip.
    5.22146e+03    1.10728e+05    6.70320e+05   -5.23477e+06    1.86226e+04
      Potential Pressure (bar)   Constr. rmsd
   -4.41527e+06   -1.34160e+03    0.00000e+00

           Step           Time
            704      704.00000

           Step           Time
            705      705.00000

   Energies (kJ/mol)
           Bond            U-B    Proper Dih.  Improper Dih.      CMAP Dih.
    1.47883e+03    5.65030e+03    9.51302e+03    2.93539e+02   -2.73602e+03
          LJ-14     Coulomb-14        LJ (SR)   Coulomb (SR)   Coul. recip.
    5.22034e+03    1.10747e+05    6.70392e+05   -5.23496e+06    1.86216e+04
      Potential Pressure (bar)   Constr. rmsd
   -4.41578e+06   -1.34165e+03    0.00000e+00

           Step           Time
            706      706.00000

   Energies (kJ/mol)
           Bond            U-B    Proper Dih.  Improper Dih.      CMAP Dih.
    1.97834e+03    5.71530e+03    9.51401e+03    2.93323e+02   -2.73614e+03
          LJ-14     Coulomb-14        LJ (SR)   Coulomb (SR)   Coul. recip.
    5.21976e+03    1.10724e+05    6.71063e+05   -5.23651e+06    1.85801e+04
      Potential Pressure (bar)   Constr. rmsd
   -4.41616e+06   -1.34176e+03    0.00000e+00

           Step           Time
            707      707.00000

   Energies (kJ/mol)
           Bond            U-B    Proper Dih.  Improper Dih.      CMAP Dih.
    1.53656e+03    5.65182e+03    9.51388e+03    2.93272e+02   -2.73629e+03
          LJ-14     Coulomb-14        LJ (SR)   Coulomb (SR)   Coul. recip.
    5.21835e+03    1.10750e+05    6.71152e+05   -5.23674e+06    1.85795e+04
      Potential Pressure (bar)   Constr. rmsd
   -4.41678e+06   -1.34182e+03    0.00000e+00

           Step           Time
            708      708.00000

           Step           Time
            709      709.00000

   Energies (kJ/mol)
           Bond            U-B    Proper Dih.  Improper Dih.      CMAP Dih.
    1.58247e+03    5.66899e+03    9.51411e+03    2.93248e+02   -2.73626e+03
          LJ-14     Coulomb-14        LJ (SR)   Coulomb (SR)   Coul. recip.
    5.21893e+03    1.10734e+05    6.71277e+05   -5.23702e+06    1.85695e+04
      Potential Pressure (bar)   Constr. rmsd
   -4.41690e+06   -1.34192e+03    0.00000e+00

           Step           Time
            710      710.00000

   Energies (kJ/mol)
           Bond            U-B    Proper Dih.  Improper Dih.      CMAP Dih.
    1.60322e+03    5.65786e+03    9.51417e+03    2.93206e+02   -2.73639e+03
          LJ-14     Coulomb-14        LJ (SR)   Coulomb (SR)   Coul. recip.
    5.21773e+03    1.10752e+05    6.71401e+05   -5.23732e+06    1.85660e+04
      Potential Pressure (bar)   Constr. rmsd
   -4.41705e+06   -1.34200e+03    0.00000e+00

           Step           Time
            711      711.00000

   Energies (kJ/mol)
           Bond            U-B    Proper Dih.  Improper Dih.      CMAP Dih.
    1.69593e+03    5.68282e+03    9.51443e+03    2.93175e+02   -2.73633e+03
          LJ-14     Coulomb-14        LJ (SR)   Coulomb (SR)   Coul. recip.
    5.21861e+03    1.10729e+05    6.71520e+05   -5.23759e+06    1.85553e+04
      Potential Pressure (bar)   Constr. rmsd
   -4.41711e+06   -1.34210e+03    0.00000e+00

           Step           Time
            712      712.00000

   Energies (kJ/mol)
           Bond            U-B    Proper Dih.  Improper Dih.      CMAP Dih.
    1.74330e+03    5.67160e+03    9.51446e+03    2.93135e+02   -2.73649e+03
          LJ-14     Coulomb-14        LJ (SR)   Coulomb (SR)   Coul. recip.
    5.21700e+03    1.10756e+05    6.71652e+05   -5.23791e+06    1.85530e+04
      Potential Pressure (bar)   Constr. rmsd
   -4.41724e+06   -1.34218e+03    0.00000e+00

           Step           Time
            713      713.00000

           Step           Time
            714      714.00000

   Energies (kJ/mol)
           Bond            U-B    Proper Dih.  Improper Dih.      CMAP Dih.
    1.48005e+03    5.65396e+03    9.51455e+03    2.93109e+02   -2.73644e+03
          LJ-14     Coulomb-14        LJ (SR)   Coulomb (SR)   Coul. recip.
    5.21765e+03    1.10739e+05    6.71704e+05   -5.23803e+06    1.85466e+04
      Potential Pressure (bar)   Constr. rmsd
   -4.41761e+06   -1.34223e+03    0.00000e+00

           Step           Time
            715      715.00000

   Energies (kJ/mol)
           Bond            U-B    Proper Dih.  Improper Dih.      CMAP Dih.
    1.89457e+03    5.68489e+03    9.51507e+03    2.92972e+02   -2.73670e+03
          LJ-14     Coulomb-14        LJ (SR)   Coulomb (SR)   Coul. recip.
    5.21566e+03    1.10758e+05    6.72179e+05   -5.23913e+06    1.85243e+04
      Potential Pressure (bar)   Constr. rmsd
   -4.41781e+06   -1.34335e+03    0.00000e+00

           Step           Time
            716      716.00000

   Energies (kJ/mol)
           Bond            U-B    Proper Dih.  Improper Dih.      CMAP Dih.
    1.52036e+03    5.66106e+03    9.51518e+03    2.92941e+02   -2.73661e+03
          LJ-14     Coulomb-14        LJ (SR)   Coulomb (SR)   Coul. recip.
    5.21667e+03    1.10734e+05    6.72235e+05   -5.23926e+06    1.85163e+04
      Potential Pressure (bar)   Constr. rmsd
   -4.41830e+06   -1.34382e+03    0.00000e+00

           Step           Time
            717      717.00000

           Step           Time
            718      718.00000

   Energies (kJ/mol)
           Bond            U-B    Proper Dih.  Improper Dih.      CMAP Dih.
    1.56596e+03    5.65546e+03    9.51526e+03    2.92899e+02   -2.73673e+03
          LJ-14     Coulomb-14        LJ (SR)   Coulomb (SR)   Coul. recip.
    5.21568e+03    1.10748e+05    6.72370e+05   -5.23958e+06    1.85115e+04
      Potential Pressure (bar)   Constr. rmsd
   -4.41844e+06   -1.34391e+03    0.00000e+00

           Step           Time
            719      719.00000

   Energies (kJ/mol)
           Bond            U-B    Proper Dih.  Improper Dih.      CMAP Dih.
    1.57542e+03    5.66877e+03    9.51547e+03    2.92866e+02   -2.73668e+03
          LJ-14     Coulomb-14        LJ (SR)   Coulomb (SR)   Coul. recip.
    5.21629e+03    1.10730e+05    6.72477e+05   -5.23982e+06    1.85024e+04
      Potential Pressure (bar)   Constr. rmsd
   -4.41858e+06   -1.34444e+03    0.00000e+00

           Step           Time
            720      720.00000

   Energies (kJ/mol)
           Bond            U-B    Proper Dih.  Improper Dih.      CMAP Dih.
    1.65358e+03    5.66319e+03    9.51553e+03    2.92824e+02   -2.73683e+03
          LJ-14     Coulomb-14        LJ (SR)   Coulomb (SR)   Coul. recip.
    5.21499e+03    1.10750e+05    6.72614e+05   -5.24015e+06    1.84985e+04
      Potential Pressure (bar)   Constr. rmsd
   -4.41868e+06   -1.34453e+03    0.00000e+00

           Step           Time
            721      721.00000

   Energies (kJ/mol)
           Bond            U-B    Proper Dih.  Improper Dih.      CMAP Dih.
    1.69371e+03    5.68325e+03    9.51578e+03    2.92799e+02   -2.73675e+03
          LJ-14     Coulomb-14        LJ (SR)   Coulomb (SR)   Coul. recip.
    5.21598e+03    1.10725e+05    6.72718e+05   -5.24038e+06    1.84883e+04
      Potential Pressure (bar)   Constr. rmsd
   -4.41878e+06   -1.34462e+03    0.00000e+00

           Step           Time
            722      722.00000

   Energies (kJ/mol)
           Bond            U-B    Proper Dih.  Improper Dih.      CMAP Dih.
    1.82724e+03    5.68093e+03    9.51583e+03    2.92761e+02   -2.73694e+03
          LJ-14     Coulomb-14        LJ (SR)   Coulomb (SR)   Coul. recip.
    5.21427e+03    1.10754e+05    6.72860e+05   -5.24072e+06    1.84859e+04
      Potential Pressure (bar)   Constr. rmsd
   -4.41883e+06   -1.34471e+03    0.00000e+00

           Step           Time
            723      723.00000

   Energies (kJ/mol)
           Bond            U-B    Proper Dih.  Improper Dih.      CMAP Dih.
    1.94809e+03    5.71086e+03    9.51611e+03    2.92734e+02   -2.73681e+03
          LJ-14     Coulomb-14        LJ (SR)   Coulomb (SR)   Coul. recip.
    5.21579e+03    1.10718e+05    6.72958e+05   -5.24093e+06    1.84740e+04
      Potential Pressure (bar)   Constr. rmsd
   -4.41883e+06   -1.34447e+03    0.00000e+00

           Step           Time
            724      724.00000

           Step           Time
            725      725.00000

   Energies (kJ/mol)
           Bond            U-B    Proper Dih.  Improper Dih.      CMAP Dih.
    1.48229e+03    5.65228e+03    9.51600e+03    2.92701e+02   -2.73694e+03
          LJ-14     Coulomb-14        LJ (SR)   Coulomb (SR)   Coul. recip.
    5.21456e+03    1.10739e+05    6.73029e+05   -5.24111e+06    1.84734e+04
      Potential Pressure (bar)   Constr. rmsd
   -4.41945e+06   -1.34451e+03    0.00000e+00

           Step           Time
            726      726.00000

   Energies (kJ/mol)
           Bond            U-B    Proper Dih.  Improper Dih.      CMAP Dih.
    2.11667e+03    5.73182e+03    9.51700e+03    2.92487e+02   -2.73710e+03
          LJ-14     Coulomb-14        LJ (SR)   Coulomb (SR)   Coul. recip.
    5.21398e+03    1.10714e+05    6.73739e+05   -5.24273e+06    1.84306e+04
      Potential Pressure (bar)   Constr. rmsd
   -4.41971e+06   -1.34420e+03    0.00000e+00

           Step           Time
            727      727.00000

   Energies (kJ/mol)
           Bond            U-B    Proper Dih.  Improper Dih.      CMAP Dih.
    1.55358e+03    5.65422e+03    9.51685e+03    2.92425e+02   -2.73727e+03
          LJ-14     Coulomb-14        LJ (SR)   Coulomb (SR)   Coul. recip.
    5.21244e+03    1.10743e+05    6.73827e+05   -5.24296e+06    1.84305e+04
      Potential Pressure (bar)   Constr. rmsd
   -4.42046e+06   -1.34425e+03    0.00000e+00

           Step           Time
            728      728.00000

           Step           Time
            729      729.00000

   Energies (kJ/mol)
           Bond            U-B    Proper Dih.  Improper Dih.      CMAP Dih.
    1.61788e+03    5.67469e+03    9.51706e+03    2.92401e+02   -2.73723e+03
          LJ-14     Coulomb-14        LJ (SR)   Coulomb (SR)   Coul. recip.
    5.21314e+03    1.10724e+05    6.73951e+05   -5.24323e+06    1.84204e+04
      Potential Pressure (bar)   Constr. rmsd
   -4.42056e+06   -1.34435e+03    0.00000e+00

           Step           Time
            730      730.00000

   Energies (kJ/mol)
           Bond            U-B    Proper Dih.  Improper Dih.      CMAP Dih.
    1.63443e+03    5.66226e+03    9.51711e+03    2.92363e+02   -2.73737e+03
          LJ-14     Coulomb-14        LJ (SR)   Coulomb (SR)   Coul. recip.
    5.21183e+03    1.10745e+05    6.74073e+05   -5.24353e+06    1.84176e+04
      Potential Pressure (bar)   Constr. rmsd
   -4.42071e+06   -1.34443e+03    0.00000e+00

           Step           Time
            731      731.00000

   Energies (kJ/mol)
           Bond            U-B    Proper Dih.  Improper Dih.      CMAP Dih.
    1.76380e+03    5.69167e+03    9.51738e+03    2.92333e+02   -2.73729e+03
          LJ-14     Coulomb-14        LJ (SR)   Coulomb (SR)   Coul. recip.
    5.21286e+03    1.10719e+05    6.74190e+05   -5.24378e+06    1.84068e+04
      Potential Pressure (bar)   Constr. rmsd
   -4.42072e+06   -1.34423e+03    0.00000e+00

           Step           Time
            732      732.00000

   Energies (kJ/mol)
           Bond            U-B    Proper Dih.  Improper Dih.      CMAP Dih.
    1.80671e+03    5.68016e+03    9.51739e+03    2.92302e+02   -2.73749e+03
          LJ-14     Coulomb-14        LJ (SR)   Coulomb (SR)   Coul. recip.
    5.21110e+03    1.10749e+05    6.74320e+05   -5.24410e+06    1.84052e+04
      Potential Pressure (bar)   Constr. rmsd
   -4.42085e+06   -1.34431e+03    0.00000e+00

           Step           Time
            733      733.00000

           Step           Time
            734      734.00000

   Energies (kJ/mol)
           Bond            U-B    Proper Dih.  Improper Dih.      CMAP Dih.
    1.48599e+03    5.65646e+03    9.51745e+03    2.92271e+02   -2.73742e+03
          LJ-14     Coulomb-14        LJ (SR)   Coulomb (SR)   Coul. recip.
    5.21184e+03    1.10730e+05    6.74371e+05   -5.24421e+06    1.83986e+04
      Potential Pressure (bar)   Constr. rmsd
   -4.42128e+06   -1.34436e+03    0.00000e+00

           Step           Time
            735      735.00000

   Energies (kJ/mol)
           Bond            U-B    Proper Dih.  Improper Dih.      CMAP Dih.
    1.99571e+03    5.69748e+03    9.51793e+03    2.92158e+02   -2.73771e+03
          LJ-14     Coulomb-14        LJ (SR)   Coulomb (SR)   Coul. recip.
    5.20979e+03    1.10752e+05    6.74815e+05   -5.24523e+06    1.83793e+04
      Potential Pressure (bar)   Constr. rmsd
   -4.42131e+06   -1.34393e+03    0.00000e+00

           Step           Time
            736      736.00000

   Energies (kJ/mol)
           Bond            U-B    Proper Dih.  Improper Dih.      CMAP Dih.
    1.53929e+03    5.66508e+03    9.51801e+03    2.92117e+02   -2.73760e+03
          LJ-14     Coulomb-14        LJ (SR)   Coulomb (SR)   Coul. recip.
    5.21095e+03    1.10725e+05    6.74868e+05   -5.24535e+06    1.83707e+04
      Potential Pressure (bar)   Constr. rmsd
   -4.42190e+06   -1.34398e+03    0.00000e+00

           Step           Time
            737      737.00000

           Step           Time
            738      738.00000

   Energies (kJ/mol)
           Bond            U-B    Proper Dih.  Improper Dih.      CMAP Dih.
    1.58741e+03    5.65897e+03    9.51808e+03    2.92086e+02   -2.73774e+03
          LJ-14     Coulomb-14        LJ (SR)   Coulomb (SR)   Coul. recip.
    5.20989e+03    1.10740e+05    6.74999e+05   -5.24566e+06    1.83666e+04
      Potential Pressure (bar)   Constr. rmsd
   -4.42202e+06   -1.34407e+03    0.00000e+00

           Step           Time
            739      739.00000

   Energies (kJ/mol)
           Bond            U-B    Proper Dih.  Improper Dih.      CMAP Dih.
    1.61066e+03    5.67455e+03    9.51827e+03    2.92046e+02   -2.73768e+03
          LJ-14     Coulomb-14        LJ (SR)   Coulomb (SR)   Coul. recip.
    5.21060e+03    1.10721e+05    6.75106e+05   -5.24589e+06    1.83573e+04
      Potential Pressure (bar)   Constr. rmsd
   -4.42214e+06   -1.34416e+03    0.00000e+00

           Step           Time
            740      740.00000

   Energies (kJ/mol)
           Bond            U-B    Proper Dih.  Improper Dih.      CMAP Dih.
    1.69553e+03    5.66903e+03    9.51833e+03    2.92013e+02   -2.73785e+03
          LJ-14     Coulomb-14        LJ (SR)   Coulomb (SR)   Coul. recip.
    5.20921e+03    1.10743e+05    6.75240e+05   -5.24621e+06    1.83543e+04
      Potential Pressure (bar)   Constr. rmsd
   -4.42223e+06   -1.34424e+03    0.00000e+00

           Step           Time
            741      741.00000

   Energies (kJ/mol)
           Bond            U-B    Proper Dih.  Improper Dih.      CMAP Dih.
    1.76360e+03    5.69236e+03    9.51854e+03    2.91983e+02   -2.73775e+03
          LJ-14     Coulomb-14        LJ (SR)   Coulomb (SR)   Coul. recip.
    5.21035e+03    1.10715e+05    6.75342e+05   -5.24643e+06    1.83438e+04
      Potential Pressure (bar)   Constr. rmsd
   -4.42229e+06   -1.34433e+03    0.00000e+00

           Step           Time
            742      742.00000

   Energies (kJ/mol)
           Bond            U-B    Proper Dih.  Improper Dih.      CMAP Dih.
    1.91034e+03    5.69212e+03    9.51858e+03    2.91959e+02   -2.73798e+03
          LJ-14     Coulomb-14        LJ (SR)   Coulomb (SR)   Coul. recip.
    5.20848e+03    1.10748e+05    6.75483e+05   -5.24677e+06    1.83424e+04
      Potential Pressure (bar)   Constr. rmsd
   -4.42231e+06   -1.34442e+03    0.00000e+00

           Step           Time
            743      743.00000

           Step           Time
            744      744.00000

   Energies (kJ/mol)
           Bond            U-B    Proper Dih.  Improper Dih.      CMAP Dih.
    1.48223e+03    5.65622e+03    9.51863e+03    2.91919e+02   -2.73790e+03
          LJ-14     Coulomb-14        LJ (SR)   Coulomb (SR)   Coul. recip.
    5.20928e+03    1.10727e+05    6.75527e+05   -5.24687e+06    1.83358e+04
      Potential Pressure (bar)   Constr. rmsd
   -4.42286e+06   -1.34446e+03    0.00000e+00

           Step           Time
            745      745.00000

   Energies (kJ/mol)
           Bond            U-B    Proper Dih.  Improper Dih.      CMAP Dih.
    2.16582e+03    5.71358e+03    9.51936e+03    2.91722e+02   -2.73832e+03
          LJ-14     Coulomb-14        LJ (SR)   Coulomb (SR)   Coul. recip.
    5.20655e+03    1.10751e+05    6.76235e+05   -5.24848e+06    1.83030e+04
      Potential Pressure (bar)   Constr. rmsd
   -4.42304e+06   -1.34574e+03    0.00000e+00

           Step           Time
            746      746.00000

   Energies (kJ/mol)
           Bond            U-B    Proper Dih.  Improper Dih.      CMAP Dih.
    1.52677e+03    5.66407e+03    9.51940e+03    2.91683e+02   -2.73819e+03
          LJ-14     Coulomb-14        LJ (SR)   Coulomb (SR)   Coul. recip.
    5.20781e+03    1.10722e+05    6.76279e+05   -5.24858e+06    1.82945e+04
      Potential Pressure (bar)   Constr. rmsd
   -4.42381e+06   -1.34579e+03    0.00000e+00

           Step           Time
            747      747.00000

           Step           Time
            748      748.00000

   Energies (kJ/mol)
           Bond            U-B    Proper Dih.  Improper Dih.      CMAP Dih.
    1.64106e+03    5.66390e+03    9.51950e+03    2.91647e+02   -2.73834e+03
          LJ-14     Coulomb-14        LJ (SR)   Coulomb (SR)   Coul. recip.
    5.20668e+03    1.10738e+05    6.76434e+05   -5.24894e+06    1.82893e+04
      Potential Pressure (bar)   Constr. rmsd
   -4.42390e+06   -1.34590e+03    0.00000e+00

           Step           Time
            749      749.00000

   Energies (kJ/mol)
           Bond            U-B    Proper Dih.  Improper Dih.      CMAP Dih.
    1.60082e+03    5.67421e+03    9.51968e+03    2.91614e+02   -2.73827e+03
          LJ-14     Coulomb-14        LJ (SR)   Coulomb (SR)   Coul. recip.
    5.20749e+03    1.10717e+05    6.76525e+05   -5.24914e+06    1.82807e+04
      Potential Pressure (bar)   Constr. rmsd
   -4.42406e+06   -1.34597e+03    0.00000e+00

           Step           Time
            750      750.00000

   Energies (kJ/mol)
           Bond            U-B    Proper Dih.  Improper Dih.      CMAP Dih.
    1.77762e+03    5.67769e+03    9.51974e+03    2.91582e+02   -2.73847e+03
          LJ-14     Coulomb-14        LJ (SR)   Coulomb (SR)   Coul. recip.
    5.20600e+03    1.10741e+05    6.76675e+05   -5.24949e+06    1.82772e+04
      Potential Pressure (bar)   Constr. rmsd
   -4.42407e+06   -1.34607e+03    0.00000e+00

           Step           Time
            751      751.00000

   Energies (kJ/mol)
           Bond            U-B    Proper Dih.  Improper Dih.      CMAP Dih.
    1.76393e+03    5.69331e+03    9.51995e+03    2.91549e+02   -2.73834e+03
          LJ-14     Coulomb-14        LJ (SR)   Coulomb (SR)   Coul. recip.
    5.20726e+03    1.10711e+05    6.76764e+05   -5.24968e+06    1.82671e+04
      Potential Pressure (bar)   Constr. rmsd
   -4.42420e+06   -1.34615e+03    0.00000e+00

           Step           Time
            752      752.00000

           Step           Time
            753      753.00000

   Energies (kJ/mol)
           Bond            U-B    Proper Dih.  Improper Dih.      CMAP Dih.
    1.49319e+03    5.65463e+03    9.51989e+03    2.91521e+02   -2.73848e+03
          LJ-14     Coulomb-14        LJ (SR)   Coulomb (SR)   Coul. recip.
    5.20620e+03    1.10728e+05    6.76837e+05   -5.24986e+06    1.82660e+04
      Potential Pressure (bar)   Constr. rmsd
   -4.42460e+06   -1.34619e+03    0.00000e+00

           Step           Time
            754      754.00000

   Energies (kJ/mol)
           Bond            U-B    Proper Dih.  Improper Dih.      CMAP Dih.
    1.89892e+03    5.70887e+03    9.52042e+03    2.91400e+02   -2.73853e+03
          LJ-14     Coulomb-14        LJ (SR)   Coulomb (SR)   Coul. recip.
    5.20636e+03    1.10707e+05    6.77230e+05   -5.25074e+06    1.82418e+04
      Potential Pressure (bar)   Constr. rmsd
   -4.42467e+06   -1.34648e+03    0.00000e+00

           Step           Time
            755      755.00000

   Energies (kJ/mol)
           Bond            U-B    Proper Dih.  Improper Dih.      CMAP Dih.
    1.55464e+03    5.65773e+03    9.52035e+03    2.91363e+02   -2.73870e+03
          LJ-14     Coulomb-14        LJ (SR)   Coulomb (SR)   Coul. recip.
    5.20493e+03    1.10732e+05    6.77318e+05   -5.25096e+06    1.82413e+04
      Potential Pressure (bar)   Constr. rmsd
   -4.42518e+06   -1.34654e+03    0.00000e+00

           Step           Time
            756      756.00000

           Step           Time
            757      757.00000

   Energies (kJ/mol)
           Bond            U-B    Proper Dih.  Improper Dih.      CMAP Dih.
    1.55909e+03    5.66913e+03    9.52051e+03    2.91337e+02   -2.73867e+03
          LJ-14     Coulomb-14        LJ (SR)   Coulomb (SR)   Coul. recip.
    5.20546e+03    1.10716e+05    6.77422e+05   -5.25118e+06    1.82328e+04
      Potential Pressure (bar)   Constr. rmsd
   -4.42531e+06   -1.34662e+03    0.00000e+00

           Step           Time
            758      758.00000

   Energies (kJ/mol)
           Bond            U-B    Proper Dih.  Improper Dih.      CMAP Dih.
    1.62557e+03    5.66378e+03    9.52056e+03    2.91300e+02   -2.73882e+03
          LJ-14     Coulomb-14        LJ (SR)   Coulomb (SR)   Coul. recip.
    5.20428e+03    1.10734e+05    6.77554e+05   -5.25150e+06    1.82292e+04
      Potential Pressure (bar)   Constr. rmsd
   -4.42541e+06   -1.34671e+03    0.00000e+00

           Step           Time
            759      759.00000

   Energies (kJ/mol)
           Bond            U-B    Proper Dih.  Improper Dih.      CMAP Dih.
    1.65222e+03    5.68089e+03    9.52074e+03    2.91266e+02   -2.73875e+03
          LJ-14     Coulomb-14        LJ (SR)   Coulomb (SR)   Coul. recip.
    5.20516e+03    1.10712e+05    6.77656e+05   -5.25172e+06    1.82199e+04
      Potential Pressure (bar)   Constr. rmsd
   -4.42552e+06   -1.34679e+03    0.00000e+00

           Step           Time
            760      760.00000

   Energies (kJ/mol)
           Bond            U-B    Proper Dih.  Improper Dih.      CMAP Dih.
    1.76612e+03    5.67772e+03    9.52080e+03    2.91240e+02   -2.73895e+03
          LJ-14     Coulomb-14        LJ (SR)   Coulomb (SR)   Coul. recip.
    5.20359e+03    1.10737e+05    6.77792e+05   -5.25204e+06    1.82174e+04
      Potential Pressure (bar)   Constr. rmsd
   -4.42557e+06   -1.34687e+03    0.00000e+00

           Step           Time
            761      761.00000

   Energies (kJ/mol)
           Bond            U-B    Proper Dih.  Improper Dih.      CMAP Dih.
    1.85284e+03    5.70329e+03    9.52101e+03    2.91209e+02   -2.73883e+03
          LJ-14     Coulomb-14        LJ (SR)   Coulomb (SR)   Coul. recip.
    5.20495e+03    1.10706e+05    6.77888e+05   -5.25224e+06    1.82069e+04
      Potential Pressure (bar)   Constr. rmsd
   -4.42560e+06   -1.34696e+03    0.00000e+00

           Step           Time
            762      762.00000

           Step           Time
            763      763.00000

   Energies (kJ/mol)
           Bond            U-B    Proper Dih.  Improper Dih.      CMAP Dih.
    1.48732e+03    5.65551e+03    9.52094e+03    2.91183e+02   -2.73896e+03
          LJ-14     Coulomb-14        LJ (SR)   Coulomb (SR)   Coul. recip.
    5.20384e+03    1.10724e+05    6.77956e+05   -5.25241e+06    1.82061e+04
      Potential Pressure (bar)   Constr. rmsd
   -4.42610e+06   -1.34700e+03    0.00000e+00

           Step           Time
            764      764.00000

   Energies (kJ/mol)
           Bond            U-B    Proper Dih.  Improper Dih.      CMAP Dih.
    1.99294e+03    5.72052e+03    9.52169e+03    2.90989e+02   -2.73915e+03
          LJ-14     Coulomb-14        LJ (SR)   Coulomb (SR)   Coul. recip.
    5.20337e+03    1.10702e+05    6.78611e+05   -5.25387e+06    1.81682e+04
      Potential Pressure (bar)   Constr. rmsd
   -4.42640e+06   -1.34795e+03    0.00000e+00

           Step           Time
            765      765.00000

   Energies (kJ/mol)
           Bond            U-B    Proper Dih.  Improper Dih.      CMAP Dih.
    1.54553e+03    5.65712e+03    9.52160e+03    2.90942e+02   -2.73932e+03
          LJ-14     Coulomb-14        LJ (SR)   Coulomb (SR)   Coul. recip.
    5.20192e+03    1.10727e+05    6.78695e+05   -5.25408e+06    1.81679e+04
      Potential Pressure (bar)   Constr. rmsd
   -4.42701e+06   -1.34799e+03    0.00000e+00

           Step           Time
            766      766.00000

           Step           Time
            767      767.00000

   Energies (kJ/mol)
           Bond            U-B    Proper Dih.  Improper Dih.      CMAP Dih.
    1.59335e+03    5.67410e+03    9.52177e+03    2.90913e+02   -2.73930e+03
          LJ-14     Coulomb-14        LJ (SR)   Coulomb (SR)   Coul. recip.
    5.20253e+03    1.10711e+05    6.78815e+05   -5.25434e+06    1.81589e+04
      Potential Pressure (bar)   Constr. rmsd
   -4.42712e+06   -1.34809e+03    0.00000e+00

           Step           Time
            768      768.00000

   Energies (kJ/mol)
           Bond            U-B    Proper Dih.  Improper Dih.      CMAP Dih.
    1.61239e+03    5.66341e+03    9.52182e+03    2.90885e+02   -2.73945e+03
          LJ-14     Coulomb-14        LJ (SR)   Coulomb (SR)   Coul. recip.
    5.20133e+03    1.10729e+05    6.78933e+05   -5.25462e+06    1.81561e+04
      Potential Pressure (bar)   Constr. rmsd
   -4.42725e+06   -1.34774e+03    0.00000e+00

           Step           Time
            769      769.00000

   Energies (kJ/mol)
           Bond            U-B    Proper Dih.  Improper Dih.      CMAP Dih.
    1.70925e+03    5.68794e+03    9.52199e+03    2.90849e+02   -2.73938e+03
          LJ-14     Coulomb-14        LJ (SR)   Coulomb (SR)   Coul. recip.
    5.20226e+03    1.10706e+05    6.79046e+05   -5.25486e+06    1.81462e+04
      Potential Pressure (bar)   Constr. rmsd
   -4.42729e+06   -1.34783e+03    0.00000e+00

           Step           Time
            770      770.00000

   Energies (kJ/mol)
           Bond            U-B    Proper Dih.  Improper Dih.      CMAP Dih.
    1.75362e+03    5.67764e+03    9.52204e+03    2.90824e+02   -2.73958e+03
          LJ-14     Coulomb-14        LJ (SR)   Coulomb (SR)   Coul. recip.
    5.20064e+03    1.10733e+05    6.79171e+05   -5.25516e+06    1.81445e+04
      Potential Pressure (bar)   Constr. rmsd
   -4.42740e+06   -1.34790e+03    0.00000e+00

           Step           Time
            771      771.00000

           Step           Time
            772      772.00000

   Energies (kJ/mol)
           Bond            U-B    Proper Dih.  Improper Dih.      CMAP Dih.
    1.48901e+03    5.65911e+03    9.52208e+03    2.90792e+02   -2.73953e+03
          LJ-14     Coulomb-14        LJ (SR)   Coulomb (SR)   Coul. recip.
    5.20132e+03    1.10717e+05    6.79221e+05   -5.25526e+06    1.81387e+04
      Potential Pressure (bar)   Constr. rmsd
   -4.42777e+06   -1.34795e+03    0.00000e+00

           Step           Time
            773      773.00000

   Energies (kJ/mol)
           Bond            U-B    Proper Dih.  Improper Dih.      CMAP Dih.
    1.90780e+03    5.69148e+03    9.52249e+03    2.90678e+02   -2.73984e+03
          LJ-14     Coulomb-14        LJ (SR)   Coulomb (SR)   Coul. recip.
    5.19939e+03    1.10736e+05    6.79666e+05   -5.25627e+06    1.81194e+04
      Potential Pressure (bar)   Constr. rmsd
   -4.42788e+06   -1.34865e+03    0.00000e+00

           Step           Time
            774      774.00000

   Energies (kJ/mol)
           Bond            U-B    Proper Dih.  Improper Dih.      CMAP Dih.
    1.53045e+03    5.66621e+03    9.52252e+03    2.90640e+02   -2.73974e+03
          LJ-14     Coulomb-14        LJ (SR)   Coulomb (SR)   Coul. recip.
    5.20043e+03    1.10711e+05    6.79720e+05   -5.25638e+06    1.81119e+04
      Potential Pressure (bar)   Constr. rmsd
   -4.42837e+06   -1.34870e+03    0.00000e+00

           Step           Time
            775      775.00000

           Step           Time
            776      776.00000

   Energies (kJ/mol)
           Bond            U-B    Proper Dih.  Improper Dih.      CMAP Dih.
    1.57500e+03    5.66091e+03    9.52260e+03    2.90612e+02   -2.73988e+03
          LJ-14     Coulomb-14        LJ (SR)   Coulomb (SR)   Coul. recip.
    5.19946e+03    1.10725e+05    6.79847e+05   -5.25668e+06    1.81078e+04
      Potential Pressure (bar)   Constr. rmsd
   -4.42849e+06   -1.34879e+03    0.00000e+00

           Step           Time
            777      777.00000

   Energies (kJ/mol)
           Bond            U-B    Proper Dih.  Improper Dih.      CMAP Dih.
    1.58699e+03    5.67393e+03    9.52272e+03    2.90574e+02   -2.73984e+03
          LJ-14     Coulomb-14        LJ (SR)   Coulomb (SR)   Coul. recip.
    5.20010e+03    1.10708e+05    6.79950e+05   -5.25690e+06    1.80994e+04
      Potential Pressure (bar)   Constr. rmsd
   -4.42861e+06   -1.34887e+03    0.00000e+00

           Step           Time
            778      778.00000

   Energies (kJ/mol)
           Bond            U-B    Proper Dih.  Improper Dih.      CMAP Dih.
    1.66386e+03    5.66896e+03    9.52279e+03    2.90545e+02   -2.74001e+03
          LJ-14     Coulomb-14        LJ (SR)   Coulomb (SR)   Coul. recip.
    5.19882e+03    1.10728e+05    6.80080e+05   -5.25721e+06    1.80962e+04
      Potential Pressure (bar)   Constr. rmsd
   -4.42870e+06   -1.34895e+03    0.00000e+00

           Step           Time
            779      779.00000

   Energies (kJ/mol)
           Bond            U-B    Proper Dih.  Improper Dih.      CMAP Dih.
    1.70858e+03    5.68850e+03    9.52296e+03    2.90507e+02   -2.73993e+03
          LJ-14     Coulomb-14        LJ (SR)   Coulomb (SR)   Coul. recip.
    5.19984e+03    1.10703e+05    6.80179e+05   -5.25741e+06    1.80869e+04
      Potential Pressure (bar)   Constr. rmsd
   -4.42877e+06   -1.34903e+03    0.00000e+00

           Step           Time
            780      780.00000

   Energies (kJ/mol)
           Bond            U-B    Proper Dih.  Improper Dih.      CMAP Dih.
    1.84014e+03    5.68743e+03    9.52301e+03    2.90490e+02   -2.74015e+03
          LJ-14     Coulomb-14        LJ (SR)   Coulomb (SR)   Coul. recip.
    5.19813e+03    1.10732e+05    6.80314e+05   -5.25773e+06    1.80851e+04
      Potential Pressure (bar)   Constr. rmsd
   -4.42880e+06   -1.34911e+03    0.00000e+00

           Step           Time
            781      781.00000

           Step           Time
            782      782.00000

   Energies (kJ/mol)
           Bond            U-B    Proper Dih.  Improper Dih.      CMAP Dih.
    1.48634e+03    5.65896e+03    9.52304e+03    2.90453e+02   -2.74008e+03
          LJ-14     Coulomb-14        LJ (SR)   Coulomb (SR)   Coul. recip.
    5.19885e+03    1.10714e+05    6.80358e+05   -5.25782e+06    1.80793e+04
      Potential Pressure (bar)   Constr. rmsd
   -4.42925e+06   -1.34915e+03    0.00000e+00

           Step           Time
            783      783.00000

   Energies (kJ/mol)
           Bond            U-B    Proper Dih.  Improper Dih.      CMAP Dih.
    2.04988e+03    5.70447e+03    9.52369e+03    2.90290e+02   -2.74057e+03
          LJ-14     Coulomb-14        LJ (SR)   Coulomb (SR)   Coul. recip.
    5.19621e+03    1.10735e+05    6.81097e+05   -5.25948e+06    1.80457e+04
      Potential Pressure (bar)   Constr. rmsd
   -4.42958e+06   -1.34966e+03    0.00000e+00

           Step           Time
            784      784.00000

   Energies (kJ/mol)
           Bond            U-B    Proper Dih.  Improper Dih.      CMAP Dih.
    1.52032e+03    5.66534e+03    9.52369e+03    2.90231e+02   -2.74045e+03
          LJ-14     Coulomb-14        LJ (SR)   Coulomb (SR)   Coul. recip.
    5.19734e+03    1.10709e+05    6.81142e+05   -5.25958e+06    1.80380e+04
      Potential Pressure (bar)   Constr. rmsd
   -4.43023e+06   -1.34933e+03    0.00000e+00

           Step           Time
            785      785.00000

           Step           Time
            786      786.00000

   Energies (kJ/mol)
           Bond            U-B    Proper Dih.  Improper Dih.      CMAP Dih.
    1.62029e+03    5.66500e+03    9.52378e+03    2.90182e+02   -2.74061e+03
          LJ-14     Coulomb-14        LJ (SR)   Coulomb (SR)   Coul. recip.
    5.19631e+03    1.10723e+05    6.81296e+05   -5.25993e+06    1.80330e+04
      Potential Pressure (bar)   Constr. rmsd
   -4.43032e+06   -1.34976e+03    0.00000e+00

           Step           Time
            787      787.00000

   Energies (kJ/mol)
           Bond            U-B    Proper Dih.  Improper Dih.      CMAP Dih.
    1.57887e+03    5.67371e+03    9.52389e+03    2.90153e+02   -2.74055e+03
          LJ-14     Coulomb-14        LJ (SR)   Coulomb (SR)   Coul. recip.
    5.19704e+03    1.10704e+05    6.81382e+05   -5.26011e+06    1.80252e+04
      Potential Pressure (bar)   Constr. rmsd
   -4.43048e+06   -1.34983e+03    0.00000e+00

           Step           Time
            788      788.00000

   Energies (kJ/mol)
           Bond            U-B    Proper Dih.  Improper Dih.      CMAP Dih.
    1.73265e+03    5.67607e+03    9.52397e+03    2.90122e+02   -2.74075e+03
          LJ-14     Coulomb-14        LJ (SR)   Coulomb (SR)   Coul. recip.
    5.19568e+03    1.10726e+05    6.81528e+05   -5.26045e+06    1.80217e+04
      Potential Pressure (bar)   Constr. rmsd
   -4.43050e+06   -1.34992e+03    0.00000e+00

           Step           Time
            789      789.00000

   Energies (kJ/mol)
           Bond            U-B    Proper Dih.  Improper Dih.      CMAP Dih.
    1.70831e+03    5.68933e+03    9.52411e+03    2.90089e+02   -2.74064e+03
          LJ-14     Coulomb-14        LJ (SR)   Coulomb (SR)   Coul. recip.
    5.19680e+03    1.10699e+05    6.81615e+05   -5.26063e+06    1.80125e+04
      Potential Pressure (bar)   Constr. rmsd
   -4.43064e+06   -1.34999e+03    0.00000e+00

           Step           Time
            790      790.00000

           Step           Time
            791      791.00000

   Energies (kJ/mol)
           Bond            U-B    Proper Dih.  Improper Dih.      CMAP Dih.
    1.49749e+03    5.65769e+03    9.52408e+03    2.90068e+02   -2.74077e+03
          LJ-14     Coulomb-14        LJ (SR)   Coulomb (SR)   Coul. recip.
    5.19584e+03    1.10715e+05    6.81686e+05   -5.26080e+06    1.80114e+04
      Potential Pressure (bar)   Constr. rmsd
   -4.43096e+06   -1.35003e+03    0.00000e+00

           Step           Time
            792      792.00000

   Energies (kJ/mol)
           Bond            U-B    Proper Dih.  Improper Dih.      CMAP Dih.
    1.81861e+03    5.70219e+03    9.52447e+03    2.89974e+02   -2.74084e+03
          LJ-14     Coulomb-14        LJ (SR)   Coulomb (SR)   Coul. recip.
    5.19600e+03    1.10696e+05    6.82044e+05   -5.26159e+06    1.79902e+04
      Potential Pressure (bar)   Constr. rmsd
   -4.43107e+06   -1.35029e+03    0.00000e+00

           Step           Time
            793      793.00000

   Energies (kJ/mol)
           Bond            U-B    Proper Dih.  Improper Dih.      CMAP Dih.
    1.54889e+03    5.66023e+03    9.52441e+03    2.89942e+02   -2.74102e+03
          LJ-14     Coulomb-14        LJ (SR)   Coulomb (SR)   Coul. recip.
    5.19470e+03    1.10718e+05    6.82129e+05   -5.26179e+06    1.79894e+04
      Potential Pressure (bar)   Constr. rmsd
   -4.43148e+06   -1.35034e+03    0.00000e+00

           Step           Time
            794      794.00000

           Step           Time
            795      795.00000

   Energies (kJ/mol)
           Bond            U-B    Proper Dih.  Improper Dih.      CMAP Dih.
    1.54661e+03    5.66965e+03    9.52453e+03    2.89912e+02   -2.74099e+03
          LJ-14     Coulomb-14        LJ (SR)   Coulomb (SR)   Coul. recip.
    5.19519e+03    1.10704e+05    6.82228e+05   -5.26200e+06    1.79819e+04
      Potential Pressure (bar)   Constr. rmsd
   -4.43161e+06   -1.35042e+03    0.00000e+00

           Step           Time
            796      796.00000

   Energies (kJ/mol)
           Bond            U-B    Proper Dih.  Improper Dih.      CMAP Dih.
    1.60805e+03    5.66506e+03    9.52459e+03    2.89885e+02   -2.74115e+03
          LJ-14     Coulomb-14        LJ (SR)   Coulomb (SR)   Coul. recip.
    5.19411e+03    1.10720e+05    6.82358e+05   -5.26230e+06    1.79783e+04
      Potential Pressure (bar)   Constr. rmsd
   -4.43171e+06   -1.35050e+03    0.00000e+00

           Step           Time
            797      797.00000

   Energies (kJ/mol)
           Bond            U-B    Proper Dih.  Improper Dih.      CMAP Dih.
    1.62061e+03    5.67929e+03    9.52472e+03    2.89848e+02   -2.74109e+03
          LJ-14     Coulomb-14        LJ (SR)   Coulomb (SR)   Coul. recip.
    5.19490e+03    1.10700e+05    6.82455e+05   -5.26251e+06    1.79699e+04
      Potential Pressure (bar)   Constr. rmsd
   -4.43181e+06   -1.35058e+03    0.00000e+00

           Step           Time
            798      798.00000

   Energies (kJ/mol)
           Bond            U-B    Proper Dih.  Improper Dih.      CMAP Dih.
    1.72452e+03    5.67629e+03    9.52478e+03    2.89829e+02   -2.74130e+03
          LJ-14     Coulomb-14        LJ (SR)   Coulomb (SR)   Coul. recip.
    5.19348e+03    1.10723e+05    6.82587e+05   -5.26281e+06    1.79672e+04
      Potential Pressure (bar)   Constr. rmsd
   -4.43187e+06   -1.35066e+03    0.00000e+00

           Step           Time
            799      799.00000

   Energies (kJ/mol)
           Bond            U-B    Proper Dih.  Improper Dih.      CMAP Dih.
    1.78093e+03    5.69768e+03    9.52494e+03    2.89796e+02   -2.74118e+03
          LJ-14     Coulomb-14        LJ (SR)   Coulomb (SR)   Coul. recip.
    5.19469e+03    1.10695e+05    6.82681e+05   -5.26301e+06    1.79577e+04
      Potential Pressure (bar)   Constr. rmsd
   -4.43193e+06   -1.35074e+03    0.00000e+00

           Step           Time
            800      800.00000

           Step           Time
            801      801.00000

   Energies (kJ/mol)
           Bond            U-B    Proper Dih.  Improper Dih.      CMAP Dih.
    1.49242e+03    5.65844e+03    9.52488e+03    2.89777e+02   -2.74132e+03
          LJ-14     Coulomb-14        LJ (SR)   Coulomb (SR)   Coul. recip.
    5.19368e+03    1.10711e+05    6.82747e+05   -5.26316e+06    1.79568e+04
      Potential Pressure (bar)   Constr. rmsd
   -4.43233e+06   -1.35078e+03    0.00000e+00

           Step           Time
            802      802.00000

   Energies (kJ/mol)
           Bond            U-B    Proper Dih.  Improper Dih.      CMAP Dih.
    1.90014e+03    5.71208e+03    9.52543e+03    2.89594e+02   -2.74151e+03
          LJ-14     Coulomb-14        LJ (SR)   Coulomb (SR)   Coul. recip.
    5.19338e+03    1.10691e+05    6.83325e+05   -5.26443e+06    1.79246e+04
      Potential Pressure (bar)   Constr. rmsd
   -4.43261e+06   -1.35065e+03    0.00000e+00

           Step           Time
            803      803.00000

   Energies (kJ/mol)
           Bond            U-B    Proper Dih.  Improper Dih.      CMAP Dih.
    1.54111e+03    5.65988e+03    9.52537e+03    2.89573e+02   -2.74169e+03
          LJ-14     Coulomb-14        LJ (SR)   Coulomb (SR)   Coul. recip.
    5.19205e+03    1.10714e+05    6.83405e+05   -5.26463e+06    1.79243e+04
      Potential Pressure (bar)   Constr. rmsd
   -4.43312e+06   -1.35069e+03    0.00000e+00

           Step           Time
            804      804.00000

           Step           Time
            805      805.00000

   Energies (kJ/mol)
           Bond            U-B    Proper Dih.  Improper Dih.      CMAP Dih.
    1.57518e+03    5.67388e+03    9.52547e+03    2.89549e+02   -2.74167e+03
          LJ-14     Coulomb-14        LJ (SR)   Coulomb (SR)   Coul. recip.
    5.19258e+03    1.10699e+05    6.83520e+05   -5.26488e+06    1.79160e+04
      Potential Pressure (bar)   Constr. rmsd
   -4.43323e+06   -1.35119e+03    0.00000e+00

           Step           Time
            806      806.00000

   Energies (kJ/mol)
           Bond            U-B    Proper Dih.  Improper Dih.      CMAP Dih.
    1.59772e+03    5.66488e+03    9.52554e+03    2.89526e+02   -2.74183e+03
          LJ-14     Coulomb-14        LJ (SR)   Coulomb (SR)   Coul. recip.
    5.19149e+03    1.10716e+05    6.83635e+05   -5.26514e+06    1.79132e+04
      Potential Pressure (bar)   Constr. rmsd
   -4.43335e+06   -1.35126e+03    0.00000e+00

           Step           Time
            807      807.00000

   Energies (kJ/mol)
           Bond            U-B    Proper Dih.  Improper Dih.      CMAP Dih.
    1.66837e+03    5.68534e+03    9.52565e+03    2.89489e+02   -2.74177e+03
          LJ-14     Coulomb-14        LJ (SR)   Coulomb (SR)   Coul. recip.
    5.19232e+03    1.10695e+05    6.83744e+05   -5.26537e+06    1.79043e+04
      Potential Pressure (bar)   Constr. rmsd
   -4.43340e+06   -1.35134e+03    0.00000e+00

           Step           Time
            808      808.00000

   Energies (kJ/mol)
           Bond            U-B    Proper Dih.  Improper Dih.      CMAP Dih.
    1.71581e+03    5.67644e+03    9.52570e+03    2.89475e+02   -2.74197e+03
          LJ-14     Coulomb-14        LJ (SR)   Coulomb (SR)   Coul. recip.
    5.19086e+03    1.10719e+05    6.83865e+05   -5.26565e+06    1.79025e+04
      Potential Pressure (bar)   Constr. rmsd
   -4.43351e+06   -1.35142e+03    0.00000e+00

           Step           Time
            809      809.00000

           Step           Time
            810      810.00000

   Energies (kJ/mol)
           Bond            U-B    Proper Dih.  Improper Dih.      CMAP Dih.
    1.49209e+03    5.66146e+03    9.52573e+03    2.89442e+02   -2.74192e+03
          LJ-14     Coulomb-14        LJ (SR)   Coulomb (SR)   Coul. recip.
    5.19146e+03    1.10704e+05    6.83914e+05   -5.26575e+06    1.78971e+04
      Potential Pressure (bar)   Constr. rmsd
   -4.43382e+06   -1.35146e+03    0.00000e+00

           Step           Time
            811      811.00000

   Energies (kJ/mol)
           Bond            U-B    Proper Dih.  Improper Dih.      CMAP Dih.
    1.84416e+03    5.68762e+03    9.52605e+03    2.89341e+02   -2.74228e+03
          LJ-14     Coulomb-14        LJ (SR)   Coulomb (SR)   Coul. recip.
    5.18966e+03    1.10721e+05    6.84371e+05   -5.26677e+06    1.78776e+04
      Potential Pressure (bar)   Constr. rmsd
   -4.43401e+06   -1.35177e+03    0.00000e+00

           Step           Time
            812      812.00000

   Energies (kJ/mol)
           Bond            U-B    Proper Dih.  Improper Dih.      CMAP Dih.
    1.52444e+03    5.66729e+03    9.52608e+03    2.89302e+02   -2.74218e+03
          LJ-14     Coulomb-14        LJ (SR)   Coulomb (SR)   Coul. recip.
    5.19058e+03    1.10700e+05    6.84424e+05   -5.26688e+06    1.78709e+04
      Potential Pressure (bar)   Constr. rmsd
   -4.43443e+06   -1.35181e+03    0.00000e+00

           Step           Time
            813      813.00000

           Step           Time
            814      814.00000

   Energies (kJ/mol)
           Bond            U-B    Proper Dih.  Improper Dih.      CMAP Dih.
    1.56712e+03    5.66284e+03    9.52614e+03    2.89278e+02   -2.74232e+03
          LJ-14     Coulomb-14        LJ (SR)   Coulomb (SR)   Coul. recip.
    5.18969e+03    1.10712e+05    6.84550e+05   -5.26717e+06    1.78667e+04
      Potential Pressure (bar)   Constr. rmsd
   -4.43454e+06   -1.35189e+03    0.00000e+00

           Step           Time
            815      815.00000

   Energies (kJ/mol)
           Bond            U-B    Proper Dih.  Improper Dih.      CMAP Dih.
    1.56970e+03    5.67372e+03    9.52624e+03    2.89243e+02   -2.74229e+03
          LJ-14     Coulomb-14        LJ (SR)   Coulomb (SR)   Coul. recip.
    5.19027e+03    1.10697e+05    6.84648e+05   -5.26737e+06    1.78592e+04
      Potential Pressure (bar)   Constr. rmsd
   -4.43466e+06   -1.35197e+03    0.00000e+00

           Step           Time
            816      816.00000

   Energies (kJ/mol)
           Bond            U-B    Proper Dih.  Improper Dih.      CMAP Dih.
    1.64152e+03    5.66941e+03    9.52630e+03    2.89219e+02   -2.74247e+03
          LJ-14     Coulomb-14        LJ (SR)   Coulomb (SR)   Coul. recip.
    5.18910e+03    1.10714e+05    6.84775e+05   -5.26766e+06    1.78561e+04
      Potential Pressure (bar)   Constr. rmsd
   -4.43474e+06   -1.35205e+03    0.00000e+00

           Step           Time
            817      817.00000

   Energies (kJ/mol)
           Bond            U-B    Proper Dih.  Improper Dih.      CMAP Dih.
    1.66756e+03    5.68578e+03    9.52642e+03    2.89185e+02   -2.74239e+03
          LJ-14     Coulomb-14        LJ (SR)   Coulomb (SR)   Coul. recip.
    5.19004e+03    1.10692e+05    6.84871e+05   -5.26786e+06    1.78475e+04
      Potential Pressure (bar)   Constr. rmsd
   -4.43483e+06   -1.35212e+03    0.00000e+00

           Step           Time
            818      818.00000

   Energies (kJ/mol)
           Bond            U-B    Proper Dih.  Improper Dih.      CMAP Dih.
    1.78874e+03    5.68446e+03    9.52648e+03    2.89178e+02   -2.74262e+03
          LJ-14     Coulomb-14        LJ (SR)   Coulomb (SR)   Coul. recip.
    5.18847e+03    1.10718e+05    6.85001e+05   -5.26816e+06    1.78456e+04
      Potential Pressure (bar)   Constr. rmsd
   -4.43486e+06   -1.35220e+03    0.00000e+00

           Step           Time
            819      819.00000

   Energies (kJ/mol)
           Bond            U-B    Proper Dih.  Improper Dih.      CMAP Dih.
    1.87908e+03    5.70884e+03    9.52662e+03    2.89134e+02   -2.74248e+03
          LJ-14     Coulomb-14        LJ (SR)   Coulomb (SR)   Coul. recip.
    5.18990e+03    1.10686e+05    6.85092e+05   -5.26834e+06    1.78358e+04
      Potential Pressure (bar)   Constr. rmsd
   -4.43488e+06   -1.35227e+03    0.00000e+00

           Step           Time
            820      820.00000

           Step           Time
            821      821.00000

   Energies (kJ/mol)
           Bond            U-B    Proper Dih.  Improper Dih.      CMAP Dih.
    1.49533e+03    5.66005e+03    9.52657e+03    2.89121e+02   -2.74263e+03
          LJ-14     Coulomb-14        LJ (SR)   Coulomb (SR)   Coul. recip.
    5.18877e+03    1.10705e+05    6.85157e+05   -5.26850e+06    1.78353e+04
      Potential Pressure (bar)   Constr. rmsd
   -4.43539e+06   -1.35231e+03    0.00000e+00

           Step           Time
            822      822.00000

   Energies (kJ/mol)
           Bond            U-B    Proper Dih.  Improper Dih.      CMAP Dih.
    2.02801e+03    5.72692e+03    9.52708e+03    2.88959e+02   -2.74285e+03
          LJ-14     Coulomb-14        LJ (SR)   Coulomb (SR)   Coul. recip.
    5.18852e+03    1.10683e+05    6.85770e+05   -5.26983e+06    1.78016e+04
      Potential Pressure (bar)   Constr. rmsd
   -4.43556e+06   -1.35274e+03    0.00000e+00

           Step           Time
            823      823.00000

   Energies (kJ/mol)
           Bond            U-B    Proper Dih.  Improper Dih.      CMAP Dih.
    1.55665e+03    5.66188e+03    9.52699e+03    2.88917e+02   -2.74305e+03
          LJ-14     Coulomb-14        LJ (SR)   Coulomb (SR)   Coul. recip.
    5.18707e+03    1.10708e+05    6.85850e+05   -5.27003e+06    1.78018e+04
      Potential Pressure (bar)   Constr. rmsd
   -4.43619e+06   -1.35278e+03    0.00000e+00

           Step           Time
            824      824.00000

           Step           Time
            825      825.00000

   Energies (kJ/mol)
           Bond            U-B    Proper Dih.  Improper Dih.      CMAP Dih.
    1.60737e+03    5.67881e+03    9.52709e+03    2.88890e+02   -2.74302e+03
          LJ-14     Coulomb-14        LJ (SR)   Coulomb (SR)   Coul. recip.
    5.18772e+03    1.10692e+05    6.85963e+05   -5.27027e+06    1.77934e+04
      Potential Pressure (bar)   Constr. rmsd
   -4.43627e+06   -1.35287e+03    0.00000e+00

           Step           Time
            826      826.00000

   Energies (kJ/mol)
           Bond            U-B    Proper Dih.  Improper Dih.      CMAP Dih.
    1.62687e+03    5.66873e+03    9.52713e+03    2.88874e+02   -2.74319e+03
          LJ-14     Coulomb-14        LJ (SR)   Coulomb (SR)   Coul. recip.
    5.18653e+03    1.10710e+05    6.86076e+05   -5.27053e+06    1.77910e+04
      Potential Pressure (bar)   Constr. rmsd
   -4.43639e+06   -1.35253e+03    0.00000e+00

           Step           Time
            827      827.00000

   Energies (kJ/mol)
           Bond            U-B    Proper Dih.  Improper Dih.      CMAP Dih.
    1.73045e+03    5.69315e+03    9.52725e+03    2.88836e+02   -2.74312e+03
          LJ-14     Coulomb-14        LJ (SR)   Coulomb (SR)   Coul. recip.
    5.18751e+03    1.10687e+05    6.86183e+05   -5.27075e+06    1.77820e+04
      Potential Pressure (bar)   Constr. rmsd
   -4.43641e+06   -1.35261e+03    0.00000e+00

           Step           Time
            828      828.00000

   Energies (kJ/mol)
           Bond            U-B    Proper Dih.  Improper Dih.      CMAP Dih.
    1.77540e+03    5.68417e+03    9.52729e+03    2.88835e+02   -2.74335e+03
          LJ-14     Coulomb-14        LJ (SR)   Coulomb (SR)   Coul. recip.
    5.18590e+03    1.10714e+05    6.86303e+05   -5.27103e+06    1.77807e+04
      Potential Pressure (bar)   Constr. rmsd
   -4.43651e+06   -1.35268e+03    0.00000e+00

           Step           Time
            829      829.00000

           Step           Time
            830      830.00000

   Energies (kJ/mol)
           Bond            U-B    Proper Dih.  Improper Dih.      CMAP Dih.
    1.49705e+03    5.66340e+03    9.52729e+03    2.88797e+02   -2.74328e+03
          LJ-14     Coulomb-14        LJ (SR)   Coulomb (SR)   Coul. recip.
    5.18660e+03    1.10697e+05    6.86350e+05   -5.27112e+06    1.77753e+04
      Potential Pressure (bar)   Constr. rmsd
   -4.43688e+06   -1.35272e+03    0.00000e+00

           Step           Time
            831      831.00000

   Energies (kJ/mol)
           Bond            U-B    Proper Dih.  Improper Dih.      CMAP Dih.
    1.93886e+03    5.69899e+03    9.52763e+03    2.88718e+02   -2.74364e+03
          LJ-14     Coulomb-14        LJ (SR)   Coulomb (SR)   Coul. recip.
    5.18478e+03    1.10717e+05    6.86775e+05   -5.27206e+06    1.77581e+04
      Potential Pressure (bar)   Constr. rmsd
   -4.43691e+06   -1.35256e+03    0.00000e+00

           Step           Time
            832      832.00000

   Energies (kJ/mol)
           Bond            U-B    Proper Dih.  Improper Dih.      CMAP Dih.
    1.54114e+03    5.67062e+03    9.52761e+03    2.88673e+02   -2.74353e+03
          LJ-14     Coulomb-14        LJ (SR)   Coulomb (SR)   Coul. recip.
    5.18586e+03    1.10693e+05    6.86825e+05   -5.27216e+06    1.77512e+04
      Potential Pressure (bar)   Constr. rmsd
   -4.43742e+06   -1.35261e+03    0.00000e+00

           Step           Time
            833      833.00000

           Step           Time
            834      834.00000

   Energies (kJ/mol)
           Bond            U-B    Proper Dih.  Improper Dih.      CMAP Dih.
    1.58715e+03    5.66577e+03    9.52765e+03    2.88653e+02   -2.74369e+03
          LJ-14     Coulomb-14        LJ (SR)   Coulomb (SR)   Coul. recip.
    5.18490e+03    1.10707e+05    6.86947e+05   -5.27244e+06    1.77476e+04
      Potential Pressure (bar)   Constr. rmsd
   -4.43753e+06   -1.35234e+03    0.00000e+00

           Step           Time
            835      835.00000

   Energies (kJ/mol)
           Bond            U-B    Proper Dih.  Improper Dih.      CMAP Dih.
    1.60139e+03    5.67863e+03    9.52774e+03    2.88617e+02   -2.74364e+03
          LJ-14     Coulomb-14        LJ (SR)   Coulomb (SR)   Coul. recip.
    5.18559e+03    1.10689e+05    6.87044e+05   -5.27264e+06    1.77399e+04
      Potential Pressure (bar)   Constr. rmsd
   -4.43763e+06   -1.35241e+03    0.00000e+00

           Step           Time
            836      836.00000

   Energies (kJ/mol)
           Bond            U-B    Proper Dih.  Improper Dih.      CMAP Dih.
    1.68080e+03    5.67446e+03    9.52780e+03    2.88605e+02   -2.74384e+03
          LJ-14     Coulomb-14        LJ (SR)   Coulomb (SR)   Coul. recip.
    5.18432e+03    1.10709e+05    6.87168e+05   -5.27292e+06    1.77373e+04
      Potential Pressure (bar)   Constr. rmsd
   -4.43770e+06   -1.35205e+03    0.00000e+00

           Step           Time
            837      837.00000

   Energies (kJ/mol)
           Bond            U-B    Proper Dih.  Improper Dih.      CMAP Dih.
    1.73110e+03    5.69377e+03    9.52790e+03    2.88570e+02   -2.74374e+03
          LJ-14     Coulomb-14        LJ (SR)   Coulomb (SR)   Coul. recip.
    5.18542e+03    1.10685e+05    6.87262e+05   -5.27311e+06    1.77288e+04
      Potential Pressure (bar)   Constr. rmsd
   -4.43775e+06   -1.35213e+03    0.00000e+00

           Step           Time
            838      838.00000

   Energies (kJ/mol)
           Bond            U-B    Proper Dih.  Improper Dih.      CMAP Dih.
    1.86655e+03    5.69454e+03    9.52795e+03    2.88573e+02   -2.74400e+03
          LJ-14     Coulomb-14        LJ (SR)   Coulomb (SR)   Coul. recip.
    5.18370e+03    1.10713e+05    6.87391e+05   -5.27341e+06    1.77275e+04
      Potential Pressure (bar)   Constr. rmsd
   -4.43776e+06   -1.35220e+03    0.00000e+00

           Step           Time
            839      839.00000

           Step           Time
            840      840.00000

   Energies (kJ/mol)
           Bond            U-B    Proper Dih.  Improper Dih.      CMAP Dih.
    1.49406e+03    5.66308e+03    9.52794e+03    2.88529e+02   -2.74392e+03
          LJ-14     Coulomb-14        LJ (SR)   Coulomb (SR)   Coul. recip.
    5.18446e+03    1.10696e+05    6.87433e+05   -5.27350e+06    1.77220e+04
      Potential Pressure (bar)   Constr. rmsd
   -4.43823e+06   -1.35224e+03    0.00000e+00

           Step           Time
            841      841.00000

   Energies (kJ/mol)
           Bond            U-B    Proper Dih.  Improper Dih.      CMAP Dih.
    2.08992e+03    5.71295e+03    9.52842e+03    2.88382e+02   -2.74447e+03
          LJ-14     Coulomb-14        LJ (SR)   Coulomb (SR)   Coul. recip.
    5.18200e+03    1.10717e+05    6.88128e+05   -5.27502e+06    1.76927e+04
      Potential Pressure (bar)   Constr. rmsd
   -4.43842e+06   -1.35226e+03    0.00000e+00

           Step           Time
            842      842.00000

   Energies (kJ/mol)
           Bond            U-B    Proper Dih.  Improper Dih.      CMAP Dih.
    1.53050e+03    5.66956e+03    9.52836e+03    2.88336e+02   -2.74433e+03
          LJ-14     Coulomb-14        LJ (SR)   Coulomb (SR)   Coul. recip.
    5.18319e+03    1.10690e+05    6.88169e+05   -5.27510e+06    1.76853e+04
      Potential Pressure (bar)   Constr. rmsd
   -4.43910e+06   -1.35230e+03    0.00000e+00

           Step           Time
            843      843.00000

           Step           Time
            844      844.00000

   Energies (kJ/mol)
           Bond            U-B    Proper Dih.  Improper Dih.      CMAP Dih.
    1.63465e+03    5.66988e+03    9.52846e+03    2.88318e+02   -2.74452e+03
          LJ-14     Coulomb-14        LJ (SR)   Coulomb (SR)   Coul. recip.
    5.18217e+03    1.10705e+05    6.88316e+05   -5.27543e+06    1.76809e+04
      Potential Pressure (bar)   Constr. rmsd
   -4.43917e+06   -1.35239e+03    0.00000e+00

           Step           Time
            845      845.00000

   Energies (kJ/mol)
           Bond            U-B    Proper Dih.  Improper Dih.      CMAP Dih.
    1.59332e+03    5.67822e+03    9.52852e+03    2.88283e+02   -2.74445e+03
          LJ-14     Coulomb-14        LJ (SR)   Coulomb (SR)   Coul. recip.
    5.18297e+03    1.10686e+05    6.88398e+05   -5.27560e+06    1.76736e+04
      Potential Pressure (bar)   Constr. rmsd
   -4.43931e+06   -1.35246e+03    0.00000e+00

           Step           Time
            846      846.00000

           Step           Time
            847      847.00000

   Energies (kJ/mol)
           Bond            U-B    Proper Dih.  Improper Dih.      CMAP Dih.
    1.50241e+03    5.66116e+03    9.52853e+03    2.88270e+02   -2.74456e+03
          LJ-14     Coulomb-14        LJ (SR)   Coulomb (SR)   Coul. recip.
    5.18226e+03    1.10697e+05    6.88466e+05   -5.27575e+06    1.76721e+04
      Potential Pressure (bar)   Constr. rmsd
   -4.43950e+06   -1.35250e+03    0.00000e+00

           Step           Time
            848      848.00000

   Energies (kJ/mol)
           Bond            U-B    Proper Dih.  Improper Dih.      CMAP Dih.
    1.64988e+03    5.68525e+03    9.52871e+03    2.88201e+02   -2.74464e+03
          LJ-14     Coulomb-14        LJ (SR)   Coulomb (SR)   Coul. recip.
    5.18243e+03    1.10683e+05    6.88743e+05   -5.27635e+06    1.76566e+04
      Potential Pressure (bar)   Constr. rmsd
   -4.43967e+06   -1.35226e+03    0.00000e+00

           Step           Time
            849      849.00000

   Energies (kJ/mol)
           Bond            U-B    Proper Dih.  Improper Dih.      CMAP Dih.
    1.53269e+03    5.66251e+03    9.52871e+03    2.88183e+02   -2.74479e+03
          LJ-14     Coulomb-14        LJ (SR)   Coulomb (SR)   Coul. recip.
    5.18146e+03    1.10699e+05    6.88823e+05   -5.27653e+06    1.76552e+04
      Potential Pressure (bar)   Constr. rmsd
   -4.43990e+06   -1.35231e+03    0.00000e+00

           Step           Time
            850      850.00000

           Step           Time
            851      851.00000

   Energies (kJ/mol)
           Bond            U-B    Proper Dih.  Improper Dih.      CMAP Dih.
    1.51788e+03    5.66780e+03    9.52876e+03    2.88157e+02   -2.74479e+03
          LJ-14     Coulomb-14        LJ (SR)   Coulomb (SR)   Coul. recip.
    5.18177e+03    1.10689e+05    6.88912e+05   -5.27672e+06    1.76494e+04
      Potential Pressure (bar)   Constr. rmsd
   -4.44003e+06   -1.35197e+03    0.00000e+00

           Step           Time
            852      852.00000

   Energies (kJ/mol)
           Bond            U-B    Proper Dih.  Improper Dih.      CMAP Dih.
    1.56676e+03    5.66489e+03    9.52883e+03    2.88132e+02   -2.74494e+03
          LJ-14     Coulomb-14        LJ (SR)   Coulomb (SR)   Coul. recip.
    5.18095e+03    1.10700e+05    6.89043e+05   -5.27701e+06    1.76449e+04
      Potential Pressure (bar)   Constr. rmsd
   -4.44014e+06   -1.35205e+03    0.00000e+00

           Step           Time
            853      853.00000

   Energies (kJ/mol)
           Bond            U-B    Proper Dih.  Improper Dih.      CMAP Dih.
    1.55241e+03    5.67293e+03    9.52889e+03    2.88099e+02   -2.74490e+03
          LJ-14     Coulomb-14        LJ (SR)   Coulomb (SR)   Coul. recip.
    5.18149e+03    1.10686e+05    6.89133e+05   -5.27720e+06    1.76383e+04
      Potential Pressure (bar)   Constr. rmsd
   -4.44026e+06   -1.35212e+03    0.00000e+00

           Step           Time
            854      854.00000

   Energies (kJ/mol)
           Bond            U-B    Proper Dih.  Improper Dih.      CMAP Dih.
    1.63212e+03    5.67053e+03    9.52895e+03    2.88090e+02   -2.74509e+03
          LJ-14     Coulomb-14        LJ (SR)   Coulomb (SR)   Coul. recip.
    5.18042e+03    1.10702e+05    6.89262e+05   -5.27749e+06    1.76350e+04
      Potential Pressure (bar)   Constr. rmsd
   -4.44033e+06   -1.35178e+03    0.00000e+00

           Step           Time
            855      855.00000

   Energies (kJ/mol)
           Bond            U-B    Proper Dih.  Improper Dih.      CMAP Dih.
    1.62931e+03    5.68279e+03    9.52901e+03    2.88054e+02   -2.74502e+03
          LJ-14     Coulomb-14        LJ (SR)   Coulomb (SR)   Coul. recip.
    5.18128e+03    1.10683e+05    6.89351e+05   -5.27767e+06    1.76272e+04
      Potential Pressure (bar)   Constr. rmsd
   -4.44044e+06   -1.35185e+03    0.00000e+00

           Step           Time
            856      856.00000

   Energies (kJ/mol)
           Bond            U-B    Proper Dih.  Improper Dih.      CMAP Dih.
    1.75964e+03    5.68334e+03    9.52908e+03    2.88051e+02   -2.74525e+03
          LJ-14     Coulomb-14        LJ (SR)   Coulomb (SR)   Coul. recip.
    5.17985e+03    1.10705e+05    6.89480e+05   -5.27796e+06    1.76251e+04
      Potential Pressure (bar)   Constr. rmsd
   -4.44046e+06   -1.35193e+03    0.00000e+00

           Step           Time
            857      857.00000

   Energies (kJ/mol)
           Bond            U-B    Proper Dih.  Improper Dih.      CMAP Dih.
    1.79829e+03    5.70181e+03    9.52917e+03    2.88010e+02   -2.74512e+03
          LJ-14     Coulomb-14        LJ (SR)   Coulomb (SR)   Coul. recip.
    5.18115e+03    1.10677e+05    6.89566e+05   -5.27813e+06    1.76162e+04
      Potential Pressure (bar)   Constr. rmsd
   -4.44052e+06   -1.35200e+03    0.00000e+00

           Step           Time
            858      858.00000

           Step           Time
            859      859.00000

   Energies (kJ/mol)
           Bond            U-B    Proper Dih.  Improper Dih.      CMAP Dih.
    1.50161e+03    5.66219e+03    9.52912e+03    2.88000e+02   -2.74528e+03
          LJ-14     Coulomb-14        LJ (SR)   Coulomb (SR)   Coul. recip.
    5.18012e+03    1.10694e+05    6.89630e+05   -5.27829e+06    1.76156e+04
      Potential Pressure (bar)   Constr. rmsd
   -4.44093e+06   -1.35203e+03    0.00000e+00

           Step           Time
            860      860.00000

   Energies (kJ/mol)
           Bond            U-B    Proper Dih.  Improper Dih.      CMAP Dih.
    1.92993e+03    5.71707e+03    9.52947e+03    2.87888e+02   -2.74544e+03
          LJ-14     Coulomb-14        LJ (SR)   Coulomb (SR)   Coul. recip.
    5.18022e+03    1.10674e+05    6.90100e+05   -5.27929e+06    1.75901e+04
      Potential Pressure (bar)   Constr. rmsd
   -4.44102e+06   -1.35164e+03    0.00000e+00

           Step           Time
            861      861.00000

   Energies (kJ/mol)
           Bond            U-B    Proper Dih.  Improper Dih.      CMAP Dih.
    1.55617e+03    5.66429e+03    9.52940e+03    2.87865e+02   -2.74564e+03
          LJ-14     Coulomb-14        LJ (SR)   Coulomb (SR)   Coul. recip.
    5.17885e+03    1.10697e+05    6.90178e+05   -5.27947e+06    1.75898e+04
      Potential Pressure (bar)   Constr. rmsd
   -4.44154e+06   -1.35168e+03    0.00000e+00

           Step           Time
            862      862.00000

           Step           Time
            863      863.00000

   Energies (kJ/mol)
           Bond            U-B    Proper Dih.  Improper Dih.      CMAP Dih.
    1.58405e+03    5.67736e+03    9.52947e+03    2.87836e+02   -2.74562e+03
          LJ-14     Coulomb-14        LJ (SR)   Coulomb (SR)   Coul. recip.
    5.17944e+03    1.10683e+05    6.90283e+05   -5.27969e+06    1.75825e+04
      Potential Pressure (bar)   Constr. rmsd
   -4.44163e+06   -1.35133e+03    0.00000e+00

           Step           Time
            864      864.00000

   Energies (kJ/mol)
           Bond            U-B    Proper Dih.  Improper Dih.      CMAP Dih.
    1.61965e+03    5.67002e+03    9.52952e+03    2.87823e+02   -2.74580e+03
          LJ-14     Coulomb-14        LJ (SR)   Coulomb (SR)   Coul. recip.
    5.17835e+03    1.10699e+05    6.90395e+05   -5.27994e+06    1.75800e+04
      Potential Pressure (bar)   Constr. rmsd
   -4.44173e+06   -1.35140e+03    0.00000e+00

           Step           Time
            865      865.00000

   Energies (kJ/mol)
           Bond            U-B    Proper Dih.  Improper Dih.      CMAP Dih.
    1.68253e+03    5.68920e+03    9.52960e+03    2.87784e+02   -2.74573e+03
          LJ-14     Coulomb-14        LJ (SR)   Coulomb (SR)   Coul. recip.
    5.17926e+03    1.10678e+05    6.90495e+05   -5.28015e+06    1.75718e+04
      Potential Pressure (bar)   Constr. rmsd
   -4.44178e+06   -1.35148e+03    0.00000e+00

           Step           Time
            866      866.00000

   Energies (kJ/mol)
           Bond            U-B    Proper Dih.  Improper Dih.      CMAP Dih.
    1.74987e+03    5.68323e+03    9.52966e+03    2.87787e+02   -2.74596e+03
          LJ-14     Coulomb-14        LJ (SR)   Coulomb (SR)   Coul. recip.
    5.17778e+03    1.10703e+05    6.90613e+05   -5.28042e+06    1.75704e+04
      Potential Pressure (bar)   Constr. rmsd
   -4.44185e+06   -1.35155e+03    0.00000e+00

           Step           Time
            867      867.00000

           Step           Time
            868      868.00000

   Energies (kJ/mol)
           Bond            U-B    Proper Dih.  Improper Dih.      CMAP Dih.
    1.49827e+03    5.66468e+03    9.52964e+03    2.87750e+02   -2.74590e+03
          LJ-14     Coulomb-14        LJ (SR)   Coulomb (SR)   Coul. recip.
    5.17843e+03    1.10688e+05    6.90658e+05   -5.28051e+06    1.75653e+04
      Potential Pressure (bar)   Constr. rmsd
   -4.44219e+06   -1.35158e+03    0.00000e+00

           Step           Time
            869      869.00000

   Energies (kJ/mol)
           Bond            U-B    Proper Dih.  Improper Dih.      CMAP Dih.
    1.89471e+03    5.69566e+03    9.52995e+03    2.87666e+02   -2.74633e+03
          LJ-14     Coulomb-14        LJ (SR)   Coulomb (SR)   Coul. recip.
    5.17661e+03    1.10705e+05    6.91154e+05   -5.28159e+06    1.75453e+04
      Potential Pressure (bar)   Constr. rmsd
   -4.44234e+06   -1.35137e+03    0.00000e+00

           Step           Time
            870      870.00000

   Energies (kJ/mol)
           Bond            U-B    Proper Dih.  Improper Dih.      CMAP Dih.
    1.53046e+03    5.67034e+03    9.52992e+03    2.87623e+02   -2.74622e+03
          LJ-14     Coulomb-14        LJ (SR)   Coulomb (SR)   Coul. recip.
    5.17760e+03    1.10683e+05    6.91202e+05   -5.28168e+06    1.75389e+04
      Potential Pressure (bar)   Constr. rmsd
   -4.44281e+06   -1.35142e+03    0.00000e+00

           Step           Time
            871      871.00000

           Step           Time
            872      872.00000

   Energies (kJ/mol)
           Bond            U-B    Proper Dih.  Improper Dih.      CMAP Dih.
    1.58633e+03    5.66729e+03    9.52998e+03    2.87608e+02   -2.74639e+03
          LJ-14     Coulomb-14        LJ (SR)   Coulomb (SR)   Coul. recip.
    5.17672e+03    1.10696e+05    6.91329e+05   -5.28196e+06    1.75350e+04
      Potential Pressure (bar)   Constr. rmsd
   -4.44290e+06   -1.35150e+03    0.00000e+00

           Step           Time
            873      873.00000

   Energies (kJ/mol)
           Bond            U-B    Proper Dih.  Improper Dih.      CMAP Dih.
    1.57813e+03    5.67703e+03    9.53004e+03    2.87571e+02   -2.74634e+03
          LJ-14     Coulomb-14        LJ (SR)   Coulomb (SR)   Coul. recip.
    5.17738e+03    1.10680e+05    6.91418e+05   -5.28215e+06    1.75282e+04
      Potential Pressure (bar)   Constr. rmsd
   -4.44302e+06   -1.35129e+03    0.00000e+00

           Step           Time
            874      874.00000

   Energies (kJ/mol)
           Bond            U-B    Proper Dih.  Improper Dih.      CMAP Dih.
    1.66881e+03    5.67493e+03    9.53010e+03    2.87567e+02   -2.74655e+03
          LJ-14     Coulomb-14        LJ (SR)   Coulomb (SR)   Coul. recip.
    5.17621e+03    1.10698e+05    6.91543e+05   -5.28243e+06    1.75255e+04
      Potential Pressure (bar)   Constr. rmsd
   -4.44307e+06   -1.35098e+03    0.00000e+00

           Step           Time
            875      875.00000

   Energies (kJ/mol)
           Bond            U-B    Proper Dih.  Improper Dih.      CMAP Dih.
    1.68219e+03    5.68958e+03    9.53015e+03    2.87526e+02   -2.74646e+03
          LJ-14     Coulomb-14        LJ (SR)   Coulomb (SR)   Coul. recip.
    5.17722e+03    1.10676e+05    6.91631e+05   -5.28260e+06    1.75175e+04
      Potential Pressure (bar)   Constr. rmsd
   -4.44316e+06   -1.35105e+03    0.00000e+00

           Step           Time
            876      876.00000

           Step           Time
            877      877.00000

   Energies (kJ/mol)
           Bond            U-B    Proper Dih.  Improper Dih.      CMAP Dih.
    1.50183e+03    5.66284e+03    9.53014e+03    2.87518e+02   -2.74659e+03
          LJ-14     Coulomb-14        LJ (SR)   Coulomb (SR)   Coul. recip.
    5.17639e+03    1.10689e+05    6.91692e+05   -5.28275e+06    1.75165e+04
      Potential Pressure (bar)   Constr. rmsd
   -4.44344e+06   -1.35109e+03    0.00000e+00

           Step           Time
            878      878.00000

   Energies (kJ/mol)
           Bond            U-B    Proper Dih.  Improper Dih.      CMAP Dih.
    1.76745e+03    5.69976e+03    9.53041e+03    2.87414e+02   -2.74677e+03
          LJ-14     Coulomb-14        LJ (SR)   Coulomb (SR)   Coul. recip.
    5.17640e+03    1.10673e+05    6.92129e+05   -5.28367e+06    1.74935e+04
      Potential Pressure (bar)   Constr. rmsd
   -4.44366e+06   -1.35135e+03    0.00000e+00

           Step           Time
            879      879.00000

   Energies (kJ/mol)
           Bond            U-B    Proper Dih.  Improper Dih.      CMAP Dih.
    1.53778e+03    5.66400e+03    9.53039e+03    2.87403e+02   -2.74694e+03
          LJ-14     Coulomb-14        LJ (SR)   Coulomb (SR)   Coul. recip.
    5.17528e+03    1.10691e+05    6.92204e+05   -5.28385e+06    1.74929e+04
      Potential Pressure (bar)   Constr. rmsd
   -4.44402e+06   -1.35139e+03    0.00000e+00

           Step           Time
            880      880.00000

           Step           Time
            881      881.00000

   Energies (kJ/mol)
           Bond            U-B    Proper Dih.  Improper Dih.      CMAP Dih.
    1.55047e+03    5.67344e+03    9.53044e+03    2.87376e+02   -2.74694e+03
          LJ-14     Coulomb-14        LJ (SR)   Coulomb (SR)   Coul. recip.
    5.17572e+03    1.10679e+05    6.92306e+05   -5.28406e+06    1.74861e+04
      Potential Pressure (bar)   Constr. rmsd
   -4.44412e+06   -1.35146e+03    0.00000e+00

           Step           Time
            882      882.00000

   Energies (kJ/mol)
           Bond            U-B    Proper Dih.  Improper Dih.      CMAP Dih.
    1.57982e+03    5.66733e+03    9.53049e+03    2.87364e+02   -2.74710e+03
          LJ-14     Coulomb-14        LJ (SR)   Coulomb (SR)   Coul. recip.
    5.17481e+03    1.10692e+05    6.92417e+05   -5.28431e+06    1.74832e+04
      Potential Pressure (bar)   Constr. rmsd
   -4.44423e+06   -1.35153e+03    0.00000e+00

           Step           Time
            883      883.00000

   Energies (kJ/mol)
           Bond            U-B    Proper Dih.  Improper Dih.      CMAP Dih.
    1.61108e+03    5.68131e+03    9.53055e+03    2.87326e+02   -2.74705e+03
          LJ-14     Coulomb-14        LJ (SR)   Coulomb (SR)   Coul. recip.
    5.17550e+03    1.10676e+05    6.92516e+05   -5.28451e+06    1.74758e+04
      Potential Pressure (bar)   Constr. rmsd
   -4.44430e+06   -1.35160e+03    0.00000e+00

           Step           Time
            884      884.00000

   Energies (kJ/mol)
           Bond            U-B    Proper Dih.  Improper Dih.      CMAP Dih.
    1.66520e+03    5.67523e+03    9.53060e+03    2.87322e+02   -2.74726e+03
          LJ-14     Coulomb-14        LJ (SR)   Coulomb (SR)   Coul. recip.
    5.17429e+03    1.10695e+05    6.92630e+05   -5.28477e+06    1.74736e+04
      Potential Pressure (bar)   Constr. rmsd
   -4.44439e+06   -1.35167e+03    0.00000e+00

           Step           Time
            885      885.00000

   Energies (kJ/mol)
           Bond            U-B    Proper Dih.  Improper Dih.      CMAP Dih.
    1.73927e+03    5.69604e+03    9.53067e+03    2.87283e+02   -2.74717e+03
          LJ-14     Coulomb-14        LJ (SR)   Coulomb (SR)   Coul. recip.
    5.17538e+03    1.10672e+05    6.92725e+05   -5.28496e+06    1.74653e+04
      Potential Pressure (bar)   Constr. rmsd
   -4.44441e+06   -1.35174e+03    0.00000e+00

           Step           Time
            886      886.00000

   Energies (kJ/mol)
           Bond            U-B    Proper Dih.  Improper Dih.      CMAP Dih.
    1.83674e+03    5.69374e+03    9.53076e+03    2.87299e+02   -2.74744e+03
          LJ-14     Coulomb-14        LJ (SR)   Coulomb (SR)   Coul. recip.
    5.17372e+03    1.10699e+05    6.92845e+05   -5.28523e+06    1.74645e+04
      Potential Pressure (bar)   Constr. rmsd
   -4.44445e+06   -1.35181e+03    0.00000e+00

           Step           Time
            887      887.00000

           Step           Time
            888      888.00000

   Energies (kJ/mol)
           Bond            U-B    Proper Dih.  Improper Dih.      CMAP Dih.
    1.50105e+03    5.66585e+03    9.53071e+03    2.87250e+02   -2.74736e+03
          LJ-14     Coulomb-14        LJ (SR)   Coulomb (SR)   Coul. recip.
    5.17447e+03    1.10682e+05    6.92886e+05   -5.28531e+06    1.74594e+04
      Potential Pressure (bar)   Constr. rmsd
   -4.44488e+06   -1.35184e+03    0.00000e+00

           Step           Time
            889      889.00000

   Energies (kJ/mol)
           Bond            U-B    Proper Dih.  Improper Dih.      CMAP Dih.
    2.03345e+03    5.71075e+03    9.53106e+03    2.87190e+02   -2.74786e+03
          LJ-14     Coulomb-14        LJ (SR)   Coulomb (SR)   Coul. recip.
    5.17250e+03    1.10702e+05    6.93419e+05   -5.28646e+06    1.74383e+04
      Potential Pressure (bar)   Constr. rmsd
   -4.44492e+06   -1.35218e+03    0.00000e+00

           Step           Time
            890      890.00000

   Energies (kJ/mol)
           Bond            U-B    Proper Dih.  Improper Dih.      CMAP Dih.
    1.54156e+03    5.67260e+03    9.53098e+03    2.87131e+02   -2.74772e+03
          LJ-14     Coulomb-14        LJ (SR)   Coulomb (SR)   Coul. recip.
    5.17365e+03    1.10677e+05    6.93461e+05   -5.28655e+06    1.74316e+04
      Potential Pressure (bar)   Constr. rmsd
   -4.44552e+06   -1.35222e+03    0.00000e+00

           Step           Time
            891      891.00000

           Step           Time
            892      892.00000

   Energies (kJ/mol)
           Bond            U-B    Proper Dih.  Improper Dih.      CMAP Dih.
    1.62045e+03    5.67096e+03    9.53105e+03    2.87121e+02   -2.74791e+03
          LJ-14     Coulomb-14        LJ (SR)   Coulomb (SR)   Coul. recip.
    5.17268e+03    1.10691e+05    6.93591e+05   -5.28683e+06    1.74280e+04
      Potential Pressure (bar)   Constr. rmsd
   -4.44559e+06   -1.35230e+03    0.00000e+00

           Step           Time
            893      893.00000

   Energies (kJ/mol)
           Bond            U-B    Proper Dih.  Improper Dih.      CMAP Dih.
    1.60406e+03    5.68096e+03    9.53108e+03    2.87080e+02   -2.74784e+03
          LJ-14     Coulomb-14        LJ (SR)   Coulomb (SR)   Coul. recip.
    5.17347e+03    1.10674e+05    6.93675e+05   -5.28700e+06    1.74211e+04
      Potential Pressure (bar)   Constr. rmsd
   -4.44570e+06   -1.35236e+03    0.00000e+00

           Step           Time
            894      894.00000

   Energies (kJ/mol)
           Bond            U-B    Proper Dih.  Improper Dih.      CMAP Dih.
    1.72924e+03    5.68177e+03    9.53114e+03    2.87077e+02   -2.74808e+03
          LJ-14     Coulomb-14        LJ (SR)   Coulomb (SR)   Coul. recip.
    5.17217e+03    1.10694e+05    6.93802e+05   -5.28729e+06    1.74188e+04
      Potential Pressure (bar)   Constr. rmsd
   -4.44572e+06   -1.35215e+03    0.00000e+00

           Step           Time
            895      895.00000

   Energies (kJ/mol)
           Bond            U-B    Proper Dih.  Improper Dih.      CMAP Dih.
    1.74101e+03    5.69680e+03    9.53120e+03    2.87036e+02   -2.74795e+03
          LJ-14     Coulomb-14        LJ (SR)   Coulomb (SR)   Coul. recip.
    5.17337e+03    1.10669e+05    6.93885e+05   -5.28745e+06    1.74107e+04
      Potential Pressure (bar)   Constr. rmsd
   -4.44580e+06   -1.35222e+03    0.00000e+00

           Step           Time
            896      896.00000

           Step           Time
            897      897.00000

   Energies (kJ/mol)
           Bond            U-B    Proper Dih.  Improper Dih.      CMAP Dih.
    1.50645e+03    5.66397e+03    9.53119e+03    2.87033e+02   -2.74811e+03
          LJ-14     Coulomb-14        LJ (SR)   Coulomb (SR)   Coul. recip.
    5.17243e+03    1.10684e+05    6.93947e+05   -5.28760e+06    1.74100e+04
      Potential Pressure (bar)   Constr. rmsd
   -4.44614e+06   -1.35225e+03    0.00000e+00

           Step           Time
            898      898.00000

   Energies (kJ/mol)
           Bond            U-B    Proper Dih.  Improper Dih.      CMAP Dih.
    1.85293e+03    5.70966e+03    9.53144e+03    2.86932e+02   -2.74825e+03
          LJ-14     Coulomb-14        LJ (SR)   Coulomb (SR)   Coul. recip.
    5.17264e+03    1.10666e+05    6.94347e+05   -5.28844e+06    1.73887e+04
      Potential Pressure (bar)   Constr. rmsd
   -4.44623e+06   -1.35209e+03    0.00000e+00

           Step           Time
            899      899.00000

   Energies (kJ/mol)
           Bond            U-B    Proper Dih.  Improper Dih.      CMAP Dih.
    1.55435e+03    5.66595e+03    9.53142e+03    2.86922e+02   -2.74846e+03
          LJ-14     Coulomb-14        LJ (SR)   Coulomb (SR)   Coul. recip.
    5.17138e+03    1.10687e+05    6.94422e+05   -5.28862e+06    1.73883e+04
      Potential Pressure (bar)   Constr. rmsd
   -4.44666e+06   -1.35213e+03    0.00000e+00

           Step           Time
            900      900.00000

           Step           Time
            901      901.00000

   Energies (kJ/mol)
           Bond            U-B    Proper Dih.  Improper Dih.      CMAP Dih.
    1.56856e+03    5.67647e+03    9.53147e+03    2.86896e+02   -2.74844e+03
          LJ-14     Coulomb-14        LJ (SR)   Coulomb (SR)   Coul. recip.
    5.17193e+03    1.10673e+05    6.94520e+05   -5.28882e+06    1.73817e+04
      Potential Pressure (bar)   Constr. rmsd
   -4.44676e+06   -1.35221e+03    0.00000e+00

           Step           Time
            902      902.00000

   Energies (kJ/mol)
           Bond            U-B    Proper Dih.  Improper Dih.      CMAP Dih.
    1.61012e+03    5.67076e+03    9.53152e+03    2.86890e+02   -2.74862e+03
          LJ-14     Coulomb-14        LJ (SR)   Coulomb (SR)   Coul. recip.
    5.17092e+03    1.10688e+05    6.94632e+05   -5.28907e+06    1.73790e+04
      Potential Pressure (bar)   Constr. rmsd
   -4.44685e+06   -1.35227e+03    0.00000e+00

           Step           Time
            903      903.00000

   Energies (kJ/mol)
           Bond            U-B    Proper Dih.  Improper Dih.      CMAP Dih.
    1.64813e+03    5.68634e+03    9.53157e+03    2.86852e+02   -2.74856e+03
          LJ-14     Coulomb-14        LJ (SR)   Coulomb (SR)   Coul. recip.
    5.17177e+03    1.10670e+05    6.94726e+05   -5.28926e+06    1.73716e+04
      Potential Pressure (bar)   Constr. rmsd
   -4.44691e+06   -1.35234e+03    0.00000e+00

           Step           Time
            904      904.00000

   Energies (kJ/mol)
           Bond            U-B    Proper Dih.  Improper Dih.      CMAP Dih.
    1.72271e+03    5.68191e+03    9.53163e+03    2.86858e+02   -2.74880e+03
          LJ-14     Coulomb-14        LJ (SR)   Coulomb (SR)   Coul. recip.
    5.17041e+03    1.10691e+05    6.94841e+05   -5.28952e+06    1.73701e+04
      Potential Pressure (bar)   Constr. rmsd
   -4.44697e+06   -1.35241e+03    0.00000e+00

           Step           Time
            905      905.00000

           Step           Time
            906      906.00000

   Energies (kJ/mol)
           Bond            U-B    Proper Dih.  Improper Dih.      CMAP Dih.
    1.50092e+03    5.66593e+03    9.53162e+03    2.86824e+02   -2.74874e+03
          LJ-14     Coulomb-14        LJ (SR)   Coulomb (SR)   Coul. recip.
    5.17102e+03    1.10678e+05    6.94884e+05   -5.28960e+06    1.73655e+04
      Potential Pressure (bar)   Constr. rmsd
   -4.44727e+06   -1.35244e+03    0.00000e+00

           Step           Time
            907      907.00000

   Energies (kJ/mol)
           Bond            U-B    Proper Dih.  Improper Dih.      CMAP Dih.
    1.84945e+03    5.69226e+03    9.53193e+03    2.86733e+02   -2.74925e+03
          LJ-14     Coulomb-14        LJ (SR)   Coulomb (SR)   Coul. recip.
    5.16919e+03    1.10694e+05    6.95449e+05   -5.29082e+06    1.73423e+04
      Potential Pressure (bar)   Constr. rmsd
   -4.44755e+06   -1.35280e+03    0.00000e+00

           Step           Time
            908      908.00000

   Energies (kJ/mol)
           Bond            U-B    Proper Dih.  Improper Dih.      CMAP Dih.
    1.52488e+03    5.67048e+03    9.53190e+03    2.86689e+02   -2.74914e+03
          LJ-14     Coulomb-14        LJ (SR)   Coulomb (SR)   Coul. recip.
    5.17011e+03    1.10674e+05    6.95495e+05   -5.29090e+06    1.73366e+04
      Potential Pressure (bar)   Constr. rmsd
   -4.44796e+06   -1.35284e+03    0.00000e+00

           Step           Time
            909      909.00000

           Step           Time
            910      910.00000

   Energies (kJ/mol)
           Bond            U-B    Proper Dih.  Improper Dih.      CMAP Dih.
    1.58261e+03    5.66845e+03    9.53196e+03    2.86678e+02   -2.74932e+03
          LJ-14     Coulomb-14        LJ (SR)   Coulomb (SR)   Coul. recip.
    5.16930e+03    1.10685e+05    6.95624e+05   -5.29119e+06    1.73325e+04
      Potential Pressure (bar)   Constr. rmsd
   -4.44806e+06   -1.35239e+03    0.00000e+00

           Step           Time
            911      911.00000

   Energies (kJ/mol)
           Bond            U-B    Proper Dih.  Improper Dih.      CMAP Dih.
    1.56297e+03    5.67608e+03    9.53201e+03    2.86647e+02   -2.74928e+03
          LJ-14     Coulomb-14        LJ (SR)   Coulomb (SR)   Coul. recip.
    5.16992e+03    1.10671e+05    6.95707e+05   -5.29136e+06    1.73264e+04
      Potential Pressure (bar)   Constr. rmsd
   -4.44817e+06   -1.35246e+03    0.00000e+00

           Step           Time
            912      912.00000

   Energies (kJ/mol)
           Bond            U-B    Proper Dih.  Improper Dih.      CMAP Dih.
    1.65419e+03    5.67502e+03    9.53207e+03    2.86641e+02   -2.74949e+03
          LJ-14     Coulomb-14        LJ (SR)   Coulomb (SR)   Coul. recip.
    5.16884e+03    1.10687e+05    6.95832e+05   -5.29163e+06    1.73236e+04
      Potential Pressure (bar)   Constr. rmsd
   -4.44822e+06   -1.35253e+03    0.00000e+00

           Step           Time
            913      913.00000

   Energies (kJ/mol)
           Bond            U-B    Proper Dih.  Improper Dih.      CMAP Dih.
    1.64700e+03    5.68657e+03    9.53211e+03    2.86604e+02   -2.74940e+03
          LJ-14     Coulomb-14        LJ (SR)   Coulomb (SR)   Coul. recip.
    5.16977e+03    1.10667e+05    6.95915e+05   -5.29180e+06    1.73163e+04
      Potential Pressure (bar)   Constr. rmsd
   -4.44832e+06   -1.35259e+03    0.00000e+00

           Step           Time
            914      914.00000

           Step           Time
            915      915.00000

   Energies (kJ/mol)
           Bond            U-B    Proper Dih.  Improper Dih.      CMAP Dih.
    1.50692e+03    5.66455e+03    9.53211e+03    2.86600e+02   -2.74954e+03
          LJ-14     Coulomb-14        LJ (SR)   Coulomb (SR)   Coul. recip.
    5.16900e+03    1.10679e+05    6.95976e+05   -5.29194e+06    1.73153e+04
      Potential Pressure (bar)   Constr. rmsd
   -4.44856e+06   -1.35262e+03    0.00000e+00

           Step           Time
            916      916.00000

   Energies (kJ/mol)
           Bond            U-B    Proper Dih.  Improper Dih.      CMAP Dih.
    1.71938e+03    5.69512e+03    9.53233e+03    2.86519e+02   -2.74969e+03
          LJ-14     Coulomb-14        LJ (SR)   Coulomb (SR)   Coul. recip.
    5.16917e+03    1.10664e+05    6.96333e+05   -5.29269e+06    1.72967e+04
      Potential Pressure (bar)   Constr. rmsd
   -4.44874e+06   -1.35286e+03    0.00000e+00

           Step           Time
            917      917.00000

   Energies (kJ/mol)
           Bond            U-B    Proper Dih.  Improper Dih.      CMAP Dih.
    1.53929e+03    5.66572e+03    9.53232e+03    2.86515e+02   -2.74987e+03
          LJ-14     Coulomb-14        LJ (SR)   Coulomb (SR)   Coul. recip.
    5.16812e+03    1.10681e+05    6.96406e+05   -5.29285e+06    1.72959e+04
      Potential Pressure (bar)   Constr. rmsd
   -4.44903e+06   -1.35290e+03    0.00000e+00

           Step           Time
            918      918.00000

           Step           Time
            919      919.00000

   Energies (kJ/mol)
           Bond            U-B    Proper Dih.  Improper Dih.      CMAP Dih.
    1.54164e+03    5.67320e+03    9.53235e+03    2.86486e+02   -2.74986e+03
          LJ-14     Coulomb-14        LJ (SR)   Coulomb (SR)   Coul. recip.
    5.16853e+03    1.10671e+05    6.96500e+05   -5.29305e+06    1.72898e+04
      Potential Pressure (bar)   Constr. rmsd
   -4.44913e+06   -1.35297e+03    0.00000e+00

           Step           Time
            920      920.00000

   Energies (kJ/mol)
           Bond            U-B    Proper Dih.  Improper Dih.      CMAP Dih.
    1.57679e+03    5.66856e+03    9.53241e+03    2.86476e+02   -2.75003e+03
          LJ-14     Coulomb-14        LJ (SR)   Coulomb (SR)   Coul. recip.
    5.16769e+03    1.10683e+05    6.96611e+05   -5.29329e+06    1.72868e+04
      Potential Pressure (bar)   Constr. rmsd
   -4.44923e+06   -1.35303e+03    0.00000e+00

           Step           Time
            921      921.00000

   Energies (kJ/mol)
           Bond            U-B    Proper Dih.  Improper Dih.      CMAP Dih.
    1.59032e+03    5.67974e+03    9.53245e+03    2.86442e+02   -2.74999e+03
          LJ-14     Coulomb-14        LJ (SR)   Coulomb (SR)   Coul. recip.
    5.16834e+03    1.10668e+05    6.96703e+05   -5.29348e+06    1.72802e+04
      Potential Pressure (bar)   Constr. rmsd
   -4.44932e+06   -1.35310e+03    0.00000e+00

           Step           Time
            922      922.00000

   Energies (kJ/mol)
           Bond            U-B    Proper Dih.  Improper Dih.      CMAP Dih.
    1.65149e+03    5.67533e+03    9.53252e+03    2.86445e+02   -2.75020e+03
          LJ-14     Coulomb-14        LJ (SR)   Coulomb (SR)   Coul. recip.
    5.16721e+03    1.10685e+05    6.96817e+05   -5.29373e+06    1.72780e+04
      Potential Pressure (bar)   Constr. rmsd
   -4.44939e+06   -1.35317e+03    0.00000e+00

           Step           Time
            923      923.00000

   Energies (kJ/mol)
           Bond            U-B    Proper Dih.  Improper Dih.      CMAP Dih.
    1.69479e+03    5.69210e+03    9.53255e+03    2.86399e+02   -2.75011e+03
          LJ-14     Coulomb-14        LJ (SR)   Coulomb (SR)   Coul. recip.
    5.16823e+03    1.10663e+05    6.96906e+05   -5.29390e+06    1.72704e+04
      Potential Pressure (bar)   Constr. rmsd
   -4.44944e+06   -1.35323e+03    0.00000e+00

           Step           Time
            924      924.00000

   Energies (kJ/mol)
           Bond            U-B    Proper Dih.  Improper Dih.      CMAP Dih.
    1.80033e+03    5.69104e+03    9.53264e+03    2.86420e+02   -2.75038e+03
          LJ-14     Coulomb-14        LJ (SR)   Coulomb (SR)   Coul. recip.
    5.16669e+03    1.10688e+05    6.97023e+05   -5.29417e+06    1.72694e+04
      Potential Pressure (bar)   Constr. rmsd
   -4.44946e+06   -1.35279e+03    0.00000e+00

           Step           Time
            925      925.00000

           Step           Time
            926      926.00000

   Energies (kJ/mol)
           Bond            U-B    Proper Dih.  Improper Dih.      CMAP Dih.
    1.50333e+03    5.66691e+03    9.53260e+03    2.86378e+02   -2.75031e+03
          LJ-14     Coulomb-14        LJ (SR)   Coulomb (SR)   Coul. recip.
    5.16739e+03    1.10673e+05    6.97063e+05   -5.29425e+06    1.72646e+04
      Potential Pressure (bar)   Constr. rmsd
   -4.44984e+06   -1.35282e+03    0.00000e+00

           Step           Time
            927      927.00000

   Energies (kJ/mol)
           Bond            U-B    Proper Dih.  Improper Dih.      CMAP Dih.
    1.97353e+03    5.70519e+03    9.53299e+03    2.86295e+02   -2.75090e+03
          LJ-14     Coulomb-14        LJ (SR)   Coulomb (SR)   Coul. recip.
    5.16539e+03    1.10691e+05    6.97676e+05   -5.29556e+06    1.72403e+04
      Potential Pressure (bar)   Constr. rmsd
   -4.45004e+06   -1.35273e+03    0.00000e+00

           Step           Time
            928      928.00000

   Energies (kJ/mol)
           Bond            U-B    Proper Dih.  Improper Dih.      CMAP Dih.
    1.53354e+03    5.67234e+03    9.53291e+03    2.86242e+02   -2.75077e+03
          LJ-14     Coulomb-14        LJ (SR)   Coulomb (SR)   Coul. recip.
    5.16647e+03    1.10669e+05    6.97718e+05   -5.29564e+06    1.72342e+04
      Potential Pressure (bar)   Constr. rmsd
   -4.45058e+06   -1.35277e+03    0.00000e+00

           Step           Time
            929      929.00000

           Step           Time
            930      930.00000

   Energies (kJ/mol)
           Bond            U-B    Proper Dih.  Improper Dih.      CMAP Dih.
    1.61384e+03    5.67170e+03    9.53298e+03    2.86234e+02   -2.75096e+03
          LJ-14     Coulomb-14        LJ (SR)   Coulomb (SR)   Coul. recip.
    5.16558e+03    1.10681e+05    6.97850e+05   -5.29593e+06    1.72302e+04
      Potential Pressure (bar)   Constr. rmsd
   -4.45065e+06   -1.35247e+03    0.00000e+00

           Step           Time
            931      931.00000

   Energies (kJ/mol)
           Bond            U-B    Proper Dih.  Improper Dih.      CMAP Dih.
    1.58399e+03    5.67940e+03    9.53301e+03    2.86201e+02   -2.75090e+03
          LJ-14     Coulomb-14        LJ (SR)   Coulomb (SR)   Coul. recip.
    5.16632e+03    1.10665e+05    6.97928e+05   -5.29608e+06    1.72241e+04
      Potential Pressure (bar)   Constr. rmsd
   -4.45077e+06   -1.35210e+03    0.00000e+00

           Step           Time
            932      932.00000

   Energies (kJ/mol)
           Bond            U-B    Proper Dih.  Improper Dih.      CMAP Dih.
    1.70848e+03    5.68103e+03    9.53311e+03    2.86202e+02   -2.75114e+03
          LJ-14     Coulomb-14        LJ (SR)   Coulomb (SR)   Coul. recip.
    5.16511e+03    1.10684e+05    6.98055e+05   -5.29636e+06    1.72216e+04
      Potential Pressure (bar)   Constr. rmsd
   -4.45078e+06   -1.35217e+03    0.00000e+00

           Step           Time
            933      933.00000

   Energies (kJ/mol)
           Bond            U-B    Proper Dih.  Improper Dih.      CMAP Dih.
    1.69533e+03    5.69266e+03    9.53312e+03    2.86162e+02   -2.75102e+03
          LJ-14     Coulomb-14        LJ (SR)   Coulomb (SR)   Coul. recip.
    5.16623e+03    1.10661e+05    6.98133e+05   -5.29651e+06    1.72142e+04
      Potential Pressure (bar)   Constr. rmsd
   -4.45088e+06   -1.35223e+03    0.00000e+00

           Step           Time
            934      934.00000

           Step           Time
            935      935.00000

   Energies (kJ/mol)
           Bond            U-B    Proper Dih.  Improper Dih.      CMAP Dih.
    1.51166e+03    5.66554e+03    9.53311e+03    2.86157e+02   -2.75118e+03
          LJ-14     Coulomb-14        LJ (SR)   Coulomb (SR)   Coul. recip.
    5.16536e+03    1.10674e+05    6.98194e+05   -5.29666e+06    1.72134e+04
      Potential Pressure (bar)   Constr. rmsd
   -4.45116e+06   -1.35227e+03    0.00000e+00

           Step           Time
            936      936.00000

   Energies (kJ/mol)
           Bond            U-B    Proper Dih.  Improper Dih.      CMAP Dih.
    1.79062e+03    5.70365e+03    9.53333e+03    2.86084e+02   -2.75131e+03
          LJ-14     Coulomb-14        LJ (SR)   Coulomb (SR)   Coul. recip.
    5.16567e+03    1.10658e+05    6.98527e+05   -5.29735e+06    1.71960e+04
      Potential Pressure (bar)   Constr. rmsd
   -4.45124e+06   -1.35249e+03    0.00000e+00

           Step           Time
            937      937.00000

   Energies (kJ/mol)
           Bond            U-B    Proper Dih.  Improper Dih.      CMAP Dih.
    1.55470e+03    5.66752e+03    9.53332e+03    2.86080e+02   -2.75151e+03
          LJ-14     Coulomb-14        LJ (SR)   Coulomb (SR)   Coul. recip.
    5.16449e+03    1.10677e+05    6.98601e+05   -5.29752e+06    1.71955e+04
      Potential Pressure (bar)   Constr. rmsd
   -4.45159e+06   -1.35253e+03    0.00000e+00

           Step           Time
            938      938.00000

           Step           Time
            939      939.00000

   Energies (kJ/mol)
           Bond            U-B    Proper Dih.  Improper Dih.      CMAP Dih.
    1.55638e+03    5.67581e+03    9.53335e+03    2.86048e+02   -2.75149e+03
          LJ-14     Coulomb-14        LJ (SR)   Coulomb (SR)   Coul. recip.
    5.16500e+03    1.10665e+05    6.98691e+05   -5.29770e+06    1.71896e+04
      Potential Pressure (bar)   Constr. rmsd
   -4.45169e+06   -1.35259e+03    0.00000e+00

           Step           Time
            940      940.00000

   Energies (kJ/mol)
           Bond            U-B    Proper Dih.  Improper Dih.      CMAP Dih.
    1.60447e+03    5.67161e+03    9.53342e+03    2.86044e+02   -2.75168e+03
          LJ-14     Coulomb-14        LJ (SR)   Coulomb (SR)   Coul. recip.
    5.16406e+03    1.10678e+05    6.98803e+05   -5.29795e+06    1.71869e+04
      Potential Pressure (bar)   Constr. rmsd
   -4.45177e+06   -1.35266e+03    0.00000e+00

           Step           Time
            941      941.00000

   Energies (kJ/mol)
           Bond            U-B    Proper Dih.  Improper Dih.      CMAP Dih.
    1.62075e+03    5.68406e+03    9.53346e+03    2.86009e+02   -2.75162e+03
          LJ-14     Coulomb-14        LJ (SR)   Coulomb (SR)   Coul. recip.
    5.16484e+03    1.10661e+05    6.98891e+05   -5.29812e+06    1.71801e+04
      Potential Pressure (bar)   Constr. rmsd
   -4.45185e+06   -1.35311e+03    0.00000e+00

           Step           Time
            942      942.00000

   Energies (kJ/mol)
           Bond            U-B    Proper Dih.  Improper Dih.      CMAP Dih.
    1.70315e+03    5.68119e+03    9.53353e+03    2.86014e+02   -2.75186e+03
          LJ-14     Coulomb-14        LJ (SR)   Coulomb (SR)   Coul. recip.
    5.16358e+03    1.10681e+05    6.99005e+05   -5.29838e+06    1.71783e+04
      Potential Pressure (bar)   Constr. rmsd
   -4.45190e+06   -1.35317e+03    0.00000e+00

           Step           Time
            943      943.00000

   Energies (kJ/mol)
           Bond            U-B    Proper Dih.  Improper Dih.      CMAP Dih.
    1.75960e+03    5.69977e+03    9.53357e+03    2.85971e+02   -2.75174e+03
          LJ-14     Coulomb-14        LJ (SR)   Coulomb (SR)   Coul. recip.
    5.16478e+03    1.10657e+05    6.99090e+05   -5.29854e+06    1.71705e+04
      Potential Pressure (bar)   Constr. rmsd
   -4.45193e+06   -1.35294e+03    0.00000e+00

           Step           Time
            944      944.00000

           Step           Time
            945      945.00000

   Energies (kJ/mol)
           Bond            U-B    Proper Dih.  Improper Dih.      CMAP Dih.
    1.50760e+03    5.66603e+03    9.53357e+03    2.85970e+02   -2.75190e+03
          LJ-14     Coulomb-14        LJ (SR)   Coulomb (SR)   Coul. recip.
    5.16386e+03    1.10671e+05    6.99147e+05   -5.29867e+06    1.71699e+04
      Potential Pressure (bar)   Constr. rmsd
   -4.45228e+06   -1.35260e+03    0.00000e+00

           Step           Time
            946      946.00000

   Energies (kJ/mol)
           Bond            U-B    Proper Dih.  Improper Dih.      CMAP Dih.
    1.86345e+03    5.71224e+03    9.53388e+03    2.85850e+02   -2.75219e+03
          LJ-14     Coulomb-14        LJ (SR)   Coulomb (SR)   Coul. recip.
    5.16385e+03    1.10654e+05    6.99696e+05   -5.29982e+06    1.71429e+04
      Potential Pressure (bar)   Constr. rmsd
   -4.45252e+06   -1.35295e+03    0.00000e+00

           Step           Time
            947      947.00000

   Energies (kJ/mol)
           Bond            U-B    Proper Dih.  Improper Dih.      CMAP Dih.
    1.54888e+03    5.66703e+03    9.53385e+03    2.85841e+02   -2.75239e+03
          LJ-14     Coulomb-14        LJ (SR)   Coulomb (SR)   Coul. recip.
    5.16264e+03    1.10674e+05    6.99766e+05   -5.29998e+06    1.71426e+04
      Potential Pressure (bar)   Constr. rmsd
   -4.45295e+06   -1.35299e+03    0.00000e+00

           Step           Time
            948      948.00000

           Step           Time
            949      949.00000

   Energies (kJ/mol)
           Bond            U-B    Proper Dih.  Improper Dih.      CMAP Dih.
    1.58197e+03    5.67931e+03    9.53389e+03    2.85819e+02   -2.75239e+03
          LJ-14     Coulomb-14        LJ (SR)   Coulomb (SR)   Coul. recip.
    5.16320e+03    1.10661e+05    6.99870e+05   -5.30019e+06    1.71361e+04
      Potential Pressure (bar)   Constr. rmsd
   -4.45303e+06   -1.35306e+03    0.00000e+00

           Step           Time
            950      950.00000

   Energies (kJ/mol)
           Bond            U-B    Proper Dih.  Improper Dih.      CMAP Dih.
    1.59694e+03    5.67138e+03    9.53396e+03    2.85816e+02   -2.75257e+03
          LJ-14     Coulomb-14        LJ (SR)   Coulomb (SR)   Coul. recip.
    5.16223e+03    1.10675e+05    6.99969e+05   -5.30041e+06    1.71339e+04
      Potential Pressure (bar)   Constr. rmsd
   -4.45314e+06   -1.35347e+03    0.00000e+00

           Step           Time
            951      951.00000

   Energies (kJ/mol)
           Bond            U-B    Proper Dih.  Improper Dih.      CMAP Dih.
    1.66380e+03    5.68921e+03    9.53400e+03    2.85781e+02   -2.75253e+03
          LJ-14     Coulomb-14        LJ (SR)   Coulomb (SR)   Coul. recip.
    5.16307e+03    1.10658e+05    7.00067e+05   -5.30060e+06    1.71268e+04
      Potential Pressure (bar)   Constr. rmsd
   -4.45317e+06   -1.35325e+03    0.00000e+00

           Step           Time
            952      952.00000

   Energies (kJ/mol)
           Bond            U-B    Proper Dih.  Improper Dih.      CMAP Dih.
    1.69818e+03    5.68139e+03    9.53408e+03    2.85787e+02   -2.75276e+03
          LJ-14     Coulomb-14        LJ (SR)   Coulomb (SR)   Coul. recip.
    5.16175e+03    1.10678e+05    7.00172e+05   -5.30084e+06    1.71255e+04
      Potential Pressure (bar)   Constr. rmsd
   -4.45326e+06   -1.35331e+03    0.00000e+00

           Step           Time
            953      953.00000

           Step           Time
            954      954.00000

   Energies (kJ/mol)
           Bond            U-B    Proper Dih.  Improper Dih.      CMAP Dih.
    1.50841e+03    5.66848e+03    9.53405e+03    2.85757e+02   -2.75270e+03
          LJ-14     Coulomb-14        LJ (SR)   Coulomb (SR)   Coul. recip.
    5.16234e+03    1.10665e+05    7.00216e+05   -5.30093e+06    1.71213e+04
      Potential Pressure (bar)   Constr. rmsd
   -4.45352e+06   -1.35334e+03    0.00000e+00

           Step           Time
            955      955.00000

   Energies (kJ/mol)
           Bond            U-B    Proper Dih.  Improper Dih.      CMAP Dih.
    1.80724e+03    5.69104e+03    9.53431e+03    2.85715e+02   -2.75312e+03
          LJ-14     Coulomb-14        LJ (SR)   Coulomb (SR)   Coul. recip.
    5.16093e+03    1.10680e+05    7.00599e+05   -5.30174e+06    1.71071e+04
      Potential Pressure (bar)   Constr. rmsd
   -4.45363e+06   -1.35330e+03    0.00000e+00

           Step           Time
            956      956.00000

   Energies (kJ/mol)
           Bond            U-B    Proper Dih.  Improper Dih.      CMAP Dih.
    1.53751e+03    5.67353e+03    9.53426e+03    2.85674e+02   -2.75302e+03
          LJ-14     Coulomb-14        LJ (SR)   Coulomb (SR)   Coul. recip.
    5.16183e+03    1.10662e+05    7.00646e+05   -5.30183e+06    1.71016e+04
      Potential Pressure (bar)   Constr. rmsd
   -4.45398e+06   -1.35334e+03    0.00000e+00

           Step           Time
            957      957.00000

           Step           Time
            958      958.00000

   Energies (kJ/mol)
           Bond            U-B    Proper Dih.  Improper Dih.      CMAP Dih.
    1.57055e+03    5.66953e+03    9.53433e+03    2.85665e+02   -2.75319e+03
          LJ-14     Coulomb-14        LJ (SR)   Coulomb (SR)   Coul. recip.
    5.16106e+03    1.10673e+05    7.00755e+05   -5.30207e+06    1.70985e+04
      Potential Pressure (bar)   Constr. rmsd
   -4.45408e+06   -1.35341e+03    0.00000e+00

           Step           Time
            959      959.00000

   Energies (kJ/mol)
           Bond            U-B    Proper Dih.  Improper Dih.      CMAP Dih.
    1.57744e+03    5.67907e+03    9.53436e+03    2.85633e+02   -2.75315e+03
          LJ-14     Coulomb-14        LJ (SR)   Coulomb (SR)   Coul. recip.
    5.16165e+03    1.10659e+05    7.00844e+05   -5.30224e+06    1.70924e+04
      Potential Pressure (bar)   Constr. rmsd
   -4.45416e+06   -1.35347e+03    0.00000e+00

           Step           Time
            960      960.00000

   Energies (kJ/mol)
           Bond            U-B    Proper Dih.  Improper Dih.      CMAP Dih.
    1.63425e+03    5.67518e+03    9.53444e+03    2.85637e+02   -2.75336e+03
          LJ-14     Coulomb-14        LJ (SR)   Coulomb (SR)   Coul. recip.
    5.16062e+03    1.10674e+05    7.00954e+05   -5.30249e+06    1.70901e+04
      Potential Pressure (bar)   Constr. rmsd
   -4.45424e+06   -1.35353e+03    0.00000e+00

           Step           Time
            961      961.00000

   Energies (kJ/mol)
           Bond            U-B    Proper Dih.  Improper Dih.      CMAP Dih.
    1.66342e+03    5.68948e+03    9.53446e+03    2.85602e+02   -2.75328e+03
          LJ-14     Coulomb-14        LJ (SR)   Coulomb (SR)   Coul. recip.
    5.16154e+03    1.10655e+05    7.01040e+05   -5.30266e+06    1.70833e+04
      Potential Pressure (bar)   Constr. rmsd
   -4.45430e+06   -1.35359e+03    0.00000e+00

           Step           Time
            962      962.00000

   Energies (kJ/mol)
           Bond            U-B    Proper Dih.  Improper Dih.      CMAP Dih.
    1.76081e+03    5.68825e+03    9.53456e+03    2.85616e+02   -2.75355e+03
          LJ-14     Coulomb-14        LJ (SR)   Coulomb (SR)   Coul. recip.
    5.16014e+03    1.10678e+05    7.01153e+05   -5.30291e+06    1.70820e+04
      Potential Pressure (bar)   Constr. rmsd
   -4.45432e+06   -1.35366e+03    0.00000e+00

           Step           Time
            963      963.00000

           Step           Time
            964      964.00000

   Energies (kJ/mol)
           Bond            U-B    Proper Dih.  Improper Dih.      CMAP Dih.
    1.50665e+03    5.66823e+03    9.53452e+03    2.85581e+02   -2.75348e+03
          LJ-14     Coulomb-14        LJ (SR)   Coulomb (SR)   Coul. recip.
    5.16078e+03    1.10664e+05    7.01192e+05   -5.30298e+06    1.70777e+04
      Potential Pressure (bar)   Constr. rmsd
   -4.45465e+06   -1.35369e+03    0.00000e+00

           Step           Time
            965      965.00000

   Energies (kJ/mol)
           Bond            U-B    Proper Dih.  Improper Dih.      CMAP Dih.
    1.90837e+03    5.69993e+03    9.53494e+03    2.85480e+02   -2.75413e+03
          LJ-14     Coulomb-14        LJ (SR)   Coulomb (SR)   Coul. recip.
    5.15887e+03    1.10680e+05    7.01837e+05   -5.30435e+06    1.70524e+04
      Potential Pressure (bar)   Constr. rmsd
   -4.45494e+06   -1.35346e+03    0.00000e+00

           Step           Time
            966      966.00000

   Energies (kJ/mol)
           Bond            U-B    Proper Dih.  Improper Dih.      CMAP Dih.
    1.53042e+03    5.67275e+03    9.53486e+03    2.85438e+02   -2.75400e+03
          LJ-14     Coulomb-14        LJ (SR)   Coulomb (SR)   Coul. recip.
    5.15986e+03    1.10660e+05    7.01878e+05   -5.30442e+06    1.70468e+04
      Potential Pressure (bar)   Constr. rmsd
   -4.45541e+06   -1.35349e+03    0.00000e+00

           Step           Time
            967      967.00000

           Step           Time
            968      968.00000

   Energies (kJ/mol)
           Bond            U-B    Proper Dih.  Improper Dih.      CMAP Dih.
    1.60325e+03    5.67228e+03    9.53495e+03    2.85431e+02   -2.75420e+03
          LJ-14     Coulomb-14        LJ (SR)   Coulomb (SR)   Coul. recip.
    5.15904e+03    1.10671e+05    7.02009e+05   -5.30471e+06    1.70430e+04
      Potential Pressure (bar)   Constr. rmsd
   -4.45548e+06   -1.35357e+03    0.00000e+00

           Step           Time
            969      969.00000

   Energies (kJ/mol)
           Bond            U-B    Proper Dih.  Improper Dih.      CMAP Dih.
    1.57161e+03    5.67873e+03    9.53497e+03    2.85398e+02   -2.75415e+03
          LJ-14     Coulomb-14        LJ (SR)   Coulomb (SR)   Coul. recip.
    5.15971e+03    1.10657e+05    7.02084e+05   -5.30485e+06    1.70373e+04
      Potential Pressure (bar)   Constr. rmsd
   -4.45560e+06   -1.35363e+03    0.00000e+00

           Step           Time
            970      970.00000

   Energies (kJ/mol)
           Bond            U-B    Proper Dih.  Improper Dih.      CMAP Dih.
    1.68384e+03    5.68008e+03    9.53506e+03    2.85400e+02   -2.75438e+03
          LJ-14     Coulomb-14        LJ (SR)   Coulomb (SR)   Coul. recip.
    5.15860e+03    1.10673e+05    7.02207e+05   -5.30512e+06    1.70347e+04
      Potential Pressure (bar)   Constr. rmsd
   -4.45562e+06   -1.35370e+03    0.00000e+00

           Step           Time
            971      971.00000

   Energies (kJ/mol)
           Bond            U-B    Proper Dih.  Improper Dih.      CMAP Dih.
    1.66289e+03    5.68991e+03    9.53508e+03    2.85364e+02   -2.75428e+03
          LJ-14     Coulomb-14        LJ (SR)   Coulomb (SR)   Coul. recip.
    5.15962e+03    1.10652e+05    7.02283e+05   -5.30527e+06    1.70280e+04
      Potential Pressure (bar)   Constr. rmsd
   -4.45572e+06   -1.35375e+03    0.00000e+00

           Step           Time
            972      972.00000

           Step           Time
            973      973.00000

   Energies (kJ/mol)
           Bond            U-B    Proper Dih.  Improper Dih.      CMAP Dih.
    1.51533e+03    5.66718e+03    9.53509e+03    2.85360e+02   -2.75443e+03
          LJ-14     Coulomb-14        LJ (SR)   Coulomb (SR)   Coul. recip.
    5.15882e+03    1.10665e+05    7.02343e+05   -5.30540e+06    1.70273e+04
      Potential Pressure (bar)   Constr. rmsd
   -4.45596e+06   -1.35379e+03    0.00000e+00

           Step           Time
            974      974.00000

   Energies (kJ/mol)
           Bond            U-B    Proper Dih.  Improper Dih.      CMAP Dih.
    1.74290e+03    5.69922e+03    9.53528e+03    2.85299e+02   -2.75456e+03
          LJ-14     Coulomb-14        LJ (SR)   Coulomb (SR)   Coul. recip.
    5.15917e+03    1.10650e+05    7.02645e+05   -5.30602e+06    1.70118e+04
      Potential Pressure (bar)   Constr. rmsd
   -4.45605e+06   -1.35398e+03    0.00000e+00

           Step           Time
            975      975.00000

   Energies (kJ/mol)
           Bond            U-B    Proper Dih.  Improper Dih.      CMAP Dih.
    1.55263e+03    5.66895e+03    9.53529e+03    2.85295e+02   -2.75476e+03
          LJ-14     Coulomb-14        LJ (SR)   Coulomb (SR)   Coul. recip.
    5.15808e+03    1.10667e+05    7.02715e+05   -5.30619e+06    1.70113e+04
      Potential Pressure (bar)   Constr. rmsd
   -4.45635e+06   -1.35402e+03    0.00000e+00

           Step           Time
            976      976.00000

           Step           Time
            977      977.00000

   Energies (kJ/mol)
           Bond            U-B    Proper Dih.  Improper Dih.      CMAP Dih.
    1.54940e+03    5.67583e+03    9.53532e+03    2.85267e+02   -2.75474e+03
          LJ-14     Coulomb-14        LJ (SR)   Coulomb (SR)   Coul. recip.
    5.15854e+03    1.10656e+05    7.02801e+05   -5.30636e+06    1.70057e+04
      Potential Pressure (bar)   Constr. rmsd
   -4.45645e+06   -1.35408e+03    0.00000e+00

           Step           Time
            978      978.00000

   Energies (kJ/mol)
           Bond            U-B    Proper Dih.  Improper Dih.      CMAP Dih.
    1.59554e+03    5.67238e+03    9.53540e+03    2.85264e+02   -2.75493e+03
          LJ-14     Coulomb-14        LJ (SR)   Coulomb (SR)   Coul. recip.
    5.15768e+03    1.10668e+05    7.02911e+05   -5.30660e+06    1.70031e+04
      Potential Pressure (bar)   Constr. rmsd
   -4.45652e+06   -1.35415e+03    0.00000e+00

           Step           Time
            979      979.00000

   Energies (kJ/mol)
           Bond            U-B    Proper Dih.  Improper Dih.      CMAP Dih.
    1.60209e+03    5.68277e+03    9.53543e+03    2.85228e+02   -2.75488e+03
          LJ-14     Coulomb-14        LJ (SR)   Coulomb (SR)   Coul. recip.
    5.15839e+03    1.10653e+05    7.02995e+05   -5.30676e+06    1.69968e+04
      Potential Pressure (bar)   Constr. rmsd
   -4.45661e+06   -1.35421e+03    0.00000e+00

           Step           Time
            980      980.00000

   Energies (kJ/mol)
           Bond            U-B    Proper Dih.  Improper Dih.      CMAP Dih.
    1.68004e+03    5.68041e+03    9.53552e+03    2.85235e+02   -2.75512e+03
          LJ-14     Coulomb-14        LJ (SR)   Coulomb (SR)   Coul. recip.
    5.15725e+03    1.10671e+05    7.03106e+05   -5.30701e+06    1.69950e+04
      Potential Pressure (bar)   Constr. rmsd
   -4.45665e+06   -1.35427e+03    0.00000e+00

           Step           Time
            981      981.00000

   Energies (kJ/mol)
           Bond            U-B    Proper Dih.  Improper Dih.      CMAP Dih.
    1.71645e+03    5.69603e+03    9.53555e+03    2.85195e+02   -2.75501e+03
          LJ-14     Coulomb-14        LJ (SR)   Coulomb (SR)   Coul. recip.
    5.15834e+03    1.10649e+05    7.03188e+05   -5.30716e+06    1.69879e+04
      Potential Pressure (bar)   Constr. rmsd
   -4.45670e+06   -1.35433e+03    0.00000e+00

           Step           Time
            982      982.00000

           Step           Time
            983      983.00000

   Energies (kJ/mol)
           Bond            U-B    Proper Dih.  Improper Dih.      CMAP Dih.
    1.51171e+03    5.66769e+03    9.53555e+03    2.85196e+02   -2.75516e+03
          LJ-14     Coulomb-14        LJ (SR)   Coulomb (SR)   Coul. recip.
    5.15750e+03    1.10662e+05    7.03243e+05   -5.30729e+06    1.69873e+04
      Potential Pressure (bar)   Constr. rmsd
   -4.45700e+06   -1.35436e+03    0.00000e+00

           Step           Time
            984      984.00000

   Energies (kJ/mol)
           Bond            U-B    Proper Dih.  Improper Dih.      CMAP Dih.
    1.80642e+03    5.70671e+03    9.53583e+03    2.85104e+02   -2.75543e+03
          LJ-14     Coulomb-14        LJ (SR)   Coulomb (SR)   Coul. recip.
    5.15756e+03    1.10646e+05    7.03723e+05   -5.30828e+06    1.69643e+04
      Potential Pressure (bar)   Constr. rmsd
   -4.45721e+06   -1.35397e+03    0.00000e+00

           Step           Time
            985      985.00000

   Energies (kJ/mol)
           Bond            U-B    Proper Dih.  Improper Dih.      CMAP Dih.
    1.54747e+03    5.66869e+03    9.53584e+03    2.85093e+02   -2.75564e+03
          LJ-14     Coulomb-14        LJ (SR)   Coulomb (SR)   Coul. recip.
    5.15644e+03    1.10664e+05    7.03790e+05   -5.30844e+06    1.69640e+04
      Potential Pressure (bar)   Constr. rmsd
   -4.45758e+06   -1.35401e+03    0.00000e+00

           Step           Time
            986      986.00000

           Step           Time
            987      987.00000

   Energies (kJ/mol)
           Bond            U-B    Proper Dih.  Improper Dih.      CMAP Dih.
    1.57102e+03    5.67896e+03    9.53588e+03    2.85066e+02   -2.75563e+03
          LJ-14     Coulomb-14        LJ (SR)   Coulomb (SR)   Coul. recip.
    5.15695e+03    1.10653e+05    7.03889e+05   -5.30863e+06    1.69579e+04
      Potential Pressure (bar)   Constr. rmsd
   -4.45766e+06   -1.35408e+03    0.00000e+00

           Step           Time
            988      988.00000

   Energies (kJ/mol)
           Bond            U-B    Proper Dih.  Improper Dih.      CMAP Dih.
    1.58938e+03    5.67231e+03    9.53595e+03    2.85066e+02   -2.75582e+03
          LJ-14     Coulomb-14        LJ (SR)   Coulomb (SR)   Coul. recip.
    5.15606e+03    1.10666e+05    7.03985e+05   -5.30885e+06    1.69557e+04
      Potential Pressure (bar)   Constr. rmsd
   -4.45776e+06   -1.35379e+03    0.00000e+00

           Step           Time
            989      989.00000

   Energies (kJ/mol)
           Bond            U-B    Proper Dih.  Improper Dih.      CMAP Dih.
    1.63852e+03    5.68736e+03    9.53599e+03    2.85029e+02   -2.75577e+03
          LJ-14     Coulomb-14        LJ (SR)   Coulomb (SR)   Coul. recip.
    5.15682e+03    1.10650e+05    7.04079e+05   -5.30903e+06    1.69492e+04
      Potential Pressure (bar)   Constr. rmsd
   -4.45780e+06   -1.35386e+03    0.00000e+00

           Step           Time
            990      990.00000

   Energies (kJ/mol)
           Bond            U-B    Proper Dih.  Improper Dih.      CMAP Dih.
    1.67656e+03    5.68076e+03    9.53609e+03    2.85040e+02   -2.75600e+03
          LJ-14     Coulomb-14        LJ (SR)   Coulomb (SR)   Coul. recip.
    5.15562e+03    1.10668e+05    7.04181e+05   -5.30926e+06    1.69479e+04
      Potential Pressure (bar)   Constr. rmsd
   -4.45788e+06   -1.35392e+03    0.00000e+00

           Step           Time
            991      991.00000

           Step           Time
            992      992.00000

   Energies (kJ/mol)
           Bond            U-B    Proper Dih.  Improper Dih.      CMAP Dih.
    1.51102e+03    5.66986e+03    9.53607e+03    2.85009e+02   -2.75595e+03
          LJ-14     Coulomb-14        LJ (SR)   Coulomb (SR)   Coul. recip.
    5.15617e+03    1.10657e+05    7.04224e+05   -5.30934e+06    1.69441e+04
      Potential Pressure (bar)   Constr. rmsd
   -4.45811e+06   -1.35395e+03    0.00000e+00

           Step           Time
            993      993.00000

   Energies (kJ/mol)
           Bond            U-B    Proper Dih.  Improper Dih.      CMAP Dih.
    1.77032e+03    5.68878e+03    9.53634e+03    2.84966e+02   -2.75640e+03
          LJ-14     Coulomb-14        LJ (SR)   Coulomb (SR)   Coul. recip.
    5.15479e+03    1.10670e+05    7.04622e+05   -5.31018e+06    1.69291e+04
      Potential Pressure (bar)   Constr. rmsd
   -4.45828e+06   -1.35420e+03    0.00000e+00

           Step           Time
            994      994.00000

   Energies (kJ/mol)
           Bond            U-B    Proper Dih.  Improper Dih.      CMAP Dih.
    1.53418e+03    5.67411e+03    9.53629e+03    2.84926e+02   -2.75630e+03
          LJ-14     Coulomb-14        LJ (SR)   Coulomb (SR)   Coul. recip.
    5.15563e+03    1.10653e+05    7.04669e+05   -5.31026e+06    1.69242e+04
      Potential Pressure (bar)   Constr. rmsd
   -4.45859e+06   -1.35423e+03    0.00000e+00

           Step           Time
            995      995.00000

           Step           Time
            996      996.00000

   Energies (kJ/mol)
           Bond            U-B    Proper Dih.  Improper Dih.      CMAP Dih.
    1.56719e+03    5.67083e+03    9.53638e+03    2.84921e+02   -2.75648e+03
          LJ-14     Coulomb-14        LJ (SR)   Coulomb (SR)   Coul. recip.
    5.15491e+03    1.10663e+05    7.04776e+05   -5.31050e+06    1.69211e+04
      Potential Pressure (bar)   Constr. rmsd
   -4.45868e+06   -1.35430e+03    0.00000e+00

           Step           Time
            997      997.00000

   Energies (kJ/mol)
           Bond            U-B    Proper Dih.  Improper Dih.      CMAP Dih.
    1.56690e+03    5.67884e+03    9.53639e+03    2.84892e+02   -2.75645e+03
          LJ-14     Coulomb-14        LJ (SR)   Coulomb (SR)   Coul. recip.
    5.15546e+03    1.10651e+05    7.04860e+05   -5.31066e+06    1.69156e+04
      Potential Pressure (bar)   Constr. rmsd
   -4.45877e+06   -1.35436e+03    0.00000e+00

           Step           Time
            998      998.00000

   Energies (kJ/mol)
           Bond            U-B    Proper Dih.  Improper Dih.      CMAP Dih.
    1.62211e+03    5.67564e+03    9.53648e+03    2.84895e+02   -2.75666e+03
          LJ-14     Coulomb-14        LJ (SR)   Coulomb (SR)   Coul. recip.
    5.15452e+03    1.10665e+05    7.04968e+05   -5.31090e+06    1.69133e+04
      Potential Pressure (bar)   Constr. rmsd
   -4.45883e+06   -1.35442e+03    0.00000e+00

           Step           Time
            999      999.00000

   Energies (kJ/mol)
           Bond            U-B    Proper Dih.  Improper Dih.      CMAP Dih.
    1.63779e+03    5.68768e+03    9.53652e+03    2.84857e+02   -2.75659e+03
          LJ-14     Coulomb-14        LJ (SR)   Coulomb (SR)   Coul. recip.
    5.15537e+03    1.10647e+05    7.05051e+05   -5.31106e+06    1.69069e+04
      Potential Pressure (bar)   Constr. rmsd
   -4.45891e+06   -1.35448e+03    0.00000e+00


DD  step 999 load imb.: force 20.4%  pme mesh/force 0.283
           Step           Time
           1000     1000.00000

   Energies (kJ/mol)
           Bond            U-B    Proper Dih.  Improper Dih.      CMAP Dih.
    1.73082e+03    5.68668e+03    9.53662e+03    2.84874e+02   -2.75685e+03
          LJ-14     Coulomb-14        LJ (SR)   Coulomb (SR)   Coul. recip.
    5.15407e+03    1.10667e+05    7.05160e+05   -5.31130e+06    1.69057e+04
      Potential Pressure (bar)   Constr. rmsd
   -4.45893e+06   -1.35454e+03    0.00000e+00

           Step           Time
           1001     1001.00000

   Energies (kJ/mol)
           Bond            U-B    Proper Dih.  Improper Dih.      CMAP Dih.
    1.79122e+03    5.70456e+03    9.53664e+03    2.84828e+02   -2.75672e+03
          LJ-14     Coulomb-14        LJ (SR)   Coulomb (SR)   Coul. recip.
    5.15534e+03    1.10642e+05    7.05240e+05   -5.31145e+06    1.68982e+04
      Potential Pressure (bar)   Constr. rmsd
   -4.45895e+06   -1.35460e+03    0.00000e+00

           Step           Time
           1002     1002.00000

           Step           Time
           1003     1003.00000

   Energies (kJ/mol)
           Bond            U-B    Proper Dih.  Improper Dih.      CMAP Dih.
    1.51418e+03    5.66885e+03    9.53664e+03    2.84828e+02   -2.75689e+03
          LJ-14     Coulomb-14        LJ (SR)   Coulomb (SR)   Coul. recip.
    5.15439e+03    1.10657e+05    7.05294e+05   -5.31158e+06    1.68979e+04
      Potential Pressure (bar)   Constr. rmsd
   -4.45932e+06   -1.35463e+03    0.00000e+00

           Step           Time
           1004     1004.00000

   Energies (kJ/mol)
           Bond            U-B    Proper Dih.  Improper Dih.      CMAP Dih.
    1.90688e+03    5.71827e+03    9.53698e+03    2.84721e+02   -2.75717e+03
          LJ-14     Coulomb-14        LJ (SR)   Coulomb (SR)   Coul. recip.
    5.15452e+03    1.10640e+05    7.05798e+05   -5.31261e+06    1.68739e+04
      Potential Pressure (bar)   Constr. rmsd
   -4.45945e+06   -1.35425e+03    0.00000e+00

           Step           Time
           1005     1005.00000

   Energies (kJ/mol)
           Bond            U-B    Proper Dih.  Improper Dih.      CMAP Dih.
    1.55990e+03    5.67029e+03    9.53699e+03    2.84713e+02   -2.75740e+03
          LJ-14     Coulomb-14        LJ (SR)   Coulomb (SR)   Coul. recip.
    5.15327e+03    1.10660e+05    7.05865e+05   -5.31276e+06    1.68740e+04
      Potential Pressure (bar)   Constr. rmsd
   -4.45992e+06   -1.35429e+03    0.00000e+00

           Step           Time
           1006     1006.00000

           Step           Time
           1007     1007.00000

   Energies (kJ/mol)
           Bond            U-B    Proper Dih.  Improper Dih.      CMAP Dih.
    1.59607e+03    5.68281e+03    9.53703e+03    2.84689e+02   -2.75738e+03
          LJ-14     Coulomb-14        LJ (SR)   Coulomb (SR)   Coul. recip.
    5.15388e+03    1.10647e+05    7.05962e+05   -5.31296e+06    1.68678e+04
      Potential Pressure (bar)   Constr. rmsd
   -4.45998e+06   -1.35436e+03    0.00000e+00

           Step           Time
           1008     1008.00000

   Energies (kJ/mol)
           Bond            U-B    Proper Dih.  Improper Dih.      CMAP Dih.
    1.61300e+03    5.67540e+03    9.53711e+03    2.84691e+02   -2.75759e+03
          LJ-14     Coulomb-14        LJ (SR)   Coulomb (SR)   Coul. recip.
    5.15289e+03    1.10662e+05    7.06058e+05   -5.31316e+06    1.68661e+04
      Potential Pressure (bar)   Constr. rmsd
   -4.46007e+06   -1.35481e+03    0.00000e+00

           Step           Time
           1009     1009.00000

   Energies (kJ/mol)
           Bond            U-B    Proper Dih.  Improper Dih.      CMAP Dih.
    1.68686e+03    5.69347e+03    9.53715e+03    2.84655e+02   -2.75752e+03
          LJ-14     Coulomb-14        LJ (SR)   Coulomb (SR)   Coul. recip.
    5.15380e+03    1.10644e+05    7.06150e+05   -5.31334e+06    1.68593e+04
      Potential Pressure (bar)   Constr. rmsd
   -4.46009e+06   -1.35487e+03    0.00000e+00

           Step           Time
           1010     1010.00000

   Energies (kJ/mol)
           Bond            U-B    Proper Dih.  Improper Dih.      CMAP Dih.
    1.72477e+03    5.68695e+03    9.53726e+03    2.84675e+02   -2.75778e+03
          LJ-14     Coulomb-14        LJ (SR)   Coulomb (SR)   Coul. recip.
    5.15244e+03    1.10665e+05    7.06251e+05   -5.31357e+06    1.68585e+04
      Potential Pressure (bar)   Constr. rmsd
   -4.46017e+06   -1.35493e+03    0.00000e+00

           Step           Time
           1011     1011.00000

           Step           Time
           1012     1012.00000

   Energies (kJ/mol)
           Bond            U-B    Proper Dih.  Improper Dih.      CMAP Dih.
    1.51482e+03    5.67135e+03    9.53721e+03    2.84637e+02   -2.75771e+03
          LJ-14     Coulomb-14        LJ (SR)   Coulomb (SR)   Coul. recip.
    5.15307e+03    1.10652e+05    7.06292e+05   -5.31365e+06    1.68545e+04
      Potential Pressure (bar)   Constr. rmsd
   -4.46044e+06   -1.35496e+03    0.00000e+00

           Step           Time
           1013     1013.00000

   Energies (kJ/mol)
           Bond            U-B    Proper Dih.  Improper Dih.      CMAP Dih.
    1.84608e+03    5.69793e+03    9.53752e+03    2.84612e+02   -2.75816e+03
          LJ-14     Coulomb-14        LJ (SR)   Coulomb (SR)   Coul. recip.
    5.15166e+03    1.10667e+05    7.06661e+05   -5.31442e+06    1.68414e+04
      Potential Pressure (bar)   Constr. rmsd
   -4.46049e+06   -1.35519e+03    0.00000e+00

           Step           Time
           1014     1014.00000

   Energies (kJ/mol)
           Bond            U-B    Proper Dih.  Improper Dih.      CMAP Dih.
    1.54694e+03    5.67670e+03    9.53745e+03    2.84564e+02   -2.75805e+03
          LJ-14     Coulomb-14        LJ (SR)   Coulomb (SR)   Coul. recip.
    5.15263e+03    1.10648e+05    7.06705e+05   -5.31450e+06    1.68363e+04
      Potential Pressure (bar)   Constr. rmsd
   -4.46087e+06   -1.35522e+03    0.00000e+00

           Step           Time
           1015     1015.00000

           Step           Time
           1016     1016.00000

   Energies (kJ/mol)
           Bond            U-B    Proper Dih.  Improper Dih.      CMAP Dih.
    1.58355e+03    5.67322e+03    9.53754e+03    2.84562e+02   -2.75823e+03
          LJ-14     Coulomb-14        LJ (SR)   Coulomb (SR)   Coul. recip.
    5.15184e+03    1.10659e+05    7.06810e+05   -5.31473e+06    1.68336e+04
      Potential Pressure (bar)   Constr. rmsd
   -4.46095e+06   -1.35528e+03    0.00000e+00

           Step           Time
           1017     1017.00000

   Energies (kJ/mol)
           Bond            U-B    Proper Dih.  Improper Dih.      CMAP Dih.
    1.59127e+03    5.68268e+03    9.53757e+03    2.84531e+02   -2.75819e+03
          LJ-14     Coulomb-14        LJ (SR)   Coulomb (SR)   Coul. recip.
    5.15248e+03    1.10645e+05    7.06893e+05   -5.31489e+06    1.68279e+04
      Potential Pressure (bar)   Constr. rmsd
   -4.46103e+06   -1.35534e+03    0.00000e+00

           Step           Time
           1018     1018.00000

   Energies (kJ/mol)
           Bond            U-B    Proper Dih.  Improper Dih.      CMAP Dih.
    1.65390e+03    5.67978e+03    9.53768e+03    2.84536e+02   -2.75841e+03
          LJ-14     Coulomb-14        LJ (SR)   Coulomb (SR)   Coul. recip.
    5.15143e+03    1.10661e+05    7.06998e+05   -5.31512e+06    1.68261e+04
      Potential Pressure (bar)   Constr. rmsd
   -4.46109e+06   -1.35540e+03    0.00000e+00

           Step           Time
           1019     1019.00000

   Energies (kJ/mol)
           Bond            U-B    Proper Dih.  Improper Dih.      CMAP Dih.
    1.68686e+03    5.69393e+03    9.53768e+03    2.84495e+02   -2.75832e+03
          LJ-14     Coulomb-14        LJ (SR)   Coulomb (SR)   Coul. recip.
    5.15242e+03    1.10641e+05    7.07079e+05   -5.31527e+06    1.68196e+04
      Potential Pressure (bar)   Constr. rmsd
   -4.46114e+06   -1.35546e+03    0.00000e+00

           Step           Time
           1020     1020.00000

   Energies (kJ/mol)
           Bond            U-B    Proper Dih.  Improper Dih.      CMAP Dih.
    1.79352e+03    5.69478e+03    9.53784e+03    2.84525e+02   -2.75861e+03
          LJ-14     Coulomb-14        LJ (SR)   Coulomb (SR)   Coul. recip.
    5.15098e+03    1.10664e+05    7.07188e+05   -5.31551e+06    1.68188e+04
      Potential Pressure (bar)   Constr. rmsd
   -4.46114e+06   -1.35552e+03    0.00000e+00

           Step           Time
           1021     1021.00000

           Step           Time
           1022     1022.00000

   Energies (kJ/mol)
           Bond            U-B    Proper Dih.  Improper Dih.      CMAP Dih.
    1.51275e+03    5.67121e+03    9.53775e+03    2.84484e+02   -2.75853e+03
          LJ-14     Coulomb-14        LJ (SR)   Coulomb (SR)   Coul. recip.
    5.15166e+03    1.10650e+05    7.07224e+05   -5.31558e+06    1.68146e+04
      Potential Pressure (bar)   Constr. rmsd
   -4.46150e+06   -1.35555e+03    0.00000e+00

           Step           Time
           1023     1023.00000

   Energies (kJ/mol)
           Bond            U-B    Proper Dih.  Improper Dih.      CMAP Dih.
    1.95854e+03    5.70812e+03    9.53827e+03    2.84410e+02   -2.75921e+03
          LJ-14     Coulomb-14        LJ (SR)   Coulomb (SR)   Coul. recip.
    5.14978e+03    1.10666e+05    7.07845e+05   -5.31688e+06    1.67917e+04
      Potential Pressure (bar)   Constr. rmsd
   -4.46169e+06   -1.35594e+03    0.00000e+00

           Step           Time
           1024     1024.00000

   Energies (kJ/mol)
           Bond            U-B    Proper Dih.  Improper Dih.      CMAP Dih.
    1.53895e+03    5.67602e+03    9.53816e+03    2.84362e+02   -2.75907e+03
          LJ-14     Coulomb-14        LJ (SR)   Coulomb (SR)   Coul. recip.
    5.15082e+03    1.10646e+05    7.07883e+05   -5.31694e+06    1.67862e+04
      Potential Pressure (bar)   Constr. rmsd
   -4.46220e+06   -1.35597e+03    0.00000e+00

           Step           Time
           1025     1025.00000

           Step           Time
           1026     1026.00000

   Energies (kJ/mol)
           Bond            U-B    Proper Dih.  Improper Dih.      CMAP Dih.
    1.61940e+03    5.67644e+03    9.53829e+03    2.84362e+02   -2.75929e+03
          LJ-14     Coulomb-14        LJ (SR)   Coulomb (SR)   Coul. recip.
    5.14999e+03    1.10657e+05    7.08008e+05   -5.31721e+06    1.67829e+04
      Potential Pressure (bar)   Constr. rmsd
   -4.46225e+06   -1.35604e+03    0.00000e+00

           Step           Time
           1027     1027.00000

   Energies (kJ/mol)
           Bond            U-B    Proper Dih.  Improper Dih.      CMAP Dih.
    1.58486e+03    5.68248e+03    9.53830e+03    2.84327e+02   -2.75922e+03
          LJ-14     Coulomb-14        LJ (SR)   Coulomb (SR)   Coul. recip.
    5.15072e+03    1.10642e+05    7.08079e+05   -5.31735e+06    1.67776e+04
      Potential Pressure (bar)   Constr. rmsd
   -4.46237e+06   -1.35609e+03    0.00000e+00

           Step           Time
           1028     1028.00000

           Step           Time
           1029     1029.00000

   Energies (kJ/mol)
           Bond            U-B    Proper Dih.  Improper Dih.      CMAP Dih.
    1.51991e+03    5.66995e+03    9.53835e+03    2.84324e+02   -2.75935e+03
          LJ-14     Coulomb-14        LJ (SR)   Coulomb (SR)   Coul. recip.
    5.15013e+03    1.10651e+05    7.08137e+05   -5.31747e+06    1.67763e+04
      Potential Pressure (bar)   Constr. rmsd
   -4.46251e+06   -1.35613e+03    0.00000e+00

           Step           Time
           1030     1030.00000

   Energies (kJ/mol)
           Bond            U-B    Proper Dih.  Improper Dih.      CMAP Dih.
    1.62701e+03    5.68774e+03    9.53847e+03    2.84273e+02   -2.75946e+03
          LJ-14     Coulomb-14        LJ (SR)   Coulomb (SR)   Coul. recip.
    5.15040e+03    1.10640e+05    7.08365e+05   -5.31794e+06    1.67652e+04
      Potential Pressure (bar)   Constr. rmsd
   -4.46264e+06   -1.35667e+03    0.00000e+00

           Step           Time
           1031     1031.00000

   Energies (kJ/mol)
           Bond            U-B    Proper Dih.  Improper Dih.      CMAP Dih.
    1.54296e+03    5.67104e+03    9.53852e+03    2.84275e+02   -2.75963e+03
          LJ-14     Coulomb-14        LJ (SR)   Coulomb (SR)   Coul. recip.
    5.14957e+03    1.10652e+05    7.08433e+05   -5.31809e+06    1.67641e+04
      Potential Pressure (bar)   Constr. rmsd
   -4.46281e+06   -1.35671e+03    0.00000e+00

           Step           Time
           1032     1032.00000

           Step           Time
           1033     1033.00000

   Energies (kJ/mol)
           Bond            U-B    Proper Dih.  Improper Dih.      CMAP Dih.
    1.53011e+03    5.67487e+03    9.53855e+03    2.84253e+02   -2.75963e+03
          LJ-14     Coulomb-14        LJ (SR)   Coulomb (SR)   Coul. recip.
    5.14989e+03    1.10645e+05    7.08507e+05   -5.31824e+06    1.67599e+04
      Potential Pressure (bar)   Constr. rmsd
   -4.46291e+06   -1.35676e+03    0.00000e+00

           Step           Time
           1034     1034.00000

   Energies (kJ/mol)
           Bond            U-B    Proper Dih.  Improper Dih.      CMAP Dih.
    1.56880e+03    5.67287e+03    9.53865e+03    2.84249e+02   -2.75981e+03
          LJ-14     Coulomb-14        LJ (SR)   Coulomb (SR)   Coul. recip.
    5.14922e+03    1.10654e+05    7.08621e+05   -5.31848e+06    1.67565e+04
      Potential Pressure (bar)   Constr. rmsd
   -4.46299e+06   -1.35683e+03    0.00000e+00

           Step           Time
           1035     1035.00000

   Energies (kJ/mol)
           Bond            U-B    Proper Dih.  Improper Dih.      CMAP Dih.
    1.55538e+03    5.67871e+03    9.53868e+03    2.84219e+02   -2.75978e+03
          LJ-14     Coulomb-14        LJ (SR)   Coulomb (SR)   Coul. recip.
    5.14973e+03    1.10643e+05    7.08697e+05   -5.31863e+06    1.67515e+04
      Potential Pressure (bar)   Constr. rmsd
   -4.46309e+06   -1.35688e+03    0.00000e+00

           Step           Time
           1036     1036.00000

   Energies (kJ/mol)
           Bond            U-B    Proper Dih.  Improper Dih.      CMAP Dih.
    1.61821e+03    5.67717e+03    9.53879e+03    2.84219e+02   -2.75999e+03
          LJ-14     Coulomb-14        LJ (SR)   Coulomb (SR)   Coul. recip.
    5.14884e+03    1.10655e+05    7.08807e+05   -5.31886e+06    1.67489e+04
      Potential Pressure (bar)   Constr. rmsd
   -4.46314e+06   -1.35694e+03    0.00000e+00

           Step           Time
           1037     1037.00000

   Energies (kJ/mol)
           Bond            U-B    Proper Dih.  Improper Dih.      CMAP Dih.
    1.61200e+03    5.68607e+03    9.53881e+03    2.84189e+02   -2.75992e+03
          LJ-14     Coulomb-14        LJ (SR)   Coulomb (SR)   Coul. recip.
    5.14962e+03    1.10639e+05    7.08883e+05   -5.31901e+06    1.67434e+04
      Potential Pressure (bar)   Constr. rmsd
   -4.46323e+06   -1.35699e+03    0.00000e+00

           Step           Time
           1038     1038.00000

   Energies (kJ/mol)
           Bond            U-B    Proper Dih.  Improper Dih.      CMAP Dih.
    1.71448e+03    5.68682e+03    9.53895e+03    2.84203e+02   -2.76018e+03
          LJ-14     Coulomb-14        LJ (SR)   Coulomb (SR)   Coul. recip.
    5.14843e+03    1.10658e+05    7.08993e+05   -5.31925e+06    1.67419e+04
      Potential Pressure (bar)   Constr. rmsd
   -4.46324e+06   -1.35706e+03    0.00000e+00

           Step           Time
           1039     1039.00000

   Energies (kJ/mol)
           Bond            U-B    Proper Dih.  Improper Dih.      CMAP Dih.
    1.73671e+03    5.70023e+03    9.53894e+03    2.84159e+02   -2.76005e+03
          LJ-14     Coulomb-14        LJ (SR)   Coulomb (SR)   Coul. recip.
    5.14960e+03    1.10635e+05    7.09067e+05   -5.31938e+06    1.67352e+04
      Potential Pressure (bar)   Constr. rmsd
   -4.46330e+06   -1.35711e+03    0.00000e+00

           Step           Time
           1040     1040.00000

           Step           Time
           1041     1041.00000

   Energies (kJ/mol)
           Bond            U-B    Proper Dih.  Improper Dih.      CMAP Dih.
    1.51946e+03    5.67088e+03    9.53898e+03    2.84167e+02   -2.76022e+03
          LJ-14     Coulomb-14        LJ (SR)   Coulomb (SR)   Coul. recip.
    5.14872e+03    1.10648e+05    7.09121e+05   -5.31951e+06    1.67348e+04
      Potential Pressure (bar)   Constr. rmsd
   -4.46360e+06   -1.35714e+03    0.00000e+00

           Step           Time
           1042     1042.00000

   Energies (kJ/mol)
           Bond            U-B    Proper Dih.  Improper Dih.      CMAP Dih.
    1.83846e+03    5.71205e+03    9.53926e+03    2.84088e+02   -2.76043e+03
          LJ-14     Coulomb-14        LJ (SR)   Coulomb (SR)   Coul. recip.
    5.14901e+03    1.10632e+05    7.09504e+05   -5.32028e+06    1.67166e+04
      Potential Pressure (bar)   Constr. rmsd
   -4.46367e+06   -1.35739e+03    0.00000e+00

           Step           Time
           1043     1043.00000

   Energies (kJ/mol)
           Bond            U-B    Proper Dih.  Improper Dih.      CMAP Dih.
    1.56119e+03    5.67271e+03    9.53930e+03    2.84091e+02   -2.76064e+03
          LJ-14     Coulomb-14        LJ (SR)   Coulomb (SR)   Coul. recip.
    5.14784e+03    1.10651e+05    7.09570e+05   -5.32044e+06    1.67165e+04
      Potential Pressure (bar)   Constr. rmsd
   -4.46405e+06   -1.35743e+03    0.00000e+00

           Step           Time
           1044     1044.00000

           Step           Time
           1045     1045.00000

   Energies (kJ/mol)
           Bond            U-B    Proper Dih.  Improper Dih.      CMAP Dih.
    1.57965e+03    5.68230e+03    9.53934e+03    2.84064e+02   -2.76063e+03
          LJ-14     Coulomb-14        LJ (SR)   Coulomb (SR)   Coul. recip.
    5.14839e+03    1.10639e+05    7.09658e+05   -5.32061e+06    1.67110e+04
      Potential Pressure (bar)   Constr. rmsd
   -4.46413e+06   -1.35748e+03    0.00000e+00

           Step           Time
           1046     1046.00000

   Energies (kJ/mol)
           Bond            U-B    Proper Dih.  Improper Dih.      CMAP Dih.
    1.61002e+03    5.67708e+03    9.53944e+03    2.84067e+02   -2.76083e+03
          LJ-14     Coulomb-14        LJ (SR)   Coulomb (SR)   Coul. recip.
    5.14747e+03    1.10653e+05    7.09754e+05   -5.32082e+06    1.67092e+04
      Potential Pressure (bar)   Constr. rmsd
   -4.46420e+06   -1.35754e+03    0.00000e+00

           Step           Time
           1047     1047.00000

   Energies (kJ/mol)
           Bond            U-B    Proper Dih.  Improper Dih.      CMAP Dih.
    1.65309e+03    5.69124e+03    9.53946e+03    2.84031e+02   -2.76076e+03
          LJ-14     Coulomb-14        LJ (SR)   Coulomb (SR)   Coul. recip.
    5.14830e+03    1.10636e+05    7.09840e+05   -5.32098e+06    1.67030e+04
      Potential Pressure (bar)   Constr. rmsd
   -4.46425e+06   -1.35760e+03    0.00000e+00

           Step           Time
           1048     1048.00000

   Energies (kJ/mol)
           Bond            U-B    Proper Dih.  Improper Dih.      CMAP Dih.
    1.70972e+03    5.68719e+03    9.53959e+03    2.84050e+02   -2.76101e+03
          LJ-14     Coulomb-14        LJ (SR)   Coulomb (SR)   Coul. recip.
    5.14705e+03    1.10655e+05    7.09939e+05   -5.32120e+06    1.67020e+04
      Potential Pressure (bar)   Constr. rmsd
   -4.46430e+06   -1.35766e+03    0.00000e+00

           Step           Time
           1049     1049.00000

           Step           Time
           1050     1050.00000

   Energies (kJ/mol)
           Bond            U-B    Proper Dih.  Improper Dih.      CMAP Dih.
    1.51613e+03    5.67288e+03    9.53956e+03    2.84017e+02   -2.76095e+03
          LJ-14     Coulomb-14        LJ (SR)   Coulomb (SR)   Coul. recip.
    5.14763e+03    1.10643e+05    7.09979e+05   -5.32127e+06    1.66984e+04
      Potential Pressure (bar)   Constr. rmsd
   -4.46455e+06   -1.35769e+03    0.00000e+00

           Step           Time
           1051     1051.00000

   Energies (kJ/mol)
           Bond            U-B    Proper Dih.  Improper Dih.      CMAP Dih.
    1.81928e+03    5.69667e+03    9.53997e+03    2.83977e+02   -2.76147e+03
          LJ-14     Coulomb-14        LJ (SR)   Coulomb (SR)   Coul. recip.
    5.14618e+03    1.10657e+05    7.10422e+05   -5.32219e+06    1.66823e+04
      Potential Pressure (bar)   Constr. rmsd
   -4.46471e+06   -1.35796e+03    0.00000e+00

           Step           Time
           1052     1052.00000

   Energies (kJ/mol)
           Bond            U-B    Proper Dih.  Improper Dih.      CMAP Dih.
    1.53955e+03    5.67722e+03    9.53989e+03    2.83935e+02   -2.76136e+03
          LJ-14     Coulomb-14        LJ (SR)   Coulomb (SR)   Coul. recip.
    5.14706e+03    1.10640e+05    7.10464e+05   -5.32227e+06    1.66775e+04
      Potential Pressure (bar)   Constr. rmsd
   -4.46506e+06   -1.35799e+03    0.00000e+00

           Step           Time
           1053     1053.00000

           Step           Time
           1054     1054.00000

   Energies (kJ/mol)
           Bond            U-B    Proper Dih.  Improper Dih.      CMAP Dih.
    1.58487e+03    5.67523e+03    9.54001e+03    2.83936e+02   -2.76155e+03
          LJ-14     Coulomb-14        LJ (SR)   Coulomb (SR)   Coul. recip.
    5.14634e+03    1.10650e+05    7.10573e+05   -5.32250e+06    1.66747e+04
      Potential Pressure (bar)   Constr. rmsd
   -4.46513e+06   -1.35806e+03    0.00000e+00

           Step           Time
           1055     1055.00000

   Energies (kJ/mol)
           Bond            U-B    Proper Dih.  Improper Dih.      CMAP Dih.
    1.57490e+03    5.68226e+03    9.54004e+03    2.83903e+02   -2.76151e+03
          LJ-14     Coulomb-14        LJ (SR)   Coulomb (SR)   Coul. recip.
    5.14694e+03    1.10637e+05    7.10649e+05   -5.32265e+06    1.66696e+04
      Potential Pressure (bar)   Constr. rmsd
   -4.46523e+06   -1.35782e+03    0.00000e+00

           Step           Time
           1056     1056.00000

   Energies (kJ/mol)
           Bond            U-B    Proper Dih.  Improper Dih.      CMAP Dih.
    1.64794e+03    5.68110e+03    9.54017e+03    2.83910e+02   -2.76173e+03
          LJ-14     Coulomb-14        LJ (SR)   Coulomb (SR)   Coul. recip.
    5.14596e+03    1.10652e+05    7.10756e+05   -5.32288e+06    1.66674e+04
      Potential Pressure (bar)   Constr. rmsd
   -4.46527e+06   -1.35823e+03    0.00000e+00

           Step           Time
           1057     1057.00000

   Energies (kJ/mol)
           Bond            U-B    Proper Dih.  Improper Dih.      CMAP Dih.
    1.65233e+03    5.69172e+03    9.54017e+03    2.83872e+02   -2.76165e+03
          LJ-14     Coulomb-14        LJ (SR)   Coulomb (SR)   Coul. recip.
    5.14687e+03    1.10634e+05    7.10831e+05   -5.32302e+06    1.66617e+04
      Potential Pressure (bar)   Constr. rmsd
   -4.46534e+06   -1.35829e+03    0.00000e+00

           Step           Time
           1058     1058.00000

           Step           Time
           1059     1059.00000

   Energies (kJ/mol)
           Bond            U-B    Proper Dih.  Improper Dih.      CMAP Dih.
    1.51982e+03    5.67182e+03    9.54022e+03    2.83875e+02   -2.76179e+03
          LJ-14     Coulomb-14        LJ (SR)   Coulomb (SR)   Coul. recip.
    5.14616e+03    1.10644e+05    7.10884e+05   -5.32314e+06    1.66610e+04
      Potential Pressure (bar)   Constr. rmsd
   -4.46555e+06   -1.35832e+03    0.00000e+00

           Step           Time
           1060     1060.00000

   Energies (kJ/mol)
           Bond            U-B    Proper Dih.  Improper Dih.      CMAP Dih.
    1.71829e+03    5.69965e+03    9.54048e+03    2.83815e+02   -2.76201e+03
          LJ-14     Coulomb-14        LJ (SR)   Coulomb (SR)   Coul. recip.
    5.14636e+03    1.10631e+05    7.11234e+05   -5.32385e+06    1.66447e+04
      Potential Pressure (bar)   Constr. rmsd
   -4.46571e+06   -1.35854e+03    0.00000e+00

           Step           Time
           1061     1061.00000

   Energies (kJ/mol)
           Bond            U-B    Proper Dih.  Improper Dih.      CMAP Dih.
    1.54775e+03    5.67293e+03    9.54053e+03    2.83814e+02   -2.76219e+03
          LJ-14     Coulomb-14        LJ (SR)   Coulomb (SR)   Coul. recip.
    5.14540e+03    1.10646e+05    7.11298e+05   -5.32399e+06    1.66442e+04
      Potential Pressure (bar)   Constr. rmsd
   -4.46597e+06   -1.35858e+03    0.00000e+00

           Step           Time
           1062     1062.00000

           Step           Time
           1063     1063.00000

   Energies (kJ/mol)
           Bond            U-B    Proper Dih.  Improper Dih.      CMAP Dih.
    1.55498e+03    5.67986e+03    9.54058e+03    2.83789e+02   -2.76219e+03
          LJ-14     Coulomb-14        LJ (SR)   Coulomb (SR)   Coul. recip.
    5.14581e+03    1.10637e+05    7.11384e+05   -5.32416e+06    1.66393e+04
      Potential Pressure (bar)   Constr. rmsd
   -4.46606e+06   -1.35835e+03    0.00000e+00

           Step           Time
           1064     1064.00000

   Energies (kJ/mol)
           Bond            U-B    Proper Dih.  Improper Dih.      CMAP Dih.
    1.58047e+03    5.67553e+03    9.54068e+03    2.83786e+02   -2.76237e+03
          LJ-14     Coulomb-14        LJ (SR)   Coulomb (SR)   Coul. recip.
    5.14505e+03    1.10647e+05    7.11479e+05   -5.32436e+06    1.66370e+04
      Potential Pressure (bar)   Constr. rmsd
   -4.46613e+06   -1.35840e+03    0.00000e+00

           Step           Time
           1065     1065.00000

   Energies (kJ/mol)
           Bond            U-B    Proper Dih.  Improper Dih.      CMAP Dih.
    1.60041e+03    5.68585e+03    9.54071e+03    2.83755e+02   -2.76233e+03
          LJ-14     Coulomb-14        LJ (SR)   Coulomb (SR)   Coul. recip.
    5.14569e+03    1.10634e+05    7.11563e+05   -5.32452e+06    1.66316e+04
      Potential Pressure (bar)   Constr. rmsd
   -4.46620e+06   -1.35846e+03    0.00000e+00

           Step           Time
           1066     1066.00000

   Energies (kJ/mol)
           Bond            U-B    Proper Dih.  Improper Dih.      CMAP Dih.
    1.64649e+03    5.68170e+03    9.54085e+03    2.83764e+02   -2.76255e+03
          LJ-14     Coulomb-14        LJ (SR)   Coulomb (SR)   Coul. recip.
    5.14466e+03    1.10649e+05    7.11660e+05   -5.32474e+06    1.66301e+04
      Potential Pressure (bar)   Constr. rmsd
   -4.46626e+06   -1.35852e+03    0.00000e+00

           Step           Time
           1067     1067.00000

   Energies (kJ/mol)
           Bond            U-B    Proper Dih.  Improper Dih.      CMAP Dih.
    1.69687e+03    5.69707e+03    9.54087e+03    2.83726e+02   -2.76247e+03
          LJ-14     Coulomb-14        LJ (SR)   Coulomb (SR)   Coul. recip.
    5.14564e+03    1.10630e+05    7.11741e+05   -5.32489e+06    1.66239e+04
      Potential Pressure (bar)   Constr. rmsd
   -4.46629e+06   -1.35857e+03    0.00000e+00

           Step           Time
           1068     1068.00000

   Energies (kJ/mol)
           Bond            U-B    Proper Dih.  Improper Dih.      CMAP Dih.
    1.77904e+03    5.69597e+03    9.54102e+03    2.83753e+02   -2.76275e+03
          LJ-14     Coulomb-14        LJ (SR)   Coulomb (SR)   Coul. recip.
    5.14423e+03    1.10652e+05    7.11842e+05   -5.32511e+06    1.66232e+04
      Potential Pressure (bar)   Constr. rmsd
   -4.46631e+06   -1.35863e+03    0.00000e+00

           Step           Time
           1069     1069.00000

           Step           Time
           1070     1070.00000

   Energies (kJ/mol)
           Bond            U-B    Proper Dih.  Improper Dih.      CMAP Dih.
    1.51833e+03    5.67429e+03    9.54097e+03    2.83716e+02   -2.76268e+03
          LJ-14     Coulomb-14        LJ (SR)   Coulomb (SR)   Coul. recip.
    5.14490e+03    1.10639e+05    7.11878e+05   -5.32518e+06    1.66193e+04
      Potential Pressure (bar)   Constr. rmsd
   -4.46664e+06   -1.35866e+03    0.00000e+00

           Step           Time
           1071     1071.00000

   Energies (kJ/mol)
           Bond            U-B    Proper Dih.  Improper Dih.      CMAP Dih.
    1.92899e+03    5.70890e+03    9.54147e+03    2.83678e+02   -2.76326e+03
          LJ-14     Coulomb-14        LJ (SR)   Coulomb (SR)   Coul. recip.
    5.14329e+03    1.10655e+05    7.12359e+05   -5.32617e+06    1.66025e+04
      Potential Pressure (bar)   Constr. rmsd
   -4.46671e+06   -1.35932e+03    0.00000e+00

           Step           Time
           1072     1072.00000

   Energies (kJ/mol)
           Bond            U-B    Proper Dih.  Improper Dih.      CMAP Dih.
    1.54792e+03    5.67946e+03    9.54138e+03    2.83629e+02   -2.76312e+03
          LJ-14     Coulomb-14        LJ (SR)   Coulomb (SR)   Coul. recip.
    5.14431e+03    1.10635e+05    7.12397e+05   -5.32624e+06    1.65975e+04
      Potential Pressure (bar)   Constr. rmsd
   -4.46717e+06   -1.35935e+03    0.00000e+00

           Step           Time
           1073     1073.00000

           Step           Time
           1074     1074.00000

   Energies (kJ/mol)
           Bond            U-B    Proper Dih.  Improper Dih.      CMAP Dih.
    1.61232e+03    5.67864e+03    9.54151e+03    2.83632e+02   -2.76333e+03
          LJ-14     Coulomb-14        LJ (SR)   Coulomb (SR)   Coul. recip.
    5.14350e+03    1.10646e+05    7.12508e+05   -5.32647e+06    1.65948e+04
      Potential Pressure (bar)   Constr. rmsd
   -4.46723e+06   -1.35942e+03    0.00000e+00

           Step           Time
           1075     1075.00000

   Energies (kJ/mol)
           Bond            U-B    Proper Dih.  Improper Dih.      CMAP Dih.
    1.59461e+03    5.68581e+03    9.54152e+03    2.83598e+02   -2.76327e+03
          LJ-14     Coulomb-14        LJ (SR)   Coulomb (SR)   Coul. recip.
    5.14422e+03    1.10632e+05    7.12580e+05   -5.32661e+06    1.65896e+04
      Potential Pressure (bar)   Constr. rmsd
   -4.46732e+06   -1.35947e+03    0.00000e+00

           Step           Time
           1076     1076.00000

   Energies (kJ/mol)
           Bond            U-B    Proper Dih.  Improper Dih.      CMAP Dih.
    1.69613e+03    5.68706e+03    9.54168e+03    2.83607e+02   -2.76352e+03
          LJ-14     Coulomb-14        LJ (SR)   Coulomb (SR)   Coul. recip.
    5.14312e+03    1.10648e+05    7.12689e+05   -5.32684e+06    1.65879e+04
      Potential Pressure (bar)   Constr. rmsd
   -4.46733e+06   -1.35918e+03    0.00000e+00

           Step           Time
           1077     1077.00000

   Energies (kJ/mol)
           Bond            U-B    Proper Dih.  Improper Dih.      CMAP Dih.
    1.69716e+03    5.69783e+03    9.54168e+03    2.83569e+02   -2.76340e+03
          LJ-14     Coulomb-14        LJ (SR)   Coulomb (SR)   Coul. recip.
    5.14420e+03    1.10628e+05    7.12759e+05   -5.32697e+06    1.65819e+04
      Potential Pressure (bar)   Constr. rmsd
   -4.46740e+06   -1.35923e+03    0.00000e+00

           Step           Time
           1078     1078.00000

           Step           Time
           1079     1079.00000

   Energies (kJ/mol)
           Bond            U-B    Proper Dih.  Improper Dih.      CMAP Dih.
    1.52380e+03    5.67326e+03    9.54172e+03    2.83573e+02   -2.76356e+03
          LJ-14     Coulomb-14        LJ (SR)   Coulomb (SR)   Coul. recip.
    5.14339e+03    1.10640e+05    7.12812e+05   -5.32709e+06    1.65813e+04
      Potential Pressure (bar)   Constr. rmsd
   -4.46766e+06   -1.35926e+03    0.00000e+00

           Step           Time
           1080     1080.00000

   Energies (kJ/mol)
           Bond            U-B    Proper Dih.  Improper Dih.      CMAP Dih.
    1.78429e+03    5.70786e+03    9.54200e+03    2.83514e+02   -2.76373e+03
          LJ-14     Coulomb-14        LJ (SR)   Coulomb (SR)   Coul. recip.
    5.14375e+03    1.10625e+05    7.13134e+05   -5.32774e+06    1.65663e+04
      Potential Pressure (bar)   Constr. rmsd
   -4.46771e+06   -1.35946e+03    0.00000e+00

           Step           Time
           1081     1081.00000

   Energies (kJ/mol)
           Bond            U-B    Proper Dih.  Improper Dih.      CMAP Dih.
    1.56129e+03    5.67508e+03    9.54206e+03    2.83514e+02   -2.76394e+03
          LJ-14     Coulomb-14        LJ (SR)   Coulomb (SR)   Coul. recip.
    5.14266e+03    1.10642e+05    7.13198e+05   -5.32788e+06    1.65660e+04
      Potential Pressure (bar)   Constr. rmsd
   -4.46804e+06   -1.35950e+03    0.00000e+00

           Step           Time
           1082     1082.00000

           Step           Time
           1083     1083.00000

   Energies (kJ/mol)
           Bond            U-B    Proper Dih.  Improper Dih.      CMAP Dih.
    1.56882e+03    5.68277e+03    9.54209e+03    2.83487e+02   -2.76393e+03
          LJ-14     Coulomb-14        LJ (SR)   Coulomb (SR)   Coul. recip.
    5.14315e+03    1.10632e+05    7.13280e+05   -5.32804e+06    1.65611e+04
      Potential Pressure (bar)   Constr. rmsd
   -4.46811e+06   -1.35955e+03    0.00000e+00

           Step           Time
           1084     1084.00000

   Energies (kJ/mol)
           Bond            U-B    Proper Dih.  Improper Dih.      CMAP Dih.
    1.60502e+03    5.67887e+03    9.54221e+03    2.83486e+02   -2.76413e+03
          LJ-14     Coulomb-14        LJ (SR)   Coulomb (SR)   Coul. recip.
    5.14231e+03    1.10644e+05    7.13376e+05   -5.32825e+06    1.65591e+04
      Potential Pressure (bar)   Constr. rmsd
   -4.46818e+06   -1.35961e+03    0.00000e+00

           Step           Time
           1085     1085.00000

   Energies (kJ/mol)
           Bond            U-B    Proper Dih.  Improper Dih.      CMAP Dih.
    1.62879e+03    5.69031e+03    9.54225e+03    2.83457e+02   -2.76407e+03
          LJ-14     Coulomb-14        LJ (SR)   Coulomb (SR)   Coul. recip.
    5.14307e+03    1.10628e+05    7.13456e+05   -5.32840e+06    1.65537e+04
      Potential Pressure (bar)   Constr. rmsd
   -4.46824e+06   -1.35966e+03    0.00000e+00

           Step           Time
           1086     1086.00000

   Energies (kJ/mol)
           Bond            U-B    Proper Dih.  Improper Dih.      CMAP Dih.
    1.69277e+03    5.68758e+03    9.54240e+03    2.83471e+02   -2.76432e+03
          LJ-14     Coulomb-14        LJ (SR)   Coulomb (SR)   Coul. recip.
    5.14190e+03    1.10646e+05    7.13554e+05   -5.32861e+06    1.65523e+04
      Potential Pressure (bar)   Constr. rmsd
   -4.46827e+06   -1.35972e+03    0.00000e+00

           Step           Time
           1087     1087.00000

   Energies (kJ/mol)
           Bond            U-B    Proper Dih.  Improper Dih.      CMAP Dih.
    1.75703e+03    5.70457e+03    9.54241e+03    2.83428e+02   -2.76420e+03
          LJ-14     Coulomb-14        LJ (SR)   Coulomb (SR)   Coul. recip.
    5.14305e+03    1.10624e+05    7.13631e+05   -5.32875e+06    1.65461e+04
      Potential Pressure (bar)   Constr. rmsd
   -4.46828e+06   -1.35977e+03    0.00000e+00

           Step           Time
           1088     1088.00000

           Step           Time
           1089     1089.00000

   Energies (kJ/mol)
           Bond            U-B    Proper Dih.  Improper Dih.      CMAP Dih.
    1.52065e+03    5.67398e+03    9.54245e+03    2.83434e+02   -2.76436e+03
          LJ-14     Coulomb-14        LJ (SR)   Coulomb (SR)   Coul. recip.
    5.14220e+03    1.10637e+05    7.13680e+05   -5.32886e+06    1.65457e+04
      Potential Pressure (bar)   Constr. rmsd
   -4.46860e+06   -1.35980e+03    0.00000e+00

           Step           Time
           1090     1090.00000

   Energies (kJ/mol)
           Bond            U-B    Proper Dih.  Improper Dih.      CMAP Dih.
    1.85100e+03    5.71626e+03    9.54293e+03    2.83331e+02   -2.76476e+03
          LJ-14     Coulomb-14        LJ (SR)   Coulomb (SR)   Coul. recip.
    5.14222e+03    1.10622e+05    7.14234e+05   -5.32998e+06    1.65213e+04
      Potential Pressure (bar)   Constr. rmsd
   -4.46883e+06   -1.36015e+03    0.00000e+00

           Step           Time
           1091     1091.00000

   Energies (kJ/mol)
           Bond            U-B    Proper Dih.  Improper Dih.      CMAP Dih.
    1.55724e+03    5.67494e+03    9.54300e+03    2.83331e+02   -2.76497e+03
          LJ-14     Coulomb-14        LJ (SR)   Coulomb (SR)   Coul. recip.
    5.14110e+03    1.10639e+05    7.14295e+05   -5.33012e+06    1.65211e+04
      Potential Pressure (bar)   Constr. rmsd
   -4.46923e+06   -1.36018e+03    0.00000e+00

           Step           Time
           1092     1092.00000

           Step           Time
           1093     1093.00000

   Energies (kJ/mol)
           Bond            U-B    Proper Dih.  Improper Dih.      CMAP Dih.
    1.59276e+03    5.68627e+03    9.54305e+03    2.83307e+02   -2.76497e+03
          LJ-14     Coulomb-14        LJ (SR)   Coulomb (SR)   Coul. recip.
    5.14165e+03    1.10628e+05    7.14389e+05   -5.33030e+06    1.65157e+04
      Potential Pressure (bar)   Constr. rmsd
   -4.46929e+06   -1.36024e+03    0.00000e+00

           Step           Time
           1094     1094.00000

   Energies (kJ/mol)
           Bond            U-B    Proper Dih.  Improper Dih.      CMAP Dih.
    1.59954e+03    5.67908e+03    9.54317e+03    2.83312e+02   -2.76516e+03
          LJ-14     Coulomb-14        LJ (SR)   Coulomb (SR)   Coul. recip.
    5.14078e+03    1.10641e+05    7.14475e+05   -5.33048e+06    1.65142e+04
      Potential Pressure (bar)   Constr. rmsd
   -4.46937e+06   -1.35995e+03    0.00000e+00

           Step           Time
           1095     1095.00000

   Energies (kJ/mol)
           Bond            U-B    Proper Dih.  Improper Dih.      CMAP Dih.
    1.66925e+03    5.69536e+03    9.54321e+03    2.83273e+02   -2.76511e+03
          LJ-14     Coulomb-14        LJ (SR)   Coulomb (SR)   Coul. recip.
    5.14160e+03    1.10625e+05    7.14564e+05   -5.33065e+06    1.65083e+04
      Potential Pressure (bar)   Constr. rmsd
   -4.46939e+06   -1.36001e+03    0.00000e+00

           Step           Time
           1096     1096.00000

   Energies (kJ/mol)
           Bond            U-B    Proper Dih.  Improper Dih.      CMAP Dih.
    1.69032e+03    5.68834e+03    9.54336e+03    2.83295e+02   -2.76536e+03
          LJ-14     Coulomb-14        LJ (SR)   Coulomb (SR)   Coul. recip.
    5.14039e+03    1.10643e+05    7.14654e+05   -5.33085e+06    1.65075e+04
      Potential Pressure (bar)   Constr. rmsd
   -4.46947e+06   -1.36006e+03    0.00000e+00

           Step           Time
           1097     1097.00000

           Step           Time
           1098     1098.00000

   Energies (kJ/mol)
           Bond            U-B    Proper Dih.  Improper Dih.      CMAP Dih.
    1.52309e+03    5.67654e+03    9.54333e+03    2.83265e+02   -2.76530e+03
          LJ-14     Coulomb-14        LJ (SR)   Coulomb (SR)   Coul. recip.
    5.14096e+03    1.10632e+05    7.14694e+05   -5.33093e+06    1.65040e+04
      Potential Pressure (bar)   Constr. rmsd
   -4.46969e+06   -1.36009e+03    0.00000e+00

           Step           Time
           1099     1099.00000

   Energies (kJ/mol)
           Bond            U-B    Proper Dih.  Improper Dih.      CMAP Dih.
    1.78725e+03    5.69723e+03    9.54372e+03    2.83249e+02   -2.76572e+03
          LJ-14     Coulomb-14        LJ (SR)   Coulomb (SR)   Coul. recip.
    5.13974e+03    1.10645e+05    7.15005e+05   -5.33157e+06    1.64937e+04
      Potential Pressure (bar)   Constr. rmsd
   -4.46974e+06   -1.36027e+03    0.00000e+00

           Step           Time
           1100     1100.00000

   Energies (kJ/mol)
           Bond            U-B    Proper Dih.  Improper Dih.      CMAP Dih.
    1.55133e+03    5.68128e+03    9.54365e+03    2.83204e+02   -2.76562e+03
          LJ-14     Coulomb-14        LJ (SR)   Coulomb (SR)   Coul. recip.
    5.14061e+03    1.10629e+05    7.15048e+05   -5.33164e+06    1.64893e+04
      Potential Pressure (bar)   Constr. rmsd
   -4.47004e+06   -1.36031e+03    0.00000e+00

           Step           Time
           1101     1101.00000

           Step           Time
           1102     1102.00000

   Energies (kJ/mol)
           Bond            U-B    Proper Dih.  Improper Dih.      CMAP Dih.
    1.57558e+03    5.67764e+03    9.54377e+03    2.83206e+02   -2.76580e+03
          LJ-14     Coulomb-14        LJ (SR)   Coulomb (SR)   Coul. recip.
    5.13991e+03    1.10638e+05    7.15140e+05   -5.33184e+06    1.64870e+04
      Potential Pressure (bar)   Constr. rmsd
   -4.47012e+06   -1.36036e+03    0.00000e+00

           Step           Time
           1103     1103.00000

   Energies (kJ/mol)
           Bond            U-B    Proper Dih.  Improper Dih.      CMAP Dih.
    1.58883e+03    5.68636e+03    9.54382e+03    2.83175e+02   -2.76577e+03
          LJ-14     Coulomb-14        LJ (SR)   Coulomb (SR)   Coul. recip.
    5.14049e+03    1.10626e+05    7.15221e+05   -5.33199e+06    1.64820e+04
      Potential Pressure (bar)   Constr. rmsd
   -4.47019e+06   -1.36042e+03    0.00000e+00

           Step           Time
           1104     1104.00000

   Energies (kJ/mol)
           Bond            U-B    Proper Dih.  Improper Dih.      CMAP Dih.
    1.63248e+03    5.68284e+03    9.54396e+03    2.83185e+02   -2.76599e+03
          LJ-14     Coulomb-14        LJ (SR)   Coulomb (SR)   Coul. recip.
    5.13955e+03    1.10640e+05    7.15315e+05   -5.33220e+06    1.64804e+04
      Potential Pressure (bar)   Constr. rmsd
   -4.47025e+06   -1.36047e+03    0.00000e+00

           Step           Time
           1105     1105.00000

   Energies (kJ/mol)
           Bond            U-B    Proper Dih.  Improper Dih.      CMAP Dih.
    1.66900e+03    5.69590e+03    9.54398e+03    2.83148e+02   -2.76591e+03
          LJ-14     Coulomb-14        LJ (SR)   Coulomb (SR)   Coul. recip.
    5.14045e+03    1.10623e+05    7.15393e+05   -5.33234e+06    1.64747e+04
      Potential Pressure (bar)   Constr. rmsd
   -4.47028e+06   -1.36052e+03    0.00000e+00

           Step           Time
           1106     1106.00000

   Energies (kJ/mol)
           Bond            U-B    Proper Dih.  Improper Dih.      CMAP Dih.
    1.74627e+03    5.69485e+03    9.54416e+03    2.83170e+02   -2.76619e+03
          LJ-14     Coulomb-14        LJ (SR)   Coulomb (SR)   Coul. recip.
    5.13915e+03    1.10643e+05    7.15491e+05   -5.33255e+06    1.64740e+04
      Potential Pressure (bar)   Constr. rmsd
   -4.47030e+06   -1.36058e+03    0.00000e+00

           Step           Time
           1107     1107.00000

           Step           Time
           1108     1108.00000

   Energies (kJ/mol)
           Bond            U-B    Proper Dih.  Improper Dih.      CMAP Dih.
    1.52112e+03    5.67659e+03    9.54411e+03    2.83134e+02   -2.76612e+03
          LJ-14     Coulomb-14        LJ (SR)   Coulomb (SR)   Coul. recip.
    5.13977e+03    1.10630e+05    7.15526e+05   -5.33262e+06    1.64704e+04
      Potential Pressure (bar)   Constr. rmsd
   -4.47059e+06   -1.36060e+03    0.00000e+00

           Step           Time
           1109     1109.00000

   Energies (kJ/mol)
           Bond            U-B    Proper Dih.  Improper Dih.      CMAP Dih.
    1.87516e+03    5.70564e+03    9.54471e+03    2.83083e+02   -2.76674e+03
          LJ-14     Coulomb-14        LJ (SR)   Coulomb (SR)   Coul. recip.
    5.13821e+03    1.10645e+05    7.16025e+05   -5.33364e+06    1.64531e+04
      Potential Pressure (bar)   Constr. rmsd
   -4.47073e+06   -1.36091e+03    0.00000e+00

           Step           Time
           1110     1110.00000

   Energies (kJ/mol)
           Bond            U-B    Proper Dih.  Improper Dih.      CMAP Dih.
    1.54477e+03    5.68095e+03    9.54462e+03    2.83046e+02   -2.76662e+03
          LJ-14     Coulomb-14        LJ (SR)   Coulomb (SR)   Coul. recip.
    5.13916e+03    1.10627e+05    7.16062e+05   -5.33370e+06    1.64485e+04
      Potential Pressure (bar)   Constr. rmsd
   -4.47114e+06   -1.36094e+03    0.00000e+00

           Step           Time
           1111     1111.00000

           Step           Time
           1112     1112.00000

   Energies (kJ/mol)
           Bond            U-B    Proper Dih.  Improper Dih.      CMAP Dih.
    1.60408e+03    5.68039e+03    9.54477e+03    2.83040e+02   -2.76683e+03
          LJ-14     Coulomb-14        LJ (SR)   Coulomb (SR)   Coul. recip.
    5.13841e+03    1.10637e+05    7.16172e+05   -5.33393e+06    1.64458e+04
      Potential Pressure (bar)   Constr. rmsd
   -4.47119e+06   -1.36100e+03    0.00000e+00

           Step           Time
           1113     1113.00000

   Energies (kJ/mol)
           Bond            U-B    Proper Dih.  Improper Dih.      CMAP Dih.
    1.58327e+03    5.68640e+03    9.54479e+03    2.83011e+02   -2.76678e+03
          LJ-14     Coulomb-14        LJ (SR)   Coulomb (SR)   Coul. recip.
    5.13907e+03    1.10624e+05    7.16241e+05   -5.33406e+06    1.64410e+04
      Potential Pressure (bar)   Constr. rmsd
   -4.47129e+06   -1.36105e+03    0.00000e+00

           Step           Time
           1114     1114.00000

   Energies (kJ/mol)
           Bond            U-B    Proper Dih.  Improper Dih.      CMAP Dih.
    1.67615e+03    5.68752e+03    9.54497e+03    2.83017e+02   -2.76703e+03
          LJ-14     Coulomb-14        LJ (SR)   Coulomb (SR)   Coul. recip.
    5.13806e+03    1.10639e+05    7.16346e+05   -5.33429e+06    1.64391e+04
      Potential Pressure (bar)   Constr. rmsd
   -4.47130e+06   -1.36111e+03    0.00000e+00

           Step           Time
           1115     1115.00000

   Energies (kJ/mol)
           Bond            U-B    Proper Dih.  Improper Dih.      CMAP Dih.
    1.66822e+03    5.69659e+03    9.54496e+03    2.82980e+02   -2.76693e+03
          LJ-14     Coulomb-14        LJ (SR)   Coulomb (SR)   Coul. recip.
    5.13904e+03    1.10620e+05    7.16415e+05   -5.33441e+06    1.64336e+04
      Potential Pressure (bar)   Constr. rmsd
   -4.47138e+06   -1.36116e+03    0.00000e+00

           Step           Time
           1116     1116.00000

           Step           Time
           1117     1117.00000

   Energies (kJ/mol)
           Bond            U-B    Proper Dih.  Improper Dih.      CMAP Dih.
    1.52721e+03    5.67586e+03    9.54504e+03    2.82988e+02   -2.76708e+03
          LJ-14     Coulomb-14        LJ (SR)   Coulomb (SR)   Coul. recip.
    5.13830e+03    1.10631e+05    7.16466e+05   -5.33453e+06    1.64330e+04
      Potential Pressure (bar)   Constr. rmsd
   -4.47159e+06   -1.36119e+03    0.00000e+00

           Step           Time
           1118     1118.00000

   Energies (kJ/mol)
           Bond            U-B    Proper Dih.  Improper Dih.      CMAP Dih.
    1.74211e+03    5.70524e+03    9.54531e+03    2.82921e+02   -2.76725e+03
          LJ-14     Coulomb-14        LJ (SR)   Coulomb (SR)   Coul. recip.
    5.13866e+03    1.10618e+05    7.16756e+05   -5.33510e+06    1.64198e+04
      Potential Pressure (bar)   Constr. rmsd
   -4.47166e+06   -1.36094e+03    0.00000e+00

           Step           Time
           1119     1119.00000

   Energies (kJ/mol)
           Bond            U-B    Proper Dih.  Improper Dih.      CMAP Dih.
    1.55997e+03    5.67753e+03    9.54539e+03    2.82923e+02   -2.76746e+03
          LJ-14     Coulomb-14        LJ (SR)   Coulomb (SR)   Coul. recip.
    5.13765e+03    1.10633e+05    7.16818e+05   -5.33524e+06    1.64194e+04
      Potential Pressure (bar)   Constr. rmsd
   -4.47194e+06   -1.36097e+03    0.00000e+00

           Step           Time
           1120     1120.00000

           Step           Time
           1121     1121.00000

   Energies (kJ/mol)
           Bond            U-B    Proper Dih.  Improper Dih.      CMAP Dih.
    1.56226e+03    5.68392e+03    9.54544e+03    2.82902e+02   -2.76745e+03
          LJ-14     Coulomb-14        LJ (SR)   Coulomb (SR)   Coul. recip.
    5.13810e+03    1.10624e+05    7.16896e+05   -5.33539e+06    1.64149e+04
      Potential Pressure (bar)   Constr. rmsd
   -4.47201e+06   -1.36103e+03    0.00000e+00

           Step           Time
           1122     1122.00000

   Energies (kJ/mol)
           Bond            U-B    Proper Dih.  Improper Dih.      CMAP Dih.
    1.59804e+03    5.68072e+03    9.54558e+03    2.82904e+02   -2.76765e+03
          LJ-14     Coulomb-14        LJ (SR)   Coulomb (SR)   Coul. recip.
    5.13733e+03    1.10634e+05    7.16989e+05   -5.33559e+06    1.64129e+04
      Potential Pressure (bar)   Constr. rmsd
   -4.47208e+06   -1.36108e+03    0.00000e+00

           Step           Time
           1123     1123.00000

   Energies (kJ/mol)
           Bond            U-B    Proper Dih.  Improper Dih.      CMAP Dih.
    1.61180e+03    5.69032e+03    9.54561e+03    2.82873e+02   -2.76760e+03
          LJ-14     Coulomb-14        LJ (SR)   Coulomb (SR)   Coul. recip.
    5.13803e+03    1.10621e+05    7.17065e+05   -5.33573e+06    1.64078e+04
      Potential Pressure (bar)   Constr. rmsd
   -4.47214e+06   -1.36113e+03    0.00000e+00

           Step           Time
           1124     1124.00000

   Energies (kJ/mol)
           Bond            U-B    Proper Dih.  Improper Dih.      CMAP Dih.
    1.67382e+03    5.68813e+03    9.54578e+03    2.82888e+02   -2.76784e+03
          LJ-14     Coulomb-14        LJ (SR)   Coulomb (SR)   Coul. recip.
    5.13697e+03    1.10637e+05    7.17161e+05   -5.33594e+06    1.64066e+04
      Potential Pressure (bar)   Constr. rmsd
   -4.47217e+06   -1.36119e+03    0.00000e+00

           Step           Time
           1125     1125.00000

   Energies (kJ/mol)
           Bond            U-B    Proper Dih.  Improper Dih.      CMAP Dih.
    1.71839e+03    5.70244e+03    9.54578e+03    2.82849e+02   -2.76775e+03
          LJ-14     Coulomb-14        LJ (SR)   Coulomb (SR)   Coul. recip.
    5.13802e+03    1.10617e+05    7.17235e+05   -5.33607e+06    1.64009e+04
      Potential Pressure (bar)   Constr. rmsd
   -4.47220e+06   -1.36082e+03    0.00000e+00

           Step           Time
           1126     1126.00000

           Step           Time
           1127     1127.00000

   Energies (kJ/mol)
           Bond            U-B    Proper Dih.  Improper Dih.      CMAP Dih.
    1.52434e+03    5.67656e+03    9.54585e+03    2.82859e+02   -2.76791e+03
          LJ-14     Coulomb-14        LJ (SR)   Coulomb (SR)   Coul. recip.
    5.13724e+03    1.10628e+05    7.17283e+05   -5.33618e+06    1.64004e+04
      Potential Pressure (bar)   Constr. rmsd
   -4.47247e+06   -1.36085e+03    0.00000e+00

           Step           Time
           1128     1128.00000

   Energies (kJ/mol)
           Bond            U-B    Proper Dih.  Improper Dih.      CMAP Dih.
    1.80097e+03    5.71246e+03    9.54634e+03    2.82745e+02   -2.76827e+03
          LJ-14     Coulomb-14        LJ (SR)   Coulomb (SR)   Coul. recip.
    5.13736e+03    1.10615e+05    7.17759e+05   -5.33713e+06    1.63797e+04
      Potential Pressure (bar)   Constr. rmsd
   -4.47266e+06   -1.36115e+03    0.00000e+00

           Step           Time
           1129     1129.00000

   Energies (kJ/mol)
           Bond            U-B    Proper Dih.  Improper Dih.      CMAP Dih.
    1.55611e+03    5.67756e+03    9.54641e+03    2.82753e+02   -2.76847e+03
          LJ-14     Coulomb-14        LJ (SR)   Coulomb (SR)   Coul. recip.
    5.13632e+03    1.10631e+05    7.17817e+05   -5.33726e+06    1.63795e+04
      Potential Pressure (bar)   Constr. rmsd
   -4.47300e+06   -1.36118e+03    0.00000e+00

           Step           Time
           1130     1130.00000

           Step           Time
           1131     1131.00000

   Energies (kJ/mol)
           Bond            U-B    Proper Dih.  Improper Dih.      CMAP Dih.
    1.58262e+03    5.68708e+03    9.54648e+03    2.82734e+02   -2.76848e+03
          LJ-14     Coulomb-14        LJ (SR)   Coulomb (SR)   Coul. recip.
    5.13683e+03    1.10620e+05    7.17907e+05   -5.33743e+06    1.63745e+04
      Potential Pressure (bar)   Constr. rmsd
   -4.47307e+06   -1.36123e+03    0.00000e+00

           Step           Time
           1132     1132.00000

   Energies (kJ/mol)
           Bond            U-B    Proper Dih.  Improper Dih.      CMAP Dih.
    1.59339e+03    5.68101e+03    9.54662e+03    2.82741e+02   -2.76867e+03
          LJ-14     Coulomb-14        LJ (SR)   Coulomb (SR)   Coul. recip.
    5.13601e+03    1.10632e+05    7.17990e+05   -5.33761e+06    1.63729e+04
      Potential Pressure (bar)   Constr. rmsd
   -4.47314e+06   -1.36128e+03    0.00000e+00

           Step           Time
           1133     1133.00000

   Energies (kJ/mol)
           Bond            U-B    Proper Dih.  Improper Dih.      CMAP Dih.
    1.64622e+03    5.69482e+03    9.54666e+03    2.82702e+02   -2.76863e+03
          LJ-14     Coulomb-14        LJ (SR)   Coulomb (SR)   Coul. recip.
    5.13676e+03    1.10618e+05    7.18074e+05   -5.33777e+06    1.63675e+04
      Potential Pressure (bar)   Constr. rmsd
   -4.47317e+06   -1.36134e+03    0.00000e+00

           Step           Time
           1134     1134.00000

   Energies (kJ/mol)
           Bond            U-B    Proper Dih.  Improper Dih.      CMAP Dih.
    1.67215e+03    5.68887e+03    9.54682e+03    2.82724e+02   -2.76887e+03
          LJ-14     Coulomb-14        LJ (SR)   Coulomb (SR)   Coul. recip.
    5.13564e+03    1.10634e+05    7.18163e+05   -5.33796e+06    1.63666e+04
      Potential Pressure (bar)   Constr. rmsd
   -4.47324e+06   -1.36139e+03    0.00000e+00

           Step           Time
           1135     1135.00000

           Step           Time
           1136     1136.00000

   Energies (kJ/mol)
           Bond            U-B    Proper Dih.  Improper Dih.      CMAP Dih.
    1.52517e+03    5.67881e+03    9.54679e+03    2.82695e+02   -2.76882e+03
          LJ-14     Coulomb-14        LJ (SR)   Coulomb (SR)   Coul. recip.
    5.13617e+03    1.10624e+05    7.18201e+05   -5.33803e+06    1.63633e+04
      Potential Pressure (bar)   Constr. rmsd
   -4.47344e+06   -1.36142e+03    0.00000e+00

           Step           Time
           1137     1137.00000

   Energies (kJ/mol)
           Bond            U-B    Proper Dih.  Improper Dih.      CMAP Dih.
    1.75593e+03    5.69637e+03    9.54724e+03    2.82670e+02   -2.76928e+03
          LJ-14     Coulomb-14        LJ (SR)   Coulomb (SR)   Coul. recip.
    5.13503e+03    1.10636e+05    7.18521e+05   -5.33868e+06    1.63528e+04
      Potential Pressure (bar)   Constr. rmsd
   -4.47353e+06   -1.36125e+03    0.00000e+00

           Step           Time
           1138     1138.00000

   Energies (kJ/mol)
           Bond            U-B    Proper Dih.  Improper Dih.      CMAP Dih.
    1.54792e+03    5.68283e+03    9.54718e+03    2.82630e+02   -2.76918e+03
          LJ-14     Coulomb-14        LJ (SR)   Coulomb (SR)   Coul. recip.
    5.13583e+03    1.10621e+05    7.18563e+05   -5.33876e+06    1.63487e+04
      Potential Pressure (bar)   Constr. rmsd
   -4.47380e+06   -1.36129e+03    0.00000e+00

           Step           Time
           1139     1139.00000

           Step           Time
           1140     1140.00000

   Energies (kJ/mol)
           Bond            U-B    Proper Dih.  Improper Dih.      CMAP Dih.
    1.57308e+03    5.67981e+03    9.54731e+03    2.82631e+02   -2.76936e+03
          LJ-14     Coulomb-14        LJ (SR)   Coulomb (SR)   Coul. recip.
    5.13519e+03    1.10629e+05    7.18654e+05   -5.33895e+06    1.63464e+04
      Potential Pressure (bar)   Constr. rmsd
   -4.47387e+06   -1.36134e+03    0.00000e+00

           Step           Time
           1141     1141.00000

   Energies (kJ/mol)
           Bond            U-B    Proper Dih.  Improper Dih.      CMAP Dih.
    1.57895e+03    5.68718e+03    9.54736e+03    2.82600e+02   -2.76934e+03
          LJ-14     Coulomb-14        LJ (SR)   Coulomb (SR)   Coul. recip.
    5.13572e+03    1.10619e+05    7.18730e+05   -5.33909e+06    1.63419e+04
      Potential Pressure (bar)   Constr. rmsd
   -4.47394e+06   -1.36139e+03    0.00000e+00

           Step           Time
           1142     1142.00000

   Energies (kJ/mol)
           Bond            U-B    Proper Dih.  Improper Dih.      CMAP Dih.
    1.62250e+03    5.68426e+03    9.54752e+03    2.82611e+02   -2.76955e+03
          LJ-14     Coulomb-14        LJ (SR)   Coulomb (SR)   Coul. recip.
    5.13486e+03    1.10631e+05    7.18822e+05   -5.33929e+06    1.63401e+04
      Potential Pressure (bar)   Constr. rmsd
   -4.47399e+06   -1.36144e+03    0.00000e+00

           Step           Time
           1143     1143.00000

   Energies (kJ/mol)
           Bond            U-B    Proper Dih.  Improper Dih.      CMAP Dih.
    1.64563e+03    5.69532e+03    9.54754e+03    2.82570e+02   -2.76949e+03
          LJ-14     Coulomb-14        LJ (SR)   Coulomb (SR)   Coul. recip.
    5.13568e+03    1.10615e+05    7.18897e+05   -5.33943e+06    1.63350e+04
      Potential Pressure (bar)   Constr. rmsd
   -4.47404e+06   -1.36149e+03    0.00000e+00

           Step           Time
           1144     1144.00000

   Energies (kJ/mol)
           Bond            U-B    Proper Dih.  Improper Dih.      CMAP Dih.
    1.72096e+03    5.69446e+03    9.54774e+03    2.82595e+02   -2.76976e+03
          LJ-14     Coulomb-14        LJ (SR)   Coulomb (SR)   Coul. recip.
    5.13449e+03    1.10633e+05    7.18991e+05   -5.33963e+06    1.63341e+04
      Potential Pressure (bar)   Constr. rmsd
   -4.47406e+06   -1.36155e+03    0.00000e+00

           Step           Time
           1145     1145.00000

           Step           Time
           1146     1146.00000

   Energies (kJ/mol)
           Bond            U-B    Proper Dih.  Improper Dih.      CMAP Dih.
    1.52382e+03    5.67890e+03    9.54768e+03    2.82561e+02   -2.76969e+03
          LJ-14     Coulomb-14        LJ (SR)   Coulomb (SR)   Coul. recip.
    5.13506e+03    1.10622e+05    7.19025e+05   -5.33970e+06    1.63309e+04
      Potential Pressure (bar)   Constr. rmsd
   -4.47432e+06   -1.36157e+03    0.00000e+00

           Step           Time
           1147     1147.00000

   Energies (kJ/mol)
           Bond            U-B    Proper Dih.  Improper Dih.      CMAP Dih.
    1.83296e+03    5.70359e+03    9.54843e+03    2.82504e+02   -2.77040e+03
          LJ-14     Coulomb-14        LJ (SR)   Coulomb (SR)   Coul. recip.
    5.13354e+03    1.10635e+05    7.19566e+05   -5.34079e+06    1.63120e+04
      Potential Pressure (bar)   Constr. rmsd
   -4.47454e+06   -1.36190e+03    0.00000e+00

           Step           Time
           1148     1148.00000

   Energies (kJ/mol)
           Bond            U-B    Proper Dih.  Improper Dih.      CMAP Dih.
    1.54244e+03    5.68255e+03    9.54833e+03    2.82456e+02   -2.77028e+03
          LJ-14     Coulomb-14        LJ (SR)   Coulomb (SR)   Coul. recip.
    5.13443e+03    1.10619e+05    7.19602e+05   -5.34085e+06    1.63078e+04
      Potential Pressure (bar)   Constr. rmsd
   -4.47490e+06   -1.36193e+03    0.00000e+00

           Step           Time
           1149     1149.00000

           Step           Time
           1150     1150.00000

   Energies (kJ/mol)
           Bond            U-B    Proper Dih.  Improper Dih.      CMAP Dih.
    1.59830e+03    5.68231e+03    9.54850e+03    2.82460e+02   -2.77049e+03
          LJ-14     Coulomb-14        LJ (SR)   Coulomb (SR)   Coul. recip.
    5.13375e+03    1.10628e+05    7.19712e+05   -5.34108e+06    1.63049e+04
      Potential Pressure (bar)   Constr. rmsd
   -4.47496e+06   -1.36199e+03    0.00000e+00

           Step           Time
           1151     1151.00000

   Energies (kJ/mol)
           Bond            U-B    Proper Dih.  Improper Dih.      CMAP Dih.
    1.57421e+03    5.68725e+03    9.54851e+03    2.82429e+02   -2.77045e+03
          LJ-14     Coulomb-14        LJ (SR)   Coulomb (SR)   Coul. recip.
    5.13435e+03    1.10616e+05    7.19776e+05   -5.34120e+06    1.63007e+04
      Potential Pressure (bar)   Constr. rmsd
   -4.47505e+06   -1.36204e+03    0.00000e+00

           Step           Time
           1152     1152.00000

   Energies (kJ/mol)
           Bond            U-B    Proper Dih.  Improper Dih.      CMAP Dih.
    1.66076e+03    5.68842e+03    9.54871e+03    2.82441e+02   -2.77069e+03
          LJ-14     Coulomb-14        LJ (SR)   Coulomb (SR)   Coul. recip.
    5.13341e+03    1.10630e+05    7.19880e+05   -5.34142e+06    1.62987e+04
      Potential Pressure (bar)   Constr. rmsd
   -4.47507e+06   -1.36209e+03    0.00000e+00

           Step           Time
           1153     1153.00000

   Energies (kJ/mol)
           Bond            U-B    Proper Dih.  Improper Dih.      CMAP Dih.
    1.64466e+03    5.69591e+03    9.54871e+03    2.82401e+02   -2.77060e+03
          LJ-14     Coulomb-14        LJ (SR)   Coulomb (SR)   Coul. recip.
    5.13431e+03    1.10613e+05    7.19945e+05   -5.34154e+06    1.62937e+04
      Potential Pressure (bar)   Constr. rmsd
   -4.47515e+06   -1.36214e+03    0.00000e+00

           Step           Time
           1154     1154.00000

           Step           Time
           1155     1155.00000

   Energies (kJ/mol)
           Bond            U-B    Proper Dih.  Improper Dih.      CMAP Dih.
    1.53060e+03    5.67843e+03    9.54879e+03    2.82408e+02   -2.77075e+03
          LJ-14     Coulomb-14        LJ (SR)   Coulomb (SR)   Coul. recip.
    5.13363e+03    1.10623e+05    7.19995e+05   -5.34165e+06    1.62929e+04
      Potential Pressure (bar)   Constr. rmsd
   -4.47533e+06   -1.36217e+03    0.00000e+00

           Step           Time
           1156     1156.00000

   Energies (kJ/mol)
           Bond            U-B    Proper Dih.  Improper Dih.      CMAP Dih.
    1.70743e+03    5.70332e+03    9.54907e+03    2.82349e+02   -2.77092e+03
          LJ-14     Coulomb-14        LJ (SR)   Coulomb (SR)   Coul. recip.
    5.13401e+03    1.10611e+05    7.20252e+05   -5.34215e+06    1.62814e+04
      Potential Pressure (bar)   Constr. rmsd
   -4.47540e+06   -1.36233e+03    0.00000e+00

           Step           Time
           1157     1157.00000

   Energies (kJ/mol)
           Bond            U-B    Proper Dih.  Improper Dih.      CMAP Dih.
    1.55957e+03    5.67993e+03    9.54917e+03    2.82356e+02   -2.77111e+03
          LJ-14     Coulomb-14        LJ (SR)   Coulomb (SR)   Coul. recip.
    5.13309e+03    1.10624e+05    7.20312e+05   -5.34228e+06    1.62810e+04
      Potential Pressure (bar)   Constr. rmsd
   -4.47563e+06   -1.36201e+03    0.00000e+00

           Step           Time
           1158     1158.00000

           Step           Time
           1159     1159.00000

   Energies (kJ/mol)
           Bond            U-B    Proper Dih.  Improper Dih.      CMAP Dih.
    1.55718e+03    5.68522e+03    9.54922e+03    2.82332e+02   -2.77112e+03
          LJ-14     Coulomb-14        LJ (SR)   Coulomb (SR)   Coul. recip.
    5.13351e+03    1.10616e+05    7.20384e+05   -5.34242e+06    1.62769e+04
      Potential Pressure (bar)   Constr. rmsd
   -4.47571e+06   -1.36206e+03    0.00000e+00

           Step           Time
           1160     1160.00000

   Energies (kJ/mol)
           Bond            U-B    Proper Dih.  Improper Dih.      CMAP Dih.
    1.59297e+03    5.68267e+03    9.54936e+03    2.82333e+02   -2.77131e+03
          LJ-14     Coulomb-14        LJ (SR)   Coulomb (SR)   Coul. recip.
    5.13279e+03    1.10626e+05    7.20476e+05   -5.34262e+06    1.62747e+04
      Potential Pressure (bar)   Constr. rmsd
   -4.47577e+06   -1.36211e+03    0.00000e+00

           Step           Time
           1161     1161.00000

   Energies (kJ/mol)
           Bond            U-B    Proper Dih.  Improper Dih.      CMAP Dih.
    1.59813e+03    5.69065e+03    9.54940e+03    2.82302e+02   -2.77127e+03
          LJ-14     Coulomb-14        LJ (SR)   Coulomb (SR)   Coul. recip.
    5.13343e+03    1.10613e+05    7.20548e+05   -5.34275e+06    1.62702e+04
      Potential Pressure (bar)   Constr. rmsd
   -4.47584e+06   -1.36216e+03    0.00000e+00

           Step           Time
           1162     1162.00000

   Energies (kJ/mol)
           Bond            U-B    Proper Dih.  Improper Dih.      CMAP Dih.
    1.65888e+03    5.68898e+03    9.54959e+03    2.82317e+02   -2.77151e+03
          LJ-14     Coulomb-14        LJ (SR)   Coulomb (SR)   Coul. recip.
    5.13246e+03    1.10628e+05    7.20642e+05   -5.34295e+06    1.62687e+04
      Potential Pressure (bar)   Constr. rmsd
   -4.47587e+06   -1.36221e+03    0.00000e+00

           Step           Time
           1163     1163.00000

   Energies (kJ/mol)
           Bond            U-B    Proper Dih.  Improper Dih.      CMAP Dih.
    1.68690e+03    5.70097e+03    9.54959e+03    2.82269e+02   -2.77142e+03
          LJ-14     Coulomb-14        LJ (SR)   Coulomb (SR)   Coul. recip.
    5.13343e+03    1.10610e+05    7.20712e+05   -5.34308e+06    1.62635e+04
      Potential Pressure (bar)   Constr. rmsd
   -4.47591e+06   -1.36226e+03    0.00000e+00

           Step           Time
           1164     1164.00000

           Step           Time
           1165     1165.00000

   Energies (kJ/mol)
           Bond            U-B    Proper Dih.  Improper Dih.      CMAP Dih.
    1.52790e+03    5.67904e+03    9.54966e+03    2.82275e+02   -2.77157e+03
          LJ-14     Coulomb-14        LJ (SR)   Coulomb (SR)   Coul. recip.
    5.13271e+03    1.10620e+05    7.20758e+05   -5.34318e+06    1.62630e+04
      Potential Pressure (bar)   Constr. rmsd
   -4.47614e+06   -1.36228e+03    0.00000e+00

           Step           Time
           1166     1166.00000

   Energies (kJ/mol)
           Bond            U-B    Proper Dih.  Improper Dih.      CMAP Dih.
    1.75892e+03    5.70959e+03    9.55013e+03    2.82204e+02   -2.77190e+03
          LJ-14     Coulomb-14        LJ (SR)   Coulomb (SR)   Coul. recip.
    5.13290e+03    1.10608e+05    7.21164e+05   -5.34398e+06    1.62456e+04
      Potential Pressure (bar)   Constr. rmsd
   -4.47630e+06   -1.36254e+03    0.00000e+00

           Step           Time
           1167     1167.00000

   Energies (kJ/mol)
           Bond            U-B    Proper Dih.  Improper Dih.      CMAP Dih.
    1.55582e+03    5.68002e+03    9.55022e+03    2.82202e+02   -2.77209e+03
          LJ-14     Coulomb-14        LJ (SR)   Coulomb (SR)   Coul. recip.
    5.13194e+03    1.10622e+05    7.21220e+05   -5.34411e+06    1.62454e+04
      Potential Pressure (bar)   Constr. rmsd
   -4.47659e+06   -1.36256e+03    0.00000e+00

           Step           Time
           1168     1168.00000

           Step           Time
           1169     1169.00000

   Energies (kJ/mol)
           Bond            U-B    Proper Dih.  Improper Dih.      CMAP Dih.
    1.57448e+03    5.68796e+03    9.55028e+03    2.82175e+02   -2.77210e+03
          LJ-14     Coulomb-14        LJ (SR)   Coulomb (SR)   Coul. recip.
    5.13240e+03    1.10613e+05    7.21304e+05   -5.34427e+06    1.62409e+04
      Potential Pressure (bar)   Constr. rmsd
   -4.47666e+06   -1.36262e+03    0.00000e+00

           Step           Time
           1170     1170.00000

   Energies (kJ/mol)
           Bond            U-B    Proper Dih.  Improper Dih.      CMAP Dih.
    1.58883e+03    5.68293e+03    9.55043e+03    2.82182e+02   -2.77229e+03
          LJ-14     Coulomb-14        LJ (SR)   Coulomb (SR)   Coul. recip.
    5.13165e+03    1.10623e+05    7.21386e+05   -5.34444e+06    1.62391e+04
      Potential Pressure (bar)   Constr. rmsd
   -4.47673e+06   -1.36267e+03    0.00000e+00

           Step           Time
           1171     1171.00000

   Energies (kJ/mol)
           Bond            U-B    Proper Dih.  Improper Dih.      CMAP Dih.
    1.62735e+03    5.69456e+03    9.55048e+03    2.82143e+02   -2.77225e+03
          LJ-14     Coulomb-14        LJ (SR)   Coulomb (SR)   Coul. recip.
    5.13234e+03    1.10610e+05    7.21465e+05   -5.34459e+06    1.62343e+04
      Potential Pressure (bar)   Constr. rmsd
   -4.47677e+06   -1.36272e+03    0.00000e+00

           Step           Time
           1172     1172.00000

   Energies (kJ/mol)
           Bond            U-B    Proper Dih.  Improper Dih.      CMAP Dih.
    1.65752e+03    5.68960e+03    9.55067e+03    2.82160e+02   -2.77249e+03
          LJ-14     Coulomb-14        LJ (SR)   Coulomb (SR)   Coul. recip.
    5.13132e+03    1.10625e+05    7.21551e+05   -5.34478e+06    1.62332e+04
      Potential Pressure (bar)   Constr. rmsd
   -4.47683e+06   -1.36277e+03    0.00000e+00

           Step           Time
           1173     1173.00000

           Step           Time
           1174     1174.00000

   Energies (kJ/mol)
           Bond            U-B    Proper Dih.  Improper Dih.      CMAP Dih.
    1.52734e+03    5.68093e+03    9.55063e+03    2.82135e+02   -2.77245e+03
          LJ-14     Coulomb-14        LJ (SR)   Coulomb (SR)   Coul. recip.
    5.13181e+03    1.10616e+05    7.21588e+05   -5.34484e+06    1.62303e+04
      Potential Pressure (bar)   Constr. rmsd
   -4.47701e+06   -1.36279e+03    0.00000e+00

           Step           Time
           1175     1175.00000

   Energies (kJ/mol)
           Bond            U-B    Proper Dih.  Improper Dih.      CMAP Dih.
    1.73047e+03    5.69597e+03    9.55113e+03    2.82098e+02   -2.77292e+03
          LJ-14     Coulomb-14        LJ (SR)   Coulomb (SR)   Coul. recip.
    5.13071e+03    1.10627e+05    7.21923e+05   -5.34552e+06    1.62190e+04
      Potential Pressure (bar)   Constr. rmsd
   -4.47714e+06   -1.36300e+03    0.00000e+00

           Step           Time
           1176     1176.00000

   Energies (kJ/mol)
           Bond            U-B    Proper Dih.  Improper Dih.      CMAP Dih.
    1.54551e+03    5.68432e+03    9.55107e+03    2.82058e+02   -2.77284e+03
          LJ-14     Coulomb-14        LJ (SR)   Coulomb (SR)   Coul. recip.
    5.13145e+03    1.10613e+05    7.21964e+05   -5.34559e+06    1.62154e+04
      Potential Pressure (bar)   Constr. rmsd
   -4.47738e+06   -1.36303e+03    0.00000e+00

           Step           Time
           1177     1177.00000

           Step           Time
           1178     1178.00000

   Energies (kJ/mol)
           Bond            U-B    Proper Dih.  Improper Dih.      CMAP Dih.
    1.57143e+03    5.68190e+03    9.55123e+03    2.82062e+02   -2.77301e+03
          LJ-14     Coulomb-14        LJ (SR)   Coulomb (SR)   Coul. recip.
    5.13087e+03    1.10621e+05    7.22054e+05   -5.34578e+06    1.62130e+04
      Potential Pressure (bar)   Constr. rmsd
   -4.47745e+06   -1.36308e+03    0.00000e+00

           Step           Time
           1179     1179.00000

   Energies (kJ/mol)
           Bond            U-B    Proper Dih.  Improper Dih.      CMAP Dih.
    1.57115e+03    5.68803e+03    9.55127e+03    2.82032e+02   -2.77299e+03
          LJ-14     Coulomb-14        LJ (SR)   Coulomb (SR)   Coul. recip.
    5.13136e+03    1.10611e+05    7.22125e+05   -5.34592e+06    1.62089e+04
      Potential Pressure (bar)   Constr. rmsd
   -4.47752e+06   -1.36312e+03    0.00000e+00

           Step           Time
           1180     1180.00000

   Energies (kJ/mol)
           Bond            U-B    Proper Dih.  Improper Dih.      CMAP Dih.
    1.61461e+03    5.68574e+03    9.55145e+03    2.82040e+02   -2.77320e+03
          LJ-14     Coulomb-14        LJ (SR)   Coulomb (SR)   Coul. recip.
    5.13056e+03    1.10622e+05    7.22216e+05   -5.34611e+06    1.62070e+04
      Potential Pressure (bar)   Constr. rmsd
   -4.47757e+06   -1.36318e+03    0.00000e+00

           Step           Time
           1181     1181.00000

   Energies (kJ/mol)
           Bond            U-B    Proper Dih.  Improper Dih.      CMAP Dih.
    1.62664e+03    5.69497e+03    9.55147e+03    2.81999e+02   -2.77315e+03
          LJ-14     Coulomb-14        LJ (SR)   Coulomb (SR)   Coul. recip.
    5.13132e+03    1.10608e+05    7.22286e+05   -5.34623e+06    1.62024e+04
      Potential Pressure (bar)   Constr. rmsd
   -4.47762e+06   -1.36322e+03    0.00000e+00

           Step           Time
           1182     1182.00000

   Energies (kJ/mol)
           Bond            U-B    Proper Dih.  Improper Dih.      CMAP Dih.
    1.70026e+03    5.69447e+03    9.55167e+03    2.82022e+02   -2.77341e+03
          LJ-14     Coulomb-14        LJ (SR)   Coulomb (SR)   Coul. recip.
    5.13023e+03    1.10625e+05    7.22378e+05   -5.34643e+06    1.62013e+04
      Potential Pressure (bar)   Constr. rmsd
   -4.47764e+06   -1.36327e+03    0.00000e+00

           Step           Time
           1183     1183.00000

   Energies (kJ/mol)
           Bond            U-B    Proper Dih.  Improper Dih.      CMAP Dih.
    1.74658e+03    5.70821e+03    9.55166e+03    2.81973e+02   -2.77329e+03
          LJ-14     Coulomb-14        LJ (SR)   Coulomb (SR)   Coul. recip.
    5.13137e+03    1.10604e+05    7.22446e+05   -5.34655e+06    1.61957e+04
      Potential Pressure (bar)   Constr. rmsd
   -4.47766e+06   -1.36332e+03    0.00000e+00

           Step           Time
           1184     1184.00000

           Step           Time
           1185     1185.00000

   Energies (kJ/mol)
           Bond            U-B    Proper Dih.  Improper Dih.      CMAP Dih.
    1.52996e+03    5.68039e+03    9.55173e+03    2.81985e+02   -2.77346e+03
          LJ-14     Coulomb-14        LJ (SR)   Coulomb (SR)   Coul. recip.
    5.13054e+03    1.10616e+05    7.22491e+05   -5.34666e+06    1.61955e+04
      Potential Pressure (bar)   Constr. rmsd
   -4.47795e+06   -1.36335e+03    0.00000e+00

           Step           Time
           1186     1186.00000

   Energies (kJ/mol)
           Bond            U-B    Proper Dih.  Improper Dih.      CMAP Dih.
    1.84049e+03    5.71937e+03    9.55224e+03    2.81907e+02   -2.77380e+03
          LJ-14     Coulomb-14        LJ (SR)   Coulomb (SR)   Coul. recip.
    5.13083e+03    1.10602e+05    7.22912e+05   -5.34748e+06    1.61775e+04
      Potential Pressure (bar)   Constr. rmsd
   -4.47804e+06   -1.36391e+03    0.00000e+00

           Step           Time
           1187     1187.00000

   Energies (kJ/mol)
           Bond            U-B    Proper Dih.  Improper Dih.      CMAP Dih.
    1.56594e+03    5.68171e+03    9.55234e+03    2.81908e+02   -2.77401e+03
          LJ-14     Coulomb-14        LJ (SR)   Coulomb (SR)   Coul. recip.
    5.12973e+03    1.10618e+05    7.22968e+05   -5.34761e+06    1.61775e+04
      Potential Pressure (bar)   Constr. rmsd
   -4.47841e+06   -1.36394e+03    0.00000e+00

           Step           Time
           1188     1188.00000

           Step           Time
           1189     1189.00000

   Energies (kJ/mol)
           Bond            U-B    Proper Dih.  Improper Dih.      CMAP Dih.
    1.59469e+03    5.69144e+03    9.55239e+03    2.81873e+02   -2.77400e+03
          LJ-14     Coulomb-14        LJ (SR)   Coulomb (SR)   Coul. recip.
    5.13029e+03    1.10608e+05    7.23051e+05   -5.34777e+06    1.61729e+04
      Potential Pressure (bar)   Constr. rmsd
   -4.47846e+06   -1.36439e+03    0.00000e+00

           Step           Time
           1190     1190.00000

   Energies (kJ/mol)
           Bond            U-B    Proper Dih.  Improper Dih.      CMAP Dih.
    1.60825e+03    5.68579e+03    9.55255e+03    2.81882e+02   -2.77421e+03
          LJ-14     Coulomb-14        LJ (SR)   Coulomb (SR)   Coul. recip.
    5.12945e+03    1.10620e+05    7.23131e+05   -5.34794e+06    1.61715e+04
      Potential Pressure (bar)   Constr. rmsd
   -4.47853e+06   -1.36444e+03    0.00000e+00

           Step           Time
           1191     1191.00000

   Energies (kJ/mol)
           Bond            U-B    Proper Dih.  Improper Dih.      CMAP Dih.
    1.66637e+03    5.69991e+03    9.55258e+03    2.81844e+02   -2.77415e+03
          LJ-14     Coulomb-14        LJ (SR)   Coulomb (SR)   Coul. recip.
    5.13027e+03    1.10605e+05    7.23209e+05   -5.34808e+06    1.61664e+04
      Potential Pressure (bar)   Constr. rmsd
   -4.47855e+06   -1.36449e+03    0.00000e+00

           Step           Time
           1192     1192.00000

   Energies (kJ/mol)
           Bond            U-B    Proper Dih.  Improper Dih.      CMAP Dih.
    1.69721e+03    5.69500e+03    9.55279e+03    2.81868e+02   -2.77441e+03
          LJ-14     Coulomb-14        LJ (SR)   Coulomb (SR)   Coul. recip.
    5.12911e+03    1.10622e+05    7.23293e+05   -5.34826e+06    1.61657e+04
      Potential Pressure (bar)   Constr. rmsd
   -4.47860e+06   -1.36454e+03    0.00000e+00

           Step           Time
           1193     1193.00000

           Step           Time
           1194     1194.00000

   Energies (kJ/mol)
           Bond            U-B    Proper Dih.  Improper Dih.      CMAP Dih.
    1.53032e+03    5.68250e+03    9.55275e+03    2.81833e+02   -2.77436e+03
          LJ-14     Coulomb-14        LJ (SR)   Coulomb (SR)   Coul. recip.
    5.12967e+03    1.10611e+05    7.23328e+05   -5.34833e+06    1.61626e+04
      Potential Pressure (bar)   Constr. rmsd
   -4.47882e+06   -1.36456e+03    0.00000e+00

           Step           Time
           1195     1195.00000

   Energies (kJ/mol)
           Bond            U-B    Proper Dih.  Improper Dih.      CMAP Dih.
    1.79247e+03    5.70367e+03    9.55326e+03    2.81809e+02   -2.77482e+03
          LJ-14     Coulomb-14        LJ (SR)   Coulomb (SR)   Coul. recip.
    5.12854e+03    1.10624e+05    7.23640e+05   -5.34896e+06    1.61528e+04
      Potential Pressure (bar)   Constr. rmsd
   -4.47886e+06   -1.36395e+03    0.00000e+00

           Step           Time
           1196     1196.00000

   Energies (kJ/mol)
           Bond            U-B    Proper Dih.  Improper Dih.      CMAP Dih.
    1.55566e+03    5.68674e+03    9.55318e+03    2.81764e+02   -2.77472e+03
          LJ-14     Coulomb-14        LJ (SR)   Coulomb (SR)   Coul. recip.
    5.12938e+03    1.10608e+05    7.23678e+05   -5.34902e+06    1.61488e+04
      Potential Pressure (bar)   Constr. rmsd
   -4.47916e+06   -1.36346e+03    0.00000e+00

           Step           Time
           1197     1197.00000

           Step           Time
           1198     1198.00000

   Energies (kJ/mol)
           Bond            U-B    Proper Dih.  Improper Dih.      CMAP Dih.
    1.58492e+03    5.68417e+03    9.55335e+03    2.81771e+02   -2.77491e+03
          LJ-14     Coulomb-14        LJ (SR)   Coulomb (SR)   Coul. recip.
    5.12873e+03    1.10617e+05    7.23765e+05   -5.34921e+06    1.61467e+04
      Potential Pressure (bar)   Constr. rmsd
   -4.47922e+06   -1.36351e+03    0.00000e+00

           Step           Time
           1199     1199.00000

   Energies (kJ/mol)
           Bond            U-B    Proper Dih.  Improper Dih.      CMAP Dih.
    1.59063e+03    5.69146e+03    9.55339e+03    2.81739e+02   -2.77488e+03
          LJ-14     Coulomb-14        LJ (SR)   Coulomb (SR)   Coul. recip.
    5.12932e+03    1.10606e+05    7.23835e+05   -5.34934e+06    1.61425e+04
      Potential Pressure (bar)   Constr. rmsd
   -4.47928e+06   -1.36356e+03    0.00000e+00

           Step           Time
           1200     1200.00000

   Energies (kJ/mol)
           Bond            U-B    Proper Dih.  Improper Dih.      CMAP Dih.
    1.64074e+03    5.68940e+03    9.55357e+03    2.81750e+02   -2.77510e+03
          LJ-14     Coulomb-14        LJ (SR)   Coulomb (SR)   Coul. recip.
    5.12842e+03    1.10619e+05    7.23924e+05   -5.34952e+06    1.61411e+04
      Potential Pressure (bar)   Constr. rmsd
   -4.47932e+06   -1.36361e+03    0.00000e+00

           Step           Time
           1201     1201.00000

   Energies (kJ/mol)
           Bond            U-B    Proper Dih.  Improper Dih.      CMAP Dih.
    1.66599e+03    5.70035e+03    9.55358e+03    2.81707e+02   -2.77502e+03
          LJ-14     Coulomb-14        LJ (SR)   Coulomb (SR)   Coul. recip.
    5.12931e+03    1.10603e+05    7.23992e+05   -5.34965e+06    1.61362e+04
      Potential Pressure (bar)   Constr. rmsd
   -4.47936e+06   -1.36366e+03    0.00000e+00

           Step           Time
           1202     1202.00000

   Energies (kJ/mol)
           Bond            U-B    Proper Dih.  Improper Dih.      CMAP Dih.
    1.75174e+03    5.70131e+03    9.55382e+03    2.81737e+02   -2.77531e+03
          LJ-14     Coulomb-14        LJ (SR)   Coulomb (SR)   Coul. recip.
    5.12808e+03    1.10622e+05    7.24083e+05   -5.34984e+06    1.61355e+04
      Potential Pressure (bar)   Constr. rmsd
   -4.47936e+06   -1.36371e+03    0.00000e+00

           Step           Time
           1203     1203.00000

           Step           Time
           1204     1204.00000

   Energies (kJ/mol)
           Bond            U-B    Proper Dih.  Improper Dih.      CMAP Dih.
    1.52872e+03    5.68252e+03    9.55374e+03    2.81695e+02   -2.77523e+03
          LJ-14     Coulomb-14        LJ (SR)   Coulomb (SR)   Coul. recip.
    5.12868e+03    1.10610e+05    7.24114e+05   -5.34990e+06    1.61324e+04
      Potential Pressure (bar)   Constr. rmsd
   -4.47964e+06   -1.36373e+03    0.00000e+00

           Step           Time
           1205     1205.00000

   Energies (kJ/mol)
           Bond            U-B    Proper Dih.  Improper Dih.      CMAP Dih.
    1.87983e+03    5.71178e+03    9.55458e+03    2.81651e+02   -2.77596e+03
          LJ-14     Coulomb-14        LJ (SR)   Coulomb (SR)   Coul. recip.
    5.12721e+03    1.10624e+05    7.24642e+05   -5.35096e+06    1.61146e+04
      Potential Pressure (bar)   Constr. rmsd
   -4.47980e+06   -1.36447e+03    0.00000e+00

           Step           Time
           1206     1206.00000

   Energies (kJ/mol)
           Bond            U-B    Proper Dih.  Improper Dih.      CMAP Dih.
    1.54929e+03    5.68632e+03    9.55446e+03    2.81593e+02   -2.77583e+03
          LJ-14     Coulomb-14        LJ (SR)   Coulomb (SR)   Coul. recip.
    5.12813e+03    1.10607e+05    7.24674e+05   -5.35102e+06    1.61105e+04
      Potential Pressure (bar)   Constr. rmsd
   -4.48020e+06   -1.36449e+03    0.00000e+00

           Step           Time
           1207     1207.00000

           Step           Time
           1208     1208.00000

   Energies (kJ/mol)
           Bond            U-B    Proper Dih.  Improper Dih.      CMAP Dih.
    1.61309e+03    5.68687e+03    9.55465e+03    2.81593e+02   -2.77604e+03
          LJ-14     Coulomb-14        LJ (SR)   Coulomb (SR)   Coul. recip.
    5.12744e+03    1.10616e+05    7.24779e+05   -5.35123e+06    1.61080e+04
      Potential Pressure (bar)   Constr. rmsd
   -4.48024e+06   -1.36455e+03    0.00000e+00

           Step           Time
           1209     1209.00000

   Energies (kJ/mol)
           Bond            U-B    Proper Dih.  Improper Dih.      CMAP Dih.
    1.58531e+03    5.69141e+03    9.55465e+03    2.81557e+02   -2.77598e+03
          LJ-14     Coulomb-14        LJ (SR)   Coulomb (SR)   Coul. recip.
    5.12808e+03    1.10604e+05    7.24839e+05   -5.35134e+06    1.61040e+04
      Potential Pressure (bar)   Constr. rmsd
   -4.48033e+06   -1.36459e+03    0.00000e+00

           Step           Time
           1210     1210.00000

           Step           Time
           1211     1211.00000

   Energies (kJ/mol)
           Bond            U-B    Proper Dih.  Improper Dih.      CMAP Dih.
    1.53450e+03    5.68168e+03    9.55474e+03    2.81557e+02   -2.77611e+03
          LJ-14     Coulomb-14        LJ (SR)   Coulomb (SR)   Coul. recip.
    5.12759e+03    1.10611e+05    7.24888e+05   -5.35145e+06    1.61030e+04
      Potential Pressure (bar)   Constr. rmsd
   -4.48044e+06   -1.36462e+03    0.00000e+00

           Step           Time
           1212     1212.00000

   Energies (kJ/mol)
           Bond            U-B    Proper Dih.  Improper Dih.      CMAP Dih.
    1.61871e+03    5.69563e+03    9.55496e+03    2.81505e+02   -2.77623e+03
          LJ-14     Coulomb-14        LJ (SR)   Coulomb (SR)   Coul. recip.
    5.12788e+03    1.10602e+05    7.25078e+05   -5.35182e+06    1.60947e+04
      Potential Pressure (bar)   Constr. rmsd
   -4.48054e+06   -1.36474e+03    0.00000e+00

           Step           Time
           1213     1213.00000

   Energies (kJ/mol)
           Bond            U-B    Proper Dih.  Improper Dih.      CMAP Dih.
    1.55276e+03    5.68262e+03    9.55508e+03    2.81515e+02   -2.77640e+03
          LJ-14     Coulomb-14        LJ (SR)   Coulomb (SR)   Coul. recip.
    5.12719e+03    1.10612e+05    7.25135e+05   -5.35194e+06    1.60938e+04
      Potential Pressure (bar)   Constr. rmsd
   -4.48068e+06   -1.36477e+03    0.00000e+00

           Step           Time
           1214     1214.00000

           Step           Time
           1215     1215.00000

   Energies (kJ/mol)
           Bond            U-B    Proper Dih.  Improper Dih.      CMAP Dih.
    1.54237e+03    5.68552e+03    9.55512e+03    2.81489e+02   -2.77641e+03
          LJ-14     Coulomb-14        LJ (SR)   Coulomb (SR)   Coul. recip.
    5.12749e+03    1.10606e+05    7.25197e+05   -5.35206e+06    1.60905e+04
      Potential Pressure (bar)   Constr. rmsd
   -4.48075e+06   -1.36481e+03    0.00000e+00

           Step           Time
           1216     1216.00000

   Energies (kJ/mol)
           Bond            U-B    Proper Dih.  Improper Dih.      CMAP Dih.
    1.57322e+03    5.68411e+03    9.55528e+03    2.81488e+02   -2.77658e+03
          LJ-14     Coulomb-14        LJ (SR)   Coulomb (SR)   Coul. recip.
    5.12694e+03    1.10613e+05    7.25292e+05   -5.35226e+06    1.60880e+04
      Potential Pressure (bar)   Constr. rmsd
   -4.48082e+06   -1.36487e+03    0.00000e+00

           Step           Time
           1217     1217.00000

   Energies (kJ/mol)
           Bond            U-B    Proper Dih.  Improper Dih.      CMAP Dih.
    1.56230e+03    5.68855e+03    9.55531e+03    2.81456e+02   -2.77656e+03
          LJ-14     Coulomb-14        LJ (SR)   Coulomb (SR)   Coul. recip.
    5.12740e+03    1.10604e+05    7.25356e+05   -5.35238e+06    1.60843e+04
      Potential Pressure (bar)   Constr. rmsd
   -4.48089e+06   -1.36491e+03    0.00000e+00

           Step           Time
           1218     1218.00000

   Energies (kJ/mol)
           Bond            U-B    Proper Dih.  Improper Dih.      CMAP Dih.
    1.61242e+03    5.68754e+03    9.55550e+03    2.81461e+02   -2.77677e+03
          LJ-14     Coulomb-14        LJ (SR)   Coulomb (SR)   Coul. recip.
    5.12664e+03    1.10614e+05    7.25448e+05   -5.35257e+06    1.60822e+04
      Potential Pressure (bar)   Constr. rmsd
   -4.48094e+06   -1.36496e+03    0.00000e+00

           Step           Time
           1219     1219.00000

   Energies (kJ/mol)
           Bond            U-B    Proper Dih.  Improper Dih.      CMAP Dih.
    1.60691e+03    5.69435e+03    9.55551e+03    2.81423e+02   -2.77672e+03
          LJ-14     Coulomb-14        LJ (SR)   Coulomb (SR)   Coul. recip.
    5.12735e+03    1.10601e+05    7.25512e+05   -5.35268e+06    1.60780e+04
      Potential Pressure (bar)   Constr. rmsd
   -4.48100e+06   -1.36501e+03    0.00000e+00

           Step           Time
           1220     1220.00000

   Energies (kJ/mol)
           Bond            U-B    Proper Dih.  Improper Dih.      CMAP Dih.
    1.68890e+03    5.69522e+03    9.55574e+03    2.81446e+02   -2.77697e+03
          LJ-14     Coulomb-14        LJ (SR)   Coulomb (SR)   Coul. recip.
    5.12633e+03    1.10616e+05    7.25604e+05   -5.35288e+06    1.60768e+04
      Potential Pressure (bar)   Constr. rmsd
   -4.48101e+06   -1.36506e+03    0.00000e+00

           Step           Time
           1221     1221.00000

   Energies (kJ/mol)
           Bond            U-B    Proper Dih.  Improper Dih.      CMAP Dih.
    1.70510e+03    5.70553e+03    9.55573e+03    2.81396e+02   -2.77686e+03
          LJ-14     Coulomb-14        LJ (SR)   Coulomb (SR)   Coul. recip.
    5.12737e+03    1.10598e+05    7.25667e+05   -5.35299e+06    1.60717e+04
      Potential Pressure (bar)   Constr. rmsd
   -4.48106e+06   -1.36510e+03    0.00000e+00

           Step           Time
           1222     1222.00000

           Step           Time
           1223     1223.00000

   Energies (kJ/mol)
           Bond            U-B    Proper Dih.  Improper Dih.      CMAP Dih.
    1.53421e+03    5.68252e+03    9.55582e+03    2.81408e+02   -2.77702e+03
          LJ-14     Coulomb-14        LJ (SR)   Coulomb (SR)   Coul. recip.
    5.12662e+03    1.10609e+05    7.25712e+05   -5.35309e+06    1.60714e+04
      Potential Pressure (bar)   Constr. rmsd
   -4.48130e+06   -1.36513e+03    0.00000e+00

           Step           Time
           1224     1224.00000

   Energies (kJ/mol)
           Bond            U-B    Proper Dih.  Improper Dih.      CMAP Dih.
    1.78734e+03    5.71502e+03    9.55620e+03    2.81327e+02   -2.77724e+03
          LJ-14     Coulomb-14        LJ (SR)   Coulomb (SR)   Coul. recip.
    5.12700e+03    1.10595e+05    7.26030e+05   -5.35371e+06    1.60576e+04
      Potential Pressure (bar)   Constr. rmsd
   -4.48134e+06   -1.36533e+03    0.00000e+00

           Step           Time
           1225     1225.00000

   Energies (kJ/mol)
           Bond            U-B    Proper Dih.  Improper Dih.      CMAP Dih.
    1.56735e+03    5.68407e+03    9.55632e+03    2.81339e+02   -2.77745e+03
          LJ-14     Coulomb-14        LJ (SR)   Coulomb (SR)   Coul. recip.
    5.12598e+03    1.10611e+05    7.26084e+05   -5.35384e+06    1.60576e+04
      Potential Pressure (bar)   Constr. rmsd
   -4.48165e+06   -1.36535e+03    0.00000e+00

           Step           Time
           1226     1226.00000

           Step           Time
           1227     1227.00000

   Energies (kJ/mol)
           Bond            U-B    Proper Dih.  Improper Dih.      CMAP Dih.
    1.58177e+03    5.69151e+03    9.55639e+03    2.81308e+02   -2.77745e+03
          LJ-14     Coulomb-14        LJ (SR)   Coulomb (SR)   Coul. recip.
    5.12648e+03    1.10601e+05    7.26158e+05   -5.35398e+06    1.60534e+04
      Potential Pressure (bar)   Constr. rmsd
   -4.48170e+06   -1.36540e+03    0.00000e+00

           Step           Time
           1228     1228.00000

   Energies (kJ/mol)
           Bond            U-B    Proper Dih.  Improper Dih.      CMAP Dih.
    1.60644e+03    5.68759e+03    9.55657e+03    2.81318e+02   -2.77764e+03
          LJ-14     Coulomb-14        LJ (SR)   Coulomb (SR)   Coul. recip.
    5.12571e+03    1.10612e+05    7.26239e+05   -5.35415e+06    1.60520e+04
      Potential Pressure (bar)   Constr. rmsd
   -4.48176e+06   -1.36545e+03    0.00000e+00

           Step           Time
           1229     1229.00000

   Energies (kJ/mol)
           Bond            U-B    Proper Dih.  Improper Dih.      CMAP Dih.
    1.64001e+03    5.69860e+03    9.55658e+03    2.81275e+02   -2.77759e+03
          LJ-14     Coulomb-14        LJ (SR)   Coulomb (SR)   Coul. recip.
    5.12647e+03    1.10598e+05    7.26310e+05   -5.35428e+06    1.60473e+04
      Potential Pressure (bar)   Constr. rmsd
   -4.48180e+06   -1.36550e+03    0.00000e+00

           Step           Time
           1230     1230.00000

   Energies (kJ/mol)
           Bond            U-B    Proper Dih.  Improper Dih.      CMAP Dih.
    1.68624e+03    5.69568e+03    9.55679e+03    2.81298e+02   -2.77784e+03
          LJ-14     Coulomb-14        LJ (SR)   Coulomb (SR)   Coul. recip.
    5.12539e+03    1.10614e+05    7.26394e+05   -5.35446e+06    1.60464e+04
      Potential Pressure (bar)   Constr. rmsd
   -4.48183e+06   -1.36554e+03    0.00000e+00

           Step           Time
           1231     1231.00000

           Step           Time
           1232     1232.00000

   Energies (kJ/mol)
           Bond            U-B    Proper Dih.  Improper Dih.      CMAP Dih.
    1.53134e+03    5.68410e+03    9.55676e+03    2.81264e+02   -2.77778e+03
          LJ-14     Coulomb-14        LJ (SR)   Coulomb (SR)   Coul. recip.
    5.12591e+03    1.10604e+05    7.26426e+05   -5.35452e+06    1.60436e+04
      Potential Pressure (bar)   Constr. rmsd
   -4.48204e+06   -1.36557e+03    0.00000e+00

           Step           Time
           1233     1233.00000

   Energies (kJ/mol)
           Bond            U-B    Proper Dih.  Improper Dih.      CMAP Dih.
    1.77269e+03    5.70315e+03    9.55736e+03    2.81226e+02   -2.77831e+03
          LJ-14     Coulomb-14        LJ (SR)   Coulomb (SR)   Coul. recip.
    5.12476e+03    1.10616e+05    7.26802e+05   -5.35527e+06    1.60313e+04
      Potential Pressure (bar)   Constr. rmsd
   -4.48216e+06   -1.36579e+03    0.00000e+00

           Step           Time
           1234     1234.00000

   Energies (kJ/mol)
           Bond            U-B    Proper Dih.  Improper Dih.      CMAP Dih.
    1.54985e+03    5.68749e+03    9.55727e+03    2.81176e+02   -2.77821e+03
          LJ-14     Coulomb-14        LJ (SR)   Coulomb (SR)   Coul. recip.
    5.12555e+03    1.10601e+05    7.26837e+05   -5.35533e+06    1.60277e+04
      Potential Pressure (bar)   Constr. rmsd
   -4.48244e+06   -1.36582e+03    0.00000e+00

           Step           Time
           1235     1235.00000

           Step           Time
           1236     1236.00000

   Energies (kJ/mol)
           Bond            U-B    Proper Dih.  Improper Dih.      CMAP Dih.
    1.58633e+03    5.68609e+03    9.55746e+03    2.81185e+02   -2.77839e+03
          LJ-14     Coulomb-14        LJ (SR)   Coulomb (SR)   Coul. recip.
    5.12494e+03    1.10609e+05    7.26928e+05   -5.35552e+06    1.60255e+04
      Potential Pressure (bar)   Constr. rmsd
   -4.48250e+06   -1.36587e+03    0.00000e+00

           Step           Time
           1237     1237.00000

   Energies (kJ/mol)
           Bond            U-B    Proper Dih.  Improper Dih.      CMAP Dih.
    1.57783e+03    5.69150e+03    9.55748e+03    2.81146e+02   -2.77836e+03
          LJ-14     Coulomb-14        LJ (SR)   Coulomb (SR)   Coul. recip.
    5.12548e+03    1.10599e+05    7.26992e+05   -5.35564e+06    1.60216e+04
      Potential Pressure (bar)   Constr. rmsd
   -4.48257e+06   -1.36591e+03    0.00000e+00

           Step           Time
           1238     1238.00000

   Energies (kJ/mol)
           Bond            U-B    Proper Dih.  Improper Dih.      CMAP Dih.
    1.63665e+03    5.69083e+03    9.55767e+03    2.81162e+02   -2.77858e+03
          LJ-14     Coulomb-14        LJ (SR)   Coulomb (SR)   Coul. recip.
    5.12465e+03    1.10611e+05    7.27081e+05   -5.35582e+06    1.60200e+04
      Potential Pressure (bar)   Constr. rmsd
   -4.48260e+06   -1.36596e+03    0.00000e+00

           Step           Time
           1239     1239.00000

   Energies (kJ/mol)
           Bond            U-B    Proper Dih.  Improper Dih.      CMAP Dih.
    1.63911e+03    5.69901e+03    9.55768e+03    2.81116e+02   -2.77850e+03
          LJ-14     Coulomb-14        LJ (SR)   Coulomb (SR)   Coul. recip.
    5.12547e+03    1.10596e+05    7.27144e+05   -5.35594e+06    1.60156e+04
      Potential Pressure (bar)   Constr. rmsd
   -4.48266e+06   -1.36601e+03    0.00000e+00

           Step           Time
           1240     1240.00000

           Step           Time
           1241     1241.00000

   Energies (kJ/mol)
           Bond            U-B    Proper Dih.  Improper Dih.      CMAP Dih.
    1.53443e+03    5.68335e+03    9.55777e+03    2.81125e+02   -2.77864e+03
          LJ-14     Coulomb-14        LJ (SR)   Coulomb (SR)   Coul. recip.
    5.12486e+03    1.10605e+05    7.27188e+05   -5.35603e+06    1.60150e+04
      Potential Pressure (bar)   Constr. rmsd
   -4.48282e+06   -1.36603e+03    0.00000e+00

           Step           Time
           1242     1242.00000

   Energies (kJ/mol)
           Bond            U-B    Proper Dih.  Improper Dih.      CMAP Dih.
    1.69235e+03    5.70539e+03    9.55812e+03    2.81039e+02   -2.77884e+03
          LJ-14     Coulomb-14        LJ (SR)   Coulomb (SR)   Coul. recip.
    5.12515e+03    1.10594e+05    7.27478e+05   -5.35660e+06    1.60027e+04
      Potential Pressure (bar)   Constr. rmsd
   -4.48294e+06   -1.36589e+03    0.00000e+00

           Step           Time
           1243     1243.00000

   Energies (kJ/mol)
           Bond            U-B    Proper Dih.  Improper Dih.      CMAP Dih.
    1.55677e+03    5.68430e+03    9.55824e+03    2.81049e+02   -2.77903e+03
          LJ-14     Coulomb-14        LJ (SR)   Coulomb (SR)   Coul. recip.
    5.12432e+03    1.10606e+05    7.27530e+05   -5.35672e+06    1.60023e+04
      Potential Pressure (bar)   Constr. rmsd
   -4.48315e+06   -1.36592e+03    0.00000e+00

           Step           Time
           1244     1244.00000

           Step           Time
           1245     1245.00000

   Energies (kJ/mol)
           Bond            U-B    Proper Dih.  Improper Dih.      CMAP Dih.
    1.56224e+03    5.68969e+03    9.55830e+03    2.81023e+02   -2.77904e+03
          LJ-14     Coulomb-14        LJ (SR)   Coulomb (SR)   Coul. recip.
    5.12470e+03    1.10599e+05    7.27602e+05   -5.35686e+06    1.59985e+04
      Potential Pressure (bar)   Constr. rmsd
   -4.48322e+06   -1.36597e+03    0.00000e+00

           Step           Time
           1246     1246.00000

   Energies (kJ/mol)
           Bond            U-B    Proper Dih.  Improper Dih.      CMAP Dih.
    1.58300e+03    5.68642e+03    9.55846e+03    2.81029e+02   -2.77921e+03
          LJ-14     Coulomb-14        LJ (SR)   Coulomb (SR)   Coul. recip.
    5.12406e+03    1.10607e+05    7.27682e+05   -5.35702e+06    1.59968e+04
      Potential Pressure (bar)   Constr. rmsd
   -4.48328e+06   -1.36601e+03    0.00000e+00

           Step           Time
           1247     1247.00000

   Energies (kJ/mol)
           Bond            U-B    Proper Dih.  Improper Dih.      CMAP Dih.
    1.59837e+03    5.69445e+03    9.55849e+03    2.80992e+02   -2.77918e+03
          LJ-14     Coulomb-14        LJ (SR)   Coulomb (SR)   Coul. recip.
    5.12465e+03    1.10596e+05    7.27752e+05   -5.35715e+06    1.59926e+04
      Potential Pressure (bar)   Constr. rmsd
   -4.48333e+06   -1.36606e+03    0.00000e+00

           Step           Time
           1248     1248.00000

   Energies (kJ/mol)
           Bond            U-B    Proper Dih.  Improper Dih.      CMAP Dih.
    1.63599e+03    5.69139e+03    9.55868e+03    2.81007e+02   -2.77940e+03
          LJ-14     Coulomb-14        LJ (SR)   Coulomb (SR)   Coul. recip.
    5.12377e+03    1.10609e+05    7.27833e+05   -5.35732e+06    1.59913e+04
      Potential Pressure (bar)   Constr. rmsd
   -4.48338e+06   -1.36610e+03    0.00000e+00

           Step           Time
           1249     1249.00000

   Energies (kJ/mol)
           Bond            U-B    Proper Dih.  Improper Dih.      CMAP Dih.
    1.67513e+03    5.70338e+03    9.55869e+03    2.80960e+02   -2.77931e+03
          LJ-14     Coulomb-14        LJ (SR)   Coulomb (SR)   Coul. recip.
    5.12465e+03    1.10593e+05    7.27901e+05   -5.35744e+06    1.59866e+04
      Potential Pressure (bar)   Constr. rmsd
   -4.48340e+06   -1.36615e+03    0.00000e+00

           Step           Time
           1250     1250.00000

   Energies (kJ/mol)
           Bond            U-B    Proper Dih.  Improper Dih.      CMAP Dih.
    1.74255e+03    5.70280e+03    9.55894e+03    2.80996e+02   -2.77959e+03
          LJ-14     Coulomb-14        LJ (SR)   Coulomb (SR)   Coul. recip.
    5.12344e+03    1.10612e+05    7.27985e+05   -5.35762e+06    1.59861e+04
      Potential Pressure (bar)   Constr. rmsd
   -4.48341e+06   -1.36584e+03    0.00000e+00

           Step           Time
           1251     1251.00000

           Step           Time
           1252     1252.00000

   Energies (kJ/mol)
           Bond            U-B    Proper Dih.  Improper Dih.      CMAP Dih.
    1.53301e+03    5.68530e+03    9.55886e+03    2.80954e+02   -2.77952e+03
          LJ-14     Coulomb-14        LJ (SR)   Coulomb (SR)   Coul. recip.
    5.12405e+03    1.10600e+05    7.28015e+05   -5.35768e+06    1.59831e+04
      Potential Pressure (bar)   Constr. rmsd
   -4.48368e+06   -1.36587e+03    0.00000e+00

           Step           Time
           1253     1253.00000

   Energies (kJ/mol)
           Bond            U-B    Proper Dih.  Improper Dih.      CMAP Dih.
    1.86103e+03    5.71301e+03    9.55956e+03    2.80917e+02   -2.78009e+03
          LJ-14     Coulomb-14        LJ (SR)   Coulomb (SR)   Coul. recip.
    5.12275e+03    1.10614e+05    7.28421e+05   -5.35849e+06    1.59700e+04
      Potential Pressure (bar)   Constr. rmsd
   -4.48373e+06   -1.36611e+03    0.00000e+00

           Step           Time
           1254     1254.00000

   Energies (kJ/mol)
           Bond            U-B    Proper Dih.  Improper Dih.      CMAP Dih.
    1.55642e+03    5.68937e+03    9.55945e+03    2.80859e+02   -2.77996e+03
          LJ-14     Coulomb-14        LJ (SR)   Coulomb (SR)   Coul. recip.
    5.12366e+03    1.10597e+05    7.28453e+05   -5.35855e+06    1.59663e+04
      Potential Pressure (bar)   Constr. rmsd
   -4.48410e+06   -1.36613e+03    0.00000e+00

           Step           Time
           1255     1255.00000

           Step           Time
           1256     1256.00000

   Energies (kJ/mol)
           Bond            U-B    Proper Dih.  Improper Dih.      CMAP Dih.
    1.60847e+03    5.68895e+03    9.55964e+03    2.80865e+02   -2.78016e+03
          LJ-14     Coulomb-14        LJ (SR)   Coulomb (SR)   Coul. recip.
    5.12297e+03    1.10606e+05    7.28547e+05   -5.35874e+06    1.59640e+04
      Potential Pressure (bar)   Constr. rmsd
   -4.48414e+06   -1.36619e+03    0.00000e+00

           Step           Time
           1257     1257.00000

   Energies (kJ/mol)
           Bond            U-B    Proper Dih.  Improper Dih.      CMAP Dih.
    1.59345e+03    5.69442e+03    9.55964e+03    2.80824e+02   -2.78010e+03
          LJ-14     Coulomb-14        LJ (SR)   Coulomb (SR)   Coul. recip.
    5.12363e+03    1.10595e+05    7.28606e+05   -5.35885e+06    1.59602e+04
      Potential Pressure (bar)   Constr. rmsd
   -4.48422e+06   -1.36623e+03    0.00000e+00

           Step           Time
           1258     1258.00000

   Energies (kJ/mol)
           Bond            U-B    Proper Dih.  Improper Dih.      CMAP Dih.
    1.67564e+03    5.69570e+03    9.55988e+03    2.80841e+02   -2.78034e+03
          LJ-14     Coulomb-14        LJ (SR)   Coulomb (SR)   Coul. recip.
    5.12269e+03    1.10608e+05    7.28697e+05   -5.35904e+06    1.59587e+04
      Potential Pressure (bar)   Constr. rmsd
   -4.48422e+06   -1.36628e+03    0.00000e+00

           Step           Time
           1259     1259.00000

   Energies (kJ/mol)
           Bond            U-B    Proper Dih.  Improper Dih.      CMAP Dih.
    1.67481e+03    5.70394e+03    9.55986e+03    2.80789e+02   -2.78023e+03
          LJ-14     Coulomb-14        LJ (SR)   Coulomb (SR)   Coul. recip.
    5.12365e+03    1.10591e+05    7.28756e+05   -5.35914e+06    1.59541e+04
      Potential Pressure (bar)   Constr. rmsd
   -4.48428e+06   -1.36632e+03    0.00000e+00

           Step           Time
           1260     1260.00000

           Step           Time
           1261     1261.00000

   Energies (kJ/mol)
           Bond            U-B    Proper Dih.  Improper Dih.      CMAP Dih.
    1.53762e+03    5.68458e+03    9.55996e+03    2.80801e+02   -2.78039e+03
          LJ-14     Coulomb-14        LJ (SR)   Coulomb (SR)   Coul. recip.
    5.12296e+03    1.10601e+05    7.28800e+05   -5.35924e+06    1.59537e+04
      Potential Pressure (bar)   Constr. rmsd
   -4.48448e+06   -1.36634e+03    0.00000e+00

           Step           Time
           1262     1262.00000

   Energies (kJ/mol)
           Bond            U-B    Proper Dih.  Improper Dih.      CMAP Dih.
    1.74533e+03    5.71206e+03    9.56030e+03    2.80724e+02   -2.78055e+03
          LJ-14     Coulomb-14        LJ (SR)   Coulomb (SR)   Coul. recip.
    5.12337e+03    1.10589e+05    7.29065e+05   -5.35976e+06    1.59424e+04
      Potential Pressure (bar)   Constr. rmsd
   -4.48452e+06   -1.36651e+03    0.00000e+00

           Step           Time
           1263     1263.00000

   Energies (kJ/mol)
           Bond            U-B    Proper Dih.  Improper Dih.      CMAP Dih.
    1.56770e+03    5.68610e+03    9.56041e+03    2.80738e+02   -2.78075e+03
          LJ-14     Coulomb-14        LJ (SR)   Coulomb (SR)   Coul. recip.
    5.12243e+03    1.10603e+05    7.29118e+05   -5.35988e+06    1.59423e+04
      Potential Pressure (bar)   Constr. rmsd
   -4.48478e+06   -1.36654e+03    0.00000e+00

           Step           Time
           1264     1264.00000

           Step           Time
           1265     1265.00000

   Energies (kJ/mol)
           Bond            U-B    Proper Dih.  Improper Dih.      CMAP Dih.
    1.57318e+03    5.69203e+03    9.56046e+03    2.80702e+02   -2.78074e+03
          LJ-14     Coulomb-14        LJ (SR)   Coulomb (SR)   Coul. recip.
    5.12289e+03    1.10594e+05    7.29186e+05   -5.36000e+06    1.59384e+04
      Potential Pressure (bar)   Constr. rmsd
   -4.48484e+06   -1.36658e+03    0.00000e+00

           Step           Time
           1266     1266.00000

   Energies (kJ/mol)
           Bond            U-B    Proper Dih.  Improper Dih.      CMAP Dih.
    1.60295e+03    5.68915e+03    9.56063e+03    2.80715e+02   -2.78092e+03
          LJ-14     Coulomb-14        LJ (SR)   Coulomb (SR)   Coul. recip.
    5.12216e+03    1.10604e+05    7.29266e+05   -5.36017e+06    1.59368e+04
      Potential Pressure (bar)   Constr. rmsd
   -4.48489e+06   -1.36662e+03    0.00000e+00

           Step           Time
           1267     1267.00000

   Energies (kJ/mol)
           Bond            U-B    Proper Dih.  Improper Dih.      CMAP Dih.
    1.62101e+03    5.69805e+03    9.56065e+03    2.80669e+02   -2.78087e+03
          LJ-14     Coulomb-14        LJ (SR)   Coulomb (SR)   Coul. recip.
    5.12285e+03    1.10592e+05    7.29333e+05   -5.36029e+06    1.59326e+04
      Potential Pressure (bar)   Constr. rmsd
   -4.48493e+06   -1.36667e+03    0.00000e+00

           Step           Time
           1268     1268.00000

   Energies (kJ/mol)
           Bond            U-B    Proper Dih.  Improper Dih.      CMAP Dih.
    1.67366e+03    5.69619e+03    9.56087e+03    2.80696e+02   -2.78111e+03
          LJ-14     Coulomb-14        LJ (SR)   Coulomb (SR)   Coul. recip.
    5.12185e+03    1.10606e+05    7.29414e+05   -5.36047e+06    1.59317e+04
      Potential Pressure (bar)   Constr. rmsd
   -4.48496e+06   -1.36630e+03    0.00000e+00

           Step           Time
           1269     1269.00000

   Energies (kJ/mol)
           Bond            U-B    Proper Dih.  Improper Dih.      CMAP Dih.
    1.72326e+03    5.70945e+03    9.56085e+03    2.80636e+02   -2.78099e+03
          LJ-14     Coulomb-14        LJ (SR)   Coulomb (SR)   Coul. recip.
    5.12289e+03    1.10588e+05    7.29479e+05   -5.36058e+06    1.59268e+04
      Potential Pressure (bar)   Constr. rmsd
   -4.48497e+06   -1.36635e+03    0.00000e+00

           Step           Time
           1270     1270.00000

           Step           Time
           1271     1271.00000

   Energies (kJ/mol)
           Bond            U-B    Proper Dih.  Improper Dih.      CMAP Dih.
    1.53501e+03    5.68514e+03    9.56094e+03    2.80652e+02   -2.78115e+03
          LJ-14     Coulomb-14        LJ (SR)   Coulomb (SR)   Coul. recip.
    5.12214e+03    1.10599e+05    7.29520e+05   -5.36067e+06    1.59265e+04
      Potential Pressure (bar)   Constr. rmsd
   -4.48522e+06   -1.36637e+03    0.00000e+00

           Step           Time
           1272     1272.00000

   Energies (kJ/mol)
           Bond            U-B    Proper Dih.  Improper Dih.      CMAP Dih.
    1.80152e+03    5.71894e+03    9.56156e+03    2.80531e+02   -2.78150e+03
          LJ-14     Coulomb-14        LJ (SR)   Coulomb (SR)   Coul. recip.
    5.12235e+03    1.10586e+05    7.29970e+05   -5.36155e+06    1.59081e+04
      Potential Pressure (bar)   Constr. rmsd
   -4.48538e+06   -1.36665e+03    0.00000e+00

           Step           Time
           1273     1273.00000

   Energies (kJ/mol)
           Bond            U-B    Proper Dih.  Improper Dih.      CMAP Dih.
    1.56435e+03    5.68599e+03    9.56167e+03    2.80544e+02   -2.78170e+03
          LJ-14     Coulomb-14        LJ (SR)   Coulomb (SR)   Coul. recip.
    5.12136e+03    1.10601e+05    7.30020e+05   -5.36167e+06    1.59081e+04
      Potential Pressure (bar)   Constr. rmsd
   -4.48571e+06   -1.36667e+03    0.00000e+00

           Step           Time
           1274     1274.00000

           Step           Time
           1275     1275.00000

   Energies (kJ/mol)
           Bond            U-B    Proper Dih.  Improper Dih.      CMAP Dih.
    1.59289e+03    5.69495e+03    9.56172e+03    2.80507e+02   -2.78169e+03
          LJ-14     Coulomb-14        LJ (SR)   Coulomb (SR)   Coul. recip.
    5.12188e+03    1.10591e+05    7.30099e+05   -5.36182e+06    1.59039e+04
      Potential Pressure (bar)   Constr. rmsd
   -4.48575e+06   -1.36672e+03    0.00000e+00

           Step           Time
           1276     1276.00000

   Energies (kJ/mol)
           Bond            U-B    Proper Dih.  Improper Dih.      CMAP Dih.
    1.59881e+03    5.68935e+03    9.56189e+03    2.80518e+02   -2.78187e+03
          LJ-14     Coulomb-14        LJ (SR)   Coulomb (SR)   Coul. recip.
    5.12112e+03    1.10602e+05    7.30170e+05   -5.36197e+06    1.59027e+04
      Potential Pressure (bar)   Constr. rmsd
   -4.48582e+06   -1.36676e+03    0.00000e+00

           Step           Time
           1277     1277.00000

   Energies (kJ/mol)
           Bond            U-B    Proper Dih.  Improper Dih.      CMAP Dih.
    1.65439e+03    5.70225e+03    9.56193e+03    2.80470e+02   -2.78182e+03
          LJ-14     Coulomb-14        LJ (SR)   Coulomb (SR)   Coul. recip.
    5.12186e+03    1.10589e+05    7.30244e+05   -5.36210e+06    1.58982e+04
      Potential Pressure (bar)   Constr. rmsd
   -4.48583e+06   -1.36681e+03    0.00000e+00

           Step           Time
           1278     1278.00000

   Energies (kJ/mol)
           Bond            U-B    Proper Dih.  Improper Dih.      CMAP Dih.
    1.67257e+03    5.69685e+03    9.56215e+03    2.80499e+02   -2.78205e+03
          LJ-14     Coulomb-14        LJ (SR)   Coulomb (SR)   Coul. recip.
    5.12081e+03    1.10604e+05    7.30319e+05   -5.36226e+06    1.58976e+04
      Potential Pressure (bar)   Constr. rmsd
   -4.48589e+06   -1.36685e+03    0.00000e+00

           Step           Time
           1279     1279.00000

           Step           Time
           1280     1280.00000

   Energies (kJ/mol)
           Bond            U-B    Proper Dih.  Improper Dih.      CMAP Dih.
    1.53670e+03    5.68715e+03    9.56209e+03    2.80464e+02   -2.78200e+03
          LJ-14     Coulomb-14        LJ (SR)   Coulomb (SR)   Coul. recip.
    5.12132e+03    1.10594e+05    7.30353e+05   -5.36232e+06    1.58949e+04
      Potential Pressure (bar)   Constr. rmsd
   -4.48608e+06   -1.36688e+03    0.00000e+00

           Step           Time
           1281     1281.00000

   Energies (kJ/mol)
           Bond            U-B    Proper Dih.  Improper Dih.      CMAP Dih.
    1.75053e+03    5.70395e+03    9.56258e+03    2.80441e+02   -2.78238e+03
          LJ-14     Coulomb-14        LJ (SR)   Coulomb (SR)   Coul. recip.
    5.12033e+03    1.10605e+05    7.30613e+05   -5.36285e+06    1.58869e+04
      Potential Pressure (bar)   Constr. rmsd
   -4.48611e+06   -1.36703e+03    0.00000e+00

           Step           Time
           1282     1282.00000

   Energies (kJ/mol)
           Bond            U-B    Proper Dih.  Improper Dih.      CMAP Dih.
    1.55935e+03    5.69090e+03    9.56250e+03    2.80392e+02   -2.78229e+03
          LJ-14     Coulomb-14        LJ (SR)   Coulomb (SR)   Coul. recip.
    5.12110e+03    1.10592e+05    7.30649e+05   -5.36291e+06    1.58834e+04
      Potential Pressure (bar)   Constr. rmsd
   -4.48635e+06   -1.36706e+03    0.00000e+00

           Step           Time
           1283     1283.00000

           Step           Time
           1284     1284.00000

   Energies (kJ/mol)
           Bond            U-B    Proper Dih.  Improper Dih.      CMAP Dih.
    1.57946e+03    5.68814e+03    9.56268e+03    2.80399e+02   -2.78245e+03
          LJ-14     Coulomb-14        LJ (SR)   Coulomb (SR)   Coul. recip.
    5.12051e+03    1.10600e+05    7.30726e+05   -5.36307e+06    1.58818e+04
      Potential Pressure (bar)   Constr. rmsd
   -4.48641e+06   -1.36710e+03    0.00000e+00

           Step           Time
           1285     1285.00000

   Energies (kJ/mol)
           Bond            U-B    Proper Dih.  Improper Dih.      CMAP Dih.
    1.58949e+03    5.69498e+03    9.56270e+03    2.80356e+02   -2.78242e+03
          LJ-14     Coulomb-14        LJ (SR)   Coulomb (SR)   Coul. recip.
    5.12105e+03    1.10590e+05    7.30793e+05   -5.36319e+06    1.58778e+04
      Potential Pressure (bar)   Constr. rmsd
   -4.48647e+06   -1.36714e+03    0.00000e+00

           Step           Time
           1286     1286.00000

   Energies (kJ/mol)
           Bond            U-B    Proper Dih.  Improper Dih.      CMAP Dih.
    1.62560e+03    5.69235e+03    9.56290e+03    2.80377e+02   -2.78262e+03
          LJ-14     Coulomb-14        LJ (SR)   Coulomb (SR)   Coul. recip.
    5.12024e+03    1.10601e+05    7.30872e+05   -5.36336e+06    1.58766e+04
      Potential Pressure (bar)   Constr. rmsd
   -4.48651e+06   -1.36719e+03    0.00000e+00

           Step           Time
           1287     1287.00000

   Energies (kJ/mol)
           Bond            U-B    Proper Dih.  Improper Dih.      CMAP Dih.
    1.65390e+03    5.70267e+03    9.56289e+03    2.80326e+02   -2.78255e+03
          LJ-14     Coulomb-14        LJ (SR)   Coulomb (SR)   Coul. recip.
    5.12105e+03    1.10587e+05    7.30936e+05   -5.36347e+06    1.58723e+04
      Potential Pressure (bar)   Constr. rmsd
   -4.48654e+06   -1.36723e+03    0.00000e+00

           Step           Time
           1288     1288.00000

   Energies (kJ/mol)
           Bond            U-B    Proper Dih.  Improper Dih.      CMAP Dih.
    1.71798e+03    5.70207e+03    9.56314e+03    2.80357e+02   -2.78280e+03
          LJ-14     Coulomb-14        LJ (SR)   Coulomb (SR)   Coul. recip.
    5.11993e+03    1.10603e+05    7.31018e+05   -5.36365e+06    1.58716e+04
      Potential Pressure (bar)   Constr. rmsd
   -4.48656e+06   -1.36727e+03    0.00000e+00

           Step           Time
           1289     1289.00000

           Step           Time
           1290     1290.00000

   Energies (kJ/mol)
           Bond            U-B    Proper Dih.  Improper Dih.      CMAP Dih.
    1.53510e+03    5.68717e+03    9.56307e+03    2.80314e+02   -2.78273e+03
          LJ-14     Coulomb-14        LJ (SR)   Coulomb (SR)   Coul. recip.
    5.12048e+03    1.10593e+05    7.31047e+05   -5.36370e+06    1.58689e+04
      Potential Pressure (bar)   Constr. rmsd
   -4.48679e+06   -1.36730e+03    0.00000e+00

           Step           Time
           1291     1291.00000

   Energies (kJ/mol)
           Bond            U-B    Proper Dih.  Improper Dih.      CMAP Dih.
    1.82081e+03    5.71081e+03    9.56382e+03    2.80266e+02   -2.78329e+03
          LJ-14     Coulomb-14        LJ (SR)   Coulomb (SR)   Coul. recip.
    5.11923e+03    1.10605e+05    7.31468e+05   -5.36454e+06    1.58552e+04
      Potential Pressure (bar)   Constr. rmsd
   -4.48690e+06   -1.36755e+03    0.00000e+00

           Step           Time
           1292     1292.00000

   Energies (kJ/mol)
           Bond            U-B    Proper Dih.  Improper Dih.      CMAP Dih.
    1.55398e+03    5.69063e+03    9.56371e+03    2.80207e+02   -2.78317e+03
          LJ-14     Coulomb-14        LJ (SR)   Coulomb (SR)   Coul. recip.
    5.12007e+03    1.10590e+05    7.31500e+05   -5.36460e+06    1.58517e+04
      Potential Pressure (bar)   Constr. rmsd
   -4.48723e+06   -1.36757e+03    0.00000e+00

           Step           Time
           1293     1293.00000

           Step           Time
           1294     1294.00000

   Energies (kJ/mol)
           Bond            U-B    Proper Dih.  Improper Dih.      CMAP Dih.
    1.60241e+03    5.69040e+03    9.56392e+03    2.80213e+02   -2.78336e+03
          LJ-14     Coulomb-14        LJ (SR)   Coulomb (SR)   Coul. recip.
    5.11944e+03    1.10598e+05    7.31591e+05   -5.36479e+06    1.58495e+04
      Potential Pressure (bar)   Constr. rmsd
   -4.48727e+06   -1.36762e+03    0.00000e+00

           Step           Time
           1295     1295.00000

   Energies (kJ/mol)
           Bond            U-B    Proper Dih.  Improper Dih.      CMAP Dih.
    1.58483e+03    5.69499e+03    9.56392e+03    2.80170e+02   -2.78330e+03
          LJ-14     Coulomb-14        LJ (SR)   Coulomb (SR)   Coul. recip.
    5.12004e+03    1.10588e+05    7.31648e+05   -5.36489e+06    1.58459e+04
      Potential Pressure (bar)   Constr. rmsd
   -4.48734e+06   -1.36766e+03    0.00000e+00

           Step           Time
           1296     1296.00000

   Energies (kJ/mol)
           Bond            U-B    Proper Dih.  Improper Dih.      CMAP Dih.
    1.66079e+03    5.69619e+03    9.56413e+03    2.80189e+02   -2.78352e+03
          LJ-14     Coulomb-14        LJ (SR)   Coulomb (SR)   Coul. recip.
    5.11917e+03    1.10600e+05    7.31736e+05   -5.36507e+06    1.58445e+04
      Potential Pressure (bar)   Constr. rmsd
   -4.48736e+06   -1.36771e+03    0.00000e+00

           Step           Time
           1297     1297.00000

   Energies (kJ/mol)
           Bond            U-B    Proper Dih.  Improper Dih.      CMAP Dih.
    1.65292e+03    5.70314e+03    9.56411e+03    2.80134e+02   -2.78342e+03
          LJ-14     Coulomb-14        LJ (SR)   Coulomb (SR)   Coul. recip.
    5.12005e+03    1.10585e+05    7.31793e+05   -5.36517e+06    1.58403e+04
      Potential Pressure (bar)   Constr. rmsd
   -4.48742e+06   -1.36775e+03    0.00000e+00

           Step           Time
           1298     1298.00000

           Step           Time
           1299     1299.00000

   Energies (kJ/mol)
           Bond            U-B    Proper Dih.  Improper Dih.      CMAP Dih.
    1.54019e+03    5.68665e+03    9.56422e+03    2.80148e+02   -2.78357e+03
          LJ-14     Coulomb-14        LJ (SR)   Coulomb (SR)   Coul. recip.
    5.11942e+03    1.10594e+05    7.31836e+05   -5.36527e+06    1.58398e+04
      Potential Pressure (bar)   Constr. rmsd
   -4.48759e+06   -1.36777e+03    0.00000e+00

           Step           Time
           1300     1300.00000

   Energies (kJ/mol)
           Bond            U-B    Proper Dih.  Improper Dih.      CMAP Dih.
    1.71311e+03    5.71018e+03    9.56451e+03    2.80067e+02   -2.78370e+03
          LJ-14     Coulomb-14        LJ (SR)   Coulomb (SR)   Coul. recip.
    5.11981e+03    1.10582e+05    7.32074e+05   -5.36573e+06    1.58297e+04
      Potential Pressure (bar)   Constr. rmsd
   -4.48764e+06   -1.36792e+03    0.00000e+00

           Step           Time
           1301     1301.00000

   Energies (kJ/mol)
           Bond            U-B    Proper Dih.  Improper Dih.      CMAP Dih.
    1.56678e+03    5.68805e+03    9.56465e+03    2.80085e+02   -2.78388e+03
          LJ-14     Coulomb-14        LJ (SR)   Coulomb (SR)   Coul. recip.
    5.11893e+03    1.10595e+05    7.32125e+05   -5.36584e+06    1.58295e+04
      Potential Pressure (bar)   Constr. rmsd
   -4.48786e+06   -1.36795e+03    0.00000e+00

           Step           Time
           1302     1302.00000

           Step           Time
           1303     1303.00000

   Energies (kJ/mol)
           Bond            U-B    Proper Dih.  Improper Dih.      CMAP Dih.
    1.56807e+03    5.69304e+03    9.56468e+03    2.80052e+02   -2.78387e+03
          LJ-14     Coulomb-14        LJ (SR)   Coulomb (SR)   Coul. recip.
    5.11935e+03    1.10587e+05    7.32189e+05   -5.36596e+06    1.58260e+04
      Potential Pressure (bar)   Constr. rmsd
   -4.48792e+06   -1.36747e+03    0.00000e+00

           Step           Time
           1304     1304.00000

   Energies (kJ/mol)
           Bond            U-B    Proper Dih.  Improper Dih.      CMAP Dih.
    1.59773e+03    5.69068e+03    9.56487e+03    2.80060e+02   -2.78404e+03
          LJ-14     Coulomb-14        LJ (SR)   Coulomb (SR)   Coul. recip.
    5.11868e+03    1.10596e+05    7.32268e+05   -5.36612e+06    1.58245e+04
      Potential Pressure (bar)   Constr. rmsd
   -4.48797e+06   -1.36752e+03    0.00000e+00

           Step           Time
           1305     1305.00000

   Energies (kJ/mol)
           Bond            U-B    Proper Dih.  Improper Dih.      CMAP Dih.
    1.60793e+03    5.69819e+03    9.56488e+03    2.80015e+02   -2.78399e+03
          LJ-14     Coulomb-14        LJ (SR)   Coulomb (SR)   Coul. recip.
    5.11932e+03    1.10585e+05    7.32331e+05   -5.36624e+06    1.58206e+04
      Potential Pressure (bar)   Constr. rmsd
   -4.48802e+06   -1.36756e+03    0.00000e+00

           Step           Time
           1306     1306.00000

   Energies (kJ/mol)
           Bond            U-B    Proper Dih.  Improper Dih.      CMAP Dih.
    1.65937e+03    5.69670e+03    9.56511e+03    2.80038e+02   -2.78421e+03
          LJ-14     Coulomb-14        LJ (SR)   Coulomb (SR)   Coul. recip.
    5.11840e+03    1.10598e+05    7.32410e+05   -5.36641e+06    1.58195e+04
      Potential Pressure (bar)   Constr. rmsd
   -4.48804e+06   -1.36760e+03    0.00000e+00

           Step           Time
           1307     1307.00000

   Energies (kJ/mol)
           Bond            U-B    Proper Dih.  Improper Dih.      CMAP Dih.
    1.69373e+03    5.70795e+03    9.56507e+03    2.79978e+02   -2.78410e+03
          LJ-14     Coulomb-14        LJ (SR)   Coulomb (SR)   Coul. recip.
    5.11934e+03    1.10582e+05    7.32471e+05   -5.36652e+06    1.58150e+04
      Potential Pressure (bar)   Constr. rmsd
   -4.48807e+06   -1.36764e+03    0.00000e+00

           Step           Time
           1308     1308.00000

           Step           Time
           1309     1309.00000

   Energies (kJ/mol)
           Bond            U-B    Proper Dih.  Improper Dih.      CMAP Dih.
    1.53781e+03    5.68719e+03    9.56518e+03    2.79995e+02   -2.78425e+03
          LJ-14     Coulomb-14        LJ (SR)   Coulomb (SR)   Coul. recip.
    5.11866e+03    1.10591e+05    7.32511e+05   -5.36660e+06    1.58147e+04
      Potential Pressure (bar)   Constr. rmsd
   -4.48828e+06   -1.36767e+03    0.00000e+00

           Step           Time
           1310     1310.00000

   Energies (kJ/mol)
           Bond            U-B    Proper Dih.  Improper Dih.      CMAP Dih.
    1.76231e+03    5.71628e+03    9.56570e+03    2.79875e+02   -2.78452e+03
          LJ-14     Coulomb-14        LJ (SR)   Coulomb (SR)   Coul. recip.
    5.11889e+03    1.10579e+05    7.32899e+05   -5.36736e+06    1.57989e+04
      Potential Pressure (bar)   Constr. rmsd
   -4.48842e+06   -1.36739e+03    0.00000e+00

           Step           Time
           1311     1311.00000

   Energies (kJ/mol)
           Bond            U-B    Proper Dih.  Improper Dih.      CMAP Dih.
    1.56353e+03    5.68810e+03    9.56583e+03    2.79895e+02   -2.78470e+03
          LJ-14     Coulomb-14        LJ (SR)   Coulomb (SR)   Coul. recip.
    5.11797e+03    1.10593e+05    7.32947e+05   -5.36747e+06    1.57989e+04
      Potential Pressure (bar)   Constr. rmsd
   -4.48870e+06   -1.36742e+03    0.00000e+00

           Step           Time
           1312     1312.00000

           Step           Time
           1313     1313.00000

   Energies (kJ/mol)
           Bond            U-B    Proper Dih.  Improper Dih.      CMAP Dih.
    1.58484e+03    5.69563e+03    9.56588e+03    2.79858e+02   -2.78470e+03
          LJ-14     Coulomb-14        LJ (SR)   Coulomb (SR)   Coul. recip.
    5.11843e+03    1.10584e+05    7.33021e+05   -5.36761e+06    1.57952e+04
      Potential Pressure (bar)   Constr. rmsd
   -4.48875e+06   -1.36747e+03    0.00000e+00

           Step           Time
           1314     1314.00000

   Energies (kJ/mol)
           Bond            U-B    Proper Dih.  Improper Dih.      CMAP Dih.
    1.59412e+03    5.69091e+03    9.56605e+03    2.79875e+02   -2.78487e+03
          LJ-14     Coulomb-14        LJ (SR)   Coulomb (SR)   Coul. recip.
    5.11774e+03    1.10594e+05    7.33091e+05   -5.36775e+06    1.57939e+04
      Potential Pressure (bar)   Constr. rmsd
   -4.48881e+06   -1.36750e+03    0.00000e+00

           Step           Time
           1315     1315.00000

   Energies (kJ/mol)
           Bond            U-B    Proper Dih.  Improper Dih.      CMAP Dih.
    1.63631e+03    5.70192e+03    9.56608e+03    2.79822e+02   -2.78481e+03
          LJ-14     Coulomb-14        LJ (SR)   Coulomb (SR)   Coul. recip.
    5.11841e+03    1.10582e+05    7.33161e+05   -5.36788e+06    1.57897e+04
      Potential Pressure (bar)   Constr. rmsd
   -4.48883e+06   -1.36800e+03    0.00000e+00

           Step           Time
           1316     1316.00000

   Energies (kJ/mol)
           Bond            U-B    Proper Dih.  Improper Dih.      CMAP Dih.
    1.65859e+03    5.69731e+03    9.56630e+03    2.79851e+02   -2.78503e+03
          LJ-14     Coulomb-14        LJ (SR)   Coulomb (SR)   Coul. recip.
    5.11745e+03    1.10596e+05    7.33234e+05   -5.36804e+06    1.57889e+04
      Potential Pressure (bar)   Constr. rmsd
   -4.48888e+06   -1.36804e+03    0.00000e+00

           Step           Time
           1317     1317.00000

           Step           Time
           1318     1318.00000

   Energies (kJ/mol)
           Bond            U-B    Proper Dih.  Improper Dih.      CMAP Dih.
    1.53822e+03    5.68896e+03    9.56625e+03    2.79810e+02   -2.78498e+03
          LJ-14     Coulomb-14        LJ (SR)   Coulomb (SR)   Coul. recip.
    5.11792e+03    1.10587e+05    7.33266e+05   -5.36809e+06    1.57864e+04
      Potential Pressure (bar)   Constr. rmsd
   -4.48905e+06   -1.36807e+03    0.00000e+00

           Step           Time
           1319     1319.00000

   Energies (kJ/mol)
           Bond            U-B    Proper Dih.  Improper Dih.      CMAP Dih.
    1.72650e+03    5.70341e+03    9.56677e+03    2.79786e+02   -2.78535e+03
          LJ-14     Coulomb-14        LJ (SR)   Coulomb (SR)   Coul. recip.
    5.11698e+03    1.10597e+05    7.33534e+05   -5.36863e+06    1.57783e+04
      Potential Pressure (bar)   Constr. rmsd
   -4.48912e+06   -1.36823e+03    0.00000e+00

           Step           Time
           1320     1320.00000

   Energies (kJ/mol)
           Bond            U-B    Proper Dih.  Improper Dih.      CMAP Dih.
    1.55655e+03    5.69218e+03    9.56669e+03    2.79732e+02   -2.78526e+03
          LJ-14     Coulomb-14        LJ (SR)   Coulomb (SR)   Coul. recip.
    5.11769e+03    1.10585e+05    7.33569e+05   -5.36869e+06    1.57750e+04
      Potential Pressure (bar)   Constr. rmsd
   -4.48934e+06   -1.36825e+03    0.00000e+00

           Step           Time
           1321     1321.00000

           Step           Time
           1322     1322.00000

   Energies (kJ/mol)
           Bond            U-B    Proper Dih.  Improper Dih.      CMAP Dih.
    1.57754e+03    5.68993e+03    9.56685e+03    2.79739e+02   -2.78541e+03
          LJ-14     Coulomb-14        LJ (SR)   Coulomb (SR)   Coul. recip.
    5.11714e+03    1.10592e+05    7.33645e+05   -5.36885e+06    1.57732e+04
      Potential Pressure (bar)   Constr. rmsd
   -4.48939e+06   -1.36829e+03    0.00000e+00

           Step           Time
           1323     1323.00000

   Energies (kJ/mol)
           Bond            U-B    Proper Dih.  Improper Dih.      CMAP Dih.
    1.58167e+03    5.69571e+03    9.56688e+03    2.79694e+02   -2.78538e+03
          LJ-14     Coulomb-14        LJ (SR)   Coulomb (SR)   Coul. recip.
    5.11763e+03    1.10583e+05    7.33708e+05   -5.36896e+06    1.57698e+04
      Potential Pressure (bar)   Constr. rmsd
   -4.48945e+06   -1.36834e+03    0.00000e+00

           Step           Time
           1324     1324.00000

   Energies (kJ/mol)
           Bond            U-B    Proper Dih.  Improper Dih.      CMAP Dih.
    1.61794e+03    5.69358e+03    9.56709e+03    2.79716e+02   -2.78557e+03
          LJ-14     Coulomb-14        LJ (SR)   Coulomb (SR)   Coul. recip.
    5.11688e+03    1.10593e+05    7.33785e+05   -5.36913e+06    1.57685e+04
      Potential Pressure (bar)   Constr. rmsd
   -4.48949e+06   -1.36838e+03    0.00000e+00

           Step           Time
           1325     1325.00000

   Energies (kJ/mol)
           Bond            U-B    Proper Dih.  Improper Dih.      CMAP Dih.
    1.63566e+03    5.70229e+03    9.56708e+03    2.79661e+02   -2.78549e+03
          LJ-14     Coulomb-14        LJ (SR)   Coulomb (SR)   Coul. recip.
    5.11762e+03    1.10580e+05    7.33846e+05   -5.36923e+06    1.57645e+04
      Potential Pressure (bar)   Constr. rmsd
   -4.48953e+06   -1.36842e+03    0.00000e+00

           Step           Time
           1326     1326.00000

   Energies (kJ/mol)
           Bond            U-B    Proper Dih.  Improper Dih.      CMAP Dih.
    1.69851e+03    5.70189e+03    9.56733e+03    2.79699e+02   -2.78573e+03
          LJ-14     Coulomb-14        LJ (SR)   Coulomb (SR)   Coul. recip.
    5.11658e+03    1.10595e+05    7.33925e+05   -5.36940e+06    1.57637e+04
      Potential Pressure (bar)   Constr. rmsd
   -4.48954e+06   -1.36846e+03    0.00000e+00

           Step           Time
           1327     1327.00000

           Step           Time
           1328     1328.00000

   Energies (kJ/mol)
           Bond            U-B    Proper Dih.  Improper Dih.      CMAP Dih.
    1.53711e+03    5.68903e+03    9.56727e+03    2.79658e+02   -2.78567e+03
          LJ-14     Coulomb-14        LJ (SR)   Coulomb (SR)   Coul. recip.
    5.11709e+03    1.10586e+05    7.33953e+05   -5.36945e+06    1.57612e+04
      Potential Pressure (bar)   Constr. rmsd
   -4.48975e+06   -1.36848e+03    0.00000e+00

           Step           Time
           1329     1329.00000

   Energies (kJ/mol)
           Bond            U-B    Proper Dih.  Improper Dih.      CMAP Dih.
    1.78870e+03    5.70938e+03    9.56807e+03    2.79585e+02   -2.78623e+03
          LJ-14     Coulomb-14        LJ (SR)   Coulomb (SR)   Coul. recip.
    5.11585e+03    1.10597e+05    7.34410e+05   -5.37037e+06    1.57463e+04
      Potential Pressure (bar)   Constr. rmsd
   -4.48994e+06   -1.36875e+03    0.00000e+00

           Step           Time
           1330     1330.00000

   Energies (kJ/mol)
           Bond            U-B    Proper Dih.  Improper Dih.      CMAP Dih.
    1.55205e+03    5.69201e+03    9.56797e+03    2.79521e+02   -2.78611e+03
          LJ-14     Coulomb-14        LJ (SR)   Coulomb (SR)   Coul. recip.
    5.11664e+03    1.10583e+05    7.34441e+05   -5.37042e+06    1.57430e+04
      Potential Pressure (bar)   Constr. rmsd
   -4.49023e+06   -1.36878e+03    0.00000e+00

           Step           Time
           1331     1331.00000

           Step           Time
           1332     1332.00000

   Energies (kJ/mol)
           Bond            U-B    Proper Dih.  Improper Dih.      CMAP Dih.
    1.59804e+03    5.69200e+03    9.56818e+03    2.79537e+02   -2.78629e+03
          LJ-14     Coulomb-14        LJ (SR)   Coulomb (SR)   Coul. recip.
    5.11606e+03    1.10590e+05    7.34532e+05   -5.37060e+06    1.57408e+04
      Potential Pressure (bar)   Constr. rmsd
   -4.49027e+06   -1.36883e+03    0.00000e+00

           Step           Time
           1333     1333.00000

   Energies (kJ/mol)
           Bond            U-B    Proper Dih.  Improper Dih.      CMAP Dih.
    1.57772e+03    5.69577e+03    9.56819e+03    2.79490e+02   -2.78623e+03
          LJ-14     Coulomb-14        LJ (SR)   Coulomb (SR)   Coul. recip.
    5.11659e+03    1.10581e+05    7.34586e+05   -5.37070e+06    1.57375e+04
      Potential Pressure (bar)   Constr. rmsd
   -4.49034e+06   -1.36887e+03    0.00000e+00

           Step           Time
           1334     1334.00000

   Energies (kJ/mol)
           Bond            U-B    Proper Dih.  Improper Dih.      CMAP Dih.
    1.64907e+03    5.69701e+03    9.56841e+03    2.79513e+02   -2.78644e+03
          LJ-14     Coulomb-14        LJ (SR)   Coulomb (SR)   Coul. recip.
    5.11580e+03    1.10592e+05    7.34672e+05   -5.37088e+06    1.57359e+04
      Potential Pressure (bar)   Constr. rmsd
   -4.49036e+06   -1.36891e+03    0.00000e+00

           Step           Time
           1335     1335.00000

   Energies (kJ/mol)
           Bond            U-B    Proper Dih.  Improper Dih.      CMAP Dih.
    1.63465e+03    5.70276e+03    9.56838e+03    2.79452e+02   -2.78634e+03
          LJ-14     Coulomb-14        LJ (SR)   Coulomb (SR)   Coul. recip.
    5.11660e+03    1.10578e+05    7.34726e+05   -5.37098e+06    1.57321e+04
      Potential Pressure (bar)   Constr. rmsd
   -4.49042e+06   -1.36895e+03    0.00000e+00

           Step           Time
           1336     1336.00000

           Step           Time
           1337     1337.00000

   Energies (kJ/mol)
           Bond            U-B    Proper Dih.  Improper Dih.      CMAP Dih.
    1.54279e+03    5.68877e+03    9.56849e+03    2.79467e+02   -2.78648e+03
          LJ-14     Coulomb-14        LJ (SR)   Coulomb (SR)   Coul. recip.
    5.11601e+03    1.10586e+05    7.34767e+05   -5.37107e+06    1.57317e+04
      Potential Pressure (bar)   Constr. rmsd
   -4.49057e+06   -1.36897e+03    0.00000e+00

           Step           Time
           1338     1338.00000

   Energies (kJ/mol)
           Bond            U-B    Proper Dih.  Improper Dih.      CMAP Dih.
    1.68605e+03    5.70885e+03    9.56876e+03    2.79396e+02   -2.78658e+03
          LJ-14     Coulomb-14        LJ (SR)   Coulomb (SR)   Coul. recip.
    5.11640e+03    1.10576e+05    7.34978e+05   -5.37147e+06    1.57228e+04
      Potential Pressure (bar)   Constr. rmsd
   -4.49062e+06   -1.36911e+03    0.00000e+00

           Step           Time
           1339     1339.00000

   Energies (kJ/mol)
           Bond            U-B    Proper Dih.  Improper Dih.      CMAP Dih.
    1.56651e+03    5.69007e+03    9.56889e+03    2.79415e+02   -2.78675e+03
          LJ-14     Coulomb-14        LJ (SR)   Coulomb (SR)   Coul. recip.
    5.11558e+03    1.10588e+05    7.35027e+05   -5.37158e+06    1.57224e+04
      Potential Pressure (bar)   Constr. rmsd
   -4.49081e+06   -1.36913e+03    0.00000e+00

           Step           Time
           1340     1340.00000

           Step           Time
           1341     1341.00000

   Energies (kJ/mol)
           Bond            U-B    Proper Dih.  Improper Dih.      CMAP Dih.
    1.56400e+03    5.69419e+03    9.56894e+03    2.79378e+02   -2.78674e+03
          LJ-14     Coulomb-14        LJ (SR)   Coulomb (SR)   Coul. recip.
    5.11597e+03    1.10580e+05    7.35087e+05   -5.37169e+06    1.57191e+04
      Potential Pressure (bar)   Constr. rmsd
   -4.49087e+06   -1.36917e+03    0.00000e+00

           Step           Time
           1342     1342.00000

   Energies (kJ/mol)
           Bond            U-B    Proper Dih.  Improper Dih.      CMAP Dih.
    1.59387e+03    5.69232e+03    9.56912e+03    2.79389e+02   -2.78690e+03
          LJ-14     Coulomb-14        LJ (SR)   Coulomb (SR)   Coul. recip.
    5.11534e+03    1.10589e+05    7.35164e+05   -5.37185e+06    1.57176e+04
      Potential Pressure (bar)   Constr. rmsd
   -4.49092e+06   -1.36922e+03    0.00000e+00

           Step           Time
           1343     1343.00000

   Energies (kJ/mol)
           Bond            U-B    Proper Dih.  Improper Dih.      CMAP Dih.
    1.59721e+03    5.69859e+03    9.56912e+03    2.79339e+02   -2.78685e+03
          LJ-14     Coulomb-14        LJ (SR)   Coulomb (SR)   Coul. recip.
    5.11592e+03    1.10578e+05    7.35224e+05   -5.37196e+06    1.57141e+04
      Potential Pressure (bar)   Constr. rmsd
   -4.49097e+06   -1.36925e+03    0.00000e+00

           Step           Time
           1344     1344.00000

   Energies (kJ/mol)
           Bond            U-B    Proper Dih.  Improper Dih.      CMAP Dih.
    1.64789e+03    5.69751e+03    9.56936e+03    2.79365e+02   -2.78705e+03
          LJ-14     Coulomb-14        LJ (SR)   Coulomb (SR)   Coul. recip.
    5.11508e+03    1.10590e+05    7.35301e+05   -5.37212e+06    1.57128e+04
      Potential Pressure (bar)   Constr. rmsd
   -4.49100e+06   -1.36930e+03    0.00000e+00

           Step           Time
           1345     1345.00000

   Energies (kJ/mol)
           Bond            U-B    Proper Dih.  Improper Dih.      CMAP Dih.
    1.66918e+03    5.70698e+03    9.56931e+03    2.79299e+02   -2.78695e+03
          LJ-14     Coulomb-14        LJ (SR)   Coulomb (SR)   Coul. recip.
    5.11595e+03    1.10575e+05    7.35359e+05   -5.37223e+06    1.57088e+04
      Potential Pressure (bar)   Constr. rmsd
   -4.49103e+06   -1.36934e+03    0.00000e+00

           Step           Time
           1346     1346.00000

           Step           Time
           1347     1347.00000

   Energies (kJ/mol)
           Bond            U-B    Proper Dih.  Improper Dih.      CMAP Dih.
    1.54053e+03    5.68928e+03    9.56943e+03    2.79320e+02   -2.78708e+03
          LJ-14     Coulomb-14        LJ (SR)   Coulomb (SR)   Coul. recip.
    5.11531e+03    1.10584e+05    7.35398e+05   -5.37231e+06    1.57084e+04
      Potential Pressure (bar)   Constr. rmsd
   -4.49122e+06   -1.36936e+03    0.00000e+00

           Step           Time
           1348     1348.00000

   Energies (kJ/mol)
           Bond            U-B    Proper Dih.  Improper Dih.      CMAP Dih.
    1.72901e+03    5.71417e+03    9.56987e+03    2.79204e+02   -2.78729e+03
          LJ-14     Coulomb-14        LJ (SR)   Coulomb (SR)   Coul. recip.
    5.11556e+03    1.10573e+05    7.35728e+05   -5.37295e+06    1.56951e+04
      Potential Pressure (bar)   Constr. rmsd
   -4.49134e+06   -1.36923e+03    0.00000e+00

           Step           Time
           1349     1349.00000

   Energies (kJ/mol)
           Bond            U-B    Proper Dih.  Improper Dih.      CMAP Dih.
    1.56337e+03    5.69019e+03    9.57000e+03    2.79232e+02   -2.78746e+03
          LJ-14     Coulomb-14        LJ (SR)   Coulomb (SR)   Coul. recip.
    5.11472e+03    1.10585e+05    7.35775e+05   -5.37306e+06    1.56950e+04
      Potential Pressure (bar)   Constr. rmsd
   -4.49157e+06   -1.36926e+03    0.00000e+00

           Step           Time
           1350     1350.00000

           Step           Time
           1351     1351.00000

   Energies (kJ/mol)
           Bond            U-B    Proper Dih.  Improper Dih.      CMAP Dih.
    1.57822e+03    5.69651e+03    9.57006e+03    2.79192e+02   -2.78745e+03
          LJ-14     Coulomb-14        LJ (SR)   Coulomb (SR)   Coul. recip.
    5.11514e+03    1.10578e+05    7.35844e+05   -5.37319e+06    1.56914e+04
      Potential Pressure (bar)   Constr. rmsd
   -4.49163e+06   -1.36930e+03    0.00000e+00

           Step           Time
           1352     1352.00000

   Energies (kJ/mol)
           Bond            U-B    Proper Dih.  Improper Dih.      CMAP Dih.
    1.59060e+03    5.69258e+03    9.57022e+03    2.79205e+02   -2.78760e+03
          LJ-14     Coulomb-14        LJ (SR)   Coulomb (SR)   Coul. recip.
    5.11449e+03    1.10587e+05    7.35912e+05   -5.37333e+06    1.56902e+04
      Potential Pressure (bar)   Constr. rmsd
   -4.49168e+06   -1.36934e+03    0.00000e+00

           Step           Time
           1353     1353.00000

   Energies (kJ/mol)
           Bond            U-B    Proper Dih.  Improper Dih.      CMAP Dih.
    1.62130e+03    5.70189e+03    9.57023e+03    2.79152e+02   -2.78755e+03
          LJ-14     Coulomb-14        LJ (SR)   Coulomb (SR)   Coul. recip.
    5.11512e+03    1.10575e+05    7.35978e+05   -5.37345e+06    1.56862e+04
      Potential Pressure (bar)   Constr. rmsd
   -4.49171e+06   -1.36938e+03    0.00000e+00

           Step           Time
           1354     1354.00000

   Energies (kJ/mol)
           Bond            U-B    Proper Dih.  Improper Dih.      CMAP Dih.
    1.64718e+03    5.69809e+03    9.57045e+03    2.79185e+02   -2.78775e+03
          LJ-14     Coulomb-14        LJ (SR)   Coulomb (SR)   Coul. recip.
    5.11422e+03    1.10588e+05    7.36049e+05   -5.37360e+06    1.56854e+04
      Potential Pressure (bar)   Constr. rmsd
   -4.49176e+06   -1.36942e+03    0.00000e+00

           Step           Time
           1355     1355.00000

           Step           Time
           1356     1356.00000

   Energies (kJ/mol)
           Bond            U-B    Proper Dih.  Improper Dih.      CMAP Dih.
    1.53983e+03    5.69082e+03    9.57041e+03    2.79144e+02   -2.78770e+03
          LJ-14     Coulomb-14        LJ (SR)   Coulomb (SR)   Coul. recip.
    5.11466e+03    1.10580e+05    7.36079e+05   -5.37366e+06    1.56831e+04
      Potential Pressure (bar)   Constr. rmsd
   -4.49191e+06   -1.36915e+03    0.00000e+00

           Step           Time
           1357     1357.00000

   Energies (kJ/mol)
           Bond            U-B    Proper Dih.  Improper Dih.      CMAP Dih.
    1.70668e+03    5.70332e+03    9.57096e+03    2.79118e+02   -2.78806e+03
          LJ-14     Coulomb-14        LJ (SR)   Coulomb (SR)   Coul. recip.
    5.11374e+03    1.10589e+05    7.36361e+05   -5.37422e+06    1.56743e+04
      Potential Pressure (bar)   Constr. rmsd
   -4.49201e+06   -1.36891e+03    0.00000e+00

           Step           Time
           1358     1358.00000

   Energies (kJ/mol)
           Bond            U-B    Proper Dih.  Improper Dih.      CMAP Dih.
    1.55456e+03    5.69356e+03    9.57088e+03    2.79063e+02   -2.78798e+03
          LJ-14     Coulomb-14        LJ (SR)   Coulomb (SR)   Coul. recip.
    5.11440e+03    1.10578e+05    7.36395e+05   -5.37428e+06    1.56714e+04
      Potential Pressure (bar)   Constr. rmsd
   -4.49221e+06   -1.36893e+03    0.00000e+00

           Step           Time
           1359     1359.00000

           Step           Time
           1360     1360.00000

   Energies (kJ/mol)
           Bond            U-B    Proper Dih.  Improper Dih.      CMAP Dih.
    1.57627e+03    5.69176e+03    9.57105e+03    2.79071e+02   -2.78812e+03
          LJ-14     Coulomb-14        LJ (SR)   Coulomb (SR)   Coul. recip.
    5.11389e+03    1.10584e+05    7.36470e+05   -5.37443e+06    1.56696e+04
      Potential Pressure (bar)   Constr. rmsd
   -4.49226e+06   -1.36898e+03    0.00000e+00

           Step           Time
           1361     1361.00000

   Energies (kJ/mol)
           Bond            U-B    Proper Dih.  Improper Dih.      CMAP Dih.
    1.57543e+03    5.69659e+03    9.57108e+03    2.79025e+02   -2.78809e+03
          LJ-14     Coulomb-14        LJ (SR)   Coulomb (SR)   Coul. recip.
    5.11434e+03    1.10576e+05    7.36529e+05   -5.37454e+06    1.56664e+04
      Potential Pressure (bar)   Constr. rmsd
   -4.49232e+06   -1.36902e+03    0.00000e+00

           Step           Time
           1362     1362.00000

   Energies (kJ/mol)
           Bond            U-B    Proper Dih.  Improper Dih.      CMAP Dih.
    1.61181e+03    5.69494e+03    9.57128e+03    2.79045e+02   -2.78826e+03
          LJ-14     Coulomb-14        LJ (SR)   Coulomb (SR)   Coul. recip.
    5.11364e+03    1.10586e+05    7.36604e+05   -5.37470e+06    1.56649e+04
      Potential Pressure (bar)   Constr. rmsd
   -4.49236e+06   -1.36906e+03    0.00000e+00

           Step           Time
           1363     1363.00000

   Energies (kJ/mol)
           Bond            U-B    Proper Dih.  Improper Dih.      CMAP Dih.
    1.62062e+03    5.70226e+03    9.57126e+03    2.78986e+02   -2.78819e+03
          LJ-14     Coulomb-14        LJ (SR)   Coulomb (SR)   Coul. recip.
    5.11433e+03    1.10573e+05    7.36662e+05   -5.37480e+06    1.56613e+04
      Potential Pressure (bar)   Constr. rmsd
   -4.49241e+06   -1.36910e+03    0.00000e+00

           Step           Time
           1364     1364.00000

   Energies (kJ/mol)
           Bond            U-B    Proper Dih.  Improper Dih.      CMAP Dih.
    1.68234e+03    5.70209e+03    9.57152e+03    2.79027e+02   -2.78841e+03
          LJ-14     Coulomb-14        LJ (SR)   Coulomb (SR)   Coul. recip.
    5.11337e+03    1.10587e+05    7.36738e+05   -5.37497e+06    1.56605e+04
      Potential Pressure (bar)   Constr. rmsd
   -4.49242e+06   -1.36914e+03    0.00000e+00

           Step           Time
           1365     1365.00000

   Energies (kJ/mol)
           Bond            U-B    Proper Dih.  Improper Dih.      CMAP Dih.
    1.71829e+03    5.71311e+03    9.57146e+03    2.78952e+02   -2.78828e+03
          LJ-14     Coulomb-14        LJ (SR)   Coulomb (SR)   Coul. recip.
    5.11438e+03    1.10570e+05    7.36794e+05   -5.37506e+06    1.56561e+04
      Potential Pressure (bar)   Constr. rmsd
   -4.49243e+06   -1.36875e+03    0.00000e+00

           Step           Time
           1366     1366.00000

           Step           Time
           1367     1367.00000

   Energies (kJ/mol)
           Bond            U-B    Proper Dih.  Improper Dih.      CMAP Dih.
    1.54215e+03    5.69046e+03    9.57157e+03    2.78977e+02   -2.78843e+03
          LJ-14     Coulomb-14        LJ (SR)   Coulomb (SR)   Coul. recip.
    5.11367e+03    1.10580e+05    7.36832e+05   -5.37515e+06    1.56559e+04
      Potential Pressure (bar)   Constr. rmsd
   -4.49267e+06   -1.36877e+03    0.00000e+00

           Step           Time
           1368     1368.00000

   Energies (kJ/mol)
           Bond            U-B    Proper Dih.  Improper Dih.      CMAP Dih.
    1.79707e+03    5.72235e+03    9.57202e+03    2.78857e+02   -2.78862e+03
          LJ-14     Coulomb-14        LJ (SR)   Coulomb (SR)   Coul. recip.
    5.11398e+03    1.10568e+05    7.37176e+05   -5.37581e+06    1.56421e+04
      Potential Pressure (bar)   Constr. rmsd
   -4.49273e+06   -1.36898e+03    0.00000e+00

           Step           Time
           1369     1369.00000

   Energies (kJ/mol)
           Bond            U-B    Proper Dih.  Improper Dih.      CMAP Dih.
    1.57171e+03    5.69167e+03    9.57218e+03    2.78879e+02   -2.78881e+03
          LJ-14     Coulomb-14        LJ (SR)   Coulomb (SR)   Coul. recip.
    5.11302e+03    1.10582e+05    7.37222e+05   -5.37592e+06    1.56421e+04
      Potential Pressure (bar)   Constr. rmsd
   -4.49303e+06   -1.36901e+03    0.00000e+00

           Step           Time
           1370     1370.00000

           Step           Time
           1371     1371.00000

   Energies (kJ/mol)
           Bond            U-B    Proper Dih.  Improper Dih.      CMAP Dih.
    1.59492e+03    5.69949e+03    9.57222e+03    2.78838e+02   -2.78879e+03
          LJ-14     Coulomb-14        LJ (SR)   Coulomb (SR)   Coul. recip.
    5.11352e+03    1.10573e+05    7.37290e+05   -5.37604e+06    1.56384e+04
      Potential Pressure (bar)   Constr. rmsd
   -4.49307e+06   -1.36905e+03    0.00000e+00

           Step           Time
           1372     1372.00000

   Energies (kJ/mol)
           Bond            U-B    Proper Dih.  Improper Dih.      CMAP Dih.
    1.60681e+03    5.69503e+03    9.57240e+03    2.78858e+02   -2.78895e+03
          LJ-14     Coulomb-14        LJ (SR)   Coulomb (SR)   Coul. recip.
    5.11279e+03    1.10583e+05    7.37357e+05   -5.37619e+06    1.56374e+04
      Potential Pressure (bar)   Constr. rmsd
   -4.49313e+06   -1.36909e+03    0.00000e+00

           Step           Time
           1373     1373.00000

   Energies (kJ/mol)
           Bond            U-B    Proper Dih.  Improper Dih.      CMAP Dih.
    1.65356e+03    5.70645e+03    9.57240e+03    2.78802e+02   -2.78889e+03
          LJ-14     Coulomb-14        LJ (SR)   Coulomb (SR)   Coul. recip.
    5.11353e+03    1.10570e+05    7.37421e+05   -5.37630e+06    1.56334e+04
      Potential Pressure (bar)   Constr. rmsd
   -4.49314e+06   -1.36913e+03    0.00000e+00

           Step           Time
           1374     1374.00000

   Energies (kJ/mol)
           Bond            U-B    Proper Dih.  Improper Dih.      CMAP Dih.
    1.68047e+03    5.70259e+03    9.57265e+03    2.78837e+02   -2.78910e+03
          LJ-14     Coulomb-14        LJ (SR)   Coulomb (SR)   Coul. recip.
    5.11251e+03    1.10585e+05    7.37491e+05   -5.37645e+06    1.56328e+04
      Potential Pressure (bar)   Constr. rmsd
   -4.49319e+06   -1.36917e+03    0.00000e+00

           Step           Time
           1375     1375.00000

           Step           Time
           1376     1376.00000

   Energies (kJ/mol)
           Bond            U-B    Proper Dih.  Improper Dih.      CMAP Dih.
    1.54215e+03    5.69220e+03    9.57258e+03    2.78794e+02   -2.78903e+03
          LJ-14     Coulomb-14        LJ (SR)   Coulomb (SR)   Coul. recip.
    5.11302e+03    1.10576e+05    7.37521e+05   -5.37651e+06    1.56304e+04
      Potential Pressure (bar)   Constr. rmsd
   -4.49337e+06   -1.36919e+03    0.00000e+00

           Step           Time
           1377     1377.00000

   Energies (kJ/mol)
           Bond            U-B    Proper Dih.  Improper Dih.      CMAP Dih.
    1.75859e+03    5.70966e+03    9.57314e+03    2.78786e+02   -2.78939e+03
          LJ-14     Coulomb-14        LJ (SR)   Coulomb (SR)   Coul. recip.
    5.11204e+03    1.10587e+05    7.37782e+05   -5.37703e+06    1.56226e+04
      Potential Pressure (bar)   Constr. rmsd
   -4.49339e+06   -1.36903e+03    0.00000e+00

           Step           Time
           1378     1378.00000

   Energies (kJ/mol)
           Bond            U-B    Proper Dih.  Improper Dih.      CMAP Dih.
    1.56281e+03    5.69567e+03    9.57303e+03    2.78721e+02   -2.78928e+03
          LJ-14     Coulomb-14        LJ (SR)   Coulomb (SR)   Coul. recip.
    5.11280e+03    1.10573e+05    7.37814e+05   -5.37708e+06    1.56195e+04
      Potential Pressure (bar)   Constr. rmsd
   -4.49364e+06   -1.36906e+03    0.00000e+00

           Step           Time
           1379     1379.00000

           Step           Time
           1380     1380.00000

   Energies (kJ/mol)
           Bond            U-B    Proper Dih.  Improper Dih.      CMAP Dih.
    1.58757e+03    5.69370e+03    9.57320e+03    2.78731e+02   -2.78943e+03
          LJ-14     Coulomb-14        LJ (SR)   Coulomb (SR)   Coul. recip.
    5.11223e+03    1.10581e+05    7.37887e+05   -5.37723e+06    1.56179e+04
      Potential Pressure (bar)   Constr. rmsd
   -4.49369e+06   -1.36910e+03    0.00000e+00

           Step           Time
           1381     1381.00000

   Energies (kJ/mol)
           Bond            U-B    Proper Dih.  Improper Dih.      CMAP Dih.
    1.59143e+03    5.69954e+03    9.57321e+03    2.78680e+02   -2.78938e+03
          LJ-14     Coulomb-14        LJ (SR)   Coulomb (SR)   Coul. recip.
    5.11276e+03    1.10571e+05    7.37945e+05   -5.37734e+06    1.56146e+04
      Potential Pressure (bar)   Constr. rmsd
   -4.49374e+06   -1.36914e+03    0.00000e+00

           Step           Time
           1382     1382.00000

   Energies (kJ/mol)
           Bond            U-B    Proper Dih.  Improper Dih.      CMAP Dih.
    1.63373e+03    5.69805e+03    9.57342e+03    2.78709e+02   -2.78956e+03
          LJ-14     Coulomb-14        LJ (SR)   Coulomb (SR)   Coul. recip.
    5.11198e+03    1.10582e+05    7.38018e+05   -5.37749e+06    1.56134e+04
      Potential Pressure (bar)   Constr. rmsd
   -4.49377e+06   -1.36918e+03    0.00000e+00

           Step           Time
           1383     1383.00000

   Energies (kJ/mol)
           Bond            U-B    Proper Dih.  Improper Dih.      CMAP Dih.
    1.65309e+03    5.70685e+03    9.57339e+03    2.78645e+02   -2.78947e+03
          LJ-14     Coulomb-14        LJ (SR)   Coulomb (SR)   Coul. recip.
    5.11278e+03    1.10569e+05    7.38075e+05   -5.37759e+06    1.56095e+04
      Potential Pressure (bar)   Constr. rmsd
   -4.49380e+06   -1.36922e+03    0.00000e+00

           Step           Time
           1384     1384.00000

           Step           Time
           1385     1385.00000

   Energies (kJ/mol)
           Bond            U-B    Proper Dih.  Improper Dih.      CMAP Dih.
    1.54236e+03    5.69130e+03    9.57350e+03    2.78664e+02   -2.78959e+03
          LJ-14     Coulomb-14        LJ (SR)   Coulomb (SR)   Coul. recip.
    5.11220e+03    1.10577e+05    7.38112e+05   -5.37767e+06    1.56091e+04
      Potential Pressure (bar)   Constr. rmsd
   -4.49397e+06   -1.36924e+03    0.00000e+00

           Step           Time
           1386     1386.00000

   Energies (kJ/mol)
           Bond            U-B    Proper Dih.  Improper Dih.      CMAP Dih.
    1.70436e+03    5.71306e+03    9.57395e+03    2.78548e+02   -2.78979e+03
          LJ-14     Coulomb-14        LJ (SR)   Coulomb (SR)   Coul. recip.
    5.11241e+03    1.10567e+05    7.38442e+05   -5.37831e+06    1.55960e+04
      Potential Pressure (bar)   Constr. rmsd
   -4.49412e+06   -1.36944e+03    0.00000e+00

           Step           Time
           1387     1387.00000

   Energies (kJ/mol)
           Bond            U-B    Proper Dih.  Improper Dih.      CMAP Dih.
    1.56187e+03    5.69201e+03    9.57408e+03    2.78570e+02   -2.78995e+03
          LJ-14     Coulomb-14        LJ (SR)   Coulomb (SR)   Coul. recip.
    5.11162e+03    1.10578e+05    7.38486e+05   -5.37841e+06    1.55957e+04
      Potential Pressure (bar)   Constr. rmsd
   -4.49433e+06   -1.36946e+03    0.00000e+00

           Step           Time
           1388     1388.00000

           Step           Time
           1389     1389.00000

   Energies (kJ/mol)
           Bond            U-B    Proper Dih.  Improper Dih.      CMAP Dih.
    1.57495e+03    5.69771e+03    9.57413e+03    2.78533e+02   -2.78994e+03
          LJ-14     Coulomb-14        LJ (SR)   Coulomb (SR)   Coul. recip.
    5.11201e+03    1.10571e+05    7.38554e+05   -5.37854e+06    1.55923e+04
      Potential Pressure (bar)   Constr. rmsd
   -4.49438e+06   -1.36950e+03    0.00000e+00

           Step           Time
           1390     1390.00000

   Energies (kJ/mol)
           Bond            U-B    Proper Dih.  Improper Dih.      CMAP Dih.
    1.58518e+03    5.69401e+03    9.57431e+03    2.78549e+02   -2.79008e+03
          LJ-14     Coulomb-14        LJ (SR)   Coulomb (SR)   Coul. recip.
    5.11140e+03    1.10579e+05    7.38618e+05   -5.37868e+06    1.55912e+04
      Potential Pressure (bar)   Constr. rmsd
   -4.49443e+06   -1.36954e+03    0.00000e+00

           Step           Time
           1391     1391.00000

   Energies (kJ/mol)
           Bond            U-B    Proper Dih.  Improper Dih.      CMAP Dih.
    1.61188e+03    5.70241e+03    9.57431e+03    2.78495e+02   -2.79003e+03
          LJ-14     Coulomb-14        LJ (SR)   Coulomb (SR)   Coul. recip.
    5.11197e+03    1.10569e+05    7.38682e+05   -5.37879e+06    1.55875e+04
      Potential Pressure (bar)   Constr. rmsd
   -4.49447e+06   -1.36958e+03    0.00000e+00

           Step           Time
           1392     1392.00000

   Energies (kJ/mol)
           Bond            U-B    Proper Dih.  Improper Dih.      CMAP Dih.
    1.63371e+03    5.69863e+03    9.57453e+03    2.78527e+02   -2.79021e+03
          LJ-14     Coulomb-14        LJ (SR)   Coulomb (SR)   Coul. recip.
    5.11114e+03    1.10581e+05    7.38750e+05   -5.37894e+06    1.55867e+04
      Potential Pressure (bar)   Constr. rmsd
   -4.49452e+06   -1.36962e+03    0.00000e+00

           Step           Time
           1393     1393.00000

           Step           Time
           1394     1394.00000

   Energies (kJ/mol)
           Bond            U-B    Proper Dih.  Improper Dih.      CMAP Dih.
    1.54193e+03    5.69273e+03    9.57449e+03    2.78493e+02   -2.79017e+03
          LJ-14     Coulomb-14        LJ (SR)   Coulomb (SR)   Coul. recip.
    5.11154e+03    1.10573e+05    7.38780e+05   -5.37899e+06    1.55845e+04
      Potential Pressure (bar)   Constr. rmsd
   -4.49464e+06   -1.36964e+03    0.00000e+00

           Step           Time
           1395     1395.00000

   Energies (kJ/mol)
           Bond            U-B    Proper Dih.  Improper Dih.      CMAP Dih.
    1.68439e+03    5.70305e+03    9.57501e+03    2.78456e+02   -2.79048e+03
          LJ-14     Coulomb-14        LJ (SR)   Coulomb (SR)   Coul. recip.
    5.11070e+03    1.10582e+05    7.39046e+05   -5.37952e+06    1.55762e+04
      Potential Pressure (bar)   Constr. rmsd
   -4.49476e+06   -1.36980e+03    0.00000e+00

           Step           Time
           1396     1396.00000

   Energies (kJ/mol)
           Bond            U-B    Proper Dih.  Improper Dih.      CMAP Dih.
    1.55463e+03    5.69518e+03    9.57493e+03    2.78409e+02   -2.79041e+03
          LJ-14     Coulomb-14        LJ (SR)   Coulomb (SR)   Coul. recip.
    5.11130e+03    1.10571e+05    7.39078e+05   -5.37958e+06    1.55735e+04
      Potential Pressure (bar)   Constr. rmsd
   -4.49493e+06   -1.36982e+03    0.00000e+00

           Step           Time
           1397     1397.00000

           Step           Time
           1398     1398.00000

   Energies (kJ/mol)
           Bond            U-B    Proper Dih.  Improper Dih.      CMAP Dih.
    1.57303e+03    5.69339e+03    9.57510e+03    2.78417e+02   -2.79054e+03
          LJ-14     Coulomb-14        LJ (SR)   Coulomb (SR)   Coul. recip.
    5.11084e+03    1.10577e+05    7.39150e+05   -5.37973e+06    1.55717e+04
      Potential Pressure (bar)   Constr. rmsd
   -4.49499e+06   -1.36986e+03    0.00000e+00

           Step           Time
           1399     1399.00000

   Energies (kJ/mol)
           Bond            U-B    Proper Dih.  Improper Dih.      CMAP Dih.
    1.57251e+03    5.69783e+03    9.57512e+03    2.78374e+02   -2.79052e+03
          LJ-14     Coulomb-14        LJ (SR)   Coulomb (SR)   Coul. recip.
    5.11124e+03    1.10569e+05    7.39207e+05   -5.37983e+06    1.55686e+04
      Potential Pressure (bar)   Constr. rmsd
   -4.49504e+06   -1.36990e+03    0.00000e+00

           Step           Time
           1400     1400.00000

   Energies (kJ/mol)
           Bond            U-B    Proper Dih.  Improper Dih.      CMAP Dih.
    1.60351e+03    5.69604e+03    9.57531e+03    2.78394e+02   -2.79067e+03
          LJ-14     Coulomb-14        LJ (SR)   Coulomb (SR)   Coul. recip.
    5.11060e+03    1.10578e+05    7.39279e+05   -5.37998e+06    1.55672e+04
      Potential Pressure (bar)   Constr. rmsd
   -4.49509e+06   -1.36994e+03    0.00000e+00

           Step           Time
           1401     1401.00000

   Energies (kJ/mol)
           Bond            U-B    Proper Dih.  Improper Dih.      CMAP Dih.
    1.61118e+03    5.70273e+03    9.57530e+03    2.78339e+02   -2.79061e+03
          LJ-14     Coulomb-14        LJ (SR)   Coulomb (SR)   Coul. recip.
    5.11123e+03    1.10567e+05    7.39336e+05   -5.38008e+06    1.55637e+04
      Potential Pressure (bar)   Constr. rmsd
   -4.49513e+06   -1.36998e+03    0.00000e+00

           Step           Time
           1402     1402.00000

   Energies (kJ/mol)
           Bond            U-B    Proper Dih.  Improper Dih.      CMAP Dih.
    1.66408e+03    5.70205e+03    9.57554e+03    2.78375e+02   -2.79081e+03
          LJ-14     Coulomb-14        LJ (SR)   Coulomb (SR)   Coul. recip.
    5.11034e+03    1.10580e+05    7.39409e+05   -5.38024e+06    1.55628e+04
      Potential Pressure (bar)   Constr. rmsd
   -4.49515e+06   -1.37002e+03    0.00000e+00

           Step           Time
           1403     1403.00000

   Energies (kJ/mol)
           Bond            U-B    Proper Dih.  Improper Dih.      CMAP Dih.
    1.69458e+03    5.71217e+03    9.57548e+03    2.78304e+02   -2.79070e+03
          LJ-14     Coulomb-14        LJ (SR)   Coulomb (SR)   Coul. recip.
    5.11127e+03    1.10564e+05    7.39463e+05   -5.38033e+06    1.55588e+04
      Potential Pressure (bar)   Constr. rmsd
   -4.49517e+06   -1.37006e+03    0.00000e+00

           Step           Time
           1404     1404.00000

           Step           Time
           1405     1405.00000

   Energies (kJ/mol)
           Bond            U-B    Proper Dih.  Improper Dih.      CMAP Dih.
    1.54399e+03    5.69240e+03    9.57560e+03    2.78328e+02   -2.79083e+03
          LJ-14     Coulomb-14        LJ (SR)   Coulomb (SR)   Coul. recip.
    5.11061e+03    1.10573e+05    7.39500e+05   -5.38041e+06    1.55585e+04
      Potential Pressure (bar)   Constr. rmsd
   -4.49537e+06   -1.37008e+03    0.00000e+00

           Step           Time
           1406     1406.00000

   Energies (kJ/mol)
           Bond            U-B    Proper Dih.  Improper Dih.      CMAP Dih.
    1.76259e+03    5.72023e+03    9.57604e+03    2.78202e+02   -2.79100e+03
          LJ-14     Coulomb-14        LJ (SR)   Coulomb (SR)   Coul. recip.
    5.11090e+03    1.10562e+05    7.39834e+05   -5.38106e+06    1.55451e+04
      Potential Pressure (bar)   Constr. rmsd
   -4.49546e+06   -1.37028e+03    0.00000e+00

           Step           Time
           1407     1407.00000

   Energies (kJ/mol)
           Bond            U-B    Proper Dih.  Improper Dih.      CMAP Dih.
    1.56928e+03    5.69339e+03    9.57620e+03    2.78231e+02   -2.79117e+03
          LJ-14     Coulomb-14        LJ (SR)   Coulomb (SR)   Coul. recip.
    5.11000e+03    1.10575e+05    7.39878e+05   -5.38116e+06    1.55450e+04
      Potential Pressure (bar)   Constr. rmsd
   -4.49573e+06   -1.37031e+03    0.00000e+00

           Step           Time
           1408     1408.00000

           Step           Time
           1409     1409.00000

   Energies (kJ/mol)
           Bond            U-B    Proper Dih.  Improper Dih.      CMAP Dih.
    1.58919e+03    5.70038e+03    9.57623e+03    2.78192e+02   -2.79115e+03
          LJ-14     Coulomb-14        LJ (SR)   Coulomb (SR)   Coul. recip.
    5.11046e+03    1.10566e+05    7.39945e+05   -5.38129e+06    1.55416e+04
      Potential Pressure (bar)   Constr. rmsd
   -4.49577e+06   -1.37035e+03    0.00000e+00

           Step           Time
           1410     1410.00000

   Energies (kJ/mol)
           Bond            U-B    Proper Dih.  Improper Dih.      CMAP Dih.
    1.59949e+03    5.69620e+03    9.57642e+03    2.78216e+02   -2.79130e+03
          LJ-14     Coulomb-14        LJ (SR)   Coulomb (SR)   Coul. recip.
    5.10978e+03    1.10576e+05    7.40008e+05   -5.38142e+06    1.55405e+04
      Potential Pressure (bar)   Constr. rmsd
   -4.49583e+06   -1.37038e+03    0.00000e+00

           Step           Time
           1411     1411.00000

   Energies (kJ/mol)
           Bond            U-B    Proper Dih.  Improper Dih.      CMAP Dih.
    1.63934e+03    5.70642e+03    9.57640e+03    2.78156e+02   -2.79124e+03
          LJ-14     Coulomb-14        LJ (SR)   Coulomb (SR)   Coul. recip.
    5.11046e+03    1.10564e+05    7.40071e+05   -5.38153e+06    1.55368e+04
      Potential Pressure (bar)   Constr. rmsd
   -4.49584e+06   -1.37042e+03    0.00000e+00

           Step           Time
           1412     1412.00000

   Energies (kJ/mol)
           Bond            U-B    Proper Dih.  Improper Dih.      CMAP Dih.
    1.66288e+03    5.70257e+03    9.57665e+03    2.78195e+02   -2.79143e+03
          LJ-14     Coulomb-14        LJ (SR)   Coulomb (SR)   Coul. recip.
    5.10951e+03    1.10578e+05    7.40138e+05   -5.38168e+06    1.55363e+04
      Potential Pressure (bar)   Constr. rmsd
   -4.49589e+06   -1.37046e+03    0.00000e+00

           Step           Time
           1413     1413.00000

           Step           Time
           1414     1414.00000

   Energies (kJ/mol)
           Bond            U-B    Proper Dih.  Improper Dih.      CMAP Dih.
    1.54398e+03    5.69399e+03    9.57658e+03    2.78154e+02   -2.79138e+03
          LJ-14     Coulomb-14        LJ (SR)   Coulomb (SR)   Coul. recip.
    5.10998e+03    1.10569e+05    7.40166e+05   -5.38173e+06    1.55340e+04
      Potential Pressure (bar)   Constr. rmsd
   -4.49605e+06   -1.37048e+03    0.00000e+00

           Step           Time
           1415     1415.00000

   Energies (kJ/mol)
           Bond            U-B    Proper Dih.  Improper Dih.      CMAP Dih.
    1.72960e+03    5.70861e+03    9.57711e+03    2.78137e+02   -2.79170e+03
          LJ-14     Coulomb-14        LJ (SR)   Coulomb (SR)   Coul. recip.
    5.10907e+03    1.10579e+05    7.40416e+05   -5.38223e+06    1.55264e+04
      Potential Pressure (bar)   Constr. rmsd
   -4.49610e+06   -1.37063e+03    0.00000e+00

           Step           Time
           1416     1416.00000

   Energies (kJ/mol)
           Bond            U-B    Proper Dih.  Improper Dih.      CMAP Dih.
    1.56169e+03    5.69703e+03    9.57700e+03    2.78077e+02   -2.79160e+03
          LJ-14     Coulomb-14        LJ (SR)   Coulomb (SR)   Coul. recip.
    5.10978e+03    1.10567e+05    7.40448e+05   -5.38228e+06    1.55235e+04
      Potential Pressure (bar)   Constr. rmsd
   -4.49631e+06   -1.37065e+03    0.00000e+00

           Step           Time
           1417     1417.00000

           Step           Time
           1418     1418.00000

   Energies (kJ/mol)
           Bond            U-B    Proper Dih.  Improper Dih.      CMAP Dih.
    1.58307e+03    5.69515e+03    9.57718e+03    2.78093e+02   -2.79174e+03
          LJ-14     Coulomb-14        LJ (SR)   Coulomb (SR)   Coul. recip.
    5.10925e+03    1.10574e+05    7.40517e+05   -5.38243e+06    1.55219e+04
      Potential Pressure (bar)   Constr. rmsd
   -4.49636e+06   -1.37069e+03    0.00000e+00

           Step           Time
           1419     1419.00000

   Energies (kJ/mol)
           Bond            U-B    Proper Dih.  Improper Dih.      CMAP Dih.
    1.58614e+03    5.70042e+03    9.57718e+03    2.78042e+02   -2.79169e+03
          LJ-14     Coulomb-14        LJ (SR)   Coulomb (SR)   Coul. recip.
    5.10974e+03    1.10565e+05    7.40574e+05   -5.38253e+06    1.55187e+04
      Potential Pressure (bar)   Constr. rmsd
   -4.49641e+06   -1.37073e+03    0.00000e+00

           Step           Time
           1420     1420.00000

   Energies (kJ/mol)
           Bond            U-B    Proper Dih.  Improper Dih.      CMAP Dih.
    1.62278e+03    5.69879e+03    9.57740e+03    2.78067e+02   -2.79186e+03
          LJ-14     Coulomb-14        LJ (SR)   Coulomb (SR)   Coul. recip.
    5.10901e+03    1.10575e+05    7.40644e+05   -5.38268e+06    1.55175e+04
      Potential Pressure (bar)   Constr. rmsd
   -4.49645e+06   -1.37077e+03    0.00000e+00

           Step           Time
           1421     1421.00000

   Energies (kJ/mol)
           Bond            U-B    Proper Dih.  Improper Dih.      CMAP Dih.
    1.63882e+03    5.70679e+03    9.57735e+03    2.78003e+02   -2.79177e+03
          LJ-14     Coulomb-14        LJ (SR)   Coulomb (SR)   Coul. recip.
    5.10975e+03    1.10563e+05    7.40700e+05   -5.38278e+06    1.55139e+04
      Potential Pressure (bar)   Constr. rmsd
   -4.49648e+06   -1.37080e+03    0.00000e+00

           Step           Time
           1422     1422.00000

   Energies (kJ/mol)
           Bond            U-B    Proper Dih.  Improper Dih.      CMAP Dih.
    1.70193e+03    5.70706e+03    9.57764e+03    2.78051e+02   -2.79199e+03
          LJ-14     Coulomb-14        LJ (SR)   Coulomb (SR)   Coul. recip.
    5.10873e+03    1.10577e+05    7.40771e+05   -5.38293e+06    1.55132e+04
      Potential Pressure (bar)   Constr. rmsd
   -4.49649e+06   -1.37084e+03    0.00000e+00

           Step           Time
           1423     1423.00000

           Step           Time
           1424     1424.00000

   Energies (kJ/mol)
           Bond            U-B    Proper Dih.  Improper Dih.      CMAP Dih.
    1.54290e+03    5.69405e+03    9.57756e+03    2.78003e+02   -2.79192e+03
          LJ-14     Coulomb-14        LJ (SR)   Coulomb (SR)   Coul. recip.
    5.10923e+03    1.10568e+05    7.40797e+05   -5.38297e+06    1.55110e+04
      Potential Pressure (bar)   Constr. rmsd
   -4.49669e+06   -1.37086e+03    0.00000e+00

           Step           Time
           1425     1425.00000

   Energies (kJ/mol)
           Bond            U-B    Proper Dih.  Improper Dih.      CMAP Dih.
    1.79079e+03    5.71437e+03    9.57836e+03    2.77944e+02   -2.79240e+03
          LJ-14     Coulomb-14        LJ (SR)   Coulomb (SR)   Coul. recip.
    5.10808e+03    1.10579e+05    7.41228e+05   -5.38383e+06    1.54970e+04
      Potential Pressure (bar)   Constr. rmsd
   -4.49685e+06   -1.37112e+03    0.00000e+00

           Step           Time
           1426     1426.00000

   Energies (kJ/mol)
           Bond            U-B    Proper Dih.  Improper Dih.      CMAP Dih.
    1.55728e+03    5.69681e+03    9.57822e+03    2.77878e+02   -2.79228e+03
          LJ-14     Coulomb-14        LJ (SR)   Coulomb (SR)   Coul. recip.
    5.10883e+03    1.10565e+05    7.41255e+05   -5.38387e+06    1.54941e+04
      Potential Pressure (bar)   Constr. rmsd
   -4.49713e+06   -1.37114e+03    0.00000e+00

           Step           Time
           1427     1427.00000

           Step           Time
           1428     1428.00000

   Energies (kJ/mol)
           Bond            U-B    Proper Dih.  Improper Dih.      CMAP Dih.
    1.60315e+03    5.69716e+03    9.57843e+03    2.77894e+02   -2.79244e+03
          LJ-14     Coulomb-14        LJ (SR)   Coulomb (SR)   Coul. recip.
    5.10826e+03    1.10573e+05    7.41339e+05   -5.38405e+06    1.54921e+04
      Potential Pressure (bar)   Constr. rmsd
   -4.49717e+06   -1.37119e+03    0.00000e+00

           Step           Time
           1429     1429.00000

   Energies (kJ/mol)
           Bond            U-B    Proper Dih.  Improper Dih.      CMAP Dih.
    1.58231e+03    5.70043e+03    9.57841e+03    2.77842e+02   -2.79238e+03
          LJ-14     Coulomb-14        LJ (SR)   Coulomb (SR)   Coul. recip.
    5.10880e+03    1.10563e+05    7.41387e+05   -5.38413e+06    1.54891e+04
      Potential Pressure (bar)   Constr. rmsd
   -4.49724e+06   -1.37122e+03    0.00000e+00

           Step           Time
           1430     1430.00000

   Energies (kJ/mol)
           Bond            U-B    Proper Dih.  Improper Dih.      CMAP Dih.
    1.65329e+03    5.70213e+03    9.57865e+03    2.77876e+02   -2.79257e+03
          LJ-14     Coulomb-14        LJ (SR)   Coulomb (SR)   Coul. recip.
    5.10802e+03    1.10574e+05    7.41466e+05   -5.38430e+06    1.54878e+04
      Potential Pressure (bar)   Constr. rmsd
   -4.49724e+06   -1.37126e+03    0.00000e+00

           Step           Time
           1431     1431.00000

   Energies (kJ/mol)
           Bond            U-B    Proper Dih.  Improper Dih.      CMAP Dih.
    1.63790e+03    5.70720e+03    9.57859e+03    2.77805e+02   -2.79246e+03
          LJ-14     Coulomb-14        LJ (SR)   Coulomb (SR)   Coul. recip.
    5.10883e+03    1.10560e+05    7.41515e+05   -5.38438e+06    1.54842e+04
      Potential Pressure (bar)   Constr. rmsd
   -4.49731e+06   -1.37130e+03    0.00000e+00

           Step           Time
           1432     1432.00000

           Step           Time
           1433     1433.00000

   Energies (kJ/mol)
           Bond            U-B    Proper Dih.  Improper Dih.      CMAP Dih.
    1.54863e+03    5.69380e+03    9.57873e+03    2.77827e+02   -2.79258e+03
          LJ-14     Coulomb-14        LJ (SR)   Coulomb (SR)   Coul. recip.
    5.10825e+03    1.10569e+05    7.41552e+05   -5.38446e+06    1.54837e+04
      Potential Pressure (bar)   Constr. rmsd
   -4.49745e+06   -1.37132e+03    0.00000e+00

           Step           Time
           1434     1434.00000

   Energies (kJ/mol)
           Bond            U-B    Proper Dih.  Improper Dih.      CMAP Dih.
    1.68831e+03    5.71311e+03    9.57893e+03    2.77743e+02   -2.79263e+03
          LJ-14     Coulomb-14        LJ (SR)   Coulomb (SR)   Coul. recip.
    5.10866e+03    1.10558e+05    7.41741e+05   -5.38483e+06    1.54758e+04
      Potential Pressure (bar)   Constr. rmsd
   -4.49748e+06   -1.37143e+03    0.00000e+00

           Step           Time
           1435     1435.00000

   Energies (kJ/mol)
           Bond            U-B    Proper Dih.  Improper Dih.      CMAP Dih.
    1.57196e+03    5.69514e+03    9.57908e+03    2.77774e+02   -2.79279e+03
          LJ-14     Coulomb-14        LJ (SR)   Coulomb (SR)   Coul. recip.
    5.10786e+03    1.10570e+05    7.41786e+05   -5.38493e+06    1.54756e+04
      Potential Pressure (bar)   Constr. rmsd
   -4.49766e+06   -1.37146e+03    0.00000e+00

           Step           Time
           1436     1436.00000

           Step           Time
           1437     1437.00000

   Energies (kJ/mol)
           Bond            U-B    Proper Dih.  Improper Dih.      CMAP Dih.
    1.56900e+03    5.69886e+03    9.57911e+03    2.77739e+02   -2.79277e+03
          LJ-14     Coulomb-14        LJ (SR)   Coulomb (SR)   Coul. recip.
    5.10825e+03    1.10563e+05    7.41840e+05   -5.38503e+06    1.54727e+04
      Potential Pressure (bar)   Constr. rmsd
   -4.49771e+06   -1.37149e+03    0.00000e+00

           Step           Time
           1438     1438.00000

   Energies (kJ/mol)
           Bond            U-B    Proper Dih.  Improper Dih.      CMAP Dih.
    1.59891e+03    5.69739e+03    9.57929e+03    2.77753e+02   -2.79291e+03
          LJ-14     Coulomb-14        LJ (SR)   Coulomb (SR)   Coul. recip.
    5.10765e+03    1.10571e+05    7.41910e+05   -5.38517e+06    1.54713e+04
      Potential Pressure (bar)   Constr. rmsd
   -4.49775e+06   -1.37153e+03    0.00000e+00

           Step           Time
           1439     1439.00000

   Energies (kJ/mol)
           Bond            U-B    Proper Dih.  Improper Dih.      CMAP Dih.
    1.60142e+03    5.70312e+03    9.57927e+03    2.77695e+02   -2.79285e+03
          LJ-14     Coulomb-14        LJ (SR)   Coulomb (SR)   Coul. recip.
    5.10823e+03    1.10561e+05    7.41964e+05   -5.38527e+06    1.54679e+04
      Potential Pressure (bar)   Constr. rmsd
   -4.49780e+06   -1.37157e+03    0.00000e+00

           Step           Time
           1440     1440.00000

   Energies (kJ/mol)
           Bond            U-B    Proper Dih.  Improper Dih.      CMAP Dih.
    1.65203e+03    5.70254e+03    9.57951e+03    2.77732e+02   -2.79303e+03
          LJ-14     Coulomb-14        LJ (SR)   Coulomb (SR)   Coul. recip.
    5.10740e+03    1.10572e+05    7.42035e+05   -5.38542e+06    1.54670e+04
      Potential Pressure (bar)   Constr. rmsd
   -4.49782e+06   -1.37161e+03    0.00000e+00

           Step           Time
           1441     1441.00000

   Energies (kJ/mol)
           Bond            U-B    Proper Dih.  Improper Dih.      CMAP Dih.
    1.67187e+03    5.71125e+03    9.57945e+03    2.77659e+02   -2.79293e+03
          LJ-14     Coulomb-14        LJ (SR)   Coulomb (SR)   Coul. recip.
    5.10827e+03    1.10558e+05    7.42087e+05   -5.38551e+06    1.54633e+04
      Potential Pressure (bar)   Constr. rmsd
   -4.49785e+06   -1.37164e+03    0.00000e+00

           Step           Time
           1442     1442.00000

           Step           Time
           1443     1443.00000

   Energies (kJ/mol)
           Bond            U-B    Proper Dih.  Improper Dih.      CMAP Dih.
    1.54628e+03    5.69421e+03    9.57957e+03    2.77683e+02   -2.79305e+03
          LJ-14     Coulomb-14        LJ (SR)   Coulomb (SR)   Coul. recip.
    5.10766e+03    1.10566e+05    7.42123e+05   -5.38559e+06    1.54629e+04
      Potential Pressure (bar)   Constr. rmsd
   -4.49802e+06   -1.37166e+03    0.00000e+00

           Step           Time
           1444     1444.00000

   Energies (kJ/mol)
           Bond            U-B    Proper Dih.  Improper Dih.      CMAP Dih.
    1.73086e+03    5.71818e+03    9.57993e+03    2.77577e+02   -2.79318e+03
          LJ-14     Coulomb-14        LJ (SR)   Coulomb (SR)   Coul. recip.
    5.10794e+03    1.10556e+05    7.42417e+05   -5.38616e+06    1.54511e+04
      Potential Pressure (bar)   Constr. rmsd
   -4.49811e+06   -1.37225e+03    0.00000e+00

           Step           Time
           1445     1445.00000

   Energies (kJ/mol)
           Bond            U-B    Proper Dih.  Improper Dih.      CMAP Dih.
    1.56875e+03    5.69512e+03    9.58010e+03    2.77608e+02   -2.79335e+03
          LJ-14     Coulomb-14        LJ (SR)   Coulomb (SR)   Coul. recip.
    5.10712e+03    1.10568e+05    7.42460e+05   -5.38626e+06    1.54509e+04
      Potential Pressure (bar)   Constr. rmsd
   -4.49834e+06   -1.37228e+03    0.00000e+00

           Step           Time
           1446     1446.00000

           Step           Time
           1447     1447.00000

   Energies (kJ/mol)
           Bond            U-B    Proper Dih.  Improper Dih.      CMAP Dih.
    1.58295e+03    5.70104e+03    9.58012e+03    2.77562e+02   -2.79332e+03
          LJ-14     Coulomb-14        LJ (SR)   Coulomb (SR)   Coul. recip.
    5.10754e+03    1.10560e+05    7.42523e+05   -5.38637e+06    1.54477e+04
      Potential Pressure (bar)   Constr. rmsd
   -4.49839e+06   -1.37232e+03    0.00000e+00

           Step           Time
           1448     1448.00000

   Energies (kJ/mol)
           Bond            U-B    Proper Dih.  Improper Dih.      CMAP Dih.
    1.59563e+03    5.69750e+03    9.58031e+03    2.77585e+02   -2.79346e+03
          LJ-14     Coulomb-14        LJ (SR)   Coulomb (SR)   Coul. recip.
    5.10690e+03    1.10569e+05    7.42585e+05   -5.38650e+06    1.54466e+04
      Potential Pressure (bar)   Constr. rmsd
   -4.49844e+06   -1.37235e+03    0.00000e+00

           Step           Time
           1449     1449.00000

   Energies (kJ/mol)
           Bond            U-B    Proper Dih.  Improper Dih.      CMAP Dih.
    1.62515e+03    5.70624e+03    9.58029e+03    2.77523e+02   -2.79340e+03
          LJ-14     Coulomb-14        LJ (SR)   Coulomb (SR)   Coul. recip.
    5.10753e+03    1.10558e+05    7.42644e+05   -5.38661e+06    1.54431e+04
      Potential Pressure (bar)   Constr. rmsd
   -4.49846e+06   -1.37239e+03    0.00000e+00

           Step           Time
           1450     1450.00000

   Energies (kJ/mol)
           Bond            U-B    Proper Dih.  Improper Dih.      CMAP Dih.
    1.65134e+03    5.70298e+03    9.58054e+03    2.77565e+02   -2.79358e+03
          LJ-14     Coulomb-14        LJ (SR)   Coulomb (SR)   Coul. recip.
    5.10665e+03    1.10571e+05    7.42710e+05   -5.38675e+06    1.54424e+04
      Potential Pressure (bar)   Constr. rmsd
   -4.49850e+06   -1.37243e+03    0.00000e+00

           Step           Time
           1451     1451.00000

           Step           Time
           1452     1452.00000

   Energies (kJ/mol)
           Bond            U-B    Proper Dih.  Improper Dih.      CMAP Dih.
    1.54540e+03    5.69554e+03    9.58048e+03    2.77519e+02   -2.79353e+03
          LJ-14     Coulomb-14        LJ (SR)   Coulomb (SR)   Coul. recip.
    5.10710e+03    1.10563e+05    7.42737e+05   -5.38680e+06    1.54403e+04
      Potential Pressure (bar)   Constr. rmsd
   -4.49865e+06   -1.37244e+03    0.00000e+00

           Step           Time
           1453     1453.00000

   Energies (kJ/mol)
           Bond            U-B    Proper Dih.  Improper Dih.      CMAP Dih.
    1.70991e+03    5.70817e+03    9.58098e+03    2.77507e+02   -2.79384e+03
          LJ-14     Coulomb-14        LJ (SR)   Coulomb (SR)   Coul. recip.
    5.10623e+03    1.10572e+05    7.42998e+05   -5.38732e+06    1.54322e+04
      Potential Pressure (bar)   Constr. rmsd
   -4.49873e+06   -1.37260e+03    0.00000e+00

           Step           Time
           1454     1454.00000

   Energies (kJ/mol)
           Bond            U-B    Proper Dih.  Improper Dih.      CMAP Dih.
    1.55973e+03    5.69816e+03    9.58089e+03    2.77436e+02   -2.79374e+03
          LJ-14     Coulomb-14        LJ (SR)   Coulomb (SR)   Coul. recip.
    5.10688e+03    1.10561e+05    7.43028e+05   -5.38737e+06    1.54294e+04
      Potential Pressure (bar)   Constr. rmsd
   -4.49892e+06   -1.37262e+03    0.00000e+00

           Step           Time
           1455     1455.00000

           Step           Time
           1456     1456.00000

   Energies (kJ/mol)
           Bond            U-B    Proper Dih.  Improper Dih.      CMAP Dih.
    1.58148e+03    5.69661e+03    9.58106e+03    2.77454e+02   -2.79387e+03
          LJ-14     Coulomb-14        LJ (SR)   Coulomb (SR)   Coul. recip.
    5.10638e+03    1.10567e+05    7.43098e+05   -5.38751e+06    1.54277e+04
      Potential Pressure (bar)   Constr. rmsd
   -4.49897e+06   -1.37266e+03    0.00000e+00

           Step           Time
           1457     1457.00000

   Energies (kJ/mol)
           Bond            U-B    Proper Dih.  Improper Dih.      CMAP Dih.
    1.58018e+03    5.70106e+03    9.58106e+03    2.77403e+02   -2.79383e+03
          LJ-14     Coulomb-14        LJ (SR)   Coulomb (SR)   Coul. recip.
    5.10683e+03    1.10559e+05    7.43151e+05   -5.38761e+06    1.54248e+04
      Potential Pressure (bar)   Constr. rmsd
   -4.49902e+06   -1.37270e+03    0.00000e+00

           Step           Time
           1458     1458.00000

   Energies (kJ/mol)
           Bond            U-B    Proper Dih.  Improper Dih.      CMAP Dih.
    1.61647e+03    5.69976e+03    9.58126e+03    2.77433e+02   -2.79398e+03
          LJ-14     Coulomb-14        LJ (SR)   Coulomb (SR)   Coul. recip.
    5.10616e+03    1.10568e+05    7.43220e+05   -5.38776e+06    1.54236e+04
      Potential Pressure (bar)   Constr. rmsd
   -4.49906e+06   -1.37274e+03    0.00000e+00

           Step           Time
           1459     1459.00000

   Energies (kJ/mol)
           Bond            U-B    Proper Dih.  Improper Dih.      CMAP Dih.
    1.62451e+03    5.70655e+03    9.58122e+03    2.77366e+02   -2.79391e+03
          LJ-14     Coulomb-14        LJ (SR)   Coulomb (SR)   Coul. recip.
    5.10684e+03    1.10557e+05    7.43273e+05   -5.38785e+06    1.54202e+04
      Potential Pressure (bar)   Constr. rmsd
   -4.49910e+06   -1.37277e+03    0.00000e+00

           Step           Time
           1460     1460.00000

   Energies (kJ/mol)
           Bond            U-B    Proper Dih.  Improper Dih.      CMAP Dih.
    1.68596e+03    5.70687e+03    9.58149e+03    2.77423e+02   -2.79411e+03
          LJ-14     Coulomb-14        LJ (SR)   Coulomb (SR)   Coul. recip.
    5.10590e+03    1.10570e+05    7.43343e+05   -5.38800e+06    1.54195e+04
      Potential Pressure (bar)   Constr. rmsd
   -4.49910e+06   -1.37281e+03    0.00000e+00

           Step           Time
           1461     1461.00000

   Energies (kJ/mol)
           Bond            U-B    Proper Dih.  Improper Dih.      CMAP Dih.
    1.72039e+03    5.71710e+03    9.58138e+03    2.77331e+02   -2.79397e+03
          LJ-14     Coulomb-14        LJ (SR)   Coulomb (SR)   Coul. recip.
    5.10692e+03    1.10553e+05    7.43394e+05   -5.38808e+06    1.54155e+04
      Potential Pressure (bar)   Constr. rmsd
   -4.49911e+06   -1.37285e+03    0.00000e+00

           Step           Time
           1462     1462.00000

           Step           Time
           1463     1463.00000

   Energies (kJ/mol)
           Bond            U-B    Proper Dih.  Improper Dih.      CMAP Dih.
    1.54775e+03    5.69516e+03    9.58151e+03    2.77367e+02   -2.79411e+03
          LJ-14     Coulomb-14        LJ (SR)   Coulomb (SR)   Coul. recip.
    5.10621e+03    1.10563e+05    7.43428e+05   -5.38816e+06    1.54153e+04
      Potential Pressure (bar)   Constr. rmsd
   -4.49934e+06   -1.37286e+03    0.00000e+00

           Step           Time
           1464     1464.00000

   Energies (kJ/mol)
           Bond            U-B    Proper Dih.  Improper Dih.      CMAP Dih.
    1.79816e+03    5.72618e+03    9.58190e+03    2.77227e+02   -2.79423e+03
          LJ-14     Coulomb-14        LJ (SR)   Coulomb (SR)   Coul. recip.
    5.10657e+03    1.10551e+05    7.43737e+05   -5.38876e+06    1.54029e+04
      Potential Pressure (bar)   Constr. rmsd
   -4.49937e+06   -1.37279e+03    0.00000e+00

           Step           Time
           1465     1465.00000

   Energies (kJ/mol)
           Bond            U-B    Proper Dih.  Improper Dih.      CMAP Dih.
    1.57682e+03    5.69641e+03    9.58207e+03    2.77273e+02   -2.79440e+03
          LJ-14     Coulomb-14        LJ (SR)   Coulomb (SR)   Coul. recip.
    5.10562e+03    1.10565e+05    7.43779e+05   -5.38886e+06    1.54028e+04
      Potential Pressure (bar)   Constr. rmsd
   -4.49967e+06   -1.37281e+03    0.00000e+00

           Step           Time
           1466     1466.00000

           Step           Time
           1467     1467.00000

   Energies (kJ/mol)
           Bond            U-B    Proper Dih.  Improper Dih.      CMAP Dih.
    1.59937e+03    5.70379e+03    9.58207e+03    2.77229e+02   -2.79437e+03
          LJ-14     Coulomb-14        LJ (SR)   Coulomb (SR)   Coul. recip.
    5.10613e+03    1.10556e+05    7.43841e+05   -5.38897e+06    1.53996e+04
      Potential Pressure (bar)   Constr. rmsd
   -4.49970e+06   -1.37285e+03    0.00000e+00

           Step           Time
           1468     1468.00000

   Energies (kJ/mol)
           Bond            U-B    Proper Dih.  Improper Dih.      CMAP Dih.
    1.61149e+03    5.69973e+03    9.58227e+03    2.77260e+02   -2.79452e+03
          LJ-14     Coulomb-14        LJ (SR)   Coulomb (SR)   Coul. recip.
    5.10542e+03    1.10566e+05    7.43903e+05   -5.38910e+06    1.53986e+04
      Potential Pressure (bar)   Constr. rmsd
   -4.49975e+06   -1.37288e+03    0.00000e+00

           Step           Time
           1469     1469.00000

   Energies (kJ/mol)
           Bond            U-B    Proper Dih.  Improper Dih.      CMAP Dih.
    1.65700e+03    5.71054e+03    9.58224e+03    2.77186e+02   -2.79445e+03
          LJ-14     Coulomb-14        LJ (SR)   Coulomb (SR)   Coul. recip.
    5.10615e+03    1.10554e+05    7.43961e+05   -5.38920e+06    1.53951e+04
      Potential Pressure (bar)   Constr. rmsd
   -4.49976e+06   -1.37292e+03    0.00000e+00

           Step           Time
           1470     1470.00000

   Energies (kJ/mol)
           Bond            U-B    Proper Dih.  Improper Dih.      CMAP Dih.
    1.68416e+03    5.70726e+03    9.58250e+03    2.77247e+02   -2.79464e+03
          LJ-14     Coulomb-14        LJ (SR)   Coulomb (SR)   Coul. recip.
    5.10515e+03    1.10569e+05    7.44026e+05   -5.38935e+06    1.53946e+04
      Potential Pressure (bar)   Constr. rmsd
   -4.49980e+06   -1.37295e+03    0.00000e+00

           Step           Time
           1471     1471.00000

           Step           Time
           1472     1472.00000

   Energies (kJ/mol)
           Bond            U-B    Proper Dih.  Improper Dih.      CMAP Dih.
    1.54756e+03    5.69667e+03    9.58242e+03    2.77189e+02   -2.79458e+03
          LJ-14     Coulomb-14        LJ (SR)   Coulomb (SR)   Coul. recip.
    5.10566e+03    1.10560e+05    7.44052e+05   -5.38939e+06    1.53923e+04
      Potential Pressure (bar)   Constr. rmsd
   -4.49997e+06   -1.37297e+03    0.00000e+00

           Step           Time
           1473     1473.00000

   Energies (kJ/mol)
           Bond            U-B    Proper Dih.  Improper Dih.      CMAP Dih.
    1.76121e+03    5.71430e+03    9.58293e+03    2.77195e+02   -2.79487e+03
          LJ-14     Coulomb-14        LJ (SR)   Coulomb (SR)   Coul. recip.
    5.10474e+03    1.10570e+05    7.44294e+05   -5.38987e+06    1.53851e+04
      Potential Pressure (bar)   Constr. rmsd
   -4.49998e+06   -1.37312e+03    0.00000e+00

           Step           Time
           1474     1474.00000

   Energies (kJ/mol)
           Bond            U-B    Proper Dih.  Improper Dih.      CMAP Dih.
    1.56778e+03    5.69995e+03    9.58279e+03    2.77110e+02   -2.79477e+03
          LJ-14     Coulomb-14        LJ (SR)   Coulomb (SR)   Coul. recip.
    5.10550e+03    1.10557e+05    7.44322e+05   -5.38992e+06    1.53822e+04
      Potential Pressure (bar)   Constr. rmsd
   -4.50022e+06   -1.37314e+03    0.00000e+00

           Step           Time
           1475     1475.00000

           Step           Time
           1476     1476.00000

   Energies (kJ/mol)
           Bond            U-B    Proper Dih.  Improper Dih.      CMAP Dih.
    1.59253e+03    5.69829e+03    9.58298e+03    2.77138e+02   -2.79490e+03
          LJ-14     Coulomb-14        LJ (SR)   Coulomb (SR)   Coul. recip.
    5.10494e+03    1.10564e+05    7.44389e+05   -5.39006e+06    1.53807e+04
      Potential Pressure (bar)   Constr. rmsd
   -4.50026e+06   -1.37278e+03    0.00000e+00

           Step           Time
           1477     1477.00000

   Energies (kJ/mol)
           Bond            U-B    Proper Dih.  Improper Dih.      CMAP Dih.
    1.59591e+03    5.70371e+03    9.58295e+03    2.77077e+02   -2.79484e+03
          LJ-14     Coulomb-14        LJ (SR)   Coulomb (SR)   Coul. recip.
    5.10548e+03    1.10555e+05    7.44442e+05   -5.39015e+06    1.53776e+04
      Potential Pressure (bar)   Constr. rmsd
   -4.50031e+06   -1.37282e+03    0.00000e+00

           Step           Time
           1478     1478.00000

   Energies (kJ/mol)
           Bond            U-B    Proper Dih.  Improper Dih.      CMAP Dih.
    1.63809e+03    5.70261e+03    9.58318e+03    2.77119e+02   -2.79501e+03
          LJ-14     Coulomb-14        LJ (SR)   Coulomb (SR)   Coul. recip.
    5.10470e+03    1.10566e+05    7.44509e+05   -5.39030e+06    1.53766e+04
      Potential Pressure (bar)   Constr. rmsd
   -4.50034e+06   -1.37285e+03    0.00000e+00

           Step           Time
           1479     1479.00000

   Energies (kJ/mol)
           Bond            U-B    Proper Dih.  Improper Dih.      CMAP Dih.
    1.65654e+03    5.71084e+03    9.58312e+03    2.77042e+02   -2.79492e+03
          LJ-14     Coulomb-14        LJ (SR)   Coulomb (SR)   Coul. recip.
    5.10551e+03    1.10552e+05    7.44561e+05   -5.39039e+06    1.53731e+04
      Potential Pressure (bar)   Constr. rmsd
   -4.50036e+06   -1.37289e+03    0.00000e+00

           Step           Time
           1480     1480.00000

           Step           Time
           1481     1481.00000

   Energies (kJ/mol)
           Bond            U-B    Proper Dih.  Improper Dih.      CMAP Dih.
    1.54780e+03    5.69576e+03    9.58324e+03    2.77068e+02   -2.79502e+03
          LJ-14     Coulomb-14        LJ (SR)   Coulomb (SR)   Coul. recip.
    5.10493e+03    1.10560e+05    7.44595e+05   -5.39046e+06    1.53728e+04
      Potential Pressure (bar)   Constr. rmsd
   -4.50052e+06   -1.37291e+03    0.00000e+00

           Step           Time
           1482     1482.00000

   Energies (kJ/mol)
           Bond            U-B    Proper Dih.  Improper Dih.      CMAP Dih.
    1.70727e+03    5.71686e+03    9.58359e+03    2.76951e+02   -2.79516e+03
          LJ-14     Coulomb-14        LJ (SR)   Coulomb (SR)   Coul. recip.
    5.10521e+03    1.10551e+05    7.44891e+05   -5.39104e+06    1.53609e+04
      Potential Pressure (bar)   Constr. rmsd
   -4.50064e+06   -1.37309e+03    0.00000e+00

           Step           Time
           1483     1483.00000

   Energies (kJ/mol)
           Bond            U-B    Proper Dih.  Improper Dih.      CMAP Dih.
    1.56706e+03    5.69645e+03    9.58375e+03    2.76990e+02   -2.79530e+03
          LJ-14     Coulomb-14        LJ (SR)   Coulomb (SR)   Coul. recip.
    5.10442e+03    1.10562e+05    7.44933e+05   -5.39113e+06    1.53606e+04
      Potential Pressure (bar)   Constr. rmsd
   -4.50084e+06   -1.37311e+03    0.00000e+00

           Step           Time
           1484     1484.00000

           Step           Time
           1485     1485.00000

   Energies (kJ/mol)
           Bond            U-B    Proper Dih.  Improper Dih.      CMAP Dih.
    1.57973e+03    5.70185e+03    9.58377e+03    2.76941e+02   -2.79528e+03
          LJ-14     Coulomb-14        LJ (SR)   Coulomb (SR)   Coul. recip.
    5.10482e+03    1.10555e+05    7.44994e+05   -5.39124e+06    1.53575e+04
      Potential Pressure (bar)   Constr. rmsd
   -4.50088e+06   -1.37315e+03    0.00000e+00

           Step           Time
           1486     1486.00000

   Energies (kJ/mol)
           Bond            U-B    Proper Dih.  Improper Dih.      CMAP Dih.
    1.59010e+03    5.69843e+03    9.58395e+03    2.76969e+02   -2.79541e+03
          LJ-14     Coulomb-14        LJ (SR)   Coulomb (SR)   Coul. recip.
    5.10422e+03    1.10563e+05    7.45053e+05   -5.39137e+06    1.53564e+04
      Potential Pressure (bar)   Constr. rmsd
   -4.50094e+06   -1.37318e+03    0.00000e+00

           Step           Time
           1487     1487.00000

   Energies (kJ/mol)
           Bond            U-B    Proper Dih.  Improper Dih.      CMAP Dih.
    1.61606e+03    5.70639e+03    9.58393e+03    2.76907e+02   -2.79536e+03
          LJ-14     Coulomb-14        LJ (SR)   Coulomb (SR)   Coul. recip.
    5.10481e+03    1.10553e+05    7.45112e+05   -5.39147e+06    1.53531e+04
      Potential Pressure (bar)   Constr. rmsd
   -4.50096e+06   -1.37286e+03    0.00000e+00

           Step           Time
           1488     1488.00000

   Energies (kJ/mol)
           Bond            U-B    Proper Dih.  Improper Dih.      CMAP Dih.
    1.63806e+03    5.70301e+03    9.58416e+03    2.76950e+02   -2.79552e+03
          LJ-14     Coulomb-14        LJ (SR)   Coulomb (SR)   Coul. recip.
    5.10399e+03    1.10564e+05    7.45174e+05   -5.39161e+06    1.53523e+04
      Potential Pressure (bar)   Constr. rmsd
   -4.50100e+06   -1.37289e+03    0.00000e+00

           Step           Time
           1489     1489.00000

           Step           Time
           1490     1490.00000

   Energies (kJ/mol)
           Bond            U-B    Proper Dih.  Improper Dih.      CMAP Dih.
    1.54723e+03    5.69696e+03    9.58410e+03    2.76906e+02   -2.79547e+03
          LJ-14     Coulomb-14        LJ (SR)   Coulomb (SR)   Coul. recip.
    5.10439e+03    1.10557e+05    7.45201e+05   -5.39165e+06    1.53505e+04
      Potential Pressure (bar)   Constr. rmsd
   -4.50113e+06   -1.37291e+03    0.00000e+00

           Step           Time
           1491     1491.00000

   Energies (kJ/mol)
           Bond            U-B    Proper Dih.  Improper Dih.      CMAP Dih.
    1.68819e+03    5.70739e+03    9.58458e+03    2.76886e+02   -2.79574e+03
          LJ-14     Coulomb-14        LJ (SR)   Coulomb (SR)   Coul. recip.
    5.10359e+03    1.10565e+05    7.45448e+05   -5.39214e+06    1.53427e+04
      Potential Pressure (bar)   Constr. rmsd
   -4.50122e+06   -1.37305e+03    0.00000e+00

           Step           Time
           1492     1492.00000

   Energies (kJ/mol)
           Bond            U-B    Proper Dih.  Improper Dih.      CMAP Dih.
    1.55967e+03    5.69928e+03    9.58449e+03    2.76823e+02   -2.79567e+03
          LJ-14     Coulomb-14        LJ (SR)   Coulomb (SR)   Coul. recip.
    5.10419e+03    1.10555e+05    7.45477e+05   -5.39219e+06    1.53402e+04
      Potential Pressure (bar)   Constr. rmsd
   -4.50139e+06   -1.37307e+03    0.00000e+00

           Step           Time
           1493     1493.00000

           Step           Time
           1494     1494.00000

   Energies (kJ/mol)
           Bond            U-B    Proper Dih.  Improper Dih.      CMAP Dih.
    1.57809e+03    5.69769e+03    9.58465e+03    2.76840e+02   -2.79578e+03
          LJ-14     Coulomb-14        LJ (SR)   Coulomb (SR)   Coul. recip.
    5.10373e+03    1.10561e+05    7.45543e+05   -5.39233e+06    1.53385e+04
      Potential Pressure (bar)   Constr. rmsd
   -4.50144e+06   -1.37341e+03    0.00000e+00

           Step           Time
           1495     1495.00000

   Energies (kJ/mol)
           Bond            U-B    Proper Dih.  Improper Dih.      CMAP Dih.
    1.57728e+03    5.70181e+03    9.58465e+03    2.76789e+02   -2.79574e+03
          LJ-14     Coulomb-14        LJ (SR)   Coulomb (SR)   Coul. recip.
    5.10416e+03    1.10553e+05    7.45595e+05   -5.39243e+06    1.53356e+04
      Potential Pressure (bar)   Constr. rmsd
   -4.50149e+06   -1.37344e+03    0.00000e+00

           Step           Time
           1496     1496.00000

   Energies (kJ/mol)
           Bond            U-B    Proper Dih.  Improper Dih.      CMAP Dih.
    1.60822e+03    5.70034e+03    9.58484e+03    2.76819e+02   -2.79588e+03
          LJ-14     Coulomb-14        LJ (SR)   Coulomb (SR)   Coul. recip.
    5.10353e+03    1.10562e+05    7.45662e+05   -5.39256e+06    1.53344e+04
      Potential Pressure (bar)   Constr. rmsd
   -4.50153e+06   -1.37348e+03    0.00000e+00

           Step           Time
           1497     1497.00000

   Energies (kJ/mol)
           Bond            U-B    Proper Dih.  Improper Dih.      CMAP Dih.
    1.61540e+03    5.70660e+03    9.58479e+03    2.76750e+02   -2.79581e+03
          LJ-14     Coulomb-14        LJ (SR)   Coulomb (SR)   Coul. recip.
    5.10416e+03    1.10551e+05    7.45713e+05   -5.39266e+06    1.53312e+04
      Potential Pressure (bar)   Constr. rmsd
   -4.50157e+06   -1.37351e+03    0.00000e+00

           Step           Time
           1498     1498.00000

   Energies (kJ/mol)
           Bond            U-B    Proper Dih.  Improper Dih.      CMAP Dih.
    1.66811e+03    5.70631e+03    9.58504e+03    2.76802e+02   -2.79599e+03
          LJ-14     Coulomb-14        LJ (SR)   Coulomb (SR)   Coul. recip.
    5.10328e+03    1.10564e+05    7.45780e+05   -5.39280e+06    1.53305e+04
      Potential Pressure (bar)   Constr. rmsd
   -4.50158e+06   -1.37355e+03    0.00000e+00

           Step           Time
           1499     1499.00000

   Energies (kJ/mol)
           Bond            U-B    Proper Dih.  Improper Dih.      CMAP Dih.
    1.69768e+03    5.71582e+03    9.58494e+03    2.76715e+02   -2.79588e+03
          LJ-14     Coulomb-14        LJ (SR)   Coulomb (SR)   Coul. recip.
    5.10422e+03    1.10548e+05    7.45830e+05   -5.39288e+06    1.53268e+04
      Potential Pressure (bar)   Constr. rmsd
   -4.50159e+06   -1.37359e+03    0.00000e+00

           Step           Time
           1500     1500.00000

           Step           Time
           1501     1501.00000

   Energies (kJ/mol)
           Bond            U-B    Proper Dih.  Improper Dih.      CMAP Dih.
    1.54928e+03    5.69653e+03    9.58507e+03    2.76753e+02   -2.79600e+03
          LJ-14     Coulomb-14        LJ (SR)   Coulomb (SR)   Coul. recip.
    5.10357e+03    1.10557e+05    7.45863e+05   -5.39296e+06    1.53264e+04
      Potential Pressure (bar)   Constr. rmsd
   -4.50180e+06   -1.37360e+03    0.00000e+00

           Step           Time
           1502     1502.00000

   Energies (kJ/mol)
           Bond            U-B    Proper Dih.  Improper Dih.      CMAP Dih.
    1.76504e+03    5.72375e+03    9.58541e+03    2.76609e+02   -2.79611e+03
          LJ-14     Coulomb-14        LJ (SR)   Coulomb (SR)   Coul. recip.
    5.10391e+03    1.10546e+05    7.46166e+05   -5.39354e+06    1.53143e+04
      Potential Pressure (bar)   Constr. rmsd
   -4.50186e+06   -1.37379e+03    0.00000e+00

           Step           Time
           1503     1503.00000

   Energies (kJ/mol)
           Bond            U-B    Proper Dih.  Improper Dih.      CMAP Dih.
    1.57426e+03    5.69753e+03    9.58559e+03    2.76659e+02   -2.79628e+03
          LJ-14     Coulomb-14        LJ (SR)   Coulomb (SR)   Coul. recip.
    5.10302e+03    1.10559e+05    7.46207e+05   -5.39364e+06    1.53143e+04
      Potential Pressure (bar)   Constr. rmsd
   -4.50212e+06   -1.37381e+03    0.00000e+00

           Step           Time
           1504     1504.00000

           Step           Time
           1505     1505.00000

   Energies (kJ/mol)
           Bond            U-B    Proper Dih.  Improper Dih.      CMAP Dih.
    1.59375e+03    5.70416e+03    9.58559e+03    2.76614e+02   -2.79625e+03
          LJ-14     Coulomb-14        LJ (SR)   Coulomb (SR)   Coul. recip.
    5.10349e+03    1.10551e+05    7.46267e+05   -5.39375e+06    1.53110e+04
      Potential Pressure (bar)   Constr. rmsd
   -4.50215e+06   -1.37385e+03    0.00000e+00

           Step           Time
           1506     1506.00000

   Energies (kJ/mol)
           Bond            U-B    Proper Dih.  Improper Dih.      CMAP Dih.
    1.60418e+03    5.70029e+03    9.58578e+03    2.76645e+02   -2.79638e+03
          LJ-14     Coulomb-14        LJ (SR)   Coulomb (SR)   Coul. recip.
    5.10283e+03    1.10560e+05    7.46326e+05   -5.39387e+06    1.53101e+04
      Potential Pressure (bar)   Constr. rmsd
   -4.50220e+06   -1.37388e+03    0.00000e+00

           Step           Time
           1507     1507.00000

   Energies (kJ/mol)
           Bond            U-B    Proper Dih.  Improper Dih.      CMAP Dih.
    1.64324e+03    5.71006e+03    9.58574e+03    2.76574e+02   -2.79631e+03
          LJ-14     Coulomb-14        LJ (SR)   Coulomb (SR)   Coul. recip.
    5.10352e+03    1.10549e+05    7.46383e+05   -5.39397e+06    1.53066e+04
      Potential Pressure (bar)   Constr. rmsd
   -4.50221e+06   -1.37392e+03    0.00000e+00

           Step           Time
           1508     1508.00000

   Energies (kJ/mol)
           Bond            U-B    Proper Dih.  Improper Dih.      CMAP Dih.
    1.66695e+03    5.70661e+03    9.58599e+03    2.76633e+02   -2.79649e+03
          LJ-14     Coulomb-14        LJ (SR)   Coulomb (SR)   Coul. recip.
    5.10258e+03    1.10562e+05    7.46445e+05   -5.39411e+06    1.53061e+04
      Potential Pressure (bar)   Constr. rmsd
   -4.50225e+06   -1.37395e+03    0.00000e+00

           Step           Time
           1509     1509.00000

           Step           Time
           1510     1510.00000

   Energies (kJ/mol)
           Bond            U-B    Proper Dih.  Improper Dih.      CMAP Dih.
    1.54913e+03    5.69788e+03    9.58592e+03    2.76577e+02   -2.79643e+03
          LJ-14     Coulomb-14        LJ (SR)   Coulomb (SR)   Coul. recip.
    5.10306e+03    1.10554e+05    7.46471e+05   -5.39415e+06    1.53040e+04
      Potential Pressure (bar)   Constr. rmsd
   -4.50241e+06   -1.37397e+03    0.00000e+00

           Step           Time
           1511     1511.00000

   Energies (kJ/mol)
           Bond            U-B    Proper Dih.  Improper Dih.      CMAP Dih.
    1.73299e+03    5.71262e+03    9.58639e+03    2.76578e+02   -2.79671e+03
          LJ-14     Coulomb-14        LJ (SR)   Coulomb (SR)   Coul. recip.
    5.10218e+03    1.10563e+05    7.46702e+05   -5.39461e+06    1.52970e+04
      Potential Pressure (bar)   Constr. rmsd
   -4.50244e+06   -1.37411e+03    0.00000e+00

           Step           Time
           1512     1512.00000

   Energies (kJ/mol)
           Bond            U-B    Proper Dih.  Improper Dih.      CMAP Dih.
    1.56655e+03    5.70078e+03    9.58625e+03    2.76500e+02   -2.79660e+03
          LJ-14     Coulomb-14        LJ (SR)   Coulomb (SR)   Coul. recip.
    5.10290e+03    1.10551e+05    7.46730e+05   -5.39466e+06    1.52943e+04
      Potential Pressure (bar)   Constr. rmsd
   -4.50265e+06   -1.37413e+03    0.00000e+00

           Step           Time
           1513     1513.00000

           Step           Time
           1514     1514.00000

   Energies (kJ/mol)
           Bond            U-B    Proper Dih.  Improper Dih.      CMAP Dih.
    1.58793e+03    5.69910e+03    9.58643e+03    2.76526e+02   -2.79673e+03
          LJ-14     Coulomb-14        LJ (SR)   Coulomb (SR)   Coul. recip.
    5.10238e+03    1.10558e+05    7.46795e+05   -5.39479e+06    1.52929e+04
      Potential Pressure (bar)   Constr. rmsd
   -4.50269e+06   -1.37417e+03    0.00000e+00

           Step           Time
           1515     1515.00000

   Energies (kJ/mol)
           Bond            U-B    Proper Dih.  Improper Dih.      CMAP Dih.
    1.59070e+03    5.70404e+03    9.58641e+03    2.76464e+02   -2.79667e+03
          LJ-14     Coulomb-14        LJ (SR)   Coulomb (SR)   Coul. recip.
    5.10288e+03    1.10550e+05    7.46846e+05   -5.39488e+06    1.52900e+04
      Potential Pressure (bar)   Constr. rmsd
   -4.50273e+06   -1.37420e+03    0.00000e+00

           Step           Time
           1516     1516.00000

   Energies (kJ/mol)
           Bond            U-B    Proper Dih.  Improper Dih.      CMAP Dih.
    1.62728e+03    5.70271e+03    9.58662e+03    2.76506e+02   -2.79683e+03
          LJ-14     Coulomb-14        LJ (SR)   Coulomb (SR)   Coul. recip.
    5.10216e+03    1.10560e+05    7.46911e+05   -5.39502e+06    1.52889e+04
      Potential Pressure (bar)   Constr. rmsd
   -4.50276e+06   -1.37423e+03    0.00000e+00

           Step           Time
           1517     1517.00000

   Energies (kJ/mol)
           Bond            U-B    Proper Dih.  Improper Dih.      CMAP Dih.
    1.64278e+03    5.71026e+03    9.58655e+03    2.76425e+02   -2.79674e+03
          LJ-14     Coulomb-14        LJ (SR)   Coulomb (SR)   Coul. recip.
    5.10290e+03    1.10547e+05    7.46961e+05   -5.39511e+06    1.52855e+04
      Potential Pressure (bar)   Constr. rmsd
   -4.50279e+06   -1.37427e+03    0.00000e+00

           Step           Time
           1518     1518.00000

   Energies (kJ/mol)
           Bond            U-B    Proper Dih.  Improper Dih.      CMAP Dih.
    1.70570e+03    5.71093e+03    9.58684e+03    2.76496e+02   -2.79694e+03
          LJ-14     Coulomb-14        LJ (SR)   Coulomb (SR)   Coul. recip.
    5.10190e+03    1.10562e+05    7.47028e+05   -5.39526e+06    1.52850e+04
      Potential Pressure (bar)   Constr. rmsd
   -4.50280e+06   -1.37430e+03    0.00000e+00

           Step           Time
           1519     1519.00000

           Step           Time
           1520     1520.00000

   Energies (kJ/mol)
           Bond            U-B    Proper Dih.  Improper Dih.      CMAP Dih.
    1.54800e+03    5.69781e+03    9.58674e+03    2.76431e+02   -2.79687e+03
          LJ-14     Coulomb-14        LJ (SR)   Coulomb (SR)   Coul. recip.
    5.10241e+03    1.10553e+05    7.47051e+05   -5.39529e+06    1.52829e+04
      Potential Pressure (bar)   Constr. rmsd
   -4.50299e+06   -1.37432e+03    0.00000e+00

           Step           Time
           1521     1521.00000

   Energies (kJ/mol)
           Bond            U-B    Proper Dih.  Improper Dih.      CMAP Dih.
    1.79389e+03    5.71809e+03    9.58748e+03    2.76402e+02   -2.79728e+03
          LJ-14     Coulomb-14        LJ (SR)   Coulomb (SR)   Coul. recip.
    5.10131e+03    1.10564e+05    7.47451e+05   -5.39609e+06    1.52699e+04
      Potential Pressure (bar)   Constr. rmsd
   -4.50312e+06   -1.37456e+03    0.00000e+00

           Step           Time
           1522     1522.00000

   Energies (kJ/mol)
           Bond            U-B    Proper Dih.  Improper Dih.      CMAP Dih.
    1.56214e+03    5.70034e+03    9.58731e+03    2.76312e+02   -2.79716e+03
          LJ-14     Coulomb-14        LJ (SR)   Coulomb (SR)   Coul. recip.
    5.10207e+03    1.10550e+05    7.47476e+05   -5.39612e+06    1.52672e+04
      Potential Pressure (bar)   Constr. rmsd
   -4.50340e+06   -1.37458e+03    0.00000e+00

           Step           Time
           1523     1523.00000

           Step           Time
           1524     1524.00000

   Energies (kJ/mol)
           Bond            U-B    Proper Dih.  Improper Dih.      CMAP Dih.
    1.60781e+03    5.70089e+03    9.58751e+03    2.76336e+02   -2.79729e+03
          LJ-14     Coulomb-14        LJ (SR)   Coulomb (SR)   Coul. recip.
    5.10152e+03    1.10558e+05    7.47553e+05   -5.39628e+06    1.52653e+04
      Potential Pressure (bar)   Constr. rmsd
   -4.50343e+06   -1.37462e+03    0.00000e+00

           Step           Time
           1525     1525.00000

   Energies (kJ/mol)
           Bond            U-B    Proper Dih.  Improper Dih.      CMAP Dih.
    1.58692e+03    5.70385e+03    9.58745e+03    2.76270e+02   -2.79723e+03
          LJ-14     Coulomb-14        LJ (SR)   Coulomb (SR)   Coul. recip.
    5.10207e+03    1.10548e+05    7.47597e+05   -5.39636e+06    1.52625e+04
      Potential Pressure (bar)   Constr. rmsd
   -4.50350e+06   -1.37465e+03    0.00000e+00

           Step           Time
           1526     1526.00000

           Step           Time
           1527     1527.00000

   Energies (kJ/mol)
           Bond            U-B    Proper Dih.  Improper Dih.      CMAP Dih.
    1.55236e+03    5.69718e+03    9.58757e+03    2.76289e+02   -2.79731e+03
          LJ-14     Coulomb-14        LJ (SR)   Coulomb (SR)   Coul. recip.
    5.10167e+03    1.10554e+05    7.47633e+05   -5.39644e+06    1.52619e+04
      Potential Pressure (bar)   Constr. rmsd
   -4.50357e+06   -1.37467e+03    0.00000e+00

           Step           Time
           1528     1528.00000

   Energies (kJ/mol)
           Bond            U-B    Proper Dih.  Improper Dih.      CMAP Dih.
    1.61026e+03    5.70681e+03    9.58768e+03    2.76224e+02   -2.79735e+03
          LJ-14     Coulomb-14        LJ (SR)   Coulomb (SR)   Coul. recip.
    5.10196e+03    1.10547e+05    7.47770e+05   -5.39670e+06    1.52561e+04
      Potential Pressure (bar)   Constr. rmsd
   -4.50364e+06   -1.37444e+03    0.00000e+00

           Step           Time
           1529     1529.00000

   Energies (kJ/mol)
           Bond            U-B    Proper Dih.  Improper Dih.      CMAP Dih.
    1.56532e+03    5.69784e+03    9.58783e+03    2.76252e+02   -2.79746e+03
          LJ-14     Coulomb-14        LJ (SR)   Coulomb (SR)   Coul. recip.
    5.10140e+03    1.10555e+05    7.47813e+05   -5.39679e+06    1.52556e+04
      Potential Pressure (bar)   Constr. rmsd
   -4.50374e+06   -1.37446e+03    0.00000e+00

           Step           Time
           1530     1530.00000

           Step           Time
           1531     1531.00000

   Energies (kJ/mol)
           Bond            U-B    Proper Dih.  Improper Dih.      CMAP Dih.
    1.55735e+03    5.69973e+03    9.58783e+03    2.76214e+02   -2.79744e+03
          LJ-14     Coulomb-14        LJ (SR)   Coulomb (SR)   Coul. recip.
    5.10166e+03    1.10550e+05    7.47858e+05   -5.39688e+06    1.52533e+04
      Potential Pressure (bar)   Constr. rmsd
   -4.50379e+06   -1.37449e+03    0.00000e+00

           Step           Time
           1532     1532.00000

   Energies (kJ/mol)
           Bond            U-B    Proper Dih.  Improper Dih.      CMAP Dih.
    1.57977e+03    5.69889e+03    9.58801e+03    2.76226e+02   -2.79755e+03
          LJ-14     Coulomb-14        LJ (SR)   Coulomb (SR)   Coul. recip.
    5.10122e+03    1.10556e+05    7.47929e+05   -5.39702e+06    1.52514e+04
      Potential Pressure (bar)   Constr. rmsd
   -4.50384e+06   -1.37453e+03    0.00000e+00

           Step           Time
           1533     1533.00000

   Energies (kJ/mol)
           Bond            U-B    Proper Dih.  Improper Dih.      CMAP Dih.
    1.57110e+03    5.70183e+03    9.58797e+03    2.76174e+02   -2.79751e+03
          LJ-14     Coulomb-14        LJ (SR)   Coulomb (SR)   Coul. recip.
    5.10162e+03    1.10548e+05    7.47975e+05   -5.39711e+06    1.52489e+04
      Potential Pressure (bar)   Constr. rmsd
   -4.50389e+06   -1.37456e+03    0.00000e+00

           Step           Time
           1534     1534.00000

   Energies (kJ/mol)
           Bond            U-B    Proper Dih.  Improper Dih.      CMAP Dih.
    1.60753e+03    5.70127e+03    9.58818e+03    2.76205e+02   -2.79764e+03
          LJ-14     Coulomb-14        LJ (SR)   Coulomb (SR)   Coul. recip.
    5.10102e+03    1.10557e+05    7.48044e+05   -5.39725e+06    1.52474e+04
      Potential Pressure (bar)   Constr. rmsd
   -4.50392e+06   -1.37460e+03    0.00000e+00

           Step           Time
           1535     1535.00000

   Energies (kJ/mol)
           Bond            U-B    Proper Dih.  Improper Dih.      CMAP Dih.
    1.60199e+03    5.70586e+03    9.58813e+03    2.76137e+02   -2.79758e+03
          LJ-14     Coulomb-14        LJ (SR)   Coulomb (SR)   Coul. recip.
    5.10161e+03    1.10546e+05    7.48091e+05   -5.39733e+06    1.52444e+04
      Potential Pressure (bar)   Constr. rmsd
   -4.50398e+06   -1.37463e+03    0.00000e+00

           Step           Time
           1536     1536.00000

   Energies (kJ/mol)
           Bond            U-B    Proper Dih.  Improper Dih.      CMAP Dih.
    1.66177e+03    5.70660e+03    9.58839e+03    2.76192e+02   -2.79775e+03
          LJ-14     Coulomb-14        LJ (SR)   Coulomb (SR)   Coul. recip.
    5.10078e+03    1.10558e+05    7.48158e+05   -5.39748e+06    1.52435e+04
      Potential Pressure (bar)   Constr. rmsd
   -4.50398e+06   -1.37467e+03    0.00000e+00

           Step           Time
           1537     1537.00000

   Energies (kJ/mol)
           Bond            U-B    Proper Dih.  Improper Dih.      CMAP Dih.
    1.67003e+03    5.71371e+03    9.58827e+03    2.76096e+02   -2.79764e+03
          LJ-14     Coulomb-14        LJ (SR)   Coulomb (SR)   Coul. recip.
    5.10167e+03    1.10544e+05    7.48204e+05   -5.39755e+06    1.52401e+04
      Potential Pressure (bar)   Constr. rmsd
   -4.50401e+06   -1.37470e+03    0.00000e+00

           Step           Time
           1538     1538.00000

           Step           Time
           1539     1539.00000

   Energies (kJ/mol)
           Bond            U-B    Proper Dih.  Improper Dih.      CMAP Dih.
    1.55218e+03    5.69762e+03    9.58841e+03    2.76138e+02   -2.79775e+03
          LJ-14     Coulomb-14        LJ (SR)   Coulomb (SR)   Coul. recip.
    5.10106e+03    1.10552e+05    7.48238e+05   -5.39763e+06    1.52397e+04
      Potential Pressure (bar)   Constr. rmsd
   -4.50418e+06   -1.37417e+03    0.00000e+00

           Step           Time
           1540     1540.00000

   Energies (kJ/mol)
           Bond            U-B    Proper Dih.  Improper Dih.      CMAP Dih.
    1.72891e+03    5.72041e+03    9.58862e+03    2.76018e+02   -2.79781e+03
          LJ-14     Coulomb-14        LJ (SR)   Coulomb (SR)   Coul. recip.
    5.10146e+03    1.10542e+05    7.48466e+05   -5.39807e+06    1.52304e+04
      Potential Pressure (bar)   Constr. rmsd
   -4.50421e+06   -1.37435e+03    0.00000e+00

           Step           Time
           1541     1541.00000

   Energies (kJ/mol)
           Bond            U-B    Proper Dih.  Improper Dih.      CMAP Dih.
    1.57567e+03    5.69872e+03    9.58880e+03    2.76075e+02   -2.79796e+03
          LJ-14     Coulomb-14        LJ (SR)   Coulomb (SR)   Coul. recip.
    5.10063e+03    1.10554e+05    7.48506e+05   -5.39816e+06    1.52303e+04
      Potential Pressure (bar)   Constr. rmsd
   -4.50442e+06   -1.37437e+03    0.00000e+00

           Step           Time
           1542     1542.00000

           Step           Time
           1543     1543.00000

   Energies (kJ/mol)
           Bond            U-B    Proper Dih.  Improper Dih.      CMAP Dih.
    1.58472e+03    5.70380e+03    9.58878e+03    2.76023e+02   -2.79793e+03
          LJ-14     Coulomb-14        LJ (SR)   Coulomb (SR)   Coul. recip.
    5.10106e+03    1.10546e+05    7.48561e+05   -5.39826e+06    1.52273e+04
      Potential Pressure (bar)   Constr. rmsd
   -4.50446e+06   -1.37440e+03    0.00000e+00

           Step           Time
           1544     1544.00000

   Energies (kJ/mol)
           Bond            U-B    Proper Dih.  Improper Dih.      CMAP Dih.
    1.60360e+03    5.70116e+03    9.58898e+03    2.76058e+02   -2.79806e+03
          LJ-14     Coulomb-14        LJ (SR)   Coulomb (SR)   Coul. recip.
    5.10044e+03    1.10555e+05    7.48621e+05   -5.39838e+06    1.52263e+04
      Potential Pressure (bar)   Constr. rmsd
   -4.50451e+06   -1.37444e+03    0.00000e+00

           Step           Time
           1545     1545.00000

   Energies (kJ/mol)
           Bond            U-B    Proper Dih.  Improper Dih.      CMAP Dih.
    1.62524e+03    5.70878e+03    9.58892e+03    2.75983e+02   -2.79799e+03
          LJ-14     Coulomb-14        LJ (SR)   Coulomb (SR)   Coul. recip.
    5.10108e+03    1.10544e+05    7.48673e+05   -5.39848e+06    1.52231e+04
      Potential Pressure (bar)   Constr. rmsd
   -4.50453e+06   -1.37447e+03    0.00000e+00

           Step           Time
           1546     1546.00000

   Energies (kJ/mol)
           Bond            U-B    Proper Dih.  Improper Dih.      CMAP Dih.
    1.66051e+03    5.70679e+03    9.58917e+03    2.76046e+02   -2.79816e+03
          LJ-14     Coulomb-14        LJ (SR)   Coulomb (SR)   Coul. recip.
    5.10021e+03    1.10557e+05    7.48735e+05   -5.39861e+06    1.52224e+04
      Potential Pressure (bar)   Constr. rmsd
   -4.50456e+06   -1.37490e+03    0.00000e+00

           Step           Time
           1547     1547.00000

           Step           Time
           1548     1548.00000

   Energies (kJ/mol)
           Bond            U-B    Proper Dih.  Improper Dih.      CMAP Dih.
    1.54970e+03    5.69857e+03    9.58908e+03    2.75988e+02   -2.79810e+03
          LJ-14     Coulomb-14        LJ (SR)   Coulomb (SR)   Coul. recip.
    5.10065e+03    1.10549e+05    7.48759e+05   -5.39865e+06    1.52205e+04
      Potential Pressure (bar)   Constr. rmsd
   -4.50470e+06   -1.37466e+03    0.00000e+00

           Step           Time
           1549     1549.00000

   Energies (kJ/mol)
           Bond            U-B    Proper Dih.  Improper Dih.      CMAP Dih.
    1.72116e+03    5.71198e+03    9.58962e+03    2.75988e+02   -2.79840e+03
          LJ-14     Coulomb-14        LJ (SR)   Coulomb (SR)   Coul. recip.
    5.09977e+03    1.10559e+05    7.49044e+05   -5.39922e+06    1.52113e+04
      Potential Pressure (bar)   Constr. rmsd
   -4.50480e+06   -1.37525e+03    0.00000e+00

           Step           Time
           1550     1550.00000

   Energies (kJ/mol)
           Bond            U-B    Proper Dih.  Improper Dih.      CMAP Dih.
    1.56246e+03    5.70084e+03    9.58949e+03    2.75897e+02   -2.79831e+03
          LJ-14     Coulomb-14        LJ (SR)   Coulomb (SR)   Coul. recip.
    5.10043e+03    1.10547e+05    7.49070e+05   -5.39926e+06    1.52088e+04
      Potential Pressure (bar)   Constr. rmsd
   -4.50500e+06   -1.37527e+03    0.00000e+00

           Step           Time
           1551     1551.00000

           Step           Time
           1552     1552.00000

   Energies (kJ/mol)
           Bond            U-B    Proper Dih.  Improper Dih.      CMAP Dih.
    1.58933e+03    5.70001e+03    9.58968e+03    2.75920e+02   -2.79842e+03
          LJ-14     Coulomb-14        LJ (SR)   Coulomb (SR)   Coul. recip.
    5.09994e+03    1.10554e+05    7.49138e+05   -5.39940e+06    1.52072e+04
      Potential Pressure (bar)   Constr. rmsd
   -4.50504e+06   -1.37531e+03    0.00000e+00

           Step           Time
           1553     1553.00000

   Energies (kJ/mol)
           Bond            U-B    Proper Dih.  Improper Dih.      CMAP Dih.
    1.58192e+03    5.70363e+03    9.58963e+03    2.75858e+02   -2.79837e+03
          LJ-14     Coulomb-14        LJ (SR)   Coulomb (SR)   Coul. recip.
    5.10041e+03    1.10545e+05    7.49185e+05   -5.39948e+06    1.52045e+04
      Potential Pressure (bar)   Constr. rmsd
   -4.50510e+06   -1.37534e+03    0.00000e+00

           Step           Time
           1554     1554.00000

   Energies (kJ/mol)
           Bond            U-B    Proper Dih.  Improper Dih.      CMAP Dih.
    1.62527e+03    5.70332e+03    9.58985e+03    2.75902e+02   -2.79851e+03
          LJ-14     Coulomb-14        LJ (SR)   Coulomb (SR)   Coul. recip.
    5.09974e+03    1.10555e+05    7.49251e+05   -5.39962e+06    1.52033e+04
      Potential Pressure (bar)   Constr. rmsd
   -4.50512e+06   -1.37538e+03    0.00000e+00

           Step           Time
           1555     1555.00000

   Energies (kJ/mol)
           Bond            U-B    Proper Dih.  Improper Dih.      CMAP Dih.
    1.62464e+03    5.70889e+03    9.58977e+03    2.75817e+02   -2.79843e+03
          LJ-14     Coulomb-14        LJ (SR)   Coulomb (SR)   Coul. recip.
    5.10043e+03    1.10543e+05    7.49297e+05   -5.39970e+06    1.52002e+04
      Potential Pressure (bar)   Constr. rmsd
   -4.50516e+06   -1.37541e+03    0.00000e+00

           Step           Time
           1556     1556.00000

           Step           Time
           1557     1557.00000

   Energies (kJ/mol)
           Bond            U-B    Proper Dih.  Improper Dih.      CMAP Dih.
    1.55223e+03    5.69794e+03    9.58989e+03    2.75849e+02   -2.79852e+03
          LJ-14     Coulomb-14        LJ (SR)   Coulomb (SR)   Coul. recip.
    5.09995e+03    1.10550e+05    7.49330e+05   -5.39977e+06    1.51998e+04
      Potential Pressure (bar)   Constr. rmsd
   -4.50528e+06   -1.37542e+03    0.00000e+00

           Step           Time
           1558     1558.00000

   Energies (kJ/mol)
           Bond            U-B    Proper Dih.  Improper Dih.      CMAP Dih.
    1.66271e+03    5.71340e+03    9.59008e+03    2.75751e+02   -2.79859e+03
          LJ-14     Coulomb-14        LJ (SR)   Coulomb (SR)   Coul. recip.
    5.10026e+03    1.10541e+05    7.49538e+05   -5.40018e+06    1.51913e+04
      Potential Pressure (bar)   Constr. rmsd
   -4.50536e+06   -1.37555e+03    0.00000e+00

           Step           Time
           1559     1559.00000

   Energies (kJ/mol)
           Bond            U-B    Proper Dih.  Improper Dih.      CMAP Dih.
    1.56820e+03    5.69862e+03    9.59023e+03    2.75798e+02   -2.79872e+03
          LJ-14     Coulomb-14        LJ (SR)   Coulomb (SR)   Coul. recip.
    5.09957e+03    1.10551e+05    7.49577e+05   -5.40026e+06    1.51909e+04
      Potential Pressure (bar)   Constr. rmsd
   -4.50551e+06   -1.37557e+03    0.00000e+00

           Step           Time
           1560     1560.00000

           Step           Time
           1561     1561.00000

   Energies (kJ/mol)
           Bond            U-B    Proper Dih.  Improper Dih.      CMAP Dih.
    1.57115e+03    5.70225e+03    9.59025e+03    2.75748e+02   -2.79869e+03
          LJ-14     Coulomb-14        LJ (SR)   Coulomb (SR)   Coul. recip.
    5.09991e+03    1.10545e+05    7.49630e+05   -5.40036e+06    1.51883e+04
      Potential Pressure (bar)   Constr. rmsd
   -4.50556e+06   -1.37561e+03    0.00000e+00

           Step           Time
           1562     1562.00000

   Energies (kJ/mol)
           Bond            U-B    Proper Dih.  Improper Dih.      CMAP Dih.
    1.58706e+03    5.70009e+03    9.59042e+03    2.75777e+02   -2.79881e+03
          LJ-14     Coulomb-14        LJ (SR)   Coulomb (SR)   Coul. recip.
    5.09940e+03    1.10552e+05    7.49689e+05   -5.40048e+06    1.51871e+04
      Potential Pressure (bar)   Constr. rmsd
   -4.50560e+06   -1.37564e+03    0.00000e+00

           Step           Time
           1563     1563.00000

   Energies (kJ/mol)
           Bond            U-B    Proper Dih.  Improper Dih.      CMAP Dih.
    1.59641e+03    5.70557e+03    9.59037e+03    2.75708e+02   -2.79875e+03
          LJ-14     Coulomb-14        LJ (SR)   Coulomb (SR)   Coul. recip.
    5.09990e+03    1.10543e+05    7.49741e+05   -5.40058e+06    1.51842e+04
      Potential Pressure (bar)   Constr. rmsd
   -4.50564e+06   -1.37567e+03    0.00000e+00

           Step           Time
           1564     1564.00000

   Energies (kJ/mol)
           Bond            U-B    Proper Dih.  Improper Dih.      CMAP Dih.
    1.62509e+03    5.70356e+03    9.59058e+03    2.75760e+02   -2.79890e+03
          LJ-14     Coulomb-14        LJ (SR)   Coulomb (SR)   Coul. recip.
    5.09919e+03    1.10554e+05    7.49801e+05   -5.40070e+06    1.51833e+04
      Potential Pressure (bar)   Constr. rmsd
   -4.50567e+06   -1.37571e+03    0.00000e+00

           Step           Time
           1565     1565.00000

   Energies (kJ/mol)
           Bond            U-B    Proper Dih.  Improper Dih.      CMAP Dih.
    1.65020e+03    5.71190e+03    9.59050e+03    2.75670e+02   -2.79881e+03
          LJ-14     Coulomb-14        LJ (SR)   Coulomb (SR)   Coul. recip.
    5.09994e+03    1.10541e+05    7.49851e+05   -5.40079e+06    1.51799e+04
      Potential Pressure (bar)   Constr. rmsd
   -4.50569e+06   -1.37574e+03    0.00000e+00

           Step           Time
           1566     1566.00000

   Energies (kJ/mol)
           Bond            U-B    Proper Dih.  Improper Dih.      CMAP Dih.
    1.70167e+03    5.71155e+03    9.59079e+03    2.75758e+02   -2.79901e+03
          LJ-14     Coulomb-14        LJ (SR)   Coulomb (SR)   Coul. recip.
    5.09894e+03    1.10556e+05    7.49914e+05   -5.40092e+06    1.51794e+04
      Potential Pressure (bar)   Constr. rmsd
   -4.50570e+06   -1.37577e+03    0.00000e+00

           Step           Time
           1567     1567.00000

           Step           Time
           1568     1568.00000

   Energies (kJ/mol)
           Bond            U-B    Proper Dih.  Improper Dih.      CMAP Dih.
    1.55076e+03    5.69909e+03    9.59067e+03    2.75684e+02   -2.79894e+03
          LJ-14     Coulomb-14        LJ (SR)   Coulomb (SR)   Coul. recip.
    5.09945e+03    1.10547e+05    7.49936e+05   -5.40096e+06    1.51773e+04
      Potential Pressure (bar)   Constr. rmsd
   -4.50588e+06   -1.37579e+03    0.00000e+00

           Step           Time
           1569     1569.00000

   Energies (kJ/mol)
           Bond            U-B    Proper Dih.  Improper Dih.      CMAP Dih.
    1.78519e+03    5.71863e+03    9.59127e+03    2.75686e+02   -2.79926e+03
          LJ-14     Coulomb-14        LJ (SR)   Coulomb (SR)   Coul. recip.
    5.09847e+03    1.10558e+05    7.50247e+05   -5.40158e+06    1.51676e+04
      Potential Pressure (bar)   Constr. rmsd
   -4.50594e+06   -1.37597e+03    0.00000e+00

           Step           Time
           1570     1570.00000

   Energies (kJ/mol)
           Bond            U-B    Proper Dih.  Improper Dih.      CMAP Dih.
    1.56700e+03    5.70182e+03    9.59110e+03    2.75581e+02   -2.79914e+03
          LJ-14     Coulomb-14        LJ (SR)   Coulomb (SR)   Coul. recip.
    5.09923e+03    1.10544e+05    7.50271e+05   -5.40162e+06    1.51649e+04
      Potential Pressure (bar)   Constr. rmsd
   -4.50620e+06   -1.37599e+03    0.00000e+00

           Step           Time
           1571     1571.00000

           Step           Time
           1572     1572.00000

   Energies (kJ/mol)
           Bond            U-B    Proper Dih.  Improper Dih.      CMAP Dih.
    1.60553e+03    5.70170e+03    9.59130e+03    2.75616e+02   -2.79927e+03
          LJ-14     Coulomb-14        LJ (SR)   Coulomb (SR)   Coul. recip.
    5.09868e+03    1.10552e+05    7.50341e+05   -5.40176e+06    1.51633e+04
      Potential Pressure (bar)   Constr. rmsd
   -4.50623e+06   -1.37603e+03    0.00000e+00

           Step           Time
           1573     1573.00000

   Energies (kJ/mol)
           Bond            U-B    Proper Dih.  Improper Dih.      CMAP Dih.
    1.59290e+03    5.70536e+03    9.59124e+03    2.75544e+02   -2.79921e+03
          LJ-14     Coulomb-14        LJ (SR)   Coulomb (SR)   Coul. recip.
    5.09924e+03    1.10542e+05    7.50385e+05   -5.40184e+06    1.51606e+04
      Potential Pressure (bar)   Constr. rmsd
   -4.50629e+06   -1.37606e+03    0.00000e+00

           Step           Time
           1574     1574.00000

   Energies (kJ/mol)
           Bond            U-B    Proper Dih.  Improper Dih.      CMAP Dih.
    1.65388e+03    5.70644e+03    9.59148e+03    2.75604e+02   -2.79936e+03
          LJ-14     Coulomb-14        LJ (SR)   Coulomb (SR)   Coul. recip.
    5.09846e+03    1.10553e+05    7.50452e+05   -5.40198e+06    1.51595e+04
      Potential Pressure (bar)   Constr. rmsd
   -4.50629e+06   -1.37610e+03    0.00000e+00

           Step           Time
           1575     1575.00000

   Energies (kJ/mol)
           Bond            U-B    Proper Dih.  Improper Dih.      CMAP Dih.
    1.64992e+03    5.71211e+03    9.59136e+03    2.75501e+02   -2.79926e+03
          LJ-14     Coulomb-14        LJ (SR)   Coulomb (SR)   Coul. recip.
    5.09929e+03    1.10540e+05    7.50496e+05   -5.40206e+06    1.51563e+04
      Potential Pressure (bar)   Constr. rmsd
   -4.50634e+06   -1.37613e+03    0.00000e+00

           Step           Time
           1576     1576.00000

           Step           Time
           1577     1577.00000

   Energies (kJ/mol)
           Bond            U-B    Proper Dih.  Improper Dih.      CMAP Dih.
    1.55454e+03    5.69845e+03    9.59150e+03    2.75540e+02   -2.79936e+03
          LJ-14     Coulomb-14        LJ (SR)   Coulomb (SR)   Coul. recip.
    5.09871e+03    1.10548e+05    7.50528e+05   -5.40213e+06    1.51560e+04
      Potential Pressure (bar)   Constr. rmsd
   -4.50648e+06   -1.37615e+03    0.00000e+00

           Step           Time
           1578     1578.00000

   Energies (kJ/mol)
           Bond            U-B    Proper Dih.  Improper Dih.      CMAP Dih.
    1.70067e+03    5.71793e+03    9.59164e+03    2.75439e+02   -2.79940e+03
          LJ-14     Coulomb-14        LJ (SR)   Coulomb (SR)   Coul. recip.
    5.09914e+03    1.10538e+05    7.50719e+05   -5.40249e+06    1.51480e+04
      Potential Pressure (bar)   Constr. rmsd
   -4.50650e+06   -1.37627e+03    0.00000e+00

           Step           Time
           1579     1579.00000

   Energies (kJ/mol)
           Bond            U-B    Proper Dih.  Improper Dih.      CMAP Dih.
    1.57625e+03    5.69954e+03    9.59183e+03    2.75498e+02   -2.79954e+03
          LJ-14     Coulomb-14        LJ (SR)   Coulomb (SR)   Coul. recip.
    5.09835e+03    1.10549e+05    7.50758e+05   -5.40258e+06    1.51478e+04
      Potential Pressure (bar)   Constr. rmsd
   -4.50668e+06   -1.37628e+03    0.00000e+00

           Step           Time
           1580     1580.00000

           Step           Time
           1581     1581.00000

   Energies (kJ/mol)
           Bond            U-B    Proper Dih.  Improper Dih.      CMAP Dih.
    1.57878e+03    5.70360e+03    9.59181e+03    2.75441e+02   -2.79951e+03
          LJ-14     Coulomb-14        LJ (SR)   Coulomb (SR)   Coul. recip.
    5.09876e+03    1.10542e+05    7.50808e+05   -5.40267e+06    1.51451e+04
      Potential Pressure (bar)   Constr. rmsd
   -4.50673e+06   -1.37632e+03    0.00000e+00

           Step           Time
           1582     1582.00000

   Energies (kJ/mol)
           Bond            U-B    Proper Dih.  Improper Dih.      CMAP Dih.
    1.60176e+03    5.70167e+03    9.59200e+03    2.75479e+02   -2.79963e+03
          LJ-14     Coulomb-14        LJ (SR)   Coulomb (SR)   Coul. recip.
    5.09816e+03    1.10551e+05    7.50868e+05   -5.40280e+06    1.51439e+04
      Potential Pressure (bar)   Constr. rmsd
   -4.50677e+06   -1.37635e+03    0.00000e+00

           Step           Time
           1583     1583.00000

   Energies (kJ/mol)
           Bond            U-B    Proper Dih.  Improper Dih.      CMAP Dih.
    1.61243e+03    5.70784e+03    9.59193e+03    2.75400e+02   -2.79956e+03
          LJ-14     Coulomb-14        LJ (SR)   Coulomb (SR)   Coul. recip.
    5.09876e+03    1.10540e+05    7.50917e+05   -5.40288e+06    1.51409e+04
      Potential Pressure (bar)   Constr. rmsd
   -4.50680e+06   -1.37638e+03    0.00000e+00

           Step           Time
           1584     1584.00000

   Energies (kJ/mol)
           Bond            U-B    Proper Dih.  Improper Dih.      CMAP Dih.
    1.65291e+03    5.70662e+03    9.59218e+03    2.75468e+02   -2.79972e+03
          LJ-14     Coulomb-14        LJ (SR)   Coulomb (SR)   Coul. recip.
    5.09793e+03    1.10552e+05    7.50978e+05   -5.40302e+06    1.51402e+04
      Potential Pressure (bar)   Constr. rmsd
   -4.50682e+06   -1.37642e+03    0.00000e+00

           Step           Time
           1585     1585.00000

   Energies (kJ/mol)
           Bond            U-B    Proper Dih.  Improper Dih.      CMAP Dih.
    1.68445e+03    5.71599e+03    9.59205e+03    2.75362e+02   -2.79961e+03
          LJ-14     Coulomb-14        LJ (SR)   Coulomb (SR)   Coul. recip.
    5.09883e+03    1.10537e+05    7.51025e+05   -5.40310e+06    1.51368e+04
      Potential Pressure (bar)   Constr. rmsd
   -4.50683e+06   -1.37645e+03    0.00000e+00

           Step           Time
           1586     1586.00000

           Step           Time
           1587     1587.00000

   Energies (kJ/mol)
           Bond            U-B    Proper Dih.  Improper Dih.      CMAP Dih.
    1.55254e+03    5.69865e+03    9.59218e+03    2.75404e+02   -2.79972e+03
          LJ-14     Coulomb-14        LJ (SR)   Coulomb (SR)   Coul. recip.
    5.09821e+03    1.10546e+05    7.51056e+05   -5.40317e+06    1.51366e+04
      Potential Pressure (bar)   Constr. rmsd
   -4.50701e+06   -1.37647e+03    0.00000e+00

           Step           Time
           1588     1588.00000

   Energies (kJ/mol)
           Bond            U-B    Proper Dih.  Improper Dih.      CMAP Dih.
    1.74261e+03    5.72282e+03    9.59249e+03    2.75266e+02   -2.79984e+03
          LJ-14     Coulomb-14        LJ (SR)   Coulomb (SR)   Coul. recip.
    5.09851e+03    1.10536e+05    7.51374e+05   -5.40378e+06    1.51238e+04
      Potential Pressure (bar)   Constr. rmsd
   -4.50711e+06   -1.37625e+03    0.00000e+00

           Step           Time
           1589     1589.00000

   Energies (kJ/mol)
           Bond            U-B    Proper Dih.  Improper Dih.      CMAP Dih.
    1.57355e+03    5.69924e+03    9.59267e+03    2.75322e+02   -2.79999e+03
          LJ-14     Coulomb-14        LJ (SR)   Coulomb (SR)   Coul. recip.
    5.09768e+03    1.10548e+05    7.51412e+05   -5.40387e+06    1.51239e+04
      Potential Pressure (bar)   Constr. rmsd
   -4.50734e+06   -1.37627e+03    0.00000e+00

           Step           Time
           1590     1590.00000

           Step           Time
           1591     1591.00000

   Energies (kJ/mol)
           Bond            U-B    Proper Dih.  Improper Dih.      CMAP Dih.
    1.59304e+03    5.70551e+03    9.59266e+03    2.75260e+02   -2.79995e+03
          LJ-14     Coulomb-14        LJ (SR)   Coulomb (SR)   Coul. recip.
    5.09813e+03    1.10540e+05    7.51470e+05   -5.40397e+06    1.51209e+04
      Potential Pressure (bar)   Constr. rmsd
   -4.50738e+06   -1.37631e+03    0.00000e+00

           Step           Time
           1592     1592.00000

   Energies (kJ/mol)
           Bond            U-B    Proper Dih.  Improper Dih.      CMAP Dih.
    1.59883e+03    5.70156e+03    9.59284e+03    2.75307e+02   -2.80007e+03
          LJ-14     Coulomb-14        LJ (SR)   Coulomb (SR)   Coul. recip.
    5.09750e+03    1.10549e+05    7.51523e+05   -5.40409e+06    1.51200e+04
      Potential Pressure (bar)   Constr. rmsd
   -4.50743e+06   -1.37633e+03    0.00000e+00

           Step           Time
           1593     1593.00000

   Energies (kJ/mol)
           Bond            U-B    Proper Dih.  Improper Dih.      CMAP Dih.
    1.63653e+03    5.71072e+03    9.59278e+03    2.75228e+02   -2.80000e+03
          LJ-14     Coulomb-14        LJ (SR)   Coulomb (SR)   Coul. recip.
    5.09815e+03    1.10538e+05    7.51577e+05   -5.40418e+06    1.51168e+04
      Potential Pressure (bar)   Constr. rmsd
   -4.50744e+06   -1.37637e+03    0.00000e+00

           Step           Time
           1594     1594.00000

   Energies (kJ/mol)
           Bond            U-B    Proper Dih.  Improper Dih.      CMAP Dih.
    1.65249e+03    5.70681e+03    9.59302e+03    2.75300e+02   -2.80017e+03
          LJ-14     Coulomb-14        LJ (SR)   Coulomb (SR)   Coul. recip.
    5.09728e+03    1.10551e+05    7.51634e+05   -5.40431e+06    1.51163e+04
      Potential Pressure (bar)   Constr. rmsd
   -4.50748e+06   -1.37640e+03    0.00000e+00

           Step           Time
           1595     1595.00000

           Step           Time
           1596     1596.00000

   Energies (kJ/mol)
           Bond            U-B    Proper Dih.  Improper Dih.      CMAP Dih.
    1.55322e+03    5.69984e+03    9.59293e+03    2.75236e+02   -2.80011e+03
          LJ-14     Coulomb-14        LJ (SR)   Coulomb (SR)   Coul. recip.
    5.09773e+03    1.10543e+05    7.51658e+05   -5.40435e+06    1.51143e+04
      Potential Pressure (bar)   Constr. rmsd
   -4.50761e+06   -1.37642e+03    0.00000e+00

           Step           Time
           1597     1597.00000

   Energies (kJ/mol)
           Bond            U-B    Proper Dih.  Improper Dih.      CMAP Dih.
    1.70854e+03    5.71180e+03    9.59334e+03    2.75252e+02   -2.80034e+03
          LJ-14     Coulomb-14        LJ (SR)   Coulomb (SR)   Coul. recip.
    5.09695e+03    1.10552e+05    7.51856e+05   -5.40474e+06    1.51085e+04
      Potential Pressure (bar)   Constr. rmsd
   -4.50764e+06   -1.37653e+03    0.00000e+00

           Step           Time
           1598     1598.00000

   Energies (kJ/mol)
           Bond            U-B    Proper Dih.  Improper Dih.      CMAP Dih.
    1.56910e+03    5.70243e+03    9.59321e+03    2.75167e+02   -2.80025e+03
          LJ-14     Coulomb-14        LJ (SR)   Coulomb (SR)   Coul. recip.
    5.09761e+03    1.10541e+05    7.51883e+05   -5.40479e+06    1.51060e+04
      Potential Pressure (bar)   Constr. rmsd
   -4.50782e+06   -1.37655e+03    0.00000e+00

           Step           Time
           1599     1599.00000

           Step           Time
           1600     1600.00000

   Energies (kJ/mol)
           Bond            U-B    Proper Dih.  Improper Dih.      CMAP Dih.
    1.58497e+03    5.70052e+03    9.59337e+03    2.75201e+02   -2.80035e+03
          LJ-14     Coulomb-14        LJ (SR)   Coulomb (SR)   Coul. recip.
    5.09713e+03    1.10548e+05    7.51940e+05   -5.40490e+06    1.51045e+04
      Potential Pressure (bar)   Constr. rmsd
   -4.50786e+06   -1.37659e+03    0.00000e+00

           Step           Time
           1601     1601.00000

   Energies (kJ/mol)
           Bond            U-B    Proper Dih.  Improper Dih.      CMAP Dih.
    1.59046e+03    5.70535e+03    9.59332e+03    2.75132e+02   -2.80031e+03
          LJ-14     Coulomb-14        LJ (SR)   Coulomb (SR)   Coul. recip.
    5.09760e+03    1.10539e+05    7.51990e+05   -5.40499e+06    1.51020e+04
      Potential Pressure (bar)   Constr. rmsd
   -4.50790e+06   -1.37662e+03    0.00000e+00

           Step           Time
           1602     1602.00000

   Energies (kJ/mol)
           Bond            U-B    Proper Dih.  Improper Dih.      CMAP Dih.
    1.61856e+03    5.70350e+03    9.59353e+03    2.75182e+02   -2.80044e+03
          LJ-14     Coulomb-14        LJ (SR)   Coulomb (SR)   Coul. recip.
    5.09693e+03    1.10549e+05    7.52049e+05   -5.40512e+06    1.51009e+04
      Potential Pressure (bar)   Constr. rmsd
   -4.50793e+06   -1.37665e+03    0.00000e+00

           Step           Time
           1603     1603.00000

   Energies (kJ/mol)
           Bond            U-B    Proper Dih.  Improper Dih.      CMAP Dih.
    1.63621e+03    5.71084e+03    9.59344e+03    2.75095e+02   -2.80036e+03
          LJ-14     Coulomb-14        LJ (SR)   Coulomb (SR)   Coul. recip.
    5.09763e+03    1.10537e+05    7.52096e+05   -5.40520e+06    1.50978e+04
      Potential Pressure (bar)   Constr. rmsd
   -4.50796e+06   -1.37668e+03    0.00000e+00

           Step           Time
           1604     1604.00000

   Energies (kJ/mol)
           Bond            U-B    Proper Dih.  Improper Dih.      CMAP Dih.
    1.68596e+03    5.71034e+03    9.59372e+03    2.75174e+02   -2.80053e+03
          LJ-14     Coulomb-14        LJ (SR)   Coulomb (SR)   Coul. recip.
    5.09670e+03    1.10551e+05    7.52157e+05   -5.40533e+06    1.50973e+04
      Potential Pressure (bar)   Constr. rmsd
   -4.50797e+06   -1.37672e+03    0.00000e+00

           Step           Time
           1605     1605.00000

           Step           Time
           1606     1606.00000

   Energies (kJ/mol)
           Bond            U-B    Proper Dih.  Improper Dih.      CMAP Dih.
    1.55210e+03    5.69965e+03    9.59361e+03    2.75104e+02   -2.80047e+03
          LJ-14     Coulomb-14        LJ (SR)   Coulomb (SR)   Coul. recip.
    5.09718e+03    1.10542e+05    7.52178e+05   -5.40537e+06    1.50953e+04
      Potential Pressure (bar)   Constr. rmsd
   -4.50814e+06   -1.37673e+03    0.00000e+00

           Step           Time
           1607     1607.00000

   Energies (kJ/mol)
           Bond            U-B    Proper Dih.  Improper Dih.      CMAP Dih.
    1.75985e+03    5.71643e+03    9.59421e+03    2.75114e+02   -2.80079e+03
          LJ-14     Coulomb-14        LJ (SR)   Coulomb (SR)   Coul. recip.
    5.09623e+03    1.10552e+05    7.52506e+05   -5.40602e+06    1.50849e+04
      Potential Pressure (bar)   Constr. rmsd
   -4.50824e+06   -1.37692e+03    0.00000e+00

           Step           Time
           1608     1608.00000

   Energies (kJ/mol)
           Bond            U-B    Proper Dih.  Improper Dih.      CMAP Dih.
    1.56535e+03    5.70195e+03    9.59404e+03    2.75003e+02   -2.80068e+03
          LJ-14     Coulomb-14        LJ (SR)   Coulomb (SR)   Coul. recip.
    5.09694e+03    1.10540e+05    7.52529e+05   -5.40605e+06    1.50824e+04
      Potential Pressure (bar)   Constr. rmsd
   -4.50847e+06   -1.37694e+03    0.00000e+00

           Step           Time
           1609     1609.00000

           Step           Time
           1610     1610.00000

   Energies (kJ/mol)
           Bond            U-B    Proper Dih.  Improper Dih.      CMAP Dih.
    1.60180e+03    5.70193e+03    9.59422e+03    2.75040e+02   -2.80080e+03
          LJ-14     Coulomb-14        LJ (SR)   Coulomb (SR)   Coul. recip.
    5.09643e+03    1.10547e+05    7.52598e+05   -5.40620e+06    1.50808e+04
      Potential Pressure (bar)   Constr. rmsd
   -4.50850e+06   -1.37698e+03    0.00000e+00

           Step           Time
           1611     1611.00000

   Energies (kJ/mol)
           Bond            U-B    Proper Dih.  Improper Dih.      CMAP Dih.
    1.58723e+03    5.70504e+03    9.59416e+03    2.74964e+02   -2.80074e+03
          LJ-14     Coulomb-14        LJ (SR)   Coulomb (SR)   Coul. recip.
    5.09695e+03    1.10538e+05    7.52639e+05   -5.40627e+06    1.50781e+04
      Potential Pressure (bar)   Constr. rmsd
   -4.50856e+06   -1.37701e+03    0.00000e+00

           Step           Time
           1612     1612.00000

   Energies (kJ/mol)
           Bond            U-B    Proper Dih.  Improper Dih.      CMAP Dih.
    1.64453e+03    5.70601e+03    9.59440e+03    2.75023e+02   -2.80089e+03
          LJ-14     Coulomb-14        LJ (SR)   Coulomb (SR)   Coul. recip.
    5.09624e+03    1.10549e+05    7.52705e+05   -5.40641e+06    1.50770e+04
      Potential Pressure (bar)   Constr. rmsd
   -4.50856e+06   -1.37705e+03    0.00000e+00

           Step           Time
           1613     1613.00000

   Energies (kJ/mol)
           Bond            U-B    Proper Dih.  Improper Dih.      CMAP Dih.
    1.63568e+03    5.71092e+03    9.59428e+03    2.74923e+02   -2.80079e+03
          LJ-14     Coulomb-14        LJ (SR)   Coulomb (SR)   Coul. recip.
    5.09700e+03    1.10536e+05    7.52747e+05   -5.40648e+06    1.50740e+04
      Potential Pressure (bar)   Constr. rmsd
   -4.50861e+06   -1.37708e+03    0.00000e+00

           Step           Time
           1614     1614.00000

           Step           Time
           1615     1615.00000

   Energies (kJ/mol)
           Bond            U-B    Proper Dih.  Improper Dih.      CMAP Dih.
    1.55628e+03    5.69907e+03    9.59441e+03    2.74966e+02   -2.80089e+03
          LJ-14     Coulomb-14        LJ (SR)   Coulomb (SR)   Coul. recip.
    5.09647e+03    1.10543e+05    7.52779e+05   -5.40655e+06    1.50736e+04
      Potential Pressure (bar)   Constr. rmsd
   -4.50874e+06   -1.37709e+03    0.00000e+00

           Step           Time
           1616     1616.00000

   Energies (kJ/mol)
           Bond            U-B    Proper Dih.  Improper Dih.      CMAP Dih.
    1.67951e+03    5.71600e+03    9.59452e+03    2.74862e+02   -2.80091e+03
          LJ-14     Coulomb-14        LJ (SR)   Coulomb (SR)   Coul. recip.
    5.09688e+03    1.10534e+05    7.52951e+05   -5.40688e+06    1.50664e+04
      Potential Pressure (bar)   Constr. rmsd
   -4.50876e+06   -1.37720e+03    0.00000e+00

           Step           Time
           1617     1617.00000

   Energies (kJ/mol)
           Bond            U-B    Proper Dih.  Improper Dih.      CMAP Dih.
    1.57580e+03    5.70005e+03    9.59470e+03    2.74926e+02   -2.80104e+03
          LJ-14     Coulomb-14        LJ (SR)   Coulomb (SR)   Coul. recip.
    5.09614e+03    1.10545e+05    7.52989e+05   -5.40696e+06    1.50661e+04
      Potential Pressure (bar)   Constr. rmsd
   -4.50892e+06   -1.37722e+03    0.00000e+00

           Step           Time
           1618     1618.00000

           Step           Time
           1619     1619.00000

   Energies (kJ/mol)
           Bond            U-B    Proper Dih.  Improper Dih.      CMAP Dih.
    1.57537e+03    5.70350e+03    9.59467e+03    2.74864e+02   -2.80101e+03
          LJ-14     Coulomb-14        LJ (SR)   Coulomb (SR)   Coul. recip.
    5.09651e+03    1.10538e+05    7.53036e+05   -5.40705e+06    1.50636e+04
      Potential Pressure (bar)   Constr. rmsd
   -4.50897e+06   -1.37725e+03    0.00000e+00

           Step           Time
           1620     1620.00000

   Energies (kJ/mol)
           Bond            U-B    Proper Dih.  Improper Dih.      CMAP Dih.
    1.59857e+03    5.70190e+03    9.59485e+03    2.74908e+02   -2.80113e+03
          LJ-14     Coulomb-14        LJ (SR)   Coulomb (SR)   Coul. recip.
    5.09596e+03    1.10546e+05    7.53096e+05   -5.40717e+06    1.50625e+04
      Potential Pressure (bar)   Constr. rmsd
   -4.50900e+06   -1.37728e+03    0.00000e+00

           Step           Time
           1621     1621.00000

   Energies (kJ/mol)
           Bond            U-B    Proper Dih.  Improper Dih.      CMAP Dih.
    1.60382e+03    5.70719e+03    9.59478e+03    2.74826e+02   -2.80106e+03
          LJ-14     Coulomb-14        LJ (SR)   Coulomb (SR)   Coul. recip.
    5.09651e+03    1.10536e+05    7.53142e+05   -5.40726e+06    1.50596e+04
      Potential Pressure (bar)   Constr. rmsd
   -4.50904e+06   -1.37731e+03    0.00000e+00

           Step           Time
           1622     1622.00000

   Energies (kJ/mol)
           Bond            U-B    Proper Dih.  Improper Dih.      CMAP Dih.
    1.64388e+03    5.70616e+03    9.59502e+03    2.74900e+02   -2.80121e+03
          LJ-14     Coulomb-14        LJ (SR)   Coulomb (SR)   Coul. recip.
    5.09575e+03    1.10548e+05    7.53202e+05   -5.40739e+06    1.50589e+04
      Potential Pressure (bar)   Constr. rmsd
   -4.50906e+06   -1.37735e+03    0.00000e+00

           Step           Time
           1623     1623.00000

   Energies (kJ/mol)
           Bond            U-B    Proper Dih.  Improper Dih.      CMAP Dih.
    1.66517e+03    5.71428e+03    9.59490e+03    2.74789e+02   -2.80111e+03
          LJ-14     Coulomb-14        LJ (SR)   Coulomb (SR)   Coul. recip.
    5.09657e+03    1.10534e+05    7.53246e+05   -5.40746e+06    1.50556e+04
      Potential Pressure (bar)   Constr. rmsd
   -4.50908e+06   -1.37738e+03    0.00000e+00

           Step           Time
           1624     1624.00000

           Step           Time
           1625     1625.00000

   Energies (kJ/mol)
           Bond            U-B    Proper Dih.  Improper Dih.      CMAP Dih.
    1.55440e+03    5.69922e+03    9.59503e+03    2.74834e+02   -2.80121e+03
          LJ-14     Coulomb-14        LJ (SR)   Coulomb (SR)   Coul. recip.
    5.09601e+03    1.10542e+05    7.53277e+05   -5.40753e+06    1.50554e+04
      Potential Pressure (bar)   Constr. rmsd
   -4.50923e+06   -1.37739e+03    0.00000e+00

           Step           Time
           1626     1626.00000

   Energies (kJ/mol)
           Bond            U-B    Proper Dih.  Improper Dih.      CMAP Dih.
    1.71633e+03    5.72023e+03    9.59529e+03    2.74708e+02   -2.80131e+03
          LJ-14     Coulomb-14        LJ (SR)   Coulomb (SR)   Coul. recip.
    5.09633e+03    1.10532e+05    7.53552e+05   -5.40806e+06    1.50443e+04
      Potential Pressure (bar)   Constr. rmsd
   -4.50933e+06   -1.37756e+03    0.00000e+00

           Step           Time
           1627     1627.00000

   Energies (kJ/mol)
           Bond            U-B    Proper Dih.  Improper Dih.      CMAP Dih.
    1.57323e+03    5.69980e+03    9.59547e+03    2.74770e+02   -2.80144e+03
          LJ-14     Coulomb-14        LJ (SR)   Coulomb (SR)   Coul. recip.
    5.09555e+03    1.10544e+05    7.53589e+05   -5.40814e+06    1.50442e+04
      Potential Pressure (bar)   Constr. rmsd
   -4.50953e+06   -1.37758e+03    0.00000e+00

           Step           Time
           1628     1628.00000

           Step           Time
           1629     1629.00000

   Energies (kJ/mol)
           Bond            U-B    Proper Dih.  Improper Dih.      CMAP Dih.
    1.58756e+03    5.70513e+03    9.59544e+03    2.74706e+02   -2.80141e+03
          LJ-14     Coulomb-14        LJ (SR)   Coulomb (SR)   Coul. recip.
    5.09596e+03    1.10536e+05    7.53644e+05   -5.40824e+06    1.50414e+04
      Potential Pressure (bar)   Constr. rmsd
   -4.50956e+06   -1.37762e+03    0.00000e+00

           Step           Time
           1630     1630.00000

   Energies (kJ/mol)
           Bond            U-B    Proper Dih.  Improper Dih.      CMAP Dih.
    1.59593e+03    5.70178e+03    9.59562e+03    2.74758e+02   -2.80152e+03
          LJ-14     Coulomb-14        LJ (SR)   Coulomb (SR)   Coul. recip.
    5.09538e+03    1.10544e+05    7.53696e+05   -5.40835e+06    1.50405e+04
      Potential Pressure (bar)   Constr. rmsd
   -4.50961e+06   -1.37764e+03    0.00000e+00

           Step           Time
           1631     1631.00000

   Energies (kJ/mol)
           Bond            U-B    Proper Dih.  Improper Dih.      CMAP Dih.
    1.62448e+03    5.70967e+03    9.59555e+03    2.74670e+02   -2.80146e+03
          LJ-14     Coulomb-14        LJ (SR)   Coulomb (SR)   Coul. recip.
    5.09597e+03    1.10534e+05    7.53747e+05   -5.40845e+06    1.50374e+04
      Potential Pressure (bar)   Constr. rmsd
   -4.50963e+06   -1.37768e+03    0.00000e+00

           Step           Time
           1632     1632.00000

   Energies (kJ/mol)
           Bond            U-B    Proper Dih.  Improper Dih.      CMAP Dih.
    1.64353e+03    5.70635e+03    9.59579e+03    2.74749e+02   -2.80160e+03
          LJ-14     Coulomb-14        LJ (SR)   Coulomb (SR)   Coul. recip.
    5.09517e+03    1.10546e+05    7.53802e+05   -5.40856e+06    1.50368e+04
      Potential Pressure (bar)   Constr. rmsd
   -4.50966e+06   -1.37771e+03    0.00000e+00

           Step           Time
           1633     1633.00000

           Step           Time
           1634     1634.00000

   Energies (kJ/mol)
           Bond            U-B    Proper Dih.  Improper Dih.      CMAP Dih.
    1.55420e+03    5.70021e+03    9.59570e+03    2.74683e+02   -2.80155e+03
          LJ-14     Coulomb-14        LJ (SR)   Coulomb (SR)   Coul. recip.
    5.09559e+03    1.10539e+05    7.53826e+05   -5.40860e+06    1.50349e+04
      Potential Pressure (bar)   Constr. rmsd
   -4.50979e+06   -1.37773e+03    0.00000e+00

           Step           Time
           1635     1635.00000

   Energies (kJ/mol)
           Bond            U-B    Proper Dih.  Improper Dih.      CMAP Dih.
    1.69317e+03    5.71065e+03    9.59611e+03    2.74706e+02   -2.80178e+03
          LJ-14     Coulomb-14        LJ (SR)   Coulomb (SR)   Coul. recip.
    5.09483e+03    1.10548e+05    7.54032e+05   -5.40902e+06    1.50287e+04
      Potential Pressure (bar)   Constr. rmsd
   -4.50984e+06   -1.37785e+03    0.00000e+00

           Step           Time
           1636     1636.00000

   Energies (kJ/mol)
           Bond            U-B    Proper Dih.  Improper Dih.      CMAP Dih.
    1.56720e+03    5.70244e+03    9.59597e+03    2.74606e+02   -2.80169e+03
          LJ-14     Coulomb-14        LJ (SR)   Coulomb (SR)   Coul. recip.
    5.09546e+03    1.10537e+05    7.54057e+05   -5.40906e+06    1.50263e+04
      Potential Pressure (bar)   Constr. rmsd
   -4.51000e+06   -1.37786e+03    0.00000e+00

           Step           Time
           1637     1637.00000

           Step           Time
           1638     1638.00000

   Energies (kJ/mol)
           Bond            U-B    Proper Dih.  Improper Dih.      CMAP Dih.
    1.58386e+03    5.70085e+03    9.59613e+03    2.74644e+02   -2.80179e+03
          LJ-14     Coulomb-14        LJ (SR)   Coulomb (SR)   Coul. recip.
    5.09501e+03    1.10543e+05    7.54115e+05   -5.40918e+06    1.50251e+04
      Potential Pressure (bar)   Constr. rmsd
   -4.51005e+06   -1.37790e+03    0.00000e+00

           Step           Time
           1639     1639.00000

   Energies (kJ/mol)
           Bond            U-B    Proper Dih.  Improper Dih.      CMAP Dih.
    1.58522e+03    5.70497e+03    9.59609e+03    2.74574e+02   -2.80175e+03
          LJ-14     Coulomb-14        LJ (SR)   Coulomb (SR)   Coul. recip.
    5.09545e+03    1.10535e+05    7.54161e+05   -5.40926e+06    1.50225e+04
      Potential Pressure (bar)   Constr. rmsd
   -4.51009e+06   -1.37793e+03    0.00000e+00

           Step           Time
           1640     1640.00000

   Energies (kJ/mol)
           Bond            U-B    Proper Dih.  Improper Dih.      CMAP Dih.
    1.61375e+03    5.70347e+03    9.59628e+03    2.74634e+02   -2.80187e+03
          LJ-14     Coulomb-14        LJ (SR)   Coulomb (SR)   Coul. recip.
    5.09482e+03    1.10544e+05    7.54219e+05   -5.40938e+06    1.50215e+04
      Potential Pressure (bar)   Constr. rmsd
   -4.51012e+06   -1.37796e+03    0.00000e+00

           Step           Time
           1641     1641.00000

   Energies (kJ/mol)
           Bond            U-B    Proper Dih.  Improper Dih.      CMAP Dih.
    1.62410e+03    5.70976e+03    9.59619e+03    2.74539e+02   -2.80179e+03
          LJ-14     Coulomb-14        LJ (SR)   Coulomb (SR)   Coul. recip.
    5.09548e+03    1.10533e+05    7.54264e+05   -5.40946e+06    1.50185e+04
      Potential Pressure (bar)   Constr. rmsd
   -4.51015e+06   -1.37799e+03    0.00000e+00

           Step           Time
           1642     1642.00000

   Energies (kJ/mol)
           Bond            U-B    Proper Dih.  Improper Dih.      CMAP Dih.
    1.67347e+03    5.70940e+03    9.59646e+03    2.74632e+02   -2.80196e+03
          LJ-14     Coulomb-14        LJ (SR)   Coulomb (SR)   Coul. recip.
    5.09462e+03    1.10546e+05    7.54324e+05   -5.40959e+06    1.50180e+04
      Potential Pressure (bar)   Constr. rmsd
   -4.51016e+06   -1.37802e+03    0.00000e+00

           Step           Time
           1643     1643.00000

           Step           Time
           1644     1644.00000

   Energies (kJ/mol)
           Bond            U-B    Proper Dih.  Improper Dih.      CMAP Dih.
    1.55342e+03    5.70004e+03    9.59636e+03    2.74557e+02   -2.80190e+03
          LJ-14     Coulomb-14        LJ (SR)   Coulomb (SR)   Coul. recip.
    5.09506e+03    1.10538e+05    7.54345e+05   -5.40962e+06    1.50162e+04
      Potential Pressure (bar)   Constr. rmsd
   -4.51031e+06   -1.37804e+03    0.00000e+00

           Step           Time
           1645     1645.00000

   Energies (kJ/mol)
           Bond            U-B    Proper Dih.  Improper Dih.      CMAP Dih.
    1.73956e+03    5.71467e+03    9.59697e+03    2.74559e+02   -2.80222e+03
          LJ-14     Coulomb-14        LJ (SR)   Coulomb (SR)   Coul. recip.
    5.09410e+03    1.10548e+05    7.54705e+05   -5.41034e+06    1.50043e+04
      Potential Pressure (bar)   Constr. rmsd
   -4.51046e+06   -1.37825e+03    0.00000e+00

           Step           Time
           1646     1646.00000

   Energies (kJ/mol)
           Bond            U-B    Proper Dih.  Improper Dih.      CMAP Dih.
    1.56403e+03    5.70201e+03    9.59680e+03    2.74441e+02   -2.80212e+03
          LJ-14     Coulomb-14        LJ (SR)   Coulomb (SR)   Coul. recip.
    5.09477e+03    1.10536e+05    7.54727e+05   -5.41037e+06    1.50019e+04
      Potential Pressure (bar)   Constr. rmsd
   -4.51068e+06   -1.37827e+03    0.00000e+00

           Step           Time
           1647     1647.00000

           Step           Time
           1648     1648.00000

   Energies (kJ/mol)
           Bond            U-B    Proper Dih.  Improper Dih.      CMAP Dih.
    1.59925e+03    5.70208e+03    9.59700e+03    2.74481e+02   -2.80224e+03
          LJ-14     Coulomb-14        LJ (SR)   Coulomb (SR)   Coul. recip.
    5.09430e+03    1.10543e+05    7.54796e+05   -5.41052e+06    1.50002e+04
      Potential Pressure (bar)   Constr. rmsd
   -4.51071e+06   -1.37831e+03    0.00000e+00

           Step           Time
           1649     1649.00000

   Energies (kJ/mol)
           Bond            U-B    Proper Dih.  Improper Dih.      CMAP Dih.
    1.58249e+03    5.70471e+03    9.59693e+03    2.74408e+02   -2.80218e+03
          LJ-14     Coulomb-14        LJ (SR)   Coulomb (SR)   Coul. recip.
    5.09478e+03    1.10534e+05    7.54836e+05   -5.41058e+06    1.49978e+04
      Potential Pressure (bar)   Constr. rmsd
   -4.51077e+06   -1.37834e+03    0.00000e+00

           Step           Time
           1650     1650.00000

   Energies (kJ/mol)
           Bond            U-B    Proper Dih.  Improper Dih.      CMAP Dih.
    1.63727e+03    5.70567e+03    9.59715e+03    2.74472e+02   -2.80232e+03
          LJ-14     Coulomb-14        LJ (SR)   Coulomb (SR)   Coul. recip.
    5.09411e+03    1.10544e+05    7.54901e+05   -5.41072e+06    1.49967e+04
      Potential Pressure (bar)   Constr. rmsd
   -4.51077e+06   -1.37837e+03    0.00000e+00

           Step           Time
           1651     1651.00000

   Energies (kJ/mol)
           Bond            U-B    Proper Dih.  Improper Dih.      CMAP Dih.
    1.62367e+03    5.70982e+03    9.59704e+03    2.74365e+02   -2.80223e+03
          LJ-14     Coulomb-14        LJ (SR)   Coulomb (SR)   Coul. recip.
    5.09482e+03    1.10532e+05    7.54941e+05   -5.41079e+06    1.49938e+04
      Potential Pressure (bar)   Constr. rmsd
   -4.51082e+06   -1.37840e+03    0.00000e+00

           Step           Time
           1652     1652.00000

           Step           Time
           1653     1653.00000

   Energies (kJ/mol)
           Bond            U-B    Proper Dih.  Improper Dih.      CMAP Dih.
    1.55807e+03    5.69956e+03    9.59718e+03    2.74412e+02   -2.80232e+03
          LJ-14     Coulomb-14        LJ (SR)   Coulomb (SR)   Coul. recip.
    5.09432e+03    1.10539e+05    7.54972e+05   -5.41086e+06    1.49933e+04
      Potential Pressure (bar)   Constr. rmsd
   -4.51093e+06   -1.37842e+03    0.00000e+00

           Step           Time
           1654     1654.00000

   Energies (kJ/mol)
           Bond            U-B    Proper Dih.  Improper Dih.      CMAP Dih.
    1.66158e+03    5.71427e+03    9.59727e+03    2.74309e+02   -2.80233e+03
          LJ-14     Coulomb-14        LJ (SR)   Coulomb (SR)   Coul. recip.
    5.09472e+03    1.10530e+05    7.55125e+05   -5.41115e+06    1.49869e+04
      Potential Pressure (bar)   Constr. rmsd
   -4.51097e+06   -1.37851e+03    0.00000e+00

           Step           Time
           1655     1655.00000

   Energies (kJ/mol)
           Bond            U-B    Proper Dih.  Improper Dih.      CMAP Dih.
    1.57581e+03    5.70047e+03    9.59743e+03    2.74378e+02   -2.80246e+03
          LJ-14     Coulomb-14        LJ (SR)   Coulomb (SR)   Coul. recip.
    5.09403e+03    1.10541e+05    7.55163e+05   -5.41124e+06    1.49866e+04
      Potential Pressure (bar)   Constr. rmsd
   -4.51111e+06   -1.37853e+03    0.00000e+00

           Step           Time
           1656     1656.00000

           Step           Time
           1657     1657.00000

   Energies (kJ/mol)
           Bond            U-B    Proper Dih.  Improper Dih.      CMAP Dih.
    1.57262e+03    5.70337e+03    9.59740e+03    2.74316e+02   -2.80243e+03
          LJ-14     Coulomb-14        LJ (SR)   Coulomb (SR)   Coul. recip.
    5.09438e+03    1.10534e+05    7.55207e+05   -5.41132e+06    1.49843e+04
      Potential Pressure (bar)   Constr. rmsd
   -4.51115e+06   -1.37856e+03    0.00000e+00

           Step           Time
           1658     1658.00000

   Energies (kJ/mol)
           Bond            U-B    Proper Dih.  Improper Dih.      CMAP Dih.
    1.59630e+03    5.70208e+03    9.59759e+03    2.74367e+02   -2.80253e+03
          LJ-14     Coulomb-14        LJ (SR)   Coulomb (SR)   Coul. recip.
    5.09386e+03    1.10542e+05    7.55265e+05   -5.41144e+06    1.49831e+04
      Potential Pressure (bar)   Constr. rmsd
   -4.51119e+06   -1.37859e+03    0.00000e+00

           Step           Time
           1659     1659.00000

   Energies (kJ/mol)
           Bond            U-B    Proper Dih.  Improper Dih.      CMAP Dih.
    1.59666e+03    5.70658e+03    9.59750e+03    2.74281e+02   -2.80248e+03
          LJ-14     Coulomb-14        LJ (SR)   Coulomb (SR)   Coul. recip.
    5.09438e+03    1.10532e+05    7.55309e+05   -5.41152e+06    1.49805e+04
      Potential Pressure (bar)   Constr. rmsd
   -4.51123e+06   -1.37862e+03    0.00000e+00

           Step           Time
           1660     1660.00000

   Energies (kJ/mol)
           Bond            U-B    Proper Dih.  Improper Dih.      CMAP Dih.
    1.63670e+03    5.70583e+03    9.59773e+03    2.74359e+02   -2.80262e+03
          LJ-14     Coulomb-14        LJ (SR)   Coulomb (SR)   Coul. recip.
    5.09366e+03    1.10543e+05    7.55368e+05   -5.41164e+06    1.49797e+04
      Potential Pressure (bar)   Constr. rmsd
   -4.51124e+06   -1.37865e+03    0.00000e+00

           Step           Time
           1661     1661.00000

   Energies (kJ/mol)
           Bond            U-B    Proper Dih.  Improper Dih.      CMAP Dih.
    1.64898e+03    5.71276e+03    9.59760e+03    2.74241e+02   -2.80252e+03
          LJ-14     Coulomb-14        LJ (SR)   Coulomb (SR)   Coul. recip.
    5.09442e+03    1.10530e+05    7.55411e+05   -5.41171e+06    1.49766e+04
      Potential Pressure (bar)   Constr. rmsd
   -4.51127e+06   -1.37868e+03    0.00000e+00

           Step           Time
           1662     1662.00000

           Step           Time
           1663     1663.00000

   Energies (kJ/mol)
           Bond            U-B    Proper Dih.  Improper Dih.      CMAP Dih.
    1.55626e+03    5.69971e+03    9.59775e+03    2.74293e+02   -2.80261e+03
          LJ-14     Coulomb-14        LJ (SR)   Coulomb (SR)   Coul. recip.
    5.09390e+03    1.10538e+05    7.55440e+05   -5.41178e+06    1.49764e+04
      Potential Pressure (bar)   Constr. rmsd
   -4.51140e+06   -1.37870e+03    0.00000e+00

           Step           Time
           1664     1664.00000

   Energies (kJ/mol)
           Bond            U-B    Proper Dih.  Improper Dih.      CMAP Dih.
    1.69390e+03    5.71802e+03    9.59791e+03    2.74161e+02   -2.80268e+03
          LJ-14     Coulomb-14        LJ (SR)   Coulomb (SR)   Coul. recip.
    5.09424e+03    1.10528e+05    7.55677e+05   -5.41223e+06    1.49668e+04
      Potential Pressure (bar)   Constr. rmsd
   -4.51148e+06   -1.37914e+03    0.00000e+00

           Step           Time
           1665     1665.00000

   Energies (kJ/mol)
           Bond            U-B    Proper Dih.  Improper Dih.      CMAP Dih.
    1.57335e+03    5.70031e+03    9.59808e+03    2.74234e+02   -2.80280e+03
          LJ-14     Coulomb-14        LJ (SR)   Coulomb (SR)   Coul. recip.
    5.09351e+03    1.10539e+05    7.55713e+05   -5.41231e+06    1.49666e+04
      Potential Pressure (bar)   Constr. rmsd
   -4.51166e+06   -1.37916e+03    0.00000e+00

           Step           Time
           1666     1666.00000

           Step           Time
           1667     1667.00000

   Energies (kJ/mol)
           Bond            U-B    Proper Dih.  Improper Dih.      CMAP Dih.
    1.58305e+03    5.70486e+03    9.59806e+03    2.74168e+02   -2.80278e+03
          LJ-14     Coulomb-14        LJ (SR)   Coulomb (SR)   Coul. recip.
    5.09388e+03    1.10532e+05    7.55764e+05   -5.41241e+06    1.49640e+04
      Potential Pressure (bar)   Constr. rmsd
   -4.51170e+06   -1.37874e+03    0.00000e+00

           Step           Time
           1668     1668.00000

   Energies (kJ/mol)
           Bond            U-B    Proper Dih.  Improper Dih.      CMAP Dih.
    1.59390e+03    5.70201e+03    9.59823e+03    2.74223e+02   -2.80288e+03
          LJ-14     Coulomb-14        LJ (SR)   Coulomb (SR)   Coul. recip.
    5.09333e+03    1.10540e+05    7.55815e+05   -5.41252e+06    1.49630e+04
      Potential Pressure (bar)   Constr. rmsd
   -4.51174e+06   -1.37877e+03    0.00000e+00

           Step           Time
           1669     1669.00000

   Energies (kJ/mol)
           Bond            U-B    Proper Dih.  Improper Dih.      CMAP Dih.
    1.61440e+03    5.70880e+03    9.59816e+03    2.74132e+02   -2.80283e+03
          LJ-14     Coulomb-14        LJ (SR)   Coulomb (SR)   Coul. recip.
    5.09390e+03    1.10531e+05    7.55864e+05   -5.41260e+06    1.49601e+04
      Potential Pressure (bar)   Constr. rmsd
   -4.51176e+06   -1.37880e+03    0.00000e+00

           Step           Time
           1670     1670.00000

   Energies (kJ/mol)
           Bond            U-B    Proper Dih.  Improper Dih.      CMAP Dih.
    1.63641e+03    5.70598e+03    9.59840e+03    2.74218e+02   -2.80297e+03
          LJ-14     Coulomb-14        LJ (SR)   Coulomb (SR)   Coul. recip.
    5.09313e+03    1.10542e+05    7.55918e+05   -5.41272e+06    1.49595e+04
      Potential Pressure (bar)   Constr. rmsd
   -4.51180e+06   -1.37883e+03    0.00000e+00

           Step           Time
           1671     1671.00000

           Step           Time
           1672     1672.00000

   Energies (kJ/mol)
           Bond            U-B    Proper Dih.  Improper Dih.      CMAP Dih.
    1.55525e+03    5.70058e+03    9.59831e+03    2.74149e+02   -2.80292e+03
          LJ-14     Coulomb-14        LJ (SR)   Coulomb (SR)   Coul. recip.
    5.09352e+03    1.10535e+05    7.55941e+05   -5.41276e+06    1.49578e+04
      Potential Pressure (bar)   Constr. rmsd
   -4.51191e+06   -1.37885e+03    0.00000e+00

           Step           Time
           1673     1673.00000

   Energies (kJ/mol)
           Bond            U-B    Proper Dih.  Improper Dih.      CMAP Dih.
    1.68071e+03    5.70973e+03    9.59871e+03    2.74179e+02   -2.80313e+03
          LJ-14     Coulomb-14        LJ (SR)   Coulomb (SR)   Coul. recip.
    5.09281e+03    1.10543e+05    7.56160e+05   -5.41320e+06    1.49510e+04
      Potential Pressure (bar)   Constr. rmsd
   -4.51199e+06   -1.37898e+03    0.00000e+00

           Step           Time
           1674     1674.00000

   Energies (kJ/mol)
           Bond            U-B    Proper Dih.  Improper Dih.      CMAP Dih.
    1.56582e+03    5.70247e+03    9.59857e+03    2.74076e+02   -2.80306e+03
          LJ-14     Coulomb-14        LJ (SR)   Coulomb (SR)   Coul. recip.
    5.09339e+03    1.10533e+05    7.56185e+05   -5.41324e+06    1.49487e+04
      Potential Pressure (bar)   Constr. rmsd
   -4.51214e+06   -1.37899e+03    0.00000e+00

           Step           Time
           1675     1675.00000

           Step           Time
           1676     1676.00000

   Energies (kJ/mol)
           Bond            U-B    Proper Dih.  Improper Dih.      CMAP Dih.
    1.58330e+03    5.70119e+03    9.59874e+03    2.74116e+02   -2.80315e+03
          LJ-14     Coulomb-14        LJ (SR)   Coulomb (SR)   Coul. recip.
    5.09297e+03    1.10539e+05    7.56243e+05   -5.41336e+06    1.49473e+04
      Potential Pressure (bar)   Constr. rmsd
   -4.51218e+06   -1.37903e+03    0.00000e+00

           Step           Time
           1677     1677.00000

   Energies (kJ/mol)
           Bond            U-B    Proper Dih.  Improper Dih.      CMAP Dih.
    1.58102e+03    5.70468e+03    9.59869e+03    2.74043e+02   -2.80311e+03
          LJ-14     Coulomb-14        LJ (SR)   Coulomb (SR)   Coul. recip.
    5.09337e+03    1.10532e+05    7.56286e+05   -5.41344e+06    1.49450e+04
      Potential Pressure (bar)   Constr. rmsd
   -4.51222e+06   -1.37906e+03    0.00000e+00

           Step           Time
           1678     1678.00000

   Energies (kJ/mol)
           Bond            U-B    Proper Dih.  Improper Dih.      CMAP Dih.
    1.61009e+03    5.70352e+03    9.59888e+03    2.74108e+02   -2.80323e+03
          LJ-14     Coulomb-14        LJ (SR)   Coulomb (SR)   Coul. recip.
    5.09278e+03    1.10540e+05    7.56343e+05   -5.41356e+06    1.49439e+04
      Potential Pressure (bar)   Constr. rmsd
   -4.51225e+06   -1.37909e+03    0.00000e+00

           Step           Time
           1679     1679.00000

   Energies (kJ/mol)
           Bond            U-B    Proper Dih.  Improper Dih.      CMAP Dih.
    1.61410e+03    5.70884e+03    9.59877e+03    2.74005e+02   -2.80315e+03
          LJ-14     Coulomb-14        LJ (SR)   Coulomb (SR)   Coul. recip.
    5.09339e+03    1.10530e+05    7.56386e+05   -5.41363e+06    1.49412e+04
      Potential Pressure (bar)   Constr. rmsd
   -4.51229e+06   -1.37912e+03    0.00000e+00

           Step           Time
           1680     1680.00000

   Energies (kJ/mol)
           Bond            U-B    Proper Dih.  Improper Dih.      CMAP Dih.
    1.66332e+03    5.70871e+03    9.59903e+03    2.74104e+02   -2.80331e+03
          LJ-14     Coulomb-14        LJ (SR)   Coulomb (SR)   Coul. recip.
    5.09258e+03    1.10542e+05    7.56444e+05   -5.41375e+06    1.49405e+04
      Potential Pressure (bar)   Constr. rmsd
   -4.51229e+06   -1.37915e+03    0.00000e+00

           Step           Time
           1681     1681.00000

   Energies (kJ/mol)
           Bond            U-B    Proper Dih.  Improper Dih.      CMAP Dih.
    1.68568e+03    5.71696e+03    9.59887e+03    2.73963e+02   -2.80319e+03
          LJ-14     Coulomb-14        LJ (SR)   Coulomb (SR)   Coul. recip.
    5.09347e+03    1.10527e+05    7.56486e+05   -5.41382e+06    1.49373e+04
      Potential Pressure (bar)   Constr. rmsd
   -4.51231e+06   -1.37918e+03    0.00000e+00

           Step           Time
           1682     1682.00000

           Step           Time
           1683     1683.00000

   Energies (kJ/mol)
           Bond            U-B    Proper Dih.  Improper Dih.      CMAP Dih.
    1.55747e+03    5.70005e+03    9.59902e+03    2.74028e+02   -2.80330e+03
          LJ-14     Coulomb-14        LJ (SR)   Coulomb (SR)   Coul. recip.
    5.09287e+03    1.10536e+05    7.56515e+05   -5.41389e+06    1.49372e+04
      Potential Pressure (bar)   Constr. rmsd
   -4.51248e+06   -1.37919e+03    0.00000e+00

           Step           Time
           1684     1684.00000

   Energies (kJ/mol)
           Bond            U-B    Proper Dih.  Improper Dih.      CMAP Dih.
    1.74565e+03    5.72381e+03    9.59919e+03    2.73885e+02   -2.80336e+03
          LJ-14     Coulomb-14        LJ (SR)   Coulomb (SR)   Coul. recip.
    5.09326e+03    1.10525e+05    7.56762e+05   -5.41436e+06    1.49271e+04
      Potential Pressure (bar)   Constr. rmsd
   -4.51252e+06   -1.37894e+03    0.00000e+00

           Step           Time
           1685     1685.00000

   Energies (kJ/mol)
           Bond            U-B    Proper Dih.  Improper Dih.      CMAP Dih.
    1.57963e+03    5.70089e+03    9.59938e+03    2.73971e+02   -2.80350e+03
          LJ-14     Coulomb-14        LJ (SR)   Coulomb (SR)   Coul. recip.
    5.09242e+03    1.10538e+05    7.56797e+05   -5.41445e+06    1.49272e+04
      Potential Pressure (bar)   Constr. rmsd
   -4.51274e+06   -1.37896e+03    0.00000e+00

           Step           Time
           1686     1686.00000

           Step           Time
           1687     1687.00000

   Energies (kJ/mol)
           Bond            U-B    Proper Dih.  Improper Dih.      CMAP Dih.
    1.59547e+03    5.70660e+03    9.59933e+03    2.73896e+02   -2.80346e+03
          LJ-14     Coulomb-14        LJ (SR)   Coulomb (SR)   Coul. recip.
    5.09288e+03    1.10530e+05    7.56848e+05   -5.41454e+06    1.49244e+04
      Potential Pressure (bar)   Constr. rmsd
   -4.51277e+06   -1.37899e+03    0.00000e+00

           Step           Time
           1688     1688.00000

   Energies (kJ/mol)
           Bond            U-B    Proper Dih.  Improper Dih.      CMAP Dih.
    1.60638e+03    5.70329e+03    9.59954e+03    2.73964e+02   -2.80357e+03
          LJ-14     Coulomb-14        LJ (SR)   Coulomb (SR)   Coul. recip.
    5.09226e+03    1.10539e+05    7.56899e+05   -5.41465e+06    1.49238e+04
      Potential Pressure (bar)   Constr. rmsd
   -4.51281e+06   -1.37902e+03    0.00000e+00

           Step           Time
           1689     1689.00000

   Energies (kJ/mol)
           Bond            U-B    Proper Dih.  Improper Dih.      CMAP Dih.
    1.63853e+03    5.71177e+03    9.59943e+03    2.73857e+02   -2.80350e+03
          LJ-14     Coulomb-14        LJ (SR)   Coulomb (SR)   Coul. recip.
    5.09292e+03    1.10528e+05    7.56946e+05   -5.41473e+06    1.49207e+04
      Potential Pressure (bar)   Constr. rmsd
   -4.51282e+06   -1.37906e+03    0.00000e+00

           Step           Time
           1690     1690.00000

   Energies (kJ/mol)
           Bond            U-B    Proper Dih.  Improper Dih.      CMAP Dih.
    1.66220e+03    5.70880e+03    9.59969e+03    2.73965e+02   -2.80365e+03
          LJ-14     Coulomb-14        LJ (SR)   Coulomb (SR)   Coul. recip.
    5.09205e+03    1.10541e+05    7.57000e+05   -5.41485e+06    1.49204e+04
      Potential Pressure (bar)   Constr. rmsd
   -4.51285e+06   -1.37908e+03    0.00000e+00

           Step           Time
           1691     1691.00000

           Step           Time
           1692     1692.00000

   Energies (kJ/mol)
           Bond            U-B    Proper Dih.  Improper Dih.      CMAP Dih.
    1.55685e+03    5.70105e+03    9.59957e+03    2.73882e+02   -2.80360e+03
          LJ-14     Coulomb-14        LJ (SR)   Coulomb (SR)   Coul. recip.
    5.09250e+03    1.10533e+05    7.57022e+05   -5.41488e+06    1.49185e+04
      Potential Pressure (bar)   Constr. rmsd
   -4.51299e+06   -1.37910e+03    0.00000e+00

           Step           Time
           1693     1693.00000

   Energies (kJ/mol)
           Bond            U-B    Proper Dih.  Improper Dih.      CMAP Dih.
    1.72084e+03    5.71403e+03    9.59999e+03    2.73930e+02   -2.80382e+03
          LJ-14     Coulomb-14        LJ (SR)   Coulomb (SR)   Coul. recip.
    5.09171e+03    1.10542e+05    7.57225e+05   -5.41529e+06    1.49124e+04
      Potential Pressure (bar)   Constr. rmsd
   -4.51302e+06   -1.37922e+03    0.00000e+00

           Step           Time
           1694     1694.00000

   Energies (kJ/mol)
           Bond            U-B    Proper Dih.  Improper Dih.      CMAP Dih.
    1.57185e+03    5.70353e+03    9.59984e+03    2.73808e+02   -2.80372e+03
          LJ-14     Coulomb-14        LJ (SR)   Coulomb (SR)   Coul. recip.
    5.09239e+03    1.10531e+05    7.57248e+05   -5.41533e+06    1.49102e+04
      Potential Pressure (bar)   Constr. rmsd
   -4.51320e+06   -1.37924e+03    0.00000e+00

           Step           Time
           1695     1695.00000

           Step           Time
           1696     1696.00000

   Energies (kJ/mol)
           Bond            U-B    Proper Dih.  Improper Dih.      CMAP Dih.
    1.59207e+03    5.70214e+03    9.60000e+03    2.73858e+02   -2.80382e+03
          LJ-14     Coulomb-14        LJ (SR)   Coulomb (SR)   Coul. recip.
    5.09191e+03    1.10538e+05    7.57304e+05   -5.41544e+06    1.49089e+04
      Potential Pressure (bar)   Constr. rmsd
   -4.51324e+06   -1.37927e+03    0.00000e+00

           Step           Time
           1697     1697.00000

   Energies (kJ/mol)
           Bond            U-B    Proper Dih.  Improper Dih.      CMAP Dih.
    1.59292e+03    5.70639e+03    9.59992e+03    2.73774e+02   -2.80377e+03
          LJ-14     Coulomb-14        LJ (SR)   Coulomb (SR)   Coul. recip.
    5.09240e+03    1.10529e+05    7.57347e+05   -5.41552e+06    1.49063e+04
      Potential Pressure (bar)   Constr. rmsd
   -4.51328e+06   -1.37930e+03    0.00000e+00

           Step           Time
           1698     1698.00000

   Energies (kJ/mol)
           Bond            U-B    Proper Dih.  Improper Dih.      CMAP Dih.
    1.62718e+03    5.70531e+03    9.60014e+03    2.73851e+02   -2.80390e+03
          LJ-14     Coulomb-14        LJ (SR)   Coulomb (SR)   Coul. recip.
    5.09173e+03    1.10539e+05    7.57404e+05   -5.41564e+06    1.49055e+04
      Potential Pressure (bar)   Constr. rmsd
   -4.51330e+06   -1.37933e+03    0.00000e+00

           Step           Time
           1699     1699.00000

   Energies (kJ/mol)
           Bond            U-B    Proper Dih.  Improper Dih.      CMAP Dih.
    1.63845e+03    5.71188e+03    9.60002e+03    2.73734e+02   -2.80382e+03
          LJ-14     Coulomb-14        LJ (SR)   Coulomb (SR)   Coul. recip.
    5.09244e+03    1.10527e+05    7.57445e+05   -5.41571e+06    1.49025e+04
      Potential Pressure (bar)   Constr. rmsd
   -4.51332e+06   -1.37936e+03    0.00000e+00

           Step           Time
           1700     1700.00000

           Step           Time
           1701     1701.00000

   Energies (kJ/mol)
           Bond            U-B    Proper Dih.  Improper Dih.      CMAP Dih.
    1.55748e+03    5.70021e+03    9.60015e+03    2.73787e+02   -2.80390e+03
          LJ-14     Coulomb-14        LJ (SR)   Coulomb (SR)   Coul. recip.
    5.09195e+03    1.10534e+05    7.57474e+05   -5.41577e+06    1.49024e+04
      Potential Pressure (bar)   Constr. rmsd
   -4.51344e+06   -1.37937e+03    0.00000e+00

           Step           Time
           1702     1702.00000

   Energies (kJ/mol)
           Bond            U-B    Proper Dih.  Improper Dih.      CMAP Dih.
    1.67760e+03    5.71650e+03    9.60029e+03    2.73652e+02   -2.80397e+03
          LJ-14     Coulomb-14        LJ (SR)   Coulomb (SR)   Coul. recip.
    5.09225e+03    1.10525e+05    7.57710e+05   -5.41623e+06    1.48928e+04
      Potential Pressure (bar)   Constr. rmsd
   -4.51354e+06   -1.37990e+03    0.00000e+00

           Step           Time
           1703     1703.00000

   Energies (kJ/mol)
           Bond            U-B    Proper Dih.  Improper Dih.      CMAP Dih.
    1.57234e+03    5.70064e+03    9.60047e+03    2.73728e+02   -2.80408e+03
          LJ-14     Coulomb-14        LJ (SR)   Coulomb (SR)   Coul. recip.
    5.09157e+03    1.10535e+05    7.57745e+05   -5.41631e+06    1.48928e+04
      Potential Pressure (bar)   Constr. rmsd
   -4.51370e+06   -1.37992e+03    0.00000e+00

           Step           Time
           1704     1704.00000

           Step           Time
           1705     1705.00000

   Energies (kJ/mol)
           Bond            U-B    Proper Dih.  Improper Dih.      CMAP Dih.
    1.58094e+03    5.70484e+03    9.60044e+03    2.73663e+02   -2.80406e+03
          LJ-14     Coulomb-14        LJ (SR)   Coulomb (SR)   Coul. recip.
    5.09192e+03    1.10529e+05    7.57795e+05   -5.41640e+06    1.48902e+04
      Potential Pressure (bar)   Constr. rmsd
   -4.51374e+06   -1.37995e+03    0.00000e+00

           Step           Time
           1706     1706.00000

   Energies (kJ/mol)
           Bond            U-B    Proper Dih.  Improper Dih.      CMAP Dih.
    1.59024e+03    5.70207e+03    9.60061e+03    2.73721e+02   -2.80416e+03
          LJ-14     Coulomb-14        LJ (SR)   Coulomb (SR)   Coul. recip.
    5.09141e+03    1.10536e+05    7.57844e+05   -5.41650e+06    1.48892e+04
      Potential Pressure (bar)   Constr. rmsd
   -4.51378e+06   -1.37998e+03    0.00000e+00

           Step           Time
           1707     1707.00000

   Energies (kJ/mol)
           Bond            U-B    Proper Dih.  Improper Dih.      CMAP Dih.
    1.60822e+03    5.70835e+03    9.60053e+03    2.73625e+02   -2.80411e+03
          LJ-14     Coulomb-14        LJ (SR)   Coulomb (SR)   Coul. recip.
    5.09193e+03    1.10527e+05    7.57892e+05   -5.41659e+06    1.48864e+04
      Potential Pressure (bar)   Constr. rmsd
   -4.51381e+06   -1.38040e+03    0.00000e+00

           Step           Time
           1708     1708.00000

   Energies (kJ/mol)
           Bond            U-B    Proper Dih.  Improper Dih.      CMAP Dih.
    1.62731e+03    5.70546e+03    9.60077e+03    2.73711e+02   -2.80424e+03
          LJ-14     Coulomb-14        LJ (SR)   Coulomb (SR)   Coul. recip.
    5.09122e+03    1.10538e+05    7.57944e+05   -5.41670e+06    1.48860e+04
      Potential Pressure (bar)   Constr. rmsd
   -4.51384e+06   -1.38043e+03    0.00000e+00

           Step           Time
           1709     1709.00000

           Step           Time
           1710     1710.00000

   Energies (kJ/mol)
           Bond            U-B    Proper Dih.  Improper Dih.      CMAP Dih.
    1.55669e+03    5.70104e+03    9.60068e+03    2.73642e+02   -2.80419e+03
          LJ-14     Coulomb-14        LJ (SR)   Coulomb (SR)   Coul. recip.
    5.09159e+03    1.10531e+05    7.57966e+05   -5.41674e+06    1.48843e+04
      Potential Pressure (bar)   Constr. rmsd
   -4.51394e+06   -1.38044e+03    0.00000e+00

           Step           Time
           1711     1711.00000

   Energies (kJ/mol)
           Bond            U-B    Proper Dih.  Improper Dih.      CMAP Dih.
    1.66581e+03    5.70866e+03    9.60105e+03    2.73679e+02   -2.80439e+03
          LJ-14     Coulomb-14        LJ (SR)   Coulomb (SR)   Coul. recip.
    5.09090e+03    1.10539e+05    7.58174e+05   -5.41715e+06    1.48777e+04
      Potential Pressure (bar)   Constr. rmsd
   -4.51403e+06   -1.38018e+03    0.00000e+00

           Step           Time
           1712     1712.00000

   Energies (kJ/mol)
           Bond            U-B    Proper Dih.  Improper Dih.      CMAP Dih.
    1.56593e+03    5.70275e+03    9.60091e+03    2.73575e+02   -2.80433e+03
          LJ-14     Coulomb-14        LJ (SR)   Coulomb (SR)   Coul. recip.
    5.09144e+03    1.10529e+05    7.58198e+05   -5.41719e+06    1.48756e+04
      Potential Pressure (bar)   Constr. rmsd
   -4.51416e+06   -1.38020e+03    0.00000e+00

           Step           Time
           1713     1713.00000

           Step           Time
           1714     1714.00000

   Energies (kJ/mol)
           Bond            U-B    Proper Dih.  Improper Dih.      CMAP Dih.
    1.58112e+03    5.70142e+03    9.60107e+03    2.73611e+02   -2.80441e+03
          LJ-14     Coulomb-14        LJ (SR)   Coulomb (SR)   Coul. recip.
    5.09105e+03    1.10535e+05    7.58253e+05   -5.41731e+06    1.48742e+04
      Potential Pressure (bar)   Constr. rmsd
   -4.51420e+06   -1.38023e+03    0.00000e+00

           Step           Time
           1715     1715.00000

   Energies (kJ/mol)
           Bond            U-B    Proper Dih.  Improper Dih.      CMAP Dih.
    1.57917e+03    5.70470e+03    9.60100e+03    2.73537e+02   -2.80437e+03
          LJ-14     Coulomb-14        LJ (SR)   Coulomb (SR)   Coul. recip.
    5.09143e+03    1.10528e+05    7.58296e+05   -5.41738e+06    1.48719e+04
      Potential Pressure (bar)   Constr. rmsd
   -4.51424e+06   -1.38026e+03    0.00000e+00

           Step           Time
           1716     1716.00000

   Energies (kJ/mol)
           Bond            U-B    Proper Dih.  Improper Dih.      CMAP Dih.
    1.60452e+03    5.70336e+03    9.60118e+03    2.73600e+02   -2.80448e+03
          LJ-14     Coulomb-14        LJ (SR)   Coulomb (SR)   Coul. recip.
    5.09088e+03    1.10536e+05    7.58351e+05   -5.41750e+06    1.48710e+04
      Potential Pressure (bar)   Constr. rmsd
   -4.51427e+06   -1.38029e+03    0.00000e+00

           Step           Time
           1717     1717.00000

   Energies (kJ/mol)
           Bond            U-B    Proper Dih.  Improper Dih.      CMAP Dih.
    1.60792e+03    5.70842e+03    9.60109e+03    2.73501e+02   -2.80442e+03
          LJ-14     Coulomb-14        LJ (SR)   Coulomb (SR)   Coul. recip.
    5.09146e+03    1.10526e+05    7.58393e+05   -5.41757e+06    1.48683e+04
      Potential Pressure (bar)   Constr. rmsd
   -4.51431e+06   -1.38032e+03    0.00000e+00

           Step           Time
           1718     1718.00000

   Energies (kJ/mol)
           Bond            U-B    Proper Dih.  Improper Dih.      CMAP Dih.
    1.65102e+03    5.70783e+03    9.60133e+03    2.73596e+02   -2.80456e+03
          LJ-14     Coulomb-14        LJ (SR)   Coulomb (SR)   Coul. recip.
    5.09068e+03    1.10538e+05    7.58449e+05   -5.41770e+06    1.48676e+04
      Potential Pressure (bar)   Constr. rmsd
   -4.51432e+06   -1.38035e+03    0.00000e+00

           Step           Time
           1719     1719.00000

   Energies (kJ/mol)
           Bond            U-B    Proper Dih.  Improper Dih.      CMAP Dih.
    1.67011e+03    5.71561e+03    9.60118e+03    2.73456e+02   -2.80446e+03
          LJ-14     Coulomb-14        LJ (SR)   Coulomb (SR)   Coul. recip.
    5.09152e+03    1.10524e+05    7.58489e+05   -5.41776e+06    1.48645e+04
      Potential Pressure (bar)   Constr. rmsd
   -4.51433e+06   -1.38038e+03    0.00000e+00

           Step           Time
           1720     1720.00000

           Step           Time
           1721     1721.00000

   Energies (kJ/mol)
           Bond            U-B    Proper Dih.  Improper Dih.      CMAP Dih.
    1.55870e+03    5.70052e+03    9.60131e+03    2.73522e+02   -2.80455e+03
          LJ-14     Coulomb-14        LJ (SR)   Coulomb (SR)   Coul. recip.
    5.09095e+03    1.10532e+05    7.58517e+05   -5.41782e+06    1.48645e+04
      Potential Pressure (bar)   Constr. rmsd
   -4.51449e+06   -1.38040e+03    0.00000e+00

           Step           Time
           1722     1722.00000

   Energies (kJ/mol)
           Bond            U-B    Proper Dih.  Improper Dih.      CMAP Dih.
    1.72257e+03    5.72167e+03    9.60147e+03    2.73392e+02   -2.80462e+03
          LJ-14     Coulomb-14        LJ (SR)   Coulomb (SR)   Coul. recip.
    5.09132e+03    1.10522e+05    7.58758e+05   -5.41829e+06    1.48546e+04
      Potential Pressure (bar)   Constr. rmsd
   -4.51455e+06   -1.38029e+03    0.00000e+00

           Step           Time
           1723     1723.00000

   Energies (kJ/mol)
           Bond            U-B    Proper Dih.  Improper Dih.      CMAP Dih.
    1.57804e+03    5.70121e+03    9.60167e+03    2.73476e+02   -2.80474e+03
          LJ-14     Coulomb-14        LJ (SR)   Coulomb (SR)   Coul. recip.
    5.09054e+03    1.10534e+05    7.58792e+05   -5.41837e+06    1.48547e+04
      Potential Pressure (bar)   Constr. rmsd
   -4.51475e+06   -1.38031e+03    0.00000e+00

           Step           Time
           1724     1724.00000

           Step           Time
           1725     1725.00000

   Energies (kJ/mol)
           Bond            U-B    Proper Dih.  Improper Dih.      CMAP Dih.
    1.59171e+03    5.70642e+03    9.60161e+03    2.73399e+02   -2.80471e+03
          LJ-14     Coulomb-14        LJ (SR)   Coulomb (SR)   Coul. recip.
    5.09096e+03    1.10526e+05    7.58842e+05   -5.41846e+06    1.48521e+04
      Potential Pressure (bar)   Constr. rmsd
   -4.51478e+06   -1.38034e+03    0.00000e+00

           Step           Time
           1726     1726.00000

   Energies (kJ/mol)
           Bond            U-B    Proper Dih.  Improper Dih.      CMAP Dih.
    1.60145e+03    5.70324e+03    9.60179e+03    2.73469e+02   -2.80482e+03
          LJ-14     Coulomb-14        LJ (SR)   Coulomb (SR)   Coul. recip.
    5.09038e+03    1.10535e+05    7.58891e+05   -5.41856e+06    1.48514e+04
      Potential Pressure (bar)   Constr. rmsd
   -4.51482e+06   -1.38037e+03    0.00000e+00

           Step           Time
           1727     1727.00000

   Energies (kJ/mol)
           Bond            U-B    Proper Dih.  Improper Dih.      CMAP Dih.
    1.62911e+03    5.71101e+03    9.60169e+03    2.73362e+02   -2.80475e+03
          LJ-14     Coulomb-14        LJ (SR)   Coulomb (SR)   Coul. recip.
    5.09098e+03    1.10524e+05    7.58937e+05   -5.41864e+06    1.48485e+04
      Potential Pressure (bar)   Constr. rmsd
   -4.51483e+06   -1.38040e+03    0.00000e+00

           Step           Time
           1728     1728.00000

   Energies (kJ/mol)
           Bond            U-B    Proper Dih.  Improper Dih.      CMAP Dih.
    1.65031e+03    5.70794e+03    9.60194e+03    2.73464e+02   -2.80489e+03
          LJ-14     Coulomb-14        LJ (SR)   Coulomb (SR)   Coul. recip.
    5.09017e+03    1.10537e+05    7.58989e+05   -5.41876e+06    1.48481e+04
      Potential Pressure (bar)   Constr. rmsd
   -4.51486e+06   -1.38043e+03    0.00000e+00

           Step           Time
           1729     1729.00000

           Step           Time
           1730     1730.00000

   Energies (kJ/mol)
           Bond            U-B    Proper Dih.  Improper Dih.      CMAP Dih.
    1.55812e+03    5.70149e+03    9.60184e+03    2.73383e+02   -2.80484e+03
          LJ-14     Coulomb-14        LJ (SR)   Coulomb (SR)   Coul. recip.
    5.09059e+03    1.10529e+05    7.59010e+05   -5.41879e+06    1.48463e+04
      Potential Pressure (bar)   Constr. rmsd
   -4.51499e+06   -1.38044e+03    0.00000e+00

           Step           Time
           1731     1731.00000

   Energies (kJ/mol)
           Bond            U-B    Proper Dih.  Improper Dih.      CMAP Dih.
    1.70136e+03    5.71244e+03    9.60220e+03    2.73434e+02   -2.80504e+03
          LJ-14     Coulomb-14        LJ (SR)   Coulomb (SR)   Coul. recip.
    5.08986e+03    1.10538e+05    7.59206e+05   -5.41919e+06    1.48405e+04
      Potential Pressure (bar)   Constr. rmsd
   -4.51503e+06   -1.38056e+03    0.00000e+00

           Step           Time
           1732     1732.00000

   Energies (kJ/mol)
           Bond            U-B    Proper Dih.  Improper Dih.      CMAP Dih.
    1.57117e+03    5.70370e+03    9.60204e+03    2.73311e+02   -2.80496e+03
          LJ-14     Coulomb-14        LJ (SR)   Coulomb (SR)   Coul. recip.
    5.09049e+03    1.10527e+05    7.59228e+05   -5.41922e+06    1.48382e+04
      Potential Pressure (bar)   Constr. rmsd
   -4.51519e+06   -1.38058e+03    0.00000e+00

           Step           Time
           1733     1733.00000

           Step           Time
           1734     1734.00000

   Energies (kJ/mol)
           Bond            U-B    Proper Dih.  Improper Dih.      CMAP Dih.
    1.58905e+03    5.70231e+03    9.60221e+03    2.73360e+02   -2.80505e+03
          LJ-14     Coulomb-14        LJ (SR)   Coulomb (SR)   Coul. recip.
    5.09004e+03    1.10534e+05    7.59282e+05   -5.41933e+06    1.48370e+04
      Potential Pressure (bar)   Constr. rmsd
   -4.51523e+06   -1.38061e+03    0.00000e+00

           Step           Time
           1735     1735.00000

   Energies (kJ/mol)
           Bond            U-B    Proper Dih.  Improper Dih.      CMAP Dih.
    1.58949e+03    5.70624e+03    9.60212e+03    2.73278e+02   -2.80501e+03
          LJ-14     Coulomb-14        LJ (SR)   Coulomb (SR)   Coul. recip.
    5.09049e+03    1.10525e+05    7.59324e+05   -5.41941e+06    1.48346e+04
      Potential Pressure (bar)   Constr. rmsd
   -4.51527e+06   -1.38064e+03    0.00000e+00

           Step           Time
           1736     1736.00000

   Energies (kJ/mol)
           Bond            U-B    Proper Dih.  Improper Dih.      CMAP Dih.
    1.61980e+03    5.70501e+03    9.60235e+03    2.73358e+02   -2.80513e+03
          LJ-14     Coulomb-14        LJ (SR)   Coulomb (SR)   Coul. recip.
    5.08986e+03    1.10535e+05    7.59379e+05   -5.41952e+06    1.48338e+04
      Potential Pressure (bar)   Constr. rmsd
   -4.51529e+06   -1.38096e+03    0.00000e+00

           Step           Time
           1737     1737.00000

   Energies (kJ/mol)
           Bond            U-B    Proper Dih.  Improper Dih.      CMAP Dih.
    1.62902e+03    5.71109e+03    9.60221e+03    2.73235e+02   -2.80505e+03
          LJ-14     Coulomb-14        LJ (SR)   Coulomb (SR)   Coul. recip.
    5.09054e+03    1.10523e+05    7.59419e+05   -5.41959e+06    1.48308e+04
      Potential Pressure (bar)   Constr. rmsd
   -4.51532e+06   -1.38099e+03    0.00000e+00

           Step           Time
           1738     1738.00000

   Energies (kJ/mol)
           Bond            U-B    Proper Dih.  Improper Dih.      CMAP Dih.
    1.68114e+03    5.71117e+03    9.60250e+03    2.73362e+02   -2.80520e+03
          LJ-14     Coulomb-14        LJ (SR)   Coulomb (SR)   Coul. recip.
    5.08965e+03    1.10537e+05    7.59475e+05   -5.41971e+06    1.48306e+04
      Potential Pressure (bar)   Constr. rmsd
   -4.51532e+06   -1.38102e+03    0.00000e+00

           Step           Time
           1739     1739.00000

           Step           Time
           1740     1740.00000

   Energies (kJ/mol)
           Bond            U-B    Proper Dih.  Improper Dih.      CMAP Dih.
    1.55737e+03    5.70132e+03    9.60237e+03    2.73267e+02   -2.80515e+03
          LJ-14     Coulomb-14        LJ (SR)   Coulomb (SR)   Coul. recip.
    5.09012e+03    1.10529e+05    7.59493e+05   -5.41975e+06    1.48287e+04
      Potential Pressure (bar)   Constr. rmsd
   -4.51548e+06   -1.38103e+03    0.00000e+00

           Step           Time
           1741     1741.00000

   Energies (kJ/mol)
           Bond            U-B    Proper Dih.  Improper Dih.      CMAP Dih.
    1.74978e+03    5.71660e+03    9.60293e+03    2.73288e+02   -2.80545e+03
          LJ-14     Coulomb-14        LJ (SR)   Coulomb (SR)   Coul. recip.
    5.08918e+03    1.10539e+05    7.59842e+05   -5.42044e+06    1.48176e+04
      Potential Pressure (bar)   Constr. rmsd
   -4.51561e+06   -1.38153e+03    0.00000e+00

           Step           Time
           1742     1742.00000

   Energies (kJ/mol)
           Bond            U-B    Proper Dih.  Improper Dih.      CMAP Dih.
    1.56800e+03    5.70326e+03    9.60272e+03    2.73152e+02   -2.80536e+03
          LJ-14     Coulomb-14        LJ (SR)   Coulomb (SR)   Coul. recip.
    5.08986e+03    1.10526e+05    7.59861e+05   -5.42047e+06    1.48152e+04
      Potential Pressure (bar)   Constr. rmsd
   -4.51583e+06   -1.38154e+03    0.00000e+00

           Step           Time
           1743     1743.00000

           Step           Time
           1744     1744.00000

   Energies (kJ/mol)
           Bond            U-B    Proper Dih.  Improper Dih.      CMAP Dih.
    1.60502e+03    5.70362e+03    9.60292e+03    2.73216e+02   -2.80546e+03
          LJ-14     Coulomb-14        LJ (SR)   Coulomb (SR)   Coul. recip.
    5.08938e+03    1.10533e+05    7.59926e+05   -5.42060e+06    1.48139e+04
      Potential Pressure (bar)   Constr. rmsd
   -4.51586e+06   -1.38158e+03    0.00000e+00

           Step           Time
           1745     1745.00000

   Energies (kJ/mol)
           Bond            U-B    Proper Dih.  Improper Dih.      CMAP Dih.
    1.58682e+03    5.70603e+03    9.60281e+03    2.73116e+02   -2.80541e+03
          LJ-14     Coulomb-14        LJ (SR)   Coulomb (SR)   Coul. recip.
    5.08987e+03    1.10525e+05    7.59961e+05   -5.42066e+06    1.48116e+04
      Potential Pressure (bar)   Constr. rmsd
   -4.51591e+06   -1.38161e+03    0.00000e+00

           Step           Time
           1746     1746.00000

   Energies (kJ/mol)
           Bond            U-B    Proper Dih.  Improper Dih.      CMAP Dih.
    1.64425e+03    5.70737e+03    9.60305e+03    2.73208e+02   -2.80554e+03
          LJ-14     Coulomb-14        LJ (SR)   Coulomb (SR)   Coul. recip.
    5.08919e+03    1.10535e+05    7.60023e+05   -5.42079e+06    1.48106e+04
      Potential Pressure (bar)   Constr. rmsd
   -4.51591e+06   -1.38164e+03    0.00000e+00

           Step           Time
           1747     1747.00000

   Energies (kJ/mol)
           Bond            U-B    Proper Dih.  Improper Dih.      CMAP Dih.
    1.62891e+03    5.71125e+03    9.60289e+03    2.73072e+02   -2.80545e+03
          LJ-14     Coulomb-14        LJ (SR)   Coulomb (SR)   Coul. recip.
    5.08992e+03    1.10522e+05    7.60058e+05   -5.42085e+06    1.48077e+04
      Potential Pressure (bar)   Constr. rmsd
   -4.51596e+06   -1.38167e+03    0.00000e+00

           Step           Time
           1748     1748.00000

           Step           Time
           1749     1749.00000

   Energies (kJ/mol)
           Bond            U-B    Proper Dih.  Improper Dih.      CMAP Dih.
    1.56233e+03    5.70092e+03    9.60302e+03    2.73135e+02   -2.80553e+03
          LJ-14     Coulomb-14        LJ (SR)   Coulomb (SR)   Coul. recip.
    5.08942e+03    1.10530e+05    7.60088e+05   -5.42092e+06    1.48075e+04
      Potential Pressure (bar)   Constr. rmsd
   -4.51607e+06   -1.38168e+03    0.00000e+00

           Step           Time
           1750     1750.00000

   Energies (kJ/mol)
           Bond            U-B    Proper Dih.  Improper Dih.      CMAP Dih.
    1.66784e+03    5.71577e+03    9.60304e+03    2.73022e+02   -2.80554e+03
          LJ-14     Coulomb-14        LJ (SR)   Coulomb (SR)   Coul. recip.
    5.08984e+03    1.10520e+05    7.60225e+05   -5.42118e+06    1.48016e+04
      Potential Pressure (bar)   Constr. rmsd
   -4.51609e+06   -1.38177e+03    0.00000e+00

           Step           Time
           1751     1751.00000

   Energies (kJ/mol)
           Bond            U-B    Proper Dih.  Improper Dih.      CMAP Dih.
    1.58071e+03    5.70190e+03    9.60322e+03    2.73115e+02   -2.80566e+03
          LJ-14     Coulomb-14        LJ (SR)   Coulomb (SR)   Coul. recip.
    5.08915e+03    1.10531e+05    7.60260e+05   -5.42126e+06    1.48015e+04
      Potential Pressure (bar)   Constr. rmsd
   -4.51622e+06   -1.38179e+03    0.00000e+00

           Step           Time
           1752     1752.00000

           Step           Time
           1753     1753.00000

   Energies (kJ/mol)
           Bond            U-B    Proper Dih.  Improper Dih.      CMAP Dih.
    1.57682e+03    5.70469e+03    9.60317e+03    2.73042e+02   -2.80563e+03
          LJ-14     Coulomb-14        LJ (SR)   Coulomb (SR)   Coul. recip.
    5.08950e+03    1.10525e+05    7.60300e+05   -5.42133e+06    1.47993e+04
      Potential Pressure (bar)   Constr. rmsd
   -4.51626e+06   -1.38182e+03    0.00000e+00

           Step           Time
           1754     1754.00000

   Energies (kJ/mol)
           Bond            U-B    Proper Dih.  Improper Dih.      CMAP Dih.
    1.60189e+03    5.70360e+03    9.60335e+03    2.73102e+02   -2.80572e+03
          LJ-14     Coulomb-14        LJ (SR)   Coulomb (SR)   Coul. recip.
    5.08898e+03    1.10532e+05    7.60354e+05   -5.42144e+06    1.47982e+04
      Potential Pressure (bar)   Constr. rmsd
   -4.51629e+06   -1.38185e+03    0.00000e+00

           Step           Time
           1755     1755.00000

   Energies (kJ/mol)
           Bond            U-B    Proper Dih.  Improper Dih.      CMAP Dih.
    1.60139e+03    5.70795e+03    9.60325e+03    2.72998e+02   -2.80567e+03
          LJ-14     Coulomb-14        LJ (SR)   Coulomb (SR)   Coul. recip.
    5.08952e+03    1.10523e+05    7.60394e+05   -5.42151e+06    1.47957e+04
      Potential Pressure (bar)   Constr. rmsd
   -4.51633e+06   -1.38187e+03    0.00000e+00

           Step           Time
           1756     1756.00000

   Energies (kJ/mol)
           Bond            U-B    Proper Dih.  Improper Dih.      CMAP Dih.
    1.64362e+03    5.70749e+03    9.60349e+03    2.73105e+02   -2.80580e+03
          LJ-14     Coulomb-14        LJ (SR)   Coulomb (SR)   Coul. recip.
    5.08879e+03    1.10534e+05    7.60449e+05   -5.42163e+06    1.47951e+04
      Potential Pressure (bar)   Constr. rmsd
   -4.51634e+06   -1.38191e+03    0.00000e+00

           Step           Time
           1757     1757.00000

   Energies (kJ/mol)
           Bond            U-B    Proper Dih.  Improper Dih.      CMAP Dih.
    1.65497e+03    5.71429e+03    9.60332e+03    2.72961e+02   -2.80571e+03
          LJ-14     Coulomb-14        LJ (SR)   Coulomb (SR)   Coul. recip.
    5.08957e+03    1.10520e+05    7.60488e+05   -5.42169e+06    1.47921e+04
      Potential Pressure (bar)   Constr. rmsd
   -4.51637e+06   -1.38193e+03    0.00000e+00

           Step           Time
           1758     1758.00000

           Step           Time
           1759     1759.00000

   Energies (kJ/mol)
           Bond            U-B    Proper Dih.  Improper Dih.      CMAP Dih.
    1.56040e+03    5.70105e+03    9.60346e+03    2.73028e+02   -2.80579e+03
          LJ-14     Coulomb-14        LJ (SR)   Coulomb (SR)   Coul. recip.
    5.08904e+03    1.10528e+05    7.60515e+05   -5.42176e+06    1.47919e+04
      Potential Pressure (bar)   Constr. rmsd
   -4.51650e+06   -1.38195e+03    0.00000e+00

           Step           Time
           1760     1760.00000

   Energies (kJ/mol)
           Bond            U-B    Proper Dih.  Improper Dih.      CMAP Dih.
    1.70123e+03    5.71960e+03    9.60356e+03    2.72886e+02   -2.80585e+03
          LJ-14     Coulomb-14        LJ (SR)   Coulomb (SR)   Coul. recip.
    5.08942e+03    1.10519e+05    7.60727e+05   -5.42216e+06    1.47832e+04
      Potential Pressure (bar)   Constr. rmsd
   -4.51655e+06   -1.38208e+03    0.00000e+00

           Step           Time
           1761     1761.00000

   Energies (kJ/mol)
           Bond            U-B    Proper Dih.  Improper Dih.      CMAP Dih.
    1.57806e+03    5.70171e+03    9.60374e+03    2.72990e+02   -2.80596e+03
          LJ-14     Coulomb-14        LJ (SR)   Coulomb (SR)   Coul. recip.
    5.08867e+03    1.10530e+05    7.60760e+05   -5.42224e+06    1.47832e+04
      Potential Pressure (bar)   Constr. rmsd
   -4.51673e+06   -1.38210e+03    0.00000e+00

           Step           Time
           1762     1762.00000

           Step           Time
           1763     1763.00000

   Energies (kJ/mol)
           Bond            U-B    Proper Dih.  Improper Dih.      CMAP Dih.
    1.58749e+03    5.70620e+03    9.60368e+03    2.72909e+02   -2.80594e+03
          LJ-14     Coulomb-14        LJ (SR)   Coulomb (SR)   Coul. recip.
    5.08906e+03    1.10523e+05    7.60807e+05   -5.42233e+06    1.47807e+04
      Potential Pressure (bar)   Constr. rmsd
   -4.51676e+06   -1.38213e+03    0.00000e+00

           Step           Time
           1764     1764.00000

   Energies (kJ/mol)
           Bond            U-B    Proper Dih.  Improper Dih.      CMAP Dih.
    1.59933e+03    5.70349e+03    9.60386e+03    2.72984e+02   -2.80603e+03
          LJ-14     Coulomb-14        LJ (SR)   Coulomb (SR)   Coul. recip.
    5.08851e+03    1.10531e+05    7.60855e+05   -5.42243e+06    1.47801e+04
      Potential Pressure (bar)   Constr. rmsd
   -4.51680e+06   -1.38216e+03    0.00000e+00

           Step           Time
           1765     1765.00000

   Energies (kJ/mol)
           Bond            U-B    Proper Dih.  Improper Dih.      CMAP Dih.
    1.61961e+03    5.71023e+03    9.60376e+03    2.72865e+02   -2.80598e+03
          LJ-14     Coulomb-14        LJ (SR)   Coulomb (SR)   Coul. recip.
    5.08909e+03    1.10521e+05    7.60899e+05   -5.42251e+06    1.47772e+04
      Potential Pressure (bar)   Constr. rmsd
   -4.51682e+06   -1.38219e+03    0.00000e+00

           Step           Time
           1766     1766.00000

   Energies (kJ/mol)
           Bond            U-B    Proper Dih.  Improper Dih.      CMAP Dih.
    1.64323e+03    5.70763e+03    9.60399e+03    2.72984e+02   -2.80611e+03
          LJ-14     Coulomb-14        LJ (SR)   Coulomb (SR)   Coul. recip.
    5.08831e+03    1.10533e+05    7.60950e+05   -5.42262e+06    1.47767e+04
      Potential Pressure (bar)   Constr. rmsd
   -4.51685e+06   -1.38222e+03    0.00000e+00

           Step           Time
           1767     1767.00000

           Step           Time
           1768     1768.00000

   Energies (kJ/mol)
           Bond            U-B    Proper Dih.  Improper Dih.      CMAP Dih.
    1.55916e+03    5.70186e+03    9.60388e+03    2.72895e+02   -2.80606e+03
          LJ-14     Coulomb-14        LJ (SR)   Coulomb (SR)   Coul. recip.
    5.08871e+03    1.10526e+05    7.60970e+05   -5.42265e+06    1.47751e+04
      Potential Pressure (bar)   Constr. rmsd
   -4.51696e+06   -1.38251e+03    0.00000e+00

           Step           Time
           1769     1769.00000

   Energies (kJ/mol)
           Bond            U-B    Proper Dih.  Improper Dih.      CMAP Dih.
    1.68921e+03    5.71156e+03    9.60425e+03    2.72942e+02   -2.80626e+03
          LJ-14     Coulomb-14        LJ (SR)   Coulomb (SR)   Coul. recip.
    5.08799e+03    1.10534e+05    7.61178e+05   -5.42307e+06    1.47689e+04
      Potential Pressure (bar)   Constr. rmsd
   -4.51703e+06   -1.38263e+03    0.00000e+00

           Step           Time
           1770     1770.00000

   Energies (kJ/mol)
           Bond            U-B    Proper Dih.  Improper Dih.      CMAP Dih.
    1.56988e+03    5.70380e+03    9.60408e+03    2.72816e+02   -2.80619e+03
          LJ-14     Coulomb-14        LJ (SR)   Coulomb (SR)   Coul. recip.
    5.08859e+03    1.10524e+05    7.61200e+05   -5.42310e+06    1.47666e+04
      Potential Pressure (bar)   Constr. rmsd
   -4.51718e+06   -1.38265e+03    0.00000e+00

           Step           Time
           1771     1771.00000

           Step           Time
           1772     1772.00000

   Energies (kJ/mol)
           Bond            U-B    Proper Dih.  Improper Dih.      CMAP Dih.
    1.58844e+03    5.70265e+03    9.60425e+03    2.72871e+02   -2.80627e+03
          LJ-14     Coulomb-14        LJ (SR)   Coulomb (SR)   Coul. recip.
    5.08816e+03    1.10530e+05    7.61253e+05   -5.42321e+06    1.47655e+04
      Potential Pressure (bar)   Constr. rmsd
   -4.51721e+06   -1.38268e+03    0.00000e+00

           Step           Time
           1773     1773.00000

   Energies (kJ/mol)
           Bond            U-B    Proper Dih.  Improper Dih.      CMAP Dih.
    1.58546e+03    5.70605e+03    9.60416e+03    2.72785e+02   -2.80623e+03
          LJ-14     Coulomb-14        LJ (SR)   Coulomb (SR)   Coul. recip.
    5.08859e+03    1.10522e+05    7.61293e+05   -5.42328e+06    1.47631e+04
      Potential Pressure (bar)   Constr. rmsd
   -4.51726e+06   -1.38271e+03    0.00000e+00

           Step           Time
           1774     1774.00000

   Energies (kJ/mol)
           Bond            U-B    Proper Dih.  Improper Dih.      CMAP Dih.
    1.61621e+03    5.70505e+03    9.60437e+03    2.72869e+02   -2.80635e+03
          LJ-14     Coulomb-14        LJ (SR)   Coulomb (SR)   Coul. recip.
    5.08798e+03    1.10531e+05    7.61347e+05   -5.42340e+06    1.47623e+04
      Potential Pressure (bar)   Constr. rmsd
   -4.51728e+06   -1.38274e+03    0.00000e+00

           Step           Time
           1775     1775.00000

   Energies (kJ/mol)
           Bond            U-B    Proper Dih.  Improper Dih.      CMAP Dih.
    1.61944e+03    5.71033e+03    9.60423e+03    2.72743e+02   -2.80627e+03
          LJ-14     Coulomb-14        LJ (SR)   Coulomb (SR)   Coul. recip.
    5.08860e+03    1.10520e+05    7.61385e+05   -5.42346e+06    1.47596e+04
      Potential Pressure (bar)   Constr. rmsd
   -4.51731e+06   -1.38312e+03    0.00000e+00

           Step           Time
           1776     1776.00000

   Energies (kJ/mol)
           Bond            U-B    Proper Dih.  Improper Dih.      CMAP Dih.
    1.67132e+03    5.71049e+03    9.60451e+03    2.72877e+02   -2.80642e+03
          LJ-14     Coulomb-14        LJ (SR)   Coulomb (SR)   Coul. recip.
    5.08778e+03    1.10533e+05    7.61440e+05   -5.42359e+06    1.47591e+04
      Potential Pressure (bar)   Constr. rmsd
   -4.51731e+06   -1.38315e+03    0.00000e+00

           Step           Time
           1777     1777.00000

   Energies (kJ/mol)
           Bond            U-B    Proper Dih.  Improper Dih.      CMAP Dih.
    1.69312e+03    5.71866e+03    9.60430e+03    2.72702e+02   -2.80631e+03
          LJ-14     Coulomb-14        LJ (SR)   Coulomb (SR)   Coul. recip.
    5.08870e+03    1.10517e+05    7.61477e+05   -5.42364e+06    1.47559e+04
      Potential Pressure (bar)   Constr. rmsd
   -4.51732e+06   -1.38318e+03    0.00000e+00

           Step           Time
           1778     1778.00000

           Step           Time
           1779     1779.00000

   Energies (kJ/mol)
           Bond            U-B    Proper Dih.  Improper Dih.      CMAP Dih.
    1.56156e+03    5.70139e+03    9.60446e+03    2.72781e+02   -2.80641e+03
          LJ-14     Coulomb-14        LJ (SR)   Coulomb (SR)   Coul. recip.
    5.08808e+03    1.10527e+05    7.61504e+05   -5.42371e+06    1.47559e+04
      Potential Pressure (bar)   Constr. rmsd
   -4.51750e+06   -1.38319e+03    0.00000e+00

           Step           Time
           1780     1780.00000

   Energies (kJ/mol)
           Bond            U-B    Proper Dih.  Improper Dih.      CMAP Dih.
    1.75508e+03    5.72569e+03    9.60454e+03    2.72637e+02   -2.80646e+03
          LJ-14     Coulomb-14        LJ (SR)   Coulomb (SR)   Coul. recip.
    5.08853e+03    1.10515e+05    7.61726e+05   -5.42413e+06    1.47468e+04
      Potential Pressure (bar)   Constr. rmsd
   -4.51750e+06   -1.38334e+03    0.00000e+00

           Step           Time
           1781     1781.00000

   Energies (kJ/mol)
           Bond            U-B    Proper Dih.  Improper Dih.      CMAP Dih.
    1.58451e+03    5.70233e+03    9.60475e+03    2.72747e+02   -2.80659e+03
          LJ-14     Coulomb-14        LJ (SR)   Coulomb (SR)   Coul. recip.
    5.08767e+03    1.10529e+05    7.61760e+05   -5.42421e+06    1.47469e+04
      Potential Pressure (bar)   Constr. rmsd
   -4.51773e+06   -1.38335e+03    0.00000e+00

           Step           Time
           1782     1782.00000

           Step           Time
           1783     1783.00000

   Energies (kJ/mol)
           Bond            U-B    Proper Dih.  Improper Dih.      CMAP Dih.
    1.60032e+03    5.70802e+03    9.60467e+03    2.72651e+02   -2.80655e+03
          LJ-14     Coulomb-14        LJ (SR)   Coulomb (SR)   Coul. recip.
    5.08815e+03    1.10520e+05    7.61806e+05   -5.42429e+06    1.47444e+04
      Potential Pressure (bar)   Constr. rmsd
   -4.51776e+06   -1.38338e+03    0.00000e+00

           Step           Time
           1784     1784.00000

   Energies (kJ/mol)
           Bond            U-B    Proper Dih.  Improper Dih.      CMAP Dih.
    1.61226e+03    5.70484e+03    9.60487e+03    2.72745e+02   -2.80666e+03
          LJ-14     Coulomb-14        LJ (SR)   Coulomb (SR)   Coul. recip.
    5.08750e+03    1.10530e+05    7.61853e+05   -5.42440e+06    1.47438e+04
      Potential Pressure (bar)   Constr. rmsd
   -4.51779e+06   -1.38341e+03    0.00000e+00

           Step           Time
           1785     1785.00000

   Energies (kJ/mol)
           Bond            U-B    Proper Dih.  Improper Dih.      CMAP Dih.
    1.64458e+03    5.71333e+03    9.60473e+03    2.72608e+02   -2.80659e+03
          LJ-14     Coulomb-14        LJ (SR)   Coulomb (SR)   Coul. recip.
    5.08818e+03    1.10518e+05    7.61897e+05   -5.42447e+06    1.47409e+04
      Potential Pressure (bar)   Constr. rmsd
   -4.51780e+06   -1.38344e+03    0.00000e+00

           Step           Time
           1786     1786.00000

   Energies (kJ/mol)
           Bond            U-B    Proper Dih.  Improper Dih.      CMAP Dih.
    1.67010e+03    5.71056e+03    9.60501e+03    2.72747e+02   -2.80673e+03
          LJ-14     Coulomb-14        LJ (SR)   Coulomb (SR)   Coul. recip.
    5.08730e+03    1.10532e+05    7.61947e+05   -5.42458e+06    1.47408e+04
      Potential Pressure (bar)   Constr. rmsd
   -4.51782e+06   -1.38347e+03    0.00000e+00

           Step           Time
           1787     1787.00000

           Step           Time
           1788     1788.00000

   Energies (kJ/mol)
           Bond            U-B    Proper Dih.  Improper Dih.      CMAP Dih.
    1.56070e+03    5.70239e+03    9.60488e+03    2.72645e+02   -2.80668e+03
          LJ-14     Coulomb-14        LJ (SR)   Coulomb (SR)   Coul. recip.
    5.08777e+03    1.10523e+05    7.61966e+05   -5.42461e+06    1.47389e+04
      Potential Pressure (bar)   Constr. rmsd
   -4.51796e+06   -1.38348e+03    0.00000e+00

           Step           Time
           1789     1789.00000

   Energies (kJ/mol)
           Bond            U-B    Proper Dih.  Improper Dih.      CMAP Dih.
    1.73110e+03    5.71598e+03    9.60525e+03    2.72722e+02   -2.80688e+03
          LJ-14     Coulomb-14        LJ (SR)   Coulomb (SR)   Coul. recip.
    5.08698e+03    1.10534e+05    7.62158e+05   -5.42500e+06    1.47334e+04
      Potential Pressure (bar)   Constr. rmsd
   -4.51797e+06   -1.38360e+03    0.00000e+00

           Step           Time
           1790     1790.00000

   Energies (kJ/mol)
           Bond            U-B    Proper Dih.  Improper Dih.      CMAP Dih.
    1.57604e+03    5.70487e+03    9.60504e+03    2.72568e+02   -2.80679e+03
          LJ-14     Coulomb-14        LJ (SR)   Coulomb (SR)   Coul. recip.
    5.08767e+03    1.10521e+05    7.62178e+05   -5.42503e+06    1.47310e+04
      Potential Pressure (bar)   Constr. rmsd
   -4.51816e+06   -1.38362e+03    0.00000e+00

           Step           Time
           1791     1791.00000

           Step           Time
           1792     1792.00000

   Energies (kJ/mol)
           Bond            U-B    Proper Dih.  Improper Dih.      CMAP Dih.
    1.59757e+03    5.70364e+03    9.60522e+03    2.72636e+02   -2.80689e+03
          LJ-14     Coulomb-14        LJ (SR)   Coulomb (SR)   Coul. recip.
    5.08719e+03    1.10529e+05    7.62231e+05   -5.42514e+06    1.47300e+04
      Potential Pressure (bar)   Constr. rmsd
   -4.51819e+06   -1.38365e+03    0.00000e+00

           Step           Time
           1793     1793.00000

   Energies (kJ/mol)
           Bond            U-B    Proper Dih.  Improper Dih.      CMAP Dih.
    1.59774e+03    5.70782e+03    9.60510e+03    2.72532e+02   -2.80684e+03
          LJ-14     Coulomb-14        LJ (SR)   Coulomb (SR)   Coul. recip.
    5.08768e+03    1.10520e+05    7.62270e+05   -5.42521e+06    1.47275e+04
      Potential Pressure (bar)   Constr. rmsd
   -4.51823e+06   -1.38367e+03    0.00000e+00

           Step           Time
           1794     1794.00000

   Energies (kJ/mol)
           Bond            U-B    Proper Dih.  Improper Dih.      CMAP Dih.
    1.63406e+03    5.70696e+03    9.60534e+03    2.72636e+02   -2.80696e+03
          LJ-14     Coulomb-14        LJ (SR)   Coulomb (SR)   Coul. recip.
    5.08700e+03    1.10530e+05    7.62322e+05   -5.42532e+06    1.47268e+04
      Potential Pressure (bar)   Constr. rmsd
   -4.51824e+06   -1.38370e+03    0.00000e+00

           Step           Time
           1795     1795.00000

   Energies (kJ/mol)
           Bond            U-B    Proper Dih.  Improper Dih.      CMAP Dih.
    1.64472e+03    5.71345e+03    9.60517e+03    2.72488e+02   -2.80688e+03
          LJ-14     Coulomb-14        LJ (SR)   Coulomb (SR)   Coul. recip.
    5.08774e+03    1.10517e+05    7.62360e+05   -5.42538e+06    1.47240e+04
      Potential Pressure (bar)   Constr. rmsd
   -4.51827e+06   -1.38373e+03    0.00000e+00

           Step           Time
           1796     1796.00000

           Step           Time
           1797     1797.00000

   Energies (kJ/mol)
           Bond            U-B    Proper Dih.  Improper Dih.      CMAP Dih.
    1.56149e+03    5.70154e+03    9.60529e+03    2.72559e+02   -2.80696e+03
          LJ-14     Coulomb-14        LJ (SR)   Coulomb (SR)   Coul. recip.
    5.08723e+03    1.10525e+05    7.62387e+05   -5.42545e+06    1.47239e+04
      Potential Pressure (bar)   Constr. rmsd
   -4.51839e+06   -1.38375e+03    0.00000e+00

           Step           Time
           1798     1798.00000

   Energies (kJ/mol)
           Bond            U-B    Proper Dih.  Improper Dih.      CMAP Dih.
    1.68527e+03    5.71818e+03    9.60537e+03    2.72421e+02   -2.80702e+03
          LJ-14     Coulomb-14        LJ (SR)   Coulomb (SR)   Coul. recip.
    5.08758e+03    1.10516e+05    7.62599e+05   -5.42585e+06    1.47153e+04
      Potential Pressure (bar)   Constr. rmsd
   -4.51846e+06   -1.38388e+03    0.00000e+00

           Step           Time
           1799     1799.00000

   Energies (kJ/mol)
           Bond            U-B    Proper Dih.  Improper Dih.      CMAP Dih.
    1.57691e+03    5.70208e+03    9.60556e+03    2.72521e+02   -2.80712e+03
          LJ-14     Coulomb-14        LJ (SR)   Coulomb (SR)   Coul. recip.
    5.08687e+03    1.10527e+05    7.62631e+05   -5.42593e+06    1.47153e+04
      Potential Pressure (bar)   Constr. rmsd
   -4.51862e+06   -1.38390e+03    0.00000e+00

           Step           Time
           1800     1800.00000

           Step           Time
           1801     1801.00000

   Energies (kJ/mol)
           Bond            U-B    Proper Dih.  Improper Dih.      CMAP Dih.
    1.58543e+03    5.70623e+03    9.60549e+03    2.72438e+02   -2.80710e+03
          LJ-14     Coulomb-14        LJ (SR)   Coulomb (SR)   Coul. recip.
    5.08723e+03    1.10520e+05    7.62677e+05   -5.42601e+06    1.47128e+04
      Potential Pressure (bar)   Constr. rmsd
   -4.51865e+06   -1.38393e+03    0.00000e+00

           Step           Time
           1802     1802.00000

   Energies (kJ/mol)
           Bond            U-B    Proper Dih.  Improper Dih.      CMAP Dih.
    1.59556e+03    5.70360e+03    9.60567e+03    2.72513e+02   -2.80719e+03
          LJ-14     Coulomb-14        LJ (SR)   Coulomb (SR)   Coul. recip.
    5.08671e+03    1.10528e+05    7.62723e+05   -5.42611e+06    1.47120e+04
      Potential Pressure (bar)   Constr. rmsd
   -4.51869e+06   -1.38396e+03    0.00000e+00

           Step           Time
           1803     1803.00000

   Energies (kJ/mol)
           Bond            U-B    Proper Dih.  Improper Dih.      CMAP Dih.
    1.61355e+03    5.70981e+03    9.60556e+03    2.72400e+02   -2.80714e+03
          LJ-14     Coulomb-14        LJ (SR)   Coulomb (SR)   Coul. recip.
    5.08726e+03    1.10518e+05    7.62766e+05   -5.42619e+06    1.47094e+04
      Potential Pressure (bar)   Constr. rmsd
   -4.51871e+06   -1.38399e+03    0.00000e+00

           Step           Time
           1804     1804.00000

   Energies (kJ/mol)
           Bond            U-B    Proper Dih.  Improper Dih.      CMAP Dih.
    1.63408e+03    5.70711e+03    9.60578e+03    2.72515e+02   -2.80726e+03
          LJ-14     Coulomb-14        LJ (SR)   Coulomb (SR)   Coul. recip.
    5.08653e+03    1.10529e+05    7.62816e+05   -5.42629e+06    1.47089e+04
      Potential Pressure (bar)   Constr. rmsd
   -4.51874e+06   -1.38401e+03    0.00000e+00

           Step           Time
           1805     1805.00000

           Step           Time
           1806     1806.00000

   Energies (kJ/mol)
           Bond            U-B    Proper Dih.  Improper Dih.      CMAP Dih.
    1.56051e+03    5.70233e+03    9.60567e+03    2.72425e+02   -2.80722e+03
          LJ-14     Coulomb-14        LJ (SR)   Coulomb (SR)   Coul. recip.
    5.08690e+03    1.10522e+05    7.62835e+05   -5.42633e+06    1.47073e+04
      Potential Pressure (bar)   Constr. rmsd
   -4.51884e+06   -1.38403e+03    0.00000e+00

           Step           Time
           1807     1807.00000

   Energies (kJ/mol)
           Bond            U-B    Proper Dih.  Improper Dih.      CMAP Dih.
    1.67422e+03    5.71050e+03    9.60602e+03    2.72488e+02   -2.80741e+03
          LJ-14     Coulomb-14        LJ (SR)   Coulomb (SR)   Coul. recip.
    5.08621e+03    1.10530e+05    7.63032e+05   -5.42672e+06    1.47014e+04
      Potential Pressure (bar)   Constr. rmsd
   -4.51892e+06   -1.38415e+03    0.00000e+00

           Step           Time
           1808     1808.00000

   Energies (kJ/mol)
           Bond            U-B    Proper Dih.  Improper Dih.      CMAP Dih.
    1.56996e+03    5.70405e+03    9.60585e+03    2.72360e+02   -2.80734e+03
          LJ-14     Coulomb-14        LJ (SR)   Coulomb (SR)   Coul. recip.
    5.08677e+03    1.10520e+05    7.63054e+05   -5.42676e+06    1.46993e+04
      Potential Pressure (bar)   Constr. rmsd
   -4.51905e+06   -1.38417e+03    0.00000e+00

           Step           Time
           1809     1809.00000

           Step           Time
           1810     1810.00000

   Energies (kJ/mol)
           Bond            U-B    Proper Dih.  Improper Dih.      CMAP Dih.
    1.58613e+03    5.70286e+03    9.60600e+03    2.72410e+02   -2.80742e+03
          LJ-14     Coulomb-14        LJ (SR)   Coulomb (SR)   Coul. recip.
    5.08638e+03    1.10526e+05    7.63106e+05   -5.42686e+06    1.46981e+04
      Potential Pressure (bar)   Constr. rmsd
   -4.51909e+06   -1.38420e+03    0.00000e+00

           Step           Time
           1811     1811.00000

   Energies (kJ/mol)
           Bond            U-B    Proper Dih.  Improper Dih.      CMAP Dih.
    1.58362e+03    5.70605e+03    9.60591e+03    2.72325e+02   -2.80739e+03
          LJ-14     Coulomb-14        LJ (SR)   Coulomb (SR)   Coul. recip.
    5.08678e+03    1.10519e+05    7.63144e+05   -5.42693e+06    1.46960e+04
      Potential Pressure (bar)   Constr. rmsd
   -4.51913e+06   -1.38423e+03    0.00000e+00

           Step           Time
           1812     1812.00000

   Energies (kJ/mol)
           Bond            U-B    Proper Dih.  Improper Dih.      CMAP Dih.
    1.61052e+03    5.70494e+03    9.60610e+03    2.72408e+02   -2.80749e+03
          LJ-14     Coulomb-14        LJ (SR)   Coulomb (SR)   Coul. recip.
    5.08622e+03    1.10527e+05    7.63196e+05   -5.42704e+06    1.46950e+04
      Potential Pressure (bar)   Constr. rmsd
   -4.51915e+06   -1.38425e+03    0.00000e+00

           Step           Time
           1813     1813.00000

   Energies (kJ/mol)
           Bond            U-B    Proper Dih.  Improper Dih.      CMAP Dih.
    1.61336e+03    5.70987e+03    9.60597e+03    2.72283e+02   -2.80743e+03
          LJ-14     Coulomb-14        LJ (SR)   Coulomb (SR)   Coul. recip.
    5.08681e+03    1.10517e+05    7.63233e+05   -5.42711e+06    1.46924e+04
      Potential Pressure (bar)   Constr. rmsd
   -4.51919e+06   -1.38428e+03    0.00000e+00

           Step           Time
           1814     1814.00000

   Energies (kJ/mol)
           Bond            U-B    Proper Dih.  Improper Dih.      CMAP Dih.
    1.65899e+03    5.70960e+03    9.60623e+03    2.72411e+02   -2.80756e+03
          LJ-14     Coulomb-14        LJ (SR)   Coulomb (SR)   Coul. recip.
    5.08603e+03    1.10529e+05    7.63286e+05   -5.42722e+06    1.46920e+04
      Potential Pressure (bar)   Constr. rmsd
   -4.51919e+06   -1.38431e+03    0.00000e+00

           Step           Time
           1815     1815.00000

   Energies (kJ/mol)
           Bond            U-B    Proper Dih.  Improper Dih.      CMAP Dih.
    1.67777e+03    5.71729e+03    9.60602e+03    2.72241e+02   -2.80747e+03
          LJ-14     Coulomb-14        LJ (SR)   Coulomb (SR)   Coul. recip.
    5.08689e+03    1.10514e+05    7.63323e+05   -5.42728e+06    1.46890e+04
      Potential Pressure (bar)   Constr. rmsd
   -4.51920e+06   -1.38434e+03    0.00000e+00

           Step           Time
           1816     1816.00000

           Step           Time
           1817     1817.00000

   Energies (kJ/mol)
           Bond            U-B    Proper Dih.  Improper Dih.      CMAP Dih.
    1.56268e+03    5.70183e+03    9.60617e+03    2.72322e+02   -2.80756e+03
          LJ-14     Coulomb-14        LJ (SR)   Coulomb (SR)   Coul. recip.
    5.08630e+03    1.10523e+05    7.63349e+05   -5.42734e+06    1.46889e+04
      Potential Pressure (bar)   Constr. rmsd
   -4.51936e+06   -1.38435e+03    0.00000e+00

           Step           Time
           1818     1818.00000

   Energies (kJ/mol)
           Bond            U-B    Proper Dih.  Improper Dih.      CMAP Dih.
    1.73229e+03    5.72357e+03    9.60621e+03    2.72167e+02   -2.80761e+03
          LJ-14     Coulomb-14        LJ (SR)   Coulomb (SR)   Coul. recip.
    5.08673e+03    1.10513e+05    7.63566e+05   -5.42776e+06    1.46800e+04
      Potential Pressure (bar)   Constr. rmsd
   -4.51939e+06   -1.38449e+03    0.00000e+00

           Step           Time
           1819     1819.00000

   Energies (kJ/mol)
           Bond            U-B    Proper Dih.  Improper Dih.      CMAP Dih.
    1.58282e+03    5.70263e+03    9.60642e+03    2.72282e+02   -2.80773e+03
          LJ-14     Coulomb-14        LJ (SR)   Coulomb (SR)   Coul. recip.
    5.08590e+03    1.10525e+05    7.63599e+05   -5.42784e+06    1.46802e+04
      Potential Pressure (bar)   Constr. rmsd
   -4.51959e+06   -1.38451e+03    0.00000e+00

           Step           Time
           1820     1820.00000

           Step           Time
           1821     1821.00000

   Energies (kJ/mol)
           Bond            U-B    Proper Dih.  Improper Dih.      CMAP Dih.
    1.59657e+03    5.70780e+03    9.60634e+03    2.72192e+02   -2.80770e+03
          LJ-14     Coulomb-14        LJ (SR)   Coulomb (SR)   Coul. recip.
    5.08634e+03    1.10517e+05    7.63644e+05   -5.42792e+06    1.46777e+04
      Potential Pressure (bar)   Constr. rmsd
   -4.51962e+06   -1.38454e+03    0.00000e+00

           Step           Time
           1822     1822.00000

   Energies (kJ/mol)
           Bond            U-B    Proper Dih.  Improper Dih.      CMAP Dih.
    1.60726e+03    5.70475e+03    9.60653e+03    2.72284e+02   -2.80780e+03
          LJ-14     Coulomb-14        LJ (SR)   Coulomb (SR)   Coul. recip.
    5.08574e+03    1.10526e+05    7.63690e+05   -5.42802e+06    1.46771e+04
      Potential Pressure (bar)   Constr. rmsd
   -4.51965e+06   -1.38456e+03    0.00000e+00

           Step           Time
           1823     1823.00000

   Energies (kJ/mol)
           Bond            U-B    Proper Dih.  Improper Dih.      CMAP Dih.
    1.63529e+03    5.71253e+03    9.60639e+03    2.72155e+02   -2.80774e+03
          LJ-14     Coulomb-14        LJ (SR)   Coulomb (SR)   Coul. recip.
    5.08639e+03    1.10515e+05    7.63732e+05   -5.42809e+06    1.46742e+04
      Potential Pressure (bar)   Constr. rmsd
   -4.51966e+06   -1.38460e+03    0.00000e+00

           Step           Time
           1824     1824.00000

   Energies (kJ/mol)
           Bond            U-B    Proper Dih.  Improper Dih.      CMAP Dih.
    1.65818e+03    5.70966e+03    9.60664e+03    2.72293e+02   -2.80787e+03
          LJ-14     Coulomb-14        LJ (SR)   Coulomb (SR)   Coul. recip.
    5.08554e+03    1.10528e+05    7.63781e+05   -5.42820e+06    1.46741e+04
      Potential Pressure (bar)   Constr. rmsd
   -4.51969e+06   -1.38462e+03    0.00000e+00

           Step           Time
           1825     1825.00000

           Step           Time
           1826     1826.00000

   Energies (kJ/mol)
           Bond            U-B    Proper Dih.  Improper Dih.      CMAP Dih.
    1.56190e+03    5.70274e+03    9.60653e+03    2.72188e+02   -2.80782e+03
          LJ-14     Coulomb-14        LJ (SR)   Coulomb (SR)   Coul. recip.
    5.08599e+03    1.10520e+05    7.63800e+05   -5.42823e+06    1.46722e+04
      Potential Pressure (bar)   Constr. rmsd
   -4.51981e+06   -1.38464e+03    0.00000e+00

           Step           Time
           1827     1827.00000

   Energies (kJ/mol)
           Bond            U-B    Proper Dih.  Improper Dih.      CMAP Dih.
    1.71153e+03    5.71437e+03    9.60685e+03    2.72270e+02   -2.80801e+03
          LJ-14     Coulomb-14        LJ (SR)   Coulomb (SR)   Coul. recip.
    5.08523e+03    1.10530e+05    7.63985e+05   -5.42860e+06    1.46670e+04
      Potential Pressure (bar)   Constr. rmsd
   -4.51984e+06   -1.38475e+03    0.00000e+00

           Step           Time
           1828     1828.00000

   Energies (kJ/mol)
           Bond            U-B    Proper Dih.  Improper Dih.      CMAP Dih.
    1.57533e+03    5.70499e+03    9.60666e+03    2.72115e+02   -2.80793e+03
          LJ-14     Coulomb-14        LJ (SR)   Coulomb (SR)   Coul. recip.
    5.08588e+03    1.10518e+05    7.64005e+05   -5.42863e+06    1.46647e+04
      Potential Pressure (bar)   Constr. rmsd
   -4.52001e+06   -1.38477e+03    0.00000e+00

           Step           Time
           1829     1829.00000

           Step           Time
           1830     1830.00000

   Energies (kJ/mol)
           Bond            U-B    Proper Dih.  Improper Dih.      CMAP Dih.
    1.59441e+03    5.70371e+03    9.60682e+03    2.72185e+02   -2.80802e+03
          LJ-14     Coulomb-14        LJ (SR)   Coulomb (SR)   Coul. recip.
    5.08542e+03    1.10525e+05    7.64056e+05   -5.42874e+06    1.46636e+04
      Potential Pressure (bar)   Constr. rmsd
   -4.52004e+06   -1.38480e+03    0.00000e+00

           Step           Time
           1831     1831.00000

   Energies (kJ/mol)
           Bond            U-B    Proper Dih.  Improper Dih.      CMAP Dih.
    1.59431e+03    5.70761e+03    9.60672e+03    2.72082e+02   -2.80798e+03
          LJ-14     Coulomb-14        LJ (SR)   Coulomb (SR)   Coul. recip.
    5.08588e+03    1.10516e+05    7.64094e+05   -5.42880e+06    1.46613e+04
      Potential Pressure (bar)   Constr. rmsd
   -4.52007e+06   -1.38482e+03    0.00000e+00

           Step           Time
           1832     1832.00000

   Energies (kJ/mol)
           Bond            U-B    Proper Dih.  Improper Dih.      CMAP Dih.
    1.62656e+03    5.70657e+03    9.60694e+03    2.72188e+02   -2.80809e+03
          LJ-14     Coulomb-14        LJ (SR)   Coulomb (SR)   Coul. recip.
    5.08525e+03    1.10526e+05    7.64145e+05   -5.42891e+06    1.46607e+04
      Potential Pressure (bar)   Constr. rmsd
   -4.52009e+06   -1.38485e+03    0.00000e+00

           Step           Time
           1833     1833.00000

   Energies (kJ/mol)
           Bond            U-B    Proper Dih.  Improper Dih.      CMAP Dih.
    1.63537e+03    5.71261e+03    9.60678e+03    2.72043e+02   -2.80802e+03
          LJ-14     Coulomb-14        LJ (SR)   Coulomb (SR)   Coul. recip.
    5.08593e+03    1.10514e+05    7.64181e+05   -5.42897e+06    1.46579e+04
      Potential Pressure (bar)   Constr. rmsd
   -4.52012e+06   -1.38488e+03    0.00000e+00

           Step           Time
           1834     1834.00000

           Step           Time
           1835     1835.00000

   Energies (kJ/mol)
           Bond            U-B    Proper Dih.  Improper Dih.      CMAP Dih.
    1.56270e+03    5.70197e+03    9.60690e+03    2.72110e+02   -2.80809e+03
          LJ-14     Coulomb-14        LJ (SR)   Coulomb (SR)   Coul. recip.
    5.08545e+03    1.10521e+05    7.64207e+05   -5.42903e+06    1.46577e+04
      Potential Pressure (bar)   Constr. rmsd
   -4.52023e+06   -1.38489e+03    0.00000e+00

           Step           Time
           1836     1836.00000

   Energies (kJ/mol)
           Bond            U-B    Proper Dih.  Improper Dih.      CMAP Dih.
    1.67102e+03    5.71683e+03    9.60694e+03    2.71971e+02   -2.80815e+03
          LJ-14     Coulomb-14        LJ (SR)   Coulomb (SR)   Coul. recip.
    5.08578e+03    1.10513e+05    7.64414e+05   -5.42943e+06    1.46493e+04
      Potential Pressure (bar)   Constr. rmsd
   -4.52031e+06   -1.38502e+03    0.00000e+00

           Step           Time
           1837     1837.00000

   Energies (kJ/mol)
           Bond            U-B    Proper Dih.  Improper Dih.      CMAP Dih.
    1.57629e+03    5.70238e+03    9.60713e+03    2.72067e+02   -2.80825e+03
          LJ-14     Coulomb-14        LJ (SR)   Coulomb (SR)   Coul. recip.
    5.08511e+03    1.10523e+05    7.64446e+05   -5.42950e+06    1.46493e+04
      Potential Pressure (bar)   Constr. rmsd
   -4.52045e+06   -1.38504e+03    0.00000e+00

           Step           Time
           1838     1838.00000

           Step           Time
           1839     1839.00000

   Energies (kJ/mol)
           Bond            U-B    Proper Dih.  Improper Dih.      CMAP Dih.
    1.58354e+03    5.70616e+03    9.60706e+03    2.71990e+02   -2.80823e+03
          LJ-14     Coulomb-14        LJ (SR)   Coulomb (SR)   Coul. recip.
    5.08545e+03    1.10517e+05    7.64490e+05   -5.42959e+06    1.46469e+04
      Potential Pressure (bar)   Constr. rmsd
   -4.52049e+06   -1.38507e+03    0.00000e+00

           Step           Time
           1840     1840.00000

   Energies (kJ/mol)
           Bond            U-B    Proper Dih.  Improper Dih.      CMAP Dih.
    1.59274e+03    5.70366e+03    9.60722e+03    2.72063e+02   -2.80832e+03
          LJ-14     Coulomb-14        LJ (SR)   Coulomb (SR)   Coul. recip.
    5.08496e+03    1.10524e+05    7.64535e+05   -5.42968e+06    1.46462e+04
      Potential Pressure (bar)   Constr. rmsd
   -4.52052e+06   -1.38510e+03    0.00000e+00

           Step           Time
           1841     1841.00000

   Energies (kJ/mol)
           Bond            U-B    Proper Dih.  Improper Dih.      CMAP Dih.
    1.60813e+03    5.70936e+03    9.60711e+03    2.71951e+02   -2.80827e+03
          LJ-14     Coulomb-14        LJ (SR)   Coulomb (SR)   Coul. recip.
    5.08547e+03    1.10515e+05    7.64577e+05   -5.42975e+06    1.46437e+04
      Potential Pressure (bar)   Constr. rmsd
   -4.52054e+06   -1.38513e+03    0.00000e+00

           Step           Time
           1842     1842.00000

   Energies (kJ/mol)
           Bond            U-B    Proper Dih.  Improper Dih.      CMAP Dih.
    1.62672e+03    5.70671e+03    9.60734e+03    2.72066e+02   -2.80838e+03
          LJ-14     Coulomb-14        LJ (SR)   Coulomb (SR)   Coul. recip.
    5.08477e+03    1.10526e+05    7.64624e+05   -5.42986e+06    1.46432e+04
      Potential Pressure (bar)   Constr. rmsd
   -4.52058e+06   -1.38515e+03    0.00000e+00

           Step           Time
           1843     1843.00000

           Step           Time
           1844     1844.00000

   Energies (kJ/mol)
           Bond            U-B    Proper Dih.  Improper Dih.      CMAP Dih.
    1.56178e+03    5.70267e+03    9.60722e+03    2.71982e+02   -2.80835e+03
          LJ-14     Coulomb-14        LJ (SR)   Coulomb (SR)   Coul. recip.
    5.08513e+03    1.10519e+05    7.64644e+05   -5.42989e+06    1.46417e+04
      Potential Pressure (bar)   Constr. rmsd
   -4.52066e+06   -1.38517e+03    0.00000e+00

           Step           Time
           1845     1845.00000

   Energies (kJ/mol)
           Bond            U-B    Proper Dih.  Improper Dih.      CMAP Dih.
    1.66193e+03    5.70963e+03    9.60753e+03    2.72040e+02   -2.80853e+03
          LJ-14     Coulomb-14        LJ (SR)   Coulomb (SR)   Coul. recip.
    5.08448e+03    1.10527e+05    7.64835e+05   -5.43027e+06    1.46358e+04
      Potential Pressure (bar)   Constr. rmsd
   -4.52075e+06   -1.38529e+03    0.00000e+00

           Step           Time
           1846     1846.00000

   Energies (kJ/mol)
           Bond            U-B    Proper Dih.  Improper Dih.      CMAP Dih.
    1.57002e+03    5.70423e+03    9.60738e+03    2.71911e+02   -2.80847e+03
          LJ-14     Coulomb-14        LJ (SR)   Coulomb (SR)   Coul. recip.
    5.08501e+03    1.10517e+05    7.64856e+05   -5.43031e+06    1.46338e+04
      Potential Pressure (bar)   Constr. rmsd
   -4.52087e+06   -1.38530e+03    0.00000e+00

           Step           Time
           1847     1847.00000

           Step           Time
           1848     1848.00000

   Energies (kJ/mol)
           Bond            U-B    Proper Dih.  Improper Dih.      CMAP Dih.
    1.58449e+03    5.70304e+03    9.60751e+03    2.71966e+02   -2.80854e+03
          LJ-14     Coulomb-14        LJ (SR)   Coulomb (SR)   Coul. recip.
    5.08462e+03    1.10523e+05    7.64906e+05   -5.43041e+06    1.46327e+04
      Potential Pressure (bar)   Constr. rmsd
   -4.52091e+06   -1.38533e+03    0.00000e+00

           Step           Time
           1849     1849.00000

   Energies (kJ/mol)
           Bond            U-B    Proper Dih.  Improper Dih.      CMAP Dih.
    1.58195e+03    5.70602e+03    9.60743e+03    2.71878e+02   -2.80851e+03
          LJ-14     Coulomb-14        LJ (SR)   Coulomb (SR)   Coul. recip.
    5.08499e+03    1.10516e+05    7.64944e+05   -5.43048e+06    1.46306e+04
      Potential Pressure (bar)   Constr. rmsd
   -4.52095e+06   -1.38536e+03    0.00000e+00

           Step           Time
           1850     1850.00000

   Energies (kJ/mol)
           Bond            U-B    Proper Dih.  Improper Dih.      CMAP Dih.
    1.60601e+03    5.70481e+03    9.60761e+03    2.71964e+02   -2.80861e+03
          LJ-14     Coulomb-14        LJ (SR)   Coulomb (SR)   Coul. recip.
    5.08447e+03    1.10524e+05    7.64994e+05   -5.43059e+06    1.46296e+04
      Potential Pressure (bar)   Constr. rmsd
   -4.52097e+06   -1.38538e+03    0.00000e+00

           Step           Time
           1851     1851.00000

   Energies (kJ/mol)
           Bond            U-B    Proper Dih.  Improper Dih.      CMAP Dih.
    1.60795e+03    5.70941e+03    9.60748e+03    2.71841e+02   -2.80855e+03
          LJ-14     Coulomb-14        LJ (SR)   Coulomb (SR)   Coul. recip.
    5.08501e+03    1.10514e+05    7.65031e+05   -5.43065e+06    1.46271e+04
      Potential Pressure (bar)   Constr. rmsd
   -4.52100e+06   -1.38541e+03    0.00000e+00

           Step           Time
           1852     1852.00000

   Energies (kJ/mol)
           Bond            U-B    Proper Dih.  Improper Dih.      CMAP Dih.
    1.64876e+03    5.70881e+03    9.60772e+03    2.71972e+02   -2.80868e+03
          LJ-14     Coulomb-14        LJ (SR)   Coulomb (SR)   Coul. recip.
    5.08428e+03    1.10526e+05    7.65082e+05   -5.43076e+06    1.46266e+04
      Potential Pressure (bar)   Constr. rmsd
   -4.52101e+06   -1.38544e+03    0.00000e+00

           Step           Time
           1853     1853.00000

   Energies (kJ/mol)
           Bond            U-B    Proper Dih.  Improper Dih.      CMAP Dih.
    1.66426e+03    5.71599e+03    9.60752e+03    2.71797e+02   -2.80859e+03
          LJ-14     Coulomb-14        LJ (SR)   Coulomb (SR)   Coul. recip.
    5.08509e+03    1.10511e+05    7.65117e+05   -5.43082e+06    1.46239e+04
      Potential Pressure (bar)   Constr. rmsd
   -4.52103e+06   -1.38547e+03    0.00000e+00

           Step           Time
           1854     1854.00000

           Step           Time
           1855     1855.00000

   Energies (kJ/mol)
           Bond            U-B    Proper Dih.  Improper Dih.      CMAP Dih.
    1.56382e+03    5.70219e+03    9.60767e+03    2.71877e+02   -2.80867e+03
          LJ-14     Coulomb-14        LJ (SR)   Coulomb (SR)   Coul. recip.
    5.08454e+03    1.10520e+05    7.65143e+05   -5.43088e+06    1.46238e+04
      Potential Pressure (bar)   Constr. rmsd
   -4.52117e+06   -1.38548e+03    0.00000e+00

           Step           Time
           1856     1856.00000

   Energies (kJ/mol)
           Bond            U-B    Proper Dih.  Improper Dih.      CMAP Dih.
    1.71241e+03    5.72157e+03    9.60767e+03    2.71733e+02   -2.80873e+03
          LJ-14     Coulomb-14        LJ (SR)   Coulomb (SR)   Coul. recip.
    5.08491e+03    1.10510e+05    7.65354e+05   -5.43128e+06    1.46151e+04
      Potential Pressure (bar)   Constr. rmsd
   -4.52121e+06   -1.38562e+03    0.00000e+00

           Step           Time
           1857     1857.00000

   Energies (kJ/mol)
           Bond            U-B    Proper Dih.  Improper Dih.      CMAP Dih.
    1.58163e+03    5.70283e+03    9.60788e+03    2.71848e+02   -2.80884e+03
          LJ-14     Coulomb-14        LJ (SR)   Coulomb (SR)   Coul. recip.
    5.08415e+03    1.10522e+05    7.65385e+05   -5.43135e+06    1.46152e+04
      Potential Pressure (bar)   Constr. rmsd
   -4.52139e+06   -1.38563e+03    0.00000e+00

           Step           Time
           1858     1858.00000

           Step           Time
           1859     1859.00000

   Energies (kJ/mol)
           Bond            U-B    Proper Dih.  Improper Dih.      CMAP Dih.
    1.59331e+03    5.70756e+03    9.60780e+03    2.71754e+02   -2.80881e+03
          LJ-14     Coulomb-14        LJ (SR)   Coulomb (SR)   Coul. recip.
    5.08456e+03    1.10514e+05    7.65429e+05   -5.43143e+06    1.46129e+04
      Potential Pressure (bar)   Constr. rmsd
   -4.52142e+06   -1.38566e+03    0.00000e+00

           Step           Time
           1860     1860.00000

   Energies (kJ/mol)
           Bond            U-B    Proper Dih.  Improper Dih.      CMAP Dih.
    1.60323e+03    5.70467e+03    9.60798e+03    2.71846e+02   -2.80890e+03
          LJ-14     Coulomb-14        LJ (SR)   Coulomb (SR)   Coul. recip.
    5.08399e+03    1.10523e+05    7.65474e+05   -5.43153e+06    1.46122e+04
      Potential Pressure (bar)   Constr. rmsd
   -4.52146e+06   -1.38569e+03    0.00000e+00

           Step           Time
           1861     1861.00000

   Energies (kJ/mol)
           Bond            U-B    Proper Dih.  Improper Dih.      CMAP Dih.
    1.62712e+03    5.71177e+03    9.60784e+03    2.71715e+02   -2.80885e+03
          LJ-14     Coulomb-14        LJ (SR)   Coulomb (SR)   Coul. recip.
    5.08459e+03    1.10512e+05    7.65515e+05   -5.43160e+06    1.46096e+04
      Potential Pressure (bar)   Constr. rmsd
   -4.52147e+06   -1.38572e+03    0.00000e+00

           Step           Time
           1862     1862.00000

   Energies (kJ/mol)
           Bond            U-B    Proper Dih.  Improper Dih.      CMAP Dih.
    1.64819e+03    5.70890e+03    9.60809e+03    2.71855e+02   -2.80897e+03
          LJ-14     Coulomb-14        LJ (SR)   Coulomb (SR)   Coul. recip.
    5.08379e+03    1.10525e+05    7.65562e+05   -5.43170e+06    1.46094e+04
      Potential Pressure (bar)   Constr. rmsd
   -4.52150e+06   -1.38574e+03    0.00000e+00

           Step           Time
           1863     1863.00000

           Step           Time
           1864     1864.00000

   Energies (kJ/mol)
           Bond            U-B    Proper Dih.  Improper Dih.      CMAP Dih.
    1.56303e+03    5.70303e+03    9.60797e+03    2.71754e+02   -2.80893e+03
          LJ-14     Coulomb-14        LJ (SR)   Coulomb (SR)   Coul. recip.
    5.08421e+03    1.10517e+05    7.65580e+05   -5.43173e+06    1.46076e+04
      Potential Pressure (bar)   Constr. rmsd
   -4.52161e+06   -1.38576e+03    0.00000e+00

           Step           Time
           1865     1865.00000

   Energies (kJ/mol)
           Bond            U-B    Proper Dih.  Improper Dih.      CMAP Dih.
    1.69510e+03    5.71296e+03    9.60827e+03    2.71826e+02   -2.80910e+03
          LJ-14     Coulomb-14        LJ (SR)   Coulomb (SR)   Coul. recip.
    5.08351e+03    1.10526e+05    7.65761e+05   -5.43210e+06    1.46023e+04
      Potential Pressure (bar)   Constr. rmsd
   -4.52165e+06   -1.38586e+03    0.00000e+00

           Step           Time
           1866     1866.00000

   Energies (kJ/mol)
           Bond            U-B    Proper Dih.  Improper Dih.      CMAP Dih.
    1.57472e+03    5.70505e+03    9.60810e+03    2.71676e+02   -2.80904e+03
          LJ-14     Coulomb-14        LJ (SR)   Coulomb (SR)   Coul. recip.
    5.08412e+03    1.10515e+05    7.65781e+05   -5.43213e+06    1.46002e+04
      Potential Pressure (bar)   Constr. rmsd
   -4.52180e+06   -1.38588e+03    0.00000e+00

           Step           Time
           1867     1867.00000

           Step           Time
           1868     1868.00000

   Energies (kJ/mol)
           Bond            U-B    Proper Dih.  Improper Dih.      CMAP Dih.
    1.59195e+03    5.70378e+03    9.60825e+03    2.71748e+02   -2.80912e+03
          LJ-14     Coulomb-14        LJ (SR)   Coulomb (SR)   Coul. recip.
    5.08368e+03    1.10522e+05    7.65830e+05   -5.43223e+06    1.45992e+04
      Potential Pressure (bar)   Constr. rmsd
   -4.52183e+06   -1.38591e+03    0.00000e+00

           Step           Time
           1869     1869.00000

   Energies (kJ/mol)
           Bond            U-B    Proper Dih.  Improper Dih.      CMAP Dih.
    1.59130e+03    5.70737e+03    9.60814e+03    2.71645e+02   -2.80908e+03
          LJ-14     Coulomb-14        LJ (SR)   Coulomb (SR)   Coul. recip.
    5.08411e+03    1.10514e+05    7.65867e+05   -5.43230e+06    1.45970e+04
      Potential Pressure (bar)   Constr. rmsd
   -4.52187e+06   -1.38594e+03    0.00000e+00

           Step           Time
           1870     1870.00000

   Energies (kJ/mol)
           Bond            U-B    Proper Dih.  Improper Dih.      CMAP Dih.
    1.62035e+03    5.70624e+03    9.60833e+03    2.71751e+02   -2.80918e+03
          LJ-14     Coulomb-14        LJ (SR)   Coulomb (SR)   Coul. recip.
    5.08350e+03    1.10523e+05    7.65916e+05   -5.43240e+06    1.45963e+04
      Potential Pressure (bar)   Constr. rmsd
   -4.52189e+06   -1.38597e+03    0.00000e+00

           Step           Time
           1871     1871.00000

   Energies (kJ/mol)
           Bond            U-B    Proper Dih.  Improper Dih.      CMAP Dih.
    1.62717e+03    5.71183e+03    9.60819e+03    2.71609e+02   -2.80912e+03
          LJ-14     Coulomb-14        LJ (SR)   Coulomb (SR)   Coul. recip.
    5.08415e+03    1.10511e+05    7.65952e+05   -5.43246e+06    1.45937e+04
      Potential Pressure (bar)   Constr. rmsd
   -4.52191e+06   -1.38599e+03    0.00000e+00

           Step           Time
           1872     1872.00000

           Step           Time
           1873     1873.00000

   Energies (kJ/mol)
           Bond            U-B    Proper Dih.  Improper Dih.      CMAP Dih.
    1.56390e+03    5.70230e+03    9.60830e+03    2.71677e+02   -2.80919e+03
          LJ-14     Coulomb-14        LJ (SR)   Coulomb (SR)   Coul. recip.
    5.08371e+03    1.10518e+05    7.65977e+05   -5.43252e+06    1.45935e+04
      Potential Pressure (bar)   Constr. rmsd
   -4.52201e+06   -1.38600e+03    0.00000e+00

           Step           Time
           1874     1874.00000

   Energies (kJ/mol)
           Bond            U-B    Proper Dih.  Improper Dih.      CMAP Dih.
    1.65866e+03    5.71554e+03    9.60832e+03    2.71536e+02   -2.80926e+03
          LJ-14     Coulomb-14        LJ (SR)   Coulomb (SR)   Coul. recip.
    5.08399e+03    1.10510e+05    7.66177e+05   -5.43290e+06    1.45855e+04
      Potential Pressure (bar)   Constr. rmsd
   -4.52210e+06   -1.38613e+03    0.00000e+00

           Step           Time
           1875     1875.00000

   Energies (kJ/mol)
           Bond            U-B    Proper Dih.  Improper Dih.      CMAP Dih.
    1.57596e+03    5.70260e+03    9.60848e+03    2.71636e+02   -2.80934e+03
          LJ-14     Coulomb-14        LJ (SR)   Coulomb (SR)   Coul. recip.
    5.08337e+03    1.10520e+05    7.66207e+05   -5.43297e+06    1.45854e+04
      Potential Pressure (bar)   Constr. rmsd
   -4.52223e+06   -1.38653e+03    0.00000e+00

           Step           Time
           1876     1876.00000

           Step           Time
           1877     1877.00000

   Energies (kJ/mol)
           Bond            U-B    Proper Dih.  Improper Dih.      CMAP Dih.
    1.58193e+03    5.70609e+03    9.60843e+03    2.71557e+02   -2.80932e+03
          LJ-14     Coulomb-14        LJ (SR)   Coulomb (SR)   Coul. recip.
    5.08368e+03    1.10514e+05    7.66251e+05   -5.43305e+06    1.45831e+04
      Potential Pressure (bar)   Constr. rmsd
   -4.52226e+06   -1.38656e+03    0.00000e+00

           Step           Time
           1878     1878.00000

   Energies (kJ/mol)
           Bond            U-B    Proper Dih.  Improper Dih.      CMAP Dih.
    1.59053e+03    5.70371e+03    9.60857e+03    2.71631e+02   -2.80940e+03
          LJ-14     Coulomb-14        LJ (SR)   Coulomb (SR)   Coul. recip.
    5.08322e+03    1.10521e+05    7.66294e+05   -5.43314e+06    1.45823e+04
      Potential Pressure (bar)   Constr. rmsd
   -4.52230e+06   -1.38658e+03    0.00000e+00

           Step           Time
           1879     1879.00000

   Energies (kJ/mol)
           Bond            U-B    Proper Dih.  Improper Dih.      CMAP Dih.
    1.60342e+03    5.70891e+03    9.60846e+03    2.71523e+02   -2.80937e+03
          LJ-14     Coulomb-14        LJ (SR)   Coulomb (SR)   Coul. recip.
    5.08370e+03    1.10512e+05    7.66335e+05   -5.43322e+06    1.45799e+04
      Potential Pressure (bar)   Constr. rmsd
   -4.52232e+06   -1.38661e+03    0.00000e+00

           Step           Time
           1880     1880.00000

   Energies (kJ/mol)
           Bond            U-B    Proper Dih.  Improper Dih.      CMAP Dih.
    1.62055e+03    5.70633e+03    9.60869e+03    2.71635e+02   -2.80947e+03
          LJ-14     Coulomb-14        LJ (SR)   Coulomb (SR)   Coul. recip.
    5.08304e+03    1.10522e+05    7.66381e+05   -5.43332e+06    1.45794e+04
      Potential Pressure (bar)   Constr. rmsd
   -4.52235e+06   -1.38664e+03    0.00000e+00

           Step           Time
           1881     1881.00000

   Energies (kJ/mol)
           Bond            U-B    Proper Dih.  Improper Dih.      CMAP Dih.
    1.64841e+03    5.71428e+03    9.60851e+03    2.71486e+02   -2.80941e+03
          LJ-14     Coulomb-14        LJ (SR)   Coulomb (SR)   Coul. recip.
    5.08375e+03    1.10510e+05    7.66420e+05   -5.43338e+06    1.45766e+04
      Potential Pressure (bar)   Constr. rmsd
   -4.52236e+06   -1.38666e+03    0.00000e+00

           Step           Time
           1882     1882.00000

   Energies (kJ/mol)
           Bond            U-B    Proper Dih.  Improper Dih.      CMAP Dih.
    1.68197e+03    5.71243e+03    9.60880e+03    2.71656e+02   -2.80954e+03
          LJ-14     Coulomb-14        LJ (SR)   Coulomb (SR)   Coul. recip.
    5.08283e+03    1.10524e+05    7.66468e+05   -5.43349e+06    1.45766e+04
      Potential Pressure (bar)   Constr. rmsd
   -4.52237e+06   -1.38669e+03    0.00000e+00

           Step           Time
           1883     1883.00000

           Step           Time
           1884     1884.00000

   Energies (kJ/mol)
           Bond            U-B    Proper Dih.  Improper Dih.      CMAP Dih.
    1.56387e+03    5.70327e+03    9.60864e+03    2.71528e+02   -2.80949e+03
          LJ-14     Coulomb-14        LJ (SR)   Coulomb (SR)   Coul. recip.
    5.08332e+03    1.10515e+05    7.66485e+05   -5.43351e+06    1.45748e+04
      Potential Pressure (bar)   Constr. rmsd
   -4.52252e+06   -1.38670e+03    0.00000e+00

           Step           Time
           1885     1885.00000

   Energies (kJ/mol)
           Bond            U-B    Proper Dih.  Improper Dih.      CMAP Dih.
    1.74724e+03    5.71811e+03    9.60900e+03    2.71640e+02   -2.80969e+03
          LJ-14     Coulomb-14        LJ (SR)   Coulomb (SR)   Coul. recip.
    5.08249e+03    1.10526e+05    7.66685e+05   -5.43392e+06    1.45690e+04
      Potential Pressure (bar)   Constr. rmsd
   -4.52252e+06   -1.38683e+03    0.00000e+00

           Step           Time
           1886     1886.00000

   Energies (kJ/mol)
           Bond            U-B    Proper Dih.  Improper Dih.      CMAP Dih.
    1.57882e+03    5.70568e+03    9.60877e+03    2.71451e+02   -2.80961e+03
          LJ-14     Coulomb-14        LJ (SR)   Coulomb (SR)   Coul. recip.
    5.08321e+03    1.10513e+05    7.66703e+05   -5.43394e+06    1.45668e+04
      Potential Pressure (bar)   Constr. rmsd
   -4.52272e+06   -1.38684e+03    0.00000e+00

           Step           Time
           1887     1887.00000

           Step           Time
           1888     1888.00000

   Energies (kJ/mol)
           Bond            U-B    Proper Dih.  Improper Dih.      CMAP Dih.
    1.60502e+03    5.70490e+03    9.60894e+03    2.71535e+02   -2.80969e+03
          LJ-14     Coulomb-14        LJ (SR)   Coulomb (SR)   Coul. recip.
    5.08271e+03    1.10521e+05    7.66754e+05   -5.43405e+06    1.45658e+04
      Potential Pressure (bar)   Constr. rmsd
   -4.52274e+06   -1.38687e+03    0.00000e+00

           Step           Time
           1889     1889.00000

   Energies (kJ/mol)
           Bond            U-B    Proper Dih.  Improper Dih.      CMAP Dih.
    1.60083e+03    5.70867e+03    9.60880e+03    2.71413e+02   -2.80964e+03
          LJ-14     Coulomb-14        LJ (SR)   Coulomb (SR)   Coul. recip.
    5.08323e+03    1.10511e+05    7.66788e+05   -5.43411e+06    1.45635e+04
      Potential Pressure (bar)   Constr. rmsd
   -4.52278e+06   -1.38689e+03    0.00000e+00

           Step           Time
           1890     1890.00000

   Energies (kJ/mol)
           Bond            U-B    Proper Dih.  Improper Dih.      CMAP Dih.
    1.64390e+03    5.70852e+03    9.60903e+03    2.71541e+02   -2.80976e+03
          LJ-14     Coulomb-14        LJ (SR)   Coulomb (SR)   Coul. recip.
    5.08253e+03    1.10522e+05    7.66839e+05   -5.43422e+06    1.45629e+04
      Potential Pressure (bar)   Constr. rmsd
   -4.52279e+06   -1.38692e+03    0.00000e+00

           Step           Time
           1891     1891.00000

   Energies (kJ/mol)
           Bond            U-B    Proper Dih.  Improper Dih.      CMAP Dih.
    1.64888e+03    5.71445e+03    9.60884e+03    2.71369e+02   -2.80968e+03
          LJ-14     Coulomb-14        LJ (SR)   Coulomb (SR)   Coul. recip.
    5.08330e+03    1.10509e+05    7.66873e+05   -5.43427e+06    1.45602e+04
      Potential Pressure (bar)   Constr. rmsd
   -4.52281e+06   -1.38695e+03    0.00000e+00

           Step           Time
           1892     1892.00000

           Step           Time
           1893     1893.00000

   Energies (kJ/mol)
           Bond            U-B    Proper Dih.  Improper Dih.      CMAP Dih.
    1.56565e+03    5.70249e+03    9.60898e+03    2.71451e+02   -2.80975e+03
          LJ-14     Coulomb-14        LJ (SR)   Coulomb (SR)   Coul. recip.
    5.08277e+03    1.10517e+05    7.66898e+05   -5.43433e+06    1.45602e+04
      Potential Pressure (bar)   Constr. rmsd
   -4.52293e+06   -1.38696e+03    0.00000e+00

           Step           Time
           1894     1894.00000

   Energies (kJ/mol)
           Bond            U-B    Proper Dih.  Improper Dih.      CMAP Dih.
    1.69124e+03    5.71932e+03    9.60895e+03    2.71314e+02   -2.80980e+03
          LJ-14     Coulomb-14        LJ (SR)   Coulomb (SR)   Coul. recip.
    5.08317e+03    1.10507e+05    7.67071e+05   -5.43466e+06    1.45529e+04
      Potential Pressure (bar)   Constr. rmsd
   -4.52297e+06   -1.38707e+03    0.00000e+00

           Step           Time
           1895     1895.00000

   Energies (kJ/mol)
           Bond            U-B    Proper Dih.  Improper Dih.      CMAP Dih.
    1.58239e+03    5.70314e+03    9.60915e+03    2.71428e+02   -2.80989e+03
          LJ-14     Coulomb-14        LJ (SR)   Coulomb (SR)   Coul. recip.
    5.08244e+03    1.10518e+05    7.67102e+05   -5.43473e+06    1.45530e+04
      Potential Pressure (bar)   Constr. rmsd
   -4.52312e+06   -1.38709e+03    0.00000e+00

           Step           Time
           1896     1896.00000

           Step           Time
           1897     1897.00000

   Energies (kJ/mol)
           Bond            U-B    Proper Dih.  Improper Dih.      CMAP Dih.
    1.58853e+03    5.70705e+03    9.60908e+03    2.71334e+02   -2.80987e+03
          LJ-14     Coulomb-14        LJ (SR)   Coulomb (SR)   Coul. recip.
    5.08282e+03    1.10512e+05    7.67143e+05   -5.43481e+06    1.45508e+04
      Potential Pressure (bar)   Constr. rmsd
   -4.52315e+06   -1.38712e+03    0.00000e+00

           Step           Time
           1898     1898.00000

   Energies (kJ/mol)
           Bond            U-B    Proper Dih.  Improper Dih.      CMAP Dih.
    1.60248e+03    5.70477e+03    9.60925e+03    2.71426e+02   -2.80995e+03
          LJ-14     Coulomb-14        LJ (SR)   Coulomb (SR)   Coul. recip.
    5.08229e+03    1.10520e+05    7.67188e+05   -5.43490e+06    1.45501e+04
      Potential Pressure (bar)   Constr. rmsd
   -4.52318e+06   -1.38714e+03    0.00000e+00

           Step           Time
           1899     1899.00000

   Energies (kJ/mol)
           Bond            U-B    Proper Dih.  Improper Dih.      CMAP Dih.
    1.61719e+03    5.71068e+03    9.60912e+03    2.71296e+02   -2.80991e+03
          LJ-14     Coulomb-14        LJ (SR)   Coulomb (SR)   Coul. recip.
    5.08285e+03    1.10510e+05    7.67226e+05   -5.43497e+06    1.45476e+04
      Potential Pressure (bar)   Constr. rmsd
   -4.52320e+06   -1.38717e+03    0.00000e+00

           Step           Time
           1900     1900.00000

   Energies (kJ/mol)
           Bond            U-B    Proper Dih.  Improper Dih.      CMAP Dih.
    1.64357e+03    5.70859e+03    9.60935e+03    2.71437e+02   -2.81002e+03
          LJ-14     Coulomb-14        LJ (SR)   Coulomb (SR)   Coul. recip.
    5.08211e+03    1.10521e+05    7.67273e+05   -5.43507e+06    1.45473e+04
      Potential Pressure (bar)   Constr. rmsd
   -4.52322e+06   -1.38720e+03    0.00000e+00

           Step           Time
           1901     1901.00000

           Step           Time
           1902     1902.00000

   Energies (kJ/mol)
           Bond            U-B    Proper Dih.  Improper Dih.      CMAP Dih.
    1.56373e+03    5.70313e+03    9.60922e+03    2.71334e+02   -2.80998e+03
          LJ-14     Coulomb-14        LJ (SR)   Coulomb (SR)   Coul. recip.
    5.08249e+03    1.10514e+05    7.67290e+05   -5.43510e+06    1.45457e+04
      Potential Pressure (bar)   Constr. rmsd
   -4.52333e+06   -1.38721e+03    0.00000e+00

           Step           Time
           1903     1903.00000

   Energies (kJ/mol)
           Bond            U-B    Proper Dih.  Improper Dih.      CMAP Dih.
    1.68685e+03    5.71215e+03    9.60952e+03    2.71414e+02   -2.81017e+03
          LJ-14     Coulomb-14        LJ (SR)   Coulomb (SR)   Coul. recip.
    5.08178e+03    1.10523e+05    7.67500e+05   -5.43552e+06    1.45393e+04
      Potential Pressure (bar)   Constr. rmsd
   -4.52340e+06   -1.38734e+03    0.00000e+00

           Step           Time
           1904     1904.00000

   Energies (kJ/mol)
           Bond            U-B    Proper Dih.  Improper Dih.      CMAP Dih.
    1.57285e+03    5.70476e+03    9.60933e+03    2.71260e+02   -2.81011e+03
          LJ-14     Coulomb-14        LJ (SR)   Coulomb (SR)   Coul. recip.
    5.08236e+03    1.10512e+05    7.67518e+05   -5.43555e+06    1.45372e+04
      Potential Pressure (bar)   Constr. rmsd
   -4.52355e+06   -1.38735e+03    0.00000e+00

           Step           Time
           1905     1905.00000

           Step           Time
           1906     1906.00000

   Energies (kJ/mol)
           Bond            U-B    Proper Dih.  Improper Dih.      CMAP Dih.
    1.59251e+03    5.70394e+03    9.60950e+03    2.71329e+02   -2.81018e+03
          LJ-14     Coulomb-14        LJ (SR)   Coulomb (SR)   Coul. recip.
    5.08194e+03    1.10518e+05    7.67569e+05   -5.43565e+06    1.45363e+04
      Potential Pressure (bar)   Constr. rmsd
   -4.52358e+06   -1.38738e+03    0.00000e+00

           Step           Time
           1907     1907.00000

   Energies (kJ/mol)
           Bond            U-B    Proper Dih.  Improper Dih.      CMAP Dih.
    1.58668e+03    5.70679e+03    9.60940e+03    2.71222e+02   -2.81015e+03
          LJ-14     Coulomb-14        LJ (SR)   Coulomb (SR)   Coul. recip.
    5.08235e+03    1.10511e+05    7.67604e+05   -5.43571e+06    1.45341e+04
      Potential Pressure (bar)   Constr. rmsd
   -4.52362e+06   -1.38741e+03    0.00000e+00

           Step           Time
           1908     1908.00000

   Energies (kJ/mol)
           Bond            U-B    Proper Dih.  Improper Dih.      CMAP Dih.
    1.61866e+03    5.70620e+03    9.60959e+03    2.71331e+02   -2.81024e+03
          LJ-14     Coulomb-14        LJ (SR)   Coulomb (SR)   Coul. recip.
    5.08178e+03    1.10520e+05    7.67654e+05   -5.43582e+06    1.45334e+04
      Potential Pressure (bar)   Constr. rmsd
   -4.52363e+06   -1.38743e+03    0.00000e+00

           Step           Time
           1909     1909.00000

   Energies (kJ/mol)
           Bond            U-B    Proper Dih.  Improper Dih.      CMAP Dih.
    1.61711e+03    5.71067e+03    9.60942e+03    2.71181e+02   -2.81019e+03
          LJ-14     Coulomb-14        LJ (SR)   Coulomb (SR)   Coul. recip.
    5.08239e+03    1.10509e+05    7.67687e+05   -5.43587e+06    1.45309e+04
      Potential Pressure (bar)   Constr. rmsd
   -4.52367e+06   -1.38746e+03    0.00000e+00

           Step           Time
           1910     1910.00000

           Step           Time
           1911     1911.00000

   Energies (kJ/mol)
           Bond            U-B    Proper Dih.  Improper Dih.      CMAP Dih.
    1.56572e+03    5.70252e+03    9.60954e+03    2.71249e+02   -2.81024e+03
          LJ-14     Coulomb-14        LJ (SR)   Coulomb (SR)   Coul. recip.
    5.08196e+03    1.10515e+05    7.67712e+05   -5.43593e+06    1.45307e+04
      Potential Pressure (bar)   Constr. rmsd
   -4.52375e+06   -1.38747e+03    0.00000e+00

           Step           Time
           1912     1912.00000

   Energies (kJ/mol)
           Bond            U-B    Proper Dih.  Improper Dih.      CMAP Dih.
    1.64473e+03    5.71395e+03    9.60952e+03    2.71132e+02   -2.81029e+03
          LJ-14     Coulomb-14        LJ (SR)   Coulomb (SR)   Coul. recip.
    5.08227e+03    1.10507e+05    7.67869e+05   -5.43623e+06    1.45241e+04
      Potential Pressure (bar)   Constr. rmsd
   -4.52382e+06   -1.38757e+03    0.00000e+00

           Step           Time
           1913     1913.00000

   Energies (kJ/mol)
           Bond            U-B    Proper Dih.  Improper Dih.      CMAP Dih.
    1.57734e+03    5.70290e+03    9.60968e+03    2.71231e+02   -2.81037e+03
          LJ-14     Coulomb-14        LJ (SR)   Coulomb (SR)   Coul. recip.
    5.08167e+03    1.10516e+05    7.67899e+05   -5.43630e+06    1.45241e+04
      Potential Pressure (bar)   Constr. rmsd
   -4.52393e+06   -1.38759e+03    0.00000e+00

           Step           Time
           1914     1914.00000

           Step           Time
           1915     1915.00000

   Energies (kJ/mol)
           Bond            U-B    Proper Dih.  Improper Dih.      CMAP Dih.
    1.57898e+03    5.70571e+03    9.60962e+03    2.71150e+02   -2.81036e+03
          LJ-14     Coulomb-14        LJ (SR)   Coulomb (SR)   Coul. recip.
    5.08197e+03    1.10511e+05    7.67938e+05   -5.43637e+06    1.45221e+04
      Potential Pressure (bar)   Constr. rmsd
   -4.52396e+06   -1.38762e+03    0.00000e+00

           Step           Time
           1916     1916.00000

   Energies (kJ/mol)
           Bond            U-B    Proper Dih.  Improper Dih.      CMAP Dih.
    1.59108e+03    5.70388e+03    9.60976e+03    2.71226e+02   -2.81043e+03
          LJ-14     Coulomb-14        LJ (SR)   Coulomb (SR)   Coul. recip.
    5.08152e+03    1.10517e+05    7.67983e+05   -5.43646e+06    1.45213e+04
      Potential Pressure (bar)   Constr. rmsd
   -4.52400e+06   -1.38764e+03    0.00000e+00

           Step           Time
           1917     1917.00000

   Energies (kJ/mol)
           Bond            U-B    Proper Dih.  Improper Dih.      CMAP Dih.
    1.59703e+03    5.70815e+03    9.60966e+03    2.71113e+02   -2.81039e+03
          LJ-14     Coulomb-14        LJ (SR)   Coulomb (SR)   Coul. recip.
    5.08197e+03    1.10509e+05    7.68021e+05   -5.43653e+06    1.45189e+04
      Potential Pressure (bar)   Constr. rmsd
   -4.52402e+06   -1.38767e+03    0.00000e+00

           Step           Time
           1918     1918.00000

   Energies (kJ/mol)
           Bond            U-B    Proper Dih.  Improper Dih.      CMAP Dih.
    1.61883e+03    5.70625e+03    9.60986e+03    2.71226e+02   -2.81048e+03
          LJ-14     Coulomb-14        LJ (SR)   Coulomb (SR)   Coul. recip.
    5.08136e+03    1.10519e+05    7.68067e+05   -5.43663e+06    1.45184e+04
      Potential Pressure (bar)   Constr. rmsd
   -4.52405e+06   -1.38769e+03    0.00000e+00

           Step           Time
           1919     1919.00000

   Energies (kJ/mol)
           Bond            U-B    Proper Dih.  Improper Dih.      CMAP Dih.
    1.63538e+03    5.71286e+03    9.60969e+03    2.71071e+02   -2.81043e+03
          LJ-14     Coulomb-14        LJ (SR)   Coulomb (SR)   Coul. recip.
    5.08202e+03    1.10507e+05    7.68103e+05   -5.43669e+06    1.45158e+04
      Potential Pressure (bar)   Constr. rmsd
   -4.52406e+06   -1.38772e+03    0.00000e+00

           Step           Time
           1920     1920.00000

   Energies (kJ/mol)
           Bond            U-B    Proper Dih.  Improper Dih.      CMAP Dih.
    1.67489e+03    5.71175e+03    9.60998e+03    2.71248e+02   -2.81055e+03
          LJ-14     Coulomb-14        LJ (SR)   Coulomb (SR)   Coul. recip.
    5.08117e+03    1.10521e+05    7.68151e+05   -5.43680e+06    1.45157e+04
      Potential Pressure (bar)   Constr. rmsd
   -4.52407e+06   -1.38774e+03    0.00000e+00

           Step           Time
           1921     1921.00000

           Step           Time
           1922     1922.00000

   Energies (kJ/mol)
           Bond            U-B    Proper Dih.  Improper Dih.      CMAP Dih.
    1.56446e+03    5.70329e+03    9.60983e+03    2.71120e+02   -2.81050e+03
          LJ-14     Coulomb-14        LJ (SR)   Coulomb (SR)   Coul. recip.
    5.08162e+03    1.10513e+05    7.68167e+05   -5.43682e+06    1.45141e+04
      Potential Pressure (bar)   Constr. rmsd
   -4.52421e+06   -1.38776e+03    0.00000e+00

           Step           Time
           1923     1923.00000

   Energies (kJ/mol)
           Bond            U-B    Proper Dih.  Improper Dih.      CMAP Dih.
    1.73522e+03    5.71679e+03    9.61020e+03    2.71228e+02   -2.81071e+03
          LJ-14     Coulomb-14        LJ (SR)   Coulomb (SR)   Coul. recip.
    5.08077e+03    1.10523e+05    7.68401e+05   -5.43729e+06    1.45070e+04
      Potential Pressure (bar)   Constr. rmsd
   -4.52426e+06   -1.38748e+03    0.00000e+00

           Step           Time
           1924     1924.00000

   Energies (kJ/mol)
           Bond            U-B    Proper Dih.  Improper Dih.      CMAP Dih.
    1.57617e+03    5.70524e+03    9.60996e+03    2.71037e+02   -2.81064e+03
          LJ-14     Coulomb-14        LJ (SR)   Coulomb (SR)   Coul. recip.
    5.08146e+03    1.10510e+05    7.68418e+05   -5.43731e+06    1.45047e+04
      Potential Pressure (bar)   Constr. rmsd
   -4.52445e+06   -1.38706e+03    0.00000e+00

           Step           Time
           1925     1925.00000

           Step           Time
           1926     1926.00000

   Energies (kJ/mol)
           Bond            U-B    Proper Dih.  Improper Dih.      CMAP Dih.
    1.60497e+03    5.70495e+03    9.61013e+03    2.71123e+02   -2.81072e+03
          LJ-14     Coulomb-14        LJ (SR)   Coulomb (SR)   Coul. recip.
    5.08100e+03    1.10517e+05    7.68470e+05   -5.43742e+06    1.45037e+04
      Potential Pressure (bar)   Constr. rmsd
   -4.52447e+06   -1.38709e+03    0.00000e+00

           Step           Time
           1927     1927.00000

   Energies (kJ/mol)
           Bond            U-B    Proper Dih.  Improper Dih.      CMAP Dih.
    1.59473e+03    5.70786e+03    9.61000e+03    2.71001e+02   -2.81068e+03
          LJ-14     Coulomb-14        LJ (SR)   Coulomb (SR)   Coul. recip.
    5.08148e+03    1.10508e+05    7.68502e+05   -5.43748e+06    1.45015e+04
      Potential Pressure (bar)   Constr. rmsd
   -4.52451e+06   -1.38712e+03    0.00000e+00

           Step           Time
           1928     1928.00000

   Energies (kJ/mol)
           Bond            U-B    Proper Dih.  Improper Dih.      CMAP Dih.
    1.64071e+03    5.70824e+03    9.61023e+03    2.71131e+02   -2.81078e+03
          LJ-14     Coulomb-14        LJ (SR)   Coulomb (SR)   Coul. recip.
    5.08083e+03    1.10519e+05    7.68554e+05   -5.43759e+06    1.45010e+04
      Potential Pressure (bar)   Constr. rmsd
   -4.52452e+06   -1.38714e+03    0.00000e+00

           Step           Time
           1929     1929.00000

   Energies (kJ/mol)
           Bond            U-B    Proper Dih.  Improper Dih.      CMAP Dih.
    1.63574e+03    5.71291e+03    9.61003e+03    2.70958e+02   -2.81071e+03
          LJ-14     Coulomb-14        LJ (SR)   Coulomb (SR)   Coul. recip.
    5.08154e+03    1.10506e+05    7.68585e+05   -5.43764e+06    1.44984e+04
      Potential Pressure (bar)   Constr. rmsd
   -4.52455e+06   -1.38717e+03    0.00000e+00

           Step           Time
           1930     1930.00000

           Step           Time
           1931     1931.00000

   Energies (kJ/mol)
           Bond            U-B    Proper Dih.  Improper Dih.      CMAP Dih.
    1.56755e+03    5.70264e+03    9.61017e+03    2.71037e+02   -2.81077e+03
          LJ-14     Coulomb-14        LJ (SR)   Coulomb (SR)   Coul. recip.
    5.08105e+03    1.10514e+05    7.68610e+05   -5.43770e+06    1.44983e+04
      Potential Pressure (bar)   Constr. rmsd
   -4.52465e+06   -1.38718e+03    0.00000e+00

           Step           Time
           1932     1932.00000

   Energies (kJ/mol)
           Bond            U-B    Proper Dih.  Improper Dih.      CMAP Dih.
    1.67303e+03    5.71724e+03    9.61013e+03    2.70910e+02   -2.81080e+03
          LJ-14     Coulomb-14        LJ (SR)   Coulomb (SR)   Coul. recip.
    5.08143e+03    1.10504e+05    7.68751e+05   -5.43796e+06    1.44922e+04
      Potential Pressure (bar)   Constr. rmsd
   -4.52467e+06   -1.38727e+03    0.00000e+00

           Step           Time
           1933     1933.00000

   Energies (kJ/mol)
           Bond            U-B    Proper Dih.  Improper Dih.      CMAP Dih.
    1.58358e+03    5.70336e+03    9.61031e+03    2.71030e+02   -2.81089e+03
          LJ-14     Coulomb-14        LJ (SR)   Coulomb (SR)   Coul. recip.
    5.08075e+03    1.10515e+05    7.68782e+05   -5.43804e+06    1.44924e+04
      Potential Pressure (bar)   Constr. rmsd
   -4.52481e+06   -1.38729e+03    0.00000e+00

           Step           Time
           1934     1934.00000

           Step           Time
           1935     1935.00000

   Energies (kJ/mol)
           Bond            U-B    Proper Dih.  Improper Dih.      CMAP Dih.
    1.58456e+03    5.70649e+03    9.61022e+03    2.70935e+02   -2.81087e+03
          LJ-14     Coulomb-14        LJ (SR)   Coulomb (SR)   Coul. recip.
    5.08110e+03    1.10508e+05    7.68819e+05   -5.43810e+06    1.44903e+04
      Potential Pressure (bar)   Constr. rmsd
   -4.52484e+06   -1.38731e+03    0.00000e+00

           Step           Time
           1936     1936.00000

   Energies (kJ/mol)
           Bond            U-B    Proper Dih.  Improper Dih.      CMAP Dih.
    1.60245e+03    5.70487e+03    9.61040e+03    2.71029e+02   -2.81094e+03
          LJ-14     Coulomb-14        LJ (SR)   Coulomb (SR)   Coul. recip.
    5.08061e+03    1.10516e+05    7.68864e+05   -5.43820e+06    1.44895e+04
      Potential Pressure (bar)   Constr. rmsd
   -4.52487e+06   -1.38734e+03    0.00000e+00

           Step           Time
           1937     1937.00000

   Energies (kJ/mol)
           Bond            U-B    Proper Dih.  Improper Dih.      CMAP Dih.
    1.60881e+03    5.70964e+03    9.61025e+03    2.70897e+02   -2.81090e+03
          LJ-14     Coulomb-14        LJ (SR)   Coulomb (SR)   Coul. recip.
    5.08113e+03    1.10507e+05    7.68900e+05   -5.43826e+06    1.44871e+04
      Potential Pressure (bar)   Constr. rmsd
   -4.52490e+06   -1.38736e+03    0.00000e+00

           Step           Time
           1938     1938.00000

   Energies (kJ/mol)
           Bond            U-B    Proper Dih.  Improper Dih.      CMAP Dih.
    1.64037e+03    5.70831e+03    9.61048e+03    2.71039e+02   -2.81100e+03
          LJ-14     Coulomb-14        LJ (SR)   Coulomb (SR)   Coul. recip.
    5.08042e+03    1.10518e+05    7.68947e+05   -5.43836e+06    1.44867e+04
      Potential Pressure (bar)   Constr. rmsd
   -4.52491e+06   -1.38739e+03    0.00000e+00

           Step           Time
           1939     1939.00000

   Energies (kJ/mol)
           Bond            U-B    Proper Dih.  Improper Dih.      CMAP Dih.
    1.66073e+03    5.71574e+03    9.61027e+03    2.70854e+02   -2.81093e+03
          LJ-14     Coulomb-14        LJ (SR)   Coulomb (SR)   Coul. recip.
    5.08119e+03    1.10504e+05    7.68981e+05   -5.43842e+06    1.44839e+04
      Potential Pressure (bar)   Constr. rmsd
   -4.52492e+06   -1.38741e+03    0.00000e+00

           Step           Time
           1940     1940.00000

           Step           Time
           1941     1941.00000

   Energies (kJ/mol)
           Bond            U-B    Proper Dih.  Improper Dih.      CMAP Dih.
    1.56606e+03    5.70270e+03    9.61041e+03    2.70942e+02   -2.81100e+03
          LJ-14     Coulomb-14        LJ (SR)   Coulomb (SR)   Coul. recip.
    5.08067e+03    1.10512e+05    7.69005e+05   -5.43847e+06    1.44839e+04
      Potential Pressure (bar)   Constr. rmsd
   -4.52505e+06   -1.38743e+03    0.00000e+00

           Step           Time
           1942     1942.00000

   Energies (kJ/mol)
           Bond            U-B    Proper Dih.  Improper Dih.      CMAP Dih.
    1.70428e+03    5.72074e+03    9.61043e+03    2.70783e+02   -2.81107e+03
          LJ-14     Coulomb-14        LJ (SR)   Coulomb (SR)   Coul. recip.
    5.08098e+03    1.10503e+05    7.69238e+05   -5.43892e+06    1.44746e+04
      Potential Pressure (bar)   Constr. rmsd
   -4.52513e+06   -1.38758e+03    0.00000e+00

           Step           Time
           1943     1943.00000

   Energies (kJ/mol)
           Bond            U-B    Proper Dih.  Improper Dih.      CMAP Dih.
    1.58145e+03    5.70307e+03    9.61063e+03    2.70915e+02   -2.81117e+03
          LJ-14     Coulomb-14        LJ (SR)   Coulomb (SR)   Coul. recip.
    5.08027e+03    1.10514e+05    7.69267e+05   -5.43899e+06    1.44747e+04
      Potential Pressure (bar)   Constr. rmsd
   -4.52530e+06   -1.38759e+03    0.00000e+00

           Step           Time
           1944     1944.00000

           Step           Time
           1945     1945.00000

   Energies (kJ/mol)
           Bond            U-B    Proper Dih.  Improper Dih.      CMAP Dih.
    1.59489e+03    5.70783e+03    9.61053e+03    2.70812e+02   -2.81114e+03
          LJ-14     Coulomb-14        LJ (SR)   Coulomb (SR)   Coul. recip.
    5.08065e+03    1.10507e+05    7.69310e+05   -5.43907e+06    1.44723e+04
      Potential Pressure (bar)   Constr. rmsd
   -4.52532e+06   -1.38762e+03    0.00000e+00

           Step           Time
           1946     1946.00000

   Energies (kJ/mol)
           Bond            U-B    Proper Dih.  Improper Dih.      CMAP Dih.
    1.60033e+03    5.70468e+03    9.61072e+03    2.70913e+02   -2.81122e+03
          LJ-14     Coulomb-14        LJ (SR)   Coulomb (SR)   Coul. recip.
    5.08012e+03    1.10515e+05    7.69351e+05   -5.43915e+06    1.44718e+04
      Potential Pressure (bar)   Constr. rmsd
   -4.52536e+06   -1.38764e+03    0.00000e+00

           Step           Time
           1947     1947.00000

   Energies (kJ/mol)
           Bond            U-B    Proper Dih.  Improper Dih.      CMAP Dih.
    1.62624e+03    5.71170e+03    9.61057e+03    2.70769e+02   -2.81118e+03
          LJ-14     Coulomb-14        LJ (SR)   Coulomb (SR)   Coul. recip.
    5.08067e+03    1.10505e+05    7.69390e+05   -5.43922e+06    1.44693e+04
      Potential Pressure (bar)   Constr. rmsd
   -4.52537e+06   -1.38767e+03    0.00000e+00

           Step           Time
           1948     1948.00000

   Energies (kJ/mol)
           Bond            U-B    Proper Dih.  Improper Dih.      CMAP Dih.
    1.64022e+03    5.70836e+03    9.61081e+03    2.70925e+02   -2.81128e+03
          LJ-14     Coulomb-14        LJ (SR)   Coulomb (SR)   Coul. recip.
    5.07993e+03    1.10517e+05    7.69434e+05   -5.43932e+06    1.44692e+04
      Potential Pressure (bar)   Constr. rmsd
   -4.52540e+06   -1.38769e+03    0.00000e+00

           Step           Time
           1949     1949.00000

           Step           Time
           1950     1950.00000

   Energies (kJ/mol)
           Bond            U-B    Proper Dih.  Improper Dih.      CMAP Dih.
    1.56620e+03    5.70354e+03    9.61067e+03    2.70813e+02   -2.81124e+03
          LJ-14     Coulomb-14        LJ (SR)   Coulomb (SR)   Coul. recip.
    5.08032e+03    1.10510e+05    7.69451e+05   -5.43935e+06    1.44677e+04
      Potential Pressure (bar)   Constr. rmsd
   -4.52550e+06   -1.38771e+03    0.00000e+00

           Step           Time
           1951     1951.00000

   Energies (kJ/mol)
           Bond            U-B    Proper Dih.  Improper Dih.      CMAP Dih.
    1.68145e+03    5.71194e+03    9.61095e+03    2.70923e+02   -2.81139e+03
          LJ-14     Coulomb-14        LJ (SR)   Coulomb (SR)   Coul. recip.
    5.07966e+03    1.10518e+05    7.69602e+05   -5.43965e+06    1.44633e+04
      Potential Pressure (bar)   Constr. rmsd
   -4.52552e+06   -1.38780e+03    0.00000e+00

           Step           Time
           1952     1952.00000

   Energies (kJ/mol)
           Bond            U-B    Proper Dih.  Improper Dih.      CMAP Dih.
    1.57759e+03    5.70546e+03    9.61076e+03    2.70753e+02   -2.81132e+03
          LJ-14     Coulomb-14        LJ (SR)   Coulomb (SR)   Coul. recip.
    5.08024e+03    1.10508e+05    7.69621e+05   -5.43968e+06    1.44614e+04
      Potential Pressure (bar)   Constr. rmsd
   -4.52565e+06   -1.38781e+03    0.00000e+00

           Step           Time
           1953     1953.00000

           Step           Time
           1954     1954.00000

   Energies (kJ/mol)
           Bond            U-B    Proper Dih.  Improper Dih.      CMAP Dih.
    1.59031e+03    5.70392e+03    9.61089e+03    2.70833e+02   -2.81139e+03
          LJ-14     Coulomb-14        LJ (SR)   Coulomb (SR)   Coul. recip.
    5.07983e+03    1.10514e+05    7.69665e+05   -5.43977e+06    1.44604e+04
      Potential Pressure (bar)   Constr. rmsd
   -4.52569e+06   -1.38784e+03    0.00000e+00

           Step           Time
           1955     1955.00000

   Energies (kJ/mol)
           Bond            U-B    Proper Dih.  Improper Dih.      CMAP Dih.
    1.59307e+03    5.70761e+03    9.61080e+03    2.70723e+02   -2.81136e+03
          LJ-14     Coulomb-14        LJ (SR)   Coulomb (SR)   Coul. recip.
    5.08024e+03    1.10506e+05    7.69702e+05   -5.43984e+06    1.44583e+04
      Potential Pressure (bar)   Constr. rmsd
   -4.52572e+06   -1.38786e+03    0.00000e+00

           Step           Time
           1956     1956.00000

   Energies (kJ/mol)
           Bond            U-B    Proper Dih.  Improper Dih.      CMAP Dih.
    1.61541e+03    5.70599e+03    9.61099e+03    2.70838e+02   -2.81145e+03
          LJ-14     Coulomb-14        LJ (SR)   Coulomb (SR)   Coul. recip.
    5.07967e+03    1.10515e+05    7.69747e+05   -5.43993e+06    1.44577e+04
      Potential Pressure (bar)   Constr. rmsd
   -4.52574e+06   -1.38789e+03    0.00000e+00

           Step           Time
           1957     1957.00000

   Energies (kJ/mol)
           Bond            U-B    Proper Dih.  Improper Dih.      CMAP Dih.
    1.62628e+03    5.71174e+03    9.61083e+03    2.70686e+02   -2.81139e+03
          LJ-14     Coulomb-14        LJ (SR)   Coulomb (SR)   Coul. recip.
    5.08028e+03    1.10504e+05    7.69781e+05   -5.43999e+06    1.44552e+04
      Potential Pressure (bar)   Constr. rmsd
   -4.52576e+06   -1.38791e+03    0.00000e+00

           Step           Time
           1958     1958.00000

   Energies (kJ/mol)
           Bond            U-B    Proper Dih.  Improper Dih.      CMAP Dih.
    1.66585e+03    5.71083e+03    9.61111e+03    2.70861e+02   -2.81151e+03
          LJ-14     Coulomb-14        LJ (SR)   Coulomb (SR)   Coul. recip.
    5.07948e+03    1.10517e+05    7.69828e+05   -5.44009e+06    1.44551e+04
      Potential Pressure (bar)   Constr. rmsd
   -4.52577e+06   -1.38794e+03    0.00000e+00

           Step           Time
           1959     1959.00000

           Step           Time
           1960     1960.00000

   Energies (kJ/mol)
           Bond            U-B    Proper Dih.  Improper Dih.      CMAP Dih.
    1.56543e+03    5.70329e+03    9.61096e+03    2.70735e+02   -2.81147e+03
          LJ-14     Coulomb-14        LJ (SR)   Coulomb (SR)   Coul. recip.
    5.07990e+03    1.10509e+05    7.69844e+05   -5.44012e+06    1.44536e+04
      Potential Pressure (bar)   Constr. rmsd
   -4.52589e+06   -1.38795e+03    0.00000e+00

           Step           Time
           1961     1961.00000

   Energies (kJ/mol)
           Bond            U-B    Proper Dih.  Improper Dih.      CMAP Dih.
    1.72049e+03    5.71526e+03    9.61131e+03    2.70828e+02   -2.81167e+03
          LJ-14     Coulomb-14        LJ (SR)   Coulomb (SR)   Coul. recip.
    5.07910e+03    1.10519e+05    7.70097e+05   -5.44062e+06    1.44458e+04
      Potential Pressure (bar)   Constr. rmsd
   -4.52598e+06   -1.38779e+03    0.00000e+00

           Step           Time
           1962     1962.00000

   Energies (kJ/mol)
           Bond            U-B    Proper Dih.  Improper Dih.      CMAP Dih.
    1.57503e+03    5.70499e+03    9.61110e+03    2.70639e+02   -2.81159e+03
          LJ-14     Coulomb-14        LJ (SR)   Coulomb (SR)   Coul. recip.
    5.07972e+03    1.10507e+05    7.70113e+05   -5.44064e+06    1.44436e+04
      Potential Pressure (bar)   Constr. rmsd
   -4.52615e+06   -1.38781e+03    0.00000e+00

           Step           Time
           1963     1963.00000

           Step           Time
           1964     1964.00000

   Energies (kJ/mol)
           Bond            U-B    Proper Dih.  Improper Dih.      CMAP Dih.
    1.60326e+03    5.70483e+03    9.61127e+03    2.70731e+02   -2.81167e+03
          LJ-14     Coulomb-14        LJ (SR)   Coulomb (SR)   Coul. recip.
    5.07928e+03    1.10514e+05    7.70166e+05   -5.44076e+06    1.44426e+04
      Potential Pressure (bar)   Constr. rmsd
   -4.52618e+06   -1.38784e+03    0.00000e+00

           Step           Time
           1965     1965.00000

   Energies (kJ/mol)
           Bond            U-B    Proper Dih.  Improper Dih.      CMAP Dih.
    1.59095e+03    5.70731e+03    9.61113e+03    2.70607e+02   -2.81163e+03
          LJ-14     Coulomb-14        LJ (SR)   Coulomb (SR)   Coul. recip.
    5.07972e+03    1.10505e+05    7.70197e+05   -5.44081e+06    1.44405e+04
      Potential Pressure (bar)   Constr. rmsd
   -4.52622e+06   -1.38786e+03    0.00000e+00

           Step           Time
           1966     1966.00000

   Energies (kJ/mol)
           Bond            U-B    Proper Dih.  Improper Dih.      CMAP Dih.
    1.63556e+03    5.70779e+03    9.61135e+03    2.70746e+02   -2.81173e+03
          LJ-14     Coulomb-14        LJ (SR)   Coulomb (SR)   Coul. recip.
    5.07911e+03    1.10515e+05    7.70248e+05   -5.44092e+06    1.44398e+04
      Potential Pressure (bar)   Constr. rmsd
   -4.52622e+06   -1.38789e+03    0.00000e+00

           Step           Time
           1967     1967.00000

   Energies (kJ/mol)
           Bond            U-B    Proper Dih.  Improper Dih.      CMAP Dih.
    1.62642e+03    5.71177e+03    9.61116e+03    2.70568e+02   -2.81166e+03
          LJ-14     Coulomb-14        LJ (SR)   Coulomb (SR)   Coul. recip.
    5.07977e+03    1.10503e+05    7.70278e+05   -5.44096e+06    1.44373e+04
      Potential Pressure (bar)   Constr. rmsd
   -4.52626e+06   -1.38791e+03    0.00000e+00

           Step           Time
           1968     1968.00000

           Step           Time
           1969     1969.00000

   Energies (kJ/mol)
           Bond            U-B    Proper Dih.  Improper Dih.      CMAP Dih.
    1.56894e+03    5.70275e+03    9.61129e+03    2.70652e+02   -2.81172e+03
          LJ-14     Coulomb-14        LJ (SR)   Coulomb (SR)   Coul. recip.
    5.07932e+03    1.10510e+05    7.70303e+05   -5.44102e+06    1.44373e+04
      Potential Pressure (bar)   Constr. rmsd
   -4.52635e+06   -1.38792e+03    0.00000e+00

           Step           Time
           1970     1970.00000

   Energies (kJ/mol)
           Bond            U-B    Proper Dih.  Improper Dih.      CMAP Dih.
    1.65914e+03    5.71561e+03    9.61124e+03    2.70521e+02   -2.81173e+03
          LJ-14     Coulomb-14        LJ (SR)   Coulomb (SR)   Coul. recip.
    5.07969e+03    1.10501e+05    7.70428e+05   -5.44126e+06    1.44318e+04
      Potential Pressure (bar)   Constr. rmsd
   -4.52637e+06   -1.38843e+03    0.00000e+00

           Step           Time
           1971     1971.00000

   Energies (kJ/mol)
           Bond            U-B    Proper Dih.  Improper Dih.      CMAP Dih.
    1.58374e+03    5.70343e+03    9.61143e+03    2.70649e+02   -2.81182e+03
          LJ-14     Coulomb-14        LJ (SR)   Coulomb (SR)   Coul. recip.
    5.07906e+03    1.10512e+05    7.70458e+05   -5.44133e+06    1.44318e+04
      Potential Pressure (bar)   Constr. rmsd
   -4.52649e+06   -1.38845e+03    0.00000e+00

           Step           Time
           1972     1972.00000

           Step           Time
           1973     1973.00000

   Energies (kJ/mol)
           Bond            U-B    Proper Dih.  Improper Dih.      CMAP Dih.
    1.58229e+03    5.70610e+03    9.61134e+03    2.70552e+02   -2.81179e+03
          LJ-14     Coulomb-14        LJ (SR)   Coulomb (SR)   Coul. recip.
    5.07939e+03    1.10505e+05    7.70493e+05   -5.44139e+06    1.44299e+04
      Potential Pressure (bar)   Constr. rmsd
   -4.52652e+06   -1.38847e+03    0.00000e+00

           Step           Time
           1974     1974.00000

   Energies (kJ/mol)
           Bond            U-B    Proper Dih.  Improper Dih.      CMAP Dih.
    1.60100e+03    5.70474e+03    9.61149e+03    2.70647e+02   -2.81187e+03
          LJ-14     Coulomb-14        LJ (SR)   Coulomb (SR)   Coul. recip.
    5.07892e+03    1.10513e+05    7.70538e+05   -5.44149e+06    1.44291e+04
      Potential Pressure (bar)   Constr. rmsd
   -4.52655e+06   -1.38850e+03    0.00000e+00

           Step           Time
           1975     1975.00000

   Energies (kJ/mol)
           Bond            U-B    Proper Dih.  Improper Dih.      CMAP Dih.
    1.60312e+03    5.70889e+03    9.61138e+03    2.70515e+02   -2.81183e+03
          LJ-14     Coulomb-14        LJ (SR)   Coulomb (SR)   Coul. recip.
    5.07940e+03    1.10504e+05    7.70572e+05   -5.44154e+06    1.44268e+04
      Potential Pressure (bar)   Constr. rmsd
   -4.52658e+06   -1.38852e+03    0.00000e+00

           Step           Time
           1976     1976.00000

   Energies (kJ/mol)
           Bond            U-B    Proper Dih.  Improper Dih.      CMAP Dih.
    1.63536e+03    5.70781e+03    9.61160e+03    2.70662e+02   -2.81192e+03
          LJ-14     Coulomb-14        LJ (SR)   Coulomb (SR)   Coul. recip.
    5.07874e+03    1.10514e+05    7.70618e+05   -5.44165e+06    1.44265e+04
      Potential Pressure (bar)   Constr. rmsd
   -4.52660e+06   -1.38854e+03    0.00000e+00

           Step           Time
           1977     1977.00000

   Energies (kJ/mol)
           Bond            U-B    Proper Dih.  Improper Dih.      CMAP Dih.
    1.64812e+03    5.71431e+03    9.61139e+03    2.70474e+02   -2.81185e+03
          LJ-14     Coulomb-14        LJ (SR)   Coulomb (SR)   Coul. recip.
    5.07946e+03    1.10501e+05    7.70651e+05   -5.44170e+06    1.44238e+04
      Potential Pressure (bar)   Constr. rmsd
   -4.52661e+06   -1.38857e+03    0.00000e+00

           Step           Time
           1978     1978.00000

           Step           Time
           1979     1979.00000

   Energies (kJ/mol)
           Bond            U-B    Proper Dih.  Improper Dih.      CMAP Dih.
    1.56748e+03    5.70280e+03    9.61153e+03    2.70567e+02   -2.81192e+03
          LJ-14     Coulomb-14        LJ (SR)   Coulomb (SR)   Coul. recip.
    5.07896e+03    1.10509e+05    7.70674e+05   -5.44175e+06    1.44238e+04
      Potential Pressure (bar)   Constr. rmsd
   -4.52673e+06   -1.38858e+03    0.00000e+00

           Step           Time
           1980     1980.00000

   Energies (kJ/mol)
           Bond            U-B    Proper Dih.  Improper Dih.      CMAP Dih.
    1.68694e+03    5.71877e+03    9.61151e+03    2.70407e+02   -2.81196e+03
          LJ-14     Coulomb-14        LJ (SR)   Coulomb (SR)   Coul. recip.
    5.07929e+03    1.10499e+05    7.70873e+05   -5.44213e+06    1.44158e+04
      Potential Pressure (bar)   Constr. rmsd
   -4.52679e+06   -1.38871e+03    0.00000e+00

           Step           Time
           1981     1981.00000

   Energies (kJ/mol)
           Bond            U-B    Proper Dih.  Improper Dih.      CMAP Dih.
    1.58169e+03    5.70320e+03    9.61172e+03    2.70544e+02   -2.81205e+03
          LJ-14     Coulomb-14        LJ (SR)   Coulomb (SR)   Coul. recip.
    5.07862e+03    1.10511e+05    7.70902e+05   -5.44220e+06    1.44159e+04
      Potential Pressure (bar)   Constr. rmsd
   -4.52694e+06   -1.38872e+03    0.00000e+00

           Step           Time
           1982     1982.00000

           Step           Time
           1983     1983.00000

   Energies (kJ/mol)
           Bond            U-B    Proper Dih.  Improper Dih.      CMAP Dih.
    1.59123e+03    5.70727e+03    9.61164e+03    2.70446e+02   -2.81202e+03
          LJ-14     Coulomb-14        LJ (SR)   Coulomb (SR)   Coul. recip.
    5.07897e+03    1.10504e+05    7.70942e+05   -5.44227e+06    1.44137e+04
      Potential Pressure (bar)   Constr. rmsd
   -4.52696e+06   -1.38904e+03    0.00000e+00

           Step           Time
           1984     1984.00000

   Energies (kJ/mol)
           Bond            U-B    Proper Dih.  Improper Dih.      CMAP Dih.
    1.59905e+03    5.70460e+03    9.61179e+03    2.70550e+02   -2.81210e+03
          LJ-14     Coulomb-14        LJ (SR)   Coulomb (SR)   Coul. recip.
    5.07848e+03    1.10512e+05    7.70982e+05   -5.44236e+06    1.44131e+04
      Potential Pressure (bar)   Constr. rmsd
   -4.52700e+06   -1.38907e+03    0.00000e+00

           Step           Time
           1985     1985.00000

   Energies (kJ/mol)
           Bond            U-B    Proper Dih.  Improper Dih.      CMAP Dih.
    1.61831e+03    5.71072e+03    9.61164e+03    2.70408e+02   -2.81205e+03
          LJ-14     Coulomb-14        LJ (SR)   Coulomb (SR)   Coul. recip.
    5.07898e+03    1.10502e+05    7.71020e+05   -5.44242e+06    1.44107e+04
      Potential Pressure (bar)   Constr. rmsd
   -4.52701e+06   -1.38909e+03    0.00000e+00

           Step           Time
           1986     1986.00000

   Energies (kJ/mol)
           Bond            U-B    Proper Dih.  Improper Dih.      CMAP Dih.
    1.63524e+03    5.70788e+03    9.61189e+03    2.70565e+02   -2.81215e+03
          LJ-14     Coulomb-14        LJ (SR)   Coulomb (SR)   Coul. recip.
    5.07830e+03    1.10513e+05    7.71063e+05   -5.44252e+06    1.44105e+04
      Potential Pressure (bar)   Constr. rmsd
   -4.52704e+06   -1.38911e+03    0.00000e+00

           Step           Time
           1987     1987.00000

           Step           Time
           1988     1988.00000

   Energies (kJ/mol)
           Bond            U-B    Proper Dih.  Improper Dih.      CMAP Dih.
    1.56688e+03    5.70350e+03    9.61176e+03    2.70453e+02   -2.81211e+03
          LJ-14     Coulomb-14        LJ (SR)   Coulomb (SR)   Coul. recip.
    5.07866e+03    1.10506e+05    7.71080e+05   -5.44254e+06    1.44091e+04
      Potential Pressure (bar)   Constr. rmsd
   -4.52713e+06   -1.38913e+03    0.00000e+00

           Step           Time
           1989     1989.00000

   Energies (kJ/mol)
           Bond            U-B    Proper Dih.  Improper Dih.      CMAP Dih.
    1.67265e+03    5.71104e+03    9.61203e+03    2.70564e+02   -2.81225e+03
          LJ-14     Coulomb-14        LJ (SR)   Coulomb (SR)   Coul. recip.
    5.07802e+03    1.10515e+05    7.71240e+05   -5.44287e+06    1.44044e+04
      Potential Pressure (bar)   Constr. rmsd
   -4.52718e+06   -1.38922e+03    0.00000e+00

           Step           Time
           1990     1990.00000

   Energies (kJ/mol)
           Bond            U-B    Proper Dih.  Improper Dih.      CMAP Dih.
    1.57632e+03    5.70518e+03    9.61185e+03    2.70398e+02   -2.81219e+03
          LJ-14     Coulomb-14        LJ (SR)   Coulomb (SR)   Coul. recip.
    5.07855e+03    1.10504e+05    7.71258e+05   -5.44290e+06    1.44024e+04
      Potential Pressure (bar)   Constr. rmsd
   -4.52730e+06   -1.38924e+03    0.00000e+00

           Step           Time
           1991     1991.00000

           Step           Time
           1992     1992.00000

   Energies (kJ/mol)
           Bond            U-B    Proper Dih.  Improper Dih.      CMAP Dih.
    1.59009e+03    5.70388e+03    9.61200e+03    2.70474e+02   -2.81225e+03
          LJ-14     Coulomb-14        LJ (SR)   Coulomb (SR)   Coul. recip.
    5.07819e+03    1.10510e+05    7.71303e+05   -5.44299e+06    1.44015e+04
      Potential Pressure (bar)   Constr. rmsd
   -4.52733e+06   -1.38926e+03    0.00000e+00

           Step           Time
           1993     1993.00000

   Energies (kJ/mol)
           Bond            U-B    Proper Dih.  Improper Dih.      CMAP Dih.
    1.58958e+03    5.70708e+03    9.61189e+03    2.70365e+02   -2.81223e+03
          LJ-14     Coulomb-14        LJ (SR)   Coulomb (SR)   Coul. recip.
    5.07857e+03    1.10503e+05    7.71337e+05   -5.44305e+06    1.43995e+04
      Potential Pressure (bar)   Constr. rmsd
   -4.52736e+06   -1.38929e+03    0.00000e+00

           Step           Time
           1994     1994.00000

   Energies (kJ/mol)
           Bond            U-B    Proper Dih.  Improper Dih.      CMAP Dih.
    1.61294e+03    5.70578e+03    9.61208e+03    2.70481e+02   -2.81230e+03
          LJ-14     Coulomb-14        LJ (SR)   Coulomb (SR)   Coul. recip.
    5.07803e+03    1.10511e+05    7.71382e+05   -5.44314e+06    1.43989e+04
      Potential Pressure (bar)   Constr. rmsd
   -4.52739e+06   -1.38931e+03    0.00000e+00

           Step           Time
           1995     1995.00000

   Energies (kJ/mol)
           Bond            U-B    Proper Dih.  Improper Dih.      CMAP Dih.
    1.61827e+03    5.71075e+03    9.61191e+03    2.70327e+02   -2.81225e+03
          LJ-14     Coulomb-14        LJ (SR)   Coulomb (SR)   Coul. recip.
    5.07859e+03    1.10501e+05    7.71415e+05   -5.44320e+06    1.43965e+04
      Potential Pressure (bar)   Constr. rmsd
   -4.52741e+06   -1.38933e+03    0.00000e+00

           Step           Time
           1996     1996.00000

   Energies (kJ/mol)
           Bond            U-B    Proper Dih.  Improper Dih.      CMAP Dih.
    1.65864e+03    5.71009e+03    9.61217e+03    2.70500e+02   -2.81235e+03
          LJ-14     Coulomb-14        LJ (SR)   Coulomb (SR)   Coul. recip.
    5.07784e+03    1.10513e+05    7.71461e+05   -5.44330e+06    1.43963e+04
      Potential Pressure (bar)   Constr. rmsd
   -4.52742e+06   -1.38936e+03    0.00000e+00

           Step           Time
           1997     1997.00000

   Energies (kJ/mol)
           Bond            U-B    Proper Dih.  Improper Dih.      CMAP Dih.
    1.68005e+03    5.71787e+03    9.61193e+03    2.70285e+02   -2.81228e+03
          LJ-14     Coulomb-14        LJ (SR)   Coulomb (SR)   Coul. recip.
    5.07868e+03    1.10498e+05    7.71492e+05   -5.44335e+06    1.43935e+04
      Potential Pressure (bar)   Constr. rmsd
   -4.52742e+06   -1.38938e+03    0.00000e+00

           Step           Time
           1998     1998.00000

           Step           Time
           1999     1999.00000

   Energies (kJ/mol)
           Bond            U-B    Proper Dih.  Improper Dih.      CMAP Dih.
    1.56845e+03    5.70291e+03    9.61209e+03    2.70388e+02   -2.81234e+03
          LJ-14     Coulomb-14        LJ (SR)   Coulomb (SR)   Coul. recip.
    5.07811e+03    1.10507e+05    7.71515e+05   -5.44340e+06    1.43936e+04
      Potential Pressure (bar)   Constr. rmsd
   -4.52757e+06   -1.38940e+03    0.00000e+00


DD  step 1999 load imb.: force 21.3%  pme mesh/force 0.672
           Step           Time
           2000     2000.00000

   Energies (kJ/mol)
           Bond            U-B    Proper Dih.  Improper Dih.      CMAP Dih.
    1.73218e+03    5.72384e+03    9.61206e+03    2.70233e+02   -2.81238e+03
          LJ-14     Coulomb-14        LJ (SR)   Coulomb (SR)   Coul. recip.
    5.07852e+03    1.10496e+05    7.71719e+05   -5.44379e+06    1.43851e+04
      Potential Pressure (bar)   Constr. rmsd
   -4.52759e+06   -1.38952e+03    0.00000e+00

           Step           Time
           2001     2001.00000

   Energies (kJ/mol)
           Bond            U-B    Proper Dih.  Improper Dih.      CMAP Dih.
    1.58705e+03    5.70356e+03    9.61228e+03    2.70383e+02   -2.81247e+03
          LJ-14     Coulomb-14        LJ (SR)   Coulomb (SR)   Coul. recip.
    5.07773e+03    1.10509e+05    7.71748e+05   -5.44386e+06    1.43855e+04
      Potential Pressure (bar)   Constr. rmsd
   -4.52778e+06   -1.38954e+03    0.00000e+00

           Step           Time
           2002     2002.00000

           Step           Time
           2003     2003.00000

   Energies (kJ/mol)
           Bond            U-B    Proper Dih.  Improper Dih.      CMAP Dih.
    1.60195e+03    5.70868e+03    9.61217e+03    2.70269e+02   -2.81245e+03
          LJ-14     Coulomb-14        LJ (SR)   Coulomb (SR)   Coul. recip.
    5.07816e+03    1.10501e+05    7.71788e+05   -5.44393e+06    1.43832e+04
      Potential Pressure (bar)   Constr. rmsd
   -4.52780e+06   -1.38957e+03    0.00000e+00

           Step           Time
           2004     2004.00000

   Energies (kJ/mol)
           Bond            U-B    Proper Dih.  Improper Dih.      CMAP Dih.
    1.60991e+03    5.70553e+03    9.61236e+03    2.70388e+02   -2.81252e+03
          LJ-14     Coulomb-14        LJ (SR)   Coulomb (SR)   Coul. recip.
    5.07758e+03    1.10510e+05    7.71828e+05   -5.44402e+06    1.43828e+04
      Potential Pressure (bar)   Constr. rmsd
   -4.52784e+06   -1.38959e+03    0.00000e+00

           Step           Time
           2005     2005.00000

           Step           Time
           2006     2006.00000

   Energies (kJ/mol)
           Bond            U-B    Proper Dih.  Improper Dih.      CMAP Dih.
    1.56729e+03    5.70349e+03    9.61227e+03    2.70300e+02   -2.81250e+03
          LJ-14     Coulomb-14        LJ (SR)   Coulomb (SR)   Coul. recip.
    5.07788e+03    1.10505e+05    7.71846e+05   -5.44405e+06    1.43815e+04
      Potential Pressure (bar)   Constr. rmsd
   -4.52790e+06   -1.38960e+03    0.00000e+00

           Step           Time
           2007     2007.00000

   Energies (kJ/mol)
           Bond            U-B    Proper Dih.  Improper Dih.      CMAP Dih.
    1.63331e+03    5.70750e+03    9.61248e+03    2.70379e+02   -2.81260e+03
          LJ-14     Coulomb-14        LJ (SR)   Coulomb (SR)   Coul. recip.
    5.07735e+03    1.10511e+05    7.71979e+05   -5.44432e+06    1.43775e+04
      Potential Pressure (bar)   Constr. rmsd
   -4.52796e+06   -1.38968e+03    0.00000e+00

           Step           Time
           2008     2008.00000

   Energies (kJ/mol)
           Bond            U-B    Proper Dih.  Improper Dih.      CMAP Dih.
    1.57396e+03    5.70476e+03    9.61234e+03    2.70249e+02   -2.81256e+03
          LJ-14     Coulomb-14        LJ (SR)   Coulomb (SR)   Coul. recip.
    5.07780e+03    1.10503e+05    7.71999e+05   -5.44435e+06    1.43758e+04
      Potential Pressure (bar)   Constr. rmsd
   -4.52805e+06   -1.38969e+03    0.00000e+00

           Step           Time
           2009     2009.00000

           Step           Time
           2010     2010.00000

   Energies (kJ/mol)
           Bond            U-B    Proper Dih.  Improper Dih.      CMAP Dih.
    1.58114e+03    5.70329e+03    9.61245e+03    2.70311e+02   -2.81261e+03
          LJ-14     Coulomb-14        LJ (SR)   Coulomb (SR)   Coul. recip.
    5.07747e+03    1.10508e+05    7.72039e+05   -5.44444e+06    1.43749e+04
      Potential Pressure (bar)   Constr. rmsd
   -4.52808e+06   -1.38972e+03    0.00000e+00

           Step           Time
           2011     2011.00000

   Energies (kJ/mol)
           Bond            U-B    Proper Dih.  Improper Dih.      CMAP Dih.
    1.58285e+03    5.70610e+03    9.61238e+03    2.70221e+02   -2.81259e+03
          LJ-14     Coulomb-14        LJ (SR)   Coulomb (SR)   Coul. recip.
    5.07778e+03    1.10502e+05    7.72075e+05   -5.44450e+06    1.43729e+04
      Potential Pressure (bar)   Constr. rmsd
   -4.52811e+06   -1.38929e+03    0.00000e+00

           Step           Time
           2012     2012.00000

   Energies (kJ/mol)
           Bond            U-B    Proper Dih.  Improper Dih.      CMAP Dih.
    1.59569e+03    5.70437e+03    9.61253e+03    2.70313e+02   -2.81265e+03
          LJ-14     Coulomb-14        LJ (SR)   Coulomb (SR)   Coul. recip.
    5.07733e+03    1.10509e+05    7.72117e+05   -5.44459e+06    1.43723e+04
      Potential Pressure (bar)   Constr. rmsd
   -4.52814e+06   -1.38931e+03    0.00000e+00

           Step           Time
           2013     2013.00000

   Energies (kJ/mol)
           Bond            U-B    Proper Dih.  Improper Dih.      CMAP Dih.
    1.60185e+03    5.70865e+03    9.61240e+03    2.70190e+02   -2.81262e+03
          LJ-14     Coulomb-14        LJ (SR)   Coulomb (SR)   Coul. recip.
    5.07778e+03    1.10500e+05    7.72152e+05   -5.44465e+06    1.43701e+04
      Potential Pressure (bar)   Constr. rmsd
   -4.52817e+06   -1.38934e+03    0.00000e+00

           Step           Time
           2014     2014.00000

   Energies (kJ/mol)
           Bond            U-B    Proper Dih.  Improper Dih.      CMAP Dih.
    1.62501e+03    5.70692e+03    9.61261e+03    2.70327e+02   -2.81270e+03
          LJ-14     Coulomb-14        LJ (SR)   Coulomb (SR)   Coul. recip.
    5.07716e+03    1.10510e+05    7.72195e+05   -5.44474e+06    1.43697e+04
      Potential Pressure (bar)   Constr. rmsd
   -4.52819e+06   -1.38936e+03    0.00000e+00

           Step           Time
           2015     2015.00000

   Energies (kJ/mol)
           Bond            U-B    Proper Dih.  Improper Dih.      CMAP Dih.
    1.64233e+03    5.71355e+03    9.61242e+03    2.70151e+02   -2.81264e+03
          LJ-14     Coulomb-14        LJ (SR)   Coulomb (SR)   Coul. recip.
    5.07784e+03    1.10498e+05    7.72228e+05   -5.44480e+06    1.43671e+04
      Potential Pressure (bar)   Constr. rmsd
   -4.52820e+06   -1.38938e+03    0.00000e+00

           Step           Time
           2016     2016.00000

   Energies (kJ/mol)
           Bond            U-B    Proper Dih.  Improper Dih.      CMAP Dih.
    1.68425e+03    5.71275e+03    9.61273e+03    2.70356e+02   -2.81275e+03
          LJ-14     Coulomb-14        LJ (SR)   Coulomb (SR)   Coul. recip.
    5.07697e+03    1.10512e+05    7.72274e+05   -5.44490e+06    1.43674e+04
      Potential Pressure (bar)   Constr. rmsd
   -4.52820e+06   -1.38941e+03    0.00000e+00

           Step           Time
           2017     2017.00000

           Step           Time
           2018     2018.00000

   Energies (kJ/mol)
           Bond            U-B    Proper Dih.  Improper Dih.      CMAP Dih.
    1.56750e+03    5.70357e+03    9.61256e+03    2.70209e+02   -2.81270e+03
          LJ-14     Coulomb-14        LJ (SR)   Coulomb (SR)   Coul. recip.
    5.07743e+03    1.10503e+05    7.72288e+05   -5.44492e+06    1.43656e+04
      Potential Pressure (bar)   Constr. rmsd
   -4.52835e+06   -1.38942e+03    0.00000e+00

           Step           Time
           2019     2019.00000

   Energies (kJ/mol)
           Bond            U-B    Proper Dih.  Improper Dih.      CMAP Dih.
    1.74808e+03    5.71810e+03    9.61292e+03    2.70369e+02   -2.81288e+03
          LJ-14     Coulomb-14        LJ (SR)   Coulomb (SR)   Coul. recip.
    5.07658e+03    1.10514e+05    7.72509e+05   -5.44536e+06    1.43591e+04
      Potential Pressure (bar)   Constr. rmsd
   -4.52837e+06   -1.38955e+03    0.00000e+00

           Step           Time
           2020     2020.00000

   Energies (kJ/mol)
           Bond            U-B    Proper Dih.  Improper Dih.      CMAP Dih.
    1.57980e+03    5.70565e+03    9.61268e+03    2.70141e+02   -2.81281e+03
          LJ-14     Coulomb-14        LJ (SR)   Coulomb (SR)   Coul. recip.
    5.07728e+03    1.10501e+05    7.72524e+05   -5.44538e+06    1.43569e+04
      Potential Pressure (bar)   Constr. rmsd
   -4.52857e+06   -1.38956e+03    0.00000e+00

           Step           Time
           2021     2021.00000

           Step           Time
           2022     2022.00000

   Energies (kJ/mol)
           Bond            U-B    Proper Dih.  Improper Dih.      CMAP Dih.
    1.61035e+03    5.70548e+03    9.61286e+03    2.70248e+02   -2.81288e+03
          LJ-14     Coulomb-14        LJ (SR)   Coulomb (SR)   Coul. recip.
    5.07681e+03    1.10509e+05    7.72573e+05   -5.44549e+06    1.43560e+04
      Potential Pressure (bar)   Constr. rmsd
   -4.52858e+06   -1.38959e+03    0.00000e+00

           Step           Time
           2023     2023.00000

   Energies (kJ/mol)
           Bond            U-B    Proper Dih.  Improper Dih.      CMAP Dih.
    1.59941e+03    5.70839e+03    9.61270e+03    2.70106e+02   -2.81283e+03
          LJ-14     Coulomb-14        LJ (SR)   Coulomb (SR)   Coul. recip.
    5.07731e+03    1.10499e+05    7.72602e+05   -5.44554e+06    1.43539e+04
      Potential Pressure (bar)   Constr. rmsd
   -4.52862e+06   -1.38961e+03    0.00000e+00

           Step           Time
           2024     2024.00000

           Step           Time
           2025     2025.00000

   Energies (kJ/mol)
           Bond            U-B    Proper Dih.  Improper Dih.      CMAP Dih.
    1.56976e+03    5.70285e+03    9.61281e+03    2.70172e+02   -2.81288e+03
          LJ-14     Coulomb-14        LJ (SR)   Coulomb (SR)   Coul. recip.
    5.07696e+03    1.10505e+05    7.72626e+05   -5.44559e+06    1.43536e+04
      Potential Pressure (bar)   Constr. rmsd
   -4.52868e+06   -1.38963e+03    0.00000e+00

           Step           Time
           2026     2026.00000

   Energies (kJ/mol)
           Bond            U-B    Proper Dih.  Improper Dih.      CMAP Dih.
    1.61790e+03    5.71071e+03    9.61276e+03    2.70070e+02   -2.81288e+03
          LJ-14     Coulomb-14        LJ (SR)   Coulomb (SR)   Coul. recip.
    5.07723e+03    1.10498e+05    7.72733e+05   -5.44579e+06    1.43491e+04
      Potential Pressure (bar)   Constr. rmsd
   -4.52873e+06   -1.38969e+03    0.00000e+00

           Step           Time
           2027     2027.00000

   Energies (kJ/mol)
           Bond            U-B    Proper Dih.  Improper Dih.      CMAP Dih.
    1.57908e+03    5.70320e+03    9.61292e+03    2.70171e+02   -2.81294e+03
          LJ-14     Coulomb-14        LJ (SR)   Coulomb (SR)   Coul. recip.
    5.07674e+03    1.10506e+05    7.72762e+05   -5.44586e+06    1.43490e+04
      Potential Pressure (bar)   Constr. rmsd
   -4.52881e+06   -1.38971e+03    0.00000e+00

           Step           Time
           2028     2028.00000

           Step           Time
           2029     2029.00000

   Energies (kJ/mol)
           Bond            U-B    Proper Dih.  Improper Dih.      CMAP Dih.
    1.57542e+03    5.70498e+03    9.61286e+03    2.70094e+02   -2.81293e+03
          LJ-14     Coulomb-14        LJ (SR)   Coulomb (SR)   Coul. recip.
    5.07699e+03    1.10501e+05    7.72794e+05   -5.44591e+06    1.43471e+04
      Potential Pressure (bar)   Constr. rmsd
   -4.52884e+06   -1.38973e+03    0.00000e+00

           Step           Time
           2030     2030.00000

   Energies (kJ/mol)
           Bond            U-B    Proper Dih.  Improper Dih.      CMAP Dih.
    1.58970e+03    5.70390e+03    9.61299e+03    2.70172e+02   -2.81299e+03
          LJ-14     Coulomb-14        LJ (SR)   Coulomb (SR)   Coul. recip.
    5.07662e+03    1.10507e+05    7.72838e+05   -5.44600e+06    1.43463e+04
      Potential Pressure (bar)   Constr. rmsd
   -4.52887e+06   -1.38975e+03    0.00000e+00

           Step           Time
           2031     2031.00000

   Energies (kJ/mol)
           Bond            U-B    Proper Dih.  Improper Dih.      CMAP Dih.
    1.58667e+03    5.70665e+03    9.61289e+03    2.70068e+02   -2.81296e+03
          LJ-14     Coulomb-14        LJ (SR)   Coulomb (SR)   Coul. recip.
    5.07698e+03    1.10500e+05    7.72870e+05   -5.44606e+06    1.43444e+04
      Potential Pressure (bar)   Constr. rmsd
   -4.52891e+06   -1.38978e+03    0.00000e+00

           Step           Time
           2032     2032.00000

   Energies (kJ/mol)
           Bond            U-B    Proper Dih.  Improper Dih.      CMAP Dih.
    1.61049e+03    5.70559e+03    9.61307e+03    2.70179e+02   -2.81303e+03
          LJ-14     Coulomb-14        LJ (SR)   Coulomb (SR)   Coul. recip.
    5.07647e+03    1.10508e+05    7.72915e+05   -5.44616e+06    1.43438e+04
      Potential Pressure (bar)   Constr. rmsd
   -4.52893e+06   -1.38980e+03    0.00000e+00

           Step           Time
           2033     2033.00000

   Energies (kJ/mol)
           Bond            U-B    Proper Dih.  Improper Dih.      CMAP Dih.
    1.61136e+03    5.70988e+03    9.61291e+03    2.70031e+02   -2.81298e+03
          LJ-14     Coulomb-14        LJ (SR)   Coulomb (SR)   Coul. recip.
    5.07700e+03    1.10498e+05    7.72946e+05   -5.44621e+06    1.43415e+04
      Potential Pressure (bar)   Constr. rmsd
   -4.52896e+06   -1.38982e+03    0.00000e+00

           Step           Time
           2034     2034.00000

   Energies (kJ/mol)
           Bond            U-B    Proper Dih.  Improper Dih.      CMAP Dih.
    1.65175e+03    5.70944e+03    9.61315e+03    2.70200e+02   -2.81308e+03
          LJ-14     Coulomb-14        LJ (SR)   Coulomb (SR)   Coul. recip.
    5.07629e+03    1.10510e+05    7.72992e+05   -5.44631e+06    1.43413e+04
      Potential Pressure (bar)   Constr. rmsd
   -4.52896e+06   -1.38985e+03    0.00000e+00

           Step           Time
           2035     2035.00000

   Energies (kJ/mol)
           Bond            U-B    Proper Dih.  Improper Dih.      CMAP Dih.
    1.66494e+03    5.71620e+03    9.61292e+03    2.69991e+02   -2.81300e+03
          LJ-14     Coulomb-14        LJ (SR)   Coulomb (SR)   Coul. recip.
    5.07709e+03    1.10495e+05    7.73021e+05   -5.44636e+06    1.43386e+04
      Potential Pressure (bar)   Constr. rmsd
   -4.52897e+06   -1.38987e+03    0.00000e+00

           Step           Time
           2036     2036.00000

           Step           Time
           2037     2037.00000

   Energies (kJ/mol)
           Bond            U-B    Proper Dih.  Improper Dih.      CMAP Dih.
    1.56971e+03    5.70302e+03    9.61308e+03    2.70091e+02   -2.81306e+03
          LJ-14     Coulomb-14        LJ (SR)   Coulomb (SR)   Coul. recip.
    5.07655e+03    1.10504e+05    7.73044e+05   -5.44641e+06    1.43387e+04
      Potential Pressure (bar)   Constr. rmsd
   -4.52910e+06   -1.39033e+03    0.00000e+00

           Step           Time
           2038     2038.00000

   Energies (kJ/mol)
           Bond            U-B    Proper Dih.  Improper Dih.      CMAP Dih.
    1.71129e+03    5.72152e+03    9.61302e+03    2.69937e+02   -2.81309e+03
          LJ-14     Coulomb-14        LJ (SR)   Coulomb (SR)   Coul. recip.
    5.07694e+03    1.10493e+05    7.73222e+05   -5.44675e+06    1.43312e+04
      Potential Pressure (bar)   Constr. rmsd
   -4.52912e+06   -1.39044e+03    0.00000e+00

           Step           Time
           2039     2039.00000

   Energies (kJ/mol)
           Bond            U-B    Proper Dih.  Improper Dih.      CMAP Dih.
    1.58685e+03    5.70364e+03    9.61324e+03    2.70088e+02   -2.81317e+03
          LJ-14     Coulomb-14        LJ (SR)   Coulomb (SR)   Coul. recip.
    5.07620e+03    1.10505e+05    7.73250e+05   -5.44682e+06    1.43315e+04
      Potential Pressure (bar)   Constr. rmsd
   -4.52929e+06   -1.39045e+03    0.00000e+00

           Step           Time
           2040     2040.00000

           Step           Time
           2041     2041.00000

   Energies (kJ/mol)
           Bond            U-B    Proper Dih.  Improper Dih.      CMAP Dih.
    1.59738e+03    5.70810e+03    9.61313e+03    2.69978e+02   -2.81314e+03
          LJ-14     Coulomb-14        LJ (SR)   Coulomb (SR)   Coul. recip.
    5.07660e+03    1.10498e+05    7.73288e+05   -5.44688e+06    1.43293e+04
      Potential Pressure (bar)   Constr. rmsd
   -4.52932e+06   -1.39048e+03    0.00000e+00

           Step           Time
           2042     2042.00000

   Energies (kJ/mol)
           Bond            U-B    Proper Dih.  Improper Dih.      CMAP Dih.
    1.60775e+03    5.70541e+03    9.61331e+03    2.70102e+02   -2.81322e+03
          LJ-14     Coulomb-14        LJ (SR)   Coulomb (SR)   Coul. recip.
    5.07606e+03    1.10507e+05    7.73327e+05   -5.44697e+06    1.43288e+04
      Potential Pressure (bar)   Constr. rmsd
   -4.52935e+06   -1.39050e+03    0.00000e+00

           Step           Time
           2043     2043.00000

   Energies (kJ/mol)
           Bond            U-B    Proper Dih.  Improper Dih.      CMAP Dih.
    1.62958e+03    5.71209e+03    9.61316e+03    2.69944e+02   -2.81317e+03
          LJ-14     Coulomb-14        LJ (SR)   Coulomb (SR)   Coul. recip.
    5.07663e+03    1.10496e+05    7.73362e+05   -5.44703e+06    1.43264e+04
      Potential Pressure (bar)   Constr. rmsd
   -4.52935e+06   -1.39052e+03    0.00000e+00

           Step           Time
           2044     2044.00000

   Energies (kJ/mol)
           Bond            U-B    Proper Dih.  Improper Dih.      CMAP Dih.
    1.65118e+03    5.70945e+03    9.61341e+03    2.70121e+02   -2.81326e+03
          LJ-14     Coulomb-14        LJ (SR)   Coulomb (SR)   Coul. recip.
    5.07586e+03    1.10508e+05    7.73405e+05   -5.44712e+06    1.43264e+04
      Potential Pressure (bar)   Constr. rmsd
   -4.52937e+06   -1.39054e+03    0.00000e+00

           Step           Time
           2045     2045.00000

           Step           Time
           2046     2046.00000

   Energies (kJ/mol)
           Bond            U-B    Proper Dih.  Improper Dih.      CMAP Dih.
    1.56868e+03    5.70374e+03    9.61327e+03    2.69992e+02   -2.81322e+03
          LJ-14     Coulomb-14        LJ (SR)   Coulomb (SR)   Coul. recip.
    5.07626e+03    1.10501e+05    7.73420e+05   -5.44715e+06    1.43249e+04
      Potential Pressure (bar)   Constr. rmsd
   -4.52948e+06   -1.39056e+03    0.00000e+00

           Step           Time
           2047     2047.00000

   Energies (kJ/mol)
           Bond            U-B    Proper Dih.  Improper Dih.      CMAP Dih.
    1.69631e+03    5.71336e+03    9.61357e+03    2.70136e+02   -2.81335e+03
          LJ-14     Coulomb-14        LJ (SR)   Coulomb (SR)   Coul. recip.
    5.07556e+03    1.10510e+05    7.73582e+05   -5.44747e+06    1.43203e+04
      Potential Pressure (bar)   Constr. rmsd
   -4.52950e+06   -1.39065e+03    0.00000e+00

           Step           Time
           2048     2048.00000

   Energies (kJ/mol)
           Bond            U-B    Proper Dih.  Improper Dih.      CMAP Dih.
    1.57969e+03    5.70563e+03    9.61336e+03    2.69938e+02   -2.81329e+03
          LJ-14     Coulomb-14        LJ (SR)   Coulomb (SR)   Coul. recip.
    5.07618e+03    1.10499e+05    7.73598e+05   -5.44749e+06    1.43182e+04
      Potential Pressure (bar)   Constr. rmsd
   -4.52965e+06   -1.39066e+03    0.00000e+00

           Step           Time
           2049     2049.00000

           Step           Time
           2050     2050.00000

   Energies (kJ/mol)
           Bond            U-B    Proper Dih.  Improper Dih.      CMAP Dih.
    1.59694e+03    5.70450e+03    9.61351e+03    2.70032e+02   -2.81334e+03
          LJ-14     Coulomb-14        LJ (SR)   Coulomb (SR)   Coul. recip.
    5.07576e+03    1.10505e+05    7.73642e+05   -5.44758e+06    1.43174e+04
      Potential Pressure (bar)   Constr. rmsd
   -4.52967e+06   -1.39099e+03    0.00000e+00

           Step           Time
           2051     2051.00000

   Energies (kJ/mol)
           Bond            U-B    Proper Dih.  Improper Dih.      CMAP Dih.
    1.59544e+03    5.70786e+03    9.61338e+03    2.69908e+02   -2.81331e+03
          LJ-14     Coulomb-14        LJ (SR)   Coulomb (SR)   Coul. recip.
    5.07619e+03    1.10497e+05    7.73673e+05   -5.44764e+06    1.43153e+04
      Potential Pressure (bar)   Constr. rmsd
   -4.52970e+06   -1.39102e+03    0.00000e+00

           Step           Time
           2052     2052.00000

   Energies (kJ/mol)
           Bond            U-B    Proper Dih.  Improper Dih.      CMAP Dih.
    1.62438e+03    5.70688e+03    9.61359e+03    2.70046e+02   -2.81339e+03
          LJ-14     Coulomb-14        LJ (SR)   Coulomb (SR)   Coul. recip.
    5.07560e+03    1.10506e+05    7.73717e+05   -5.44774e+06    1.43149e+04
      Potential Pressure (bar)   Constr. rmsd
   -4.52972e+06   -1.39104e+03    0.00000e+00

           Step           Time
           2053     2053.00000

   Energies (kJ/mol)
           Bond            U-B    Proper Dih.  Improper Dih.      CMAP Dih.
    1.62964e+03    5.71212e+03    9.61341e+03    2.69871e+02   -2.81333e+03
          LJ-14     Coulomb-14        LJ (SR)   Coulomb (SR)   Coul. recip.
    5.07623e+03    1.10495e+05    7.73748e+05   -5.44778e+06    1.43125e+04
      Potential Pressure (bar)   Constr. rmsd
   -4.52974e+06   -1.39106e+03    0.00000e+00

           Step           Time
           2054     2054.00000

           Step           Time
           2055     2055.00000

   Energies (kJ/mol)
           Bond            U-B    Proper Dih.  Improper Dih.      CMAP Dih.
    1.56967e+03    5.70304e+03    9.61353e+03    2.69957e+02   -2.81339e+03
          LJ-14     Coulomb-14        LJ (SR)   Coulomb (SR)   Coul. recip.
    5.07579e+03    1.10502e+05    7.73770e+05   -5.44784e+06    1.43125e+04
      Potential Pressure (bar)   Constr. rmsd
   -4.52983e+06   -1.39107e+03    0.00000e+00

           Step           Time
           2056     2056.00000

   Energies (kJ/mol)
           Bond            U-B    Proper Dih.  Improper Dih.      CMAP Dih.
    1.65996e+03    5.71569e+03    9.61351e+03    2.69822e+02   -2.81340e+03
          LJ-14     Coulomb-14        LJ (SR)   Coulomb (SR)   Coul. recip.
    5.07610e+03    1.10493e+05    7.73937e+05   -5.44816e+06    1.43056e+04
      Potential Pressure (bar)   Constr. rmsd
   -4.52990e+06   -1.39081e+03    0.00000e+00

           Step           Time
           2057     2057.00000

   Energies (kJ/mol)
           Bond            U-B    Proper Dih.  Improper Dih.      CMAP Dih.
    1.58134e+03    5.70336e+03    9.61369e+03    2.69952e+02   -2.81348e+03
          LJ-14     Coulomb-14        LJ (SR)   Coulomb (SR)   Coul. recip.
    5.07550e+03    1.10503e+05    7.73964e+05   -5.44822e+06    1.43057e+04
      Potential Pressure (bar)   Constr. rmsd
   -4.53002e+06   -1.39082e+03    0.00000e+00

           Step           Time
           2058     2058.00000

           Step           Time
           2059     2059.00000

   Energies (kJ/mol)
           Bond            U-B    Proper Dih.  Improper Dih.      CMAP Dih.
    1.58652e+03    5.70660e+03    9.61362e+03    2.69861e+02   -2.81346e+03
          LJ-14     Coulomb-14        LJ (SR)   Coulomb (SR)   Coul. recip.
    5.07581e+03    1.10497e+05    7.74002e+05   -5.44829e+06    1.43036e+04
      Potential Pressure (bar)   Constr. rmsd
   -4.53004e+06   -1.39085e+03    0.00000e+00

           Step           Time
           2060     2060.00000

   Energies (kJ/mol)
           Bond            U-B    Proper Dih.  Improper Dih.      CMAP Dih.
    1.59548e+03    5.70442e+03    9.61376e+03    2.69959e+02   -2.81352e+03
          LJ-14     Coulomb-14        LJ (SR)   Coulomb (SR)   Coul. recip.
    5.07535e+03    1.10504e+05    7.74040e+05   -5.44837e+06    1.43031e+04
      Potential Pressure (bar)   Constr. rmsd
   -4.53008e+06   -1.39087e+03    0.00000e+00

           Step           Time
           2061     2061.00000

   Energies (kJ/mol)
           Bond            U-B    Proper Dih.  Improper Dih.      CMAP Dih.
    1.60697e+03    5.70934e+03    9.61363e+03    2.69830e+02   -2.81348e+03
          LJ-14     Coulomb-14        LJ (SR)   Coulomb (SR)   Coul. recip.
    5.07582e+03    1.10495e+05    7.74075e+05   -5.44843e+06    1.43009e+04
      Potential Pressure (bar)   Constr. rmsd
   -4.53010e+06   -1.39089e+03    0.00000e+00

           Step           Time
           2062     2062.00000

   Energies (kJ/mol)
           Bond            U-B    Proper Dih.  Improper Dih.      CMAP Dih.
    1.62456e+03    5.70697e+03    9.61386e+03    2.69976e+02   -2.81356e+03
          LJ-14     Coulomb-14        LJ (SR)   Coulomb (SR)   Coul. recip.
    5.07519e+03    1.10506e+05    7.74116e+05   -5.44852e+06    1.43007e+04
      Potential Pressure (bar)   Constr. rmsd
   -4.53012e+06   -1.39091e+03    0.00000e+00

           Step           Time
           2063     2063.00000

           Step           Time
           2064     2064.00000

   Energies (kJ/mol)
           Bond            U-B    Proper Dih.  Improper Dih.      CMAP Dih.
    1.56856e+03    5.70363e+03    9.61374e+03    2.69873e+02   -2.81353e+03
          LJ-14     Coulomb-14        LJ (SR)   Coulomb (SR)   Coul. recip.
    5.07550e+03    1.10499e+05    7.74132e+05   -5.44854e+06    1.42993e+04
      Potential Pressure (bar)   Constr. rmsd
   -4.53020e+06   -1.39093e+03    0.00000e+00

           Step           Time
           2065     2065.00000

   Energies (kJ/mol)
           Bond            U-B    Proper Dih.  Improper Dih.      CMAP Dih.
    1.65453e+03    5.70935e+03    9.61399e+03    2.69962e+02   -2.81364e+03
          LJ-14     Coulomb-14        LJ (SR)   Coulomb (SR)   Coul. recip.
    5.07492e+03    1.10506e+05    7.74300e+05   -5.44888e+06    1.42942e+04
      Potential Pressure (bar)   Constr. rmsd
   -4.53027e+06   -1.39103e+03    0.00000e+00

           Step           Time
           2066     2066.00000

   Energies (kJ/mol)
           Bond            U-B    Proper Dih.  Improper Dih.      CMAP Dih.
    1.57529e+03    5.70491e+03    9.61382e+03    2.69811e+02   -2.81360e+03
          LJ-14     Coulomb-14        LJ (SR)   Coulomb (SR)   Coul. recip.
    5.07540e+03    1.10497e+05    7.74318e+05   -5.44891e+06    1.42924e+04
      Potential Pressure (bar)   Constr. rmsd
   -4.53038e+06   -1.39104e+03    0.00000e+00

           Step           Time
           2067     2067.00000

           Step           Time
           2068     2068.00000

   Energies (kJ/mol)
           Bond            U-B    Proper Dih.  Improper Dih.      CMAP Dih.
    1.58847e+03    5.70390e+03    9.61395e+03    2.69889e+02   -2.81365e+03
          LJ-14     Coulomb-14        LJ (SR)   Coulomb (SR)   Coul. recip.
    5.07505e+03    1.10503e+05    7.74361e+05   -5.44900e+06    1.42916e+04
      Potential Pressure (bar)   Constr. rmsd
   -4.53041e+06   -1.39106e+03    0.00000e+00

           Step           Time
           2069     2069.00000

   Energies (kJ/mol)
           Bond            U-B    Proper Dih.  Improper Dih.      CMAP Dih.
    1.58517e+03    5.70645e+03    9.61387e+03    2.69793e+02   -2.81363e+03
          LJ-14     Coulomb-14        LJ (SR)   Coulomb (SR)   Coul. recip.
    5.07539e+03    1.10496e+05    7.74392e+05   -5.44906e+06    1.42896e+04
      Potential Pressure (bar)   Constr. rmsd
   -4.53044e+06   -1.39109e+03    0.00000e+00

           Step           Time
           2070     2070.00000

   Energies (kJ/mol)
           Bond            U-B    Proper Dih.  Improper Dih.      CMAP Dih.
    1.60693e+03    5.70536e+03    9.61403e+03    2.69904e+02   -2.81369e+03
          LJ-14     Coulomb-14        LJ (SR)   Coulomb (SR)   Coul. recip.
    5.07491e+03    1.10504e+05    7.74436e+05   -5.44915e+06    1.42890e+04
      Potential Pressure (bar)   Constr. rmsd
   -4.53046e+06   -1.39111e+03    0.00000e+00

           Step           Time
           2071     2071.00000

   Energies (kJ/mol)
           Bond            U-B    Proper Dih.  Improper Dih.      CMAP Dih.
    1.60681e+03    5.70933e+03    9.61389e+03    2.69760e+02   -2.81365e+03
          LJ-14     Coulomb-14        LJ (SR)   Coulomb (SR)   Coul. recip.
    5.07541e+03    1.10494e+05    7.74466e+05   -5.44920e+06    1.42868e+04
      Potential Pressure (bar)   Constr. rmsd
   -4.53049e+06   -1.39113e+03    0.00000e+00

           Step           Time
           2072     2072.00000

   Energies (kJ/mol)
           Bond            U-B    Proper Dih.  Improper Dih.      CMAP Dih.
    1.64357e+03    5.70871e+03    9.61412e+03    2.69922e+02   -2.81373e+03
          LJ-14     Coulomb-14        LJ (SR)   Coulomb (SR)   Coul. recip.
    5.07473e+03    1.10505e+05    7.74510e+05   -5.44930e+06    1.42865e+04
      Potential Pressure (bar)   Constr. rmsd
   -4.53050e+06   -1.39116e+03    0.00000e+00

           Step           Time
           2073     2073.00000

   Energies (kJ/mol)
           Bond            U-B    Proper Dih.  Improper Dih.      CMAP Dih.
    1.65379e+03    5.71496e+03    9.61390e+03    2.69721e+02   -2.81367e+03
          LJ-14     Coulomb-14        LJ (SR)   Coulomb (SR)   Coul. recip.
    5.07548e+03    1.10492e+05    7.74539e+05   -5.44934e+06    1.42841e+04
      Potential Pressure (bar)   Constr. rmsd
   -4.53051e+06   -1.39118e+03    0.00000e+00

           Step           Time
           2074     2074.00000

           Step           Time
           2075     2075.00000

   Energies (kJ/mol)
           Bond            U-B    Proper Dih.  Improper Dih.      CMAP Dih.
    1.57063e+03    5.70317e+03    9.61405e+03    2.69818e+02   -2.81372e+03
          LJ-14     Coulomb-14        LJ (SR)   Coulomb (SR)   Coul. recip.
    5.07497e+03    1.10500e+05    7.74562e+05   -5.44939e+06    1.42839e+04
      Potential Pressure (bar)   Constr. rmsd
   -4.53063e+06   -1.39119e+03    0.00000e+00

           Step           Time
           2076     2076.00000

   Energies (kJ/mol)
           Bond            U-B    Proper Dih.  Improper Dih.      CMAP Dih.
    1.69487e+03    5.71968e+03    9.61400e+03    2.69681e+02   -2.81375e+03
          LJ-14     Coulomb-14        LJ (SR)   Coulomb (SR)   Coul. recip.
    5.07534e+03    1.10490e+05    7.74731e+05   -5.44972e+06    1.42769e+04
      Potential Pressure (bar)   Constr. rmsd
   -4.53066e+06   -1.39129e+03    0.00000e+00

           Step           Time
           2077     2077.00000

   Energies (kJ/mol)
           Bond            U-B    Proper Dih.  Improper Dih.      CMAP Dih.
    1.58592e+03    5.70369e+03    9.61420e+03    2.69821e+02   -2.81382e+03
          LJ-14     Coulomb-14        LJ (SR)   Coulomb (SR)   Coul. recip.
    5.07464e+03    1.10501e+05    7.74759e+05   -5.44978e+06    1.42772e+04
      Potential Pressure (bar)   Constr. rmsd
   -4.53081e+06   -1.39131e+03    0.00000e+00

           Step           Time
           2078     2078.00000

           Step           Time
           2079     2079.00000

   Energies (kJ/mol)
           Bond            U-B    Proper Dih.  Improper Dih.      CMAP Dih.
    1.59461e+03    5.70772e+03    9.61411e+03    2.69714e+02   -2.81379e+03
          LJ-14     Coulomb-14        LJ (SR)   Coulomb (SR)   Coul. recip.
    5.07500e+03    1.10494e+05    7.74795e+05   -5.44984e+06    1.42751e+04
      Potential Pressure (bar)   Constr. rmsd
   -4.53083e+06   -1.39133e+03    0.00000e+00

           Step           Time
           2080     2080.00000

   Energies (kJ/mol)
           Bond            U-B    Proper Dih.  Improper Dih.      CMAP Dih.
    1.60456e+03    5.70522e+03    9.61428e+03    2.69833e+02   -2.81386e+03
          LJ-14     Coulomb-14        LJ (SR)   Coulomb (SR)   Coul. recip.
    5.07449e+03    1.10502e+05    7.74833e+05   -5.44993e+06    1.42747e+04
      Potential Pressure (bar)   Constr. rmsd
   -4.53086e+06   -1.39135e+03    0.00000e+00

           Step           Time
           2081     2081.00000

   Energies (kJ/mol)
           Bond            U-B    Proper Dih.  Improper Dih.      CMAP Dih.
    1.62279e+03    5.71129e+03    9.61413e+03    2.69681e+02   -2.81381e+03
          LJ-14     Coulomb-14        LJ (SR)   Coulomb (SR)   Coul. recip.
    5.07503e+03    1.10492e+05    7.74867e+05   -5.44999e+06    1.42723e+04
      Potential Pressure (bar)   Constr. rmsd
   -4.53087e+06   -1.39138e+03    0.00000e+00

           Step           Time
           2082     2082.00000

   Energies (kJ/mol)
           Bond            U-B    Proper Dih.  Improper Dih.      CMAP Dih.
    1.64317e+03    5.70876e+03    9.61436e+03    2.69854e+02   -2.81390e+03
          LJ-14     Coulomb-14        LJ (SR)   Coulomb (SR)   Coul. recip.
    5.07431e+03    1.10504e+05    7.74908e+05   -5.45008e+06    1.42722e+04
      Potential Pressure (bar)   Constr. rmsd
   -4.53090e+06   -1.39140e+03    0.00000e+00

           Step           Time
           2083     2083.00000

           Step           Time
           2084     2084.00000

   Energies (kJ/mol)
           Bond            U-B    Proper Dih.  Improper Dih.      CMAP Dih.
    1.56954e+03    5.70384e+03    9.61424e+03    2.69731e+02   -2.81386e+03
          LJ-14     Coulomb-14        LJ (SR)   Coulomb (SR)   Coul. recip.
    5.07469e+03    1.10497e+05    7.74923e+05   -5.45010e+06    1.42707e+04
      Potential Pressure (bar)   Constr. rmsd
   -4.53099e+06   -1.39141e+03    0.00000e+00

           Step           Time
           2085     2085.00000

   Energies (kJ/mol)
           Bond            U-B    Proper Dih.  Improper Dih.      CMAP Dih.
    1.68312e+03    5.71219e+03    9.61451e+03    2.69869e+02   -2.81398e+03
          LJ-14     Coulomb-14        LJ (SR)   Coulomb (SR)   Coul. recip.
    5.07404e+03    1.10505e+05    7.75083e+05   -5.45042e+06    1.42662e+04
      Potential Pressure (bar)   Constr. rmsd
   -4.53103e+06   -1.39150e+03    0.00000e+00

           Step           Time
           2086     2086.00000

   Energies (kJ/mol)
           Bond            U-B    Proper Dih.  Improper Dih.      CMAP Dih.
    1.57909e+03    5.70555e+03    9.61432e+03    2.69681e+02   -2.81393e+03
          LJ-14     Coulomb-14        LJ (SR)   Coulomb (SR)   Coul. recip.
    5.07461e+03    1.10495e+05    7.75100e+05   -5.45045e+06    1.42642e+04
      Potential Pressure (bar)   Constr. rmsd
   -4.53116e+06   -1.39152e+03    0.00000e+00

           Step           Time
           2087     2087.00000

           Step           Time
           2088     2088.00000

   Energies (kJ/mol)
           Bond            U-B    Proper Dih.  Improper Dih.      CMAP Dih.
    1.59499e+03    5.70447e+03    9.61445e+03    2.69768e+02   -2.81398e+03
          LJ-14     Coulomb-14        LJ (SR)   Coulomb (SR)   Coul. recip.
    5.07421e+03    1.10501e+05    7.75142e+05   -5.45053e+06    1.42634e+04
      Potential Pressure (bar)   Constr. rmsd
   -4.53118e+06   -1.39154e+03    0.00000e+00

           Step           Time
           2089     2089.00000

   Energies (kJ/mol)
           Bond            U-B    Proper Dih.  Improper Dih.      CMAP Dih.
    1.59284e+03    5.70752e+03    9.61433e+03    2.69651e+02   -2.81395e+03
          LJ-14     Coulomb-14        LJ (SR)   Coulomb (SR)   Coul. recip.
    5.07460e+03    1.10493e+05    7.75172e+05   -5.45059e+06    1.42614e+04
      Potential Pressure (bar)   Constr. rmsd
   -4.53121e+06   -1.39156e+03    0.00000e+00

           Step           Time
           2090     2090.00000

   Energies (kJ/mol)
           Bond            U-B    Proper Dih.  Improper Dih.      CMAP Dih.
    1.61941e+03    5.70653e+03    9.61453e+03    2.69784e+02   -2.81402e+03
          LJ-14     Coulomb-14        LJ (SR)   Coulomb (SR)   Coul. recip.
    5.07405e+03    1.10502e+05    7.75216e+05   -5.45068e+06    1.42609e+04
      Potential Pressure (bar)   Constr. rmsd
   -4.53123e+06   -1.39159e+03    0.00000e+00

           Step           Time
           2091     2091.00000

   Energies (kJ/mol)
           Bond            U-B    Proper Dih.  Improper Dih.      CMAP Dih.
    1.62276e+03    5.71131e+03    9.61434e+03    2.69618e+02   -2.81397e+03
          LJ-14     Coulomb-14        LJ (SR)   Coulomb (SR)   Coul. recip.
    5.07463e+03    1.10491e+05    7.75245e+05   -5.45073e+06    1.42587e+04
      Potential Pressure (bar)   Constr. rmsd
   -4.53125e+06   -1.39161e+03    0.00000e+00

           Step           Time
           2092     2092.00000

           Step           Time
           2093     2093.00000

   Energies (kJ/mol)
           Bond            U-B    Proper Dih.  Improper Dih.      CMAP Dih.
    1.57065e+03    5.70321e+03    9.61446e+03    2.69701e+02   -2.81402e+03
          LJ-14     Coulomb-14        LJ (SR)   Coulomb (SR)   Coul. recip.
    5.07423e+03    1.10498e+05    7.75267e+05   -5.45078e+06    1.42586e+04
      Potential Pressure (bar)   Constr. rmsd
   -4.53134e+06   -1.39162e+03    0.00000e+00

           Step           Time
           2094     2094.00000

   Energies (kJ/mol)
           Bond            U-B    Proper Dih.  Improper Dih.      CMAP Dih.
    1.64952e+03    5.71452e+03    9.61445e+03    2.69574e+02   -2.81404e+03
          LJ-14     Coulomb-14        LJ (SR)   Coulomb (SR)   Coul. recip.
    5.07451e+03    1.10490e+05    7.75425e+05   -5.45108e+06    1.42521e+04
      Potential Pressure (bar)   Constr. rmsd
   -4.53141e+06   -1.39078e+03    0.00000e+00

           Step           Time
           2095     2095.00000

   Energies (kJ/mol)
           Bond            U-B    Proper Dih.  Improper Dih.      CMAP Dih.
    1.58111e+03    5.70350e+03    9.61462e+03    2.69699e+02   -2.81411e+03
          LJ-14     Coulomb-14        LJ (SR)   Coulomb (SR)   Coul. recip.
    5.07394e+03    1.10499e+05    7.75452e+05   -5.45114e+06    1.42522e+04
      Potential Pressure (bar)   Constr. rmsd
   -4.53151e+06   -1.39080e+03    0.00000e+00

           Step           Time
           2096     2096.00000

           Step           Time
           2097     2097.00000

   Energies (kJ/mol)
           Bond            U-B    Proper Dih.  Improper Dih.      CMAP Dih.
    1.58510e+03    5.70643e+03    9.61453e+03    2.69608e+02   -2.81409e+03
          LJ-14     Coulomb-14        LJ (SR)   Coulomb (SR)   Coul. recip.
    5.07423e+03    1.10493e+05    7.75488e+05   -5.45121e+06    1.42502e+04
      Potential Pressure (bar)   Constr. rmsd
   -4.53154e+06   -1.39082e+03    0.00000e+00

           Step           Time
           2098     2098.00000

   Energies (kJ/mol)
           Bond            U-B    Proper Dih.  Improper Dih.      CMAP Dih.
    1.59375e+03    5.70442e+03    9.61468e+03    2.69701e+02   -2.81414e+03
          LJ-14     Coulomb-14        LJ (SR)   Coulomb (SR)   Coul. recip.
    5.07381e+03    1.10500e+05    7.75525e+05   -5.45129e+06    1.42496e+04
      Potential Pressure (bar)   Constr. rmsd
   -4.53157e+06   -1.39084e+03    0.00000e+00

           Step           Time
           2099     2099.00000

   Energies (kJ/mol)
           Bond            U-B    Proper Dih.  Improper Dih.      CMAP Dih.
    1.60296e+03    5.70885e+03    9.61455e+03    2.69574e+02   -2.81412e+03
          LJ-14     Coulomb-14        LJ (SR)   Coulomb (SR)   Coul. recip.
    5.07423e+03    1.10492e+05    7.75559e+05   -5.45135e+06    1.42474e+04
      Potential Pressure (bar)   Constr. rmsd
   -4.53159e+06   -1.39086e+03    0.00000e+00

           Step           Time
           2100     2100.00000

   Energies (kJ/mol)
           Bond            U-B    Proper Dih.  Improper Dih.      CMAP Dih.
    1.61964e+03    5.70662e+03    9.61476e+03    2.69721e+02   -2.81419e+03
          LJ-14     Coulomb-14        LJ (SR)   Coulomb (SR)   Coul. recip.
    5.07364e+03    1.10501e+05    7.75599e+05   -5.45144e+06    1.42472e+04
      Potential Pressure (bar)   Constr. rmsd
   -4.53162e+06   -1.39088e+03    0.00000e+00

           Step           Time
           2101     2101.00000

   Energies (kJ/mol)
           Bond            U-B    Proper Dih.  Improper Dih.      CMAP Dih.
    1.64050e+03    5.71344e+03    9.61458e+03    2.69545e+02   -2.81414e+03
          LJ-14     Coulomb-14        LJ (SR)   Coulomb (SR)   Coul. recip.
    5.07428e+03    1.10489e+05    7.75630e+05   -5.45149e+06    1.42447e+04
      Potential Pressure (bar)   Constr. rmsd
   -4.53162e+06   -1.39091e+03    0.00000e+00

           Step           Time
           2102     2102.00000

   Energies (kJ/mol)
           Bond            U-B    Proper Dih.  Improper Dih.      CMAP Dih.
    1.67248e+03    5.71171e+03    9.61485e+03    2.69756e+02   -2.81423e+03
          LJ-14     Coulomb-14        LJ (SR)   Coulomb (SR)   Coul. recip.
    5.07345e+03    1.10503e+05    7.75673e+05   -5.45158e+06    1.42448e+04
      Potential Pressure (bar)   Constr. rmsd
   -4.53163e+06   -1.39093e+03    0.00000e+00

           Step           Time
           2103     2103.00000

           Step           Time
           2104     2104.00000

   Energies (kJ/mol)
           Bond            U-B    Proper Dih.  Improper Dih.      CMAP Dih.
    1.57019e+03    5.70402e+03    9.61469e+03    2.69605e+02   -2.81419e+03
          LJ-14     Coulomb-14        LJ (SR)   Coulomb (SR)   Coul. recip.
    5.07389e+03    1.10495e+05    7.75686e+05   -5.45160e+06    1.42433e+04
      Potential Pressure (bar)   Constr. rmsd
   -4.53176e+06   -1.39094e+03    0.00000e+00

           Step           Time
           2105     2105.00000

   Energies (kJ/mol)
           Bond            U-B    Proper Dih.  Improper Dih.      CMAP Dih.
    1.72815e+03    5.71651e+03    9.61500e+03    2.69776e+02   -2.81433e+03
          LJ-14     Coulomb-14        LJ (SR)   Coulomb (SR)   Coul. recip.
    5.07314e+03    1.10505e+05    7.75865e+05   -5.45196e+06    1.42383e+04
      Potential Pressure (bar)   Constr. rmsd
   -4.53177e+06   -1.39057e+03    0.00000e+00

           Step           Time
           2106     2106.00000

   Energies (kJ/mol)
           Bond            U-B    Proper Dih.  Improper Dih.      CMAP Dih.
    1.58239e+03    5.70607e+03    9.61477e+03    2.69549e+02   -2.81426e+03
          LJ-14     Coulomb-14        LJ (SR)   Coulomb (SR)   Coul. recip.
    5.07379e+03    1.10493e+05    7.75880e+05   -5.45198e+06    1.42361e+04
      Potential Pressure (bar)   Constr. rmsd
   -4.53194e+06   -1.39058e+03    0.00000e+00

           Step           Time
           2107     2107.00000

           Step           Time
           2108     2108.00000

   Energies (kJ/mol)
           Bond            U-B    Proper Dih.  Improper Dih.      CMAP Dih.
    1.60645e+03    5.70542e+03    9.61492e+03    2.69656e+02   -2.81432e+03
          LJ-14     Coulomb-14        LJ (SR)   Coulomb (SR)   Coul. recip.
    5.07334e+03    1.10500e+05    7.75924e+05   -5.45207e+06    1.42355e+04
      Potential Pressure (bar)   Constr. rmsd
   -4.53196e+06   -1.39060e+03    0.00000e+00

           Step           Time
           2109     2109.00000

   Energies (kJ/mol)
           Bond            U-B    Proper Dih.  Improper Dih.      CMAP Dih.
    1.60069e+03    5.70863e+03    9.61479e+03    2.69516e+02   -2.81429e+03
          LJ-14     Coulomb-14        LJ (SR)   Coulomb (SR)   Coul. recip.
    5.07381e+03    1.10491e+05    7.75952e+05   -5.45212e+06    1.42334e+04
      Potential Pressure (bar)   Constr. rmsd
   -4.53199e+06   -1.39063e+03    0.00000e+00

           Step           Time
           2110     2110.00000

   Energies (kJ/mol)
           Bond            U-B    Proper Dih.  Improper Dih.      CMAP Dih.
    1.63995e+03    5.70846e+03    9.61501e+03    2.69674e+02   -2.81436e+03
          LJ-14     Coulomb-14        LJ (SR)   Coulomb (SR)   Coul. recip.
    5.07317e+03    1.10501e+05    7.75996e+05   -5.45222e+06    1.42330e+04
      Potential Pressure (bar)   Constr. rmsd
   -4.53200e+06   -1.39065e+03    0.00000e+00

           Step           Time
           2111     2111.00000

   Energies (kJ/mol)
           Bond            U-B    Proper Dih.  Improper Dih.      CMAP Dih.
    1.64079e+03    5.71353e+03    9.61480e+03    2.69477e+02   -2.81430e+03
          LJ-14     Coulomb-14        LJ (SR)   Coulomb (SR)   Coul. recip.
    5.07387e+03    1.10488e+05    7.76024e+05   -5.45226e+06    1.42306e+04
      Potential Pressure (bar)   Constr. rmsd
   -4.53202e+06   -1.39067e+03    0.00000e+00

           Step           Time
           2112     2112.00000

           Step           Time
           2113     2113.00000

   Energies (kJ/mol)
           Bond            U-B    Proper Dih.  Improper Dih.      CMAP Dih.
    1.57222e+03    5.70336e+03    9.61495e+03    2.69576e+02   -2.81436e+03
          LJ-14     Coulomb-14        LJ (SR)   Coulomb (SR)   Coul. recip.
    5.07340e+03    1.10496e+05    7.76046e+05   -5.45231e+06    1.42305e+04
      Potential Pressure (bar)   Constr. rmsd
   -4.53212e+06   -1.39068e+03    0.00000e+00

           Step           Time
           2114     2114.00000

   Energies (kJ/mol)
           Bond            U-B    Proper Dih.  Improper Dih.      CMAP Dih.
    1.67690e+03    5.71771e+03    9.61488e+03    2.69440e+02   -2.81437e+03
          LJ-14     Coulomb-14        LJ (SR)   Coulomb (SR)   Coul. recip.
    5.07378e+03    1.10487e+05    7.76184e+05   -5.45257e+06    1.42248e+04
      Potential Pressure (bar)   Constr. rmsd
   -4.53214e+06   -1.39041e+03    0.00000e+00

           Step           Time
           2115     2115.00000

   Energies (kJ/mol)
           Bond            U-B    Proper Dih.  Improper Dih.      CMAP Dih.
    1.58680e+03    5.70395e+03    9.61508e+03    2.69584e+02   -2.81444e+03
          LJ-14     Coulomb-14        LJ (SR)   Coulomb (SR)   Coul. recip.
    5.07310e+03    1.10498e+05    7.76211e+05   -5.45264e+06    1.42249e+04
      Potential Pressure (bar)   Constr. rmsd
   -4.53227e+06   -1.39043e+03    0.00000e+00

           Step           Time
           2116     2116.00000

           Step           Time
           2117     2117.00000

   Energies (kJ/mol)
           Bond            U-B    Proper Dih.  Improper Dih.      CMAP Dih.
    1.59051e+03    5.70725e+03    9.61498e+03    2.69477e+02   -2.81442e+03
          LJ-14     Coulomb-14        LJ (SR)   Coulomb (SR)   Coul. recip.
    5.07345e+03    1.10491e+05    7.76244e+05   -5.45270e+06    1.42229e+04
      Potential Pressure (bar)   Constr. rmsd
   -4.53230e+06   -1.39045e+03    0.00000e+00

           Step           Time
           2118     2118.00000

   Energies (kJ/mol)
           Bond            U-B    Proper Dih.  Improper Dih.      CMAP Dih.
    1.60426e+03    5.70533e+03    9.61514e+03    2.69597e+02   -2.81448e+03
          LJ-14     Coulomb-14        LJ (SR)   Coulomb (SR)   Coul. recip.
    5.07296e+03    1.10499e+05    7.76283e+05   -5.45278e+06    1.42224e+04
      Potential Pressure (bar)   Constr. rmsd
   -4.53232e+06   -1.39047e+03    0.00000e+00

           Step           Time
           2119     2119.00000

   Energies (kJ/mol)
           Bond            U-B    Proper Dih.  Improper Dih.      CMAP Dih.
    1.61434e+03    5.71037e+03    9.61500e+03    2.69447e+02   -2.81444e+03
          LJ-14     Coulomb-14        LJ (SR)   Coulomb (SR)   Coul. recip.
    5.07347e+03    1.10489e+05    7.76315e+05   -5.45283e+06    1.42202e+04
      Potential Pressure (bar)   Constr. rmsd
   -4.53234e+06   -1.39049e+03    0.00000e+00

           Step           Time
           2120     2120.00000

   Energies (kJ/mol)
           Bond            U-B    Proper Dih.  Improper Dih.      CMAP Dih.
    1.63974e+03    5.70853e+03    9.61524e+03    2.69618e+02   -2.81452e+03
          LJ-14     Coulomb-14        LJ (SR)   Coulomb (SR)   Coul. recip.
    5.07279e+03    1.10500e+05    7.76356e+05   -5.45292e+06    1.42201e+04
      Potential Pressure (bar)   Constr. rmsd
   -4.53236e+06   -1.39051e+03    0.00000e+00

           Step           Time
           2121     2121.00000

           Step           Time
           2122     2122.00000

   Energies (kJ/mol)
           Bond            U-B    Proper Dih.  Improper Dih.      CMAP Dih.
    1.57013e+03    5.70392e+03    9.61511e+03    2.69497e+02   -2.81449e+03
          LJ-14     Coulomb-14        LJ (SR)   Coulomb (SR)   Coul. recip.
    5.07314e+03    1.10493e+05    7.76370e+05   -5.45295e+06    1.42187e+04
      Potential Pressure (bar)   Constr. rmsd
   -4.53245e+06   -1.39052e+03    0.00000e+00

           Step           Time
           2123     2123.00000

   Energies (kJ/mol)
           Bond            U-B    Proper Dih.  Improper Dih.      CMAP Dih.
    1.67688e+03    5.71154e+03    9.61538e+03    2.69622e+02   -2.81463e+03
          LJ-14     Coulomb-14        LJ (SR)   Coulomb (SR)   Coul. recip.
    5.07249e+03    1.10501e+05    7.76562e+05   -5.45333e+06    1.42128e+04
      Potential Pressure (bar)   Constr. rmsd
   -4.53252e+06   -1.39064e+03    0.00000e+00

           Step           Time
           2124     2124.00000

   Energies (kJ/mol)
           Bond            U-B    Proper Dih.  Improper Dih.      CMAP Dih.
    1.57747e+03    5.70531e+03    9.61520e+03    2.69448e+02   -2.81457e+03
          LJ-14     Coulomb-14        LJ (SR)   Coulomb (SR)   Coul. recip.
    5.07301e+03    1.10491e+05    7.76577e+05   -5.45335e+06    1.42110e+04
      Potential Pressure (bar)   Constr. rmsd
   -4.53265e+06   -1.39065e+03    0.00000e+00

           Step           Time
           2125     2125.00000

           Step           Time
           2126     2126.00000

   Energies (kJ/mol)
           Bond            U-B    Proper Dih.  Improper Dih.      CMAP Dih.
    1.59576e+03    5.70463e+03    9.61533e+03    2.69530e+02   -2.81463e+03
          LJ-14     Coulomb-14        LJ (SR)   Coulomb (SR)   Coul. recip.
    5.07263e+03    1.10497e+05    7.76622e+05   -5.45345e+06    1.42102e+04
      Potential Pressure (bar)   Constr. rmsd
   -4.53267e+06   -1.39068e+03    0.00000e+00

           Step           Time
           2127     2127.00000

   Energies (kJ/mol)
           Bond            U-B    Proper Dih.  Improper Dih.      CMAP Dih.
    1.58888e+03    5.70708e+03    9.61521e+03    2.69412e+02   -2.81460e+03
          LJ-14     Coulomb-14        LJ (SR)   Coulomb (SR)   Coul. recip.
    5.07300e+03    1.10490e+05    7.76650e+05   -5.45349e+06    1.42083e+04
      Potential Pressure (bar)   Constr. rmsd
   -4.53271e+06   -1.39069e+03    0.00000e+00

           Step           Time
           2128     2128.00000

   Energies (kJ/mol)
           Bond            U-B    Proper Dih.  Improper Dih.      CMAP Dih.
    1.61839e+03    5.70653e+03    9.61541e+03    2.69542e+02   -2.81467e+03
          LJ-14     Coulomb-14        LJ (SR)   Coulomb (SR)   Coul. recip.
    5.07248e+03    1.10498e+05    7.76694e+05   -5.45359e+06    1.42078e+04
      Potential Pressure (bar)   Constr. rmsd
   -4.53272e+06   -1.39072e+03    0.00000e+00

           Step           Time
           2129     2129.00000

   Energies (kJ/mol)
           Bond            U-B    Proper Dih.  Improper Dih.      CMAP Dih.
    1.61417e+03    5.71038e+03    9.61523e+03    2.69380e+02   -2.81462e+03
          LJ-14     Coulomb-14        LJ (SR)   Coulomb (SR)   Coul. recip.
    5.07304e+03    1.10488e+05    7.76721e+05   -5.45363e+06    1.42056e+04
      Potential Pressure (bar)   Constr. rmsd
   -4.53275e+06   -1.39074e+03    0.00000e+00

           Step           Time
           2130     2130.00000

           Step           Time
           2131     2131.00000

   Energies (kJ/mol)
           Bond            U-B    Proper Dih.  Improper Dih.      CMAP Dih.
    1.57230e+03    5.70342e+03    9.61535e+03    2.69461e+02   -2.81467e+03
          LJ-14     Coulomb-14        LJ (SR)   Coulomb (SR)   Coul. recip.
    5.07265e+03    1.10494e+05    7.76743e+05   -5.45368e+06    1.42055e+04
      Potential Pressure (bar)   Constr. rmsd
   -4.53282e+06   -1.39075e+03    0.00000e+00

           Step           Time
           2132     2132.00000

   Energies (kJ/mol)
           Bond            U-B    Proper Dih.  Improper Dih.      CMAP Dih.
    1.63759e+03    5.71316e+03    9.61529e+03    2.69350e+02   -2.81469e+03
          LJ-14     Coulomb-14        LJ (SR)   Coulomb (SR)   Coul. recip.
    5.07294e+03    1.10486e+05    7.76866e+05   -5.45392e+06    1.42003e+04
      Potential Pressure (bar)   Constr. rmsd
   -4.53287e+06   -1.39052e+03    0.00000e+00

           Step           Time
           2133     2133.00000

   Energies (kJ/mol)
           Bond            U-B    Proper Dih.  Improper Dih.      CMAP Dih.
    1.58253e+03    5.70376e+03    9.61546e+03    2.69472e+02   -2.81475e+03
          LJ-14     Coulomb-14        LJ (SR)   Coulomb (SR)   Coul. recip.
    5.07241e+03    1.10495e+05    7.76892e+05   -5.45398e+06    1.42002e+04
      Potential Pressure (bar)   Constr. rmsd
   -4.53296e+06   -1.39053e+03    0.00000e+00

           Step           Time
           2134     2134.00000

           Step           Time
           2135     2135.00000

   Energies (kJ/mol)
           Bond            U-B    Proper Dih.  Improper Dih.      CMAP Dih.
    1.58257e+03    5.70612e+03    9.61538e+03    2.69383e+02   -2.81473e+03
          LJ-14     Coulomb-14        LJ (SR)   Coulomb (SR)   Coul. recip.
    5.07267e+03    1.10490e+05    7.76925e+05   -5.45404e+06    1.41985e+04
      Potential Pressure (bar)   Constr. rmsd
   -4.53299e+06   -1.39055e+03    0.00000e+00

           Step           Time
           2136     2136.00000

   Energies (kJ/mol)
           Bond            U-B    Proper Dih.  Improper Dih.      CMAP Dih.
    1.59453e+03    5.70461e+03    9.61553e+03    2.69477e+02   -2.81478e+03
          LJ-14     Coulomb-14        LJ (SR)   Coulomb (SR)   Coul. recip.
    5.07227e+03    1.10496e+05    7.76964e+05   -5.45412e+06    1.41979e+04
      Potential Pressure (bar)   Constr. rmsd
   -4.53302e+06   -1.39058e+03    0.00000e+00

           Step           Time
           2137     2137.00000

   Energies (kJ/mol)
           Bond            U-B    Proper Dih.  Improper Dih.      CMAP Dih.
    1.59751e+03    5.70822e+03    9.61541e+03    2.69353e+02   -2.81476e+03
          LJ-14     Coulomb-14        LJ (SR)   Coulomb (SR)   Coul. recip.
    5.07268e+03    1.10488e+05    7.76995e+05   -5.45417e+06    1.41958e+04
      Potential Pressure (bar)   Constr. rmsd
   -4.53304e+06   -1.39060e+03    0.00000e+00

           Step           Time
           2138     2138.00000

   Energies (kJ/mol)
           Bond            U-B    Proper Dih.  Improper Dih.      CMAP Dih.
    1.61857e+03    5.70664e+03    9.61560e+03    2.69493e+02   -2.81482e+03
          LJ-14     Coulomb-14        LJ (SR)   Coulomb (SR)   Coul. recip.
    5.07212e+03    1.10498e+05    7.77034e+05   -5.45426e+06    1.41955e+04
      Potential Pressure (bar)   Constr. rmsd
   -4.53306e+06   -1.39062e+03    0.00000e+00

           Step           Time
           2139     2139.00000

   Energies (kJ/mol)
           Bond            U-B    Proper Dih.  Improper Dih.      CMAP Dih.
    1.62948e+03    5.71224e+03    9.61542e+03    2.69322e+02   -2.81478e+03
          LJ-14     Coulomb-14        LJ (SR)   Coulomb (SR)   Coul. recip.
    5.07272e+03    1.10486e+05    7.77064e+05   -5.45431e+06    1.41931e+04
      Potential Pressure (bar)   Constr. rmsd
   -4.53308e+06   -1.39064e+03    0.00000e+00

           Step           Time
           2140     2140.00000

   Energies (kJ/mol)
           Bond            U-B    Proper Dih.  Improper Dih.      CMAP Dih.
    1.66702e+03    5.71127e+03    9.61568e+03    2.69528e+02   -2.81487e+03
          LJ-14     Coulomb-14        LJ (SR)   Coulomb (SR)   Coul. recip.
    5.07194e+03    1.10499e+05    7.77106e+05   -5.45440e+06    1.41933e+04
      Potential Pressure (bar)   Constr. rmsd
   -4.53308e+06   -1.39066e+03    0.00000e+00

           Step           Time
           2141     2141.00000

           Step           Time
           2142     2142.00000

   Energies (kJ/mol)
           Bond            U-B    Proper Dih.  Improper Dih.      CMAP Dih.
    1.57076e+03    5.70408e+03    9.61553e+03    2.69380e+02   -2.81484e+03
          LJ-14     Coulomb-14        LJ (SR)   Coulomb (SR)   Coul. recip.
    5.07235e+03    1.10491e+05    7.77119e+05   -5.45442e+06    1.41917e+04
      Potential Pressure (bar)   Constr. rmsd
   -4.53320e+06   -1.39067e+03    0.00000e+00

           Step           Time
           2143     2143.00000

   Energies (kJ/mol)
           Bond            U-B    Proper Dih.  Improper Dih.      CMAP Dih.
    1.71869e+03    5.71555e+03    9.61584e+03    2.69541e+02   -2.81498e+03
          LJ-14     Coulomb-14        LJ (SR)   Coulomb (SR)   Coul. recip.
    5.07157e+03    1.10501e+05    7.77336e+05   -5.45485e+06    1.41852e+04
      Potential Pressure (bar)   Constr. rmsd
   -4.53325e+06   -1.39080e+03    0.00000e+00

           Step           Time
           2144     2144.00000

   Energies (kJ/mol)
           Bond            U-B    Proper Dih.  Improper Dih.      CMAP Dih.
    1.58016e+03    5.70577e+03    9.61562e+03    2.69317e+02   -2.81493e+03
          LJ-14     Coulomb-14        LJ (SR)   Coulomb (SR)   Coul. recip.
    5.07220e+03    1.10489e+05    7.77350e+05   -5.45487e+06    1.41832e+04
      Potential Pressure (bar)   Constr. rmsd
   -4.53342e+06   -1.39081e+03    0.00000e+00

           Step           Time
           2145     2145.00000

           Step           Time
           2146     2146.00000

   Energies (kJ/mol)
           Bond            U-B    Proper Dih.  Improper Dih.      CMAP Dih.
    1.60673e+03    5.70556e+03    9.61578e+03    2.69423e+02   -2.81499e+03
          LJ-14     Coulomb-14        LJ (SR)   Coulomb (SR)   Coul. recip.
    5.07177e+03    1.10496e+05    7.77396e+05   -5.45497e+06    1.41825e+04
      Potential Pressure (bar)   Constr. rmsd
   -4.53344e+06   -1.39084e+03    0.00000e+00

           Step           Time
           2147     2147.00000

   Energies (kJ/mol)
           Bond            U-B    Proper Dih.  Improper Dih.      CMAP Dih.
    1.59547e+03    5.70802e+03    9.61565e+03    2.69284e+02   -2.81496e+03
          LJ-14     Coulomb-14        LJ (SR)   Coulomb (SR)   Coul. recip.
    5.07221e+03    1.10487e+05    7.77422e+05   -5.45501e+06    1.41804e+04
      Potential Pressure (bar)   Constr. rmsd
   -4.53348e+06   -1.39086e+03    0.00000e+00

           Step           Time
           2148     2148.00000

   Energies (kJ/mol)
           Bond            U-B    Proper Dih.  Improper Dih.      CMAP Dih.
    1.63768e+03    5.70837e+03    9.61587e+03    2.69444e+02   -2.81503e+03
          LJ-14     Coulomb-14        LJ (SR)   Coulomb (SR)   Coul. recip.
    5.07160e+03    1.10497e+05    7.77467e+05   -5.45511e+06    1.41801e+04
      Potential Pressure (bar)   Constr. rmsd
   -4.53348e+06   -1.39088e+03    0.00000e+00

           Step           Time
           2149     2149.00000

   Energies (kJ/mol)
           Bond            U-B    Proper Dih.  Improper Dih.      CMAP Dih.
    1.62960e+03    5.71232e+03    9.61566e+03    2.69249e+02   -2.81498e+03
          LJ-14     Coulomb-14        LJ (SR)   Coulomb (SR)   Coul. recip.
    5.07226e+03    1.10485e+05    7.77493e+05   -5.45515e+06    1.41778e+04
      Potential Pressure (bar)   Constr. rmsd
   -4.53351e+06   -1.39090e+03    0.00000e+00

           Step           Time
           2150     2150.00000

           Step           Time
           2151     2151.00000

   Energies (kJ/mol)
           Bond            U-B    Proper Dih.  Improper Dih.      CMAP Dih.
    1.57402e+03    5.70359e+03    9.61580e+03    2.69347e+02   -2.81504e+03
          LJ-14     Coulomb-14        LJ (SR)   Coulomb (SR)   Coul. recip.
    5.07182e+03    1.10492e+05    7.77515e+05   -5.45520e+06    1.41778e+04
      Potential Pressure (bar)   Constr. rmsd
   -4.53360e+06   -1.39091e+03    0.00000e+00

           Step           Time
           2152     2152.00000

   Energies (kJ/mol)
           Bond            U-B    Proper Dih.  Improper Dih.      CMAP Dih.
    1.66117e+03    5.71603e+03    9.61571e+03    2.69220e+02   -2.81504e+03
          LJ-14     Coulomb-14        LJ (SR)   Coulomb (SR)   Coul. recip.
    5.07219e+03    1.10483e+05    7.77626e+05   -5.45541e+06    1.41727e+04
      Potential Pressure (bar)   Constr. rmsd
   -4.53361e+06   -1.39098e+03    0.00000e+00

           Step           Time
           2153     2153.00000

   Energies (kJ/mol)
           Bond            U-B    Proper Dih.  Improper Dih.      CMAP Dih.
    1.58811e+03    5.70425e+03    9.61591e+03    2.69360e+02   -2.81511e+03
          LJ-14     Coulomb-14        LJ (SR)   Coulomb (SR)   Coul. recip.
    5.07156e+03    1.10494e+05    7.77653e+05   -5.45547e+06    1.41730e+04
      Potential Pressure (bar)   Constr. rmsd
   -4.53372e+06   -1.39099e+03    0.00000e+00

           Step           Time
           2154     2154.00000

           Step           Time
           2155     2155.00000

   Energies (kJ/mol)
           Bond            U-B    Proper Dih.  Improper Dih.      CMAP Dih.
    1.58709e+03    5.70685e+03    9.61581e+03    2.69257e+02   -2.81509e+03
          LJ-14     Coulomb-14        LJ (SR)   Coulomb (SR)   Coul. recip.
    5.07189e+03    1.10487e+05    7.77683e+05   -5.45553e+06    1.41712e+04
      Potential Pressure (bar)   Constr. rmsd
   -4.53375e+06   -1.39101e+03    0.00000e+00

           Step           Time
           2156     2156.00000

   Energies (kJ/mol)
           Bond            U-B    Proper Dih.  Improper Dih.      CMAP Dih.
    1.60459e+03    5.70551e+03    9.61596e+03    2.69372e+02   -2.81515e+03
          LJ-14     Coulomb-14        LJ (SR)   Coulomb (SR)   Coul. recip.
    5.07142e+03    1.10495e+05    7.77723e+05   -5.45561e+06    1.41706e+04
      Potential Pressure (bar)   Constr. rmsd
   -4.53377e+06   -1.39104e+03    0.00000e+00

           Step           Time
           2157     2157.00000

   Energies (kJ/mol)
           Bond            U-B    Proper Dih.  Improper Dih.      CMAP Dih.
    1.60718e+03    5.70954e+03    9.61582e+03    2.69225e+02   -2.81512e+03
          LJ-14     Coulomb-14        LJ (SR)   Coulomb (SR)   Coul. recip.
    5.07191e+03    1.10485e+05    7.77752e+05   -5.45566e+06    1.41685e+04
      Potential Pressure (bar)   Constr. rmsd
   -4.53380e+06   -1.39106e+03    0.00000e+00

           Step           Time
           2158     2158.00000

   Energies (kJ/mol)
           Bond            U-B    Proper Dih.  Improper Dih.      CMAP Dih.
    1.63745e+03    5.70845e+03    9.61605e+03    2.69398e+02   -2.81520e+03
          LJ-14     Coulomb-14        LJ (SR)   Coulomb (SR)   Coul. recip.
    5.07126e+03    1.10496e+05    7.77794e+05   -5.45575e+06    1.41683e+04
      Potential Pressure (bar)   Constr. rmsd
   -4.53381e+06   -1.39108e+03    0.00000e+00

           Step           Time
           2159     2159.00000

   Energies (kJ/mol)
           Bond            U-B    Proper Dih.  Improper Dih.      CMAP Dih.
    1.65040e+03    5.71476e+03    9.61582e+03    2.69187e+02   -2.81514e+03
          LJ-14     Coulomb-14        LJ (SR)   Coulomb (SR)   Coul. recip.
    5.07197e+03    1.10483e+05    7.77821e+05   -5.45579e+06    1.41659e+04
      Potential Pressure (bar)   Constr. rmsd
   -4.53382e+06   -1.39110e+03    0.00000e+00

           Step           Time
           2160     2160.00000

           Step           Time
           2161     2161.00000

   Energies (kJ/mol)
           Bond            U-B    Proper Dih.  Improper Dih.      CMAP Dih.
    1.57266e+03    5.70368e+03    9.61596e+03    2.69289e+02   -2.81520e+03
          LJ-14     Coulomb-14        LJ (SR)   Coulomb (SR)   Coul. recip.
    5.07149e+03    1.10491e+05    7.77842e+05   -5.45584e+06    1.41659e+04
      Potential Pressure (bar)   Constr. rmsd
   -4.53393e+06   -1.39111e+03    0.00000e+00

           Step           Time
           2162     2162.00000

   Energies (kJ/mol)
           Bond            U-B    Proper Dih.  Improper Dih.      CMAP Dih.
    1.68783e+03    5.71913e+03    9.61592e+03    2.69148e+02   -2.81523e+03
          LJ-14     Coulomb-14        LJ (SR)   Coulomb (SR)   Coul. recip.
    5.07181e+03    1.10481e+05    7.78020e+05   -5.45618e+06    1.41585e+04
      Potential Pressure (bar)   Constr. rmsd
   -4.53398e+06   -1.39122e+03    0.00000e+00

           Step           Time
           2163     2163.00000

   Energies (kJ/mol)
           Bond            U-B    Proper Dih.  Improper Dih.      CMAP Dih.
    1.58612e+03    5.70410e+03    9.61611e+03    2.69296e+02   -2.81531e+03
          LJ-14     Coulomb-14        LJ (SR)   Coulomb (SR)   Coul. recip.
    5.07116e+03    1.10492e+05    7.78046e+05   -5.45624e+06    1.41589e+04
      Potential Pressure (bar)   Constr. rmsd
   -4.53412e+06   -1.39123e+03    0.00000e+00

           Step           Time
           2164     2164.00000

           Step           Time
           2165     2165.00000

   Energies (kJ/mol)
           Bond            U-B    Proper Dih.  Improper Dih.      CMAP Dih.
    1.59573e+03    5.70804e+03    9.61601e+03    2.69184e+02   -2.81529e+03
          LJ-14     Coulomb-14        LJ (SR)   Coulomb (SR)   Coul. recip.
    5.07150e+03    1.10485e+05    7.78081e+05   -5.45631e+06    1.41567e+04
      Potential Pressure (bar)   Constr. rmsd
   -4.53414e+06   -1.39126e+03    0.00000e+00

           Step           Time
           2166     2166.00000

   Energies (kJ/mol)
           Bond            U-B    Proper Dih.  Improper Dih.      CMAP Dih.
    1.60270e+03    5.70542e+03    9.61618e+03    2.69307e+02   -2.81535e+03
          LJ-14     Coulomb-14        LJ (SR)   Coulomb (SR)   Coul. recip.
    5.07103e+03    1.10494e+05    7.78116e+05   -5.45638e+06    1.41564e+04
      Potential Pressure (bar)   Constr. rmsd
   -4.53417e+06   -1.39128e+03    0.00000e+00

           Step           Time
           2167     2167.00000

   Energies (kJ/mol)
           Bond            U-B    Proper Dih.  Improper Dih.      CMAP Dih.
    1.62175e+03    5.71135e+03    9.61602e+03    2.69153e+02   -2.81532e+03
          LJ-14     Coulomb-14        LJ (SR)   Coulomb (SR)   Coul. recip.
    5.07153e+03    1.10484e+05    7.78149e+05   -5.45644e+06    1.41541e+04
      Potential Pressure (bar)   Constr. rmsd
   -4.53418e+06   -1.39130e+03    0.00000e+00

           Step           Time
           2168     2168.00000

   Energies (kJ/mol)
           Bond            U-B    Proper Dih.  Improper Dih.      CMAP Dih.
    1.63733e+03    5.70853e+03    9.61624e+03    2.69333e+02   -2.81540e+03
          LJ-14     Coulomb-14        LJ (SR)   Coulomb (SR)   Coul. recip.
    5.07086e+03    1.10495e+05    7.78187e+05   -5.45653e+06    1.41541e+04
      Potential Pressure (bar)   Constr. rmsd
   -4.53420e+06   -1.39132e+03    0.00000e+00

           Step           Time
           2169     2169.00000

           Step           Time
           2170     2170.00000

   Energies (kJ/mol)
           Bond            U-B    Proper Dih.  Improper Dih.      CMAP Dih.
    1.57220e+03    5.70438e+03    9.61612e+03    2.69208e+02   -2.81537e+03
          LJ-14     Coulomb-14        LJ (SR)   Coulomb (SR)   Coul. recip.
    5.07121e+03    1.10488e+05    7.78201e+05   -5.45655e+06    1.41527e+04
      Potential Pressure (bar)   Constr. rmsd
   -4.53429e+06   -1.39133e+03    0.00000e+00

           Step           Time
           2171     2171.00000

   Energies (kJ/mol)
           Bond            U-B    Proper Dih.  Improper Dih.      CMAP Dih.
    1.67281e+03    5.71156e+03    9.61637e+03    2.69346e+02   -2.81548e+03
          LJ-14     Coulomb-14        LJ (SR)   Coulomb (SR)   Coul. recip.
    5.07061e+03    1.10496e+05    7.78340e+05   -5.45683e+06    1.41489e+04
      Potential Pressure (bar)   Constr. rmsd
   -4.53432e+06   -1.39141e+03    0.00000e+00

           Step           Time
           2172     2172.00000

   Energies (kJ/mol)
           Bond            U-B    Proper Dih.  Improper Dih.      CMAP Dih.
    1.58135e+03    5.70601e+03    9.61617e+03    2.69161e+02   -2.81544e+03
          LJ-14     Coulomb-14        LJ (SR)   Coulomb (SR)   Coul. recip.
    5.07114e+03    1.10486e+05    7.78355e+05   -5.45685e+06    1.41470e+04
      Potential Pressure (bar)   Constr. rmsd
   -4.53443e+06   -1.39142e+03    0.00000e+00

           Step           Time
           2173     2173.00000

           Step           Time
           2174     2174.00000

   Energies (kJ/mol)
           Bond            U-B    Proper Dih.  Improper Dih.      CMAP Dih.
    1.59412e+03    5.70475e+03    9.61631e+03    2.69258e+02   -2.81550e+03
          LJ-14     Coulomb-14        LJ (SR)   Coulomb (SR)   Coul. recip.
    5.07076e+03    1.10492e+05    7.78394e+05   -5.45693e+06    1.41463e+04
      Potential Pressure (bar)   Constr. rmsd
   -4.53446e+06   -1.39144e+03    0.00000e+00

           Step           Time
           2175     2175.00000

   Energies (kJ/mol)
           Bond            U-B    Proper Dih.  Improper Dih.      CMAP Dih.
    1.59410e+03    5.70784e+03    9.61619e+03    2.69141e+02   -2.81547e+03
          LJ-14     Coulomb-14        LJ (SR)   Coulomb (SR)   Coul. recip.
    5.07113e+03    1.10484e+05    7.78423e+05   -5.45698e+06    1.41444e+04
      Potential Pressure (bar)   Constr. rmsd
   -4.53449e+06   -1.39146e+03    0.00000e+00

           Step           Time
           2176     2176.00000

   Energies (kJ/mol)
           Bond            U-B    Proper Dih.  Improper Dih.      CMAP Dih.
    1.61594e+03    5.70656e+03    9.61638e+03    2.69275e+02   -2.81554e+03
          LJ-14     Coulomb-14        LJ (SR)   Coulomb (SR)   Coul. recip.
    5.07061e+03    1.10493e+05    7.78463e+05   -5.45707e+06    1.41441e+04
      Potential Pressure (bar)   Constr. rmsd
   -4.53450e+06   -1.39148e+03    0.00000e+00

           Step           Time
           2177     2177.00000

   Energies (kJ/mol)
           Bond            U-B    Proper Dih.  Improper Dih.      CMAP Dih.
    1.62164e+03    5.71136e+03    9.61620e+03    2.69105e+02   -2.81550e+03
          LJ-14     Coulomb-14        LJ (SR)   Coulomb (SR)   Coul. recip.
    5.07116e+03    1.10483e+05    7.78491e+05   -5.45711e+06    1.41418e+04
      Potential Pressure (bar)   Constr. rmsd
   -4.53452e+06   -1.39151e+03    0.00000e+00

           Step           Time
           2178     2178.00000

   Energies (kJ/mol)
           Bond            U-B    Proper Dih.  Improper Dih.      CMAP Dih.
    1.65959e+03    5.71068e+03    9.61646e+03    2.69307e+02   -2.81559e+03
          LJ-14     Coulomb-14        LJ (SR)   Coulomb (SR)   Coul. recip.
    5.07044e+03    1.10495e+05    7.78532e+05   -5.45721e+06    1.41419e+04
      Potential Pressure (bar)   Constr. rmsd
   -4.53453e+06   -1.39153e+03    0.00000e+00

           Step           Time
           2179     2179.00000

           Step           Time
           2180     2180.00000

   Energies (kJ/mol)
           Bond            U-B    Proper Dih.  Improper Dih.      CMAP Dih.
    1.57169e+03    5.70422e+03    9.61631e+03    2.69167e+02   -2.81556e+03
          LJ-14     Coulomb-14        LJ (SR)   Coulomb (SR)   Coul. recip.
    5.07082e+03    1.10487e+05    7.78545e+05   -5.45723e+06    1.41404e+04
      Potential Pressure (bar)   Constr. rmsd
   -4.53464e+06   -1.39154e+03    0.00000e+00


Steepest Descents converged to Fmax < 1000 in 2181 steps
Potential Energy  = -4.5346360e+06
Maximum force     =  8.4847845e+02 on atom 2810
Norm of force     =  9.5039729e+00

    D O M A I N   D E C O M P O S I T I O N   S T A T I S T I C S

 av. #atoms communicated per step for force:  2 x 314982.1

Finished mdrun on rank 0 Wed Sep  2 19:09:27 2020

